ISO-10303-21;
HEADER;
FILE_DESCRIPTION(('CAx-IF Rec.Pracs.---Model Styling and Organization---1.5---2016-08-15','CAx-IF Rec.Pracs.---Geometric and Assembly Validation Properties---4.4---2016-08-17','CAx-IF Rec.Pracs.---User Defined Attributes---1.5---2016-08-15','CAx-IF Rec.Pracs.---External References---2.1---2005-01-19'),'2;1');
FILE_NAME('1794426.step','2026-09-22T18:08:37',('Unspecified'),('Unspecified'),'CAD Exchanger 3.10.2 (cadexchanger.com)','Unspecified','');
FILE_SCHEMA(('AUTOMOTIVE_DESIGN { 1 0 10303 214 1 1 1 1 }'));
ENDSEC;
DATA;
#1=APPLICATION_CONTEXT('core data for automotive mechanical design processes');
#2=APPLICATION_PROTOCOL_DEFINITION('international standard','automotive_design',2000,#1);
#3=PRODUCT_CONTEXT('',#1,'mechanical');
#4=PRODUCT('2100LL-1R0-V-RC','2100LL-1R0-V-RC',$,(#3));
#5=PRODUCT_DEFINITION_FORMATION('',$,#4);
#6=PRODUCT_DEFINITION_CONTEXT('part definition',#1,'design');
#7=PRODUCT_DEFINITION('design',$,#5,#6);
#8=PRODUCT_DEFINITION_SHAPE('',$,#7);
#9=MANIFOLD_SOLID_BREP('',#10);
#10=CLOSED_SHELL('',(#11,#55,#121,#146,#172,#197,#223,#248,#274,#291));
#11=ADVANCED_FACE('',(#12),#50,.T.);
#12=FACE_BOUND('',#13,.T.);
#13=EDGE_LOOP('',(#14,#25,#34,#43));
#14=ORIENTED_EDGE('',*,*,#15,.T.);
#15=EDGE_CURVE('',#16,#18,#20,.T.);
#16=VERTEX_POINT('',#17);
#17=CARTESIAN_POINT('',(-0.127,9.8298,-9.2964));
#18=VERTEX_POINT('',#19);
#19=CARTESIAN_POINT('',(0.127,9.8298,-9.2964));
#20=CIRCLE('',#21,0.127);
#21=AXIS2_PLACEMENT_3D('',#22,#23,#24);
#22=CARTESIAN_POINT('',(0.0,9.8298,-9.2964));
#23=DIRECTION('',(0.0,0.0,-1.0));
#24=DIRECTION('',(-1.0,0.0,0.0));
#25=ORIENTED_EDGE('',*,*,#26,.T.);
#26=EDGE_CURVE('',#18,#27,#29,.F.);
#27=VERTEX_POINT('',#28);
#28=CARTESIAN_POINT('',(0.127,8.6868,-10.4394));
#29=CIRCLE('',#30,1.143);
#30=AXIS2_PLACEMENT_3D('',#31,#32,#33);
#31=CARTESIAN_POINT('',(0.127,8.6868,-9.2964));
#32=DIRECTION('',(1.0,0.0,0.0));
#33=DIRECTION('',(0.0,0.0,-1.0));
#34=ORIENTED_EDGE('',*,*,#35,.T.);
#35=EDGE_CURVE('',#27,#36,#38,.T.);
#36=VERTEX_POINT('',#37);
#37=CARTESIAN_POINT('',(-0.127,8.6868,-10.4394));
#38=CIRCLE('',#39,0.127);
#39=AXIS2_PLACEMENT_3D('',#40,#41,#42);
#40=CARTESIAN_POINT('',(0.0,8.6868,-10.4394));
#41=DIRECTION('',(0.0,1.0,0.0));
#42=DIRECTION('',(1.0,0.0,0.0));
#43=ORIENTED_EDGE('',*,*,#44,.T.);
#44=EDGE_CURVE('',#36,#16,#45,.F.);
#45=CIRCLE('',#46,1.143);
#46=AXIS2_PLACEMENT_3D('',#47,#48,#49);
#47=CARTESIAN_POINT('',(-0.127,8.6868,-9.2964));
#48=DIRECTION('',(-1.0,0.0,0.0));
#49=DIRECTION('',(0.0,1.0,0.0));
#50=TOROIDAL_SURFACE('',#51,1.143,0.127);
#51=AXIS2_PLACEMENT_3D('',#52,#53,#54);
#52=CARTESIAN_POINT('',(0.0,8.6868,-9.2964));
#53=DIRECTION('',(-1.0,0.0,0.0));
#54=DIRECTION('',(0.0,0.999873735,0.015890701));
#55=ADVANCED_FACE('',(#56),#116,.T.);
#56=FACE_BOUND('',#57,.T.);
#57=EDGE_LOOP('',(#58,#69,#77,#86,#94,#103,#109,#110));
#58=ORIENTED_EDGE('',*,*,#59,.T.);
#59=EDGE_CURVE('',#60,#62,#64,.T.);
#60=VERTEX_POINT('',#61);
#61=CARTESIAN_POINT('',(-0.127,1.27,-10.4394));
#62=VERTEX_POINT('',#63);
#63=CARTESIAN_POINT('',(-0.127,0.127,-9.2964));
#64=CIRCLE('',#65,1.143);
#65=AXIS2_PLACEMENT_3D('',#66,#67,#68);
#66=CARTESIAN_POINT('',(-0.127,1.27,-9.2964));
#67=DIRECTION('',(-1.0,0.0,0.0));
#68=DIRECTION('',(0.0,0.0,-1.0));
#69=ORIENTED_EDGE('',*,*,#70,.T.);
#70=EDGE_CURVE('',#62,#71,#73,.T.);
#71=VERTEX_POINT('',#72);
#72=CARTESIAN_POINT('',(-0.127,0.127,-8.0264));
#73=LINE('',#74,#75);
#74=CARTESIAN_POINT('',(-0.127,0.127,-9.2964));
#75=VECTOR('',#76,1.0);
#76=DIRECTION('',(0.0,0.0,1.0));
#77=ORIENTED_EDGE('',*,*,#78,.T.);
#78=EDGE_CURVE('',#71,#79,#81,.T.);
#79=VERTEX_POINT('',#80);
#80=CARTESIAN_POINT('',(-0.127,1.27,-6.8834));
#81=CIRCLE('',#82,1.143);
#82=AXIS2_PLACEMENT_3D('',#83,#84,#85);
#83=CARTESIAN_POINT('',(-0.127,1.27,-8.0264));
#84=DIRECTION('',(-1.0,0.0,0.0));
#85=DIRECTION('',(0.0,-1.0,0.0));
#86=ORIENTED_EDGE('',*,*,#87,.T.);
#87=EDGE_CURVE('',#79,#88,#90,.T.);
#88=VERTEX_POINT('',#89);
#89=CARTESIAN_POINT('',(-0.127,8.6868,-6.8834));
#90=LINE('',#91,#92);
#91=CARTESIAN_POINT('',(-0.127,1.27,-6.8834));
#92=VECTOR('',#93,1.0);
#93=DIRECTION('',(0.0,1.0,0.0));
#94=ORIENTED_EDGE('',*,*,#95,.T.);
#95=EDGE_CURVE('',#88,#96,#98,.T.);
#96=VERTEX_POINT('',#97);
#97=CARTESIAN_POINT('',(-0.127,9.8298,-8.0264));
#98=CIRCLE('',#99,1.143);
#99=AXIS2_PLACEMENT_3D('',#100,#101,#102);
#100=CARTESIAN_POINT('',(-0.127,8.6868,-8.0264));
#101=DIRECTION('',(-1.0,0.0,0.0));
#102=DIRECTION('',(0.0,0.0,1.0));
#103=ORIENTED_EDGE('',*,*,#104,.T.);
#104=EDGE_CURVE('',#96,#16,#105,.T.);
#105=LINE('',#106,#107);
#106=CARTESIAN_POINT('',(-0.127,9.8298,-8.0264));
#107=VECTOR('',#108,1.0);
#108=DIRECTION('',(0.0,0.0,-1.0));
#109=ORIENTED_EDGE('',*,*,#44,.F.);
#110=ORIENTED_EDGE('',*,*,#111,.T.);
#111=EDGE_CURVE('',#36,#60,#112,.T.);
#112=LINE('',#113,#114);
#113=CARTESIAN_POINT('',(-0.127,8.6868,-10.4394));
#114=VECTOR('',#115,1.0);
#115=DIRECTION('',(0.0,-1.0,0.0));
#116=PLANE('',#117);
#117=AXIS2_PLACEMENT_3D('',#118,#119,#120);
#118=CARTESIAN_POINT('',(-0.127,0.0,-10.5664));
#119=DIRECTION('',(-1.0,0.0,0.0));
#120=DIRECTION('',(0.0,0.0,1.0));
#121=ADVANCED_FACE('',(#122),#141,.T.);
#122=FACE_BOUND('',#123,.T.);
#123=EDGE_LOOP('',(#124,#125,#133,#140));
#124=ORIENTED_EDGE('',*,*,#35,.F.);
#125=ORIENTED_EDGE('',*,*,#126,.T.);
#126=EDGE_CURVE('',#27,#127,#129,.F.);
#127=VERTEX_POINT('',#128);
#128=CARTESIAN_POINT('',(0.127,1.27,-10.4394));
#129=LINE('',#130,#131);
#130=CARTESIAN_POINT('',(0.127,1.27,-10.4394));
#131=VECTOR('',#132,1.0);
#132=DIRECTION('',(0.0,1.0,0.0));
#133=ORIENTED_EDGE('',*,*,#134,.T.);
#134=EDGE_CURVE('',#127,#60,#135,.F.);
#135=CIRCLE('',#136,0.127);
#136=AXIS2_PLACEMENT_3D('',#137,#138,#139);
#137=CARTESIAN_POINT('',(0.0,1.27,-10.4394));
#138=DIRECTION('',(0.0,-1.0,0.0));
#139=DIRECTION('',(-1.0,0.0,0.0));
#140=ORIENTED_EDGE('',*,*,#111,.F.);
#141=CYLINDRICAL_SURFACE('',#142,0.127);
#142=AXIS2_PLACEMENT_3D('',#143,#144,#145);
#143=CARTESIAN_POINT('',(0.0,8.717093534,-10.4394));
#144=DIRECTION('',(0.0,-1.0,0.0));
#145=DIRECTION('',(-1.0,0.0,0.0));
#146=ADVANCED_FACE('',(#147),#167,.T.);
#147=FACE_BOUND('',#148,.T.);
#148=EDGE_LOOP('',(#149,#150,#159,#166));
#149=ORIENTED_EDGE('',*,*,#134,.F.);
#150=ORIENTED_EDGE('',*,*,#151,.T.);
#151=EDGE_CURVE('',#127,#152,#154,.F.);
#152=VERTEX_POINT('',#153);
#153=CARTESIAN_POINT('',(0.127,0.127,-9.2964));
#154=CIRCLE('',#155,1.143);
#155=AXIS2_PLACEMENT_3D('',#156,#157,#158);
#156=CARTESIAN_POINT('',(0.127,1.27,-9.2964));
#157=DIRECTION('',(1.0,0.0,0.0));
#158=DIRECTION('',(0.0,-1.0,0.0));
#159=ORIENTED_EDGE('',*,*,#160,.T.);
#160=EDGE_CURVE('',#152,#62,#161,.F.);
#161=CIRCLE('',#162,0.127);
#162=AXIS2_PLACEMENT_3D('',#163,#164,#165);
#163=CARTESIAN_POINT('',(0.0,0.127,-9.2964));
#164=DIRECTION('',(0.0,0.0,1.0));
#165=DIRECTION('',(-1.0,0.0,0.0));
#166=ORIENTED_EDGE('',*,*,#59,.F.);
#167=TOROIDAL_SURFACE('',#168,1.143,0.127);
#168=AXIS2_PLACEMENT_3D('',#169,#170,#171);
#169=CARTESIAN_POINT('',(0.0,1.27,-9.2964));
#170=DIRECTION('',(1.0,0.0,0.0));
#171=DIRECTION('',(0.0,0.022572657,-0.999745205));
#172=ADVANCED_FACE('',(#173),#192,.T.);
#173=FACE_BOUND('',#174,.T.);
#174=EDGE_LOOP('',(#175,#176,#184,#191));
#175=ORIENTED_EDGE('',*,*,#160,.F.);
#176=ORIENTED_EDGE('',*,*,#177,.T.);
#177=EDGE_CURVE('',#152,#178,#180,.F.);
#178=VERTEX_POINT('',#179);
#179=CARTESIAN_POINT('',(0.127,0.127,-8.0264));
#180=LINE('',#181,#182);
#181=CARTESIAN_POINT('',(0.127,0.127,-8.0264));
#182=VECTOR('',#183,1.0);
#183=DIRECTION('',(0.0,0.0,-1.0));
#184=ORIENTED_EDGE('',*,*,#185,.T.);
#185=EDGE_CURVE('',#178,#71,#186,.F.);
#186=CIRCLE('',#187,0.127);
#187=AXIS2_PLACEMENT_3D('',#188,#189,#190);
#188=CARTESIAN_POINT('',(0.0,0.127,-8.0264));
#189=DIRECTION('',(0.0,0.0,1.0));
#190=DIRECTION('',(-1.0,0.0,0.0));
#191=ORIENTED_EDGE('',*,*,#70,.F.);
#192=CYLINDRICAL_SURFACE('',#193,0.127);
#193=AXIS2_PLACEMENT_3D('',#194,#195,#196);
#194=CARTESIAN_POINT('',(0.0,0.127,-9.326693534));
#195=DIRECTION('',(0.0,0.0,1.0));
#196=DIRECTION('',(-1.0,0.0,0.0));
#197=ADVANCED_FACE('',(#198),#218,.T.);
#198=FACE_BOUND('',#199,.T.);
#199=EDGE_LOOP('',(#200,#201,#210,#217));
#200=ORIENTED_EDGE('',*,*,#185,.F.);
#201=ORIENTED_EDGE('',*,*,#202,.T.);
#202=EDGE_CURVE('',#178,#203,#205,.F.);
#203=VERTEX_POINT('',#204);
#204=CARTESIAN_POINT('',(0.127,1.27,-6.8834));
#205=CIRCLE('',#206,1.143);
#206=AXIS2_PLACEMENT_3D('',#207,#208,#209);
#207=CARTESIAN_POINT('',(0.127,1.27,-8.0264));
#208=DIRECTION('',(1.0,0.0,0.0));
#209=DIRECTION('',(0.0,0.0,1.0));
#210=ORIENTED_EDGE('',*,*,#211,.T.);
#211=EDGE_CURVE('',#203,#79,#212,.F.);
#212=CIRCLE('',#213,0.127);
#213=AXIS2_PLACEMENT_3D('',#214,#215,#216);
#214=CARTESIAN_POINT('',(0.0,1.27,-6.8834));
#215=DIRECTION('',(0.0,1.0,0.0));
#216=DIRECTION('',(-1.0,0.0,-1.110223025E-14));
#217=ORIENTED_EDGE('',*,*,#78,.F.);
#218=TOROIDAL_SURFACE('',#219,1.143,0.127);
#219=AXIS2_PLACEMENT_3D('',#220,#221,#222);
#220=CARTESIAN_POINT('',(0.0,1.27,-8.0264));
#221=DIRECTION('',(-1.0,0.0,0.0));
#222=DIRECTION('',(0.0,-0.999873735,-0.015890701));
#223=ADVANCED_FACE('',(#224),#243,.T.);
#224=FACE_BOUND('',#225,.T.);
#225=EDGE_LOOP('',(#226,#227,#235,#242));
#226=ORIENTED_EDGE('',*,*,#211,.F.);
#227=ORIENTED_EDGE('',*,*,#228,.T.);
#228=EDGE_CURVE('',#203,#229,#231,.F.);
#229=VERTEX_POINT('',#230);
#230=CARTESIAN_POINT('',(0.127,8.6868,-6.8834));
#231=LINE('',#232,#233);
#232=CARTESIAN_POINT('',(0.127,8.6868,-6.8834));
#233=VECTOR('',#234,1.0);
#234=DIRECTION('',(0.0,-1.0,0.0));
#235=ORIENTED_EDGE('',*,*,#236,.T.);
#236=EDGE_CURVE('',#229,#88,#237,.F.);
#237=CIRCLE('',#238,0.127);
#238=AXIS2_PLACEMENT_3D('',#239,#240,#241);
#239=CARTESIAN_POINT('',(0.0,8.6868,-6.8834));
#240=DIRECTION('',(0.0,1.0,0.0));
#241=DIRECTION('',(-1.0,0.0,0.0));
#242=ORIENTED_EDGE('',*,*,#87,.F.);
#243=CYLINDRICAL_SURFACE('',#244,0.127);
#244=AXIS2_PLACEMENT_3D('',#245,#246,#247);
#245=CARTESIAN_POINT('',(0.0,1.252451359,-6.8834));
#246=DIRECTION('',(0.0,1.0,0.0));
#247=DIRECTION('',(-1.0,0.0,1.110223025E-14));
#248=ADVANCED_FACE('',(#249),#269,.T.);
#249=FACE_BOUND('',#250,.T.);
#250=EDGE_LOOP('',(#251,#252,#261,#268));
#251=ORIENTED_EDGE('',*,*,#236,.F.);
#252=ORIENTED_EDGE('',*,*,#253,.T.);
#253=EDGE_CURVE('',#229,#254,#256,.F.);
#254=VERTEX_POINT('',#255);
#255=CARTESIAN_POINT('',(0.127,9.8298,-8.0264));
#256=CIRCLE('',#257,1.143);
#257=AXIS2_PLACEMENT_3D('',#258,#259,#260);
#258=CARTESIAN_POINT('',(0.127,8.6868,-8.0264));
#259=DIRECTION('',(1.0,0.0,0.0));
#260=DIRECTION('',(0.0,1.0,0.0));
#261=ORIENTED_EDGE('',*,*,#262,.T.);
#262=EDGE_CURVE('',#254,#96,#263,.F.);
#263=CIRCLE('',#264,0.127);
#264=AXIS2_PLACEMENT_3D('',#265,#266,#267);
#265=CARTESIAN_POINT('',(0.0,9.8298,-8.0264));
#266=DIRECTION('',(0.0,0.0,-1.0));
#267=DIRECTION('',(-1.0,0.0,0.0));
#268=ORIENTED_EDGE('',*,*,#95,.F.);
#269=TOROIDAL_SURFACE('',#270,1.143,0.127);
#270=AXIS2_PLACEMENT_3D('',#271,#272,#273);
#271=CARTESIAN_POINT('',(0.0,8.6868,-8.0264));
#272=DIRECTION('',(1.0,0.0,0.0));
#273=DIRECTION('',(0.0,-0.022572657,0.999745205));
#274=ADVANCED_FACE('',(#275),#286,.T.);
#275=FACE_BOUND('',#276,.T.);
#276=EDGE_LOOP('',(#277,#278,#284,#285));
#277=ORIENTED_EDGE('',*,*,#262,.F.);
#278=ORIENTED_EDGE('',*,*,#279,.T.);
#279=EDGE_CURVE('',#254,#18,#280,.F.);
#280=LINE('',#281,#282);
#281=CARTESIAN_POINT('',(0.127,9.8298,-9.2964));
#282=VECTOR('',#283,1.0);
#283=DIRECTION('',(0.0,0.0,1.0));
#284=ORIENTED_EDGE('',*,*,#15,.F.);
#285=ORIENTED_EDGE('',*,*,#104,.F.);
#286=CYLINDRICAL_SURFACE('',#287,0.127);
#287=AXIS2_PLACEMENT_3D('',#288,#289,#290);
#288=CARTESIAN_POINT('',(0.0,9.8298,-8.008851359));
#289=DIRECTION('',(0.0,0.0,-1.0));
#290=DIRECTION('',(-1.0,0.0,0.0));
#291=ADVANCED_FACE('',(#292),#302,.T.);
#292=FACE_BOUND('',#293,.T.);
#293=EDGE_LOOP('',(#294,#295,#296,#297,#298,#299,#300,#301));
#294=ORIENTED_EDGE('',*,*,#26,.F.);
#295=ORIENTED_EDGE('',*,*,#279,.F.);
#296=ORIENTED_EDGE('',*,*,#253,.F.);
#297=ORIENTED_EDGE('',*,*,#228,.F.);
#298=ORIENTED_EDGE('',*,*,#202,.F.);
#299=ORIENTED_EDGE('',*,*,#177,.F.);
#300=ORIENTED_EDGE('',*,*,#151,.F.);
#301=ORIENTED_EDGE('',*,*,#126,.F.);
#302=PLANE('',#303);
#303=AXIS2_PLACEMENT_3D('',#304,#305,#306);
#304=CARTESIAN_POINT('',(0.127,0.0,-6.7564));
#305=DIRECTION('',(1.0,0.0,0.0));
#306=DIRECTION('',(0.0,0.0,-1.0));
#307=MANIFOLD_SOLID_BREP('',#308);
#308=CLOSED_SHELL('',(#309,#353,#419,#444,#503,#521,#539,#557,#575,#593));
#309=ADVANCED_FACE('',(#310),#348,.T.);
#310=FACE_BOUND('',#311,.T.);
#311=EDGE_LOOP('',(#312,#323,#332,#341));
#312=ORIENTED_EDGE('',*,*,#313,.T.);
#313=EDGE_CURVE('',#314,#316,#318,.T.);
#314=VERTEX_POINT('',#315);
#315=CARTESIAN_POINT('',(-0.783336934,8.6868,-10.410743711));
#316=VERTEX_POINT('',#317);
#317=CARTESIAN_POINT('',(-1.036370387,8.6868,-10.388606152));
#318=CIRCLE('',#319,0.127);
#319=AXIS2_PLACEMENT_3D('',#320,#321,#322);
#320=CARTESIAN_POINT('',(-0.909853661,8.6868,-10.399674931));
#321=DIRECTION('',(0.0,1.0,0.0));
#322=DIRECTION('',(0.996194698,0.0,-0.087155743));
#323=ORIENTED_EDGE('',*,*,#324,.T.);
#324=EDGE_CURVE('',#316,#325,#327,.F.);
#325=VERTEX_POINT('',#326);
#326=CARTESIAN_POINT('',(-0.936751374,9.8298,-9.249955612));
#327=CIRCLE('',#328,1.143);
#328=AXIS2_PLACEMENT_3D('',#329,#330,#331);
#329=CARTESIAN_POINT('',(-0.936751374,8.6868,-9.249955612));
#330=DIRECTION('',(-0.996194698,0.0,0.087155743));
#331=DIRECTION('',(0.0,1.0,0.0));
#332=ORIENTED_EDGE('',*,*,#333,.T.);
#333=EDGE_CURVE('',#325,#334,#336,.T.);
#334=VERTEX_POINT('',#335);
#335=CARTESIAN_POINT('',(-0.68371792,9.8298,-9.272093171));
#336=CIRCLE('',#337,0.127);
#337=AXIS2_PLACEMENT_3D('',#338,#339,#340);
#338=CARTESIAN_POINT('',(-0.810234647,9.8298,-9.261024391));
#339=DIRECTION('',(-0.087155743,0.0,-0.996194698));
#340=DIRECTION('',(-0.996194698,0.0,0.087155743));
#341=ORIENTED_EDGE('',*,*,#342,.T.);
#342=EDGE_CURVE('',#334,#314,#343,.F.);
#343=CIRCLE('',#344,1.143);
#344=AXIS2_PLACEMENT_3D('',#345,#346,#347);
#345=CARTESIAN_POINT('',(-0.68371792,8.6868,-9.272093171));
#346=DIRECTION('',(0.996194698,0.0,-0.087155743));
#347=DIRECTION('',(-0.087155743,0.0,-0.996194698));
#348=TOROIDAL_SURFACE('',#349,1.143,0.127);
#349=AXIS2_PLACEMENT_3D('',#350,#351,#352);
#350=CARTESIAN_POINT('',(-0.810234647,8.6868,-9.261024391));
#351=DIRECTION('',(-0.996194698,0.0,0.087155743));
#352=DIRECTION('',(0.001384966,0.999873735,0.015830232));
#353=ADVANCED_FACE('',(#354),#414,.T.);
#354=FACE_BOUND('',#355,.T.);
#355=EDGE_LOOP('',(#356,#357,#365,#374,#382,#391,#399,#408));
#356=ORIENTED_EDGE('',*,*,#342,.F.);
#357=ORIENTED_EDGE('',*,*,#358,.T.);
#358=EDGE_CURVE('',#334,#359,#361,.T.);
#359=VERTEX_POINT('',#360);
#360=CARTESIAN_POINT('',(-0.573030127,9.8298,-8.006925904));
#361=LINE('',#362,#363);
#362=CARTESIAN_POINT('',(-0.68371792,9.8298,-9.272093171));
#363=VECTOR('',#364,1.0);
#364=DIRECTION('',(0.087155743,0.0,0.996194698));
#365=ORIENTED_EDGE('',*,*,#366,.T.);
#366=EDGE_CURVE('',#359,#367,#369,.T.);
#367=VERTEX_POINT('',#368);
#368=CARTESIAN_POINT('',(-0.473411113,8.6868,-6.868275364));
#369=CIRCLE('',#370,1.143);
#370=AXIS2_PLACEMENT_3D('',#371,#372,#373);
#371=CARTESIAN_POINT('',(-0.573030127,8.6868,-8.006925904));
#372=DIRECTION('',(0.996194698,0.0,-0.087155743));
#373=DIRECTION('',(0.0,1.0,0.0));
#374=ORIENTED_EDGE('',*,*,#375,.T.);
#375=EDGE_CURVE('',#367,#376,#378,.T.);
#376=VERTEX_POINT('',#377);
#377=CARTESIAN_POINT('',(-0.473411113,1.27,-6.868275364));
#378=LINE('',#379,#380);
#379=CARTESIAN_POINT('',(-0.473411113,8.6868,-6.868275364));
#380=VECTOR('',#381,1.0);
#381=DIRECTION('',(0.0,-1.0,0.0));
#382=ORIENTED_EDGE('',*,*,#383,.T.);
#383=EDGE_CURVE('',#376,#384,#386,.T.);
#384=VERTEX_POINT('',#385);
#385=CARTESIAN_POINT('',(-0.573030127,0.127,-8.006925904));
#386=CIRCLE('',#387,1.143);
#387=AXIS2_PLACEMENT_3D('',#388,#389,#390);
#388=CARTESIAN_POINT('',(-0.573030127,1.27,-8.006925904));
#389=DIRECTION('',(0.996194698,0.0,-0.087155743));
#390=DIRECTION('',(0.087155743,0.0,0.996194698));
#391=ORIENTED_EDGE('',*,*,#392,.T.);
#392=EDGE_CURVE('',#384,#393,#395,.T.);
#393=VERTEX_POINT('',#394);
#394=CARTESIAN_POINT('',(-0.68371792,0.127,-9.272093171));
#395=LINE('',#396,#397);
#396=CARTESIAN_POINT('',(-0.573030127,0.127,-8.006925904));
#397=VECTOR('',#398,1.0);
#398=DIRECTION('',(-0.087155743,0.0,-0.996194698));
#399=ORIENTED_EDGE('',*,*,#400,.T.);
#400=EDGE_CURVE('',#393,#401,#403,.T.);
#401=VERTEX_POINT('',#402);
#402=CARTESIAN_POINT('',(-0.783336934,1.27,-10.410743711));
#403=CIRCLE('',#404,1.143);
#404=AXIS2_PLACEMENT_3D('',#405,#406,#407);
#405=CARTESIAN_POINT('',(-0.68371792,1.27,-9.272093171));
#406=DIRECTION('',(0.996194698,0.0,-0.087155743));
#407=DIRECTION('',(0.0,-1.0,0.0));
#408=ORIENTED_EDGE('',*,*,#409,.T.);
#409=EDGE_CURVE('',#401,#314,#410,.T.);
#410=LINE('',#411,#412);
#411=CARTESIAN_POINT('',(-0.783336934,1.27,-10.410743711));
#412=VECTOR('',#413,1.0);
#413=DIRECTION('',(0.0,1.0,0.0));
#414=PLANE('',#415);
#415=AXIS2_PLACEMENT_3D('',#416,#417,#418);
#416=CARTESIAN_POINT('',(-0.462342334,0.0,-6.741758638));
#417=DIRECTION('',(0.996194698,0.0,-0.087155743));
#418=DIRECTION('',(-0.087155743,0.0,-0.996194698));
#419=ADVANCED_FACE('',(#420),#439,.T.);
#420=FACE_BOUND('',#421,.T.);
#421=EDGE_LOOP('',(#422,#431,#437,#438));
#422=ORIENTED_EDGE('',*,*,#423,.T.);
#423=EDGE_CURVE('',#401,#424,#426,.F.);
#424=VERTEX_POINT('',#425);
#425=CARTESIAN_POINT('',(-1.036370387,1.27,-10.388606152));
#426=CIRCLE('',#427,0.127);
#427=AXIS2_PLACEMENT_3D('',#428,#429,#430);
#428=CARTESIAN_POINT('',(-0.909853661,1.27,-10.399674931));
#429=DIRECTION('',(0.0,-1.0,0.0));
#430=DIRECTION('',(-0.996194698,0.0,0.087155743));
#431=ORIENTED_EDGE('',*,*,#432,.T.);
#432=EDGE_CURVE('',#424,#316,#433,.F.);
#433=LINE('',#434,#435);
#434=CARTESIAN_POINT('',(-1.036370387,8.6868,-10.388606152));
#435=VECTOR('',#436,1.0);
#436=DIRECTION('',(0.0,-1.0,0.0));
#437=ORIENTED_EDGE('',*,*,#313,.F.);
#438=ORIENTED_EDGE('',*,*,#409,.F.);
#439=CYLINDRICAL_SURFACE('',#440,0.127);
#440=AXIS2_PLACEMENT_3D('',#441,#442,#443);
#441=CARTESIAN_POINT('',(-0.909853661,8.717093534,-10.399674931));
#442=DIRECTION('',(0.0,-1.0,0.0));
#443=DIRECTION('',(-0.996194698,0.0,0.087155743));
#444=ADVANCED_FACE('',(#445),#498,.T.);
#445=FACE_BOUND('',#446,.T.);
#446=EDGE_LOOP('',(#447,#456,#464,#473,#481,#490,#496,#497));
#447=ORIENTED_EDGE('',*,*,#448,.T.);
#448=EDGE_CURVE('',#424,#449,#451,.T.);
#449=VERTEX_POINT('',#450);
#450=CARTESIAN_POINT('',(-0.936751374,0.127,-9.249955612));
#451=CIRCLE('',#452,1.143);
#452=AXIS2_PLACEMENT_3D('',#453,#454,#455);
#453=CARTESIAN_POINT('',(-0.936751374,1.27,-9.249955612));
#454=DIRECTION('',(-0.996194698,0.0,0.087155743));
#455=DIRECTION('',(-0.087155743,-1.048543968E-14,-0.996194698));
#456=ORIENTED_EDGE('',*,*,#457,.T.);
#457=EDGE_CURVE('',#449,#458,#460,.T.);
#458=VERTEX_POINT('',#459);
#459=CARTESIAN_POINT('',(-0.82606358,0.127,-7.984788345));
#460=LINE('',#461,#462);
#461=CARTESIAN_POINT('',(-0.936751374,0.127,-9.249955612));
#462=VECTOR('',#463,1.0);
#463=DIRECTION('',(0.087155743,0.0,0.996194698));
#464=ORIENTED_EDGE('',*,*,#465,.T.);
#465=EDGE_CURVE('',#458,#466,#468,.T.);
#466=VERTEX_POINT('',#467);
#467=CARTESIAN_POINT('',(-0.726444566,1.27,-6.846137806));
#468=CIRCLE('',#469,1.143);
#469=AXIS2_PLACEMENT_3D('',#470,#471,#472);
#470=CARTESIAN_POINT('',(-0.82606358,1.27,-7.984788345));
#471=DIRECTION('',(-0.996194698,0.0,0.087155743));
#472=DIRECTION('',(0.0,-1.0,0.0));
#473=ORIENTED_EDGE('',*,*,#474,.T.);
#474=EDGE_CURVE('',#466,#475,#477,.T.);
#475=VERTEX_POINT('',#476);
#476=CARTESIAN_POINT('',(-0.726444566,8.6868,-6.846137806));
#477=LINE('',#478,#479);
#478=CARTESIAN_POINT('',(-0.726444566,1.27,-6.846137806));
#479=VECTOR('',#480,1.0);
#480=DIRECTION('',(0.0,1.0,0.0));
#481=ORIENTED_EDGE('',*,*,#482,.T.);
#482=EDGE_CURVE('',#475,#483,#485,.T.);
#483=VERTEX_POINT('',#484);
#484=CARTESIAN_POINT('',(-0.82606358,9.8298,-7.984788345));
#485=CIRCLE('',#486,1.143);
#486=AXIS2_PLACEMENT_3D('',#487,#488,#489);
#487=CARTESIAN_POINT('',(-0.82606358,8.6868,-7.984788345));
#488=DIRECTION('',(-0.996194698,0.0,0.087155743));
#489=DIRECTION('',(0.087155743,0.0,0.996194698));
#490=ORIENTED_EDGE('',*,*,#491,.T.);
#491=EDGE_CURVE('',#483,#325,#492,.T.);
#492=LINE('',#493,#494);
#493=CARTESIAN_POINT('',(-0.82606358,9.8298,-7.984788345));
#494=VECTOR('',#495,1.0);
#495=DIRECTION('',(-0.087155743,0.0,-0.996194698));
#496=ORIENTED_EDGE('',*,*,#324,.F.);
#497=ORIENTED_EDGE('',*,*,#432,.F.);
#498=PLANE('',#499);
#499=AXIS2_PLACEMENT_3D('',#500,#501,#502);
#500=CARTESIAN_POINT('',(-1.047439167,0.0,-10.515122879));
#501=DIRECTION('',(-0.996194698,0.0,0.087155743));
#502=DIRECTION('',(0.087155743,0.0,0.996194698));
#503=ADVANCED_FACE('',(#504),#516,.T.);
#504=FACE_BOUND('',#505,.T.);
#505=EDGE_LOOP('',(#506,#507,#508,#515));
#506=ORIENTED_EDGE('',*,*,#333,.F.);
#507=ORIENTED_EDGE('',*,*,#491,.F.);
#508=ORIENTED_EDGE('',*,*,#509,.T.);
#509=EDGE_CURVE('',#483,#359,#510,.T.);
#510=CIRCLE('',#511,0.127);
#511=AXIS2_PLACEMENT_3D('',#512,#513,#514);
#512=CARTESIAN_POINT('',(-0.699546854,9.8298,-7.995857125));
#513=DIRECTION('',(-0.087155743,0.0,-0.996194698));
#514=DIRECTION('',(-0.996194698,-1.110223025E-14,0.087155743));
#515=ORIENTED_EDGE('',*,*,#358,.F.);
#516=CYLINDRICAL_SURFACE('',#517,0.127);
#517=AXIS2_PLACEMENT_3D('',#518,#519,#520);
#518=CARTESIAN_POINT('',(-0.698017389,9.8298,-7.978375262));
#519=DIRECTION('',(-0.087155743,0.0,-0.996194698));
#520=DIRECTION('',(-0.996194698,0.0,0.087155743));
#521=ADVANCED_FACE('',(#522),#534,.T.);
#522=FACE_BOUND('',#523,.T.);
#523=EDGE_LOOP('',(#524,#525,#526,#533));
#524=ORIENTED_EDGE('',*,*,#509,.F.);
#525=ORIENTED_EDGE('',*,*,#482,.F.);
#526=ORIENTED_EDGE('',*,*,#527,.T.);
#527=EDGE_CURVE('',#475,#367,#528,.T.);
#528=CIRCLE('',#529,0.127);
#529=AXIS2_PLACEMENT_3D('',#530,#531,#532);
#530=CARTESIAN_POINT('',(-0.59992784,8.6868,-6.857206585));
#531=DIRECTION('',(0.0,1.0,0.0));
#532=DIRECTION('',(-0.996194698,0.0,0.087155743));
#533=ORIENTED_EDGE('',*,*,#366,.F.);
#534=TOROIDAL_SURFACE('',#535,1.143,0.127);
#535=AXIS2_PLACEMENT_3D('',#536,#537,#538);
#536=CARTESIAN_POINT('',(-0.699546854,8.6868,-7.995857125));
#537=DIRECTION('',(0.996194698,0.0,-0.087155743));
#538=DIRECTION('',(0.087133536,-0.022572657,0.995940873));
#539=ADVANCED_FACE('',(#540),#552,.T.);
#540=FACE_BOUND('',#541,.T.);
#541=EDGE_LOOP('',(#542,#543,#544,#551));
#542=ORIENTED_EDGE('',*,*,#527,.F.);
#543=ORIENTED_EDGE('',*,*,#474,.F.);
#544=ORIENTED_EDGE('',*,*,#545,.T.);
#545=EDGE_CURVE('',#466,#376,#546,.T.);
#546=CIRCLE('',#547,0.127);
#547=AXIS2_PLACEMENT_3D('',#548,#549,#550);
#548=CARTESIAN_POINT('',(-0.59992784,1.27,-6.857206585));
#549=DIRECTION('',(0.0,1.0,0.0));
#550=DIRECTION('',(-0.996194698,0.0,0.087155743));
#551=ORIENTED_EDGE('',*,*,#375,.F.);
#552=CYLINDRICAL_SURFACE('',#553,0.127);
#553=AXIS2_PLACEMENT_3D('',#554,#555,#556);
#554=CARTESIAN_POINT('',(-0.59992784,1.252451359,-6.857206585));
#555=DIRECTION('',(0.0,1.0,0.0));
#556=DIRECTION('',(-0.996194698,0.0,0.087155743));
#557=ADVANCED_FACE('',(#558),#570,.T.);
#558=FACE_BOUND('',#559,.T.);
#559=EDGE_LOOP('',(#560,#561,#562,#569));
#560=ORIENTED_EDGE('',*,*,#545,.F.);
#561=ORIENTED_EDGE('',*,*,#465,.F.);
#562=ORIENTED_EDGE('',*,*,#563,.T.);
#563=EDGE_CURVE('',#458,#384,#564,.T.);
#564=CIRCLE('',#565,0.127);
#565=AXIS2_PLACEMENT_3D('',#566,#567,#568);
#566=CARTESIAN_POINT('',(-0.699546854,0.127,-7.995857125));
#567=DIRECTION('',(0.087155743,0.0,0.996194698));
#568=DIRECTION('',(-0.996194698,0.0,0.087155743));
#569=ORIENTED_EDGE('',*,*,#383,.F.);
#570=TOROIDAL_SURFACE('',#571,1.143,0.127);
#571=AXIS2_PLACEMENT_3D('',#572,#573,#574);
#572=CARTESIAN_POINT('',(-0.699546854,1.27,-7.995857125));
#573=DIRECTION('',(-0.996194698,0.0,0.087155743));
#574=DIRECTION('',(-0.001384966,-0.999873735,-0.015830232));
#575=ADVANCED_FACE('',(#576),#588,.T.);
#576=FACE_BOUND('',#577,.T.);
#577=EDGE_LOOP('',(#578,#579,#580,#587));
#578=ORIENTED_EDGE('',*,*,#563,.F.);
#579=ORIENTED_EDGE('',*,*,#457,.F.);
#580=ORIENTED_EDGE('',*,*,#581,.T.);
#581=EDGE_CURVE('',#449,#393,#582,.T.);
#582=CIRCLE('',#583,0.127);
#583=AXIS2_PLACEMENT_3D('',#584,#585,#586);
#584=CARTESIAN_POINT('',(-0.810234647,0.127,-9.261024391));
#585=DIRECTION('',(0.087155743,0.0,0.996194698));
#586=DIRECTION('',(-0.996194698,0.0,0.087155743));
#587=ORIENTED_EDGE('',*,*,#392,.F.);
#588=CYLINDRICAL_SURFACE('',#589,0.127);
#589=AXIS2_PLACEMENT_3D('',#590,#591,#592);
#590=CARTESIAN_POINT('',(-0.812874902,0.127,-9.291202649));
#591=DIRECTION('',(0.087155743,0.0,0.996194698));
#592=DIRECTION('',(-0.996194698,0.0,0.087155743));
#593=ADVANCED_FACE('',(#594),#600,.T.);
#594=FACE_BOUND('',#595,.T.);
#595=EDGE_LOOP('',(#596,#597,#598,#599));
#596=ORIENTED_EDGE('',*,*,#581,.F.);
#597=ORIENTED_EDGE('',*,*,#448,.F.);
#598=ORIENTED_EDGE('',*,*,#423,.F.);
#599=ORIENTED_EDGE('',*,*,#400,.F.);
#600=TOROIDAL_SURFACE('',#601,1.143,0.127);
#601=AXIS2_PLACEMENT_3D('',#602,#603,#604);
#602=CARTESIAN_POINT('',(-0.810234647,1.27,-9.261024391));
#603=DIRECTION('',(0.996194698,0.0,-0.087155743));
#604=DIRECTION('',(-0.087133536,0.022572657,-0.995940873));
#605=MANIFOLD_SOLID_BREP('',#606);
#606=CLOSED_SHELL('',(#607,#651,#717,#742,#801,#819,#837,#855,#873,#891));
#607=ADVANCED_FACE('',(#608),#646,.T.);
#608=FACE_BOUND('',#609,.T.);
#609=EDGE_LOOP('',(#610,#621,#630,#639));
#610=ORIENTED_EDGE('',*,*,#611,.T.);
#611=EDGE_CURVE('',#612,#614,#616,.T.);
#612=VERTEX_POINT('',#613);
#613=CARTESIAN_POINT('',(-1.687712201,8.6868,-10.302855375));
#614=VERTEX_POINT('',#615);
#615=CARTESIAN_POINT('',(-1.937853371,8.6868,-10.258748738));
#616=CIRCLE('',#617,0.127);
#617=AXIS2_PLACEMENT_3D('',#618,#619,#620);
#618=CARTESIAN_POINT('',(-1.812782786,8.6868,-10.280802057));
#619=DIRECTION('',(0.0,1.0,0.0));
#620=DIRECTION('',(0.984807753,0.0,-0.173648178));
#621=ORIENTED_EDGE('',*,*,#622,.T.);
#622=EDGE_CURVE('',#614,#623,#625,.F.);
#623=VERTEX_POINT('',#624);
#624=CARTESIAN_POINT('',(-1.739373503,9.8298,-9.133113477));
#625=CIRCLE('',#626,1.143);
#626=AXIS2_PLACEMENT_3D('',#627,#628,#629);
#627=CARTESIAN_POINT('',(-1.739373503,8.6868,-9.133113477));
#628=DIRECTION('',(-0.984807753,0.0,0.173648178));
#629=DIRECTION('',(0.0,1.0,0.0));
#630=ORIENTED_EDGE('',*,*,#631,.T.);
#631=EDGE_CURVE('',#623,#632,#634,.T.);
#632=VERTEX_POINT('',#633);
#633=CARTESIAN_POINT('',(-1.489232334,9.8298,-9.177220114));
#634=CIRCLE('',#635,0.127);
#635=AXIS2_PLACEMENT_3D('',#636,#637,#638);
#636=CARTESIAN_POINT('',(-1.614302919,9.8298,-9.155166795));
#637=DIRECTION('',(-0.173648178,0.0,-0.984807753));
#638=DIRECTION('',(-0.984807753,0.0,0.173648178));
#639=ORIENTED_EDGE('',*,*,#640,.T.);
#640=EDGE_CURVE('',#632,#612,#641,.F.);
#641=CIRCLE('',#642,1.143);
#642=AXIS2_PLACEMENT_3D('',#643,#644,#645);
#643=CARTESIAN_POINT('',(-1.489232334,8.6868,-9.177220114));
#644=DIRECTION('',(0.984807753,0.0,-0.173648178));
#645=DIRECTION('',(-0.173648178,0.0,-0.984807753));
#646=TOROIDAL_SURFACE('',#647,1.143,0.127);
#647=AXIS2_PLACEMENT_3D('',#648,#649,#650);
#648=CARTESIAN_POINT('',(-1.614302919,8.6868,-9.155166795));
#649=DIRECTION('',(-0.984807753,0.0,0.173648178));
#650=DIRECTION('',(0.002759391,0.999873735,0.015649285));
#651=ADVANCED_FACE('',(#652),#712,.T.);
#652=FACE_BOUND('',#653,.T.);
#653=EDGE_LOOP('',(#654,#655,#663,#672,#680,#689,#697,#706));
#654=ORIENTED_EDGE('',*,*,#640,.F.);
#655=ORIENTED_EDGE('',*,*,#656,.T.);
#656=EDGE_CURVE('',#632,#657,#659,.T.);
#657=VERTEX_POINT('',#658);
#658=CARTESIAN_POINT('',(-1.268699149,9.8298,-7.926514267));
#659=LINE('',#660,#661);
#660=CARTESIAN_POINT('',(-1.489232334,9.8298,-9.177220114));
#661=VECTOR('',#662,1.0);
#662=DIRECTION('',(0.173648178,0.0,0.984807753));
#663=ORIENTED_EDGE('',*,*,#664,.T.);
#664=EDGE_CURVE('',#657,#665,#667,.T.);
#665=VERTEX_POINT('',#666);
#666=CARTESIAN_POINT('',(-1.070219282,8.6868,-6.800879006));
#667=CIRCLE('',#668,1.143);
#668=AXIS2_PLACEMENT_3D('',#669,#670,#671);
#669=CARTESIAN_POINT('',(-1.268699149,8.6868,-7.926514267));
#670=DIRECTION('',(0.984807753,0.0,-0.173648178));
#671=DIRECTION('',(0.0,1.0,0.0));
#672=ORIENTED_EDGE('',*,*,#673,.T.);
#673=EDGE_CURVE('',#665,#674,#676,.T.);
#674=VERTEX_POINT('',#675);
#675=CARTESIAN_POINT('',(-1.070219282,1.27,-6.800879006));
#676=LINE('',#677,#678);
#677=CARTESIAN_POINT('',(-1.070219282,8.6868,-6.800879006));
#678=VECTOR('',#679,1.0);
#679=DIRECTION('',(0.0,-1.0,0.0));
#680=ORIENTED_EDGE('',*,*,#681,.T.);
#681=EDGE_CURVE('',#674,#682,#684,.T.);
#682=VERTEX_POINT('',#683);
#683=CARTESIAN_POINT('',(-1.268699149,0.127,-7.926514267));
#684=CIRCLE('',#685,1.143);
#685=AXIS2_PLACEMENT_3D('',#686,#687,#688);
#686=CARTESIAN_POINT('',(-1.268699149,1.27,-7.926514267));
#687=DIRECTION('',(0.984807753,0.0,-0.173648178));
#688=DIRECTION('',(0.173648178,0.0,0.984807753));
#689=ORIENTED_EDGE('',*,*,#690,.T.);
#690=EDGE_CURVE('',#682,#691,#693,.T.);
#691=VERTEX_POINT('',#692);
#692=CARTESIAN_POINT('',(-1.489232334,0.127,-9.177220114));
#693=LINE('',#694,#695);
#694=CARTESIAN_POINT('',(-1.268699149,0.127,-7.926514267));
#695=VECTOR('',#696,1.0);
#696=DIRECTION('',(-0.173648178,0.0,-0.984807753));
#697=ORIENTED_EDGE('',*,*,#698,.T.);
#698=EDGE_CURVE('',#691,#699,#701,.T.);
#699=VERTEX_POINT('',#700);
#700=CARTESIAN_POINT('',(-1.687712201,1.27,-10.302855375));
#701=CIRCLE('',#702,1.143);
#702=AXIS2_PLACEMENT_3D('',#703,#704,#705);
#703=CARTESIAN_POINT('',(-1.489232334,1.27,-9.177220114));
#704=DIRECTION('',(0.984807753,0.0,-0.173648178));
#705=DIRECTION('',(0.0,-1.0,0.0));
#706=ORIENTED_EDGE('',*,*,#707,.T.);
#707=EDGE_CURVE('',#699,#612,#708,.T.);
#708=LINE('',#709,#710);
#709=CARTESIAN_POINT('',(-1.687712201,1.27,-10.302855375));
#710=VECTOR('',#711,1.0);
#711=DIRECTION('',(0.0,1.0,0.0));
#712=PLANE('',#713);
#713=AXIS2_PLACEMENT_3D('',#714,#715,#716);
#714=CARTESIAN_POINT('',(-1.048165963,0.0,-6.675808421));
#715=DIRECTION('',(0.984807753,0.0,-0.173648178));
#716=DIRECTION('',(-0.173648178,0.0,-0.984807753));
#717=ADVANCED_FACE('',(#718),#737,.T.);
#718=FACE_BOUND('',#719,.T.);
#719=EDGE_LOOP('',(#720,#729,#735,#736));
#720=ORIENTED_EDGE('',*,*,#721,.T.);
#721=EDGE_CURVE('',#699,#722,#724,.F.);
#722=VERTEX_POINT('',#723);
#723=CARTESIAN_POINT('',(-1.937853371,1.27,-10.258748738));
#724=CIRCLE('',#725,0.127);
#725=AXIS2_PLACEMENT_3D('',#726,#727,#728);
#726=CARTESIAN_POINT('',(-1.812782786,1.27,-10.280802057));
#727=DIRECTION('',(0.0,-1.0,0.0));
#728=DIRECTION('',(-0.984807753,0.0,0.173648178));
#729=ORIENTED_EDGE('',*,*,#730,.T.);
#730=EDGE_CURVE('',#722,#614,#731,.F.);
#731=LINE('',#732,#733);
#732=CARTESIAN_POINT('',(-1.937853371,8.6868,-10.258748738));
#733=VECTOR('',#734,1.0);
#734=DIRECTION('',(0.0,-1.0,0.0));
#735=ORIENTED_EDGE('',*,*,#611,.F.);
#736=ORIENTED_EDGE('',*,*,#707,.F.);
#737=CYLINDRICAL_SURFACE('',#738,0.127);
#738=AXIS2_PLACEMENT_3D('',#739,#740,#741);
#739=CARTESIAN_POINT('',(-1.812782786,8.717093534,-10.280802057));
#740=DIRECTION('',(0.0,-1.0,0.0));
#741=DIRECTION('',(-0.984807753,0.0,0.173648178));
#742=ADVANCED_FACE('',(#743),#796,.T.);
#743=FACE_BOUND('',#744,.T.);
#744=EDGE_LOOP('',(#745,#754,#762,#771,#779,#788,#794,#795));
#745=ORIENTED_EDGE('',*,*,#746,.T.);
#746=EDGE_CURVE('',#722,#747,#749,.T.);
#747=VERTEX_POINT('',#748);
#748=CARTESIAN_POINT('',(-1.739373503,0.127,-9.133113477));
#749=CIRCLE('',#750,1.143);
#750=AXIS2_PLACEMENT_3D('',#751,#752,#753);
#751=CARTESIAN_POINT('',(-1.739373503,1.27,-9.133113477));
#752=DIRECTION('',(-0.984807753,0.0,0.173648178));
#753=DIRECTION('',(-0.173648178,1.572815952E-14,-0.984807753));
#754=ORIENTED_EDGE('',*,*,#755,.T.);
#755=EDGE_CURVE('',#747,#756,#758,.T.);
#756=VERTEX_POINT('',#757);
#757=CARTESIAN_POINT('',(-1.518840318,0.127,-7.88240763));
#758=LINE('',#759,#760);
#759=CARTESIAN_POINT('',(-1.739373503,0.127,-9.133113477));
#760=VECTOR('',#761,1.0);
#761=DIRECTION('',(0.173648178,0.0,0.984807753));
#762=ORIENTED_EDGE('',*,*,#763,.T.);
#763=EDGE_CURVE('',#756,#764,#766,.T.);
#764=VERTEX_POINT('',#765);
#765=CARTESIAN_POINT('',(-1.320360451,1.27,-6.756772369));
#766=CIRCLE('',#767,1.143);
#767=AXIS2_PLACEMENT_3D('',#768,#769,#770);
#768=CARTESIAN_POINT('',(-1.518840318,1.27,-7.88240763));
#769=DIRECTION('',(-0.984807753,0.0,0.173648178));
#770=DIRECTION('',(0.0,-1.0,0.0));
#771=ORIENTED_EDGE('',*,*,#772,.T.);
#772=EDGE_CURVE('',#764,#773,#775,.T.);
#773=VERTEX_POINT('',#774);
#774=CARTESIAN_POINT('',(-1.320360451,8.6868,-6.756772369));
#775=LINE('',#776,#777);
#776=CARTESIAN_POINT('',(-1.320360451,1.27,-6.756772369));
#777=VECTOR('',#778,1.0);
#778=DIRECTION('',(0.0,1.0,0.0));
#779=ORIENTED_EDGE('',*,*,#780,.T.);
#780=EDGE_CURVE('',#773,#781,#783,.T.);
#781=VERTEX_POINT('',#782);
#782=CARTESIAN_POINT('',(-1.518840318,9.8298,-7.88240763));
#783=CIRCLE('',#784,1.143);
#784=AXIS2_PLACEMENT_3D('',#785,#786,#787);
#785=CARTESIAN_POINT('',(-1.518840318,8.6868,-7.88240763));
#786=DIRECTION('',(-0.984807753,0.0,0.173648178));
#787=DIRECTION('',(0.173648178,0.0,0.984807753));
#788=ORIENTED_EDGE('',*,*,#789,.T.);
#789=EDGE_CURVE('',#781,#623,#790,.T.);
#790=LINE('',#791,#792);
#791=CARTESIAN_POINT('',(-1.518840318,9.8298,-7.88240763));
#792=VECTOR('',#793,1.0);
#793=DIRECTION('',(-0.173648178,0.0,-0.984807753));
#794=ORIENTED_EDGE('',*,*,#622,.F.);
#795=ORIENTED_EDGE('',*,*,#730,.F.);
#796=PLANE('',#797);
#797=AXIS2_PLACEMENT_3D('',#798,#799,#800);
#798=CARTESIAN_POINT('',(-1.959906689,0.0,-10.383819323));
#799=DIRECTION('',(-0.984807753,0.0,0.173648178));
#800=DIRECTION('',(0.173648178,0.0,0.984807753));
#801=ADVANCED_FACE('',(#802),#814,.T.);
#802=FACE_BOUND('',#803,.T.);
#803=EDGE_LOOP('',(#804,#805,#806,#813));
#804=ORIENTED_EDGE('',*,*,#631,.F.);
#805=ORIENTED_EDGE('',*,*,#789,.F.);
#806=ORIENTED_EDGE('',*,*,#807,.T.);
#807=EDGE_CURVE('',#781,#657,#808,.T.);
#808=CIRCLE('',#809,0.127);
#809=AXIS2_PLACEMENT_3D('',#810,#811,#812);
#810=CARTESIAN_POINT('',(-1.393769733,9.8298,-7.904460949));
#811=DIRECTION('',(-0.173648178,0.0,-0.984807753));
#812=DIRECTION('',(-0.984807753,-1.110223025E-14,0.173648178));
#813=ORIENTED_EDGE('',*,*,#656,.F.);
#814=CYLINDRICAL_SURFACE('',#815,0.127);
#815=AXIS2_PLACEMENT_3D('',#816,#817,#818);
#816=CARTESIAN_POINT('',(-1.390722444,9.8298,-7.887178911));
#817=DIRECTION('',(-0.173648178,0.0,-0.984807753));
#818=DIRECTION('',(-0.984807753,0.0,0.173648178));
#819=ADVANCED_FACE('',(#820),#832,.T.);
#820=FACE_BOUND('',#821,.T.);
#821=EDGE_LOOP('',(#822,#823,#824,#831));
#822=ORIENTED_EDGE('',*,*,#807,.F.);
#823=ORIENTED_EDGE('',*,*,#780,.F.);
#824=ORIENTED_EDGE('',*,*,#825,.T.);
#825=EDGE_CURVE('',#773,#665,#826,.T.);
#826=CIRCLE('',#827,0.127);
#827=AXIS2_PLACEMENT_3D('',#828,#829,#830);
#828=CARTESIAN_POINT('',(-1.195289866,8.6868,-6.778825687));
#829=DIRECTION('',(0.0,1.0,0.0));
#830=DIRECTION('',(-0.984807753,0.0,0.173648178));
#831=ORIENTED_EDGE('',*,*,#664,.F.);
#832=TOROIDAL_SURFACE('',#833,1.143,0.127);
#833=AXIS2_PLACEMENT_3D('',#834,#835,#836);
#834=CARTESIAN_POINT('',(-1.393769733,8.6868,-7.904460949));
#835=DIRECTION('',(0.984807753,0.0,-0.173648178));
#836=DIRECTION('',(0.173603933,-0.022572657,0.984556829));
#837=ADVANCED_FACE('',(#838),#850,.T.);
#838=FACE_BOUND('',#839,.T.);
#839=EDGE_LOOP('',(#840,#841,#842,#849));
#840=ORIENTED_EDGE('',*,*,#825,.F.);
#841=ORIENTED_EDGE('',*,*,#772,.F.);
#842=ORIENTED_EDGE('',*,*,#843,.T.);
#843=EDGE_CURVE('',#764,#674,#844,.T.);
#844=CIRCLE('',#845,0.127);
#845=AXIS2_PLACEMENT_3D('',#846,#847,#848);
#846=CARTESIAN_POINT('',(-1.195289866,1.27,-6.778825687));
#847=DIRECTION('',(0.0,1.0,0.0));
#848=DIRECTION('',(-0.984807753,0.0,0.173648178));
#849=ORIENTED_EDGE('',*,*,#673,.F.);
#850=CYLINDRICAL_SURFACE('',#851,0.127);
#851=AXIS2_PLACEMENT_3D('',#852,#853,#854);
#852=CARTESIAN_POINT('',(-1.195289866,1.252451359,-6.778825687));
#853=DIRECTION('',(0.0,1.0,0.0));
#854=DIRECTION('',(-0.984807753,0.0,0.173648178));
#855=ADVANCED_FACE('',(#856),#868,.T.);
#856=FACE_BOUND('',#857,.T.);
#857=EDGE_LOOP('',(#858,#859,#860,#867));
#858=ORIENTED_EDGE('',*,*,#843,.F.);
#859=ORIENTED_EDGE('',*,*,#763,.F.);
#860=ORIENTED_EDGE('',*,*,#861,.T.);
#861=EDGE_CURVE('',#756,#682,#862,.T.);
#862=CIRCLE('',#863,0.127);
#863=AXIS2_PLACEMENT_3D('',#864,#865,#866);
#864=CARTESIAN_POINT('',(-1.393769733,0.127,-7.904460949));
#865=DIRECTION('',(0.173648178,0.0,0.984807753));
#866=DIRECTION('',(-0.984807753,0.0,0.173648178));
#867=ORIENTED_EDGE('',*,*,#681,.F.);
#868=TOROIDAL_SURFACE('',#869,1.143,0.127);
#869=AXIS2_PLACEMENT_3D('',#870,#871,#872);
#870=CARTESIAN_POINT('',(-1.393769733,1.27,-7.904460949));
#871=DIRECTION('',(-0.984807753,0.0,0.173648178));
#872=DIRECTION('',(-0.002759391,-0.999873735,-0.015649285));
#873=ADVANCED_FACE('',(#874),#886,.T.);
#874=FACE_BOUND('',#875,.T.);
#875=EDGE_LOOP('',(#876,#877,#878,#885));
#876=ORIENTED_EDGE('',*,*,#861,.F.);
#877=ORIENTED_EDGE('',*,*,#755,.F.);
#878=ORIENTED_EDGE('',*,*,#879,.T.);
#879=EDGE_CURVE('',#747,#691,#880,.T.);
#880=CIRCLE('',#881,0.127);
#881=AXIS2_PLACEMENT_3D('',#882,#883,#884);
#882=CARTESIAN_POINT('',(-1.614302919,0.127,-9.155166795));
#883=DIRECTION('',(0.173648178,0.0,0.984807753));
#884=DIRECTION('',(-0.984807753,0.0,0.173648178));
#885=ORIENTED_EDGE('',*,*,#690,.F.);
#886=CYLINDRICAL_SURFACE('',#887,0.127);
#887=AXIS2_PLACEMENT_3D('',#888,#889,#890);
#888=CARTESIAN_POINT('',(-1.619563336,0.127,-9.185000102));
#889=DIRECTION('',(0.173648178,0.0,0.984807753));
#890=DIRECTION('',(-0.984807753,0.0,0.173648178));
#891=ADVANCED_FACE('',(#892),#898,.T.);
#892=FACE_BOUND('',#893,.T.);
#893=EDGE_LOOP('',(#894,#895,#896,#897));
#894=ORIENTED_EDGE('',*,*,#879,.F.);
#895=ORIENTED_EDGE('',*,*,#746,.F.);
#896=ORIENTED_EDGE('',*,*,#721,.F.);
#897=ORIENTED_EDGE('',*,*,#698,.F.);
#898=TOROIDAL_SURFACE('',#899,1.143,0.127);
#899=AXIS2_PLACEMENT_3D('',#900,#901,#902);
#900=CARTESIAN_POINT('',(-1.614302919,1.27,-9.155166795));
#901=DIRECTION('',(0.984807753,0.0,-0.173648178));
#902=DIRECTION('',(-0.173603933,0.022572657,-0.984556829));
#903=MANIFOLD_SOLID_BREP('',#904);
#904=CLOSED_SHELL('',(#905,#949,#1015,#1040,#1099,#1117,#1135,#1153,#1171,#1189));
#905=ADVANCED_FACE('',(#906),#944,.T.);
#906=FACE_BOUND('',#907,.T.);
#907=EDGE_LOOP('',(#908,#919,#928,#937));
#908=ORIENTED_EDGE('',*,*,#909,.T.);
#909=EDGE_CURVE('',#910,#912,#914,.T.);
#910=VERTEX_POINT('',#911);
#911=CARTESIAN_POINT('',(-2.57924296,8.6868,-10.11655609));
#912=VERTEX_POINT('',#913);
#913=CARTESIAN_POINT('',(-2.824588119,8.6868,-10.050816052));
#914=CIRCLE('',#915,0.127);
#915=AXIS2_PLACEMENT_3D('',#916,#917,#918);
#916=CARTESIAN_POINT('',(-2.701915539,8.6868,-10.083686071));
#917=DIRECTION('',(0.0,1.0,0.0));
#918=DIRECTION('',(0.965925826,0.0,-0.258819045));
#919=ORIENTED_EDGE('',*,*,#920,.T.);
#920=EDGE_CURVE('',#912,#921,#923,.F.);
#921=VERTEX_POINT('',#922);
#922=CARTESIAN_POINT('',(-2.528757951,9.8298,-8.946762833));
#923=CIRCLE('',#924,1.143);
#924=AXIS2_PLACEMENT_3D('',#925,#926,#927);
#925=CARTESIAN_POINT('',(-2.528757951,8.6868,-8.946762833));
#926=DIRECTION('',(-0.965925826,0.0,0.258819045));
#927=DIRECTION('',(0.0,1.0,0.0));
#928=ORIENTED_EDGE('',*,*,#929,.T.);
#929=EDGE_CURVE('',#921,#930,#932,.T.);
#930=VERTEX_POINT('',#931);
#931=CARTESIAN_POINT('',(-2.283412791,9.8298,-9.01250287));
#932=CIRCLE('',#933,0.127);
#933=AXIS2_PLACEMENT_3D('',#934,#935,#936);
#934=CARTESIAN_POINT('',(-2.406085371,9.8298,-8.979632852));
#935=DIRECTION('',(-0.258819045,0.0,-0.965925826));
#936=DIRECTION('',(-0.965925826,2.220446049E-14,0.258819045));
#937=ORIENTED_EDGE('',*,*,#938,.T.);
#938=EDGE_CURVE('',#930,#910,#939,.F.);
#939=CIRCLE('',#940,1.143);
#940=AXIS2_PLACEMENT_3D('',#941,#942,#943);
#941=CARTESIAN_POINT('',(-2.283412791,8.6868,-9.01250287));
#942=DIRECTION('',(0.965925826,0.0,-0.258819045));
#943=DIRECTION('',(-0.258819045,0.0,-0.965925826));
#944=TOROIDAL_SURFACE('',#945,1.143,0.127);
#945=AXIS2_PLACEMENT_3D('',#946,#947,#948);
#946=CARTESIAN_POINT('',(-2.406085371,8.6868,-8.979632852));
#947=DIRECTION('',(-0.965925826,0.0,0.258819045));
#948=DIRECTION('',(0.004112816,0.999873735,0.015349238));
#949=ADVANCED_FACE('',(#950),#1010,.T.);
#950=FACE_BOUND('',#951,.T.);
#951=EDGE_LOOP('',(#952,#953,#961,#970,#978,#987,#995,#1004));
#952=ORIENTED_EDGE('',*,*,#938,.F.);
#953=ORIENTED_EDGE('',*,*,#954,.T.);
#954=EDGE_CURVE('',#930,#955,#957,.T.);
#955=VERTEX_POINT('',#956);
#956=CARTESIAN_POINT('',(-1.954712604,9.8298,-7.785777071));
#957=LINE('',#958,#959);
#958=CARTESIAN_POINT('',(-2.283412791,9.8298,-9.01250287));
#959=VECTOR('',#960,1.0);
#960=DIRECTION('',(0.258819045,0.0,0.965925826));
#961=ORIENTED_EDGE('',*,*,#962,.T.);
#962=EDGE_CURVE('',#955,#963,#965,.T.);
#963=VERTEX_POINT('',#964);
#964=CARTESIAN_POINT('',(-1.658882435,8.6868,-6.681723851));
#965=CIRCLE('',#966,1.143);
#966=AXIS2_PLACEMENT_3D('',#967,#968,#969);
#967=CARTESIAN_POINT('',(-1.954712604,8.6868,-7.785777071));
#968=DIRECTION('',(0.965925826,0.0,-0.258819045));
#969=DIRECTION('',(0.0,1.0,0.0));
#970=ORIENTED_EDGE('',*,*,#971,.T.);
#971=EDGE_CURVE('',#963,#972,#974,.T.);
#972=VERTEX_POINT('',#973);
#973=CARTESIAN_POINT('',(-1.658882435,1.27,-6.681723851));
#974=LINE('',#975,#976);
#975=CARTESIAN_POINT('',(-1.658882435,8.6868,-6.681723851));
#976=VECTOR('',#977,1.0);
#977=DIRECTION('',(0.0,-1.0,0.0));
#978=ORIENTED_EDGE('',*,*,#979,.T.);
#979=EDGE_CURVE('',#972,#980,#982,.T.);
#980=VERTEX_POINT('',#981);
#981=CARTESIAN_POINT('',(-1.954712604,0.127,-7.785777071));
#982=CIRCLE('',#983,1.143);
#983=AXIS2_PLACEMENT_3D('',#984,#985,#986);
#984=CARTESIAN_POINT('',(-1.954712604,1.27,-7.785777071));
#985=DIRECTION('',(0.965925826,0.0,-0.258819045));
#986=DIRECTION('',(0.258819045,0.0,0.965925826));
#987=ORIENTED_EDGE('',*,*,#988,.T.);
#988=EDGE_CURVE('',#980,#989,#991,.T.);
#989=VERTEX_POINT('',#990);
#990=CARTESIAN_POINT('',(-2.283412791,0.127,-9.01250287));
#991=LINE('',#992,#993);
#992=CARTESIAN_POINT('',(-1.954712604,0.127,-7.785777071));
#993=VECTOR('',#994,1.0);
#994=DIRECTION('',(-0.258819045,0.0,-0.965925826));
#995=ORIENTED_EDGE('',*,*,#996,.T.);
#996=EDGE_CURVE('',#989,#997,#999,.T.);
#997=VERTEX_POINT('',#998);
#998=CARTESIAN_POINT('',(-2.57924296,1.27,-10.11655609));
#999=CIRCLE('',#1000,1.143);
#1000=AXIS2_PLACEMENT_3D('',#1001,#1002,#1003);
#1001=CARTESIAN_POINT('',(-2.283412791,1.27,-9.01250287));
#1002=DIRECTION('',(0.965925826,0.0,-0.258819045));
#1003=DIRECTION('',(0.0,-1.0,0.0));
#1004=ORIENTED_EDGE('',*,*,#1005,.T.);
#1005=EDGE_CURVE('',#997,#910,#1006,.T.);
#1006=LINE('',#1007,#1008);
#1007=CARTESIAN_POINT('',(-2.57924296,1.27,-10.11655609));
#1008=VECTOR('',#1009,1.0);
#1009=DIRECTION('',(0.0,1.0,0.0));
#1010=PLANE('',#1011);
#1011=AXIS2_PLACEMENT_3D('',#1012,#1013,#1014);
#1012=CARTESIAN_POINT('',(-1.626012416,0.0,-6.559051271));
#1013=DIRECTION('',(0.965925826,0.0,-0.258819045));
#1014=DIRECTION('',(-0.258819045,0.0,-0.965925826));
#1015=ADVANCED_FACE('',(#1016),#1035,.T.);
#1016=FACE_BOUND('',#1017,.T.);
#1017=EDGE_LOOP('',(#1018,#1027,#1033,#1034));
#1018=ORIENTED_EDGE('',*,*,#1019,.T.);
#1019=EDGE_CURVE('',#997,#1020,#1022,.F.);
#1020=VERTEX_POINT('',#1021);
#1021=CARTESIAN_POINT('',(-2.824588119,1.27,-10.050816052));
#1022=CIRCLE('',#1023,0.127);
#1023=AXIS2_PLACEMENT_3D('',#1024,#1025,#1026);
#1024=CARTESIAN_POINT('',(-2.701915539,1.27,-10.083686071));
#1025=DIRECTION('',(0.0,-1.0,0.0));
#1026=DIRECTION('',(-0.965925826,0.0,0.258819045));
#1027=ORIENTED_EDGE('',*,*,#1028,.T.);
#1028=EDGE_CURVE('',#1020,#912,#1029,.F.);
#1029=LINE('',#1030,#1031);
#1030=CARTESIAN_POINT('',(-2.824588119,8.6868,-10.050816052));
#1031=VECTOR('',#1032,1.0);
#1032=DIRECTION('',(0.0,-1.0,0.0));
#1033=ORIENTED_EDGE('',*,*,#909,.F.);
#1034=ORIENTED_EDGE('',*,*,#1005,.F.);
#1035=CYLINDRICAL_SURFACE('',#1036,0.127);
#1036=AXIS2_PLACEMENT_3D('',#1037,#1038,#1039);
#1037=CARTESIAN_POINT('',(-2.701915539,8.717093534,-10.083686071));
#1038=DIRECTION('',(0.0,-1.0,0.0));
#1039=DIRECTION('',(-0.965925826,0.0,0.258819045));
#1040=ADVANCED_FACE('',(#1041),#1094,.T.);
#1041=FACE_BOUND('',#1042,.T.);
#1042=EDGE_LOOP('',(#1043,#1052,#1060,#1069,#1077,#1086,#1092,#1093));
#1043=ORIENTED_EDGE('',*,*,#1044,.T.);
#1044=EDGE_CURVE('',#1020,#1045,#1047,.T.);
#1045=VERTEX_POINT('',#1046);
#1046=CARTESIAN_POINT('',(-2.528757951,0.127,-8.946762833));
#1047=CIRCLE('',#1048,1.143);
#1048=AXIS2_PLACEMENT_3D('',#1049,#1050,#1051);
#1049=CARTESIAN_POINT('',(-2.528757951,1.27,-8.946762833));
#1050=DIRECTION('',(-0.965925826,0.0,0.258819045));
#1051=DIRECTION('',(-0.258819045,-1.249000903E-14,-0.965925826));
#1052=ORIENTED_EDGE('',*,*,#1053,.T.);
#1053=EDGE_CURVE('',#1045,#1054,#1056,.T.);
#1054=VERTEX_POINT('',#1055);
#1055=CARTESIAN_POINT('',(-2.200057764,0.127,-7.720037033));
#1056=LINE('',#1057,#1058);
#1057=CARTESIAN_POINT('',(-2.528757951,0.127,-8.946762833));
#1058=VECTOR('',#1059,1.0);
#1059=DIRECTION('',(0.258819045,0.0,0.965925826));
#1060=ORIENTED_EDGE('',*,*,#1061,.T.);
#1061=EDGE_CURVE('',#1054,#1062,#1064,.T.);
#1062=VERTEX_POINT('',#1063);
#1063=CARTESIAN_POINT('',(-1.904227595,1.27,-6.615983814));
#1064=CIRCLE('',#1065,1.143);
#1065=AXIS2_PLACEMENT_3D('',#1066,#1067,#1068);
#1066=CARTESIAN_POINT('',(-2.200057764,1.27,-7.720037033));
#1067=DIRECTION('',(-0.965925826,0.0,0.258819045));
#1068=DIRECTION('',(0.0,-1.0,0.0));
#1069=ORIENTED_EDGE('',*,*,#1070,.T.);
#1070=EDGE_CURVE('',#1062,#1071,#1073,.T.);
#1071=VERTEX_POINT('',#1072);
#1072=CARTESIAN_POINT('',(-1.904227595,8.6868,-6.615983814));
#1073=LINE('',#1074,#1075);
#1074=CARTESIAN_POINT('',(-1.904227595,1.27,-6.615983814));
#1075=VECTOR('',#1076,1.0);
#1076=DIRECTION('',(0.0,1.0,0.0));
#1077=ORIENTED_EDGE('',*,*,#1078,.T.);
#1078=EDGE_CURVE('',#1071,#1079,#1081,.T.);
#1079=VERTEX_POINT('',#1080);
#1080=CARTESIAN_POINT('',(-2.200057764,9.8298,-7.720037033));
#1081=CIRCLE('',#1082,1.143);
#1082=AXIS2_PLACEMENT_3D('',#1083,#1084,#1085);
#1083=CARTESIAN_POINT('',(-2.200057764,8.6868,-7.720037033));
#1084=DIRECTION('',(-0.965925826,0.0,0.258819045));
#1085=DIRECTION('',(0.258819045,0.0,0.965925826));
#1086=ORIENTED_EDGE('',*,*,#1087,.T.);
#1087=EDGE_CURVE('',#1079,#921,#1088,.T.);
#1088=LINE('',#1089,#1090);
#1089=CARTESIAN_POINT('',(-2.200057764,9.8298,-7.720037033));
#1090=VECTOR('',#1091,1.0);
#1091=DIRECTION('',(-0.258819045,0.0,-0.965925826));
#1092=ORIENTED_EDGE('',*,*,#920,.F.);
#1093=ORIENTED_EDGE('',*,*,#1028,.F.);
#1094=PLANE('',#1095);
#1095=AXIS2_PLACEMENT_3D('',#1096,#1097,#1098);
#1096=CARTESIAN_POINT('',(-2.857458138,0.0,-10.173488632));
#1097=DIRECTION('',(-0.965925826,0.0,0.258819045));
#1098=DIRECTION('',(0.258819045,0.0,0.965925826));
#1099=ADVANCED_FACE('',(#1100),#1112,.T.);
#1100=FACE_BOUND('',#1101,.T.);
#1101=EDGE_LOOP('',(#1102,#1103,#1104,#1111));
#1102=ORIENTED_EDGE('',*,*,#929,.F.);
#1103=ORIENTED_EDGE('',*,*,#1087,.F.);
#1104=ORIENTED_EDGE('',*,*,#1105,.T.);
#1105=EDGE_CURVE('',#1079,#955,#1106,.T.);
#1106=CIRCLE('',#1107,0.127);
#1107=AXIS2_PLACEMENT_3D('',#1108,#1109,#1110);
#1108=CARTESIAN_POINT('',(-2.077385184,9.8298,-7.752907052));
#1109=DIRECTION('',(-0.258819045,0.0,-0.965925826));
#1110=DIRECTION('',(-0.965925826,-1.110223025E-14,0.258819045));
#1111=ORIENTED_EDGE('',*,*,#954,.F.);
#1112=CYLINDRICAL_SURFACE('',#1113,0.127);
#1113=AXIS2_PLACEMENT_3D('',#1114,#1115,#1116);
#1114=CARTESIAN_POINT('',(-2.072843261,9.8298,-7.735956367));
#1115=DIRECTION('',(-0.258819045,0.0,-0.965925826));
#1116=DIRECTION('',(-0.965925826,0.0,0.258819045));
#1117=ADVANCED_FACE('',(#1118),#1130,.T.);
#1118=FACE_BOUND('',#1119,.T.);
#1119=EDGE_LOOP('',(#1120,#1121,#1122,#1129));
#1120=ORIENTED_EDGE('',*,*,#1105,.F.);
#1121=ORIENTED_EDGE('',*,*,#1078,.F.);
#1122=ORIENTED_EDGE('',*,*,#1123,.T.);
#1123=EDGE_CURVE('',#1071,#963,#1124,.T.);
#1124=CIRCLE('',#1125,0.127);
#1125=AXIS2_PLACEMENT_3D('',#1126,#1127,#1128);
#1126=CARTESIAN_POINT('',(-1.781555015,8.6868,-6.648853833));
#1127=DIRECTION('',(0.0,1.0,0.0));
#1128=DIRECTION('',(-0.965925826,0.0,0.258819045));
#1129=ORIENTED_EDGE('',*,*,#962,.F.);
#1130=TOROIDAL_SURFACE('',#1131,1.143,0.127);
#1131=AXIS2_PLACEMENT_3D('',#1132,#1133,#1134);
#1132=CARTESIAN_POINT('',(-2.077385184,8.6868,-7.752907052));
#1133=DIRECTION('',(0.965925826,0.0,-0.258819045));
#1134=DIRECTION('',(0.258753099,-0.022572657,0.965679713));
#1135=ADVANCED_FACE('',(#1136),#1148,.T.);
#1136=FACE_BOUND('',#1137,.T.);
#1137=EDGE_LOOP('',(#1138,#1139,#1140,#1147));
#1138=ORIENTED_EDGE('',*,*,#1123,.F.);
#1139=ORIENTED_EDGE('',*,*,#1070,.F.);
#1140=ORIENTED_EDGE('',*,*,#1141,.T.);
#1141=EDGE_CURVE('',#1062,#972,#1142,.T.);
#1142=CIRCLE('',#1143,0.127);
#1143=AXIS2_PLACEMENT_3D('',#1144,#1145,#1146);
#1144=CARTESIAN_POINT('',(-1.781555015,1.27,-6.648853833));
#1145=DIRECTION('',(0.0,1.0,0.0));
#1146=DIRECTION('',(-0.965925826,0.0,0.258819045));
#1147=ORIENTED_EDGE('',*,*,#971,.F.);
#1148=CYLINDRICAL_SURFACE('',#1149,0.127);
#1149=AXIS2_PLACEMENT_3D('',#1150,#1151,#1152);
#1150=CARTESIAN_POINT('',(-1.781555015,1.252451359,-6.648853833));
#1151=DIRECTION('',(0.0,1.0,0.0));
#1152=DIRECTION('',(-0.965925826,0.0,0.258819045));
#1153=ADVANCED_FACE('',(#1154),#1166,.T.);
#1154=FACE_BOUND('',#1155,.T.);
#1155=EDGE_LOOP('',(#1156,#1157,#1158,#1165));
#1156=ORIENTED_EDGE('',*,*,#1141,.F.);
#1157=ORIENTED_EDGE('',*,*,#1061,.F.);
#1158=ORIENTED_EDGE('',*,*,#1159,.T.);
#1159=EDGE_CURVE('',#1054,#980,#1160,.T.);
#1160=CIRCLE('',#1161,0.127);
#1161=AXIS2_PLACEMENT_3D('',#1162,#1163,#1164);
#1162=CARTESIAN_POINT('',(-2.077385184,0.127,-7.752907052));
#1163=DIRECTION('',(0.258819045,0.0,0.965925826));
#1164=DIRECTION('',(-0.965925826,0.0,0.258819045));
#1165=ORIENTED_EDGE('',*,*,#979,.F.);
#1166=TOROIDAL_SURFACE('',#1167,1.143,0.127);
#1167=AXIS2_PLACEMENT_3D('',#1168,#1169,#1170);
#1168=CARTESIAN_POINT('',(-2.077385184,1.27,-7.752907052));
#1169=DIRECTION('',(-0.965925826,0.0,0.258819045));
#1170=DIRECTION('',(-0.004112816,-0.999873735,-0.015349238));
#1171=ADVANCED_FACE('',(#1172),#1184,.T.);
#1172=FACE_BOUND('',#1173,.T.);
#1173=EDGE_LOOP('',(#1174,#1175,#1176,#1183));
#1174=ORIENTED_EDGE('',*,*,#1159,.F.);
#1175=ORIENTED_EDGE('',*,*,#1053,.F.);
#1176=ORIENTED_EDGE('',*,*,#1177,.T.);
#1177=EDGE_CURVE('',#1045,#989,#1178,.T.);
#1178=CIRCLE('',#1179,0.127);
#1179=AXIS2_PLACEMENT_3D('',#1180,#1181,#1182);
#1180=CARTESIAN_POINT('',(-2.406085371,0.127,-8.979632852));
#1181=DIRECTION('',(0.258819045,0.0,0.965925826));
#1182=DIRECTION('',(-0.965925826,1.162264729E-14,0.258819045));
#1183=ORIENTED_EDGE('',*,*,#988,.F.);
#1184=CYLINDRICAL_SURFACE('',#1185,0.127);
#1185=AXIS2_PLACEMENT_3D('',#1186,#1187,#1188);
#1186=CARTESIAN_POINT('',(-2.413925914,0.127,-9.008894158));
#1187=DIRECTION('',(0.258819045,0.0,0.965925826));
#1188=DIRECTION('',(-0.965925826,0.0,0.258819045));
#1189=ADVANCED_FACE('',(#1190),#1196,.T.);
#1190=FACE_BOUND('',#1191,.T.);
#1191=EDGE_LOOP('',(#1192,#1193,#1194,#1195));
#1192=ORIENTED_EDGE('',*,*,#1177,.F.);
#1193=ORIENTED_EDGE('',*,*,#1044,.F.);
#1194=ORIENTED_EDGE('',*,*,#1019,.F.);
#1195=ORIENTED_EDGE('',*,*,#996,.F.);
#1196=TOROIDAL_SURFACE('',#1197,1.143,0.127);
#1197=AXIS2_PLACEMENT_3D('',#1198,#1199,#1200);
#1198=CARTESIAN_POINT('',(-2.406085371,1.27,-8.979632852));
#1199=DIRECTION('',(0.965925826,0.0,-0.258819045));
#1200=DIRECTION('',(-0.258753099,0.022572657,-0.965679713));
#1201=MANIFOLD_SOLID_BREP('',#1202);
#1202=CLOSED_SHELL('',(#1203,#1247,#1313,#1338,#1397,#1415,#1433,#1451,#1469,#1487));
#1203=ADVANCED_FACE('',(#1204),#1242,.T.);
#1204=FACE_BOUND('',#1205,.T.);
#1205=EDGE_LOOP('',(#1206,#1217,#1226,#1235));
#1206=ORIENTED_EDGE('',*,*,#1207,.T.);
#1207=EDGE_CURVE('',#1208,#1210,#1212,.T.);
#1208=VERTEX_POINT('',#1209);
#1209=CARTESIAN_POINT('',(-3.451144121,8.6868,-9.853263704));
#1210=VERTEX_POINT('',#1211);
#1211=CARTESIAN_POINT('',(-3.689826047,8.6868,-9.766390587));
#1212=CIRCLE('',#1213,0.127);
#1213=AXIS2_PLACEMENT_3D('',#1214,#1215,#1216);
#1214=CARTESIAN_POINT('',(-3.570485084,8.6868,-9.809827145));
#1215=DIRECTION('',(0.0,1.0,0.0));
#1216=DIRECTION('',(0.939692621,0.0,-0.342020143));
#1217=ORIENTED_EDGE('',*,*,#1218,.T.);
#1218=EDGE_CURVE('',#1210,#1219,#1221,.F.);
#1219=VERTEX_POINT('',#1220);
#1220=CARTESIAN_POINT('',(-3.298897023,9.8298,-8.692321922));
#1221=CIRCLE('',#1222,1.143);
#1222=AXIS2_PLACEMENT_3D('',#1223,#1224,#1225);
#1223=CARTESIAN_POINT('',(-3.298897023,8.6868,-8.692321922));
#1224=DIRECTION('',(-0.939692621,0.0,0.342020143));
#1225=DIRECTION('',(0.0,1.0,0.0));
#1226=ORIENTED_EDGE('',*,*,#1227,.T.);
#1227=EDGE_CURVE('',#1219,#1228,#1230,.T.);
#1228=VERTEX_POINT('',#1229);
#1229=CARTESIAN_POINT('',(-3.060215098,9.8298,-8.779195038));
#1230=CIRCLE('',#1231,0.127);
#1231=AXIS2_PLACEMENT_3D('',#1232,#1233,#1234);
#1232=CARTESIAN_POINT('',(-3.17955606,9.8298,-8.73575848));
#1233=DIRECTION('',(-0.342020143,0.0,-0.939692621));
#1234=DIRECTION('',(-0.939692621,0.0,0.342020143));
#1235=ORIENTED_EDGE('',*,*,#1236,.T.);
#1236=EDGE_CURVE('',#1228,#1208,#1237,.F.);
#1237=CIRCLE('',#1238,1.143);
#1238=AXIS2_PLACEMENT_3D('',#1239,#1240,#1241);
#1239=CARTESIAN_POINT('',(-3.060215098,8.6868,-8.779195038));
#1240=DIRECTION('',(0.939692621,0.0,-0.342020143));
#1241=DIRECTION('',(-0.342020143,0.0,-0.939692621));
#1242=TOROIDAL_SURFACE('',#1243,1.143,0.127);
#1243=AXIS2_PLACEMENT_3D('',#1244,#1245,#1246);
#1244=CARTESIAN_POINT('',(-3.17955606,8.6868,-8.73575848));
#1245=DIRECTION('',(-0.939692621,0.0,0.342020143));
#1246=DIRECTION('',(0.00543494,0.999873735,0.014932374));
#1247=ADVANCED_FACE('',(#1248),#1308,.T.);
#1248=FACE_BOUND('',#1249,.T.);
#1249=EDGE_LOOP('',(#1250,#1251,#1259,#1268,#1276,#1285,#1293,#1302));
#1250=ORIENTED_EDGE('',*,*,#1236,.F.);
#1251=ORIENTED_EDGE('',*,*,#1252,.T.);
#1252=EDGE_CURVE('',#1228,#1253,#1255,.T.);
#1253=VERTEX_POINT('',#1254);
#1254=CARTESIAN_POINT('',(-2.625849516,9.8298,-7.58578541));
#1255=LINE('',#1256,#1257);
#1256=CARTESIAN_POINT('',(-3.060215098,9.8298,-8.779195038));
#1257=VECTOR('',#1258,1.0);
#1258=DIRECTION('',(0.342020143,0.0,0.939692621));
#1259=ORIENTED_EDGE('',*,*,#1260,.T.);
#1260=EDGE_CURVE('',#1253,#1261,#1263,.T.);
#1261=VERTEX_POINT('',#1262);
#1262=CARTESIAN_POINT('',(-2.234920492,8.6868,-6.511716744));
#1263=CIRCLE('',#1264,1.143);
#1264=AXIS2_PLACEMENT_3D('',#1265,#1266,#1267);
#1265=CARTESIAN_POINT('',(-2.625849516,8.6868,-7.58578541));
#1266=DIRECTION('',(0.939692621,0.0,-0.342020143));
#1267=DIRECTION('',(0.0,1.0,0.0));
#1268=ORIENTED_EDGE('',*,*,#1269,.T.);
#1269=EDGE_CURVE('',#1261,#1270,#1272,.T.);
#1270=VERTEX_POINT('',#1271);
#1271=CARTESIAN_POINT('',(-2.234920492,1.27,-6.511716744));
#1272=LINE('',#1273,#1274);
#1273=CARTESIAN_POINT('',(-2.234920492,8.6868,-6.511716744));
#1274=VECTOR('',#1275,1.0);
#1275=DIRECTION('',(0.0,-1.0,0.0));
#1276=ORIENTED_EDGE('',*,*,#1277,.T.);
#1277=EDGE_CURVE('',#1270,#1278,#1280,.T.);
#1278=VERTEX_POINT('',#1279);
#1279=CARTESIAN_POINT('',(-2.625849516,0.127,-7.58578541));
#1280=CIRCLE('',#1281,1.143);
#1281=AXIS2_PLACEMENT_3D('',#1282,#1283,#1284);
#1282=CARTESIAN_POINT('',(-2.625849516,1.27,-7.58578541));
#1283=DIRECTION('',(0.939692621,0.0,-0.342020143));
#1284=DIRECTION('',(0.342020143,0.0,0.939692621));
#1285=ORIENTED_EDGE('',*,*,#1286,.T.);
#1286=EDGE_CURVE('',#1278,#1287,#1289,.T.);
#1287=VERTEX_POINT('',#1288);
#1288=CARTESIAN_POINT('',(-3.060215098,0.127,-8.779195038));
#1289=LINE('',#1290,#1291);
#1290=CARTESIAN_POINT('',(-2.625849516,0.127,-7.58578541));
#1291=VECTOR('',#1292,1.0);
#1292=DIRECTION('',(-0.342020143,0.0,-0.939692621));
#1293=ORIENTED_EDGE('',*,*,#1294,.T.);
#1294=EDGE_CURVE('',#1287,#1295,#1297,.T.);
#1295=VERTEX_POINT('',#1296);
#1296=CARTESIAN_POINT('',(-3.451144121,1.27,-9.853263704));
#1297=CIRCLE('',#1298,1.143);
#1298=AXIS2_PLACEMENT_3D('',#1299,#1300,#1301);
#1299=CARTESIAN_POINT('',(-3.060215098,1.27,-8.779195038));
#1300=DIRECTION('',(0.939692621,0.0,-0.342020143));
#1301=DIRECTION('',(0.0,-1.0,0.0));
#1302=ORIENTED_EDGE('',*,*,#1303,.T.);
#1303=EDGE_CURVE('',#1295,#1208,#1304,.T.);
#1304=LINE('',#1305,#1306);
#1305=CARTESIAN_POINT('',(-3.451144121,1.27,-9.853263704));
#1306=VECTOR('',#1307,1.0);
#1307=DIRECTION('',(0.0,1.0,0.0));
#1308=PLANE('',#1309);
#1309=AXIS2_PLACEMENT_3D('',#1310,#1311,#1312);
#1310=CARTESIAN_POINT('',(-2.191483934,0.0,-6.392375781));
#1311=DIRECTION('',(0.939692621,0.0,-0.342020143));
#1312=DIRECTION('',(-0.342020143,0.0,-0.939692621));
#1313=ADVANCED_FACE('',(#1314),#1333,.T.);
#1314=FACE_BOUND('',#1315,.T.);
#1315=EDGE_LOOP('',(#1316,#1325,#1331,#1332));
#1316=ORIENTED_EDGE('',*,*,#1317,.T.);
#1317=EDGE_CURVE('',#1295,#1318,#1320,.F.);
#1318=VERTEX_POINT('',#1319);
#1319=CARTESIAN_POINT('',(-3.689826047,1.27,-9.766390587));
#1320=CIRCLE('',#1321,0.127);
#1321=AXIS2_PLACEMENT_3D('',#1322,#1323,#1324);
#1322=CARTESIAN_POINT('',(-3.570485084,1.27,-9.809827145));
#1323=DIRECTION('',(0.0,-1.0,0.0));
#1324=DIRECTION('',(-0.939692621,0.0,0.342020143));
#1325=ORIENTED_EDGE('',*,*,#1326,.T.);
#1326=EDGE_CURVE('',#1318,#1210,#1327,.F.);
#1327=LINE('',#1328,#1329);
#1328=CARTESIAN_POINT('',(-3.689826047,8.6868,-9.766390587));
#1329=VECTOR('',#1330,1.0);
#1330=DIRECTION('',(0.0,-1.0,0.0));
#1331=ORIENTED_EDGE('',*,*,#1207,.F.);
#1332=ORIENTED_EDGE('',*,*,#1303,.F.);
#1333=CYLINDRICAL_SURFACE('',#1334,0.127);
#1334=AXIS2_PLACEMENT_3D('',#1335,#1336,#1337);
#1335=CARTESIAN_POINT('',(-3.570485084,8.717093534,-9.809827145));
#1336=DIRECTION('',(0.0,-1.0,0.0));
#1337=DIRECTION('',(-0.939692621,0.0,0.342020143));
#1338=ADVANCED_FACE('',(#1339),#1392,.T.);
#1339=FACE_BOUND('',#1340,.T.);
#1340=EDGE_LOOP('',(#1341,#1350,#1358,#1367,#1375,#1384,#1390,#1391));
#1341=ORIENTED_EDGE('',*,*,#1342,.T.);
#1342=EDGE_CURVE('',#1318,#1343,#1345,.T.);
#1343=VERTEX_POINT('',#1344);
#1344=CARTESIAN_POINT('',(-3.298897023,0.127,-8.692321922));
#1345=CIRCLE('',#1346,1.143);
#1346=AXIS2_PLACEMENT_3D('',#1347,#1348,#1349);
#1347=CARTESIAN_POINT('',(-3.298897023,1.27,-8.692321922));
#1348=DIRECTION('',(-0.939692621,0.0,0.342020143));
#1349=DIRECTION('',(-0.342020143,0.0,-0.939692621));
#1350=ORIENTED_EDGE('',*,*,#1351,.T.);
#1351=EDGE_CURVE('',#1343,#1352,#1354,.T.);
#1352=VERTEX_POINT('',#1353);
#1353=CARTESIAN_POINT('',(-2.864531441,0.127,-7.498912293));
#1354=LINE('',#1355,#1356);
#1355=CARTESIAN_POINT('',(-3.298897023,0.127,-8.692321922));
#1356=VECTOR('',#1357,1.0);
#1357=DIRECTION('',(0.342020143,0.0,0.939692621));
#1358=ORIENTED_EDGE('',*,*,#1359,.T.);
#1359=EDGE_CURVE('',#1352,#1360,#1362,.T.);
#1360=VERTEX_POINT('',#1361);
#1361=CARTESIAN_POINT('',(-2.473602417,1.27,-6.424843628));
#1362=CIRCLE('',#1363,1.143);
#1363=AXIS2_PLACEMENT_3D('',#1364,#1365,#1366);
#1364=CARTESIAN_POINT('',(-2.864531441,1.27,-7.498912293));
#1365=DIRECTION('',(-0.939692621,0.0,0.342020143));
#1366=DIRECTION('',(0.0,-1.0,0.0));
#1367=ORIENTED_EDGE('',*,*,#1368,.T.);
#1368=EDGE_CURVE('',#1360,#1369,#1371,.T.);
#1369=VERTEX_POINT('',#1370);
#1370=CARTESIAN_POINT('',(-2.473602417,8.6868,-6.424843628));
#1371=LINE('',#1372,#1373);
#1372=CARTESIAN_POINT('',(-2.473602417,1.27,-6.424843628));
#1373=VECTOR('',#1374,1.0);
#1374=DIRECTION('',(0.0,1.0,0.0));
#1375=ORIENTED_EDGE('',*,*,#1376,.T.);
#1376=EDGE_CURVE('',#1369,#1377,#1379,.T.);
#1377=VERTEX_POINT('',#1378);
#1378=CARTESIAN_POINT('',(-2.864531441,9.8298,-7.498912293));
#1379=CIRCLE('',#1380,1.143);
#1380=AXIS2_PLACEMENT_3D('',#1381,#1382,#1383);
#1381=CARTESIAN_POINT('',(-2.864531441,8.6868,-7.498912293));
#1382=DIRECTION('',(-0.939692621,0.0,0.342020143));
#1383=DIRECTION('',(0.342020143,0.0,0.939692621));
#1384=ORIENTED_EDGE('',*,*,#1385,.T.);
#1385=EDGE_CURVE('',#1377,#1219,#1386,.T.);
#1386=LINE('',#1387,#1388);
#1387=CARTESIAN_POINT('',(-2.864531441,9.8298,-7.498912293));
#1388=VECTOR('',#1389,1.0);
#1389=DIRECTION('',(-0.342020143,0.0,-0.939692621));
#1390=ORIENTED_EDGE('',*,*,#1218,.F.);
#1391=ORIENTED_EDGE('',*,*,#1326,.F.);
#1392=PLANE('',#1393);
#1393=AXIS2_PLACEMENT_3D('',#1394,#1395,#1396);
#1394=CARTESIAN_POINT('',(-3.733262605,0.0,-9.88573155));
#1395=DIRECTION('',(-0.939692621,0.0,0.342020143));
#1396=DIRECTION('',(0.342020143,0.0,0.939692621));
#1397=ADVANCED_FACE('',(#1398),#1410,.T.);
#1398=FACE_BOUND('',#1399,.T.);
#1399=EDGE_LOOP('',(#1400,#1401,#1402,#1409));
#1400=ORIENTED_EDGE('',*,*,#1227,.F.);
#1401=ORIENTED_EDGE('',*,*,#1385,.F.);
#1402=ORIENTED_EDGE('',*,*,#1403,.T.);
#1403=EDGE_CURVE('',#1377,#1253,#1404,.T.);
#1404=CIRCLE('',#1405,0.127);
#1405=AXIS2_PLACEMENT_3D('',#1406,#1407,#1408);
#1406=CARTESIAN_POINT('',(-2.745190478,9.8298,-7.542348851));
#1407=DIRECTION('',(-0.342020143,0.0,-0.939692621));
#1408=DIRECTION('',(-0.939692621,0.0,0.342020143));
#1409=ORIENTED_EDGE('',*,*,#1252,.F.);
#1410=CYLINDRICAL_SURFACE('',#1411,0.127);
#1411=AXIS2_PLACEMENT_3D('',#1412,#1413,#1414);
#1412=CARTESIAN_POINT('',(-2.73918849,9.8298,-7.525858523));
#1413=DIRECTION('',(-0.342020143,0.0,-0.939692621));
#1414=DIRECTION('',(-0.939692621,0.0,0.342020143));
#1415=ADVANCED_FACE('',(#1416),#1428,.T.);
#1416=FACE_BOUND('',#1417,.T.);
#1417=EDGE_LOOP('',(#1418,#1419,#1420,#1427));
#1418=ORIENTED_EDGE('',*,*,#1403,.F.);
#1419=ORIENTED_EDGE('',*,*,#1376,.F.);
#1420=ORIENTED_EDGE('',*,*,#1421,.T.);
#1421=EDGE_CURVE('',#1369,#1261,#1422,.T.);
#1422=CIRCLE('',#1423,0.127);
#1423=AXIS2_PLACEMENT_3D('',#1424,#1425,#1426);
#1424=CARTESIAN_POINT('',(-2.354261455,8.6868,-6.468280186));
#1425=DIRECTION('',(0.0,1.0,0.0));
#1426=DIRECTION('',(-0.939692621,0.0,0.342020143));
#1427=ORIENTED_EDGE('',*,*,#1260,.F.);
#1428=TOROIDAL_SURFACE('',#1429,1.143,0.127);
#1429=AXIS2_PLACEMENT_3D('',#1430,#1431,#1432);
#1430=CARTESIAN_POINT('',(-2.745190478,8.6868,-7.542348851));
#1431=DIRECTION('',(0.939692621,0.0,-0.342020143));
#1432=DIRECTION('',(0.341932998,-0.022572657,0.939453192));
#1433=ADVANCED_FACE('',(#1434),#1446,.T.);
#1434=FACE_BOUND('',#1435,.T.);
#1435=EDGE_LOOP('',(#1436,#1437,#1438,#1445));
#1436=ORIENTED_EDGE('',*,*,#1421,.F.);
#1437=ORIENTED_EDGE('',*,*,#1368,.F.);
#1438=ORIENTED_EDGE('',*,*,#1439,.T.);
#1439=EDGE_CURVE('',#1360,#1270,#1440,.T.);
#1440=CIRCLE('',#1441,0.127);
#1441=AXIS2_PLACEMENT_3D('',#1442,#1443,#1444);
#1442=CARTESIAN_POINT('',(-2.354261455,1.27,-6.468280186));
#1443=DIRECTION('',(0.0,1.0,0.0));
#1444=DIRECTION('',(-0.939692621,0.0,0.342020143));
#1445=ORIENTED_EDGE('',*,*,#1269,.F.);
#1446=CYLINDRICAL_SURFACE('',#1447,0.127);
#1447=AXIS2_PLACEMENT_3D('',#1448,#1449,#1450);
#1448=CARTESIAN_POINT('',(-2.354261455,1.252451359,-6.468280186));
#1449=DIRECTION('',(0.0,1.0,0.0));
#1450=DIRECTION('',(-0.939692621,0.0,0.342020143));
#1451=ADVANCED_FACE('',(#1452),#1464,.T.);
#1452=FACE_BOUND('',#1453,.T.);
#1453=EDGE_LOOP('',(#1454,#1455,#1456,#1463));
#1454=ORIENTED_EDGE('',*,*,#1439,.F.);
#1455=ORIENTED_EDGE('',*,*,#1359,.F.);
#1456=ORIENTED_EDGE('',*,*,#1457,.T.);
#1457=EDGE_CURVE('',#1352,#1278,#1458,.T.);
#1458=CIRCLE('',#1459,0.127);
#1459=AXIS2_PLACEMENT_3D('',#1460,#1461,#1462);
#1460=CARTESIAN_POINT('',(-2.745190478,0.127,-7.542348851));
#1461=DIRECTION('',(0.342020143,0.0,0.939692621));
#1462=DIRECTION('',(-0.939692621,0.0,0.342020143));
#1463=ORIENTED_EDGE('',*,*,#1277,.F.);
#1464=TOROIDAL_SURFACE('',#1465,1.143,0.127);
#1465=AXIS2_PLACEMENT_3D('',#1466,#1467,#1468);
#1466=CARTESIAN_POINT('',(-2.745190478,1.27,-7.542348851));
#1467=DIRECTION('',(-0.939692621,0.0,0.342020143));
#1468=DIRECTION('',(-0.00543494,-0.999873735,-0.014932374));
#1469=ADVANCED_FACE('',(#1470),#1482,.T.);
#1470=FACE_BOUND('',#1471,.T.);
#1471=EDGE_LOOP('',(#1472,#1473,#1474,#1481));
#1472=ORIENTED_EDGE('',*,*,#1457,.F.);
#1473=ORIENTED_EDGE('',*,*,#1351,.F.);
#1474=ORIENTED_EDGE('',*,*,#1475,.T.);
#1475=EDGE_CURVE('',#1343,#1287,#1476,.T.);
#1476=CIRCLE('',#1477,0.127);
#1477=AXIS2_PLACEMENT_3D('',#1478,#1479,#1480);
#1478=CARTESIAN_POINT('',(-3.17955606,0.127,-8.73575848));
#1479=DIRECTION('',(0.342020143,0.0,0.939692621));
#1480=DIRECTION('',(-0.939692621,0.0,0.342020143));
#1481=ORIENTED_EDGE('',*,*,#1286,.F.);
#1482=CYLINDRICAL_SURFACE('',#1483,0.127);
#1483=AXIS2_PLACEMENT_3D('',#1484,#1485,#1486);
#1484=CARTESIAN_POINT('',(-3.189917059,0.127,-8.76422509));
#1485=DIRECTION('',(0.342020143,0.0,0.939692621));
#1486=DIRECTION('',(-0.939692621,0.0,0.342020143));
#1487=ADVANCED_FACE('',(#1488),#1494,.T.);
#1488=FACE_BOUND('',#1489,.T.);
#1489=EDGE_LOOP('',(#1490,#1491,#1492,#1493));
#1490=ORIENTED_EDGE('',*,*,#1475,.F.);
#1491=ORIENTED_EDGE('',*,*,#1342,.F.);
#1492=ORIENTED_EDGE('',*,*,#1317,.F.);
#1493=ORIENTED_EDGE('',*,*,#1294,.F.);
#1494=TOROIDAL_SURFACE('',#1495,1.143,0.127);
#1495=AXIS2_PLACEMENT_3D('',#1496,#1497,#1498);
#1496=CARTESIAN_POINT('',(-3.17955606,1.27,-8.73575848));
#1497=DIRECTION('',(0.939692621,0.0,-0.342020143));
#1498=DIRECTION('',(-0.341932998,0.022572657,-0.939453192));
#1499=MANIFOLD_SOLID_BREP('',#1500);
#1500=CLOSED_SHELL('',(#1501,#1545,#1611,#1636,#1695,#1713,#1731,#1749,#1767,#1785));
#1501=ADVANCED_FACE('',(#1502),#1540,.T.);
#1502=FACE_BOUND('',#1503,.T.);
#1503=EDGE_LOOP('',(#1504,#1515,#1524,#1533));
#1504=ORIENTED_EDGE('',*,*,#1505,.T.);
#1505=EDGE_CURVE('',#1506,#1508,#1510,.T.);
#1506=VERTEX_POINT('',#1507);
#1507=CARTESIAN_POINT('',(-4.296779993,8.6868,-9.514982031));
#1508=VERTEX_POINT('',#1509);
#1509=CARTESIAN_POINT('',(-4.526982171,8.6868,-9.407636993));
#1510=CIRCLE('',#1511,0.127);
#1511=AXIS2_PLACEMENT_3D('',#1512,#1513,#1514);
#1512=CARTESIAN_POINT('',(-4.411881082,8.6868,-9.461309512));
#1513=DIRECTION('',(0.0,1.0,0.0));
#1514=DIRECTION('',(0.906307787,0.0,-0.422618262));
#1515=ORIENTED_EDGE('',*,*,#1516,.T.);
#1516=EDGE_CURVE('',#1508,#1517,#1519,.F.);
#1517=VERTEX_POINT('',#1518);
#1518=CARTESIAN_POINT('',(-4.043929497,9.8298,-8.371727192));
#1519=CIRCLE('',#1520,1.143);
#1520=AXIS2_PLACEMENT_3D('',#1521,#1522,#1523);
#1521=CARTESIAN_POINT('',(-4.043929497,8.6868,-8.371727192));
#1522=DIRECTION('',(-0.906307787,0.0,0.422618262));
#1523=DIRECTION('',(0.0,1.0,0.0));
#1524=ORIENTED_EDGE('',*,*,#1525,.T.);
#1525=EDGE_CURVE('',#1517,#1526,#1528,.T.);
#1526=VERTEX_POINT('',#1527);
#1527=CARTESIAN_POINT('',(-3.813727319,9.8298,-8.479072231));
#1528=CIRCLE('',#1529,0.127);
#1529=AXIS2_PLACEMENT_3D('',#1530,#1531,#1532);
#1530=CARTESIAN_POINT('',(-3.928828408,9.8298,-8.425399711));
#1531=DIRECTION('',(-0.422618262,0.0,-0.906307787));
#1532=DIRECTION('',(-0.906307787,0.0,0.422618262));
#1533=ORIENTED_EDGE('',*,*,#1534,.T.);
#1534=EDGE_CURVE('',#1526,#1506,#1535,.F.);
#1535=CIRCLE('',#1536,1.143);
#1536=AXIS2_PLACEMENT_3D('',#1537,#1538,#1539);
#1537=CARTESIAN_POINT('',(-3.813727319,8.6868,-8.479072231));
#1538=DIRECTION('',(0.906307787,0.0,-0.422618262));
#1539=DIRECTION('',(-0.422618262,1.727013594E-14,-0.906307787));
#1540=TOROIDAL_SURFACE('',#1541,1.143,0.127);
#1541=AXIS2_PLACEMENT_3D('',#1542,#1543,#1544);
#1542=CARTESIAN_POINT('',(-3.928828408,8.6868,-8.425399711));
#1543=DIRECTION('',(-0.906307787,0.0,0.422618262));
#1544=DIRECTION('',(0.0067157,0.999873735,0.014401866));
#1545=ADVANCED_FACE('',(#1546),#1606,.T.);
#1546=FACE_BOUND('',#1547,.T.);
#1547=EDGE_LOOP('',(#1548,#1549,#1557,#1566,#1574,#1583,#1591,#1600));
#1548=ORIENTED_EDGE('',*,*,#1534,.F.);
#1549=ORIENTED_EDGE('',*,*,#1550,.T.);
#1550=EDGE_CURVE('',#1526,#1551,#1553,.T.);
#1551=VERTEX_POINT('',#1552);
#1552=CARTESIAN_POINT('',(-3.277002127,9.8298,-7.328061341));
#1553=LINE('',#1554,#1555);
#1554=CARTESIAN_POINT('',(-3.813727319,9.8298,-8.479072231));
#1555=VECTOR('',#1556,1.0);
#1556=DIRECTION('',(0.422618262,0.0,0.906307787));
#1557=ORIENTED_EDGE('',*,*,#1558,.T.);
#1558=EDGE_CURVE('',#1551,#1559,#1561,.T.);
#1559=VERTEX_POINT('',#1560);
#1560=CARTESIAN_POINT('',(-2.793949454,8.6868,-6.292151541));
#1561=CIRCLE('',#1562,1.143);
#1562=AXIS2_PLACEMENT_3D('',#1563,#1564,#1565);
#1563=CARTESIAN_POINT('',(-3.277002127,8.6868,-7.328061341));
#1564=DIRECTION('',(0.906307787,0.0,-0.422618262));
#1565=DIRECTION('',(0.0,1.0,0.0));
#1566=ORIENTED_EDGE('',*,*,#1567,.T.);
#1567=EDGE_CURVE('',#1559,#1568,#1570,.T.);
#1568=VERTEX_POINT('',#1569);
#1569=CARTESIAN_POINT('',(-2.793949454,1.27,-6.292151541));
#1570=LINE('',#1571,#1572);
#1571=CARTESIAN_POINT('',(-2.793949454,8.6868,-6.292151541));
#1572=VECTOR('',#1573,1.0);
#1573=DIRECTION('',(0.0,-1.0,0.0));
#1574=ORIENTED_EDGE('',*,*,#1575,.T.);
#1575=EDGE_CURVE('',#1568,#1576,#1578,.T.);
#1576=VERTEX_POINT('',#1577);
#1577=CARTESIAN_POINT('',(-3.277002127,0.127,-7.328061341));
#1578=CIRCLE('',#1579,1.143);
#1579=AXIS2_PLACEMENT_3D('',#1580,#1581,#1582);
#1580=CARTESIAN_POINT('',(-3.277002127,1.27,-7.328061341));
#1581=DIRECTION('',(0.906307787,0.0,-0.422618262));
#1582=DIRECTION('',(0.422618262,0.0,0.906307787));
#1583=ORIENTED_EDGE('',*,*,#1584,.T.);
#1584=EDGE_CURVE('',#1576,#1585,#1587,.T.);
#1585=VERTEX_POINT('',#1586);
#1586=CARTESIAN_POINT('',(-3.813727319,0.127,-8.479072231));
#1587=LINE('',#1588,#1589);
#1588=CARTESIAN_POINT('',(-3.277002127,0.127,-7.328061341));
#1589=VECTOR('',#1590,1.0);
#1590=DIRECTION('',(-0.422618262,0.0,-0.906307787));
#1591=ORIENTED_EDGE('',*,*,#1592,.T.);
#1592=EDGE_CURVE('',#1585,#1593,#1595,.T.);
#1593=VERTEX_POINT('',#1594);
#1594=CARTESIAN_POINT('',(-4.296779993,1.27,-9.514982031));
#1595=CIRCLE('',#1596,1.143);
#1596=AXIS2_PLACEMENT_3D('',#1597,#1598,#1599);
#1597=CARTESIAN_POINT('',(-3.813727319,1.27,-8.479072231));
#1598=DIRECTION('',(0.906307787,0.0,-0.422618262));
#1599=DIRECTION('',(0.0,-1.0,0.0));
#1600=ORIENTED_EDGE('',*,*,#1601,.T.);
#1601=EDGE_CURVE('',#1593,#1506,#1602,.T.);
#1602=LINE('',#1603,#1604);
#1603=CARTESIAN_POINT('',(-4.296779993,1.27,-9.514982031));
#1604=VECTOR('',#1605,1.0);
#1605=DIRECTION('',(0.0,1.0,0.0));
#1606=PLANE('',#1607);
#1607=AXIS2_PLACEMENT_3D('',#1608,#1609,#1610);
#1608=CARTESIAN_POINT('',(-2.740276935,0.0,-6.177050452));
#1609=DIRECTION('',(0.906307787,0.0,-0.422618262));
#1610=DIRECTION('',(-0.422618262,0.0,-0.906307787));
#1611=ADVANCED_FACE('',(#1612),#1631,.T.);
#1612=FACE_BOUND('',#1613,.T.);
#1613=EDGE_LOOP('',(#1614,#1623,#1629,#1630));
#1614=ORIENTED_EDGE('',*,*,#1615,.T.);
#1615=EDGE_CURVE('',#1593,#1616,#1618,.F.);
#1616=VERTEX_POINT('',#1617);
#1617=CARTESIAN_POINT('',(-4.526982171,1.27,-9.407636993));
#1618=CIRCLE('',#1619,0.127);
#1619=AXIS2_PLACEMENT_3D('',#1620,#1621,#1622);
#1620=CARTESIAN_POINT('',(-4.411881082,1.27,-9.461309512));
#1621=DIRECTION('',(0.0,-1.0,0.0));
#1622=DIRECTION('',(-0.906307787,0.0,0.422618262));
#1623=ORIENTED_EDGE('',*,*,#1624,.T.);
#1624=EDGE_CURVE('',#1616,#1508,#1625,.F.);
#1625=LINE('',#1626,#1627);
#1626=CARTESIAN_POINT('',(-4.526982171,8.6868,-9.407636993));
#1627=VECTOR('',#1628,1.0);
#1628=DIRECTION('',(0.0,-1.0,0.0));
#1629=ORIENTED_EDGE('',*,*,#1505,.F.);
#1630=ORIENTED_EDGE('',*,*,#1601,.F.);
#1631=CYLINDRICAL_SURFACE('',#1632,0.127);
#1632=AXIS2_PLACEMENT_3D('',#1633,#1634,#1635);
#1633=CARTESIAN_POINT('',(-4.411881082,8.717093534,-9.461309512));
#1634=DIRECTION('',(0.0,-1.0,0.0));
#1635=DIRECTION('',(-0.906307787,0.0,0.422618262));
#1636=ADVANCED_FACE('',(#1637),#1690,.T.);
#1637=FACE_BOUND('',#1638,.T.);
#1638=EDGE_LOOP('',(#1639,#1648,#1656,#1665,#1673,#1682,#1688,#1689));
#1639=ORIENTED_EDGE('',*,*,#1640,.T.);
#1640=EDGE_CURVE('',#1616,#1641,#1643,.T.);
#1641=VERTEX_POINT('',#1642);
#1642=CARTESIAN_POINT('',(-4.043929497,0.127,-8.371727192));
#1643=CIRCLE('',#1644,1.143);
#1644=AXIS2_PLACEMENT_3D('',#1645,#1646,#1647);
#1645=CARTESIAN_POINT('',(-4.043929497,1.27,-8.371727192));
#1646=DIRECTION('',(-0.906307787,0.0,0.422618262));
#1647=DIRECTION('',(-0.422618262,2.328384399E-14,-0.906307787));
#1648=ORIENTED_EDGE('',*,*,#1649,.T.);
#1649=EDGE_CURVE('',#1641,#1650,#1652,.T.);
#1650=VERTEX_POINT('',#1651);
#1651=CARTESIAN_POINT('',(-3.507204305,0.127,-7.220716303));
#1652=LINE('',#1653,#1654);
#1653=CARTESIAN_POINT('',(-4.043929497,0.127,-8.371727192));
#1654=VECTOR('',#1655,1.0);
#1655=DIRECTION('',(0.422618262,0.0,0.906307787));
#1656=ORIENTED_EDGE('',*,*,#1657,.T.);
#1657=EDGE_CURVE('',#1650,#1658,#1660,.T.);
#1658=VERTEX_POINT('',#1659);
#1659=CARTESIAN_POINT('',(-3.024151632,1.27,-6.184806502));
#1660=CIRCLE('',#1661,1.143);
#1661=AXIS2_PLACEMENT_3D('',#1662,#1663,#1664);
#1662=CARTESIAN_POINT('',(-3.507204305,1.27,-7.220716303));
#1663=DIRECTION('',(-0.906307787,0.0,0.422618262));
#1664=DIRECTION('',(0.0,-1.0,0.0));
#1665=ORIENTED_EDGE('',*,*,#1666,.T.);
#1666=EDGE_CURVE('',#1658,#1667,#1669,.T.);
#1667=VERTEX_POINT('',#1668);
#1668=CARTESIAN_POINT('',(-3.024151632,8.6868,-6.184806502));
#1669=LINE('',#1670,#1671);
#1670=CARTESIAN_POINT('',(-3.024151632,1.27,-6.184806502));
#1671=VECTOR('',#1672,1.0);
#1672=DIRECTION('',(0.0,1.0,0.0));
#1673=ORIENTED_EDGE('',*,*,#1674,.T.);
#1674=EDGE_CURVE('',#1667,#1675,#1677,.T.);
#1675=VERTEX_POINT('',#1676);
#1676=CARTESIAN_POINT('',(-3.507204305,9.8298,-7.220716303));
#1677=CIRCLE('',#1678,1.143);
#1678=AXIS2_PLACEMENT_3D('',#1679,#1680,#1681);
#1679=CARTESIAN_POINT('',(-3.507204305,8.6868,-7.220716303));
#1680=DIRECTION('',(-0.906307787,0.0,0.422618262));
#1681=DIRECTION('',(0.422618262,0.0,0.906307787));
#1682=ORIENTED_EDGE('',*,*,#1683,.T.);
#1683=EDGE_CURVE('',#1675,#1517,#1684,.T.);
#1684=LINE('',#1685,#1686);
#1685=CARTESIAN_POINT('',(-3.507204305,9.8298,-7.220716303));
#1686=VECTOR('',#1687,1.0);
#1687=DIRECTION('',(-0.422618262,0.0,-0.906307787));
#1688=ORIENTED_EDGE('',*,*,#1516,.F.);
#1689=ORIENTED_EDGE('',*,*,#1624,.F.);
#1690=PLANE('',#1691);
#1691=AXIS2_PLACEMENT_3D('',#1692,#1693,#1694);
#1692=CARTESIAN_POINT('',(-4.58065469,0.0,-9.522738082));
#1693=DIRECTION('',(-0.906307787,0.0,0.422618262));
#1694=DIRECTION('',(0.422618262,0.0,0.906307787));
#1695=ADVANCED_FACE('',(#1696),#1708,.T.);
#1696=FACE_BOUND('',#1697,.T.);
#1697=EDGE_LOOP('',(#1698,#1699,#1700,#1707));
#1698=ORIENTED_EDGE('',*,*,#1525,.F.);
#1699=ORIENTED_EDGE('',*,*,#1683,.F.);
#1700=ORIENTED_EDGE('',*,*,#1701,.T.);
#1701=EDGE_CURVE('',#1675,#1551,#1702,.T.);
#1702=CIRCLE('',#1703,0.127);
#1703=AXIS2_PLACEMENT_3D('',#1704,#1705,#1706);
#1704=CARTESIAN_POINT('',(-3.392103216,9.8298,-7.274388822));
#1705=DIRECTION('',(-0.422618262,0.0,-0.906307787));
#1706=DIRECTION('',(-0.906307787,-1.110223025E-14,0.422618262));
#1707=ORIENTED_EDGE('',*,*,#1550,.F.);
#1708=CYLINDRICAL_SURFACE('',#1709,0.127);
#1709=AXIS2_PLACEMENT_3D('',#1710,#1711,#1712);
#1710=CARTESIAN_POINT('',(-3.38468684,9.8298,-7.258484352));
#1711=DIRECTION('',(-0.422618262,0.0,-0.906307787));
#1712=DIRECTION('',(-0.906307787,0.0,0.422618262));
#1713=ADVANCED_FACE('',(#1714),#1726,.T.);
#1714=FACE_BOUND('',#1715,.T.);
#1715=EDGE_LOOP('',(#1716,#1717,#1718,#1725));
#1716=ORIENTED_EDGE('',*,*,#1701,.F.);
#1717=ORIENTED_EDGE('',*,*,#1674,.F.);
#1718=ORIENTED_EDGE('',*,*,#1719,.T.);
#1719=EDGE_CURVE('',#1667,#1559,#1720,.T.);
#1720=CIRCLE('',#1721,0.127);
#1721=AXIS2_PLACEMENT_3D('',#1722,#1723,#1724);
#1722=CARTESIAN_POINT('',(-2.909050543,8.6868,-6.238479021));
#1723=DIRECTION('',(0.0,1.0,0.0));
#1724=DIRECTION('',(-0.906307787,0.0,0.422618262));
#1725=ORIENTED_EDGE('',*,*,#1558,.F.);
#1726=TOROIDAL_SURFACE('',#1727,1.143,0.127);
#1727=AXIS2_PLACEMENT_3D('',#1728,#1729,#1730);
#1728=CARTESIAN_POINT('',(-3.392103216,8.6868,-7.274388822));
#1729=DIRECTION('',(0.906307787,0.0,-0.422618262));
#1730=DIRECTION('',(0.422510581,-0.022572657,0.906076864));
#1731=ADVANCED_FACE('',(#1732),#1744,.T.);
#1732=FACE_BOUND('',#1733,.T.);
#1733=EDGE_LOOP('',(#1734,#1735,#1736,#1743));
#1734=ORIENTED_EDGE('',*,*,#1719,.F.);
#1735=ORIENTED_EDGE('',*,*,#1666,.F.);
#1736=ORIENTED_EDGE('',*,*,#1737,.T.);
#1737=EDGE_CURVE('',#1658,#1568,#1738,.T.);
#1738=CIRCLE('',#1739,0.127);
#1739=AXIS2_PLACEMENT_3D('',#1740,#1741,#1742);
#1740=CARTESIAN_POINT('',(-2.909050543,1.27,-6.238479021));
#1741=DIRECTION('',(0.0,1.0,0.0));
#1742=DIRECTION('',(-0.906307787,0.0,0.422618262));
#1743=ORIENTED_EDGE('',*,*,#1567,.F.);
#1744=CYLINDRICAL_SURFACE('',#1745,0.127);
#1745=AXIS2_PLACEMENT_3D('',#1746,#1747,#1748);
#1746=CARTESIAN_POINT('',(-2.909050543,1.252451359,-6.238479021));
#1747=DIRECTION('',(0.0,1.0,0.0));
#1748=DIRECTION('',(-0.906307787,0.0,0.422618262));
#1749=ADVANCED_FACE('',(#1750),#1762,.T.);
#1750=FACE_BOUND('',#1751,.T.);
#1751=EDGE_LOOP('',(#1752,#1753,#1754,#1761));
#1752=ORIENTED_EDGE('',*,*,#1737,.F.);
#1753=ORIENTED_EDGE('',*,*,#1657,.F.);
#1754=ORIENTED_EDGE('',*,*,#1755,.T.);
#1755=EDGE_CURVE('',#1650,#1576,#1756,.T.);
#1756=CIRCLE('',#1757,0.127);
#1757=AXIS2_PLACEMENT_3D('',#1758,#1759,#1760);
#1758=CARTESIAN_POINT('',(-3.392103216,0.127,-7.274388822));
#1759=DIRECTION('',(0.422618262,0.0,0.906307787));
#1760=DIRECTION('',(-0.906307787,0.0,0.422618262));
#1761=ORIENTED_EDGE('',*,*,#1575,.F.);
#1762=TOROIDAL_SURFACE('',#1763,1.143,0.127);
#1763=AXIS2_PLACEMENT_3D('',#1764,#1765,#1766);
#1764=CARTESIAN_POINT('',(-3.392103216,1.27,-7.274388822));
#1765=DIRECTION('',(-0.906307787,0.0,0.422618262));
#1766=DIRECTION('',(-0.0067157,-0.999873735,-0.014401866));
#1767=ADVANCED_FACE('',(#1768),#1780,.T.);
#1768=FACE_BOUND('',#1769,.T.);
#1769=EDGE_LOOP('',(#1770,#1771,#1772,#1779));
#1770=ORIENTED_EDGE('',*,*,#1755,.F.);
#1771=ORIENTED_EDGE('',*,*,#1649,.F.);
#1772=ORIENTED_EDGE('',*,*,#1773,.T.);
#1773=EDGE_CURVE('',#1641,#1585,#1774,.T.);
#1774=CIRCLE('',#1775,0.127);
#1775=AXIS2_PLACEMENT_3D('',#1776,#1777,#1778);
#1776=CARTESIAN_POINT('',(-3.928828408,0.127,-8.425399711));
#1777=DIRECTION('',(0.422618262,0.0,0.906307787));
#1778=DIRECTION('',(-0.906307787,0.0,0.422618262));
#1779=ORIENTED_EDGE('',*,*,#1584,.F.);
#1780=CYLINDRICAL_SURFACE('',#1781,0.127);
#1781=AXIS2_PLACEMENT_3D('',#1782,#1783,#1784);
#1782=CARTESIAN_POINT('',(-3.941631009,0.127,-8.452854977));
#1783=DIRECTION('',(0.422618262,0.0,0.906307787));
#1784=DIRECTION('',(-0.906307787,0.0,0.422618262));
#1785=ADVANCED_FACE('',(#1786),#1792,.T.);
#1786=FACE_BOUND('',#1787,.T.);
#1787=EDGE_LOOP('',(#1788,#1789,#1790,#1791));
#1788=ORIENTED_EDGE('',*,*,#1773,.F.);
#1789=ORIENTED_EDGE('',*,*,#1640,.F.);
#1790=ORIENTED_EDGE('',*,*,#1615,.F.);
#1791=ORIENTED_EDGE('',*,*,#1592,.F.);
#1792=TOROIDAL_SURFACE('',#1793,1.143,0.127);
#1793=AXIS2_PLACEMENT_3D('',#1794,#1795,#1796);
#1794=CARTESIAN_POINT('',(-3.928828408,1.27,-8.425399711));
#1795=DIRECTION('',(0.906307787,0.0,-0.422618262));
#1796=DIRECTION('',(-0.422510581,0.022572657,-0.906076864));
#1797=MANIFOLD_SOLID_BREP('',#1798);
#1798=CLOSED_SHELL('',(#1799,#1843,#1909,#1934,#1993,#2011,#2029,#2047,#2065,#2083));
#1799=ADVANCED_FACE('',(#1800),#1838,.T.);
#1800=FACE_BOUND('',#1801,.T.);
#1801=EDGE_LOOP('',(#1802,#1813,#1822,#1831));
#1802=ORIENTED_EDGE('',*,*,#1803,.T.);
#1803=EDGE_CURVE('',#1804,#1806,#1808,.T.);
#1804=VERTEX_POINT('',#1805);
#1805=CARTESIAN_POINT('',(-5.109714774,8.6868,-9.1042856));
#1806=VERTEX_POINT('',#1807);
#1807=CARTESIAN_POINT('',(-5.329685226,8.6868,-8.9772856));
#1808=CIRCLE('',#1809,0.127);
#1809=AXIS2_PLACEMENT_3D('',#1810,#1811,#1812);
#1810=CARTESIAN_POINT('',(-5.2197,8.6868,-9.0407856));
#1811=DIRECTION('',(0.0,1.0,0.0));
#1812=DIRECTION('',(0.866025404,0.0,-0.5));
#1813=ORIENTED_EDGE('',*,*,#1814,.T.);
#1814=EDGE_CURVE('',#1806,#1815,#1817,.F.);
#1815=VERTEX_POINT('',#1816);
#1816=CARTESIAN_POINT('',(-4.758185226,9.8298,-7.987418564));
#1817=CIRCLE('',#1818,1.143);
#1818=AXIS2_PLACEMENT_3D('',#1819,#1820,#1821);
#1819=CARTESIAN_POINT('',(-4.758185226,8.6868,-7.987418564));
#1820=DIRECTION('',(-0.866025404,0.0,0.5));
#1821=DIRECTION('',(0.0,1.0,0.0));
#1822=ORIENTED_EDGE('',*,*,#1823,.T.);
#1823=EDGE_CURVE('',#1815,#1824,#1826,.T.);
#1824=VERTEX_POINT('',#1825);
#1825=CARTESIAN_POINT('',(-4.538214774,9.8298,-8.114418564));
#1826=CIRCLE('',#1827,0.127);
#1827=AXIS2_PLACEMENT_3D('',#1828,#1829,#1830);
#1828=CARTESIAN_POINT('',(-4.6482,9.8298,-8.050918564));
#1829=DIRECTION('',(-0.5,0.0,-0.866025404));
#1830=DIRECTION('',(-0.866025404,0.0,0.5));
#1831=ORIENTED_EDGE('',*,*,#1832,.T.);
#1832=EDGE_CURVE('',#1824,#1804,#1833,.F.);
#1833=CIRCLE('',#1834,1.143);
#1834=AXIS2_PLACEMENT_3D('',#1835,#1836,#1837);
#1835=CARTESIAN_POINT('',(-4.538214774,8.6868,-8.114418564));
#1836=DIRECTION('',(0.866025404,0.0,-0.5));
#1837=DIRECTION('',(-0.5,0.0,-0.866025404));
#1838=TOROIDAL_SURFACE('',#1839,1.143,0.127);
#1839=AXIS2_PLACEMENT_3D('',#1840,#1841,#1842);
#1840=CARTESIAN_POINT('',(-4.6482,8.6868,-8.050918564));
#1841=DIRECTION('',(-0.866025404,0.0,0.5));
#1842=DIRECTION('',(0.00794535,0.999873735,0.013761751));
#1843=ADVANCED_FACE('',(#1844),#1904,.T.);
#1844=FACE_BOUND('',#1845,.T.);
#1845=EDGE_LOOP('',(#1846,#1847,#1855,#1864,#1872,#1881,#1889,#1898));
#1846=ORIENTED_EDGE('',*,*,#1832,.F.);
#1847=ORIENTED_EDGE('',*,*,#1848,.T.);
#1848=EDGE_CURVE('',#1824,#1849,#1851,.T.);
#1849=VERTEX_POINT('',#1850);
#1850=CARTESIAN_POINT('',(-3.903214774,9.8298,-7.014566301));
#1851=LINE('',#1852,#1853);
#1852=CARTESIAN_POINT('',(-4.538214774,9.8298,-8.114418564));
#1853=VECTOR('',#1854,1.0);
#1854=DIRECTION('',(0.5,0.0,0.866025404));
#1855=ORIENTED_EDGE('',*,*,#1856,.T.);
#1856=EDGE_CURVE('',#1849,#1857,#1859,.T.);
#1857=VERTEX_POINT('',#1858);
#1858=CARTESIAN_POINT('',(-3.331714774,8.6868,-6.024699264));
#1859=CIRCLE('',#1860,1.143);
#1860=AXIS2_PLACEMENT_3D('',#1861,#1862,#1863);
#1861=CARTESIAN_POINT('',(-3.903214774,8.6868,-7.014566301));
#1862=DIRECTION('',(0.866025404,0.0,-0.5));
#1863=DIRECTION('',(0.0,1.0,0.0));
#1864=ORIENTED_EDGE('',*,*,#1865,.T.);
#1865=EDGE_CURVE('',#1857,#1866,#1868,.T.);
#1866=VERTEX_POINT('',#1867);
#1867=CARTESIAN_POINT('',(-3.331714774,1.27,-6.024699264));
#1868=LINE('',#1869,#1870);
#1869=CARTESIAN_POINT('',(-3.331714774,8.6868,-6.024699264));
#1870=VECTOR('',#1871,1.0);
#1871=DIRECTION('',(0.0,-1.0,0.0));
#1872=ORIENTED_EDGE('',*,*,#1873,.T.);
#1873=EDGE_CURVE('',#1866,#1874,#1876,.T.);
#1874=VERTEX_POINT('',#1875);
#1875=CARTESIAN_POINT('',(-3.903214774,0.127,-7.014566301));
#1876=CIRCLE('',#1877,1.143);
#1877=AXIS2_PLACEMENT_3D('',#1878,#1879,#1880);
#1878=CARTESIAN_POINT('',(-3.903214774,1.27,-7.014566301));
#1879=DIRECTION('',(0.866025404,0.0,-0.5));
#1880=DIRECTION('',(0.5,0.0,0.866025404));
#1881=ORIENTED_EDGE('',*,*,#1882,.T.);
#1882=EDGE_CURVE('',#1874,#1883,#1885,.T.);
#1883=VERTEX_POINT('',#1884);
#1884=CARTESIAN_POINT('',(-4.538214774,0.127,-8.114418564));
#1885=LINE('',#1886,#1887);
#1886=CARTESIAN_POINT('',(-3.903214774,0.127,-7.014566301));
#1887=VECTOR('',#1888,1.0);
#1888=DIRECTION('',(-0.5,0.0,-0.866025404));
#1889=ORIENTED_EDGE('',*,*,#1890,.T.);
#1890=EDGE_CURVE('',#1883,#1891,#1893,.T.);
#1891=VERTEX_POINT('',#1892);
#1892=CARTESIAN_POINT('',(-5.109714774,1.27,-9.1042856));
#1893=CIRCLE('',#1894,1.143);
#1894=AXIS2_PLACEMENT_3D('',#1895,#1896,#1897);
#1895=CARTESIAN_POINT('',(-4.538214774,1.27,-8.114418564));
#1896=DIRECTION('',(0.866025404,0.0,-0.5));
#1897=DIRECTION('',(0.0,-1.0,0.0));
#1898=ORIENTED_EDGE('',*,*,#1899,.T.);
#1899=EDGE_CURVE('',#1891,#1804,#1900,.T.);
#1900=LINE('',#1901,#1902);
#1901=CARTESIAN_POINT('',(-5.109714774,1.27,-9.1042856));
#1902=VECTOR('',#1903,1.0);
#1903=DIRECTION('',(0.0,1.0,0.0));
#1904=PLANE('',#1905);
#1905=AXIS2_PLACEMENT_3D('',#1906,#1907,#1908);
#1906=CARTESIAN_POINT('',(-3.268214774,0.0,-5.914714038));
#1907=DIRECTION('',(0.866025404,0.0,-0.5));
#1908=DIRECTION('',(-0.5,0.0,-0.866025404));
#1909=ADVANCED_FACE('',(#1910),#1929,.T.);
#1910=FACE_BOUND('',#1911,.T.);
#1911=EDGE_LOOP('',(#1912,#1921,#1927,#1928));
#1912=ORIENTED_EDGE('',*,*,#1913,.T.);
#1913=EDGE_CURVE('',#1891,#1914,#1916,.F.);
#1914=VERTEX_POINT('',#1915);
#1915=CARTESIAN_POINT('',(-5.329685226,1.27,-8.9772856));
#1916=CIRCLE('',#1917,0.127);
#1917=AXIS2_PLACEMENT_3D('',#1918,#1919,#1920);
#1918=CARTESIAN_POINT('',(-5.2197,1.27,-9.0407856));
#1919=DIRECTION('',(0.0,-1.0,0.0));
#1920=DIRECTION('',(-0.866025404,0.0,0.5));
#1921=ORIENTED_EDGE('',*,*,#1922,.T.);
#1922=EDGE_CURVE('',#1914,#1806,#1923,.F.);
#1923=LINE('',#1924,#1925);
#1924=CARTESIAN_POINT('',(-5.329685226,8.6868,-8.9772856));
#1925=VECTOR('',#1926,1.0);
#1926=DIRECTION('',(0.0,-1.0,0.0));
#1927=ORIENTED_EDGE('',*,*,#1803,.F.);
#1928=ORIENTED_EDGE('',*,*,#1899,.F.);
#1929=CYLINDRICAL_SURFACE('',#1930,0.127);
#1930=AXIS2_PLACEMENT_3D('',#1931,#1932,#1933);
#1931=CARTESIAN_POINT('',(-5.2197,8.717093534,-9.0407856));
#1932=DIRECTION('',(0.0,-1.0,0.0));
#1933=DIRECTION('',(-0.866025404,0.0,0.5));
#1934=ADVANCED_FACE('',(#1935),#1988,.T.);
#1935=FACE_BOUND('',#1936,.T.);
#1936=EDGE_LOOP('',(#1937,#1946,#1954,#1963,#1971,#1980,#1986,#1987));
#1937=ORIENTED_EDGE('',*,*,#1938,.T.);
#1938=EDGE_CURVE('',#1914,#1939,#1941,.T.);
#1939=VERTEX_POINT('',#1940);
#1940=CARTESIAN_POINT('',(-4.758185226,0.127,-7.987418564));
#1941=CIRCLE('',#1942,1.143);
#1942=AXIS2_PLACEMENT_3D('',#1943,#1944,#1945);
#1943=CARTESIAN_POINT('',(-4.758185226,1.27,-7.987418564));
#1944=DIRECTION('',(-0.866025404,0.0,0.5));
#1945=DIRECTION('',(-0.5,0.0,-0.866025404));
#1946=ORIENTED_EDGE('',*,*,#1947,.T.);
#1947=EDGE_CURVE('',#1939,#1948,#1950,.T.);
#1948=VERTEX_POINT('',#1949);
#1949=CARTESIAN_POINT('',(-4.123185226,0.127,-6.887566301));
#1950=LINE('',#1951,#1952);
#1951=CARTESIAN_POINT('',(-4.758185226,0.127,-7.987418564));
#1952=VECTOR('',#1953,1.0);
#1953=DIRECTION('',(0.5,0.0,0.866025404));
#1954=ORIENTED_EDGE('',*,*,#1955,.T.);
#1955=EDGE_CURVE('',#1948,#1956,#1958,.T.);
#1956=VERTEX_POINT('',#1957);
#1957=CARTESIAN_POINT('',(-3.551685226,1.27,-5.897699264));
#1958=CIRCLE('',#1959,1.143);
#1959=AXIS2_PLACEMENT_3D('',#1960,#1961,#1962);
#1960=CARTESIAN_POINT('',(-4.123185226,1.27,-6.887566301));
#1961=DIRECTION('',(-0.866025404,0.0,0.5));
#1962=DIRECTION('',(0.0,-1.0,0.0));
#1963=ORIENTED_EDGE('',*,*,#1964,.T.);
#1964=EDGE_CURVE('',#1956,#1965,#1967,.T.);
#1965=VERTEX_POINT('',#1966);
#1966=CARTESIAN_POINT('',(-3.551685226,8.6868,-5.897699264));
#1967=LINE('',#1968,#1969);
#1968=CARTESIAN_POINT('',(-3.551685226,1.27,-5.897699264));
#1969=VECTOR('',#1970,1.0);
#1970=DIRECTION('',(0.0,1.0,0.0));
#1971=ORIENTED_EDGE('',*,*,#1972,.T.);
#1972=EDGE_CURVE('',#1965,#1973,#1975,.T.);
#1973=VERTEX_POINT('',#1974);
#1974=CARTESIAN_POINT('',(-4.123185226,9.8298,-6.887566301));
#1975=CIRCLE('',#1976,1.143);
#1976=AXIS2_PLACEMENT_3D('',#1977,#1978,#1979);
#1977=CARTESIAN_POINT('',(-4.123185226,8.6868,-6.887566301));
#1978=DIRECTION('',(-0.866025404,0.0,0.5));
#1979=DIRECTION('',(0.5,0.0,0.866025404));
#1980=ORIENTED_EDGE('',*,*,#1981,.T.);
#1981=EDGE_CURVE('',#1973,#1815,#1982,.T.);
#1982=LINE('',#1983,#1984);
#1983=CARTESIAN_POINT('',(-4.123185226,9.8298,-6.887566301));
#1984=VECTOR('',#1985,1.0);
#1985=DIRECTION('',(-0.5,0.0,-0.866025404));
#1986=ORIENTED_EDGE('',*,*,#1814,.F.);
#1987=ORIENTED_EDGE('',*,*,#1922,.F.);
#1988=PLANE('',#1989);
#1989=AXIS2_PLACEMENT_3D('',#1990,#1991,#1992);
#1990=CARTESIAN_POINT('',(-5.393185226,0.0,-9.087270827));
#1991=DIRECTION('',(-0.866025404,0.0,0.5));
#1992=DIRECTION('',(0.5,0.0,0.866025404));
#1993=ADVANCED_FACE('',(#1994),#2006,.T.);
#1994=FACE_BOUND('',#1995,.T.);
#1995=EDGE_LOOP('',(#1996,#1997,#1998,#2005));
#1996=ORIENTED_EDGE('',*,*,#1823,.F.);
#1997=ORIENTED_EDGE('',*,*,#1981,.F.);
#1998=ORIENTED_EDGE('',*,*,#1999,.T.);
#1999=EDGE_CURVE('',#1973,#1849,#2000,.T.);
#2000=CIRCLE('',#2001,0.127);
#2001=AXIS2_PLACEMENT_3D('',#2002,#2003,#2004);
#2002=CARTESIAN_POINT('',(-4.0132,9.8298,-6.951066301));
#2003=DIRECTION('',(-0.5,0.0,-0.866025404));
#2004=DIRECTION('',(-0.866025404,0.0,0.5));
#2005=ORIENTED_EDGE('',*,*,#1848,.F.);
#2006=CYLINDRICAL_SURFACE('',#2007,0.127);
#2007=AXIS2_PLACEMENT_3D('',#2008,#2009,#2010);
#2008=CARTESIAN_POINT('',(-4.00442568,9.8298,-6.935868732));
#2009=DIRECTION('',(-0.5,0.0,-0.866025404));
#2010=DIRECTION('',(-0.866025404,0.0,0.5));
#2011=ADVANCED_FACE('',(#2012),#2024,.T.);
#2012=FACE_BOUND('',#2013,.T.);
#2013=EDGE_LOOP('',(#2014,#2015,#2016,#2023));
#2014=ORIENTED_EDGE('',*,*,#1999,.F.);
#2015=ORIENTED_EDGE('',*,*,#1972,.F.);
#2016=ORIENTED_EDGE('',*,*,#2017,.T.);
#2017=EDGE_CURVE('',#1965,#1857,#2018,.T.);
#2018=CIRCLE('',#2019,0.127);
#2019=AXIS2_PLACEMENT_3D('',#2020,#2021,#2022);
#2020=CARTESIAN_POINT('',(-3.4417,8.6868,-5.961199264));
#2021=DIRECTION('',(0.0,1.0,0.0));
#2022=DIRECTION('',(-0.866025404,0.0,0.5));
#2023=ORIENTED_EDGE('',*,*,#1856,.F.);
#2024=TOROIDAL_SURFACE('',#2025,1.143,0.127);
#2025=AXIS2_PLACEMENT_3D('',#2026,#2027,#2028);
#2026=CARTESIAN_POINT('',(-4.0132,8.6868,-6.951066301));
#2027=DIRECTION('',(0.866025404,0.0,-0.5));
#2028=DIRECTION('',(0.499872603,-0.022572657,0.865804745));
#2029=ADVANCED_FACE('',(#2030),#2042,.T.);
#2030=FACE_BOUND('',#2031,.T.);
#2031=EDGE_LOOP('',(#2032,#2033,#2034,#2041));
#2032=ORIENTED_EDGE('',*,*,#2017,.F.);
#2033=ORIENTED_EDGE('',*,*,#1964,.F.);
#2034=ORIENTED_EDGE('',*,*,#2035,.T.);
#2035=EDGE_CURVE('',#1956,#1866,#2036,.T.);
#2036=CIRCLE('',#2037,0.127);
#2037=AXIS2_PLACEMENT_3D('',#2038,#2039,#2040);
#2038=CARTESIAN_POINT('',(-3.4417,1.27,-5.961199264));
#2039=DIRECTION('',(0.0,1.0,0.0));
#2040=DIRECTION('',(-0.866025404,0.0,0.5));
#2041=ORIENTED_EDGE('',*,*,#1865,.F.);
#2042=CYLINDRICAL_SURFACE('',#2043,0.127);
#2043=AXIS2_PLACEMENT_3D('',#2044,#2045,#2046);
#2044=CARTESIAN_POINT('',(-3.4417,1.252451359,-5.961199264));
#2045=DIRECTION('',(0.0,1.0,0.0));
#2046=DIRECTION('',(-0.866025404,0.0,0.5));
#2047=ADVANCED_FACE('',(#2048),#2060,.T.);
#2048=FACE_BOUND('',#2049,.T.);
#2049=EDGE_LOOP('',(#2050,#2051,#2052,#2059));
#2050=ORIENTED_EDGE('',*,*,#2035,.F.);
#2051=ORIENTED_EDGE('',*,*,#1955,.F.);
#2052=ORIENTED_EDGE('',*,*,#2053,.T.);
#2053=EDGE_CURVE('',#1948,#1874,#2054,.T.);
#2054=CIRCLE('',#2055,0.127);
#2055=AXIS2_PLACEMENT_3D('',#2056,#2057,#2058);
#2056=CARTESIAN_POINT('',(-4.0132,0.127,-6.951066301));
#2057=DIRECTION('',(0.5,0.0,0.866025404));
#2058=DIRECTION('',(-0.866025404,0.0,0.5));
#2059=ORIENTED_EDGE('',*,*,#1873,.F.);
#2060=TOROIDAL_SURFACE('',#2061,1.143,0.127);
#2061=AXIS2_PLACEMENT_3D('',#2062,#2063,#2064);
#2062=CARTESIAN_POINT('',(-4.0132,1.27,-6.951066301));
#2063=DIRECTION('',(-0.866025404,0.0,0.5));
#2064=DIRECTION('',(-0.00794535,-0.999873735,-0.013761751));
#2065=ADVANCED_FACE('',(#2066),#2078,.T.);
#2066=FACE_BOUND('',#2067,.T.);
#2067=EDGE_LOOP('',(#2068,#2069,#2070,#2077));
#2068=ORIENTED_EDGE('',*,*,#2053,.F.);
#2069=ORIENTED_EDGE('',*,*,#1947,.F.);
#2070=ORIENTED_EDGE('',*,*,#2071,.T.);
#2071=EDGE_CURVE('',#1939,#1883,#2072,.T.);
#2072=CIRCLE('',#2073,0.127);
#2073=AXIS2_PLACEMENT_3D('',#2074,#2075,#2076);
#2074=CARTESIAN_POINT('',(-4.6482,0.127,-8.050918564));
#2075=DIRECTION('',(0.5,0.0,0.866025404));
#2076=DIRECTION('',(-0.866025404,0.0,0.5));
#2077=ORIENTED_EDGE('',*,*,#1882,.F.);
#2078=CYLINDRICAL_SURFACE('',#2079,0.127);
#2079=AXIS2_PLACEMENT_3D('',#2080,#2081,#2082);
#2080=CARTESIAN_POINT('',(-4.663346767,0.127,-8.077153534));
#2081=DIRECTION('',(0.5,0.0,0.866025404));
#2082=DIRECTION('',(-0.866025404,0.0,0.5));
#2083=ADVANCED_FACE('',(#2084),#2090,.T.);
#2084=FACE_BOUND('',#2085,.T.);
#2085=EDGE_LOOP('',(#2086,#2087,#2088,#2089));
#2086=ORIENTED_EDGE('',*,*,#2071,.F.);
#2087=ORIENTED_EDGE('',*,*,#1938,.F.);
#2088=ORIENTED_EDGE('',*,*,#1913,.F.);
#2089=ORIENTED_EDGE('',*,*,#1890,.F.);
#2090=TOROIDAL_SURFACE('',#2091,1.143,0.127);
#2091=AXIS2_PLACEMENT_3D('',#2092,#2093,#2094);
#2092=CARTESIAN_POINT('',(-4.6482,1.27,-8.050918564));
#2093=DIRECTION('',(0.866025404,0.0,-0.5));
#2094=DIRECTION('',(-0.499872603,0.022572657,-0.865804745));
#2095=MANIFOLD_SOLID_BREP('',#2096);
#2096=CLOSED_SHELL('',(#2097,#2141,#2207,#2232,#2291,#2309,#2327,#2345,#2363,#2381));
#2097=ADVANCED_FACE('',(#2098),#2136,.T.);
#2098=FACE_BOUND('',#2099,.T.);
#2099=EDGE_LOOP('',(#2100,#2111,#2120,#2129));
#2100=ORIENTED_EDGE('',*,*,#2101,.T.);
#2101=EDGE_CURVE('',#2102,#2104,#2106,.T.);
#2102=VERTEX_POINT('',#2103);
#2103=CARTESIAN_POINT('',(-5.88376154,8.6868,-8.624300059));
#2104=VERTEX_POINT('',#2105);
#2105=CARTESIAN_POINT('',(-6.091826159,8.6868,-8.478611644));
#2106=CIRCLE('',#2107,0.127);
#2107=AXIS2_PLACEMENT_3D('',#2108,#2109,#2110);
#2108=CARTESIAN_POINT('',(-5.98779385,8.6868,-8.551455851));
#2109=DIRECTION('',(0.0,1.0,0.0));
#2110=DIRECTION('',(0.819152044,0.0,-0.573576436));
#2111=ORIENTED_EDGE('',*,*,#2112,.T.);
#2112=EDGE_CURVE('',#2104,#2113,#2115,.F.);
#2113=VERTEX_POINT('',#2114);
#2114=CARTESIAN_POINT('',(-5.436228293,9.8298,-7.542320857));
#2115=CIRCLE('',#2116,1.143);
#2116=AXIS2_PLACEMENT_3D('',#2117,#2118,#2119);
#2117=CARTESIAN_POINT('',(-5.436228293,8.6868,-7.542320857));
#2118=DIRECTION('',(-0.819152044,0.0,0.573576436));
#2119=DIRECTION('',(0.0,1.0,0.0));
#2120=ORIENTED_EDGE('',*,*,#2121,.T.);
#2121=EDGE_CURVE('',#2113,#2122,#2124,.T.);
#2122=VERTEX_POINT('',#2123);
#2123=CARTESIAN_POINT('',(-5.228163673,9.8298,-7.688009272));
#2124=CIRCLE('',#2125,0.127);
#2125=AXIS2_PLACEMENT_3D('',#2126,#2127,#2128);
#2126=CARTESIAN_POINT('',(-5.332195983,9.8298,-7.615165065));
#2127=DIRECTION('',(-0.573576436,0.0,-0.819152044));
#2128=DIRECTION('',(-0.819152044,-1.110223025E-14,0.573576436));
#2129=ORIENTED_EDGE('',*,*,#2130,.T.);
#2130=EDGE_CURVE('',#2122,#2102,#2131,.F.);
#2131=CIRCLE('',#2132,1.143);
#2132=AXIS2_PLACEMENT_3D('',#2133,#2134,#2135);
#2133=CARTESIAN_POINT('',(-5.228163673,8.6868,-7.688009272));
#2134=DIRECTION('',(0.819152044,0.0,-0.573576436));
#2135=DIRECTION('',(-0.573576436,0.0,-0.819152044));
#2136=TOROIDAL_SURFACE('',#2137,1.143,0.127);
#2137=AXIS2_PLACEMENT_3D('',#2138,#2139,#2140);
#2138=CARTESIAN_POINT('',(-5.332195983,8.6868,-7.615165065));
#2139=DIRECTION('',(-0.819152044,0.0,0.573576436));
#2140=DIRECTION('',(0.009114531,0.999873735,0.0130169));
#2141=ADVANCED_FACE('',(#2142),#2202,.T.);
#2142=FACE_BOUND('',#2143,.T.);
#2143=EDGE_LOOP('',(#2144,#2145,#2153,#2162,#2170,#2179,#2187,#2196));
#2144=ORIENTED_EDGE('',*,*,#2130,.F.);
#2145=ORIENTED_EDGE('',*,*,#2146,.T.);
#2146=EDGE_CURVE('',#2122,#2147,#2149,.T.);
#2147=VERTEX_POINT('',#2148);
#2148=CARTESIAN_POINT('',(-4.499721599,9.8298,-6.647686176));
#2149=LINE('',#2150,#2151);
#2150=CARTESIAN_POINT('',(-5.228163673,9.8298,-7.688009272));
#2151=VECTOR('',#2152,1.0);
#2152=DIRECTION('',(0.573576436,0.0,0.819152044));
#2153=ORIENTED_EDGE('',*,*,#2154,.T.);
#2154=EDGE_CURVE('',#2147,#2155,#2157,.T.);
#2155=VERTEX_POINT('',#2156);
#2156=CARTESIAN_POINT('',(-3.844123732,8.6868,-5.711395389));
#2157=CIRCLE('',#2158,1.143);
#2158=AXIS2_PLACEMENT_3D('',#2159,#2160,#2161);
#2159=CARTESIAN_POINT('',(-4.499721599,8.6868,-6.647686176));
#2160=DIRECTION('',(0.819152044,0.0,-0.573576436));
#2161=DIRECTION('',(0.0,1.0,0.0));
#2162=ORIENTED_EDGE('',*,*,#2163,.T.);
#2163=EDGE_CURVE('',#2155,#2164,#2166,.T.);
#2164=VERTEX_POINT('',#2165);
#2165=CARTESIAN_POINT('',(-3.844123732,1.27,-5.711395389));
#2166=LINE('',#2167,#2168);
#2167=CARTESIAN_POINT('',(-3.844123732,8.6868,-5.711395389));
#2168=VECTOR('',#2169,1.0);
#2169=DIRECTION('',(0.0,-1.0,0.0));
#2170=ORIENTED_EDGE('',*,*,#2171,.T.);
#2171=EDGE_CURVE('',#2164,#2172,#2174,.T.);
#2172=VERTEX_POINT('',#2173);
#2173=CARTESIAN_POINT('',(-4.499721599,0.127,-6.647686176));
#2174=CIRCLE('',#2175,1.143);
#2175=AXIS2_PLACEMENT_3D('',#2176,#2177,#2178);
#2176=CARTESIAN_POINT('',(-4.499721599,1.27,-6.647686176));
#2177=DIRECTION('',(0.819152044,0.0,-0.573576436));
#2178=DIRECTION('',(0.573576436,-1.434038073E-14,0.819152044));
#2179=ORIENTED_EDGE('',*,*,#2180,.T.);
#2180=EDGE_CURVE('',#2172,#2181,#2183,.T.);
#2181=VERTEX_POINT('',#2182);
#2182=CARTESIAN_POINT('',(-5.228163673,0.127,-7.688009272));
#2183=LINE('',#2184,#2185);
#2184=CARTESIAN_POINT('',(-4.499721599,0.127,-6.647686176));
#2185=VECTOR('',#2186,1.0);
#2186=DIRECTION('',(-0.573576436,0.0,-0.819152044));
#2187=ORIENTED_EDGE('',*,*,#2188,.T.);
#2188=EDGE_CURVE('',#2181,#2189,#2191,.T.);
#2189=VERTEX_POINT('',#2190);
#2190=CARTESIAN_POINT('',(-5.88376154,1.27,-8.624300059));
#2191=CIRCLE('',#2192,1.143);
#2192=AXIS2_PLACEMENT_3D('',#2193,#2194,#2195);
#2193=CARTESIAN_POINT('',(-5.228163673,1.27,-7.688009272));
#2194=DIRECTION('',(0.819152044,0.0,-0.573576436));
#2195=DIRECTION('',(0.0,-1.0,0.0));
#2196=ORIENTED_EDGE('',*,*,#2197,.T.);
#2197=EDGE_CURVE('',#2189,#2102,#2198,.T.);
#2198=LINE('',#2199,#2200);
#2199=CARTESIAN_POINT('',(-5.88376154,1.27,-8.624300059));
#2200=VECTOR('',#2201,1.0);
#2201=DIRECTION('',(0.0,1.0,0.0));
#2202=PLANE('',#2203);
#2203=AXIS2_PLACEMENT_3D('',#2204,#2205,#2206);
#2204=CARTESIAN_POINT('',(-3.771279525,0.0,-5.607363079));
#2205=DIRECTION('',(0.819152044,0.0,-0.573576436));
#2206=DIRECTION('',(-0.573576436,0.0,-0.819152044));
#2207=ADVANCED_FACE('',(#2208),#2227,.T.);
#2208=FACE_BOUND('',#2209,.T.);
#2209=EDGE_LOOP('',(#2210,#2219,#2225,#2226));
#2210=ORIENTED_EDGE('',*,*,#2211,.T.);
#2211=EDGE_CURVE('',#2189,#2212,#2214,.F.);
#2212=VERTEX_POINT('',#2213);
#2213=CARTESIAN_POINT('',(-6.091826159,1.27,-8.478611644));
#2214=CIRCLE('',#2215,0.127);
#2215=AXIS2_PLACEMENT_3D('',#2216,#2217,#2218);
#2216=CARTESIAN_POINT('',(-5.98779385,1.27,-8.551455851));
#2217=DIRECTION('',(0.0,-1.0,0.0));
#2218=DIRECTION('',(-0.819152044,0.0,0.573576436));
#2219=ORIENTED_EDGE('',*,*,#2220,.T.);
#2220=EDGE_CURVE('',#2212,#2104,#2221,.F.);
#2221=LINE('',#2222,#2223);
#2222=CARTESIAN_POINT('',(-6.091826159,8.6868,-8.478611644));
#2223=VECTOR('',#2224,1.0);
#2224=DIRECTION('',(0.0,-1.0,0.0));
#2225=ORIENTED_EDGE('',*,*,#2101,.F.);
#2226=ORIENTED_EDGE('',*,*,#2197,.F.);
#2227=CYLINDRICAL_SURFACE('',#2228,0.127);
#2228=AXIS2_PLACEMENT_3D('',#2229,#2230,#2231);
#2229=CARTESIAN_POINT('',(-5.98779385,8.717093534,-8.551455851));
#2230=DIRECTION('',(0.0,-1.0,0.0));
#2231=DIRECTION('',(-0.819152044,0.0,0.573576436));
#2232=ADVANCED_FACE('',(#2233),#2286,.T.);
#2233=FACE_BOUND('',#2234,.T.);
#2234=EDGE_LOOP('',(#2235,#2244,#2252,#2261,#2269,#2278,#2284,#2285));
#2235=ORIENTED_EDGE('',*,*,#2236,.T.);
#2236=EDGE_CURVE('',#2212,#2237,#2239,.T.);
#2237=VERTEX_POINT('',#2238);
#2238=CARTESIAN_POINT('',(-5.436228293,0.127,-7.542320857));
#2239=CIRCLE('',#2240,1.143);
#2240=AXIS2_PLACEMENT_3D('',#2241,#2242,#2243);
#2241=CARTESIAN_POINT('',(-5.436228293,1.27,-7.542320857));
#2242=DIRECTION('',(-0.819152044,0.0,0.573576436));
#2243=DIRECTION('',(-0.573576436,0.0,-0.819152044));
#2244=ORIENTED_EDGE('',*,*,#2245,.T.);
#2245=EDGE_CURVE('',#2237,#2246,#2248,.T.);
#2246=VERTEX_POINT('',#2247);
#2247=CARTESIAN_POINT('',(-4.707786218,0.127,-6.501997761));
#2248=LINE('',#2249,#2250);
#2249=CARTESIAN_POINT('',(-5.436228293,0.127,-7.542320857));
#2250=VECTOR('',#2251,1.0);
#2251=DIRECTION('',(0.573576436,0.0,0.819152044));
#2252=ORIENTED_EDGE('',*,*,#2253,.T.);
#2253=EDGE_CURVE('',#2246,#2254,#2256,.T.);
#2254=VERTEX_POINT('',#2255);
#2255=CARTESIAN_POINT('',(-4.052188352,1.27,-5.565706974));
#2256=CIRCLE('',#2257,1.143);
#2257=AXIS2_PLACEMENT_3D('',#2258,#2259,#2260);
#2258=CARTESIAN_POINT('',(-4.707786218,1.27,-6.501997761));
#2259=DIRECTION('',(-0.819152044,0.0,0.573576436));
#2260=DIRECTION('',(0.0,-1.0,0.0));
#2261=ORIENTED_EDGE('',*,*,#2262,.T.);
#2262=EDGE_CURVE('',#2254,#2263,#2265,.T.);
#2263=VERTEX_POINT('',#2264);
#2264=CARTESIAN_POINT('',(-4.052188352,8.6868,-5.565706974));
#2265=LINE('',#2266,#2267);
#2266=CARTESIAN_POINT('',(-4.052188352,1.27,-5.565706974));
#2267=VECTOR('',#2268,1.0);
#2268=DIRECTION('',(0.0,1.0,0.0));
#2269=ORIENTED_EDGE('',*,*,#2270,.T.);
#2270=EDGE_CURVE('',#2263,#2271,#2273,.T.);
#2271=VERTEX_POINT('',#2272);
#2272=CARTESIAN_POINT('',(-4.707786218,9.8298,-6.501997761));
#2273=CIRCLE('',#2274,1.143);
#2274=AXIS2_PLACEMENT_3D('',#2275,#2276,#2277);
#2275=CARTESIAN_POINT('',(-4.707786218,8.6868,-6.501997761));
#2276=DIRECTION('',(-0.819152044,0.0,0.573576436));
#2277=DIRECTION('',(0.573576436,0.0,0.819152044));
#2278=ORIENTED_EDGE('',*,*,#2279,.T.);
#2279=EDGE_CURVE('',#2271,#2113,#2280,.T.);
#2280=LINE('',#2281,#2282);
#2281=CARTESIAN_POINT('',(-4.707786218,9.8298,-6.501997761));
#2282=VECTOR('',#2283,1.0);
#2283=DIRECTION('',(-0.573576436,0.0,-0.819152044));
#2284=ORIENTED_EDGE('',*,*,#2112,.F.);
#2285=ORIENTED_EDGE('',*,*,#2220,.F.);
#2286=PLANE('',#2287);
#2287=AXIS2_PLACEMENT_3D('',#2288,#2289,#2290);
#2288=CARTESIAN_POINT('',(-6.164670367,0.0,-8.582643953));
#2289=DIRECTION('',(-0.819152044,0.0,0.573576436));
#2290=DIRECTION('',(0.573576436,0.0,0.819152044));
#2291=ADVANCED_FACE('',(#2292),#2304,.T.);
#2292=FACE_BOUND('',#2293,.T.);
#2293=EDGE_LOOP('',(#2294,#2295,#2296,#2303));
#2294=ORIENTED_EDGE('',*,*,#2121,.F.);
#2295=ORIENTED_EDGE('',*,*,#2279,.F.);
#2296=ORIENTED_EDGE('',*,*,#2297,.T.);
#2297=EDGE_CURVE('',#2271,#2147,#2298,.T.);
#2298=CIRCLE('',#2299,0.127);
#2299=AXIS2_PLACEMENT_3D('',#2300,#2301,#2302);
#2300=CARTESIAN_POINT('',(-4.603753909,9.8298,-6.574841968));
#2301=DIRECTION('',(-0.573576436,0.0,-0.819152044));
#2302=DIRECTION('',(-0.819152044,0.0,0.573576436));
#2303=ORIENTED_EDGE('',*,*,#2146,.F.);
#2304=CYLINDRICAL_SURFACE('',#2305,0.127);
#2305=AXIS2_PLACEMENT_3D('',#2306,#2307,#2308);
#2306=CARTESIAN_POINT('',(-4.593688422,9.8298,-6.560466963));
#2307=DIRECTION('',(-0.573576436,0.0,-0.819152044));
#2308=DIRECTION('',(-0.819152044,0.0,0.573576436));
#2309=ADVANCED_FACE('',(#2310),#2322,.T.);
#2310=FACE_BOUND('',#2311,.T.);
#2311=EDGE_LOOP('',(#2312,#2313,#2314,#2321));
#2312=ORIENTED_EDGE('',*,*,#2297,.F.);
#2313=ORIENTED_EDGE('',*,*,#2270,.F.);
#2314=ORIENTED_EDGE('',*,*,#2315,.T.);
#2315=EDGE_CURVE('',#2263,#2155,#2316,.T.);
#2316=CIRCLE('',#2317,0.127);
#2317=AXIS2_PLACEMENT_3D('',#2318,#2319,#2320);
#2318=CARTESIAN_POINT('',(-3.948156042,8.6868,-5.638551182));
#2319=DIRECTION('',(0.0,1.0,0.0));
#2320=DIRECTION('',(-0.819152044,0.0,0.573576436));
#2321=ORIENTED_EDGE('',*,*,#2154,.F.);
#2322=TOROIDAL_SURFACE('',#2323,1.143,0.127);
#2323=AXIS2_PLACEMENT_3D('',#2324,#2325,#2326);
#2324=CARTESIAN_POINT('',(-4.603753909,8.6868,-6.574841968));
#2325=DIRECTION('',(0.819152044,0.0,-0.573576436));
#2326=DIRECTION('',(0.573430292,-0.022572657,0.818943329));
#2327=ADVANCED_FACE('',(#2328),#2340,.T.);
#2328=FACE_BOUND('',#2329,.T.);
#2329=EDGE_LOOP('',(#2330,#2331,#2332,#2339));
#2330=ORIENTED_EDGE('',*,*,#2315,.F.);
#2331=ORIENTED_EDGE('',*,*,#2262,.F.);
#2332=ORIENTED_EDGE('',*,*,#2333,.T.);
#2333=EDGE_CURVE('',#2254,#2164,#2334,.T.);
#2334=CIRCLE('',#2335,0.127);
#2335=AXIS2_PLACEMENT_3D('',#2336,#2337,#2338);
#2336=CARTESIAN_POINT('',(-3.948156042,1.27,-5.638551182));
#2337=DIRECTION('',(0.0,1.0,0.0));
#2338=DIRECTION('',(-0.819152044,0.0,0.573576436));
#2339=ORIENTED_EDGE('',*,*,#2163,.F.);
#2340=CYLINDRICAL_SURFACE('',#2341,0.127);
#2341=AXIS2_PLACEMENT_3D('',#2342,#2343,#2344);
#2342=CARTESIAN_POINT('',(-3.948156042,1.252451359,-5.638551182));
#2343=DIRECTION('',(0.0,1.0,0.0));
#2344=DIRECTION('',(-0.819152044,0.0,0.573576436));
#2345=ADVANCED_FACE('',(#2346),#2358,.T.);
#2346=FACE_BOUND('',#2347,.T.);
#2347=EDGE_LOOP('',(#2348,#2349,#2350,#2357));
#2348=ORIENTED_EDGE('',*,*,#2333,.F.);
#2349=ORIENTED_EDGE('',*,*,#2253,.F.);
#2350=ORIENTED_EDGE('',*,*,#2351,.T.);
#2351=EDGE_CURVE('',#2246,#2172,#2352,.T.);
#2352=CIRCLE('',#2353,0.127);
#2353=AXIS2_PLACEMENT_3D('',#2354,#2355,#2356);
#2354=CARTESIAN_POINT('',(-4.603753909,0.127,-6.574841968));
#2355=DIRECTION('',(0.573576436,0.0,0.819152044));
#2356=DIRECTION('',(-0.819152044,0.0,0.573576436));
#2357=ORIENTED_EDGE('',*,*,#2171,.F.);
#2358=TOROIDAL_SURFACE('',#2359,1.143,0.127);
#2359=AXIS2_PLACEMENT_3D('',#2360,#2361,#2362);
#2360=CARTESIAN_POINT('',(-4.603753909,1.27,-6.574841968));
#2361=DIRECTION('',(-0.819152044,0.0,0.573576436));
#2362=DIRECTION('',(-0.009114531,-0.999873735,-0.0130169));
#2363=ADVANCED_FACE('',(#2364),#2376,.T.);
#2364=FACE_BOUND('',#2365,.T.);
#2365=EDGE_LOOP('',(#2366,#2367,#2368,#2375));
#2366=ORIENTED_EDGE('',*,*,#2351,.F.);
#2367=ORIENTED_EDGE('',*,*,#2245,.F.);
#2368=ORIENTED_EDGE('',*,*,#2369,.T.);
#2369=EDGE_CURVE('',#2237,#2181,#2370,.T.);
#2370=CIRCLE('',#2371,0.127);
#2371=AXIS2_PLACEMENT_3D('',#2372,#2373,#2374);
#2372=CARTESIAN_POINT('',(-5.332195983,0.127,-7.615165065));
#2373=DIRECTION('',(0.573576436,0.0,0.819152044));
#2374=DIRECTION('',(-0.819152044,0.0,0.573576436));
#2375=ORIENTED_EDGE('',*,*,#2180,.F.);
#2376=CYLINDRICAL_SURFACE('',#2377,0.127);
#2377=AXIS2_PLACEMENT_3D('',#2378,#2379,#2380);
#2378=CARTESIAN_POINT('',(-5.34957164,0.127,-7.639980075));
#2379=DIRECTION('',(0.573576436,0.0,0.819152044));
#2380=DIRECTION('',(-0.819152044,0.0,0.573576436));
#2381=ADVANCED_FACE('',(#2382),#2388,.T.);
#2382=FACE_BOUND('',#2383,.T.);
#2383=EDGE_LOOP('',(#2384,#2385,#2386,#2387));
#2384=ORIENTED_EDGE('',*,*,#2369,.F.);
#2385=ORIENTED_EDGE('',*,*,#2236,.F.);
#2386=ORIENTED_EDGE('',*,*,#2211,.F.);
#2387=ORIENTED_EDGE('',*,*,#2188,.F.);
#2388=TOROIDAL_SURFACE('',#2389,1.143,0.127);
#2389=AXIS2_PLACEMENT_3D('',#2390,#2391,#2392);
#2390=CARTESIAN_POINT('',(-5.332195983,1.27,-7.615165065));
#2391=DIRECTION('',(0.819152044,0.0,-0.573576436));
#2392=DIRECTION('',(-0.573430292,0.022572657,-0.818943329));
#2393=MANIFOLD_SOLID_BREP('',#2394);
#2394=CLOSED_SHELL('',(#2395,#2439,#2505,#2530,#2589,#2607,#2625,#2643,#2661,#2679));
#2395=ADVANCED_FACE('',(#2396),#2434,.T.);
#2396=FACE_BOUND('',#2397,.T.);
#2397=EDGE_LOOP('',(#2398,#2409,#2418,#2427));
#2398=ORIENTED_EDGE('',*,*,#2399,.T.);
#2399=EDGE_CURVE('',#2400,#2402,#2404,.T.);
#2400=VERTEX_POINT('',#2401);
#2401=CARTESIAN_POINT('',(-6.613029328,8.6868,-8.078678386));
#2402=VERTEX_POINT('',#2403);
#2403=CARTESIAN_POINT('',(-6.807604617,8.6868,-7.915410333));
#2404=CIRCLE('',#2405,0.127);
#2405=AXIS2_PLACEMENT_3D('',#2406,#2407,#2408);
#2406=CARTESIAN_POINT('',(-6.710316973,8.6868,-7.997044359));
#2407=DIRECTION('',(0.0,1.0,0.0));
#2408=DIRECTION('',(0.766044443,0.0,-0.64278761));
#2409=ORIENTED_EDGE('',*,*,#2410,.T.);
#2410=EDGE_CURVE('',#2402,#2411,#2413,.F.);
#2411=VERTEX_POINT('',#2412);
#2412=CARTESIAN_POINT('',(-6.072898379,9.8298,-7.039821535));
#2413=CIRCLE('',#2414,1.143);
#2414=AXIS2_PLACEMENT_3D('',#2415,#2416,#2417);
#2415=CARTESIAN_POINT('',(-6.072898379,8.6868,-7.039821535));
#2416=DIRECTION('',(-0.766044443,0.0,0.64278761));
#2417=DIRECTION('',(0.0,1.0,0.0));
#2418=ORIENTED_EDGE('',*,*,#2419,.T.);
#2419=EDGE_CURVE('',#2411,#2420,#2422,.T.);
#2420=VERTEX_POINT('',#2421);
#2421=CARTESIAN_POINT('',(-5.87832309,9.8298,-7.203089587));
#2422=CIRCLE('',#2423,0.127);
#2423=AXIS2_PLACEMENT_3D('',#2424,#2425,#2426);
#2424=CARTESIAN_POINT('',(-5.975610735,9.8298,-7.121455561));
#2425=DIRECTION('',(-0.64278761,0.0,-0.766044443));
#2426=DIRECTION('',(-0.766044443,-1.110223025E-14,0.64278761));
#2427=ORIENTED_EDGE('',*,*,#2428,.T.);
#2428=EDGE_CURVE('',#2420,#2400,#2429,.F.);
#2429=CIRCLE('',#2430,1.143);
#2430=AXIS2_PLACEMENT_3D('',#2431,#2432,#2433);
#2431=CARTESIAN_POINT('',(-5.87832309,8.6868,-7.203089587));
#2432=DIRECTION('',(0.766044443,0.0,-0.64278761));
#2433=DIRECTION('',(-0.64278761,6.044547579E-14,-0.766044443));
#2434=TOROIDAL_SURFACE('',#2435,1.143,0.127);
#2435=AXIS2_PLACEMENT_3D('',#2436,#2437,#2438);
#2436=CARTESIAN_POINT('',(-5.975610735,8.6868,-7.121455561));
#2437=DIRECTION('',(-0.766044443,0.0,0.64278761));
#2438=DIRECTION('',(0.010214346,0.999873735,0.012172983));
#2439=ADVANCED_FACE('',(#2440),#2500,.T.);
#2440=FACE_BOUND('',#2441,.T.);
#2441=EDGE_LOOP('',(#2442,#2443,#2451,#2460,#2468,#2477,#2485,#2494));
#2442=ORIENTED_EDGE('',*,*,#2428,.F.);
#2443=ORIENTED_EDGE('',*,*,#2444,.T.);
#2444=EDGE_CURVE('',#2420,#2445,#2447,.T.);
#2445=VERTEX_POINT('',#2446);
#2446=CARTESIAN_POINT('',(-5.061982826,9.8298,-6.230213145));
#2447=LINE('',#2448,#2449);
#2448=CARTESIAN_POINT('',(-5.87832309,9.8298,-7.203089587));
#2449=VECTOR('',#2450,1.0);
#2450=DIRECTION('',(0.64278761,0.0,0.766044443));
#2451=ORIENTED_EDGE('',*,*,#2452,.T.);
#2452=EDGE_CURVE('',#2445,#2453,#2455,.T.);
#2453=VERTEX_POINT('',#2454);
#2454=CARTESIAN_POINT('',(-4.327276588,8.6868,-5.354624346));
#2455=CIRCLE('',#2456,1.143);
#2456=AXIS2_PLACEMENT_3D('',#2457,#2458,#2459);
#2457=CARTESIAN_POINT('',(-5.061982826,8.6868,-6.230213145));
#2458=DIRECTION('',(0.766044443,0.0,-0.64278761));
#2459=DIRECTION('',(0.0,1.0,0.0));
#2460=ORIENTED_EDGE('',*,*,#2461,.T.);
#2461=EDGE_CURVE('',#2453,#2462,#2464,.T.);
#2462=VERTEX_POINT('',#2463);
#2463=CARTESIAN_POINT('',(-4.327276588,1.27,-5.354624346));
#2464=LINE('',#2465,#2466);
#2465=CARTESIAN_POINT('',(-4.327276588,8.6868,-5.354624346));
#2466=VECTOR('',#2467,1.0);
#2467=DIRECTION('',(0.0,-1.0,0.0));
#2468=ORIENTED_EDGE('',*,*,#2469,.T.);
#2469=EDGE_CURVE('',#2462,#2470,#2472,.T.);
#2470=VERTEX_POINT('',#2471);
#2471=CARTESIAN_POINT('',(-5.061982826,0.127,-6.230213145));
#2472=CIRCLE('',#2473,1.143);
#2473=AXIS2_PLACEMENT_3D('',#2474,#2475,#2476);
#2474=CARTESIAN_POINT('',(-5.061982826,1.27,-6.230213145));
#2475=DIRECTION('',(0.766044443,0.0,-0.64278761));
#2476=DIRECTION('',(0.64278761,0.0,0.766044443));
#2477=ORIENTED_EDGE('',*,*,#2478,.T.);
#2478=EDGE_CURVE('',#2470,#2479,#2481,.T.);
#2479=VERTEX_POINT('',#2480);
#2480=CARTESIAN_POINT('',(-5.87832309,0.127,-7.203089587));
#2481=LINE('',#2482,#2483);
#2482=CARTESIAN_POINT('',(-5.061982826,0.127,-6.230213145));
#2483=VECTOR('',#2484,1.0);
#2484=DIRECTION('',(-0.64278761,0.0,-0.766044443));
#2485=ORIENTED_EDGE('',*,*,#2486,.T.);
#2486=EDGE_CURVE('',#2479,#2487,#2489,.T.);
#2487=VERTEX_POINT('',#2488);
#2488=CARTESIAN_POINT('',(-6.613029328,1.27,-8.078678386));
#2489=CIRCLE('',#2490,1.143);
#2490=AXIS2_PLACEMENT_3D('',#2491,#2492,#2493);
#2491=CARTESIAN_POINT('',(-5.87832309,1.27,-7.203089587));
#2492=DIRECTION('',(0.766044443,0.0,-0.64278761));
#2493=DIRECTION('',(0.0,-1.0,0.0));
#2494=ORIENTED_EDGE('',*,*,#2495,.T.);
#2495=EDGE_CURVE('',#2487,#2400,#2496,.T.);
#2496=LINE('',#2497,#2498);
#2497=CARTESIAN_POINT('',(-6.613029328,1.27,-8.078678386));
#2498=VECTOR('',#2499,1.0);
#2499=DIRECTION('',(0.0,1.0,0.0));
#2500=PLANE('',#2501);
#2501=AXIS2_PLACEMENT_3D('',#2502,#2503,#2504);
#2502=CARTESIAN_POINT('',(-4.245642562,0.0,-5.257336702));
#2503=DIRECTION('',(0.766044443,0.0,-0.64278761));
#2504=DIRECTION('',(-0.64278761,0.0,-0.766044443));
#2505=ADVANCED_FACE('',(#2506),#2525,.T.);
#2506=FACE_BOUND('',#2507,.T.);
#2507=EDGE_LOOP('',(#2508,#2517,#2523,#2524));
#2508=ORIENTED_EDGE('',*,*,#2509,.T.);
#2509=EDGE_CURVE('',#2487,#2510,#2512,.F.);
#2510=VERTEX_POINT('',#2511);
#2511=CARTESIAN_POINT('',(-6.807604617,1.27,-7.915410333));
#2512=CIRCLE('',#2513,0.127);
#2513=AXIS2_PLACEMENT_3D('',#2514,#2515,#2516);
#2514=CARTESIAN_POINT('',(-6.710316973,1.27,-7.997044359));
#2515=DIRECTION('',(0.0,-1.0,0.0));
#2516=DIRECTION('',(-0.766044443,0.0,0.64278761));
#2517=ORIENTED_EDGE('',*,*,#2518,.T.);
#2518=EDGE_CURVE('',#2510,#2402,#2519,.F.);
#2519=LINE('',#2520,#2521);
#2520=CARTESIAN_POINT('',(-6.807604617,8.6868,-7.915410333));
#2521=VECTOR('',#2522,1.0);
#2522=DIRECTION('',(0.0,-1.0,0.0));
#2523=ORIENTED_EDGE('',*,*,#2399,.F.);
#2524=ORIENTED_EDGE('',*,*,#2495,.F.);
#2525=CYLINDRICAL_SURFACE('',#2526,0.127);
#2526=AXIS2_PLACEMENT_3D('',#2527,#2528,#2529);
#2527=CARTESIAN_POINT('',(-6.710316973,8.717093534,-7.997044359));
#2528=DIRECTION('',(0.0,-1.0,0.0));
#2529=DIRECTION('',(-0.766044443,0.0,0.64278761));
#2530=ADVANCED_FACE('',(#2531),#2584,.T.);
#2531=FACE_BOUND('',#2532,.T.);
#2532=EDGE_LOOP('',(#2533,#2542,#2550,#2559,#2567,#2576,#2582,#2583));
#2533=ORIENTED_EDGE('',*,*,#2534,.T.);
#2534=EDGE_CURVE('',#2510,#2535,#2537,.T.);
#2535=VERTEX_POINT('',#2536);
#2536=CARTESIAN_POINT('',(-6.072898379,0.127,-7.039821535));
#2537=CIRCLE('',#2538,1.143);
#2538=AXIS2_PLACEMENT_3D('',#2539,#2540,#2541);
#2539=CARTESIAN_POINT('',(-6.072898379,1.27,-7.039821535));
#2540=DIRECTION('',(-0.766044443,0.0,0.64278761));
#2541=DIRECTION('',(-0.64278761,-2.1125077E-14,-0.766044443));
#2542=ORIENTED_EDGE('',*,*,#2543,.T.);
#2543=EDGE_CURVE('',#2535,#2544,#2546,.T.);
#2544=VERTEX_POINT('',#2545);
#2545=CARTESIAN_POINT('',(-5.256558115,0.127,-6.066945092));
#2546=LINE('',#2547,#2548);
#2547=CARTESIAN_POINT('',(-6.072898379,0.127,-7.039821535));
#2548=VECTOR('',#2549,1.0);
#2549=DIRECTION('',(0.64278761,0.0,0.766044443));
#2550=ORIENTED_EDGE('',*,*,#2551,.T.);
#2551=EDGE_CURVE('',#2544,#2552,#2554,.T.);
#2552=VERTEX_POINT('',#2553);
#2553=CARTESIAN_POINT('',(-4.521851877,1.27,-5.191356293));
#2554=CIRCLE('',#2555,1.143);
#2555=AXIS2_PLACEMENT_3D('',#2556,#2557,#2558);
#2556=CARTESIAN_POINT('',(-5.256558115,1.27,-6.066945092));
#2557=DIRECTION('',(-0.766044443,0.0,0.64278761));
#2558=DIRECTION('',(0.0,-1.0,0.0));
#2559=ORIENTED_EDGE('',*,*,#2560,.T.);
#2560=EDGE_CURVE('',#2552,#2561,#2563,.T.);
#2561=VERTEX_POINT('',#2562);
#2562=CARTESIAN_POINT('',(-4.521851877,8.6868,-5.191356293));
#2563=LINE('',#2564,#2565);
#2564=CARTESIAN_POINT('',(-4.521851877,1.27,-5.191356293));
#2565=VECTOR('',#2566,1.0);
#2566=DIRECTION('',(0.0,1.0,0.0));
#2567=ORIENTED_EDGE('',*,*,#2568,.T.);
#2568=EDGE_CURVE('',#2561,#2569,#2571,.T.);
#2569=VERTEX_POINT('',#2570);
#2570=CARTESIAN_POINT('',(-5.256558115,9.8298,-6.066945092));
#2571=CIRCLE('',#2572,1.143);
#2572=AXIS2_PLACEMENT_3D('',#2573,#2574,#2575);
#2573=CARTESIAN_POINT('',(-5.256558115,8.6868,-6.066945092));
#2574=DIRECTION('',(-0.766044443,0.0,0.64278761));
#2575=DIRECTION('',(0.64278761,-1.727013594E-14,0.766044443));
#2576=ORIENTED_EDGE('',*,*,#2577,.T.);
#2577=EDGE_CURVE('',#2569,#2411,#2578,.T.);
#2578=LINE('',#2579,#2580);
#2579=CARTESIAN_POINT('',(-5.256558115,9.8298,-6.066945092));
#2580=VECTOR('',#2581,1.0);
#2581=DIRECTION('',(-0.64278761,0.0,-0.766044443));
#2582=ORIENTED_EDGE('',*,*,#2410,.F.);
#2583=ORIENTED_EDGE('',*,*,#2518,.F.);
#2584=PLANE('',#2585);
#2585=AXIS2_PLACEMENT_3D('',#2586,#2587,#2588);
#2586=CARTESIAN_POINT('',(-6.889238643,0.0,-8.012697977));
#2587=DIRECTION('',(-0.766044443,0.0,0.64278761));
#2588=DIRECTION('',(0.64278761,0.0,0.766044443));
#2589=ADVANCED_FACE('',(#2590),#2602,.T.);
#2590=FACE_BOUND('',#2591,.T.);
#2591=EDGE_LOOP('',(#2592,#2593,#2594,#2601));
#2592=ORIENTED_EDGE('',*,*,#2419,.F.);
#2593=ORIENTED_EDGE('',*,*,#2577,.F.);
#2594=ORIENTED_EDGE('',*,*,#2595,.T.);
#2595=EDGE_CURVE('',#2569,#2445,#2596,.T.);
#2596=CIRCLE('',#2597,0.127);
#2597=AXIS2_PLACEMENT_3D('',#2598,#2599,#2600);
#2598=CARTESIAN_POINT('',(-5.15927047,9.8298,-6.148579118));
#2599=DIRECTION('',(-0.64278761,0.0,-0.766044443));
#2600=DIRECTION('',(-0.766044443,-1.110223025E-14,0.64278761));
#2601=ORIENTED_EDGE('',*,*,#2444,.F.);
#2602=CYLINDRICAL_SURFACE('',#2603,0.127);
#2603=AXIS2_PLACEMENT_3D('',#2604,#2605,#2606);
#2604=CARTESIAN_POINT('',(-5.147990422,9.8298,-6.13513608));
#2605=DIRECTION('',(-0.64278761,0.0,-0.766044443));
#2606=DIRECTION('',(-0.766044443,0.0,0.64278761));
#2607=ADVANCED_FACE('',(#2608),#2620,.T.);
#2608=FACE_BOUND('',#2609,.T.);
#2609=EDGE_LOOP('',(#2610,#2611,#2612,#2619));
#2610=ORIENTED_EDGE('',*,*,#2595,.F.);
#2611=ORIENTED_EDGE('',*,*,#2568,.F.);
#2612=ORIENTED_EDGE('',*,*,#2613,.T.);
#2613=EDGE_CURVE('',#2561,#2453,#2614,.T.);
#2614=CIRCLE('',#2615,0.127);
#2615=AXIS2_PLACEMENT_3D('',#2616,#2617,#2618);
#2616=CARTESIAN_POINT('',(-4.424564233,8.6868,-5.27299032));
#2617=DIRECTION('',(0.0,1.0,0.0));
#2618=DIRECTION('',(-0.766044443,0.0,0.64278761));
#2619=ORIENTED_EDGE('',*,*,#2452,.F.);
#2620=TOROIDAL_SURFACE('',#2621,1.143,0.127);
#2621=AXIS2_PLACEMENT_3D('',#2622,#2623,#2624);
#2622=CARTESIAN_POINT('',(-5.15927047,8.6868,-6.148579118));
#2623=DIRECTION('',(0.766044443,0.0,-0.64278761));
#2624=DIRECTION('',(0.642623831,-0.022572657,0.765849259));
#2625=ADVANCED_FACE('',(#2626),#2638,.T.);
#2626=FACE_BOUND('',#2627,.T.);
#2627=EDGE_LOOP('',(#2628,#2629,#2630,#2637));
#2628=ORIENTED_EDGE('',*,*,#2613,.F.);
#2629=ORIENTED_EDGE('',*,*,#2560,.F.);
#2630=ORIENTED_EDGE('',*,*,#2631,.T.);
#2631=EDGE_CURVE('',#2552,#2462,#2632,.T.);
#2632=CIRCLE('',#2633,0.127);
#2633=AXIS2_PLACEMENT_3D('',#2634,#2635,#2636);
#2634=CARTESIAN_POINT('',(-4.424564233,1.27,-5.27299032));
#2635=DIRECTION('',(0.0,1.0,0.0));
#2636=DIRECTION('',(-0.766044443,0.0,0.64278761));
#2637=ORIENTED_EDGE('',*,*,#2461,.F.);
#2638=CYLINDRICAL_SURFACE('',#2639,0.127);
#2639=AXIS2_PLACEMENT_3D('',#2640,#2641,#2642);
#2640=CARTESIAN_POINT('',(-4.424564233,1.252451359,-5.27299032));
#2641=DIRECTION('',(0.0,1.0,0.0));
#2642=DIRECTION('',(-0.766044443,0.0,0.64278761));
#2643=ADVANCED_FACE('',(#2644),#2656,.T.);
#2644=FACE_BOUND('',#2645,.T.);
#2645=EDGE_LOOP('',(#2646,#2647,#2648,#2655));
#2646=ORIENTED_EDGE('',*,*,#2631,.F.);
#2647=ORIENTED_EDGE('',*,*,#2551,.F.);
#2648=ORIENTED_EDGE('',*,*,#2649,.T.);
#2649=EDGE_CURVE('',#2544,#2470,#2650,.T.);
#2650=CIRCLE('',#2651,0.127);
#2651=AXIS2_PLACEMENT_3D('',#2652,#2653,#2654);
#2652=CARTESIAN_POINT('',(-5.15927047,0.127,-6.148579118));
#2653=DIRECTION('',(0.64278761,0.0,0.766044443));
#2654=DIRECTION('',(-0.766044443,0.0,0.64278761));
#2655=ORIENTED_EDGE('',*,*,#2469,.F.);
#2656=TOROIDAL_SURFACE('',#2657,1.143,0.127);
#2657=AXIS2_PLACEMENT_3D('',#2658,#2659,#2660);
#2658=CARTESIAN_POINT('',(-5.15927047,1.27,-6.148579118));
#2659=DIRECTION('',(-0.766044443,0.0,0.64278761));
#2660=DIRECTION('',(-0.010214346,-0.999873735,-0.012172983));
#2661=ADVANCED_FACE('',(#2662),#2674,.T.);
#2662=FACE_BOUND('',#2663,.T.);
#2663=EDGE_LOOP('',(#2664,#2665,#2666,#2673));
#2664=ORIENTED_EDGE('',*,*,#2649,.F.);
#2665=ORIENTED_EDGE('',*,*,#2543,.F.);
#2666=ORIENTED_EDGE('',*,*,#2667,.T.);
#2667=EDGE_CURVE('',#2535,#2479,#2668,.T.);
#2668=CIRCLE('',#2669,0.127);
#2669=AXIS2_PLACEMENT_3D('',#2670,#2671,#2672);
#2670=CARTESIAN_POINT('',(-5.975610735,0.127,-7.121455561));
#2671=DIRECTION('',(0.64278761,0.0,0.766044443));
#2672=DIRECTION('',(-0.766044443,1.162264729E-14,0.64278761));
#2673=ORIENTED_EDGE('',*,*,#2478,.F.);
#2674=CYLINDRICAL_SURFACE('',#2675,0.127);
#2675=AXIS2_PLACEMENT_3D('',#2676,#2677,#2678);
#2676=CARTESIAN_POINT('',(-5.995083043,0.127,-7.144661754));
#2677=DIRECTION('',(0.64278761,0.0,0.766044443));
#2678=DIRECTION('',(-0.766044443,0.0,0.64278761));
#2679=ADVANCED_FACE('',(#2680),#2686,.T.);
#2680=FACE_BOUND('',#2681,.T.);
#2681=EDGE_LOOP('',(#2682,#2683,#2684,#2685));
#2682=ORIENTED_EDGE('',*,*,#2667,.F.);
#2683=ORIENTED_EDGE('',*,*,#2534,.F.);
#2684=ORIENTED_EDGE('',*,*,#2509,.F.);
#2685=ORIENTED_EDGE('',*,*,#2486,.F.);
#2686=TOROIDAL_SURFACE('',#2687,1.143,0.127);
#2687=AXIS2_PLACEMENT_3D('',#2688,#2689,#2690);
#2688=CARTESIAN_POINT('',(-5.975610735,1.27,-7.121455561));
#2689=DIRECTION('',(0.766044443,0.0,-0.64278761));
#2690=DIRECTION('',(-0.642623831,0.022572657,-0.765849259));
#2691=MANIFOLD_SOLID_BREP('',#2692);
#2692=CLOSED_SHELL('',(#2693,#2737,#2803,#2828,#2887,#2905,#2923,#2941,#2959,#2977));
#2693=ADVANCED_FACE('',(#2694),#2732,.T.);
#2694=FACE_BOUND('',#2695,.T.);
#2695=EDGE_LOOP('',(#2696,#2707,#2716,#2725));
#2696=ORIENTED_EDGE('',*,*,#2697,.T.);
#2697=EDGE_CURVE('',#2698,#2700,#2702,.T.);
#2698=VERTEX_POINT('',#2699);
#2699=CARTESIAN_POINT('',(-7.29196797,8.6868,-7.471573093));
#2700=VERTEX_POINT('',#2701);
#2701=CARTESIAN_POINT('',(-7.471573093,8.6868,-7.29196797));
#2702=CIRCLE('',#2703,0.127);
#2703=AXIS2_PLACEMENT_3D('',#2704,#2705,#2706);
#2704=CARTESIAN_POINT('',(-7.381770532,8.6868,-7.381770532));
#2705=DIRECTION('',(0.0,1.0,0.0));
#2706=DIRECTION('',(0.707106781,0.0,-0.707106781));
#2707=ORIENTED_EDGE('',*,*,#2708,.T.);
#2708=EDGE_CURVE('',#2700,#2709,#2711,.F.);
#2709=VERTEX_POINT('',#2710);
#2710=CARTESIAN_POINT('',(-6.663350042,9.8298,-6.483744919));
#2711=CIRCLE('',#2712,1.143);
#2712=AXIS2_PLACEMENT_3D('',#2713,#2714,#2715);
#2713=CARTESIAN_POINT('',(-6.663350042,8.6868,-6.483744919));
#2714=DIRECTION('',(-0.707106781,0.0,0.707106781));
#2715=DIRECTION('',(0.0,1.0,0.0));
#2716=ORIENTED_EDGE('',*,*,#2717,.T.);
#2717=EDGE_CURVE('',#2709,#2718,#2720,.T.);
#2718=VERTEX_POINT('',#2719);
#2719=CARTESIAN_POINT('',(-6.483744919,9.8298,-6.663350042));
#2720=CIRCLE('',#2721,0.127);
#2721=AXIS2_PLACEMENT_3D('',#2722,#2723,#2724);
#2722=CARTESIAN_POINT('',(-6.573547481,9.8298,-6.573547481));
#2723=DIRECTION('',(-0.707106781,0.0,-0.707106781));
#2724=DIRECTION('',(-0.707106781,1.110223025E-14,0.707106781));
#2725=ORIENTED_EDGE('',*,*,#2726,.T.);
#2726=EDGE_CURVE('',#2718,#2698,#2727,.F.);
#2727=CIRCLE('',#2728,1.143);
#2728=AXIS2_PLACEMENT_3D('',#2729,#2730,#2731);
#2729=CARTESIAN_POINT('',(-6.483744919,8.6868,-6.663350042));
#2730=DIRECTION('',(0.707106781,0.0,-0.707106781));
#2731=DIRECTION('',(-0.707106781,0.0,-0.707106781));
#2732=TOROIDAL_SURFACE('',#2733,1.143,0.127);
#2733=AXIS2_PLACEMENT_3D('',#2734,#2735,#2736);
#2734=CARTESIAN_POINT('',(-6.573547481,8.6868,-6.573547481));
#2735=DIRECTION('',(-0.707106781,0.0,0.707106781));
#2736=DIRECTION('',(0.011236422,0.999873735,0.011236422));
#2737=ADVANCED_FACE('',(#2738),#2798,.T.);
#2738=FACE_BOUND('',#2739,.T.);
#2739=EDGE_LOOP('',(#2740,#2741,#2749,#2758,#2766,#2775,#2783,#2792));
#2740=ORIENTED_EDGE('',*,*,#2726,.F.);
#2741=ORIENTED_EDGE('',*,*,#2742,.T.);
#2742=EDGE_CURVE('',#2718,#2743,#2745,.T.);
#2743=VERTEX_POINT('',#2744);
#2744=CARTESIAN_POINT('',(-5.585719307,9.8298,-5.76532443));
#2745=LINE('',#2746,#2747);
#2746=CARTESIAN_POINT('',(-6.483744919,9.8298,-6.663350042));
#2747=VECTOR('',#2748,1.0);
#2748=DIRECTION('',(0.707106781,0.0,0.707106781));
#2749=ORIENTED_EDGE('',*,*,#2750,.T.);
#2750=EDGE_CURVE('',#2743,#2751,#2753,.T.);
#2751=VERTEX_POINT('',#2752);
#2752=CARTESIAN_POINT('',(-4.777496256,8.6868,-4.957101379));
#2753=CIRCLE('',#2754,1.143);
#2754=AXIS2_PLACEMENT_3D('',#2755,#2756,#2757);
#2755=CARTESIAN_POINT('',(-5.585719307,8.6868,-5.76532443));
#2756=DIRECTION('',(0.707106781,0.0,-0.707106781));
#2757=DIRECTION('',(0.0,1.0,0.0));
#2758=ORIENTED_EDGE('',*,*,#2759,.T.);
#2759=EDGE_CURVE('',#2751,#2760,#2762,.T.);
#2760=VERTEX_POINT('',#2761);
#2761=CARTESIAN_POINT('',(-4.777496256,1.27,-4.957101379));
#2762=LINE('',#2763,#2764);
#2763=CARTESIAN_POINT('',(-4.777496256,8.6868,-4.957101379));
#2764=VECTOR('',#2765,1.0);
#2765=DIRECTION('',(0.0,-1.0,0.0));
#2766=ORIENTED_EDGE('',*,*,#2767,.T.);
#2767=EDGE_CURVE('',#2760,#2768,#2770,.T.);
#2768=VERTEX_POINT('',#2769);
#2769=CARTESIAN_POINT('',(-5.585719307,0.127,-5.76532443));
#2770=CIRCLE('',#2771,1.143);
#2771=AXIS2_PLACEMENT_3D('',#2772,#2773,#2774);
#2772=CARTESIAN_POINT('',(-5.585719307,1.27,-5.76532443));
#2773=DIRECTION('',(0.707106781,0.0,-0.707106781));
#2774=DIRECTION('',(0.707106781,0.0,0.707106781));
#2775=ORIENTED_EDGE('',*,*,#2776,.T.);
#2776=EDGE_CURVE('',#2768,#2777,#2779,.T.);
#2777=VERTEX_POINT('',#2778);
#2778=CARTESIAN_POINT('',(-6.483744919,0.127,-6.663350042));
#2779=LINE('',#2780,#2781);
#2780=CARTESIAN_POINT('',(-5.585719307,0.127,-5.76532443));
#2781=VECTOR('',#2782,1.0);
#2782=DIRECTION('',(-0.707106781,0.0,-0.707106781));
#2783=ORIENTED_EDGE('',*,*,#2784,.T.);
#2784=EDGE_CURVE('',#2777,#2785,#2787,.T.);
#2785=VERTEX_POINT('',#2786);
#2786=CARTESIAN_POINT('',(-7.29196797,1.27,-7.471573093));
#2787=CIRCLE('',#2788,1.143);
#2788=AXIS2_PLACEMENT_3D('',#2789,#2790,#2791);
#2789=CARTESIAN_POINT('',(-6.483744919,1.27,-6.663350042));
#2790=DIRECTION('',(0.707106781,0.0,-0.707106781));
#2791=DIRECTION('',(0.0,-1.0,0.0));
#2792=ORIENTED_EDGE('',*,*,#2793,.T.);
#2793=EDGE_CURVE('',#2785,#2698,#2794,.T.);
#2794=LINE('',#2795,#2796);
#2795=CARTESIAN_POINT('',(-7.29196797,1.27,-7.471573093));
#2796=VECTOR('',#2797,1.0);
#2797=DIRECTION('',(0.0,1.0,0.0));
#2798=PLANE('',#2799);
#2799=AXIS2_PLACEMENT_3D('',#2800,#2801,#2802);
#2800=CARTESIAN_POINT('',(-4.687693695,0.0,-4.867298818));
#2801=DIRECTION('',(0.707106781,0.0,-0.707106781));
#2802=DIRECTION('',(-0.707106781,0.0,-0.707106781));
#2803=ADVANCED_FACE('',(#2804),#2823,.T.);
#2804=FACE_BOUND('',#2805,.T.);
#2805=EDGE_LOOP('',(#2806,#2815,#2821,#2822));
#2806=ORIENTED_EDGE('',*,*,#2807,.T.);
#2807=EDGE_CURVE('',#2785,#2808,#2810,.F.);
#2808=VERTEX_POINT('',#2809);
#2809=CARTESIAN_POINT('',(-7.471573093,1.27,-7.29196797));
#2810=CIRCLE('',#2811,0.127);
#2811=AXIS2_PLACEMENT_3D('',#2812,#2813,#2814);
#2812=CARTESIAN_POINT('',(-7.381770532,1.27,-7.381770532));
#2813=DIRECTION('',(0.0,-1.0,0.0));
#2814=DIRECTION('',(-0.707106781,0.0,0.707106781));
#2815=ORIENTED_EDGE('',*,*,#2816,.T.);
#2816=EDGE_CURVE('',#2808,#2700,#2817,.F.);
#2817=LINE('',#2818,#2819);
#2818=CARTESIAN_POINT('',(-7.471573093,8.6868,-7.29196797));
#2819=VECTOR('',#2820,1.0);
#2820=DIRECTION('',(0.0,-1.0,0.0));
#2821=ORIENTED_EDGE('',*,*,#2697,.F.);
#2822=ORIENTED_EDGE('',*,*,#2793,.F.);
#2823=CYLINDRICAL_SURFACE('',#2824,0.127);
#2824=AXIS2_PLACEMENT_3D('',#2825,#2826,#2827);
#2825=CARTESIAN_POINT('',(-7.381770532,8.717093534,-7.381770532));
#2826=DIRECTION('',(0.0,-1.0,0.0));
#2827=DIRECTION('',(-0.707106781,0.0,0.707106781));
#2828=ADVANCED_FACE('',(#2829),#2882,.T.);
#2829=FACE_BOUND('',#2830,.T.);
#2830=EDGE_LOOP('',(#2831,#2840,#2848,#2857,#2865,#2874,#2880,#2881));
#2831=ORIENTED_EDGE('',*,*,#2832,.T.);
#2832=EDGE_CURVE('',#2808,#2833,#2835,.T.);
#2833=VERTEX_POINT('',#2834);
#2834=CARTESIAN_POINT('',(-6.663350042,0.127,-6.483744919));
#2835=CIRCLE('',#2836,1.143);
#2836=AXIS2_PLACEMENT_3D('',#2837,#2838,#2839);
#2837=CARTESIAN_POINT('',(-6.663350042,1.27,-6.483744919));
#2838=DIRECTION('',(-0.707106781,0.0,0.707106781));
#2839=DIRECTION('',(-0.707106781,-1.680754301E-14,-0.707106781));
#2840=ORIENTED_EDGE('',*,*,#2841,.T.);
#2841=EDGE_CURVE('',#2833,#2842,#2844,.T.);
#2842=VERTEX_POINT('',#2843);
#2843=CARTESIAN_POINT('',(-5.76532443,0.127,-5.585719307));
#2844=LINE('',#2845,#2846);
#2845=CARTESIAN_POINT('',(-6.663350042,0.127,-6.483744919));
#2846=VECTOR('',#2847,1.0);
#2847=DIRECTION('',(0.707106781,0.0,0.707106781));
#2848=ORIENTED_EDGE('',*,*,#2849,.T.);
#2849=EDGE_CURVE('',#2842,#2850,#2852,.T.);
#2850=VERTEX_POINT('',#2851);
#2851=CARTESIAN_POINT('',(-4.957101379,1.27,-4.777496256));
#2852=CIRCLE('',#2853,1.143);
#2853=AXIS2_PLACEMENT_3D('',#2854,#2855,#2856);
#2854=CARTESIAN_POINT('',(-5.76532443,1.27,-5.585719307));
#2855=DIRECTION('',(-0.707106781,0.0,0.707106781));
#2856=DIRECTION('',(0.0,-1.0,0.0));
#2857=ORIENTED_EDGE('',*,*,#2858,.T.);
#2858=EDGE_CURVE('',#2850,#2859,#2861,.T.);
#2859=VERTEX_POINT('',#2860);
#2860=CARTESIAN_POINT('',(-4.957101379,8.6868,-4.777496256));
#2861=LINE('',#2862,#2863);
#2862=CARTESIAN_POINT('',(-4.957101379,1.27,-4.777496256));
#2863=VECTOR('',#2864,1.0);
#2864=DIRECTION('',(0.0,1.0,0.0));
#2865=ORIENTED_EDGE('',*,*,#2866,.T.);
#2866=EDGE_CURVE('',#2859,#2867,#2869,.T.);
#2867=VERTEX_POINT('',#2868);
#2868=CARTESIAN_POINT('',(-5.76532443,9.8298,-5.585719307));
#2869=CIRCLE('',#2870,1.143);
#2870=AXIS2_PLACEMENT_3D('',#2871,#2872,#2873);
#2871=CARTESIAN_POINT('',(-5.76532443,8.6868,-5.585719307));
#2872=DIRECTION('',(-0.707106781,0.0,0.707106781));
#2873=DIRECTION('',(0.707106781,0.0,0.707106781));
#2874=ORIENTED_EDGE('',*,*,#2875,.T.);
#2875=EDGE_CURVE('',#2867,#2709,#2876,.T.);
#2876=LINE('',#2877,#2878);
#2877=CARTESIAN_POINT('',(-5.76532443,9.8298,-5.585719307));
#2878=VECTOR('',#2879,1.0);
#2879=DIRECTION('',(-0.707106781,0.0,-0.707106781));
#2880=ORIENTED_EDGE('',*,*,#2708,.F.);
#2881=ORIENTED_EDGE('',*,*,#2816,.F.);
#2882=PLANE('',#2883);
#2883=AXIS2_PLACEMENT_3D('',#2884,#2885,#2886);
#2884=CARTESIAN_POINT('',(-7.561375654,0.0,-7.381770532));
#2885=DIRECTION('',(-0.707106781,0.0,0.707106781));
#2886=DIRECTION('',(0.707106781,0.0,0.707106781));
#2887=ADVANCED_FACE('',(#2888),#2900,.T.);
#2888=FACE_BOUND('',#2889,.T.);
#2889=EDGE_LOOP('',(#2890,#2891,#2892,#2899));
#2890=ORIENTED_EDGE('',*,*,#2717,.F.);
#2891=ORIENTED_EDGE('',*,*,#2875,.F.);
#2892=ORIENTED_EDGE('',*,*,#2893,.T.);
#2893=EDGE_CURVE('',#2867,#2743,#2894,.T.);
#2894=CIRCLE('',#2895,0.127);
#2895=AXIS2_PLACEMENT_3D('',#2896,#2897,#2898);
#2896=CARTESIAN_POINT('',(-5.675521869,9.8298,-5.675521869));
#2897=DIRECTION('',(-0.707106781,0.0,-0.707106781));
#2898=DIRECTION('',(-0.707106781,0.0,0.707106781));
#2899=ORIENTED_EDGE('',*,*,#2742,.F.);
#2900=CYLINDRICAL_SURFACE('',#2901,0.127);
#2901=AXIS2_PLACEMENT_3D('',#2902,#2903,#2904);
#2902=CARTESIAN_POINT('',(-5.663113106,9.8298,-5.663113106));
#2903=DIRECTION('',(-0.707106781,0.0,-0.707106781));
#2904=DIRECTION('',(-0.707106781,0.0,0.707106781));
#2905=ADVANCED_FACE('',(#2906),#2918,.T.);
#2906=FACE_BOUND('',#2907,.T.);
#2907=EDGE_LOOP('',(#2908,#2909,#2910,#2917));
#2908=ORIENTED_EDGE('',*,*,#2893,.F.);
#2909=ORIENTED_EDGE('',*,*,#2866,.F.);
#2910=ORIENTED_EDGE('',*,*,#2911,.T.);
#2911=EDGE_CURVE('',#2859,#2751,#2912,.T.);
#2912=CIRCLE('',#2913,0.127);
#2913=AXIS2_PLACEMENT_3D('',#2914,#2915,#2916);
#2914=CARTESIAN_POINT('',(-4.867298818,8.6868,-4.867298818));
#2915=DIRECTION('',(0.0,1.0,0.0));
#2916=DIRECTION('',(-0.707106781,0.0,0.707106781));
#2917=ORIENTED_EDGE('',*,*,#2750,.F.);
#2918=TOROIDAL_SURFACE('',#2919,1.143,0.127);
#2919=AXIS2_PLACEMENT_3D('',#2920,#2921,#2922);
#2920=CARTESIAN_POINT('',(-5.675521869,8.6868,-5.675521869));
#2921=DIRECTION('',(0.707106781,0.0,-0.707106781));
#2922=DIRECTION('',(0.706926614,-0.022572657,0.706926614));
#2923=ADVANCED_FACE('',(#2924),#2936,.T.);
#2924=FACE_BOUND('',#2925,.T.);
#2925=EDGE_LOOP('',(#2926,#2927,#2928,#2935));
#2926=ORIENTED_EDGE('',*,*,#2911,.F.);
#2927=ORIENTED_EDGE('',*,*,#2858,.F.);
#2928=ORIENTED_EDGE('',*,*,#2929,.T.);
#2929=EDGE_CURVE('',#2850,#2760,#2930,.T.);
#2930=CIRCLE('',#2931,0.127);
#2931=AXIS2_PLACEMENT_3D('',#2932,#2933,#2934);
#2932=CARTESIAN_POINT('',(-4.867298818,1.27,-4.867298818));
#2933=DIRECTION('',(0.0,1.0,0.0));
#2934=DIRECTION('',(-0.707106781,0.0,0.707106781));
#2935=ORIENTED_EDGE('',*,*,#2759,.F.);
#2936=CYLINDRICAL_SURFACE('',#2937,0.127);
#2937=AXIS2_PLACEMENT_3D('',#2938,#2939,#2940);
#2938=CARTESIAN_POINT('',(-4.867298818,1.252451359,-4.867298818));
#2939=DIRECTION('',(0.0,1.0,0.0));
#2940=DIRECTION('',(-0.707106781,0.0,0.707106781));
#2941=ADVANCED_FACE('',(#2942),#2954,.T.);
#2942=FACE_BOUND('',#2943,.T.);
#2943=EDGE_LOOP('',(#2944,#2945,#2946,#2953));
#2944=ORIENTED_EDGE('',*,*,#2929,.F.);
#2945=ORIENTED_EDGE('',*,*,#2849,.F.);
#2946=ORIENTED_EDGE('',*,*,#2947,.T.);
#2947=EDGE_CURVE('',#2842,#2768,#2948,.T.);
#2948=CIRCLE('',#2949,0.127);
#2949=AXIS2_PLACEMENT_3D('',#2950,#2951,#2952);
#2950=CARTESIAN_POINT('',(-5.675521869,0.127,-5.675521869));
#2951=DIRECTION('',(0.707106781,0.0,0.707106781));
#2952=DIRECTION('',(-0.707106781,0.0,0.707106781));
#2953=ORIENTED_EDGE('',*,*,#2767,.F.);
#2954=TOROIDAL_SURFACE('',#2955,1.143,0.127);
#2955=AXIS2_PLACEMENT_3D('',#2956,#2957,#2958);
#2956=CARTESIAN_POINT('',(-5.675521869,1.27,-5.675521869));
#2957=DIRECTION('',(-0.707106781,0.0,0.707106781));
#2958=DIRECTION('',(-0.011236422,-0.999873735,-0.011236422));
#2959=ADVANCED_FACE('',(#2960),#2972,.T.);
#2960=FACE_BOUND('',#2961,.T.);
#2961=EDGE_LOOP('',(#2962,#2963,#2964,#2971));
#2962=ORIENTED_EDGE('',*,*,#2947,.F.);
#2963=ORIENTED_EDGE('',*,*,#2841,.F.);
#2964=ORIENTED_EDGE('',*,*,#2965,.T.);
#2965=EDGE_CURVE('',#2833,#2777,#2966,.T.);
#2966=CIRCLE('',#2967,0.127);
#2967=AXIS2_PLACEMENT_3D('',#2968,#2969,#2970);
#2968=CARTESIAN_POINT('',(-6.573547481,0.127,-6.573547481));
#2969=DIRECTION('',(0.707106781,0.0,0.707106781));
#2970=DIRECTION('',(-0.707106781,0.0,0.707106781));
#2971=ORIENTED_EDGE('',*,*,#2776,.F.);
#2972=CYLINDRICAL_SURFACE('',#2973,0.127);
#2973=AXIS2_PLACEMENT_3D('',#2974,#2975,#2976);
#2974=CARTESIAN_POINT('',(-6.594968244,0.127,-6.594968244));
#2975=DIRECTION('',(0.707106781,0.0,0.707106781));
#2976=DIRECTION('',(-0.707106781,0.0,0.707106781));
#2977=ADVANCED_FACE('',(#2978),#2984,.T.);
#2978=FACE_BOUND('',#2979,.T.);
#2979=EDGE_LOOP('',(#2980,#2981,#2982,#2983));
#2980=ORIENTED_EDGE('',*,*,#2965,.F.);
#2981=ORIENTED_EDGE('',*,*,#2832,.F.);
#2982=ORIENTED_EDGE('',*,*,#2807,.F.);
#2983=ORIENTED_EDGE('',*,*,#2784,.F.);
#2984=TOROIDAL_SURFACE('',#2985,1.143,0.127);
#2985=AXIS2_PLACEMENT_3D('',#2986,#2987,#2988);
#2986=CARTESIAN_POINT('',(-6.573547481,1.27,-6.573547481));
#2987=DIRECTION('',(0.707106781,0.0,-0.707106781));
#2988=DIRECTION('',(-0.706926614,0.022572657,-0.706926614));
#2989=MANIFOLD_SOLID_BREP('',#2990);
#2990=CLOSED_SHELL('',(#2991,#3035,#3101,#3126,#3185,#3203,#3221,#3239,#3257,#3275));
#2991=ADVANCED_FACE('',(#2992),#3030,.T.);
#2992=FACE_BOUND('',#2993,.T.);
#2993=EDGE_LOOP('',(#2994,#3005,#3014,#3023));
#2994=ORIENTED_EDGE('',*,*,#2995,.T.);
#2995=EDGE_CURVE('',#2996,#2998,#3000,.T.);
#2996=VERTEX_POINT('',#2997);
#2997=CARTESIAN_POINT('',(-7.915410333,8.6868,-6.807604617));
#2998=VERTEX_POINT('',#2999);
#2999=CARTESIAN_POINT('',(-8.078678386,8.6868,-6.613029328));
#3000=CIRCLE('',#3001,0.127);
#3001=AXIS2_PLACEMENT_3D('',#3002,#3003,#3004);
#3002=CARTESIAN_POINT('',(-7.997044359,8.6868,-6.710316973));
#3003=DIRECTION('',(0.0,1.0,0.0));
#3004=DIRECTION('',(0.64278761,0.0,-0.766044443));
#3005=ORIENTED_EDGE('',*,*,#3006,.T.);
#3006=EDGE_CURVE('',#2998,#3007,#3009,.F.);
#3007=VERTEX_POINT('',#3008);
#3008=CARTESIAN_POINT('',(-7.203089587,9.8298,-5.87832309));
#3009=CIRCLE('',#3010,1.143);
#3010=AXIS2_PLACEMENT_3D('',#3011,#3012,#3013);
#3011=CARTESIAN_POINT('',(-7.203089587,8.6868,-5.87832309));
#3012=DIRECTION('',(-0.64278761,0.0,0.766044443));
#3013=DIRECTION('',(0.0,1.0,0.0));
#3014=ORIENTED_EDGE('',*,*,#3015,.T.);
#3015=EDGE_CURVE('',#3007,#3016,#3018,.T.);
#3016=VERTEX_POINT('',#3017);
#3017=CARTESIAN_POINT('',(-7.039821535,9.8298,-6.072898379));
#3018=CIRCLE('',#3019,0.127);
#3019=AXIS2_PLACEMENT_3D('',#3020,#3021,#3022);
#3020=CARTESIAN_POINT('',(-7.121455561,9.8298,-5.975610735));
#3021=DIRECTION('',(-0.766044443,0.0,-0.64278761));
#3022=DIRECTION('',(-0.64278761,0.0,0.766044443));
#3023=ORIENTED_EDGE('',*,*,#3024,.T.);
#3024=EDGE_CURVE('',#3016,#2996,#3025,.F.);
#3025=CIRCLE('',#3026,1.143);
#3026=AXIS2_PLACEMENT_3D('',#3027,#3028,#3029);
#3027=CARTESIAN_POINT('',(-7.039821535,8.6868,-6.072898379));
#3028=DIRECTION('',(0.64278761,0.0,-0.766044443));
#3029=DIRECTION('',(-0.766044443,0.0,-0.64278761));
#3030=TOROIDAL_SURFACE('',#3031,1.143,0.127);
#3031=AXIS2_PLACEMENT_3D('',#3032,#3033,#3034);
#3032=CARTESIAN_POINT('',(-7.121455561,8.6868,-5.975610735));
#3033=DIRECTION('',(-0.64278761,0.0,0.766044443));
#3034=DIRECTION('',(0.012172983,0.999873735,0.010214346));
#3035=ADVANCED_FACE('',(#3036),#3096,.T.);
#3036=FACE_BOUND('',#3037,.T.);
#3037=EDGE_LOOP('',(#3038,#3039,#3047,#3056,#3064,#3073,#3081,#3090));
#3038=ORIENTED_EDGE('',*,*,#3024,.F.);
#3039=ORIENTED_EDGE('',*,*,#3040,.T.);
#3040=EDGE_CURVE('',#3016,#3041,#3043,.T.);
#3041=VERTEX_POINT('',#3042);
#3042=CARTESIAN_POINT('',(-6.066945092,9.8298,-5.256558115));
#3043=LINE('',#3044,#3045);
#3044=CARTESIAN_POINT('',(-7.039821535,9.8298,-6.072898379));
#3045=VECTOR('',#3046,1.0);
#3046=DIRECTION('',(0.766044443,0.0,0.64278761));
#3047=ORIENTED_EDGE('',*,*,#3048,.T.);
#3048=EDGE_CURVE('',#3041,#3049,#3051,.T.);
#3049=VERTEX_POINT('',#3050);
#3050=CARTESIAN_POINT('',(-5.191356293,8.6868,-4.521851877));
#3051=CIRCLE('',#3052,1.143);
#3052=AXIS2_PLACEMENT_3D('',#3053,#3054,#3055);
#3053=CARTESIAN_POINT('',(-6.066945092,8.6868,-5.256558115));
#3054=DIRECTION('',(0.64278761,0.0,-0.766044443));
#3055=DIRECTION('',(0.0,1.0,0.0));
#3056=ORIENTED_EDGE('',*,*,#3057,.T.);
#3057=EDGE_CURVE('',#3049,#3058,#3060,.T.);
#3058=VERTEX_POINT('',#3059);
#3059=CARTESIAN_POINT('',(-5.191356293,1.27,-4.521851877));
#3060=LINE('',#3061,#3062);
#3061=CARTESIAN_POINT('',(-5.191356293,8.6868,-4.521851877));
#3062=VECTOR('',#3063,1.0);
#3063=DIRECTION('',(0.0,-1.0,0.0));
#3064=ORIENTED_EDGE('',*,*,#3065,.T.);
#3065=EDGE_CURVE('',#3058,#3066,#3068,.T.);
#3066=VERTEX_POINT('',#3067);
#3067=CARTESIAN_POINT('',(-6.066945092,0.127,-5.256558115));
#3068=CIRCLE('',#3069,1.143);
#3069=AXIS2_PLACEMENT_3D('',#3070,#3071,#3072);
#3070=CARTESIAN_POINT('',(-6.066945092,1.27,-5.256558115));
#3071=DIRECTION('',(0.64278761,0.0,-0.766044443));
#3072=DIRECTION('',(0.766044443,0.0,0.64278761));
#3073=ORIENTED_EDGE('',*,*,#3074,.T.);
#3074=EDGE_CURVE('',#3066,#3075,#3077,.T.);
#3075=VERTEX_POINT('',#3076);
#3076=CARTESIAN_POINT('',(-7.039821535,0.127,-6.072898379));
#3077=LINE('',#3078,#3079);
#3078=CARTESIAN_POINT('',(-6.066945092,0.127,-5.256558115));
#3079=VECTOR('',#3080,1.0);
#3080=DIRECTION('',(-0.766044443,0.0,-0.64278761));
#3081=ORIENTED_EDGE('',*,*,#3082,.T.);
#3082=EDGE_CURVE('',#3075,#3083,#3085,.T.);
#3083=VERTEX_POINT('',#3084);
#3084=CARTESIAN_POINT('',(-7.915410333,1.27,-6.807604617));
#3085=CIRCLE('',#3086,1.143);
#3086=AXIS2_PLACEMENT_3D('',#3087,#3088,#3089);
#3087=CARTESIAN_POINT('',(-7.039821535,1.27,-6.072898379));
#3088=DIRECTION('',(0.64278761,0.0,-0.766044443));
#3089=DIRECTION('',(0.0,-1.0,0.0));
#3090=ORIENTED_EDGE('',*,*,#3091,.T.);
#3091=EDGE_CURVE('',#3083,#2996,#3092,.T.);
#3092=LINE('',#3093,#3094);
#3093=CARTESIAN_POINT('',(-7.915410333,1.27,-6.807604617));
#3094=VECTOR('',#3095,1.0);
#3095=DIRECTION('',(0.0,1.0,0.0));
#3096=PLANE('',#3097);
#3097=AXIS2_PLACEMENT_3D('',#3098,#3099,#3100);
#3098=CARTESIAN_POINT('',(-5.094068649,0.0,-4.44021785));
#3099=DIRECTION('',(0.64278761,0.0,-0.766044443));
#3100=DIRECTION('',(-0.766044443,0.0,-0.64278761));
#3101=ADVANCED_FACE('',(#3102),#3121,.T.);
#3102=FACE_BOUND('',#3103,.T.);
#3103=EDGE_LOOP('',(#3104,#3113,#3119,#3120));
#3104=ORIENTED_EDGE('',*,*,#3105,.T.);
#3105=EDGE_CURVE('',#3083,#3106,#3108,.F.);
#3106=VERTEX_POINT('',#3107);
#3107=CARTESIAN_POINT('',(-8.078678386,1.27,-6.613029328));
#3108=CIRCLE('',#3109,0.127);
#3109=AXIS2_PLACEMENT_3D('',#3110,#3111,#3112);
#3110=CARTESIAN_POINT('',(-7.997044359,1.27,-6.710316973));
#3111=DIRECTION('',(0.0,-1.0,0.0));
#3112=DIRECTION('',(-0.64278761,0.0,0.766044443));
#3113=ORIENTED_EDGE('',*,*,#3114,.T.);
#3114=EDGE_CURVE('',#3106,#2998,#3115,.F.);
#3115=LINE('',#3116,#3117);
#3116=CARTESIAN_POINT('',(-8.078678386,8.6868,-6.613029328));
#3117=VECTOR('',#3118,1.0);
#3118=DIRECTION('',(0.0,-1.0,0.0));
#3119=ORIENTED_EDGE('',*,*,#2995,.F.);
#3120=ORIENTED_EDGE('',*,*,#3091,.F.);
#3121=CYLINDRICAL_SURFACE('',#3122,0.127);
#3122=AXIS2_PLACEMENT_3D('',#3123,#3124,#3125);
#3123=CARTESIAN_POINT('',(-7.997044359,8.717093534,-6.710316973));
#3124=DIRECTION('',(0.0,-1.0,0.0));
#3125=DIRECTION('',(-0.64278761,0.0,0.766044443));
#3126=ADVANCED_FACE('',(#3127),#3180,.T.);
#3127=FACE_BOUND('',#3128,.T.);
#3128=EDGE_LOOP('',(#3129,#3138,#3146,#3155,#3163,#3172,#3178,#3179));
#3129=ORIENTED_EDGE('',*,*,#3130,.T.);
#3130=EDGE_CURVE('',#3106,#3131,#3133,.T.);
#3131=VERTEX_POINT('',#3132);
#3132=CARTESIAN_POINT('',(-7.203089587,0.127,-5.87832309));
#3133=CIRCLE('',#3134,1.143);
#3134=AXIS2_PLACEMENT_3D('',#3135,#3136,#3137);
#3135=CARTESIAN_POINT('',(-7.203089587,1.27,-5.87832309));
#3136=DIRECTION('',(-0.64278761,0.0,0.766044443));
#3137=DIRECTION('',(-0.766044443,1.141062553E-14,-0.64278761));
#3138=ORIENTED_EDGE('',*,*,#3139,.T.);
#3139=EDGE_CURVE('',#3131,#3140,#3142,.T.);
#3140=VERTEX_POINT('',#3141);
#3141=CARTESIAN_POINT('',(-6.230213145,0.127,-5.061982826));
#3142=LINE('',#3143,#3144);
#3143=CARTESIAN_POINT('',(-7.203089587,0.127,-5.87832309));
#3144=VECTOR('',#3145,1.0);
#3145=DIRECTION('',(0.766044443,0.0,0.64278761));
#3146=ORIENTED_EDGE('',*,*,#3147,.T.);
#3147=EDGE_CURVE('',#3140,#3148,#3150,.T.);
#3148=VERTEX_POINT('',#3149);
#3149=CARTESIAN_POINT('',(-5.354624346,1.27,-4.327276588));
#3150=CIRCLE('',#3151,1.143);
#3151=AXIS2_PLACEMENT_3D('',#3152,#3153,#3154);
#3152=CARTESIAN_POINT('',(-6.230213145,1.27,-5.061982826));
#3153=DIRECTION('',(-0.64278761,0.0,0.766044443));
#3154=DIRECTION('',(0.0,-1.0,0.0));
#3155=ORIENTED_EDGE('',*,*,#3156,.T.);
#3156=EDGE_CURVE('',#3148,#3157,#3159,.T.);
#3157=VERTEX_POINT('',#3158);
#3158=CARTESIAN_POINT('',(-5.354624346,8.6868,-4.327276588));
#3159=LINE('',#3160,#3161);
#3160=CARTESIAN_POINT('',(-5.354624346,1.27,-4.327276588));
#3161=VECTOR('',#3162,1.0);
#3162=DIRECTION('',(0.0,1.0,0.0));
#3163=ORIENTED_EDGE('',*,*,#3164,.T.);
#3164=EDGE_CURVE('',#3157,#3165,#3167,.T.);
#3165=VERTEX_POINT('',#3166);
#3166=CARTESIAN_POINT('',(-6.230213145,9.8298,-5.061982826));
#3167=CIRCLE('',#3168,1.143);
#3168=AXIS2_PLACEMENT_3D('',#3169,#3170,#3171);
#3169=CARTESIAN_POINT('',(-6.230213145,8.6868,-5.061982826));
#3170=DIRECTION('',(-0.64278761,0.0,0.766044443));
#3171=DIRECTION('',(0.766044443,0.0,0.64278761));
#3172=ORIENTED_EDGE('',*,*,#3173,.T.);
#3173=EDGE_CURVE('',#3165,#3007,#3174,.T.);
#3174=LINE('',#3175,#3176);
#3175=CARTESIAN_POINT('',(-6.230213145,9.8298,-5.061982826));
#3176=VECTOR('',#3177,1.0);
#3177=DIRECTION('',(-0.766044443,0.0,-0.64278761));
#3178=ORIENTED_EDGE('',*,*,#3006,.F.);
#3179=ORIENTED_EDGE('',*,*,#3114,.F.);
#3180=PLANE('',#3181);
#3181=AXIS2_PLACEMENT_3D('',#3182,#3183,#3184);
#3182=CARTESIAN_POINT('',(-8.17596603,0.0,-6.694663355));
#3183=DIRECTION('',(-0.64278761,0.0,0.766044443));
#3184=DIRECTION('',(0.766044443,0.0,0.64278761));
#3185=ADVANCED_FACE('',(#3186),#3198,.T.);
#3186=FACE_BOUND('',#3187,.T.);
#3187=EDGE_LOOP('',(#3188,#3189,#3190,#3197));
#3188=ORIENTED_EDGE('',*,*,#3015,.F.);
#3189=ORIENTED_EDGE('',*,*,#3173,.F.);
#3190=ORIENTED_EDGE('',*,*,#3191,.T.);
#3191=EDGE_CURVE('',#3165,#3041,#3192,.T.);
#3192=CIRCLE('',#3193,0.127);
#3193=AXIS2_PLACEMENT_3D('',#3194,#3195,#3196);
#3194=CARTESIAN_POINT('',(-6.148579118,9.8298,-5.15927047));
#3195=DIRECTION('',(-0.766044443,0.0,-0.64278761));
#3196=DIRECTION('',(-0.64278761,-2.220446049E-14,0.766044443));
#3197=ORIENTED_EDGE('',*,*,#3040,.F.);
#3198=CYLINDRICAL_SURFACE('',#3199,0.127);
#3199=AXIS2_PLACEMENT_3D('',#3200,#3201,#3202);
#3200=CARTESIAN_POINT('',(-6.13513608,9.8298,-5.147990422));
#3201=DIRECTION('',(-0.766044443,0.0,-0.64278761));
#3202=DIRECTION('',(-0.64278761,0.0,0.766044443));
#3203=ADVANCED_FACE('',(#3204),#3216,.T.);
#3204=FACE_BOUND('',#3205,.T.);
#3205=EDGE_LOOP('',(#3206,#3207,#3208,#3215));
#3206=ORIENTED_EDGE('',*,*,#3191,.F.);
#3207=ORIENTED_EDGE('',*,*,#3164,.F.);
#3208=ORIENTED_EDGE('',*,*,#3209,.T.);
#3209=EDGE_CURVE('',#3157,#3049,#3210,.T.);
#3210=CIRCLE('',#3211,0.127);
#3211=AXIS2_PLACEMENT_3D('',#3212,#3213,#3214);
#3212=CARTESIAN_POINT('',(-5.27299032,8.6868,-4.424564233));
#3213=DIRECTION('',(0.0,1.0,0.0));
#3214=DIRECTION('',(-0.64278761,0.0,0.766044443));
#3215=ORIENTED_EDGE('',*,*,#3048,.F.);
#3216=TOROIDAL_SURFACE('',#3217,1.143,0.127);
#3217=AXIS2_PLACEMENT_3D('',#3218,#3219,#3220);
#3218=CARTESIAN_POINT('',(-6.148579118,8.6868,-5.15927047));
#3219=DIRECTION('',(0.64278761,0.0,-0.766044443));
#3220=DIRECTION('',(0.765849259,-0.022572657,0.642623831));
#3221=ADVANCED_FACE('',(#3222),#3234,.T.);
#3222=FACE_BOUND('',#3223,.T.);
#3223=EDGE_LOOP('',(#3224,#3225,#3226,#3233));
#3224=ORIENTED_EDGE('',*,*,#3209,.F.);
#3225=ORIENTED_EDGE('',*,*,#3156,.F.);
#3226=ORIENTED_EDGE('',*,*,#3227,.T.);
#3227=EDGE_CURVE('',#3148,#3058,#3228,.T.);
#3228=CIRCLE('',#3229,0.127);
#3229=AXIS2_PLACEMENT_3D('',#3230,#3231,#3232);
#3230=CARTESIAN_POINT('',(-5.27299032,1.27,-4.424564233));
#3231=DIRECTION('',(0.0,1.0,0.0));
#3232=DIRECTION('',(-0.64278761,0.0,0.766044443));
#3233=ORIENTED_EDGE('',*,*,#3057,.F.);
#3234=CYLINDRICAL_SURFACE('',#3235,0.127);
#3235=AXIS2_PLACEMENT_3D('',#3236,#3237,#3238);
#3236=CARTESIAN_POINT('',(-5.27299032,1.252451359,-4.424564233));
#3237=DIRECTION('',(0.0,1.0,0.0));
#3238=DIRECTION('',(-0.64278761,0.0,0.766044443));
#3239=ADVANCED_FACE('',(#3240),#3252,.T.);
#3240=FACE_BOUND('',#3241,.T.);
#3241=EDGE_LOOP('',(#3242,#3243,#3244,#3251));
#3242=ORIENTED_EDGE('',*,*,#3227,.F.);
#3243=ORIENTED_EDGE('',*,*,#3147,.F.);
#3244=ORIENTED_EDGE('',*,*,#3245,.T.);
#3245=EDGE_CURVE('',#3140,#3066,#3246,.T.);
#3246=CIRCLE('',#3247,0.127);
#3247=AXIS2_PLACEMENT_3D('',#3248,#3249,#3250);
#3248=CARTESIAN_POINT('',(-6.148579118,0.127,-5.15927047));
#3249=DIRECTION('',(0.766044443,0.0,0.64278761));
#3250=DIRECTION('',(-0.64278761,0.0,0.766044443));
#3251=ORIENTED_EDGE('',*,*,#3065,.F.);
#3252=TOROIDAL_SURFACE('',#3253,1.143,0.127);
#3253=AXIS2_PLACEMENT_3D('',#3254,#3255,#3256);
#3254=CARTESIAN_POINT('',(-6.148579118,1.27,-5.15927047));
#3255=DIRECTION('',(-0.64278761,0.0,0.766044443));
#3256=DIRECTION('',(-0.012172983,-0.999873735,-0.010214346));
#3257=ADVANCED_FACE('',(#3258),#3270,.T.);
#3258=FACE_BOUND('',#3259,.T.);
#3259=EDGE_LOOP('',(#3260,#3261,#3262,#3269));
#3260=ORIENTED_EDGE('',*,*,#3245,.F.);
#3261=ORIENTED_EDGE('',*,*,#3139,.F.);
#3262=ORIENTED_EDGE('',*,*,#3263,.T.);
#3263=EDGE_CURVE('',#3131,#3075,#3264,.T.);
#3264=CIRCLE('',#3265,0.127);
#3265=AXIS2_PLACEMENT_3D('',#3266,#3267,#3268);
#3266=CARTESIAN_POINT('',(-7.121455561,0.127,-5.975610735));
#3267=DIRECTION('',(0.766044443,0.0,0.64278761));
#3268=DIRECTION('',(-0.64278761,1.023486851E-14,0.766044443));
#3269=ORIENTED_EDGE('',*,*,#3074,.F.);
#3270=CYLINDRICAL_SURFACE('',#3271,0.127);
#3271=AXIS2_PLACEMENT_3D('',#3272,#3273,#3274);
#3272=CARTESIAN_POINT('',(-7.144661754,0.127,-5.995083043));
#3273=DIRECTION('',(0.766044443,0.0,0.64278761));
#3274=DIRECTION('',(-0.64278761,0.0,0.766044443));
#3275=ADVANCED_FACE('',(#3276),#3282,.T.);
#3276=FACE_BOUND('',#3277,.T.);
#3277=EDGE_LOOP('',(#3278,#3279,#3280,#3281));
#3278=ORIENTED_EDGE('',*,*,#3263,.F.);
#3279=ORIENTED_EDGE('',*,*,#3130,.F.);
#3280=ORIENTED_EDGE('',*,*,#3105,.F.);
#3281=ORIENTED_EDGE('',*,*,#3082,.F.);
#3282=TOROIDAL_SURFACE('',#3283,1.143,0.127);
#3283=AXIS2_PLACEMENT_3D('',#3284,#3285,#3286);
#3284=CARTESIAN_POINT('',(-7.121455561,1.27,-5.975610735));
#3285=DIRECTION('',(0.64278761,0.0,-0.766044443));
#3286=DIRECTION('',(-0.765849259,0.022572657,-0.642623831));
#3287=MANIFOLD_SOLID_BREP('',#3288);
#3288=CLOSED_SHELL('',(#3289,#3333,#3399,#3424,#3483,#3501,#3519,#3537,#3555,#3573));
#3289=ADVANCED_FACE('',(#3290),#3328,.T.);
#3290=FACE_BOUND('',#3291,.T.);
#3291=EDGE_LOOP('',(#3292,#3303,#3312,#3321));
#3292=ORIENTED_EDGE('',*,*,#3293,.T.);
#3293=EDGE_CURVE('',#3294,#3296,#3298,.T.);
#3294=VERTEX_POINT('',#3295);
#3295=CARTESIAN_POINT('',(-8.478611644,8.6868,-6.091826159));
#3296=VERTEX_POINT('',#3297);
#3297=CARTESIAN_POINT('',(-8.624300059,8.6868,-5.88376154));
#3298=CIRCLE('',#3299,0.127);
#3299=AXIS2_PLACEMENT_3D('',#3300,#3301,#3302);
#3300=CARTESIAN_POINT('',(-8.551455851,8.6868,-5.98779385));
#3301=DIRECTION('',(0.0,1.0,0.0));
#3302=DIRECTION('',(0.573576436,0.0,-0.819152044));
#3303=ORIENTED_EDGE('',*,*,#3304,.T.);
#3304=EDGE_CURVE('',#3296,#3305,#3307,.F.);
#3305=VERTEX_POINT('',#3306);
#3306=CARTESIAN_POINT('',(-7.688009272,9.8298,-5.228163673));
#3307=CIRCLE('',#3308,1.143);
#3308=AXIS2_PLACEMENT_3D('',#3309,#3310,#3311);
#3309=CARTESIAN_POINT('',(-7.688009272,8.6868,-5.228163673));
#3310=DIRECTION('',(-0.573576436,0.0,0.819152044));
#3311=DIRECTION('',(0.0,1.0,0.0));
#3312=ORIENTED_EDGE('',*,*,#3313,.T.);
#3313=EDGE_CURVE('',#3305,#3314,#3316,.T.);
#3314=VERTEX_POINT('',#3315);
#3315=CARTESIAN_POINT('',(-7.542320857,9.8298,-5.436228293));
#3316=CIRCLE('',#3317,0.127);
#3317=AXIS2_PLACEMENT_3D('',#3318,#3319,#3320);
#3318=CARTESIAN_POINT('',(-7.615165065,9.8298,-5.332195983));
#3319=DIRECTION('',(-0.819152044,0.0,-0.573576436));
#3320=DIRECTION('',(-0.573576436,-1.110223025E-14,0.819152044));
#3321=ORIENTED_EDGE('',*,*,#3322,.T.);
#3322=EDGE_CURVE('',#3314,#3294,#3323,.F.);
#3323=CIRCLE('',#3324,1.143);
#3324=AXIS2_PLACEMENT_3D('',#3325,#3326,#3327);
#3325=CARTESIAN_POINT('',(-7.542320857,8.6868,-5.436228293));
#3326=DIRECTION('',(0.573576436,0.0,-0.819152044));
#3327=DIRECTION('',(-0.819152044,1.727013594E-14,-0.573576436));
#3328=TOROIDAL_SURFACE('',#3329,1.143,0.127);
#3329=AXIS2_PLACEMENT_3D('',#3330,#3331,#3332);
#3330=CARTESIAN_POINT('',(-7.615165065,8.6868,-5.332195983));
#3331=DIRECTION('',(-0.573576436,0.0,0.819152044));
#3332=DIRECTION('',(0.0130169,0.999873735,0.009114531));
#3333=ADVANCED_FACE('',(#3334),#3394,.T.);
#3334=FACE_BOUND('',#3335,.T.);
#3335=EDGE_LOOP('',(#3336,#3337,#3345,#3354,#3362,#3371,#3379,#3388));
#3336=ORIENTED_EDGE('',*,*,#3322,.F.);
#3337=ORIENTED_EDGE('',*,*,#3338,.T.);
#3338=EDGE_CURVE('',#3314,#3339,#3341,.T.);
#3339=VERTEX_POINT('',#3340);
#3340=CARTESIAN_POINT('',(-6.501997761,9.8298,-4.707786218));
#3341=LINE('',#3342,#3343);
#3342=CARTESIAN_POINT('',(-7.542320857,9.8298,-5.436228293));
#3343=VECTOR('',#3344,1.0);
#3344=DIRECTION('',(0.819152044,0.0,0.573576436));
#3345=ORIENTED_EDGE('',*,*,#3346,.T.);
#3346=EDGE_CURVE('',#3339,#3347,#3349,.T.);
#3347=VERTEX_POINT('',#3348);
#3348=CARTESIAN_POINT('',(-5.565706974,8.6868,-4.052188352));
#3349=CIRCLE('',#3350,1.143);
#3350=AXIS2_PLACEMENT_3D('',#3351,#3352,#3353);
#3351=CARTESIAN_POINT('',(-6.501997761,8.6868,-4.707786218));
#3352=DIRECTION('',(0.573576436,0.0,-0.819152044));
#3353=DIRECTION('',(0.0,1.0,0.0));
#3354=ORIENTED_EDGE('',*,*,#3355,.T.);
#3355=EDGE_CURVE('',#3347,#3356,#3358,.T.);
#3356=VERTEX_POINT('',#3357);
#3357=CARTESIAN_POINT('',(-5.565706974,1.27,-4.052188352));
#3358=LINE('',#3359,#3360);
#3359=CARTESIAN_POINT('',(-5.565706974,8.6868,-4.052188352));
#3360=VECTOR('',#3361,1.0);
#3361=DIRECTION('',(0.0,-1.0,0.0));
#3362=ORIENTED_EDGE('',*,*,#3363,.T.);
#3363=EDGE_CURVE('',#3356,#3364,#3366,.T.);
#3364=VERTEX_POINT('',#3365);
#3365=CARTESIAN_POINT('',(-6.501997761,0.127,-4.707786218));
#3366=CIRCLE('',#3367,1.143);
#3367=AXIS2_PLACEMENT_3D('',#3368,#3369,#3370);
#3368=CARTESIAN_POINT('',(-6.501997761,1.27,-4.707786218));
#3369=DIRECTION('',(0.573576436,0.0,-0.819152044));
#3370=DIRECTION('',(0.819152044,0.0,0.573576436));
#3371=ORIENTED_EDGE('',*,*,#3372,.T.);
#3372=EDGE_CURVE('',#3364,#3373,#3375,.T.);
#3373=VERTEX_POINT('',#3374);
#3374=CARTESIAN_POINT('',(-7.542320857,0.127,-5.436228293));
#3375=LINE('',#3376,#3377);
#3376=CARTESIAN_POINT('',(-6.501997761,0.127,-4.707786218));
#3377=VECTOR('',#3378,1.0);
#3378=DIRECTION('',(-0.819152044,0.0,-0.573576436));
#3379=ORIENTED_EDGE('',*,*,#3380,.T.);
#3380=EDGE_CURVE('',#3373,#3381,#3383,.T.);
#3381=VERTEX_POINT('',#3382);
#3382=CARTESIAN_POINT('',(-8.478611644,1.27,-6.091826159));
#3383=CIRCLE('',#3384,1.143);
#3384=AXIS2_PLACEMENT_3D('',#3385,#3386,#3387);
#3385=CARTESIAN_POINT('',(-7.542320857,1.27,-5.436228293));
#3386=DIRECTION('',(0.573576436,0.0,-0.819152044));
#3387=DIRECTION('',(0.0,-1.0,0.0));
#3388=ORIENTED_EDGE('',*,*,#3389,.T.);
#3389=EDGE_CURVE('',#3381,#3294,#3390,.T.);
#3390=LINE('',#3391,#3392);
#3391=CARTESIAN_POINT('',(-8.478611644,1.27,-6.091826159));
#3392=VECTOR('',#3393,1.0);
#3393=DIRECTION('',(0.0,1.0,0.0));
#3394=PLANE('',#3395);
#3395=AXIS2_PLACEMENT_3D('',#3396,#3397,#3398);
#3396=CARTESIAN_POINT('',(-5.461674665,0.0,-3.979344144));
#3397=DIRECTION('',(0.573576436,0.0,-0.819152044));
#3398=DIRECTION('',(-0.819152044,0.0,-0.573576436));
#3399=ADVANCED_FACE('',(#3400),#3419,.T.);
#3400=FACE_BOUND('',#3401,.T.);
#3401=EDGE_LOOP('',(#3402,#3411,#3417,#3418));
#3402=ORIENTED_EDGE('',*,*,#3403,.T.);
#3403=EDGE_CURVE('',#3381,#3404,#3406,.F.);
#3404=VERTEX_POINT('',#3405);
#3405=CARTESIAN_POINT('',(-8.624300059,1.27,-5.88376154));
#3406=CIRCLE('',#3407,0.127);
#3407=AXIS2_PLACEMENT_3D('',#3408,#3409,#3410);
#3408=CARTESIAN_POINT('',(-8.551455851,1.27,-5.98779385));
#3409=DIRECTION('',(0.0,-1.0,0.0));
#3410=DIRECTION('',(-0.573576436,0.0,0.819152044));
#3411=ORIENTED_EDGE('',*,*,#3412,.T.);
#3412=EDGE_CURVE('',#3404,#3296,#3413,.F.);
#3413=LINE('',#3414,#3415);
#3414=CARTESIAN_POINT('',(-8.624300059,8.6868,-5.88376154));
#3415=VECTOR('',#3416,1.0);
#3416=DIRECTION('',(0.0,-1.0,0.0));
#3417=ORIENTED_EDGE('',*,*,#3293,.F.);
#3418=ORIENTED_EDGE('',*,*,#3389,.F.);
#3419=CYLINDRICAL_SURFACE('',#3420,0.127);
#3420=AXIS2_PLACEMENT_3D('',#3421,#3422,#3423);
#3421=CARTESIAN_POINT('',(-8.551455851,8.717093534,-5.98779385));
#3422=DIRECTION('',(0.0,-1.0,0.0));
#3423=DIRECTION('',(-0.573576436,0.0,0.819152044));
#3424=ADVANCED_FACE('',(#3425),#3478,.T.);
#3425=FACE_BOUND('',#3426,.T.);
#3426=EDGE_LOOP('',(#3427,#3436,#3444,#3453,#3461,#3470,#3476,#3477));
#3427=ORIENTED_EDGE('',*,*,#3428,.T.);
#3428=EDGE_CURVE('',#3404,#3429,#3431,.T.);
#3429=VERTEX_POINT('',#3430);
#3430=CARTESIAN_POINT('',(-7.688009272,0.127,-5.228163673));
#3431=CIRCLE('',#3432,1.143);
#3432=AXIS2_PLACEMENT_3D('',#3433,#3434,#3435);
#3433=CARTESIAN_POINT('',(-7.688009272,1.27,-5.228163673));
#3434=DIRECTION('',(-0.573576436,0.0,0.819152044));
#3435=DIRECTION('',(-0.819152044,0.0,-0.573576436));
#3436=ORIENTED_EDGE('',*,*,#3437,.T.);
#3437=EDGE_CURVE('',#3429,#3438,#3440,.T.);
#3438=VERTEX_POINT('',#3439);
#3439=CARTESIAN_POINT('',(-6.647686176,0.127,-4.499721599));
#3440=LINE('',#3441,#3442);
#3441=CARTESIAN_POINT('',(-7.688009272,0.127,-5.228163673));
#3442=VECTOR('',#3443,1.0);
#3443=DIRECTION('',(0.819152044,0.0,0.573576436));
#3444=ORIENTED_EDGE('',*,*,#3445,.T.);
#3445=EDGE_CURVE('',#3438,#3446,#3448,.T.);
#3446=VERTEX_POINT('',#3447);
#3447=CARTESIAN_POINT('',(-5.711395389,1.27,-3.844123732));
#3448=CIRCLE('',#3449,1.143);
#3449=AXIS2_PLACEMENT_3D('',#3450,#3451,#3452);
#3450=CARTESIAN_POINT('',(-6.647686176,1.27,-4.499721599));
#3451=DIRECTION('',(-0.573576436,0.0,0.819152044));
#3452=DIRECTION('',(0.0,-1.0,0.0));
#3453=ORIENTED_EDGE('',*,*,#3454,.T.);
#3454=EDGE_CURVE('',#3446,#3455,#3457,.T.);
#3455=VERTEX_POINT('',#3456);
#3456=CARTESIAN_POINT('',(-5.711395389,8.6868,-3.844123732));
#3457=LINE('',#3458,#3459);
#3458=CARTESIAN_POINT('',(-5.711395389,1.27,-3.844123732));
#3459=VECTOR('',#3460,1.0);
#3460=DIRECTION('',(0.0,1.0,0.0));
#3461=ORIENTED_EDGE('',*,*,#3462,.T.);
#3462=EDGE_CURVE('',#3455,#3463,#3465,.T.);
#3463=VERTEX_POINT('',#3464);
#3464=CARTESIAN_POINT('',(-6.647686176,9.8298,-4.499721599));
#3465=CIRCLE('',#3466,1.143);
#3466=AXIS2_PLACEMENT_3D('',#3467,#3468,#3469);
#3467=CARTESIAN_POINT('',(-6.647686176,8.6868,-4.499721599));
#3468=DIRECTION('',(-0.573576436,0.0,0.819152044));
#3469=DIRECTION('',(0.819152044,1.727013594E-14,0.573576436));
#3470=ORIENTED_EDGE('',*,*,#3471,.T.);
#3471=EDGE_CURVE('',#3463,#3305,#3472,.T.);
#3472=LINE('',#3473,#3474);
#3473=CARTESIAN_POINT('',(-6.647686176,9.8298,-4.499721599));
#3474=VECTOR('',#3475,1.0);
#3475=DIRECTION('',(-0.819152044,0.0,-0.573576436));
#3476=ORIENTED_EDGE('',*,*,#3304,.F.);
#3477=ORIENTED_EDGE('',*,*,#3412,.F.);
#3478=PLANE('',#3479);
#3479=AXIS2_PLACEMENT_3D('',#3480,#3481,#3482);
#3480=CARTESIAN_POINT('',(-8.728332368,0.0,-5.956605747));
#3481=DIRECTION('',(-0.573576436,0.0,0.819152044));
#3482=DIRECTION('',(0.819152044,0.0,0.573576436));
#3483=ADVANCED_FACE('',(#3484),#3496,.T.);
#3484=FACE_BOUND('',#3485,.T.);
#3485=EDGE_LOOP('',(#3486,#3487,#3488,#3495));
#3486=ORIENTED_EDGE('',*,*,#3313,.F.);
#3487=ORIENTED_EDGE('',*,*,#3471,.F.);
#3488=ORIENTED_EDGE('',*,*,#3489,.T.);
#3489=EDGE_CURVE('',#3463,#3339,#3490,.T.);
#3490=CIRCLE('',#3491,0.127);
#3491=AXIS2_PLACEMENT_3D('',#3492,#3493,#3494);
#3492=CARTESIAN_POINT('',(-6.574841968,9.8298,-4.603753909));
#3493=DIRECTION('',(-0.819152044,0.0,-0.573576436));
#3494=DIRECTION('',(-0.573576436,2.220446049E-14,0.819152044));
#3495=ORIENTED_EDGE('',*,*,#3338,.F.);
#3496=CYLINDRICAL_SURFACE('',#3497,0.127);
#3497=AXIS2_PLACEMENT_3D('',#3498,#3499,#3500);
#3498=CARTESIAN_POINT('',(-6.560466963,9.8298,-4.593688422));
#3499=DIRECTION('',(-0.819152044,0.0,-0.573576436));
#3500=DIRECTION('',(-0.573576436,0.0,0.819152044));
#3501=ADVANCED_FACE('',(#3502),#3514,.T.);
#3502=FACE_BOUND('',#3503,.T.);
#3503=EDGE_LOOP('',(#3504,#3505,#3506,#3513));
#3504=ORIENTED_EDGE('',*,*,#3489,.F.);
#3505=ORIENTED_EDGE('',*,*,#3462,.F.);
#3506=ORIENTED_EDGE('',*,*,#3507,.T.);
#3507=EDGE_CURVE('',#3455,#3347,#3508,.T.);
#3508=CIRCLE('',#3509,0.127);
#3509=AXIS2_PLACEMENT_3D('',#3510,#3511,#3512);
#3510=CARTESIAN_POINT('',(-5.638551182,8.6868,-3.948156042));
#3511=DIRECTION('',(0.0,1.0,0.0));
#3512=DIRECTION('',(-0.573576436,0.0,0.819152044));
#3513=ORIENTED_EDGE('',*,*,#3346,.F.);
#3514=TOROIDAL_SURFACE('',#3515,1.143,0.127);
#3515=AXIS2_PLACEMENT_3D('',#3516,#3517,#3518);
#3516=CARTESIAN_POINT('',(-6.574841968,8.6868,-4.603753909));
#3517=DIRECTION('',(0.573576436,0.0,-0.819152044));
#3518=DIRECTION('',(0.818943329,-0.022572657,0.573430292));
#3519=ADVANCED_FACE('',(#3520),#3532,.T.);
#3520=FACE_BOUND('',#3521,.T.);
#3521=EDGE_LOOP('',(#3522,#3523,#3524,#3531));
#3522=ORIENTED_EDGE('',*,*,#3507,.F.);
#3523=ORIENTED_EDGE('',*,*,#3454,.F.);
#3524=ORIENTED_EDGE('',*,*,#3525,.T.);
#3525=EDGE_CURVE('',#3446,#3356,#3526,.T.);
#3526=CIRCLE('',#3527,0.127);
#3527=AXIS2_PLACEMENT_3D('',#3528,#3529,#3530);
#3528=CARTESIAN_POINT('',(-5.638551182,1.27,-3.948156042));
#3529=DIRECTION('',(0.0,1.0,0.0));
#3530=DIRECTION('',(-0.573576436,0.0,0.819152044));
#3531=ORIENTED_EDGE('',*,*,#3355,.F.);
#3532=CYLINDRICAL_SURFACE('',#3533,0.127);
#3533=AXIS2_PLACEMENT_3D('',#3534,#3535,#3536);
#3534=CARTESIAN_POINT('',(-5.638551182,1.252451359,-3.948156042));
#3535=DIRECTION('',(0.0,1.0,0.0));
#3536=DIRECTION('',(-0.573576436,0.0,0.819152044));
#3537=ADVANCED_FACE('',(#3538),#3550,.T.);
#3538=FACE_BOUND('',#3539,.T.);
#3539=EDGE_LOOP('',(#3540,#3541,#3542,#3549));
#3540=ORIENTED_EDGE('',*,*,#3525,.F.);
#3541=ORIENTED_EDGE('',*,*,#3445,.F.);
#3542=ORIENTED_EDGE('',*,*,#3543,.T.);
#3543=EDGE_CURVE('',#3438,#3364,#3544,.T.);
#3544=CIRCLE('',#3545,0.127);
#3545=AXIS2_PLACEMENT_3D('',#3546,#3547,#3548);
#3546=CARTESIAN_POINT('',(-6.574841968,0.127,-4.603753909));
#3547=DIRECTION('',(0.819152044,0.0,0.573576436));
#3548=DIRECTION('',(-0.573576436,0.0,0.819152044));
#3549=ORIENTED_EDGE('',*,*,#3363,.F.);
#3550=TOROIDAL_SURFACE('',#3551,1.143,0.127);
#3551=AXIS2_PLACEMENT_3D('',#3552,#3553,#3554);
#3552=CARTESIAN_POINT('',(-6.574841968,1.27,-4.603753909));
#3553=DIRECTION('',(-0.573576436,0.0,0.819152044));
#3554=DIRECTION('',(-0.0130169,-0.999873735,-0.009114531));
#3555=ADVANCED_FACE('',(#3556),#3568,.T.);
#3556=FACE_BOUND('',#3557,.T.);
#3557=EDGE_LOOP('',(#3558,#3559,#3560,#3567));
#3558=ORIENTED_EDGE('',*,*,#3543,.F.);
#3559=ORIENTED_EDGE('',*,*,#3437,.F.);
#3560=ORIENTED_EDGE('',*,*,#3561,.T.);
#3561=EDGE_CURVE('',#3429,#3373,#3562,.T.);
#3562=CIRCLE('',#3563,0.127);
#3563=AXIS2_PLACEMENT_3D('',#3564,#3565,#3566);
#3564=CARTESIAN_POINT('',(-7.615165065,0.127,-5.332195983));
#3565=DIRECTION('',(0.819152044,0.0,0.573576436));
#3566=DIRECTION('',(-0.573576436,-2.862293735E-14,0.819152044));
#3567=ORIENTED_EDGE('',*,*,#3372,.F.);
#3568=CYLINDRICAL_SURFACE('',#3569,0.127);
#3569=AXIS2_PLACEMENT_3D('',#3570,#3571,#3572);
#3570=CARTESIAN_POINT('',(-7.639980075,0.127,-5.34957164));
#3571=DIRECTION('',(0.819152044,0.0,0.573576436));
#3572=DIRECTION('',(-0.573576436,0.0,0.819152044));
#3573=ADVANCED_FACE('',(#3574),#3580,.T.);
#3574=FACE_BOUND('',#3575,.T.);
#3575=EDGE_LOOP('',(#3576,#3577,#3578,#3579));
#3576=ORIENTED_EDGE('',*,*,#3561,.F.);
#3577=ORIENTED_EDGE('',*,*,#3428,.F.);
#3578=ORIENTED_EDGE('',*,*,#3403,.F.);
#3579=ORIENTED_EDGE('',*,*,#3380,.F.);
#3580=TOROIDAL_SURFACE('',#3581,1.143,0.127);
#3581=AXIS2_PLACEMENT_3D('',#3582,#3583,#3584);
#3582=CARTESIAN_POINT('',(-7.615165065,1.27,-5.332195983));
#3583=DIRECTION('',(0.573576436,0.0,-0.819152044));
#3584=DIRECTION('',(-0.818943329,0.022572657,-0.573430292));
#3585=MANIFOLD_SOLID_BREP('',#3586);
#3586=CLOSED_SHELL('',(#3587,#3631,#3697,#3722,#3781,#3799,#3817,#3835,#3853,#3871));
#3587=ADVANCED_FACE('',(#3588),#3626,.T.);
#3588=FACE_BOUND('',#3589,.T.);
#3589=EDGE_LOOP('',(#3590,#3601,#3610,#3619));
#3590=ORIENTED_EDGE('',*,*,#3591,.T.);
#3591=EDGE_CURVE('',#3592,#3594,#3596,.T.);
#3592=VERTEX_POINT('',#3593);
#3593=CARTESIAN_POINT('',(-8.9772856,8.6868,-5.329685226));
#3594=VERTEX_POINT('',#3595);
#3595=CARTESIAN_POINT('',(-9.1042856,8.6868,-5.109714774));
#3596=CIRCLE('',#3597,0.127);
#3597=AXIS2_PLACEMENT_3D('',#3598,#3599,#3600);
#3598=CARTESIAN_POINT('',(-9.0407856,8.6868,-5.2197));
#3599=DIRECTION('',(0.0,1.0,0.0));
#3600=DIRECTION('',(0.5,0.0,-0.866025404));
#3601=ORIENTED_EDGE('',*,*,#3602,.T.);
#3602=EDGE_CURVE('',#3594,#3603,#3605,.F.);
#3603=VERTEX_POINT('',#3604);
#3604=CARTESIAN_POINT('',(-8.114418564,9.8298,-4.538214774));
#3605=CIRCLE('',#3606,1.143);
#3606=AXIS2_PLACEMENT_3D('',#3607,#3608,#3609);
#3607=CARTESIAN_POINT('',(-8.114418564,8.6868,-4.538214774));
#3608=DIRECTION('',(-0.5,0.0,0.866025404));
#3609=DIRECTION('',(0.0,1.0,0.0));
#3610=ORIENTED_EDGE('',*,*,#3611,.T.);
#3611=EDGE_CURVE('',#3603,#3612,#3614,.T.);
#3612=VERTEX_POINT('',#3613);
#3613=CARTESIAN_POINT('',(-7.987418564,9.8298,-4.758185226));
#3614=CIRCLE('',#3615,0.127);
#3615=AXIS2_PLACEMENT_3D('',#3616,#3617,#3618);
#3616=CARTESIAN_POINT('',(-8.050918564,9.8298,-4.6482));
#3617=DIRECTION('',(-0.866025404,0.0,-0.5));
#3618=DIRECTION('',(-0.5,0.0,0.866025404));
#3619=ORIENTED_EDGE('',*,*,#3620,.T.);
#3620=EDGE_CURVE('',#3612,#3592,#3621,.F.);
#3621=CIRCLE('',#3622,1.143);
#3622=AXIS2_PLACEMENT_3D('',#3623,#3624,#3625);
#3623=CARTESIAN_POINT('',(-7.987418564,8.6868,-4.758185226));
#3624=DIRECTION('',(0.5,0.0,-0.866025404));
#3625=DIRECTION('',(-0.866025404,0.0,-0.5));
#3626=TOROIDAL_SURFACE('',#3627,1.143,0.127);
#3627=AXIS2_PLACEMENT_3D('',#3628,#3629,#3630);
#3628=CARTESIAN_POINT('',(-8.050918564,8.6868,-4.6482));
#3629=DIRECTION('',(-0.5,0.0,0.866025404));
#3630=DIRECTION('',(0.013761751,0.999873735,0.00794535));
#3631=ADVANCED_FACE('',(#3632),#3692,.T.);
#3632=FACE_BOUND('',#3633,.T.);
#3633=EDGE_LOOP('',(#3634,#3635,#3643,#3652,#3660,#3669,#3677,#3686));
#3634=ORIENTED_EDGE('',*,*,#3620,.F.);
#3635=ORIENTED_EDGE('',*,*,#3636,.T.);
#3636=EDGE_CURVE('',#3612,#3637,#3639,.T.);
#3637=VERTEX_POINT('',#3638);
#3638=CARTESIAN_POINT('',(-6.887566301,9.8298,-4.123185226));
#3639=LINE('',#3640,#3641);
#3640=CARTESIAN_POINT('',(-7.987418564,9.8298,-4.758185226));
#3641=VECTOR('',#3642,1.0);
#3642=DIRECTION('',(0.866025404,0.0,0.5));
#3643=ORIENTED_EDGE('',*,*,#3644,.T.);
#3644=EDGE_CURVE('',#3637,#3645,#3647,.T.);
#3645=VERTEX_POINT('',#3646);
#3646=CARTESIAN_POINT('',(-5.897699264,8.6868,-3.551685226));
#3647=CIRCLE('',#3648,1.143);
#3648=AXIS2_PLACEMENT_3D('',#3649,#3650,#3651);
#3649=CARTESIAN_POINT('',(-6.887566301,8.6868,-4.123185226));
#3650=DIRECTION('',(0.5,0.0,-0.866025404));
#3651=DIRECTION('',(0.0,1.0,0.0));
#3652=ORIENTED_EDGE('',*,*,#3653,.T.);
#3653=EDGE_CURVE('',#3645,#3654,#3656,.T.);
#3654=VERTEX_POINT('',#3655);
#3655=CARTESIAN_POINT('',(-5.897699264,1.27,-3.551685226));
#3656=LINE('',#3657,#3658);
#3657=CARTESIAN_POINT('',(-5.897699264,8.6868,-3.551685226));
#3658=VECTOR('',#3659,1.0);
#3659=DIRECTION('',(0.0,-1.0,0.0));
#3660=ORIENTED_EDGE('',*,*,#3661,.T.);
#3661=EDGE_CURVE('',#3654,#3662,#3664,.T.);
#3662=VERTEX_POINT('',#3663);
#3663=CARTESIAN_POINT('',(-6.887566301,0.127,-4.123185226));
#3664=CIRCLE('',#3665,1.143);
#3665=AXIS2_PLACEMENT_3D('',#3666,#3667,#3668);
#3666=CARTESIAN_POINT('',(-6.887566301,1.27,-4.123185226));
#3667=DIRECTION('',(0.5,0.0,-0.866025404));
#3668=DIRECTION('',(0.866025404,0.0,0.5));
#3669=ORIENTED_EDGE('',*,*,#3670,.T.);
#3670=EDGE_CURVE('',#3662,#3671,#3673,.T.);
#3671=VERTEX_POINT('',#3672);
#3672=CARTESIAN_POINT('',(-7.987418564,0.127,-4.758185226));
#3673=LINE('',#3674,#3675);
#3674=CARTESIAN_POINT('',(-6.887566301,0.127,-4.123185226));
#3675=VECTOR('',#3676,1.0);
#3676=DIRECTION('',(-0.866025404,0.0,-0.5));
#3677=ORIENTED_EDGE('',*,*,#3678,.T.);
#3678=EDGE_CURVE('',#3671,#3679,#3681,.T.);
#3679=VERTEX_POINT('',#3680);
#3680=CARTESIAN_POINT('',(-8.9772856,1.27,-5.329685226));
#3681=CIRCLE('',#3682,1.143);
#3682=AXIS2_PLACEMENT_3D('',#3683,#3684,#3685);
#3683=CARTESIAN_POINT('',(-7.987418564,1.27,-4.758185226));
#3684=DIRECTION('',(0.5,0.0,-0.866025404));
#3685=DIRECTION('',(0.0,-1.0,0.0));
#3686=ORIENTED_EDGE('',*,*,#3687,.T.);
#3687=EDGE_CURVE('',#3679,#3592,#3688,.T.);
#3688=LINE('',#3689,#3690);
#3689=CARTESIAN_POINT('',(-8.9772856,1.27,-5.329685226));
#3690=VECTOR('',#3691,1.0);
#3691=DIRECTION('',(0.0,1.0,0.0));
#3692=PLANE('',#3693);
#3693=AXIS2_PLACEMENT_3D('',#3694,#3695,#3696);
#3694=CARTESIAN_POINT('',(-5.787714038,0.0,-3.488185226));
#3695=DIRECTION('',(0.5,0.0,-0.866025404));
#3696=DIRECTION('',(-0.866025404,0.0,-0.5));
#3697=ADVANCED_FACE('',(#3698),#3717,.T.);
#3698=FACE_BOUND('',#3699,.T.);
#3699=EDGE_LOOP('',(#3700,#3709,#3715,#3716));
#3700=ORIENTED_EDGE('',*,*,#3701,.T.);
#3701=EDGE_CURVE('',#3679,#3702,#3704,.F.);
#3702=VERTEX_POINT('',#3703);
#3703=CARTESIAN_POINT('',(-9.1042856,1.27,-5.109714774));
#3704=CIRCLE('',#3705,0.127);
#3705=AXIS2_PLACEMENT_3D('',#3706,#3707,#3708);
#3706=CARTESIAN_POINT('',(-9.0407856,1.27,-5.2197));
#3707=DIRECTION('',(0.0,-1.0,0.0));
#3708=DIRECTION('',(-0.5,0.0,0.866025404));
#3709=ORIENTED_EDGE('',*,*,#3710,.T.);
#3710=EDGE_CURVE('',#3702,#3594,#3711,.F.);
#3711=LINE('',#3712,#3713);
#3712=CARTESIAN_POINT('',(-9.1042856,8.6868,-5.109714774));
#3713=VECTOR('',#3714,1.0);
#3714=DIRECTION('',(0.0,-1.0,0.0));
#3715=ORIENTED_EDGE('',*,*,#3591,.F.);
#3716=ORIENTED_EDGE('',*,*,#3687,.F.);
#3717=CYLINDRICAL_SURFACE('',#3718,0.127);
#3718=AXIS2_PLACEMENT_3D('',#3719,#3720,#3721);
#3719=CARTESIAN_POINT('',(-9.0407856,8.717093534,-5.2197));
#3720=DIRECTION('',(0.0,-1.0,0.0));
#3721=DIRECTION('',(-0.5,0.0,0.866025404));
#3722=ADVANCED_FACE('',(#3723),#3776,.T.);
#3723=FACE_BOUND('',#3724,.T.);
#3724=EDGE_LOOP('',(#3725,#3734,#3742,#3751,#3759,#3768,#3774,#3775));
#3725=ORIENTED_EDGE('',*,*,#3726,.T.);
#3726=EDGE_CURVE('',#3702,#3727,#3729,.T.);
#3727=VERTEX_POINT('',#3728);
#3728=CARTESIAN_POINT('',(-8.114418564,0.127,-4.538214774));
#3729=CIRCLE('',#3730,1.143);
#3730=AXIS2_PLACEMENT_3D('',#3731,#3732,#3733);
#3731=CARTESIAN_POINT('',(-8.114418564,1.27,-4.538214774));
#3732=DIRECTION('',(-0.5,0.0,0.866025404));
#3733=DIRECTION('',(-0.866025404,0.0,-0.5));
#3734=ORIENTED_EDGE('',*,*,#3735,.T.);
#3735=EDGE_CURVE('',#3727,#3736,#3738,.T.);
#3736=VERTEX_POINT('',#3737);
#3737=CARTESIAN_POINT('',(-7.014566301,0.127,-3.903214774));
#3738=LINE('',#3739,#3740);
#3739=CARTESIAN_POINT('',(-8.114418564,0.127,-4.538214774));
#3740=VECTOR('',#3741,1.0);
#3741=DIRECTION('',(0.866025404,0.0,0.5));
#3742=ORIENTED_EDGE('',*,*,#3743,.T.);
#3743=EDGE_CURVE('',#3736,#3744,#3746,.T.);
#3744=VERTEX_POINT('',#3745);
#3745=CARTESIAN_POINT('',(-6.024699264,1.27,-3.331714774));
#3746=CIRCLE('',#3747,1.143);
#3747=AXIS2_PLACEMENT_3D('',#3748,#3749,#3750);
#3748=CARTESIAN_POINT('',(-7.014566301,1.27,-3.903214774));
#3749=DIRECTION('',(-0.5,0.0,0.866025404));
#3750=DIRECTION('',(0.0,-1.0,0.0));
#3751=ORIENTED_EDGE('',*,*,#3752,.T.);
#3752=EDGE_CURVE('',#3744,#3753,#3755,.T.);
#3753=VERTEX_POINT('',#3754);
#3754=CARTESIAN_POINT('',(-6.024699264,8.6868,-3.331714774));
#3755=LINE('',#3756,#3757);
#3756=CARTESIAN_POINT('',(-6.024699264,1.27,-3.331714774));
#3757=VECTOR('',#3758,1.0);
#3758=DIRECTION('',(0.0,1.0,0.0));
#3759=ORIENTED_EDGE('',*,*,#3760,.T.);
#3760=EDGE_CURVE('',#3753,#3761,#3763,.T.);
#3761=VERTEX_POINT('',#3762);
#3762=CARTESIAN_POINT('',(-7.014566301,9.8298,-3.903214774));
#3763=CIRCLE('',#3764,1.143);
#3764=AXIS2_PLACEMENT_3D('',#3765,#3766,#3767);
#3765=CARTESIAN_POINT('',(-7.014566301,8.6868,-3.903214774));
#3766=DIRECTION('',(-0.5,0.0,0.866025404));
#3767=DIRECTION('',(0.866025404,0.0,0.5));
#3768=ORIENTED_EDGE('',*,*,#3769,.T.);
#3769=EDGE_CURVE('',#3761,#3603,#3770,.T.);
#3770=LINE('',#3771,#3772);
#3771=CARTESIAN_POINT('',(-7.014566301,9.8298,-3.903214774));
#3772=VECTOR('',#3773,1.0);
#3773=DIRECTION('',(-0.866025404,0.0,-0.5));
#3774=ORIENTED_EDGE('',*,*,#3602,.F.);
#3775=ORIENTED_EDGE('',*,*,#3710,.F.);
#3776=PLANE('',#3777);
#3777=AXIS2_PLACEMENT_3D('',#3778,#3779,#3780);
#3778=CARTESIAN_POINT('',(-9.214270827,0.0,-5.173214774));
#3779=DIRECTION('',(-0.5,0.0,0.866025404));
#3780=DIRECTION('',(0.866025404,0.0,0.5));
#3781=ADVANCED_FACE('',(#3782),#3794,.T.);
#3782=FACE_BOUND('',#3783,.T.);
#3783=EDGE_LOOP('',(#3784,#3785,#3786,#3793));
#3784=ORIENTED_EDGE('',*,*,#3611,.F.);
#3785=ORIENTED_EDGE('',*,*,#3769,.F.);
#3786=ORIENTED_EDGE('',*,*,#3787,.T.);
#3787=EDGE_CURVE('',#3761,#3637,#3788,.T.);
#3788=CIRCLE('',#3789,0.127);
#3789=AXIS2_PLACEMENT_3D('',#3790,#3791,#3792);
#3790=CARTESIAN_POINT('',(-6.951066301,9.8298,-4.0132));
#3791=DIRECTION('',(-0.866025404,0.0,-0.5));
#3792=DIRECTION('',(-0.5,1.110223025E-14,0.866025404));
#3793=ORIENTED_EDGE('',*,*,#3636,.F.);
#3794=CYLINDRICAL_SURFACE('',#3795,0.127);
#3795=AXIS2_PLACEMENT_3D('',#3796,#3797,#3798);
#3796=CARTESIAN_POINT('',(-6.935868732,9.8298,-4.00442568));
#3797=DIRECTION('',(-0.866025404,0.0,-0.5));
#3798=DIRECTION('',(-0.5,0.0,0.866025404));
#3799=ADVANCED_FACE('',(#3800),#3812,.T.);
#3800=FACE_BOUND('',#3801,.T.);
#3801=EDGE_LOOP('',(#3802,#3803,#3804,#3811));
#3802=ORIENTED_EDGE('',*,*,#3787,.F.);
#3803=ORIENTED_EDGE('',*,*,#3760,.F.);
#3804=ORIENTED_EDGE('',*,*,#3805,.T.);
#3805=EDGE_CURVE('',#3753,#3645,#3806,.T.);
#3806=CIRCLE('',#3807,0.127);
#3807=AXIS2_PLACEMENT_3D('',#3808,#3809,#3810);
#3808=CARTESIAN_POINT('',(-5.961199264,8.6868,-3.4417));
#3809=DIRECTION('',(0.0,1.0,0.0));
#3810=DIRECTION('',(-0.5,0.0,0.866025404));
#3811=ORIENTED_EDGE('',*,*,#3644,.F.);
#3812=TOROIDAL_SURFACE('',#3813,1.143,0.127);
#3813=AXIS2_PLACEMENT_3D('',#3814,#3815,#3816);
#3814=CARTESIAN_POINT('',(-6.951066301,8.6868,-4.0132));
#3815=DIRECTION('',(0.5,0.0,-0.866025404));
#3816=DIRECTION('',(0.865804745,-0.022572657,0.499872603));
#3817=ADVANCED_FACE('',(#3818),#3830,.T.);
#3818=FACE_BOUND('',#3819,.T.);
#3819=EDGE_LOOP('',(#3820,#3821,#3822,#3829));
#3820=ORIENTED_EDGE('',*,*,#3805,.F.);
#3821=ORIENTED_EDGE('',*,*,#3752,.F.);
#3822=ORIENTED_EDGE('',*,*,#3823,.T.);
#3823=EDGE_CURVE('',#3744,#3654,#3824,.T.);
#3824=CIRCLE('',#3825,0.127);
#3825=AXIS2_PLACEMENT_3D('',#3826,#3827,#3828);
#3826=CARTESIAN_POINT('',(-5.961199264,1.27,-3.4417));
#3827=DIRECTION('',(0.0,1.0,0.0));
#3828=DIRECTION('',(-0.5,0.0,0.866025404));
#3829=ORIENTED_EDGE('',*,*,#3653,.F.);
#3830=CYLINDRICAL_SURFACE('',#3831,0.127);
#3831=AXIS2_PLACEMENT_3D('',#3832,#3833,#3834);
#3832=CARTESIAN_POINT('',(-5.961199264,1.252451359,-3.4417));
#3833=DIRECTION('',(0.0,1.0,0.0));
#3834=DIRECTION('',(-0.5,0.0,0.866025404));
#3835=ADVANCED_FACE('',(#3836),#3848,.T.);
#3836=FACE_BOUND('',#3837,.T.);
#3837=EDGE_LOOP('',(#3838,#3839,#3840,#3847));
#3838=ORIENTED_EDGE('',*,*,#3823,.F.);
#3839=ORIENTED_EDGE('',*,*,#3743,.F.);
#3840=ORIENTED_EDGE('',*,*,#3841,.T.);
#3841=EDGE_CURVE('',#3736,#3662,#3842,.T.);
#3842=CIRCLE('',#3843,0.127);
#3843=AXIS2_PLACEMENT_3D('',#3844,#3845,#3846);
#3844=CARTESIAN_POINT('',(-6.951066301,0.127,-4.0132));
#3845=DIRECTION('',(0.866025404,0.0,0.5));
#3846=DIRECTION('',(-0.5,0.0,0.866025404));
#3847=ORIENTED_EDGE('',*,*,#3661,.F.);
#3848=TOROIDAL_SURFACE('',#3849,1.143,0.127);
#3849=AXIS2_PLACEMENT_3D('',#3850,#3851,#3852);
#3850=CARTESIAN_POINT('',(-6.951066301,1.27,-4.0132));
#3851=DIRECTION('',(-0.5,0.0,0.866025404));
#3852=DIRECTION('',(-0.013761751,-0.999873735,-0.00794535));
#3853=ADVANCED_FACE('',(#3854),#3866,.T.);
#3854=FACE_BOUND('',#3855,.T.);
#3855=EDGE_LOOP('',(#3856,#3857,#3858,#3865));
#3856=ORIENTED_EDGE('',*,*,#3841,.F.);
#3857=ORIENTED_EDGE('',*,*,#3735,.F.);
#3858=ORIENTED_EDGE('',*,*,#3859,.T.);
#3859=EDGE_CURVE('',#3727,#3671,#3860,.T.);
#3860=CIRCLE('',#3861,0.127);
#3861=AXIS2_PLACEMENT_3D('',#3862,#3863,#3864);
#3862=CARTESIAN_POINT('',(-8.050918564,0.127,-4.6482));
#3863=DIRECTION('',(0.866025404,0.0,0.5));
#3864=DIRECTION('',(-0.5,0.0,0.866025404));
#3865=ORIENTED_EDGE('',*,*,#3670,.F.);
#3866=CYLINDRICAL_SURFACE('',#3867,0.127);
#3867=AXIS2_PLACEMENT_3D('',#3868,#3869,#3870);
#3868=CARTESIAN_POINT('',(-8.077153534,0.127,-4.663346767));
#3869=DIRECTION('',(0.866025404,0.0,0.5));
#3870=DIRECTION('',(-0.5,0.0,0.866025404));
#3871=ADVANCED_FACE('',(#3872),#3878,.T.);
#3872=FACE_BOUND('',#3873,.T.);
#3873=EDGE_LOOP('',(#3874,#3875,#3876,#3877));
#3874=ORIENTED_EDGE('',*,*,#3859,.F.);
#3875=ORIENTED_EDGE('',*,*,#3726,.F.);
#3876=ORIENTED_EDGE('',*,*,#3701,.F.);
#3877=ORIENTED_EDGE('',*,*,#3678,.F.);
#3878=TOROIDAL_SURFACE('',#3879,1.143,0.127);
#3879=AXIS2_PLACEMENT_3D('',#3880,#3881,#3882);
#3880=CARTESIAN_POINT('',(-8.050918564,1.27,-4.6482));
#3881=DIRECTION('',(0.5,0.0,-0.866025404));
#3882=DIRECTION('',(-0.865804745,0.022572657,-0.499872603));
#3883=MANIFOLD_SOLID_BREP('',#3884);
#3884=CLOSED_SHELL('',(#3885,#3929,#3995,#4020,#4079,#4097,#4115,#4133,#4151,#4169));
#3885=ADVANCED_FACE('',(#3886),#3924,.T.);
#3886=FACE_BOUND('',#3887,.T.);
#3887=EDGE_LOOP('',(#3888,#3899,#3908,#3917));
#3888=ORIENTED_EDGE('',*,*,#3889,.T.);
#3889=EDGE_CURVE('',#3890,#3892,#3894,.T.);
#3890=VERTEX_POINT('',#3891);
#3891=CARTESIAN_POINT('',(-9.407636993,8.6868,-4.526982171));
#3892=VERTEX_POINT('',#3893);
#3893=CARTESIAN_POINT('',(-9.514982031,8.6868,-4.296779993));
#3894=CIRCLE('',#3895,0.127);
#3895=AXIS2_PLACEMENT_3D('',#3896,#3897,#3898);
#3896=CARTESIAN_POINT('',(-9.461309512,8.6868,-4.411881082));
#3897=DIRECTION('',(0.0,1.0,0.0));
#3898=DIRECTION('',(0.422618262,0.0,-0.906307787));
#3899=ORIENTED_EDGE('',*,*,#3900,.T.);
#3900=EDGE_CURVE('',#3892,#3901,#3903,.F.);
#3901=VERTEX_POINT('',#3902);
#3902=CARTESIAN_POINT('',(-8.479072231,9.8298,-3.813727319));
#3903=CIRCLE('',#3904,1.143);
#3904=AXIS2_PLACEMENT_3D('',#3905,#3906,#3907);
#3905=CARTESIAN_POINT('',(-8.479072231,8.6868,-3.813727319));
#3906=DIRECTION('',(-0.422618262,0.0,0.906307787));
#3907=DIRECTION('',(0.0,1.0,0.0));
#3908=ORIENTED_EDGE('',*,*,#3909,.T.);
#3909=EDGE_CURVE('',#3901,#3910,#3912,.T.);
#3910=VERTEX_POINT('',#3911);
#3911=CARTESIAN_POINT('',(-8.371727192,9.8298,-4.043929497));
#3912=CIRCLE('',#3913,0.127);
#3913=AXIS2_PLACEMENT_3D('',#3914,#3915,#3916);
#3914=CARTESIAN_POINT('',(-8.425399711,9.8298,-3.928828408));
#3915=DIRECTION('',(-0.906307787,0.0,-0.422618262));
#3916=DIRECTION('',(-0.422618262,0.0,0.906307787));
#3917=ORIENTED_EDGE('',*,*,#3918,.T.);
#3918=EDGE_CURVE('',#3910,#3890,#3919,.F.);
#3919=CIRCLE('',#3920,1.143);
#3920=AXIS2_PLACEMENT_3D('',#3921,#3922,#3923);
#3921=CARTESIAN_POINT('',(-8.371727192,8.6868,-4.043929497));
#3922=DIRECTION('',(0.422618262,0.0,-0.906307787));
#3923=DIRECTION('',(-0.906307787,-1.727013594E-14,-0.422618262));
#3924=TOROIDAL_SURFACE('',#3925,1.143,0.127);
#3925=AXIS2_PLACEMENT_3D('',#3926,#3927,#3928);
#3926=CARTESIAN_POINT('',(-8.425399711,8.6868,-3.928828408));
#3927=DIRECTION('',(-0.422618262,0.0,0.906307787));
#3928=DIRECTION('',(0.014401866,0.999873735,0.0067157));
#3929=ADVANCED_FACE('',(#3930),#3990,.T.);
#3930=FACE_BOUND('',#3931,.T.);
#3931=EDGE_LOOP('',(#3932,#3933,#3941,#3950,#3958,#3967,#3975,#3984));
#3932=ORIENTED_EDGE('',*,*,#3918,.F.);
#3933=ORIENTED_EDGE('',*,*,#3934,.T.);
#3934=EDGE_CURVE('',#3910,#3935,#3937,.T.);
#3935=VERTEX_POINT('',#3936);
#3936=CARTESIAN_POINT('',(-7.220716303,9.8298,-3.507204305));
#3937=LINE('',#3938,#3939);
#3938=CARTESIAN_POINT('',(-8.371727192,9.8298,-4.043929497));
#3939=VECTOR('',#3940,1.0);
#3940=DIRECTION('',(0.906307787,0.0,0.422618262));
#3941=ORIENTED_EDGE('',*,*,#3942,.T.);
#3942=EDGE_CURVE('',#3935,#3943,#3945,.T.);
#3943=VERTEX_POINT('',#3944);
#3944=CARTESIAN_POINT('',(-6.184806502,8.6868,-3.024151632));
#3945=CIRCLE('',#3946,1.143);
#3946=AXIS2_PLACEMENT_3D('',#3947,#3948,#3949);
#3947=CARTESIAN_POINT('',(-7.220716303,8.6868,-3.507204305));
#3948=DIRECTION('',(0.422618262,0.0,-0.906307787));
#3949=DIRECTION('',(0.0,1.0,0.0));
#3950=ORIENTED_EDGE('',*,*,#3951,.T.);
#3951=EDGE_CURVE('',#3943,#3952,#3954,.T.);
#3952=VERTEX_POINT('',#3953);
#3953=CARTESIAN_POINT('',(-6.184806502,1.27,-3.024151632));
#3954=LINE('',#3955,#3956);
#3955=CARTESIAN_POINT('',(-6.184806502,8.6868,-3.024151632));
#3956=VECTOR('',#3957,1.0);
#3957=DIRECTION('',(0.0,-1.0,0.0));
#3958=ORIENTED_EDGE('',*,*,#3959,.T.);
#3959=EDGE_CURVE('',#3952,#3960,#3962,.T.);
#3960=VERTEX_POINT('',#3961);
#3961=CARTESIAN_POINT('',(-7.220716303,0.127,-3.507204305));
#3962=CIRCLE('',#3963,1.143);
#3963=AXIS2_PLACEMENT_3D('',#3964,#3965,#3966);
#3964=CARTESIAN_POINT('',(-7.220716303,1.27,-3.507204305));
#3965=DIRECTION('',(0.422618262,0.0,-0.906307787));
#3966=DIRECTION('',(0.906307787,0.0,0.422618262));
#3967=ORIENTED_EDGE('',*,*,#3968,.T.);
#3968=EDGE_CURVE('',#3960,#3969,#3971,.T.);
#3969=VERTEX_POINT('',#3970);
#3970=CARTESIAN_POINT('',(-8.371727192,0.127,-4.043929497));
#3971=LINE('',#3972,#3973);
#3972=CARTESIAN_POINT('',(-7.220716303,0.127,-3.507204305));
#3973=VECTOR('',#3974,1.0);
#3974=DIRECTION('',(-0.906307787,0.0,-0.422618262));
#3975=ORIENTED_EDGE('',*,*,#3976,.T.);
#3976=EDGE_CURVE('',#3969,#3977,#3979,.T.);
#3977=VERTEX_POINT('',#3978);
#3978=CARTESIAN_POINT('',(-9.407636993,1.27,-4.526982171));
#3979=CIRCLE('',#3980,1.143);
#3980=AXIS2_PLACEMENT_3D('',#3981,#3982,#3983);
#3981=CARTESIAN_POINT('',(-8.371727192,1.27,-4.043929497));
#3982=DIRECTION('',(0.422618262,0.0,-0.906307787));
#3983=DIRECTION('',(0.0,-1.0,0.0));
#3984=ORIENTED_EDGE('',*,*,#3985,.T.);
#3985=EDGE_CURVE('',#3977,#3890,#3986,.T.);
#3986=LINE('',#3987,#3988);
#3987=CARTESIAN_POINT('',(-9.407636993,1.27,-4.526982171));
#3988=VECTOR('',#3989,1.0);
#3989=DIRECTION('',(0.0,1.0,0.0));
#3990=PLANE('',#3991);
#3991=AXIS2_PLACEMENT_3D('',#3992,#3993,#3994);
#3992=CARTESIAN_POINT('',(-6.069705413,0.0,-2.970479113));
#3993=DIRECTION('',(0.422618262,0.0,-0.906307787));
#3994=DIRECTION('',(-0.906307787,0.0,-0.422618262));
#3995=ADVANCED_FACE('',(#3996),#4015,.T.);
#3996=FACE_BOUND('',#3997,.T.);
#3997=EDGE_LOOP('',(#3998,#4007,#4013,#4014));
#3998=ORIENTED_EDGE('',*,*,#3999,.T.);
#3999=EDGE_CURVE('',#3977,#4000,#4002,.F.);
#4000=VERTEX_POINT('',#4001);
#4001=CARTESIAN_POINT('',(-9.514982031,1.27,-4.296779993));
#4002=CIRCLE('',#4003,0.127);
#4003=AXIS2_PLACEMENT_3D('',#4004,#4005,#4006);
#4004=CARTESIAN_POINT('',(-9.461309512,1.27,-4.411881082));
#4005=DIRECTION('',(0.0,-1.0,0.0));
#4006=DIRECTION('',(-0.422618262,0.0,0.906307787));
#4007=ORIENTED_EDGE('',*,*,#4008,.T.);
#4008=EDGE_CURVE('',#4000,#3892,#4009,.F.);
#4009=LINE('',#4010,#4011);
#4010=CARTESIAN_POINT('',(-9.514982031,8.6868,-4.296779993));
#4011=VECTOR('',#4012,1.0);
#4012=DIRECTION('',(0.0,-1.0,0.0));
#4013=ORIENTED_EDGE('',*,*,#3889,.F.);
#4014=ORIENTED_EDGE('',*,*,#3985,.F.);
#4015=CYLINDRICAL_SURFACE('',#4016,0.127);
#4016=AXIS2_PLACEMENT_3D('',#4017,#4018,#4019);
#4017=CARTESIAN_POINT('',(-9.461309512,8.717093534,-4.411881082));
#4018=DIRECTION('',(0.0,-1.0,0.0));
#4019=DIRECTION('',(-0.422618262,0.0,0.906307787));
#4020=ADVANCED_FACE('',(#4021),#4074,.T.);
#4021=FACE_BOUND('',#4022,.T.);
#4022=EDGE_LOOP('',(#4023,#4032,#4040,#4049,#4057,#4066,#4072,#4073));
#4023=ORIENTED_EDGE('',*,*,#4024,.T.);
#4024=EDGE_CURVE('',#4000,#4025,#4027,.T.);
#4025=VERTEX_POINT('',#4026);
#4026=CARTESIAN_POINT('',(-8.479072231,0.127,-3.813727319));
#4027=CIRCLE('',#4028,1.143);
#4028=AXIS2_PLACEMENT_3D('',#4029,#4030,#4031);
#4029=CARTESIAN_POINT('',(-8.479072231,1.27,-3.813727319));
#4030=DIRECTION('',(-0.422618262,0.0,0.906307787));
#4031=DIRECTION('',(-0.906307787,0.0,-0.422618262));
#4032=ORIENTED_EDGE('',*,*,#4033,.T.);
#4033=EDGE_CURVE('',#4025,#4034,#4036,.T.);
#4034=VERTEX_POINT('',#4035);
#4035=CARTESIAN_POINT('',(-7.328061341,0.127,-3.277002127));
#4036=LINE('',#4037,#4038);
#4037=CARTESIAN_POINT('',(-8.479072231,0.127,-3.813727319));
#4038=VECTOR('',#4039,1.0);
#4039=DIRECTION('',(0.906307787,0.0,0.422618262));
#4040=ORIENTED_EDGE('',*,*,#4041,.T.);
#4041=EDGE_CURVE('',#4034,#4042,#4044,.T.);
#4042=VERTEX_POINT('',#4043);
#4043=CARTESIAN_POINT('',(-6.292151541,1.27,-2.793949454));
#4044=CIRCLE('',#4045,1.143);
#4045=AXIS2_PLACEMENT_3D('',#4046,#4047,#4048);
#4046=CARTESIAN_POINT('',(-7.328061341,1.27,-3.277002127));
#4047=DIRECTION('',(-0.422618262,0.0,0.906307787));
#4048=DIRECTION('',(0.0,-1.0,0.0));
#4049=ORIENTED_EDGE('',*,*,#4050,.T.);
#4050=EDGE_CURVE('',#4042,#4051,#4053,.T.);
#4051=VERTEX_POINT('',#4052);
#4052=CARTESIAN_POINT('',(-6.292151541,8.6868,-2.793949454));
#4053=LINE('',#4054,#4055);
#4054=CARTESIAN_POINT('',(-6.292151541,1.27,-2.793949454));
#4055=VECTOR('',#4056,1.0);
#4056=DIRECTION('',(0.0,1.0,0.0));
#4057=ORIENTED_EDGE('',*,*,#4058,.T.);
#4058=EDGE_CURVE('',#4051,#4059,#4061,.T.);
#4059=VERTEX_POINT('',#4060);
#4060=CARTESIAN_POINT('',(-7.328061341,9.8298,-3.277002127));
#4061=CIRCLE('',#4062,1.143);
#4062=AXIS2_PLACEMENT_3D('',#4063,#4064,#4065);
#4063=CARTESIAN_POINT('',(-7.328061341,8.6868,-3.277002127));
#4064=DIRECTION('',(-0.422618262,0.0,0.906307787));
#4065=DIRECTION('',(0.906307787,0.0,0.422618262));
#4066=ORIENTED_EDGE('',*,*,#4067,.T.);
#4067=EDGE_CURVE('',#4059,#3901,#4068,.T.);
#4068=LINE('',#4069,#4070);
#4069=CARTESIAN_POINT('',(-7.328061341,9.8298,-3.277002127));
#4070=VECTOR('',#4071,1.0);
#4071=DIRECTION('',(-0.906307787,0.0,-0.422618262));
#4072=ORIENTED_EDGE('',*,*,#3900,.F.);
#4073=ORIENTED_EDGE('',*,*,#4008,.F.);
#4074=PLANE('',#4075);
#4075=AXIS2_PLACEMENT_3D('',#4076,#4077,#4078);
#4076=CARTESIAN_POINT('',(-9.63008312,0.0,-4.350452512));
#4077=DIRECTION('',(-0.422618262,0.0,0.906307787));
#4078=DIRECTION('',(0.906307787,0.0,0.422618262));
#4079=ADVANCED_FACE('',(#4080),#4092,.T.);
#4080=FACE_BOUND('',#4081,.T.);
#4081=EDGE_LOOP('',(#4082,#4083,#4084,#4091));
#4082=ORIENTED_EDGE('',*,*,#3909,.F.);
#4083=ORIENTED_EDGE('',*,*,#4067,.F.);
#4084=ORIENTED_EDGE('',*,*,#4085,.T.);
#4085=EDGE_CURVE('',#4059,#3935,#4086,.T.);
#4086=CIRCLE('',#4087,0.127);
#4087=AXIS2_PLACEMENT_3D('',#4088,#4089,#4090);
#4088=CARTESIAN_POINT('',(-7.274388822,9.8298,-3.392103216));
#4089=DIRECTION('',(-0.906307787,0.0,-0.422618262));
#4090=DIRECTION('',(-0.422618262,0.0,0.906307787));
#4091=ORIENTED_EDGE('',*,*,#3934,.F.);
#4092=CYLINDRICAL_SURFACE('',#4093,0.127);
#4093=AXIS2_PLACEMENT_3D('',#4094,#4095,#4096);
#4094=CARTESIAN_POINT('',(-7.258484352,9.8298,-3.38468684));
#4095=DIRECTION('',(-0.906307787,0.0,-0.422618262));
#4096=DIRECTION('',(-0.422618262,0.0,0.906307787));
#4097=ADVANCED_FACE('',(#4098),#4110,.T.);
#4098=FACE_BOUND('',#4099,.T.);
#4099=EDGE_LOOP('',(#4100,#4101,#4102,#4109));
#4100=ORIENTED_EDGE('',*,*,#4085,.F.);
#4101=ORIENTED_EDGE('',*,*,#4058,.F.);
#4102=ORIENTED_EDGE('',*,*,#4103,.T.);
#4103=EDGE_CURVE('',#4051,#3943,#4104,.T.);
#4104=CIRCLE('',#4105,0.127);
#4105=AXIS2_PLACEMENT_3D('',#4106,#4107,#4108);
#4106=CARTESIAN_POINT('',(-6.238479021,8.6868,-2.909050543));
#4107=DIRECTION('',(0.0,1.0,0.0));
#4108=DIRECTION('',(-0.422618262,0.0,0.906307787));
#4109=ORIENTED_EDGE('',*,*,#3942,.F.);
#4110=TOROIDAL_SURFACE('',#4111,1.143,0.127);
#4111=AXIS2_PLACEMENT_3D('',#4112,#4113,#4114);
#4112=CARTESIAN_POINT('',(-7.274388822,8.6868,-3.392103216));
#4113=DIRECTION('',(0.422618262,0.0,-0.906307787));
#4114=DIRECTION('',(0.906076864,-0.022572657,0.422510581));
#4115=ADVANCED_FACE('',(#4116),#4128,.T.);
#4116=FACE_BOUND('',#4117,.T.);
#4117=EDGE_LOOP('',(#4118,#4119,#4120,#4127));
#4118=ORIENTED_EDGE('',*,*,#4103,.F.);
#4119=ORIENTED_EDGE('',*,*,#4050,.F.);
#4120=ORIENTED_EDGE('',*,*,#4121,.T.);
#4121=EDGE_CURVE('',#4042,#3952,#4122,.T.);
#4122=CIRCLE('',#4123,0.127);
#4123=AXIS2_PLACEMENT_3D('',#4124,#4125,#4126);
#4124=CARTESIAN_POINT('',(-6.238479021,1.27,-2.909050543));
#4125=DIRECTION('',(0.0,1.0,0.0));
#4126=DIRECTION('',(-0.422618262,0.0,0.906307787));
#4127=ORIENTED_EDGE('',*,*,#3951,.F.);
#4128=CYLINDRICAL_SURFACE('',#4129,0.127);
#4129=AXIS2_PLACEMENT_3D('',#4130,#4131,#4132);
#4130=CARTESIAN_POINT('',(-6.238479021,1.252451359,-2.909050543));
#4131=DIRECTION('',(0.0,1.0,0.0));
#4132=DIRECTION('',(-0.422618262,0.0,0.906307787));
#4133=ADVANCED_FACE('',(#4134),#4146,.T.);
#4134=FACE_BOUND('',#4135,.T.);
#4135=EDGE_LOOP('',(#4136,#4137,#4138,#4145));
#4136=ORIENTED_EDGE('',*,*,#4121,.F.);
#4137=ORIENTED_EDGE('',*,*,#4041,.F.);
#4138=ORIENTED_EDGE('',*,*,#4139,.T.);
#4139=EDGE_CURVE('',#4034,#3960,#4140,.T.);
#4140=CIRCLE('',#4141,0.127);
#4141=AXIS2_PLACEMENT_3D('',#4142,#4143,#4144);
#4142=CARTESIAN_POINT('',(-7.274388822,0.127,-3.392103216));
#4143=DIRECTION('',(0.906307787,0.0,0.422618262));
#4144=DIRECTION('',(-0.422618262,0.0,0.906307787));
#4145=ORIENTED_EDGE('',*,*,#3959,.F.);
#4146=TOROIDAL_SURFACE('',#4147,1.143,0.127);
#4147=AXIS2_PLACEMENT_3D('',#4148,#4149,#4150);
#4148=CARTESIAN_POINT('',(-7.274388822,1.27,-3.392103216));
#4149=DIRECTION('',(-0.422618262,0.0,0.906307787));
#4150=DIRECTION('',(-0.014401866,-0.999873735,-0.0067157));
#4151=ADVANCED_FACE('',(#4152),#4164,.T.);
#4152=FACE_BOUND('',#4153,.T.);
#4153=EDGE_LOOP('',(#4154,#4155,#4156,#4163));
#4154=ORIENTED_EDGE('',*,*,#4139,.F.);
#4155=ORIENTED_EDGE('',*,*,#4033,.F.);
#4156=ORIENTED_EDGE('',*,*,#4157,.T.);
#4157=EDGE_CURVE('',#4025,#3969,#4158,.T.);
#4158=CIRCLE('',#4159,0.127);
#4159=AXIS2_PLACEMENT_3D('',#4160,#4161,#4162);
#4160=CARTESIAN_POINT('',(-8.425399711,0.127,-3.928828408));
#4161=DIRECTION('',(0.906307787,0.0,0.422618262));
#4162=DIRECTION('',(-0.422618262,0.0,0.906307787));
#4163=ORIENTED_EDGE('',*,*,#3968,.F.);
#4164=CYLINDRICAL_SURFACE('',#4165,0.127);
#4165=AXIS2_PLACEMENT_3D('',#4166,#4167,#4168);
#4166=CARTESIAN_POINT('',(-8.452854977,0.127,-3.941631009));
#4167=DIRECTION('',(0.906307787,0.0,0.422618262));
#4168=DIRECTION('',(-0.422618262,0.0,0.906307787));
#4169=ADVANCED_FACE('',(#4170),#4176,.T.);
#4170=FACE_BOUND('',#4171,.T.);
#4171=EDGE_LOOP('',(#4172,#4173,#4174,#4175));
#4172=ORIENTED_EDGE('',*,*,#4157,.F.);
#4173=ORIENTED_EDGE('',*,*,#4024,.F.);
#4174=ORIENTED_EDGE('',*,*,#3999,.F.);
#4175=ORIENTED_EDGE('',*,*,#3976,.F.);
#4176=TOROIDAL_SURFACE('',#4177,1.143,0.127);
#4177=AXIS2_PLACEMENT_3D('',#4178,#4179,#4180);
#4178=CARTESIAN_POINT('',(-8.425399711,1.27,-3.928828408));
#4179=DIRECTION('',(0.422618262,0.0,-0.906307787));
#4180=DIRECTION('',(-0.906076864,0.022572657,-0.422510581));
#4181=MANIFOLD_SOLID_BREP('',#4182);
#4182=CLOSED_SHELL('',(#4183,#4227,#4293,#4318,#4377,#4395,#4413,#4431,#4449,#4467));
#4183=ADVANCED_FACE('',(#4184),#4222,.T.);
#4184=FACE_BOUND('',#4185,.T.);
#4185=EDGE_LOOP('',(#4186,#4197,#4206,#4215));
#4186=ORIENTED_EDGE('',*,*,#4187,.T.);
#4187=EDGE_CURVE('',#4188,#4190,#4192,.T.);
#4188=VERTEX_POINT('',#4189);
#4189=CARTESIAN_POINT('',(-9.766390587,8.6868,-3.689826047));
#4190=VERTEX_POINT('',#4191);
#4191=CARTESIAN_POINT('',(-9.853263704,8.6868,-3.451144121));
#4192=CIRCLE('',#4193,0.127);
#4193=AXIS2_PLACEMENT_3D('',#4194,#4195,#4196);
#4194=CARTESIAN_POINT('',(-9.809827145,8.6868,-3.570485084));
#4195=DIRECTION('',(0.0,1.0,0.0));
#4196=DIRECTION('',(0.342020143,0.0,-0.939692621));
#4197=ORIENTED_EDGE('',*,*,#4198,.T.);
#4198=EDGE_CURVE('',#4190,#4199,#4201,.F.);
#4199=VERTEX_POINT('',#4200);
#4200=CARTESIAN_POINT('',(-8.779195038,9.8298,-3.060215098));
#4201=CIRCLE('',#4202,1.143);
#4202=AXIS2_PLACEMENT_3D('',#4203,#4204,#4205);
#4203=CARTESIAN_POINT('',(-8.779195038,8.6868,-3.060215098));
#4204=DIRECTION('',(-0.342020143,0.0,0.939692621));
#4205=DIRECTION('',(0.0,1.0,0.0));
#4206=ORIENTED_EDGE('',*,*,#4207,.T.);
#4207=EDGE_CURVE('',#4199,#4208,#4210,.T.);
#4208=VERTEX_POINT('',#4209);
#4209=CARTESIAN_POINT('',(-8.692321922,9.8298,-3.298897023));
#4210=CIRCLE('',#4211,0.127);
#4211=AXIS2_PLACEMENT_3D('',#4212,#4213,#4214);
#4212=CARTESIAN_POINT('',(-8.73575848,9.8298,-3.17955606));
#4213=DIRECTION('',(-0.939692621,0.0,-0.342020143));
#4214=DIRECTION('',(-0.342020143,0.0,0.939692621));
#4215=ORIENTED_EDGE('',*,*,#4216,.T.);
#4216=EDGE_CURVE('',#4208,#4188,#4217,.F.);
#4217=CIRCLE('',#4218,1.143);
#4218=AXIS2_PLACEMENT_3D('',#4219,#4220,#4221);
#4219=CARTESIAN_POINT('',(-8.692321922,8.6868,-3.298897023));
#4220=DIRECTION('',(0.342020143,0.0,-0.939692621));
#4221=DIRECTION('',(-0.939692621,-1.727013594E-14,-0.342020143));
#4222=TOROIDAL_SURFACE('',#4223,1.143,0.127);
#4223=AXIS2_PLACEMENT_3D('',#4224,#4225,#4226);
#4224=CARTESIAN_POINT('',(-8.73575848,8.6868,-3.17955606));
#4225=DIRECTION('',(-0.342020143,0.0,0.939692621));
#4226=DIRECTION('',(0.014932374,0.999873735,0.00543494));
#4227=ADVANCED_FACE('',(#4228),#4288,.T.);
#4228=FACE_BOUND('',#4229,.T.);
#4229=EDGE_LOOP('',(#4230,#4231,#4239,#4248,#4256,#4265,#4273,#4282));
#4230=ORIENTED_EDGE('',*,*,#4216,.F.);
#4231=ORIENTED_EDGE('',*,*,#4232,.T.);
#4232=EDGE_CURVE('',#4208,#4233,#4235,.T.);
#4233=VERTEX_POINT('',#4234);
#4234=CARTESIAN_POINT('',(-7.498912293,9.8298,-2.864531441));
#4235=LINE('',#4236,#4237);
#4236=CARTESIAN_POINT('',(-8.692321922,9.8298,-3.298897023));
#4237=VECTOR('',#4238,1.0);
#4238=DIRECTION('',(0.939692621,0.0,0.342020143));
#4239=ORIENTED_EDGE('',*,*,#4240,.T.);
#4240=EDGE_CURVE('',#4233,#4241,#4243,.T.);
#4241=VERTEX_POINT('',#4242);
#4242=CARTESIAN_POINT('',(-6.424843628,8.6868,-2.473602417));
#4243=CIRCLE('',#4244,1.143);
#4244=AXIS2_PLACEMENT_3D('',#4245,#4246,#4247);
#4245=CARTESIAN_POINT('',(-7.498912293,8.6868,-2.864531441));
#4246=DIRECTION('',(0.342020143,0.0,-0.939692621));
#4247=DIRECTION('',(0.0,1.0,0.0));
#4248=ORIENTED_EDGE('',*,*,#4249,.T.);
#4249=EDGE_CURVE('',#4241,#4250,#4252,.T.);
#4250=VERTEX_POINT('',#4251);
#4251=CARTESIAN_POINT('',(-6.424843628,1.27,-2.473602417));
#4252=LINE('',#4253,#4254);
#4253=CARTESIAN_POINT('',(-6.424843628,8.6868,-2.473602417));
#4254=VECTOR('',#4255,1.0);
#4255=DIRECTION('',(0.0,-1.0,0.0));
#4256=ORIENTED_EDGE('',*,*,#4257,.T.);
#4257=EDGE_CURVE('',#4250,#4258,#4260,.T.);
#4258=VERTEX_POINT('',#4259);
#4259=CARTESIAN_POINT('',(-7.498912293,0.127,-2.864531441));
#4260=CIRCLE('',#4261,1.143);
#4261=AXIS2_PLACEMENT_3D('',#4262,#4263,#4264);
#4262=CARTESIAN_POINT('',(-7.498912293,1.27,-2.864531441));
#4263=DIRECTION('',(0.342020143,0.0,-0.939692621));
#4264=DIRECTION('',(0.939692621,0.0,0.342020143));
#4265=ORIENTED_EDGE('',*,*,#4266,.T.);
#4266=EDGE_CURVE('',#4258,#4267,#4269,.T.);
#4267=VERTEX_POINT('',#4268);
#4268=CARTESIAN_POINT('',(-8.692321922,0.127,-3.298897023));
#4269=LINE('',#4270,#4271);
#4270=CARTESIAN_POINT('',(-7.498912293,0.127,-2.864531441));
#4271=VECTOR('',#4272,1.0);
#4272=DIRECTION('',(-0.939692621,0.0,-0.342020143));
#4273=ORIENTED_EDGE('',*,*,#4274,.T.);
#4274=EDGE_CURVE('',#4267,#4275,#4277,.T.);
#4275=VERTEX_POINT('',#4276);
#4276=CARTESIAN_POINT('',(-9.766390587,1.27,-3.689826047));
#4277=CIRCLE('',#4278,1.143);
#4278=AXIS2_PLACEMENT_3D('',#4279,#4280,#4281);
#4279=CARTESIAN_POINT('',(-8.692321922,1.27,-3.298897023));
#4280=DIRECTION('',(0.342020143,0.0,-0.939692621));
#4281=DIRECTION('',(0.0,-1.0,0.0));
#4282=ORIENTED_EDGE('',*,*,#4283,.T.);
#4283=EDGE_CURVE('',#4275,#4188,#4284,.T.);
#4284=LINE('',#4285,#4286);
#4285=CARTESIAN_POINT('',(-9.766390587,1.27,-3.689826047));
#4286=VECTOR('',#4287,1.0);
#4287=DIRECTION('',(0.0,1.0,0.0));
#4288=PLANE('',#4289);
#4289=AXIS2_PLACEMENT_3D('',#4290,#4291,#4292);
#4290=CARTESIAN_POINT('',(-6.305502665,0.0,-2.430165859));
#4291=DIRECTION('',(0.342020143,0.0,-0.939692621));
#4292=DIRECTION('',(-0.939692621,0.0,-0.342020143));
#4293=ADVANCED_FACE('',(#4294),#4313,.T.);
#4294=FACE_BOUND('',#4295,.T.);
#4295=EDGE_LOOP('',(#4296,#4305,#4311,#4312));
#4296=ORIENTED_EDGE('',*,*,#4297,.T.);
#4297=EDGE_CURVE('',#4275,#4298,#4300,.F.);
#4298=VERTEX_POINT('',#4299);
#4299=CARTESIAN_POINT('',(-9.853263704,1.27,-3.451144121));
#4300=CIRCLE('',#4301,0.127);
#4301=AXIS2_PLACEMENT_3D('',#4302,#4303,#4304);
#4302=CARTESIAN_POINT('',(-9.809827145,1.27,-3.570485084));
#4303=DIRECTION('',(0.0,-1.0,0.0));
#4304=DIRECTION('',(-0.342020143,0.0,0.939692621));
#4305=ORIENTED_EDGE('',*,*,#4306,.T.);
#4306=EDGE_CURVE('',#4298,#4190,#4307,.F.);
#4307=LINE('',#4308,#4309);
#4308=CARTESIAN_POINT('',(-9.853263704,8.6868,-3.451144121));
#4309=VECTOR('',#4310,1.0);
#4310=DIRECTION('',(0.0,-1.0,0.0));
#4311=ORIENTED_EDGE('',*,*,#4187,.F.);
#4312=ORIENTED_EDGE('',*,*,#4283,.F.);
#4313=CYLINDRICAL_SURFACE('',#4314,0.127);
#4314=AXIS2_PLACEMENT_3D('',#4315,#4316,#4317);
#4315=CARTESIAN_POINT('',(-9.809827145,8.717093534,-3.570485084));
#4316=DIRECTION('',(0.0,-1.0,0.0));
#4317=DIRECTION('',(-0.342020143,0.0,0.939692621));
#4318=ADVANCED_FACE('',(#4319),#4372,.T.);
#4319=FACE_BOUND('',#4320,.T.);
#4320=EDGE_LOOP('',(#4321,#4330,#4338,#4347,#4355,#4364,#4370,#4371));
#4321=ORIENTED_EDGE('',*,*,#4322,.T.);
#4322=EDGE_CURVE('',#4298,#4323,#4325,.T.);
#4323=VERTEX_POINT('',#4324);
#4324=CARTESIAN_POINT('',(-8.779195038,0.127,-3.060215098));
#4325=CIRCLE('',#4326,1.143);
#4326=AXIS2_PLACEMENT_3D('',#4327,#4328,#4329);
#4327=CARTESIAN_POINT('',(-8.779195038,1.27,-3.060215098));
#4328=DIRECTION('',(-0.342020143,0.0,0.939692621));
#4329=DIRECTION('',(-0.939692621,-1.141062553E-14,-0.342020143));
#4330=ORIENTED_EDGE('',*,*,#4331,.T.);
#4331=EDGE_CURVE('',#4323,#4332,#4334,.T.);
#4332=VERTEX_POINT('',#4333);
#4333=CARTESIAN_POINT('',(-7.58578541,0.127,-2.625849516));
#4334=LINE('',#4335,#4336);
#4335=CARTESIAN_POINT('',(-8.779195038,0.127,-3.060215098));
#4336=VECTOR('',#4337,1.0);
#4337=DIRECTION('',(0.939692621,0.0,0.342020143));
#4338=ORIENTED_EDGE('',*,*,#4339,.T.);
#4339=EDGE_CURVE('',#4332,#4340,#4342,.T.);
#4340=VERTEX_POINT('',#4341);
#4341=CARTESIAN_POINT('',(-6.511716744,1.27,-2.234920492));
#4342=CIRCLE('',#4343,1.143);
#4343=AXIS2_PLACEMENT_3D('',#4344,#4345,#4346);
#4344=CARTESIAN_POINT('',(-7.58578541,1.27,-2.625849516));
#4345=DIRECTION('',(-0.342020143,0.0,0.939692621));
#4346=DIRECTION('',(0.0,-1.0,0.0));
#4347=ORIENTED_EDGE('',*,*,#4348,.T.);
#4348=EDGE_CURVE('',#4340,#4349,#4351,.T.);
#4349=VERTEX_POINT('',#4350);
#4350=CARTESIAN_POINT('',(-6.511716744,8.6868,-2.234920492));
#4351=LINE('',#4352,#4353);
#4352=CARTESIAN_POINT('',(-6.511716744,1.27,-2.234920492));
#4353=VECTOR('',#4354,1.0);
#4354=DIRECTION('',(0.0,1.0,0.0));
#4355=ORIENTED_EDGE('',*,*,#4356,.T.);
#4356=EDGE_CURVE('',#4349,#4357,#4359,.T.);
#4357=VERTEX_POINT('',#4358);
#4358=CARTESIAN_POINT('',(-7.58578541,9.8298,-2.625849516));
#4359=CIRCLE('',#4360,1.143);
#4360=AXIS2_PLACEMENT_3D('',#4361,#4362,#4363);
#4361=CARTESIAN_POINT('',(-7.58578541,8.6868,-2.625849516));
#4362=DIRECTION('',(-0.342020143,0.0,0.939692621));
#4363=DIRECTION('',(0.939692621,0.0,0.342020143));
#4364=ORIENTED_EDGE('',*,*,#4365,.T.);
#4365=EDGE_CURVE('',#4357,#4199,#4366,.T.);
#4366=LINE('',#4367,#4368);
#4367=CARTESIAN_POINT('',(-7.58578541,9.8298,-2.625849516));
#4368=VECTOR('',#4369,1.0);
#4369=DIRECTION('',(-0.939692621,0.0,-0.342020143));
#4370=ORIENTED_EDGE('',*,*,#4198,.F.);
#4371=ORIENTED_EDGE('',*,*,#4306,.F.);
#4372=PLANE('',#4373);
#4373=AXIS2_PLACEMENT_3D('',#4374,#4375,#4376);
#4374=CARTESIAN_POINT('',(-9.972604666,0.0,-3.49458068));
#4375=DIRECTION('',(-0.342020143,0.0,0.939692621));
#4376=DIRECTION('',(0.939692621,0.0,0.342020143));
#4377=ADVANCED_FACE('',(#4378),#4390,.T.);
#4378=FACE_BOUND('',#4379,.T.);
#4379=EDGE_LOOP('',(#4380,#4381,#4382,#4389));
#4380=ORIENTED_EDGE('',*,*,#4207,.F.);
#4381=ORIENTED_EDGE('',*,*,#4365,.F.);
#4382=ORIENTED_EDGE('',*,*,#4383,.T.);
#4383=EDGE_CURVE('',#4357,#4233,#4384,.T.);
#4384=CIRCLE('',#4385,0.127);
#4385=AXIS2_PLACEMENT_3D('',#4386,#4387,#4388);
#4386=CARTESIAN_POINT('',(-7.542348851,9.8298,-2.745190478));
#4387=DIRECTION('',(-0.939692621,0.0,-0.342020143));
#4388=DIRECTION('',(-0.342020143,-1.110223025E-14,0.939692621));
#4389=ORIENTED_EDGE('',*,*,#4232,.F.);
#4390=CYLINDRICAL_SURFACE('',#4391,0.127);
#4391=AXIS2_PLACEMENT_3D('',#4392,#4393,#4394);
#4392=CARTESIAN_POINT('',(-7.525858523,9.8298,-2.73918849));
#4393=DIRECTION('',(-0.939692621,0.0,-0.342020143));
#4394=DIRECTION('',(-0.342020143,0.0,0.939692621));
#4395=ADVANCED_FACE('',(#4396),#4408,.T.);
#4396=FACE_BOUND('',#4397,.T.);
#4397=EDGE_LOOP('',(#4398,#4399,#4400,#4407));
#4398=ORIENTED_EDGE('',*,*,#4383,.F.);
#4399=ORIENTED_EDGE('',*,*,#4356,.F.);
#4400=ORIENTED_EDGE('',*,*,#4401,.T.);
#4401=EDGE_CURVE('',#4349,#4241,#4402,.T.);
#4402=CIRCLE('',#4403,0.127);
#4403=AXIS2_PLACEMENT_3D('',#4404,#4405,#4406);
#4404=CARTESIAN_POINT('',(-6.468280186,8.6868,-2.354261455));
#4405=DIRECTION('',(0.0,1.0,0.0));
#4406=DIRECTION('',(-0.342020143,0.0,0.939692621));
#4407=ORIENTED_EDGE('',*,*,#4240,.F.);
#4408=TOROIDAL_SURFACE('',#4409,1.143,0.127);
#4409=AXIS2_PLACEMENT_3D('',#4410,#4411,#4412);
#4410=CARTESIAN_POINT('',(-7.542348851,8.6868,-2.745190478));
#4411=DIRECTION('',(0.342020143,0.0,-0.939692621));
#4412=DIRECTION('',(0.939453192,-0.022572657,0.341932998));
#4413=ADVANCED_FACE('',(#4414),#4426,.T.);
#4414=FACE_BOUND('',#4415,.T.);
#4415=EDGE_LOOP('',(#4416,#4417,#4418,#4425));
#4416=ORIENTED_EDGE('',*,*,#4401,.F.);
#4417=ORIENTED_EDGE('',*,*,#4348,.F.);
#4418=ORIENTED_EDGE('',*,*,#4419,.T.);
#4419=EDGE_CURVE('',#4340,#4250,#4420,.T.);
#4420=CIRCLE('',#4421,0.127);
#4421=AXIS2_PLACEMENT_3D('',#4422,#4423,#4424);
#4422=CARTESIAN_POINT('',(-6.468280186,1.27,-2.354261455));
#4423=DIRECTION('',(0.0,1.0,0.0));
#4424=DIRECTION('',(-0.342020143,0.0,0.939692621));
#4425=ORIENTED_EDGE('',*,*,#4249,.F.);
#4426=CYLINDRICAL_SURFACE('',#4427,0.127);
#4427=AXIS2_PLACEMENT_3D('',#4428,#4429,#4430);
#4428=CARTESIAN_POINT('',(-6.468280186,1.252451359,-2.354261455));
#4429=DIRECTION('',(0.0,1.0,0.0));
#4430=DIRECTION('',(-0.342020143,0.0,0.939692621));
#4431=ADVANCED_FACE('',(#4432),#4444,.T.);
#4432=FACE_BOUND('',#4433,.T.);
#4433=EDGE_LOOP('',(#4434,#4435,#4436,#4443));
#4434=ORIENTED_EDGE('',*,*,#4419,.F.);
#4435=ORIENTED_EDGE('',*,*,#4339,.F.);
#4436=ORIENTED_EDGE('',*,*,#4437,.T.);
#4437=EDGE_CURVE('',#4332,#4258,#4438,.T.);
#4438=CIRCLE('',#4439,0.127);
#4439=AXIS2_PLACEMENT_3D('',#4440,#4441,#4442);
#4440=CARTESIAN_POINT('',(-7.542348851,0.127,-2.745190478));
#4441=DIRECTION('',(0.939692621,0.0,0.342020143));
#4442=DIRECTION('',(-0.342020143,0.0,0.939692621));
#4443=ORIENTED_EDGE('',*,*,#4257,.F.);
#4444=TOROIDAL_SURFACE('',#4445,1.143,0.127);
#4445=AXIS2_PLACEMENT_3D('',#4446,#4447,#4448);
#4446=CARTESIAN_POINT('',(-7.542348851,1.27,-2.745190478));
#4447=DIRECTION('',(-0.342020143,0.0,0.939692621));
#4448=DIRECTION('',(-0.014932374,-0.999873735,-0.00543494));
#4449=ADVANCED_FACE('',(#4450),#4462,.T.);
#4450=FACE_BOUND('',#4451,.T.);
#4451=EDGE_LOOP('',(#4452,#4453,#4454,#4461));
#4452=ORIENTED_EDGE('',*,*,#4437,.F.);
#4453=ORIENTED_EDGE('',*,*,#4331,.F.);
#4454=ORIENTED_EDGE('',*,*,#4455,.T.);
#4455=EDGE_CURVE('',#4323,#4267,#4456,.T.);
#4456=CIRCLE('',#4457,0.127);
#4457=AXIS2_PLACEMENT_3D('',#4458,#4459,#4460);
#4458=CARTESIAN_POINT('',(-8.73575848,0.127,-3.17955606));
#4459=DIRECTION('',(0.939692621,0.0,0.342020143));
#4460=DIRECTION('',(-0.342020143,1.301042607E-14,0.939692621));
#4461=ORIENTED_EDGE('',*,*,#4266,.F.);
#4462=CYLINDRICAL_SURFACE('',#4463,0.127);
#4463=AXIS2_PLACEMENT_3D('',#4464,#4465,#4466);
#4464=CARTESIAN_POINT('',(-8.76422509,0.127,-3.189917059));
#4465=DIRECTION('',(0.939692621,0.0,0.342020143));
#4466=DIRECTION('',(-0.342020143,0.0,0.939692621));
#4467=ADVANCED_FACE('',(#4468),#4474,.T.);
#4468=FACE_BOUND('',#4469,.T.);
#4469=EDGE_LOOP('',(#4470,#4471,#4472,#4473));
#4470=ORIENTED_EDGE('',*,*,#4455,.F.);
#4471=ORIENTED_EDGE('',*,*,#4322,.F.);
#4472=ORIENTED_EDGE('',*,*,#4297,.F.);
#4473=ORIENTED_EDGE('',*,*,#4274,.F.);
#4474=TOROIDAL_SURFACE('',#4475,1.143,0.127);
#4475=AXIS2_PLACEMENT_3D('',#4476,#4477,#4478);
#4476=CARTESIAN_POINT('',(-8.73575848,1.27,-3.17955606));
#4477=DIRECTION('',(0.342020143,0.0,-0.939692621));
#4478=DIRECTION('',(-0.939453192,0.022572657,-0.341932998));
#4479=MANIFOLD_SOLID_BREP('',#4480);
#4480=CLOSED_SHELL('',(#4481,#4525,#4591,#4616,#4675,#4693,#4711,#4729,#4747,#4765));
#4481=ADVANCED_FACE('',(#4482),#4520,.T.);
#4482=FACE_BOUND('',#4483,.T.);
#4483=EDGE_LOOP('',(#4484,#4495,#4504,#4513));
#4484=ORIENTED_EDGE('',*,*,#4485,.T.);
#4485=EDGE_CURVE('',#4486,#4488,#4490,.T.);
#4486=VERTEX_POINT('',#4487);
#4487=CARTESIAN_POINT('',(-10.050816052,8.6868,-2.824588119));
#4488=VERTEX_POINT('',#4489);
#4489=CARTESIAN_POINT('',(-10.11655609,8.6868,-2.57924296));
#4490=CIRCLE('',#4491,0.127);
#4491=AXIS2_PLACEMENT_3D('',#4492,#4493,#4494);
#4492=CARTESIAN_POINT('',(-10.083686071,8.6868,-2.701915539));
#4493=DIRECTION('',(0.0,1.0,0.0));
#4494=DIRECTION('',(0.258819045,0.0,-0.965925826));
#4495=ORIENTED_EDGE('',*,*,#4496,.T.);
#4496=EDGE_CURVE('',#4488,#4497,#4499,.F.);
#4497=VERTEX_POINT('',#4498);
#4498=CARTESIAN_POINT('',(-9.01250287,9.8298,-2.283412791));
#4499=CIRCLE('',#4500,1.143);
#4500=AXIS2_PLACEMENT_3D('',#4501,#4502,#4503);
#4501=CARTESIAN_POINT('',(-9.01250287,8.6868,-2.283412791));
#4502=DIRECTION('',(-0.258819045,0.0,0.965925826));
#4503=DIRECTION('',(0.0,1.0,0.0));
#4504=ORIENTED_EDGE('',*,*,#4505,.T.);
#4505=EDGE_CURVE('',#4497,#4506,#4508,.T.);
#4506=VERTEX_POINT('',#4507);
#4507=CARTESIAN_POINT('',(-8.946762833,9.8298,-2.528757951));
#4508=CIRCLE('',#4509,0.127);
#4509=AXIS2_PLACEMENT_3D('',#4510,#4511,#4512);
#4510=CARTESIAN_POINT('',(-8.979632852,9.8298,-2.406085371));
#4511=DIRECTION('',(-0.965925826,0.0,-0.258819045));
#4512=DIRECTION('',(-0.258819045,0.0,0.965925826));
#4513=ORIENTED_EDGE('',*,*,#4514,.T.);
#4514=EDGE_CURVE('',#4506,#4486,#4515,.F.);
#4515=CIRCLE('',#4516,1.143);
#4516=AXIS2_PLACEMENT_3D('',#4517,#4518,#4519);
#4517=CARTESIAN_POINT('',(-8.946762833,8.6868,-2.528757951));
#4518=DIRECTION('',(0.258819045,0.0,-0.965925826));
#4519=DIRECTION('',(-0.965925826,1.727013594E-14,-0.258819045));
#4520=TOROIDAL_SURFACE('',#4521,1.143,0.127);
#4521=AXIS2_PLACEMENT_3D('',#4522,#4523,#4524);
#4522=CARTESIAN_POINT('',(-8.979632852,8.6868,-2.406085371));
#4523=DIRECTION('',(-0.258819045,0.0,0.965925826));
#4524=DIRECTION('',(0.015349238,0.999873735,0.004112816));
#4525=ADVANCED_FACE('',(#4526),#4586,.T.);
#4526=FACE_BOUND('',#4527,.T.);
#4527=EDGE_LOOP('',(#4528,#4529,#4537,#4546,#4554,#4563,#4571,#4580));
#4528=ORIENTED_EDGE('',*,*,#4514,.F.);
#4529=ORIENTED_EDGE('',*,*,#4530,.T.);
#4530=EDGE_CURVE('',#4506,#4531,#4533,.T.);
#4531=VERTEX_POINT('',#4532);
#4532=CARTESIAN_POINT('',(-7.720037033,9.8298,-2.200057764));
#4533=LINE('',#4534,#4535);
#4534=CARTESIAN_POINT('',(-8.946762833,9.8298,-2.528757951));
#4535=VECTOR('',#4536,1.0);
#4536=DIRECTION('',(0.965925826,0.0,0.258819045));
#4537=ORIENTED_EDGE('',*,*,#4538,.T.);
#4538=EDGE_CURVE('',#4531,#4539,#4541,.T.);
#4539=VERTEX_POINT('',#4540);
#4540=CARTESIAN_POINT('',(-6.615983814,8.6868,-1.904227595));
#4541=CIRCLE('',#4542,1.143);
#4542=AXIS2_PLACEMENT_3D('',#4543,#4544,#4545);
#4543=CARTESIAN_POINT('',(-7.720037033,8.6868,-2.200057764));
#4544=DIRECTION('',(0.258819045,0.0,-0.965925826));
#4545=DIRECTION('',(0.0,1.0,0.0));
#4546=ORIENTED_EDGE('',*,*,#4547,.T.);
#4547=EDGE_CURVE('',#4539,#4548,#4550,.T.);
#4548=VERTEX_POINT('',#4549);
#4549=CARTESIAN_POINT('',(-6.615983814,1.27,-1.904227595));
#4550=LINE('',#4551,#4552);
#4551=CARTESIAN_POINT('',(-6.615983814,8.6868,-1.904227595));
#4552=VECTOR('',#4553,1.0);
#4553=DIRECTION('',(0.0,-1.0,0.0));
#4554=ORIENTED_EDGE('',*,*,#4555,.T.);
#4555=EDGE_CURVE('',#4548,#4556,#4558,.T.);
#4556=VERTEX_POINT('',#4557);
#4557=CARTESIAN_POINT('',(-7.720037033,0.127,-2.200057764));
#4558=CIRCLE('',#4559,1.143);
#4559=AXIS2_PLACEMENT_3D('',#4560,#4561,#4562);
#4560=CARTESIAN_POINT('',(-7.720037033,1.27,-2.200057764));
#4561=DIRECTION('',(0.258819045,0.0,-0.965925826));
#4562=DIRECTION('',(0.965925826,0.0,0.258819045));
#4563=ORIENTED_EDGE('',*,*,#4564,.T.);
#4564=EDGE_CURVE('',#4556,#4565,#4567,.T.);
#4565=VERTEX_POINT('',#4566);
#4566=CARTESIAN_POINT('',(-8.946762833,0.127,-2.528757951));
#4567=LINE('',#4568,#4569);
#4568=CARTESIAN_POINT('',(-7.720037033,0.127,-2.200057764));
#4569=VECTOR('',#4570,1.0);
#4570=DIRECTION('',(-0.965925826,0.0,-0.258819045));
#4571=ORIENTED_EDGE('',*,*,#4572,.T.);
#4572=EDGE_CURVE('',#4565,#4573,#4575,.T.);
#4573=VERTEX_POINT('',#4574);
#4574=CARTESIAN_POINT('',(-10.050816052,1.27,-2.824588119));
#4575=CIRCLE('',#4576,1.143);
#4576=AXIS2_PLACEMENT_3D('',#4577,#4578,#4579);
#4577=CARTESIAN_POINT('',(-8.946762833,1.27,-2.528757951));
#4578=DIRECTION('',(0.258819045,0.0,-0.965925826));
#4579=DIRECTION('',(0.0,-1.0,0.0));
#4580=ORIENTED_EDGE('',*,*,#4581,.T.);
#4581=EDGE_CURVE('',#4573,#4486,#4582,.T.);
#4582=LINE('',#4583,#4584);
#4583=CARTESIAN_POINT('',(-10.050816052,1.27,-2.824588119));
#4584=VECTOR('',#4585,1.0);
#4585=DIRECTION('',(0.0,1.0,0.0));
#4586=PLANE('',#4587);
#4587=AXIS2_PLACEMENT_3D('',#4588,#4589,#4590);
#4588=CARTESIAN_POINT('',(-6.493311234,0.0,-1.871357576));
#4589=DIRECTION('',(0.258819045,0.0,-0.965925826));
#4590=DIRECTION('',(-0.965925826,0.0,-0.258819045));
#4591=ADVANCED_FACE('',(#4592),#4611,.T.);
#4592=FACE_BOUND('',#4593,.T.);
#4593=EDGE_LOOP('',(#4594,#4603,#4609,#4610));
#4594=ORIENTED_EDGE('',*,*,#4595,.T.);
#4595=EDGE_CURVE('',#4573,#4596,#4598,.F.);
#4596=VERTEX_POINT('',#4597);
#4597=CARTESIAN_POINT('',(-10.11655609,1.27,-2.57924296));
#4598=CIRCLE('',#4599,0.127);
#4599=AXIS2_PLACEMENT_3D('',#4600,#4601,#4602);
#4600=CARTESIAN_POINT('',(-10.083686071,1.27,-2.701915539));
#4601=DIRECTION('',(0.0,-1.0,0.0));
#4602=DIRECTION('',(-0.258819045,0.0,0.965925826));
#4603=ORIENTED_EDGE('',*,*,#4604,.T.);
#4604=EDGE_CURVE('',#4596,#4488,#4605,.F.);
#4605=LINE('',#4606,#4607);
#4606=CARTESIAN_POINT('',(-10.11655609,8.6868,-2.57924296));
#4607=VECTOR('',#4608,1.0);
#4608=DIRECTION('',(0.0,-1.0,0.0));
#4609=ORIENTED_EDGE('',*,*,#4485,.F.);
#4610=ORIENTED_EDGE('',*,*,#4581,.F.);
#4611=CYLINDRICAL_SURFACE('',#4612,0.127);
#4612=AXIS2_PLACEMENT_3D('',#4613,#4614,#4615);
#4613=CARTESIAN_POINT('',(-10.083686071,8.717093534,-2.701915539));
#4614=DIRECTION('',(0.0,-1.0,0.0));
#4615=DIRECTION('',(-0.258819045,0.0,0.965925826));
#4616=ADVANCED_FACE('',(#4617),#4670,.T.);
#4617=FACE_BOUND('',#4618,.T.);
#4618=EDGE_LOOP('',(#4619,#4628,#4636,#4645,#4653,#4662,#4668,#4669));
#4619=ORIENTED_EDGE('',*,*,#4620,.T.);
#4620=EDGE_CURVE('',#4596,#4621,#4623,.T.);
#4621=VERTEX_POINT('',#4622);
#4622=CARTESIAN_POINT('',(-9.01250287,0.127,-2.283412791));
#4623=CIRCLE('',#4624,1.143);
#4624=AXIS2_PLACEMENT_3D('',#4625,#4626,#4627);
#4625=CARTESIAN_POINT('',(-9.01250287,1.27,-2.283412791));
#4626=DIRECTION('',(-0.258819045,0.0,0.965925826));
#4627=DIRECTION('',(-0.965925826,0.0,-0.258819045));
#4628=ORIENTED_EDGE('',*,*,#4629,.T.);
#4629=EDGE_CURVE('',#4621,#4630,#4632,.T.);
#4630=VERTEX_POINT('',#4631);
#4631=CARTESIAN_POINT('',(-7.785777071,0.127,-1.954712604));
#4632=LINE('',#4633,#4634);
#4633=CARTESIAN_POINT('',(-9.01250287,0.127,-2.283412791));
#4634=VECTOR('',#4635,1.0);
#4635=DIRECTION('',(0.965925826,0.0,0.258819045));
#4636=ORIENTED_EDGE('',*,*,#4637,.T.);
#4637=EDGE_CURVE('',#4630,#4638,#4640,.T.);
#4638=VERTEX_POINT('',#4639);
#4639=CARTESIAN_POINT('',(-6.681723851,1.27,-1.658882435));
#4640=CIRCLE('',#4641,1.143);
#4641=AXIS2_PLACEMENT_3D('',#4642,#4643,#4644);
#4642=CARTESIAN_POINT('',(-7.785777071,1.27,-1.954712604));
#4643=DIRECTION('',(-0.258819045,0.0,0.965925826));
#4644=DIRECTION('',(0.0,-1.0,0.0));
#4645=ORIENTED_EDGE('',*,*,#4646,.T.);
#4646=EDGE_CURVE('',#4638,#4647,#4649,.T.);
#4647=VERTEX_POINT('',#4648);
#4648=CARTESIAN_POINT('',(-6.681723851,8.6868,-1.658882435));
#4649=LINE('',#4650,#4651);
#4650=CARTESIAN_POINT('',(-6.681723851,1.27,-1.658882435));
#4651=VECTOR('',#4652,1.0);
#4652=DIRECTION('',(0.0,1.0,0.0));
#4653=ORIENTED_EDGE('',*,*,#4654,.T.);
#4654=EDGE_CURVE('',#4647,#4655,#4657,.T.);
#4655=VERTEX_POINT('',#4656);
#4656=CARTESIAN_POINT('',(-7.785777071,9.8298,-1.954712604));
#4657=CIRCLE('',#4658,1.143);
#4658=AXIS2_PLACEMENT_3D('',#4659,#4660,#4661);
#4659=CARTESIAN_POINT('',(-7.785777071,8.6868,-1.954712604));
#4660=DIRECTION('',(-0.258819045,0.0,0.965925826));
#4661=DIRECTION('',(0.965925826,1.727013594E-14,0.258819045));
#4662=ORIENTED_EDGE('',*,*,#4663,.T.);
#4663=EDGE_CURVE('',#4655,#4497,#4664,.T.);
#4664=LINE('',#4665,#4666);
#4665=CARTESIAN_POINT('',(-7.785777071,9.8298,-1.954712604));
#4666=VECTOR('',#4667,1.0);
#4667=DIRECTION('',(-0.965925826,0.0,-0.258819045));
#4668=ORIENTED_EDGE('',*,*,#4496,.F.);
#4669=ORIENTED_EDGE('',*,*,#4604,.F.);
#4670=PLANE('',#4671);
#4671=AXIS2_PLACEMENT_3D('',#4672,#4673,#4674);
#4672=CARTESIAN_POINT('',(-10.23922867,0.0,-2.612112978));
#4673=DIRECTION('',(-0.258819045,0.0,0.965925826));
#4674=DIRECTION('',(0.965925826,0.0,0.258819045));
#4675=ADVANCED_FACE('',(#4676),#4688,.T.);
#4676=FACE_BOUND('',#4677,.T.);
#4677=EDGE_LOOP('',(#4678,#4679,#4680,#4687));
#4678=ORIENTED_EDGE('',*,*,#4505,.F.);
#4679=ORIENTED_EDGE('',*,*,#4663,.F.);
#4680=ORIENTED_EDGE('',*,*,#4681,.T.);
#4681=EDGE_CURVE('',#4655,#4531,#4682,.T.);
#4682=CIRCLE('',#4683,0.127);
#4683=AXIS2_PLACEMENT_3D('',#4684,#4685,#4686);
#4684=CARTESIAN_POINT('',(-7.752907052,9.8298,-2.077385184));
#4685=DIRECTION('',(-0.965925826,0.0,-0.258819045));
#4686=DIRECTION('',(-0.258819045,-1.110223025E-14,0.965925826));
#4687=ORIENTED_EDGE('',*,*,#4530,.F.);
#4688=CYLINDRICAL_SURFACE('',#4689,0.127);
#4689=AXIS2_PLACEMENT_3D('',#4690,#4691,#4692);
#4690=CARTESIAN_POINT('',(-7.735956367,9.8298,-2.072843261));
#4691=DIRECTION('',(-0.965925826,0.0,-0.258819045));
#4692=DIRECTION('',(-0.258819045,0.0,0.965925826));
#4693=ADVANCED_FACE('',(#4694),#4706,.T.);
#4694=FACE_BOUND('',#4695,.T.);
#4695=EDGE_LOOP('',(#4696,#4697,#4698,#4705));
#4696=ORIENTED_EDGE('',*,*,#4681,.F.);
#4697=ORIENTED_EDGE('',*,*,#4654,.F.);
#4698=ORIENTED_EDGE('',*,*,#4699,.T.);
#4699=EDGE_CURVE('',#4647,#4539,#4700,.T.);
#4700=CIRCLE('',#4701,0.127);
#4701=AXIS2_PLACEMENT_3D('',#4702,#4703,#4704);
#4702=CARTESIAN_POINT('',(-6.648853833,8.6868,-1.781555015));
#4703=DIRECTION('',(0.0,1.0,0.0));
#4704=DIRECTION('',(-0.258819045,0.0,0.965925826));
#4705=ORIENTED_EDGE('',*,*,#4538,.F.);
#4706=TOROIDAL_SURFACE('',#4707,1.143,0.127);
#4707=AXIS2_PLACEMENT_3D('',#4708,#4709,#4710);
#4708=CARTESIAN_POINT('',(-7.752907052,8.6868,-2.077385184));
#4709=DIRECTION('',(0.258819045,0.0,-0.965925826));
#4710=DIRECTION('',(0.965679713,-0.022572657,0.258753099));
#4711=ADVANCED_FACE('',(#4712),#4724,.T.);
#4712=FACE_BOUND('',#4713,.T.);
#4713=EDGE_LOOP('',(#4714,#4715,#4716,#4723));
#4714=ORIENTED_EDGE('',*,*,#4699,.F.);
#4715=ORIENTED_EDGE('',*,*,#4646,.F.);
#4716=ORIENTED_EDGE('',*,*,#4717,.T.);
#4717=EDGE_CURVE('',#4638,#4548,#4718,.T.);
#4718=CIRCLE('',#4719,0.127);
#4719=AXIS2_PLACEMENT_3D('',#4720,#4721,#4722);
#4720=CARTESIAN_POINT('',(-6.648853833,1.27,-1.781555015));
#4721=DIRECTION('',(0.0,1.0,0.0));
#4722=DIRECTION('',(-0.258819045,0.0,0.965925826));
#4723=ORIENTED_EDGE('',*,*,#4547,.F.);
#4724=CYLINDRICAL_SURFACE('',#4725,0.127);
#4725=AXIS2_PLACEMENT_3D('',#4726,#4727,#4728);
#4726=CARTESIAN_POINT('',(-6.648853833,1.252451359,-1.781555015));
#4727=DIRECTION('',(0.0,1.0,0.0));
#4728=DIRECTION('',(-0.258819045,0.0,0.965925826));
#4729=ADVANCED_FACE('',(#4730),#4742,.T.);
#4730=FACE_BOUND('',#4731,.T.);
#4731=EDGE_LOOP('',(#4732,#4733,#4734,#4741));
#4732=ORIENTED_EDGE('',*,*,#4717,.F.);
#4733=ORIENTED_EDGE('',*,*,#4637,.F.);
#4734=ORIENTED_EDGE('',*,*,#4735,.T.);
#4735=EDGE_CURVE('',#4630,#4556,#4736,.T.);
#4736=CIRCLE('',#4737,0.127);
#4737=AXIS2_PLACEMENT_3D('',#4738,#4739,#4740);
#4738=CARTESIAN_POINT('',(-7.752907052,0.127,-2.077385184));
#4739=DIRECTION('',(0.965925826,0.0,0.258819045));
#4740=DIRECTION('',(-0.258819045,0.0,0.965925826));
#4741=ORIENTED_EDGE('',*,*,#4555,.F.);
#4742=TOROIDAL_SURFACE('',#4743,1.143,0.127);
#4743=AXIS2_PLACEMENT_3D('',#4744,#4745,#4746);
#4744=CARTESIAN_POINT('',(-7.752907052,1.27,-2.077385184));
#4745=DIRECTION('',(-0.258819045,0.0,0.965925826));
#4746=DIRECTION('',(-0.015349238,-0.999873735,-0.004112816));
#4747=ADVANCED_FACE('',(#4748),#4760,.T.);
#4748=FACE_BOUND('',#4749,.T.);
#4749=EDGE_LOOP('',(#4750,#4751,#4752,#4759));
#4750=ORIENTED_EDGE('',*,*,#4735,.F.);
#4751=ORIENTED_EDGE('',*,*,#4629,.F.);
#4752=ORIENTED_EDGE('',*,*,#4753,.T.);
#4753=EDGE_CURVE('',#4621,#4565,#4754,.T.);
#4754=CIRCLE('',#4755,0.127);
#4755=AXIS2_PLACEMENT_3D('',#4756,#4757,#4758);
#4756=CARTESIAN_POINT('',(-8.979632852,0.127,-2.406085371));
#4757=DIRECTION('',(0.965925826,0.0,0.258819045));
#4758=DIRECTION('',(-0.258819045,0.0,0.965925826));
#4759=ORIENTED_EDGE('',*,*,#4564,.F.);
#4760=CYLINDRICAL_SURFACE('',#4761,0.127);
#4761=AXIS2_PLACEMENT_3D('',#4762,#4763,#4764);
#4762=CARTESIAN_POINT('',(-9.008894158,0.127,-2.413925914));
#4763=DIRECTION('',(0.965925826,0.0,0.258819045));
#4764=DIRECTION('',(-0.258819045,0.0,0.965925826));
#4765=ADVANCED_FACE('',(#4766),#4772,.T.);
#4766=FACE_BOUND('',#4767,.T.);
#4767=EDGE_LOOP('',(#4768,#4769,#4770,#4771));
#4768=ORIENTED_EDGE('',*,*,#4753,.F.);
#4769=ORIENTED_EDGE('',*,*,#4620,.F.);
#4770=ORIENTED_EDGE('',*,*,#4595,.F.);
#4771=ORIENTED_EDGE('',*,*,#4572,.F.);
#4772=TOROIDAL_SURFACE('',#4773,1.143,0.127);
#4773=AXIS2_PLACEMENT_3D('',#4774,#4775,#4776);
#4774=CARTESIAN_POINT('',(-8.979632852,1.27,-2.406085371));
#4775=DIRECTION('',(0.258819045,0.0,-0.965925826));
#4776=DIRECTION('',(-0.965679713,0.022572657,-0.258753099));
#4777=MANIFOLD_SOLID_BREP('',#4778);
#4778=CLOSED_SHELL('',(#4779,#4823,#4889,#4914,#4973,#4991,#5009,#5027,#5045,#5063));
#4779=ADVANCED_FACE('',(#4780),#4818,.T.);
#4780=FACE_BOUND('',#4781,.T.);
#4781=EDGE_LOOP('',(#4782,#4793,#4802,#4811));
#4782=ORIENTED_EDGE('',*,*,#4783,.T.);
#4783=EDGE_CURVE('',#4784,#4786,#4788,.T.);
#4784=VERTEX_POINT('',#4785);
#4785=CARTESIAN_POINT('',(-10.258748738,8.6868,-1.937853371));
#4786=VERTEX_POINT('',#4787);
#4787=CARTESIAN_POINT('',(-10.302855375,8.6868,-1.687712201));
#4788=CIRCLE('',#4789,0.127);
#4789=AXIS2_PLACEMENT_3D('',#4790,#4791,#4792);
#4790=CARTESIAN_POINT('',(-10.280802057,8.6868,-1.812782786));
#4791=DIRECTION('',(0.0,1.0,0.0));
#4792=DIRECTION('',(0.173648178,0.0,-0.984807753));
#4793=ORIENTED_EDGE('',*,*,#4794,.T.);
#4794=EDGE_CURVE('',#4786,#4795,#4797,.F.);
#4795=VERTEX_POINT('',#4796);
#4796=CARTESIAN_POINT('',(-9.177220114,9.8298,-1.489232334));
#4797=CIRCLE('',#4798,1.143);
#4798=AXIS2_PLACEMENT_3D('',#4799,#4800,#4801);
#4799=CARTESIAN_POINT('',(-9.177220114,8.6868,-1.489232334));
#4800=DIRECTION('',(-0.173648178,0.0,0.984807753));
#4801=DIRECTION('',(0.0,1.0,0.0));
#4802=ORIENTED_EDGE('',*,*,#4803,.T.);
#4803=EDGE_CURVE('',#4795,#4804,#4806,.T.);
#4804=VERTEX_POINT('',#4805);
#4805=CARTESIAN_POINT('',(-9.133113477,9.8298,-1.739373503));
#4806=CIRCLE('',#4807,0.127);
#4807=AXIS2_PLACEMENT_3D('',#4808,#4809,#4810);
#4808=CARTESIAN_POINT('',(-9.155166795,9.8298,-1.614302919));
#4809=DIRECTION('',(-0.984807753,0.0,-0.173648178));
#4810=DIRECTION('',(-0.173648178,0.0,0.984807753));
#4811=ORIENTED_EDGE('',*,*,#4812,.T.);
#4812=EDGE_CURVE('',#4804,#4784,#4813,.F.);
#4813=CIRCLE('',#4814,1.143);
#4814=AXIS2_PLACEMENT_3D('',#4815,#4816,#4817);
#4815=CARTESIAN_POINT('',(-9.133113477,8.6868,-1.739373503));
#4816=DIRECTION('',(0.173648178,0.0,-0.984807753));
#4817=DIRECTION('',(-0.984807753,0.0,-0.173648178));
#4818=TOROIDAL_SURFACE('',#4819,1.143,0.127);
#4819=AXIS2_PLACEMENT_3D('',#4820,#4821,#4822);
#4820=CARTESIAN_POINT('',(-9.155166795,8.6868,-1.614302919));
#4821=DIRECTION('',(-0.173648178,0.0,0.984807753));
#4822=DIRECTION('',(0.015649285,0.999873735,0.002759391));
#4823=ADVANCED_FACE('',(#4824),#4884,.T.);
#4824=FACE_BOUND('',#4825,.T.);
#4825=EDGE_LOOP('',(#4826,#4827,#4835,#4844,#4852,#4861,#4869,#4878));
#4826=ORIENTED_EDGE('',*,*,#4812,.F.);
#4827=ORIENTED_EDGE('',*,*,#4828,.T.);
#4828=EDGE_CURVE('',#4804,#4829,#4831,.T.);
#4829=VERTEX_POINT('',#4830);
#4830=CARTESIAN_POINT('',(-7.88240763,9.8298,-1.518840318));
#4831=LINE('',#4832,#4833);
#4832=CARTESIAN_POINT('',(-9.133113477,9.8298,-1.739373503));
#4833=VECTOR('',#4834,1.0);
#4834=DIRECTION('',(0.984807753,0.0,0.173648178));
#4835=ORIENTED_EDGE('',*,*,#4836,.T.);
#4836=EDGE_CURVE('',#4829,#4837,#4839,.T.);
#4837=VERTEX_POINT('',#4838);
#4838=CARTESIAN_POINT('',(-6.756772369,8.6868,-1.320360451));
#4839=CIRCLE('',#4840,1.143);
#4840=AXIS2_PLACEMENT_3D('',#4841,#4842,#4843);
#4841=CARTESIAN_POINT('',(-7.88240763,8.6868,-1.518840318));
#4842=DIRECTION('',(0.173648178,0.0,-0.984807753));
#4843=DIRECTION('',(0.0,1.0,0.0));
#4844=ORIENTED_EDGE('',*,*,#4845,.T.);
#4845=EDGE_CURVE('',#4837,#4846,#4848,.T.);
#4846=VERTEX_POINT('',#4847);
#4847=CARTESIAN_POINT('',(-6.756772369,1.27,-1.320360451));
#4848=LINE('',#4849,#4850);
#4849=CARTESIAN_POINT('',(-6.756772369,8.6868,-1.320360451));
#4850=VECTOR('',#4851,1.0);
#4851=DIRECTION('',(0.0,-1.0,0.0));
#4852=ORIENTED_EDGE('',*,*,#4853,.T.);
#4853=EDGE_CURVE('',#4846,#4854,#4856,.T.);
#4854=VERTEX_POINT('',#4855);
#4855=CARTESIAN_POINT('',(-7.88240763,0.127,-1.518840318));
#4856=CIRCLE('',#4857,1.143);
#4857=AXIS2_PLACEMENT_3D('',#4858,#4859,#4860);
#4858=CARTESIAN_POINT('',(-7.88240763,1.27,-1.518840318));
#4859=DIRECTION('',(0.173648178,0.0,-0.984807753));
#4860=DIRECTION('',(0.984807753,0.0,0.173648178));
#4861=ORIENTED_EDGE('',*,*,#4862,.T.);
#4862=EDGE_CURVE('',#4854,#4863,#4865,.T.);
#4863=VERTEX_POINT('',#4864);
#4864=CARTESIAN_POINT('',(-9.133113477,0.127,-1.739373503));
#4865=LINE('',#4866,#4867);
#4866=CARTESIAN_POINT('',(-7.88240763,0.127,-1.518840318));
#4867=VECTOR('',#4868,1.0);
#4868=DIRECTION('',(-0.984807753,0.0,-0.173648178));
#4869=ORIENTED_EDGE('',*,*,#4870,.T.);
#4870=EDGE_CURVE('',#4863,#4871,#4873,.T.);
#4871=VERTEX_POINT('',#4872);
#4872=CARTESIAN_POINT('',(-10.258748738,1.27,-1.937853371));
#4873=CIRCLE('',#4874,1.143);
#4874=AXIS2_PLACEMENT_3D('',#4875,#4876,#4877);
#4875=CARTESIAN_POINT('',(-9.133113477,1.27,-1.739373503));
#4876=DIRECTION('',(0.173648178,0.0,-0.984807753));
#4877=DIRECTION('',(0.0,-1.0,0.0));
#4878=ORIENTED_EDGE('',*,*,#4879,.T.);
#4879=EDGE_CURVE('',#4871,#4784,#4880,.T.);
#4880=LINE('',#4881,#4882);
#4881=CARTESIAN_POINT('',(-10.258748738,1.27,-1.937853371));
#4882=VECTOR('',#4883,1.0);
#4883=DIRECTION('',(0.0,1.0,0.0));
#4884=PLANE('',#4885);
#4885=AXIS2_PLACEMENT_3D('',#4886,#4887,#4888);
#4886=CARTESIAN_POINT('',(-6.631701784,0.0,-1.298307132));
#4887=DIRECTION('',(0.173648178,0.0,-0.984807753));
#4888=DIRECTION('',(-0.984807753,0.0,-0.173648178));
#4889=ADVANCED_FACE('',(#4890),#4909,.T.);
#4890=FACE_BOUND('',#4891,.T.);
#4891=EDGE_LOOP('',(#4892,#4901,#4907,#4908));
#4892=ORIENTED_EDGE('',*,*,#4893,.T.);
#4893=EDGE_CURVE('',#4871,#4894,#4896,.F.);
#4894=VERTEX_POINT('',#4895);
#4895=CARTESIAN_POINT('',(-10.302855375,1.27,-1.687712201));
#4896=CIRCLE('',#4897,0.127);
#4897=AXIS2_PLACEMENT_3D('',#4898,#4899,#4900);
#4898=CARTESIAN_POINT('',(-10.280802057,1.27,-1.812782786));
#4899=DIRECTION('',(0.0,-1.0,0.0));
#4900=DIRECTION('',(-0.173648178,0.0,0.984807753));
#4901=ORIENTED_EDGE('',*,*,#4902,.T.);
#4902=EDGE_CURVE('',#4894,#4786,#4903,.F.);
#4903=LINE('',#4904,#4905);
#4904=CARTESIAN_POINT('',(-10.302855375,8.6868,-1.687712201));
#4905=VECTOR('',#4906,1.0);
#4906=DIRECTION('',(0.0,-1.0,0.0));
#4907=ORIENTED_EDGE('',*,*,#4783,.F.);
#4908=ORIENTED_EDGE('',*,*,#4879,.F.);
#4909=CYLINDRICAL_SURFACE('',#4910,0.127);
#4910=AXIS2_PLACEMENT_3D('',#4911,#4912,#4913);
#4911=CARTESIAN_POINT('',(-10.280802057,8.717093534,-1.812782786));
#4912=DIRECTION('',(0.0,-1.0,0.0));
#4913=DIRECTION('',(-0.173648178,0.0,0.984807753));
#4914=ADVANCED_FACE('',(#4915),#4968,.T.);
#4915=FACE_BOUND('',#4916,.T.);
#4916=EDGE_LOOP('',(#4917,#4926,#4934,#4943,#4951,#4960,#4966,#4967));
#4917=ORIENTED_EDGE('',*,*,#4918,.T.);
#4918=EDGE_CURVE('',#4894,#4919,#4921,.T.);
#4919=VERTEX_POINT('',#4920);
#4920=CARTESIAN_POINT('',(-9.177220114,0.127,-1.489232334));
#4921=CIRCLE('',#4922,1.143);
#4922=AXIS2_PLACEMENT_3D('',#4923,#4924,#4925);
#4923=CARTESIAN_POINT('',(-9.177220114,1.27,-1.489232334));
#4924=DIRECTION('',(-0.173648178,0.0,0.984807753));
#4925=DIRECTION('',(-0.984807753,-1.079383496E-14,-0.173648178));
#4926=ORIENTED_EDGE('',*,*,#4927,.T.);
#4927=EDGE_CURVE('',#4919,#4928,#4930,.T.);
#4928=VERTEX_POINT('',#4929);
#4929=CARTESIAN_POINT('',(-7.926514267,0.127,-1.268699149));
#4930=LINE('',#4931,#4932);
#4931=CARTESIAN_POINT('',(-9.177220114,0.127,-1.489232334));
#4932=VECTOR('',#4933,1.0);
#4933=DIRECTION('',(0.984807753,0.0,0.173648178));
#4934=ORIENTED_EDGE('',*,*,#4935,.T.);
#4935=EDGE_CURVE('',#4928,#4936,#4938,.T.);
#4936=VERTEX_POINT('',#4937);
#4937=CARTESIAN_POINT('',(-6.800879006,1.27,-1.070219282));
#4938=CIRCLE('',#4939,1.143);
#4939=AXIS2_PLACEMENT_3D('',#4940,#4941,#4942);
#4940=CARTESIAN_POINT('',(-7.926514267,1.27,-1.268699149));
#4941=DIRECTION('',(-0.173648178,0.0,0.984807753));
#4942=DIRECTION('',(0.0,-1.0,0.0));
#4943=ORIENTED_EDGE('',*,*,#4944,.T.);
#4944=EDGE_CURVE('',#4936,#4945,#4947,.T.);
#4945=VERTEX_POINT('',#4946);
#4946=CARTESIAN_POINT('',(-6.800879006,8.6868,-1.070219282));
#4947=LINE('',#4948,#4949);
#4948=CARTESIAN_POINT('',(-6.800879006,1.27,-1.070219282));
#4949=VECTOR('',#4950,1.0);
#4950=DIRECTION('',(0.0,1.0,0.0));
#4951=ORIENTED_EDGE('',*,*,#4952,.T.);
#4952=EDGE_CURVE('',#4945,#4953,#4955,.T.);
#4953=VERTEX_POINT('',#4954);
#4954=CARTESIAN_POINT('',(-7.926514267,9.8298,-1.268699149));
#4955=CIRCLE('',#4956,1.143);
#4956=AXIS2_PLACEMENT_3D('',#4957,#4958,#4959);
#4957=CARTESIAN_POINT('',(-7.926514267,8.6868,-1.268699149));
#4958=DIRECTION('',(-0.173648178,0.0,0.984807753));
#4959=DIRECTION('',(0.984807753,0.0,0.173648178));
#4960=ORIENTED_EDGE('',*,*,#4961,.T.);
#4961=EDGE_CURVE('',#4953,#4795,#4962,.T.);
#4962=LINE('',#4963,#4964);
#4963=CARTESIAN_POINT('',(-7.926514267,9.8298,-1.268699149));
#4964=VECTOR('',#4965,1.0);
#4965=DIRECTION('',(-0.984807753,0.0,-0.173648178));
#4966=ORIENTED_EDGE('',*,*,#4794,.F.);
#4967=ORIENTED_EDGE('',*,*,#4902,.F.);
#4968=PLANE('',#4969);
#4969=AXIS2_PLACEMENT_3D('',#4970,#4971,#4972);
#4970=CARTESIAN_POINT('',(-10.42792596,0.0,-1.70976552));
#4971=DIRECTION('',(-0.173648178,0.0,0.984807753));
#4972=DIRECTION('',(0.984807753,0.0,0.173648178));
#4973=ADVANCED_FACE('',(#4974),#4986,.T.);
#4974=FACE_BOUND('',#4975,.T.);
#4975=EDGE_LOOP('',(#4976,#4977,#4978,#4985));
#4976=ORIENTED_EDGE('',*,*,#4803,.F.);
#4977=ORIENTED_EDGE('',*,*,#4961,.F.);
#4978=ORIENTED_EDGE('',*,*,#4979,.T.);
#4979=EDGE_CURVE('',#4953,#4829,#4980,.T.);
#4980=CIRCLE('',#4981,0.127);
#4981=AXIS2_PLACEMENT_3D('',#4982,#4983,#4984);
#4982=CARTESIAN_POINT('',(-7.904460949,9.8298,-1.393769733));
#4983=DIRECTION('',(-0.984807753,0.0,-0.173648178));
#4984=DIRECTION('',(-0.173648178,0.0,0.984807753));
#4985=ORIENTED_EDGE('',*,*,#4828,.F.);
#4986=CYLINDRICAL_SURFACE('',#4987,0.127);
#4987=AXIS2_PLACEMENT_3D('',#4988,#4989,#4990);
#4988=CARTESIAN_POINT('',(-7.887178911,9.8298,-1.390722444));
#4989=DIRECTION('',(-0.984807753,0.0,-0.173648178));
#4990=DIRECTION('',(-0.173648178,0.0,0.984807753));
#4991=ADVANCED_FACE('',(#4992),#5004,.T.);
#4992=FACE_BOUND('',#4993,.T.);
#4993=EDGE_LOOP('',(#4994,#4995,#4996,#5003));
#4994=ORIENTED_EDGE('',*,*,#4979,.F.);
#4995=ORIENTED_EDGE('',*,*,#4952,.F.);
#4996=ORIENTED_EDGE('',*,*,#4997,.T.);
#4997=EDGE_CURVE('',#4945,#4837,#4998,.T.);
#4998=CIRCLE('',#4999,0.127);
#4999=AXIS2_PLACEMENT_3D('',#5000,#5001,#5002);
#5000=CARTESIAN_POINT('',(-6.778825687,8.6868,-1.195289866));
#5001=DIRECTION('',(0.0,1.0,0.0));
#5002=DIRECTION('',(-0.173648178,0.0,0.984807753));
#5003=ORIENTED_EDGE('',*,*,#4836,.F.);
#5004=TOROIDAL_SURFACE('',#5005,1.143,0.127);
#5005=AXIS2_PLACEMENT_3D('',#5006,#5007,#5008);
#5006=CARTESIAN_POINT('',(-7.904460949,8.6868,-1.393769733));
#5007=DIRECTION('',(0.173648178,0.0,-0.984807753));
#5008=DIRECTION('',(0.984556829,-0.022572657,0.173603933));
#5009=ADVANCED_FACE('',(#5010),#5022,.T.);
#5010=FACE_BOUND('',#5011,.T.);
#5011=EDGE_LOOP('',(#5012,#5013,#5014,#5021));
#5012=ORIENTED_EDGE('',*,*,#4997,.F.);
#5013=ORIENTED_EDGE('',*,*,#4944,.F.);
#5014=ORIENTED_EDGE('',*,*,#5015,.T.);
#5015=EDGE_CURVE('',#4936,#4846,#5016,.T.);
#5016=CIRCLE('',#5017,0.127);
#5017=AXIS2_PLACEMENT_3D('',#5018,#5019,#5020);
#5018=CARTESIAN_POINT('',(-6.778825687,1.27,-1.195289866));
#5019=DIRECTION('',(0.0,1.0,0.0));
#5020=DIRECTION('',(-0.173648178,0.0,0.984807753));
#5021=ORIENTED_EDGE('',*,*,#4845,.F.);
#5022=CYLINDRICAL_SURFACE('',#5023,0.127);
#5023=AXIS2_PLACEMENT_3D('',#5024,#5025,#5026);
#5024=CARTESIAN_POINT('',(-6.778825687,1.252451359,-1.195289866));
#5025=DIRECTION('',(0.0,1.0,0.0));
#5026=DIRECTION('',(-0.173648178,0.0,0.984807753));
#5027=ADVANCED_FACE('',(#5028),#5040,.T.);
#5028=FACE_BOUND('',#5029,.T.);
#5029=EDGE_LOOP('',(#5030,#5031,#5032,#5039));
#5030=ORIENTED_EDGE('',*,*,#5015,.F.);
#5031=ORIENTED_EDGE('',*,*,#4935,.F.);
#5032=ORIENTED_EDGE('',*,*,#5033,.T.);
#5033=EDGE_CURVE('',#4928,#4854,#5034,.T.);
#5034=CIRCLE('',#5035,0.127);
#5035=AXIS2_PLACEMENT_3D('',#5036,#5037,#5038);
#5036=CARTESIAN_POINT('',(-7.904460949,0.127,-1.393769733));
#5037=DIRECTION('',(0.984807753,0.0,0.173648178));
#5038=DIRECTION('',(-0.173648178,0.0,0.984807753));
#5039=ORIENTED_EDGE('',*,*,#4853,.F.);
#5040=TOROIDAL_SURFACE('',#5041,1.143,0.127);
#5041=AXIS2_PLACEMENT_3D('',#5042,#5043,#5044);
#5042=CARTESIAN_POINT('',(-7.904460949,1.27,-1.393769733));
#5043=DIRECTION('',(-0.173648178,0.0,0.984807753));
#5044=DIRECTION('',(-0.015649285,-0.999873735,-0.002759391));
#5045=ADVANCED_FACE('',(#5046),#5058,.T.);
#5046=FACE_BOUND('',#5047,.T.);
#5047=EDGE_LOOP('',(#5048,#5049,#5050,#5057));
#5048=ORIENTED_EDGE('',*,*,#5033,.F.);
#5049=ORIENTED_EDGE('',*,*,#4927,.F.);
#5050=ORIENTED_EDGE('',*,*,#5051,.T.);
#5051=EDGE_CURVE('',#4919,#4863,#5052,.T.);
#5052=CIRCLE('',#5053,0.127);
#5053=AXIS2_PLACEMENT_3D('',#5054,#5055,#5056);
#5054=CARTESIAN_POINT('',(-9.155166795,0.127,-1.614302919));
#5055=DIRECTION('',(0.984807753,0.0,0.173648178));
#5056=DIRECTION('',(-0.173648178,0.0,0.984807753));
#5057=ORIENTED_EDGE('',*,*,#4862,.F.);
#5058=CYLINDRICAL_SURFACE('',#5059,0.127);
#5059=AXIS2_PLACEMENT_3D('',#5060,#5061,#5062);
#5060=CARTESIAN_POINT('',(-9.185000102,0.127,-1.619563336));
#5061=DIRECTION('',(0.984807753,0.0,0.173648178));
#5062=DIRECTION('',(-0.173648178,0.0,0.984807753));
#5063=ADVANCED_FACE('',(#5064),#5070,.T.);
#5064=FACE_BOUND('',#5065,.T.);
#5065=EDGE_LOOP('',(#5066,#5067,#5068,#5069));
#5066=ORIENTED_EDGE('',*,*,#5051,.F.);
#5067=ORIENTED_EDGE('',*,*,#4918,.F.);
#5068=ORIENTED_EDGE('',*,*,#4893,.F.);
#5069=ORIENTED_EDGE('',*,*,#4870,.F.);
#5070=TOROIDAL_SURFACE('',#5071,1.143,0.127);
#5071=AXIS2_PLACEMENT_3D('',#5072,#5073,#5074);
#5072=CARTESIAN_POINT('',(-9.155166795,1.27,-1.614302919));
#5073=DIRECTION('',(0.173648178,0.0,-0.984807753));
#5074=DIRECTION('',(-0.984556829,0.022572657,-0.173603933));
#5075=MANIFOLD_SOLID_BREP('',#5076);
#5076=CLOSED_SHELL('',(#5077,#5121,#5187,#5212,#5271,#5289,#5307,#5325,#5343,#5361));
#5077=ADVANCED_FACE('',(#5078),#5116,.T.);
#5078=FACE_BOUND('',#5079,.T.);
#5079=EDGE_LOOP('',(#5080,#5091,#5100,#5109));
#5080=ORIENTED_EDGE('',*,*,#5081,.T.);
#5081=EDGE_CURVE('',#5082,#5084,#5086,.T.);
#5082=VERTEX_POINT('',#5083);
#5083=CARTESIAN_POINT('',(-10.388606152,8.6868,-1.036370387));
#5084=VERTEX_POINT('',#5085);
#5085=CARTESIAN_POINT('',(-10.410743711,8.6868,-0.783336934));
#5086=CIRCLE('',#5087,0.127);
#5087=AXIS2_PLACEMENT_3D('',#5088,#5089,#5090);
#5088=CARTESIAN_POINT('',(-10.399674931,8.6868,-0.909853661));
#5089=DIRECTION('',(0.0,1.0,0.0));
#5090=DIRECTION('',(0.087155743,0.0,-0.996194698));
#5091=ORIENTED_EDGE('',*,*,#5092,.T.);
#5092=EDGE_CURVE('',#5084,#5093,#5095,.F.);
#5093=VERTEX_POINT('',#5094);
#5094=CARTESIAN_POINT('',(-9.272093171,9.8298,-0.68371792));
#5095=CIRCLE('',#5096,1.143);
#5096=AXIS2_PLACEMENT_3D('',#5097,#5098,#5099);
#5097=CARTESIAN_POINT('',(-9.272093171,8.6868,-0.68371792));
#5098=DIRECTION('',(-0.087155743,0.0,0.996194698));
#5099=DIRECTION('',(0.0,1.0,0.0));
#5100=ORIENTED_EDGE('',*,*,#5101,.T.);
#5101=EDGE_CURVE('',#5093,#5102,#5104,.T.);
#5102=VERTEX_POINT('',#5103);
#5103=CARTESIAN_POINT('',(-9.249955612,9.8298,-0.936751374));
#5104=CIRCLE('',#5105,0.127);
#5105=AXIS2_PLACEMENT_3D('',#5106,#5107,#5108);
#5106=CARTESIAN_POINT('',(-9.261024391,9.8298,-0.810234647));
#5107=DIRECTION('',(-0.996194698,0.0,-0.087155743));
#5108=DIRECTION('',(-0.087155743,0.0,0.996194698));
#5109=ORIENTED_EDGE('',*,*,#5110,.T.);
#5110=EDGE_CURVE('',#5102,#5082,#5111,.F.);
#5111=CIRCLE('',#5112,1.143);
#5112=AXIS2_PLACEMENT_3D('',#5113,#5114,#5115);
#5113=CARTESIAN_POINT('',(-9.249955612,8.6868,-0.936751374));
#5114=DIRECTION('',(0.087155743,0.0,-0.996194698));
#5115=DIRECTION('',(-0.996194698,-1.727013594E-14,-0.087155743));
#5116=TOROIDAL_SURFACE('',#5117,1.143,0.127);
#5117=AXIS2_PLACEMENT_3D('',#5118,#5119,#5120);
#5118=CARTESIAN_POINT('',(-9.261024391,8.6868,-0.810234647));
#5119=DIRECTION('',(-0.087155743,0.0,0.996194698));
#5120=DIRECTION('',(0.015830232,0.999873735,0.001384966));
#5121=ADVANCED_FACE('',(#5122),#5182,.T.);
#5122=FACE_BOUND('',#5123,.T.);
#5123=EDGE_LOOP('',(#5124,#5125,#5133,#5142,#5150,#5159,#5167,#5176));
#5124=ORIENTED_EDGE('',*,*,#5110,.F.);
#5125=ORIENTED_EDGE('',*,*,#5126,.T.);
#5126=EDGE_CURVE('',#5102,#5127,#5129,.T.);
#5127=VERTEX_POINT('',#5128);
#5128=CARTESIAN_POINT('',(-7.984788345,9.8298,-0.82606358));
#5129=LINE('',#5130,#5131);
#5130=CARTESIAN_POINT('',(-9.249955612,9.8298,-0.936751374));
#5131=VECTOR('',#5132,1.0);
#5132=DIRECTION('',(0.996194698,0.0,0.087155743));
#5133=ORIENTED_EDGE('',*,*,#5134,.T.);
#5134=EDGE_CURVE('',#5127,#5135,#5137,.T.);
#5135=VERTEX_POINT('',#5136);
#5136=CARTESIAN_POINT('',(-6.846137806,8.6868,-0.726444566));
#5137=CIRCLE('',#5138,1.143);
#5138=AXIS2_PLACEMENT_3D('',#5139,#5140,#5141);
#5139=CARTESIAN_POINT('',(-7.984788345,8.6868,-0.82606358));
#5140=DIRECTION('',(0.087155743,0.0,-0.996194698));
#5141=DIRECTION('',(0.0,1.0,0.0));
#5142=ORIENTED_EDGE('',*,*,#5143,.T.);
#5143=EDGE_CURVE('',#5135,#5144,#5146,.T.);
#5144=VERTEX_POINT('',#5145);
#5145=CARTESIAN_POINT('',(-6.846137806,1.27,-0.726444566));
#5146=LINE('',#5147,#5148);
#5147=CARTESIAN_POINT('',(-6.846137806,8.6868,-0.726444566));
#5148=VECTOR('',#5149,1.0);
#5149=DIRECTION('',(0.0,-1.0,0.0));
#5150=ORIENTED_EDGE('',*,*,#5151,.T.);
#5151=EDGE_CURVE('',#5144,#5152,#5154,.T.);
#5152=VERTEX_POINT('',#5153);
#5153=CARTESIAN_POINT('',(-7.984788345,0.127,-0.82606358));
#5154=CIRCLE('',#5155,1.143);
#5155=AXIS2_PLACEMENT_3D('',#5156,#5157,#5158);
#5156=CARTESIAN_POINT('',(-7.984788345,1.27,-0.82606358));
#5157=DIRECTION('',(0.087155743,0.0,-0.996194698));
#5158=DIRECTION('',(0.996194698,0.0,0.087155743));
#5159=ORIENTED_EDGE('',*,*,#5160,.T.);
#5160=EDGE_CURVE('',#5152,#5161,#5163,.T.);
#5161=VERTEX_POINT('',#5162);
#5162=CARTESIAN_POINT('',(-9.249955612,0.127,-0.936751374));
#5163=LINE('',#5164,#5165);
#5164=CARTESIAN_POINT('',(-7.984788345,0.127,-0.82606358));
#5165=VECTOR('',#5166,1.0);
#5166=DIRECTION('',(-0.996194698,0.0,-0.087155743));
#5167=ORIENTED_EDGE('',*,*,#5168,.T.);
#5168=EDGE_CURVE('',#5161,#5169,#5171,.T.);
#5169=VERTEX_POINT('',#5170);
#5170=CARTESIAN_POINT('',(-10.388606152,1.27,-1.036370387));
#5171=CIRCLE('',#5172,1.143);
#5172=AXIS2_PLACEMENT_3D('',#5173,#5174,#5175);
#5173=CARTESIAN_POINT('',(-9.249955612,1.27,-0.936751374));
#5174=DIRECTION('',(0.087155743,0.0,-0.996194698));
#5175=DIRECTION('',(0.0,-1.0,0.0));
#5176=ORIENTED_EDGE('',*,*,#5177,.T.);
#5177=EDGE_CURVE('',#5169,#5082,#5178,.T.);
#5178=LINE('',#5179,#5180);
#5179=CARTESIAN_POINT('',(-10.388606152,1.27,-1.036370387));
#5180=VECTOR('',#5181,1.0);
#5181=DIRECTION('',(0.0,1.0,0.0));
#5182=PLANE('',#5183);
#5183=AXIS2_PLACEMENT_3D('',#5184,#5185,#5186);
#5184=CARTESIAN_POINT('',(-6.719621079,0.0,-0.715375787));
#5185=DIRECTION('',(0.087155743,0.0,-0.996194698));
#5186=DIRECTION('',(-0.996194698,0.0,-0.087155743));
#5187=ADVANCED_FACE('',(#5188),#5207,.T.);
#5188=FACE_BOUND('',#5189,.T.);
#5189=EDGE_LOOP('',(#5190,#5199,#5205,#5206));
#5190=ORIENTED_EDGE('',*,*,#5191,.T.);
#5191=EDGE_CURVE('',#5169,#5192,#5194,.F.);
#5192=VERTEX_POINT('',#5193);
#5193=CARTESIAN_POINT('',(-10.410743711,1.27,-0.783336934));
#5194=CIRCLE('',#5195,0.127);
#5195=AXIS2_PLACEMENT_3D('',#5196,#5197,#5198);
#5196=CARTESIAN_POINT('',(-10.399674931,1.27,-0.909853661));
#5197=DIRECTION('',(0.0,-1.0,0.0));
#5198=DIRECTION('',(-0.087155743,0.0,0.996194698));
#5199=ORIENTED_EDGE('',*,*,#5200,.T.);
#5200=EDGE_CURVE('',#5192,#5084,#5201,.F.);
#5201=LINE('',#5202,#5203);
#5202=CARTESIAN_POINT('',(-10.410743711,8.6868,-0.783336934));
#5203=VECTOR('',#5204,1.0);
#5204=DIRECTION('',(0.0,-1.0,0.0));
#5205=ORIENTED_EDGE('',*,*,#5081,.F.);
#5206=ORIENTED_EDGE('',*,*,#5177,.F.);
#5207=CYLINDRICAL_SURFACE('',#5208,0.127);
#5208=AXIS2_PLACEMENT_3D('',#5209,#5210,#5211);
#5209=CARTESIAN_POINT('',(-10.399674931,8.717093534,-0.909853661));
#5210=DIRECTION('',(0.0,-1.0,0.0));
#5211=DIRECTION('',(-0.087155743,0.0,0.996194698));
#5212=ADVANCED_FACE('',(#5213),#5266,.T.);
#5213=FACE_BOUND('',#5214,.T.);
#5214=EDGE_LOOP('',(#5215,#5224,#5232,#5241,#5249,#5258,#5264,#5265));
#5215=ORIENTED_EDGE('',*,*,#5216,.T.);
#5216=EDGE_CURVE('',#5192,#5217,#5219,.T.);
#5217=VERTEX_POINT('',#5218);
#5218=CARTESIAN_POINT('',(-9.272093171,0.127,-0.68371792));
#5219=CIRCLE('',#5220,1.143);
#5220=AXIS2_PLACEMENT_3D('',#5221,#5222,#5223);
#5221=CARTESIAN_POINT('',(-9.272093171,1.27,-0.68371792));
#5222=DIRECTION('',(-0.087155743,0.0,0.996194698));
#5223=DIRECTION('',(-0.996194698,0.0,-0.087155743));
#5224=ORIENTED_EDGE('',*,*,#5225,.T.);
#5225=EDGE_CURVE('',#5217,#5226,#5228,.T.);
#5226=VERTEX_POINT('',#5227);
#5227=CARTESIAN_POINT('',(-8.006925904,0.127,-0.573030127));
#5228=LINE('',#5229,#5230);
#5229=CARTESIAN_POINT('',(-9.272093171,0.127,-0.68371792));
#5230=VECTOR('',#5231,1.0);
#5231=DIRECTION('',(0.996194698,0.0,0.087155743));
#5232=ORIENTED_EDGE('',*,*,#5233,.T.);
#5233=EDGE_CURVE('',#5226,#5234,#5236,.T.);
#5234=VERTEX_POINT('',#5235);
#5235=CARTESIAN_POINT('',(-6.868275364,1.27,-0.473411113));
#5236=CIRCLE('',#5237,1.143);
#5237=AXIS2_PLACEMENT_3D('',#5238,#5239,#5240);
#5238=CARTESIAN_POINT('',(-8.006925904,1.27,-0.573030127));
#5239=DIRECTION('',(-0.087155743,0.0,0.996194698));
#5240=DIRECTION('',(0.0,-1.0,0.0));
#5241=ORIENTED_EDGE('',*,*,#5242,.T.);
#5242=EDGE_CURVE('',#5234,#5243,#5245,.T.);
#5243=VERTEX_POINT('',#5244);
#5244=CARTESIAN_POINT('',(-6.868275364,8.6868,-0.473411113));
#5245=LINE('',#5246,#5247);
#5246=CARTESIAN_POINT('',(-6.868275364,1.27,-0.473411113));
#5247=VECTOR('',#5248,1.0);
#5248=DIRECTION('',(0.0,1.0,0.0));
#5249=ORIENTED_EDGE('',*,*,#5250,.T.);
#5250=EDGE_CURVE('',#5243,#5251,#5253,.T.);
#5251=VERTEX_POINT('',#5252);
#5252=CARTESIAN_POINT('',(-8.006925904,9.8298,-0.573030127));
#5253=CIRCLE('',#5254,1.143);
#5254=AXIS2_PLACEMENT_3D('',#5255,#5256,#5257);
#5255=CARTESIAN_POINT('',(-8.006925904,8.6868,-0.573030127));
#5256=DIRECTION('',(-0.087155743,0.0,0.996194698));
#5257=DIRECTION('',(0.996194698,0.0,0.087155743));
#5258=ORIENTED_EDGE('',*,*,#5259,.T.);
#5259=EDGE_CURVE('',#5251,#5093,#5260,.T.);
#5260=LINE('',#5261,#5262);
#5261=CARTESIAN_POINT('',(-8.006925904,9.8298,-0.573030127));
#5262=VECTOR('',#5263,1.0);
#5263=DIRECTION('',(-0.996194698,0.0,-0.087155743));
#5264=ORIENTED_EDGE('',*,*,#5092,.F.);
#5265=ORIENTED_EDGE('',*,*,#5200,.F.);
#5266=PLANE('',#5267);
#5267=AXIS2_PLACEMENT_3D('',#5268,#5269,#5270);
#5268=CARTESIAN_POINT('',(-10.537260437,0.0,-0.794405714));
#5269=DIRECTION('',(-0.087155743,0.0,0.996194698));
#5270=DIRECTION('',(0.996194698,0.0,0.087155743));
#5271=ADVANCED_FACE('',(#5272),#5284,.T.);
#5272=FACE_BOUND('',#5273,.T.);
#5273=EDGE_LOOP('',(#5274,#5275,#5276,#5283));
#5274=ORIENTED_EDGE('',*,*,#5101,.F.);
#5275=ORIENTED_EDGE('',*,*,#5259,.F.);
#5276=ORIENTED_EDGE('',*,*,#5277,.T.);
#5277=EDGE_CURVE('',#5251,#5127,#5278,.T.);
#5278=CIRCLE('',#5279,0.127);
#5279=AXIS2_PLACEMENT_3D('',#5280,#5281,#5282);
#5280=CARTESIAN_POINT('',(-7.995857125,9.8298,-0.699546854));
#5281=DIRECTION('',(-0.996194698,0.0,-0.087155743));
#5282=DIRECTION('',(-0.087155743,0.0,0.996194698));
#5283=ORIENTED_EDGE('',*,*,#5126,.F.);
#5284=CYLINDRICAL_SURFACE('',#5285,0.127);
#5285=AXIS2_PLACEMENT_3D('',#5286,#5287,#5288);
#5286=CARTESIAN_POINT('',(-7.978375262,9.8298,-0.698017389));
#5287=DIRECTION('',(-0.996194698,0.0,-0.087155743));
#5288=DIRECTION('',(-0.087155743,0.0,0.996194698));
#5289=ADVANCED_FACE('',(#5290),#5302,.T.);
#5290=FACE_BOUND('',#5291,.T.);
#5291=EDGE_LOOP('',(#5292,#5293,#5294,#5301));
#5292=ORIENTED_EDGE('',*,*,#5277,.F.);
#5293=ORIENTED_EDGE('',*,*,#5250,.F.);
#5294=ORIENTED_EDGE('',*,*,#5295,.T.);
#5295=EDGE_CURVE('',#5243,#5135,#5296,.T.);
#5296=CIRCLE('',#5297,0.127);
#5297=AXIS2_PLACEMENT_3D('',#5298,#5299,#5300);
#5298=CARTESIAN_POINT('',(-6.857206585,8.6868,-0.59992784));
#5299=DIRECTION('',(0.0,1.0,0.0));
#5300=DIRECTION('',(-0.087155743,0.0,0.996194698));
#5301=ORIENTED_EDGE('',*,*,#5134,.F.);
#5302=TOROIDAL_SURFACE('',#5303,1.143,0.127);
#5303=AXIS2_PLACEMENT_3D('',#5304,#5305,#5306);
#5304=CARTESIAN_POINT('',(-7.995857125,8.6868,-0.699546854));
#5305=DIRECTION('',(0.087155743,0.0,-0.996194698));
#5306=DIRECTION('',(0.995940873,-0.022572657,0.087133536));
#5307=ADVANCED_FACE('',(#5308),#5320,.T.);
#5308=FACE_BOUND('',#5309,.T.);
#5309=EDGE_LOOP('',(#5310,#5311,#5312,#5319));
#5310=ORIENTED_EDGE('',*,*,#5295,.F.);
#5311=ORIENTED_EDGE('',*,*,#5242,.F.);
#5312=ORIENTED_EDGE('',*,*,#5313,.T.);
#5313=EDGE_CURVE('',#5234,#5144,#5314,.T.);
#5314=CIRCLE('',#5315,0.127);
#5315=AXIS2_PLACEMENT_3D('',#5316,#5317,#5318);
#5316=CARTESIAN_POINT('',(-6.857206585,1.27,-0.59992784));
#5317=DIRECTION('',(0.0,1.0,0.0));
#5318=DIRECTION('',(-0.087155743,0.0,0.996194698));
#5319=ORIENTED_EDGE('',*,*,#5143,.F.);
#5320=CYLINDRICAL_SURFACE('',#5321,0.127);
#5321=AXIS2_PLACEMENT_3D('',#5322,#5323,#5324);
#5322=CARTESIAN_POINT('',(-6.857206585,1.252451359,-0.59992784));
#5323=DIRECTION('',(0.0,1.0,0.0));
#5324=DIRECTION('',(-0.087155743,0.0,0.996194698));
#5325=ADVANCED_FACE('',(#5326),#5338,.T.);
#5326=FACE_BOUND('',#5327,.T.);
#5327=EDGE_LOOP('',(#5328,#5329,#5330,#5337));
#5328=ORIENTED_EDGE('',*,*,#5313,.F.);
#5329=ORIENTED_EDGE('',*,*,#5233,.F.);
#5330=ORIENTED_EDGE('',*,*,#5331,.T.);
#5331=EDGE_CURVE('',#5226,#5152,#5332,.T.);
#5332=CIRCLE('',#5333,0.127);
#5333=AXIS2_PLACEMENT_3D('',#5334,#5335,#5336);
#5334=CARTESIAN_POINT('',(-7.995857125,0.127,-0.699546854));
#5335=DIRECTION('',(0.996194698,0.0,0.087155743));
#5336=DIRECTION('',(-0.087155743,0.0,0.996194698));
#5337=ORIENTED_EDGE('',*,*,#5151,.F.);
#5338=TOROIDAL_SURFACE('',#5339,1.143,0.127);
#5339=AXIS2_PLACEMENT_3D('',#5340,#5341,#5342);
#5340=CARTESIAN_POINT('',(-7.995857125,1.27,-0.699546854));
#5341=DIRECTION('',(-0.087155743,0.0,0.996194698));
#5342=DIRECTION('',(-0.015830232,-0.999873735,-0.001384966));
#5343=ADVANCED_FACE('',(#5344),#5356,.T.);
#5344=FACE_BOUND('',#5345,.T.);
#5345=EDGE_LOOP('',(#5346,#5347,#5348,#5355));
#5346=ORIENTED_EDGE('',*,*,#5331,.F.);
#5347=ORIENTED_EDGE('',*,*,#5225,.F.);
#5348=ORIENTED_EDGE('',*,*,#5349,.T.);
#5349=EDGE_CURVE('',#5217,#5161,#5350,.T.);
#5350=CIRCLE('',#5351,0.127);
#5351=AXIS2_PLACEMENT_3D('',#5352,#5353,#5354);
#5352=CARTESIAN_POINT('',(-9.261024391,0.127,-0.810234647));
#5353=DIRECTION('',(0.996194698,0.0,0.087155743));
#5354=DIRECTION('',(-0.087155743,0.0,0.996194698));
#5355=ORIENTED_EDGE('',*,*,#5160,.F.);
#5356=CYLINDRICAL_SURFACE('',#5357,0.127);
#5357=AXIS2_PLACEMENT_3D('',#5358,#5359,#5360);
#5358=CARTESIAN_POINT('',(-9.291202649,0.127,-0.812874902));
#5359=DIRECTION('',(0.996194698,0.0,0.087155743));
#5360=DIRECTION('',(-0.087155743,0.0,0.996194698));
#5361=ADVANCED_FACE('',(#5362),#5368,.T.);
#5362=FACE_BOUND('',#5363,.T.);
#5363=EDGE_LOOP('',(#5364,#5365,#5366,#5367));
#5364=ORIENTED_EDGE('',*,*,#5349,.F.);
#5365=ORIENTED_EDGE('',*,*,#5216,.F.);
#5366=ORIENTED_EDGE('',*,*,#5191,.F.);
#5367=ORIENTED_EDGE('',*,*,#5168,.F.);
#5368=TOROIDAL_SURFACE('',#5369,1.143,0.127);
#5369=AXIS2_PLACEMENT_3D('',#5370,#5371,#5372);
#5370=CARTESIAN_POINT('',(-9.261024391,1.27,-0.810234647));
#5371=DIRECTION('',(0.087155743,0.0,-0.996194698));
#5372=DIRECTION('',(-0.995940873,0.022572657,-0.087133536));
#5373=MANIFOLD_SOLID_BREP('',#5374);
#5374=CLOSED_SHELL('',(#5375,#5419,#5485,#5510,#5569,#5587,#5605,#5623,#5641,#5659));
#5375=ADVANCED_FACE('',(#5376),#5414,.T.);
#5376=FACE_BOUND('',#5377,.T.);
#5377=EDGE_LOOP('',(#5378,#5389,#5398,#5407));
#5378=ORIENTED_EDGE('',*,*,#5379,.T.);
#5379=EDGE_CURVE('',#5380,#5382,#5384,.T.);
#5380=VERTEX_POINT('',#5381);
#5381=CARTESIAN_POINT('',(-10.4394,8.6868,-0.127));
#5382=VERTEX_POINT('',#5383);
#5383=CARTESIAN_POINT('',(-10.4394,8.6868,0.127));
#5384=CIRCLE('',#5385,0.127);
#5385=AXIS2_PLACEMENT_3D('',#5386,#5387,#5388);
#5386=CARTESIAN_POINT('',(-10.4394,8.6868,0.0));
#5387=DIRECTION('',(0.0,1.0,0.0));
#5388=DIRECTION('',(0.0,0.0,-1.0));
#5389=ORIENTED_EDGE('',*,*,#5390,.T.);
#5390=EDGE_CURVE('',#5382,#5391,#5393,.F.);
#5391=VERTEX_POINT('',#5392);
#5392=CARTESIAN_POINT('',(-9.2964,9.8298,0.127));
#5393=CIRCLE('',#5394,1.143);
#5394=AXIS2_PLACEMENT_3D('',#5395,#5396,#5397);
#5395=CARTESIAN_POINT('',(-9.2964,8.6868,0.127));
#5396=DIRECTION('',(0.0,0.0,1.0));
#5397=DIRECTION('',(0.0,1.0,0.0));
#5398=ORIENTED_EDGE('',*,*,#5399,.T.);
#5399=EDGE_CURVE('',#5391,#5400,#5402,.T.);
#5400=VERTEX_POINT('',#5401);
#5401=CARTESIAN_POINT('',(-9.2964,9.8298,-0.127));
#5402=CIRCLE('',#5403,0.127);
#5403=AXIS2_PLACEMENT_3D('',#5404,#5405,#5406);
#5404=CARTESIAN_POINT('',(-9.2964,9.8298,0.0));
#5405=DIRECTION('',(-1.0,0.0,0.0));
#5406=DIRECTION('',(0.0,0.0,1.0));
#5407=ORIENTED_EDGE('',*,*,#5408,.T.);
#5408=EDGE_CURVE('',#5400,#5380,#5409,.F.);
#5409=CIRCLE('',#5410,1.143);
#5410=AXIS2_PLACEMENT_3D('',#5411,#5412,#5413);
#5411=CARTESIAN_POINT('',(-9.2964,8.6868,-0.127));
#5412=DIRECTION('',(0.0,0.0,-1.0));
#5413=DIRECTION('',(-1.0,0.0,0.0));
#5414=TOROIDAL_SURFACE('',#5415,1.143,0.127);
#5415=AXIS2_PLACEMENT_3D('',#5416,#5417,#5418);
#5416=CARTESIAN_POINT('',(-9.2964,8.6868,0.0));
#5417=DIRECTION('',(0.0,0.0,1.0));
#5418=DIRECTION('',(0.015890701,0.999873735,0.0));
#5419=ADVANCED_FACE('',(#5420),#5480,.T.);
#5420=FACE_BOUND('',#5421,.T.);
#5421=EDGE_LOOP('',(#5422,#5423,#5431,#5440,#5448,#5457,#5465,#5474));
#5422=ORIENTED_EDGE('',*,*,#5408,.F.);
#5423=ORIENTED_EDGE('',*,*,#5424,.T.);
#5424=EDGE_CURVE('',#5400,#5425,#5427,.T.);
#5425=VERTEX_POINT('',#5426);
#5426=CARTESIAN_POINT('',(-8.0264,9.8298,-0.127));
#5427=LINE('',#5428,#5429);
#5428=CARTESIAN_POINT('',(-9.2964,9.8298,-0.127));
#5429=VECTOR('',#5430,1.0);
#5430=DIRECTION('',(1.0,0.0,0.0));
#5431=ORIENTED_EDGE('',*,*,#5432,.T.);
#5432=EDGE_CURVE('',#5425,#5433,#5435,.T.);
#5433=VERTEX_POINT('',#5434);
#5434=CARTESIAN_POINT('',(-6.8834,8.6868,-0.127));
#5435=CIRCLE('',#5436,1.143);
#5436=AXIS2_PLACEMENT_3D('',#5437,#5438,#5439);
#5437=CARTESIAN_POINT('',(-8.0264,8.6868,-0.127));
#5438=DIRECTION('',(0.0,0.0,-1.0));
#5439=DIRECTION('',(0.0,1.0,0.0));
#5440=ORIENTED_EDGE('',*,*,#5441,.T.);
#5441=EDGE_CURVE('',#5433,#5442,#5444,.T.);
#5442=VERTEX_POINT('',#5443);
#5443=CARTESIAN_POINT('',(-6.8834,1.27,-0.127));
#5444=LINE('',#5445,#5446);
#5445=CARTESIAN_POINT('',(-6.8834,8.6868,-0.127));
#5446=VECTOR('',#5447,1.0);
#5447=DIRECTION('',(0.0,-1.0,0.0));
#5448=ORIENTED_EDGE('',*,*,#5449,.T.);
#5449=EDGE_CURVE('',#5442,#5450,#5452,.T.);
#5450=VERTEX_POINT('',#5451);
#5451=CARTESIAN_POINT('',(-8.0264,0.127,-0.127));
#5452=CIRCLE('',#5453,1.143);
#5453=AXIS2_PLACEMENT_3D('',#5454,#5455,#5456);
#5454=CARTESIAN_POINT('',(-8.0264,1.27,-0.127));
#5455=DIRECTION('',(0.0,0.0,-1.0));
#5456=DIRECTION('',(1.0,0.0,0.0));
#5457=ORIENTED_EDGE('',*,*,#5458,.T.);
#5458=EDGE_CURVE('',#5450,#5459,#5461,.T.);
#5459=VERTEX_POINT('',#5460);
#5460=CARTESIAN_POINT('',(-9.2964,0.127,-0.127));
#5461=LINE('',#5462,#5463);
#5462=CARTESIAN_POINT('',(-8.0264,0.127,-0.127));
#5463=VECTOR('',#5464,1.0);
#5464=DIRECTION('',(-1.0,0.0,0.0));
#5465=ORIENTED_EDGE('',*,*,#5466,.T.);
#5466=EDGE_CURVE('',#5459,#5467,#5469,.T.);
#5467=VERTEX_POINT('',#5468);
#5468=CARTESIAN_POINT('',(-10.4394,1.27,-0.127));
#5469=CIRCLE('',#5470,1.143);
#5470=AXIS2_PLACEMENT_3D('',#5471,#5472,#5473);
#5471=CARTESIAN_POINT('',(-9.2964,1.27,-0.127));
#5472=DIRECTION('',(0.0,0.0,-1.0));
#5473=DIRECTION('',(0.0,-1.0,0.0));
#5474=ORIENTED_EDGE('',*,*,#5475,.T.);
#5475=EDGE_CURVE('',#5467,#5380,#5476,.T.);
#5476=LINE('',#5477,#5478);
#5477=CARTESIAN_POINT('',(-10.4394,1.27,-0.127));
#5478=VECTOR('',#5479,1.0);
#5479=DIRECTION('',(0.0,1.0,0.0));
#5480=PLANE('',#5481);
#5481=AXIS2_PLACEMENT_3D('',#5482,#5483,#5484);
#5482=CARTESIAN_POINT('',(-6.7564,0.0,-0.127));
#5483=DIRECTION('',(0.0,0.0,-1.0));
#5484=DIRECTION('',(-1.0,0.0,0.0));
#5485=ADVANCED_FACE('',(#5486),#5505,.T.);
#5486=FACE_BOUND('',#5487,.T.);
#5487=EDGE_LOOP('',(#5488,#5497,#5503,#5504));
#5488=ORIENTED_EDGE('',*,*,#5489,.T.);
#5489=EDGE_CURVE('',#5467,#5490,#5492,.F.);
#5490=VERTEX_POINT('',#5491);
#5491=CARTESIAN_POINT('',(-10.4394,1.27,0.127));
#5492=CIRCLE('',#5493,0.127);
#5493=AXIS2_PLACEMENT_3D('',#5494,#5495,#5496);
#5494=CARTESIAN_POINT('',(-10.4394,1.27,0.0));
#5495=DIRECTION('',(0.0,-1.0,0.0));
#5496=DIRECTION('',(0.0,0.0,1.0));
#5497=ORIENTED_EDGE('',*,*,#5498,.T.);
#5498=EDGE_CURVE('',#5490,#5382,#5499,.F.);
#5499=LINE('',#5500,#5501);
#5500=CARTESIAN_POINT('',(-10.4394,8.6868,0.127));
#5501=VECTOR('',#5502,1.0);
#5502=DIRECTION('',(0.0,-1.0,0.0));
#5503=ORIENTED_EDGE('',*,*,#5379,.F.);
#5504=ORIENTED_EDGE('',*,*,#5475,.F.);
#5505=CYLINDRICAL_SURFACE('',#5506,0.127);
#5506=AXIS2_PLACEMENT_3D('',#5507,#5508,#5509);
#5507=CARTESIAN_POINT('',(-10.4394,8.717093534,0.0));
#5508=DIRECTION('',(0.0,-1.0,0.0));
#5509=DIRECTION('',(0.0,0.0,1.0));
#5510=ADVANCED_FACE('',(#5511),#5564,.T.);
#5511=FACE_BOUND('',#5512,.T.);
#5512=EDGE_LOOP('',(#5513,#5522,#5530,#5539,#5547,#5556,#5562,#5563));
#5513=ORIENTED_EDGE('',*,*,#5514,.T.);
#5514=EDGE_CURVE('',#5490,#5515,#5517,.T.);
#5515=VERTEX_POINT('',#5516);
#5516=CARTESIAN_POINT('',(-9.2964,0.127,0.127));
#5517=CIRCLE('',#5518,1.143);
#5518=AXIS2_PLACEMENT_3D('',#5519,#5520,#5521);
#5519=CARTESIAN_POINT('',(-9.2964,1.27,0.127));
#5520=DIRECTION('',(0.0,0.0,1.0));
#5521=DIRECTION('',(-1.0,0.0,0.0));
#5522=ORIENTED_EDGE('',*,*,#5523,.T.);
#5523=EDGE_CURVE('',#5515,#5524,#5526,.T.);
#5524=VERTEX_POINT('',#5525);
#5525=CARTESIAN_POINT('',(-8.0264,0.127,0.127));
#5526=LINE('',#5527,#5528);
#5527=CARTESIAN_POINT('',(-9.2964,0.127,0.127));
#5528=VECTOR('',#5529,1.0);
#5529=DIRECTION('',(1.0,0.0,0.0));
#5530=ORIENTED_EDGE('',*,*,#5531,.T.);
#5531=EDGE_CURVE('',#5524,#5532,#5534,.T.);
#5532=VERTEX_POINT('',#5533);
#5533=CARTESIAN_POINT('',(-6.8834,1.27,0.127));
#5534=CIRCLE('',#5535,1.143);
#5535=AXIS2_PLACEMENT_3D('',#5536,#5537,#5538);
#5536=CARTESIAN_POINT('',(-8.0264,1.27,0.127));
#5537=DIRECTION('',(0.0,0.0,1.0));
#5538=DIRECTION('',(0.0,-1.0,0.0));
#5539=ORIENTED_EDGE('',*,*,#5540,.T.);
#5540=EDGE_CURVE('',#5532,#5541,#5543,.T.);
#5541=VERTEX_POINT('',#5542);
#5542=CARTESIAN_POINT('',(-6.8834,8.6868,0.127));
#5543=LINE('',#5544,#5545);
#5544=CARTESIAN_POINT('',(-6.8834,1.27,0.127));
#5545=VECTOR('',#5546,1.0);
#5546=DIRECTION('',(0.0,1.0,0.0));
#5547=ORIENTED_EDGE('',*,*,#5548,.T.);
#5548=EDGE_CURVE('',#5541,#5549,#5551,.T.);
#5549=VERTEX_POINT('',#5550);
#5550=CARTESIAN_POINT('',(-8.0264,9.8298,0.127));
#5551=CIRCLE('',#5552,1.143);
#5552=AXIS2_PLACEMENT_3D('',#5553,#5554,#5555);
#5553=CARTESIAN_POINT('',(-8.0264,8.6868,0.127));
#5554=DIRECTION('',(0.0,0.0,1.0));
#5555=DIRECTION('',(1.0,0.0,0.0));
#5556=ORIENTED_EDGE('',*,*,#5557,.T.);
#5557=EDGE_CURVE('',#5549,#5391,#5558,.T.);
#5558=LINE('',#5559,#5560);
#5559=CARTESIAN_POINT('',(-8.0264,9.8298,0.127));
#5560=VECTOR('',#5561,1.0);
#5561=DIRECTION('',(-1.0,0.0,0.0));
#5562=ORIENTED_EDGE('',*,*,#5390,.F.);
#5563=ORIENTED_EDGE('',*,*,#5498,.F.);
#5564=PLANE('',#5565);
#5565=AXIS2_PLACEMENT_3D('',#5566,#5567,#5568);
#5566=CARTESIAN_POINT('',(-10.5664,0.0,0.127));
#5567=DIRECTION('',(0.0,0.0,1.0));
#5568=DIRECTION('',(1.0,0.0,0.0));
#5569=ADVANCED_FACE('',(#5570),#5582,.T.);
#5570=FACE_BOUND('',#5571,.T.);
#5571=EDGE_LOOP('',(#5572,#5573,#5574,#5581));
#5572=ORIENTED_EDGE('',*,*,#5399,.F.);
#5573=ORIENTED_EDGE('',*,*,#5557,.F.);
#5574=ORIENTED_EDGE('',*,*,#5575,.T.);
#5575=EDGE_CURVE('',#5549,#5425,#5576,.T.);
#5576=CIRCLE('',#5577,0.127);
#5577=AXIS2_PLACEMENT_3D('',#5578,#5579,#5580);
#5578=CARTESIAN_POINT('',(-8.0264,9.8298,0.0));
#5579=DIRECTION('',(-1.0,0.0,0.0));
#5580=DIRECTION('',(0.0,0.0,1.0));
#5581=ORIENTED_EDGE('',*,*,#5424,.F.);
#5582=CYLINDRICAL_SURFACE('',#5583,0.127);
#5583=AXIS2_PLACEMENT_3D('',#5584,#5585,#5586);
#5584=CARTESIAN_POINT('',(-8.008851359,9.8298,0.0));
#5585=DIRECTION('',(-1.0,0.0,0.0));
#5586=DIRECTION('',(0.0,0.0,1.0));
#5587=ADVANCED_FACE('',(#5588),#5600,.T.);
#5588=FACE_BOUND('',#5589,.T.);
#5589=EDGE_LOOP('',(#5590,#5591,#5592,#5599));
#5590=ORIENTED_EDGE('',*,*,#5575,.F.);
#5591=ORIENTED_EDGE('',*,*,#5548,.F.);
#5592=ORIENTED_EDGE('',*,*,#5593,.T.);
#5593=EDGE_CURVE('',#5541,#5433,#5594,.T.);
#5594=CIRCLE('',#5595,0.127);
#5595=AXIS2_PLACEMENT_3D('',#5596,#5597,#5598);
#5596=CARTESIAN_POINT('',(-6.8834,8.6868,0.0));
#5597=DIRECTION('',(0.0,1.0,0.0));
#5598=DIRECTION('',(0.0,0.0,1.0));
#5599=ORIENTED_EDGE('',*,*,#5432,.F.);
#5600=TOROIDAL_SURFACE('',#5601,1.143,0.127);
#5601=AXIS2_PLACEMENT_3D('',#5602,#5603,#5604);
#5602=CARTESIAN_POINT('',(-8.0264,8.6868,0.0));
#5603=DIRECTION('',(0.0,0.0,-1.0));
#5604=DIRECTION('',(0.999745205,-0.022572657,0.0));
#5605=ADVANCED_FACE('',(#5606),#5618,.T.);
#5606=FACE_BOUND('',#5607,.T.);
#5607=EDGE_LOOP('',(#5608,#5609,#5610,#5617));
#5608=ORIENTED_EDGE('',*,*,#5593,.F.);
#5609=ORIENTED_EDGE('',*,*,#5540,.F.);
#5610=ORIENTED_EDGE('',*,*,#5611,.T.);
#5611=EDGE_CURVE('',#5532,#5442,#5612,.T.);
#5612=CIRCLE('',#5613,0.127);
#5613=AXIS2_PLACEMENT_3D('',#5614,#5615,#5616);
#5614=CARTESIAN_POINT('',(-6.8834,1.27,0.0));
#5615=DIRECTION('',(0.0,1.0,0.0));
#5616=DIRECTION('',(-1.110223025E-14,0.0,1.0));
#5617=ORIENTED_EDGE('',*,*,#5441,.F.);
#5618=CYLINDRICAL_SURFACE('',#5619,0.127);
#5619=AXIS2_PLACEMENT_3D('',#5620,#5621,#5622);
#5620=CARTESIAN_POINT('',(-6.8834,1.252451359,0.0));
#5621=DIRECTION('',(0.0,1.0,0.0));
#5622=DIRECTION('',(1.110223025E-14,0.0,1.0));
#5623=ADVANCED_FACE('',(#5624),#5636,.T.);
#5624=FACE_BOUND('',#5625,.T.);
#5625=EDGE_LOOP('',(#5626,#5627,#5628,#5635));
#5626=ORIENTED_EDGE('',*,*,#5611,.F.);
#5627=ORIENTED_EDGE('',*,*,#5531,.F.);
#5628=ORIENTED_EDGE('',*,*,#5629,.T.);
#5629=EDGE_CURVE('',#5524,#5450,#5630,.T.);
#5630=CIRCLE('',#5631,0.127);
#5631=AXIS2_PLACEMENT_3D('',#5632,#5633,#5634);
#5632=CARTESIAN_POINT('',(-8.0264,0.127,0.0));
#5633=DIRECTION('',(1.0,0.0,0.0));
#5634=DIRECTION('',(0.0,0.0,1.0));
#5635=ORIENTED_EDGE('',*,*,#5449,.F.);
#5636=TOROIDAL_SURFACE('',#5637,1.143,0.127);
#5637=AXIS2_PLACEMENT_3D('',#5638,#5639,#5640);
#5638=CARTESIAN_POINT('',(-8.0264,1.27,0.0));
#5639=DIRECTION('',(0.0,0.0,1.0));
#5640=DIRECTION('',(-0.015890701,-0.999873735,0.0));
#5641=ADVANCED_FACE('',(#5642),#5654,.T.);
#5642=FACE_BOUND('',#5643,.T.);
#5643=EDGE_LOOP('',(#5644,#5645,#5646,#5653));
#5644=ORIENTED_EDGE('',*,*,#5629,.F.);
#5645=ORIENTED_EDGE('',*,*,#5523,.F.);
#5646=ORIENTED_EDGE('',*,*,#5647,.T.);
#5647=EDGE_CURVE('',#5515,#5459,#5648,.T.);
#5648=CIRCLE('',#5649,0.127);
#5649=AXIS2_PLACEMENT_3D('',#5650,#5651,#5652);
#5650=CARTESIAN_POINT('',(-9.2964,0.127,0.0));
#5651=DIRECTION('',(1.0,0.0,0.0));
#5652=DIRECTION('',(0.0,0.0,1.0));
#5653=ORIENTED_EDGE('',*,*,#5458,.F.);
#5654=CYLINDRICAL_SURFACE('',#5655,0.127);
#5655=AXIS2_PLACEMENT_3D('',#5656,#5657,#5658);
#5656=CARTESIAN_POINT('',(-9.326693534,0.127,0.0));
#5657=DIRECTION('',(1.0,0.0,0.0));
#5658=DIRECTION('',(0.0,0.0,1.0));
#5659=ADVANCED_FACE('',(#5660),#5666,.T.);
#5660=FACE_BOUND('',#5661,.T.);
#5661=EDGE_LOOP('',(#5662,#5663,#5664,#5665));
#5662=ORIENTED_EDGE('',*,*,#5647,.F.);
#5663=ORIENTED_EDGE('',*,*,#5514,.F.);
#5664=ORIENTED_EDGE('',*,*,#5489,.F.);
#5665=ORIENTED_EDGE('',*,*,#5466,.F.);
#5666=TOROIDAL_SURFACE('',#5667,1.143,0.127);
#5667=AXIS2_PLACEMENT_3D('',#5668,#5669,#5670);
#5668=CARTESIAN_POINT('',(-9.2964,1.27,0.0));
#5669=DIRECTION('',(0.0,0.0,-1.0));
#5670=DIRECTION('',(-0.999745205,0.022572657,0.0));
#5671=MANIFOLD_SOLID_BREP('',#5672);
#5672=CLOSED_SHELL('',(#5673,#5717,#5783,#5808,#5867,#5885,#5903,#5921,#5939,#5957));
#5673=ADVANCED_FACE('',(#5674),#5712,.T.);
#5674=FACE_BOUND('',#5675,.T.);
#5675=EDGE_LOOP('',(#5676,#5687,#5696,#5705));
#5676=ORIENTED_EDGE('',*,*,#5677,.T.);
#5677=EDGE_CURVE('',#5678,#5680,#5682,.T.);
#5678=VERTEX_POINT('',#5679);
#5679=CARTESIAN_POINT('',(-10.410743711,8.6868,0.783336934));
#5680=VERTEX_POINT('',#5681);
#5681=CARTESIAN_POINT('',(-10.388606152,8.6868,1.036370387));
#5682=CIRCLE('',#5683,0.127);
#5683=AXIS2_PLACEMENT_3D('',#5684,#5685,#5686);
#5684=CARTESIAN_POINT('',(-10.399674931,8.6868,0.909853661));
#5685=DIRECTION('',(0.0,1.0,0.0));
#5686=DIRECTION('',(-0.087155743,0.0,-0.996194698));
#5687=ORIENTED_EDGE('',*,*,#5688,.T.);
#5688=EDGE_CURVE('',#5680,#5689,#5691,.F.);
#5689=VERTEX_POINT('',#5690);
#5690=CARTESIAN_POINT('',(-9.249955612,9.8298,0.936751374));
#5691=CIRCLE('',#5692,1.143);
#5692=AXIS2_PLACEMENT_3D('',#5693,#5694,#5695);
#5693=CARTESIAN_POINT('',(-9.249955612,8.6868,0.936751374));
#5694=DIRECTION('',(0.087155743,0.0,0.996194698));
#5695=DIRECTION('',(0.0,1.0,0.0));
#5696=ORIENTED_EDGE('',*,*,#5697,.T.);
#5697=EDGE_CURVE('',#5689,#5698,#5700,.T.);
#5698=VERTEX_POINT('',#5699);
#5699=CARTESIAN_POINT('',(-9.272093171,9.8298,0.68371792));
#5700=CIRCLE('',#5701,0.127);
#5701=AXIS2_PLACEMENT_3D('',#5702,#5703,#5704);
#5702=CARTESIAN_POINT('',(-9.261024391,9.8298,0.810234647));
#5703=DIRECTION('',(-0.996194698,0.0,0.087155743));
#5704=DIRECTION('',(0.087155743,0.0,0.996194698));
#5705=ORIENTED_EDGE('',*,*,#5706,.T.);
#5706=EDGE_CURVE('',#5698,#5678,#5707,.F.);
#5707=CIRCLE('',#5708,1.143);
#5708=AXIS2_PLACEMENT_3D('',#5709,#5710,#5711);
#5709=CARTESIAN_POINT('',(-9.272093171,8.6868,0.68371792));
#5710=DIRECTION('',(-0.087155743,0.0,-0.996194698));
#5711=DIRECTION('',(-0.996194698,0.0,0.087155743));
#5712=TOROIDAL_SURFACE('',#5713,1.143,0.127);
#5713=AXIS2_PLACEMENT_3D('',#5714,#5715,#5716);
#5714=CARTESIAN_POINT('',(-9.261024391,8.6868,0.810234647));
#5715=DIRECTION('',(0.087155743,0.0,0.996194698));
#5716=DIRECTION('',(0.015830232,0.999873735,-0.001384966));
#5717=ADVANCED_FACE('',(#5718),#5778,.T.);
#5718=FACE_BOUND('',#5719,.T.);
#5719=EDGE_LOOP('',(#5720,#5721,#5729,#5738,#5746,#5755,#5763,#5772));
#5720=ORIENTED_EDGE('',*,*,#5706,.F.);
#5721=ORIENTED_EDGE('',*,*,#5722,.T.);
#5722=EDGE_CURVE('',#5698,#5723,#5725,.T.);
#5723=VERTEX_POINT('',#5724);
#5724=CARTESIAN_POINT('',(-8.006925904,9.8298,0.573030127));
#5725=LINE('',#5726,#5727);
#5726=CARTESIAN_POINT('',(-9.272093171,9.8298,0.68371792));
#5727=VECTOR('',#5728,1.0);
#5728=DIRECTION('',(0.996194698,0.0,-0.087155743));
#5729=ORIENTED_EDGE('',*,*,#5730,.T.);
#5730=EDGE_CURVE('',#5723,#5731,#5733,.T.);
#5731=VERTEX_POINT('',#5732);
#5732=CARTESIAN_POINT('',(-6.868275364,8.6868,0.473411113));
#5733=CIRCLE('',#5734,1.143);
#5734=AXIS2_PLACEMENT_3D('',#5735,#5736,#5737);
#5735=CARTESIAN_POINT('',(-8.006925904,8.6868,0.573030127));
#5736=DIRECTION('',(-0.087155743,0.0,-0.996194698));
#5737=DIRECTION('',(0.0,1.0,0.0));
#5738=ORIENTED_EDGE('',*,*,#5739,.T.);
#5739=EDGE_CURVE('',#5731,#5740,#5742,.T.);
#5740=VERTEX_POINT('',#5741);
#5741=CARTESIAN_POINT('',(-6.868275364,1.27,0.473411113));
#5742=LINE('',#5743,#5744);
#5743=CARTESIAN_POINT('',(-6.868275364,8.6868,0.473411113));
#5744=VECTOR('',#5745,1.0);
#5745=DIRECTION('',(0.0,-1.0,0.0));
#5746=ORIENTED_EDGE('',*,*,#5747,.T.);
#5747=EDGE_CURVE('',#5740,#5748,#5750,.T.);
#5748=VERTEX_POINT('',#5749);
#5749=CARTESIAN_POINT('',(-8.006925904,0.127,0.573030127));
#5750=CIRCLE('',#5751,1.143);
#5751=AXIS2_PLACEMENT_3D('',#5752,#5753,#5754);
#5752=CARTESIAN_POINT('',(-8.006925904,1.27,0.573030127));
#5753=DIRECTION('',(-0.087155743,0.0,-0.996194698));
#5754=DIRECTION('',(0.996194698,0.0,-0.087155743));
#5755=ORIENTED_EDGE('',*,*,#5756,.T.);
#5756=EDGE_CURVE('',#5748,#5757,#5759,.T.);
#5757=VERTEX_POINT('',#5758);
#5758=CARTESIAN_POINT('',(-9.272093171,0.127,0.68371792));
#5759=LINE('',#5760,#5761);
#5760=CARTESIAN_POINT('',(-8.006925904,0.127,0.573030127));
#5761=VECTOR('',#5762,1.0);
#5762=DIRECTION('',(-0.996194698,0.0,0.087155743));
#5763=ORIENTED_EDGE('',*,*,#5764,.T.);
#5764=EDGE_CURVE('',#5757,#5765,#5767,.T.);
#5765=VERTEX_POINT('',#5766);
#5766=CARTESIAN_POINT('',(-10.410743711,1.27,0.783336934));
#5767=CIRCLE('',#5768,1.143);
#5768=AXIS2_PLACEMENT_3D('',#5769,#5770,#5771);
#5769=CARTESIAN_POINT('',(-9.272093171,1.27,0.68371792));
#5770=DIRECTION('',(-0.087155743,0.0,-0.996194698));
#5771=DIRECTION('',(0.0,-1.0,0.0));
#5772=ORIENTED_EDGE('',*,*,#5773,.T.);
#5773=EDGE_CURVE('',#5765,#5678,#5774,.T.);
#5774=LINE('',#5775,#5776);
#5775=CARTESIAN_POINT('',(-10.410743711,1.27,0.783336934));
#5776=VECTOR('',#5777,1.0);
#5777=DIRECTION('',(0.0,1.0,0.0));
#5778=PLANE('',#5779);
#5779=AXIS2_PLACEMENT_3D('',#5780,#5781,#5782);
#5780=CARTESIAN_POINT('',(-6.741758638,0.0,0.462342334));
#5781=DIRECTION('',(-0.087155743,0.0,-0.996194698));
#5782=DIRECTION('',(-0.996194698,0.0,0.087155743));
#5783=ADVANCED_FACE('',(#5784),#5803,.T.);
#5784=FACE_BOUND('',#5785,.T.);
#5785=EDGE_LOOP('',(#5786,#5795,#5801,#5802));
#5786=ORIENTED_EDGE('',*,*,#5787,.T.);
#5787=EDGE_CURVE('',#5765,#5788,#5790,.F.);
#5788=VERTEX_POINT('',#5789);
#5789=CARTESIAN_POINT('',(-10.388606152,1.27,1.036370387));
#5790=CIRCLE('',#5791,0.127);
#5791=AXIS2_PLACEMENT_3D('',#5792,#5793,#5794);
#5792=CARTESIAN_POINT('',(-10.399674931,1.27,0.909853661));
#5793=DIRECTION('',(0.0,-1.0,0.0));
#5794=DIRECTION('',(0.087155743,0.0,0.996194698));
#5795=ORIENTED_EDGE('',*,*,#5796,.T.);
#5796=EDGE_CURVE('',#5788,#5680,#5797,.F.);
#5797=LINE('',#5798,#5799);
#5798=CARTESIAN_POINT('',(-10.388606152,8.6868,1.036370387));
#5799=VECTOR('',#5800,1.0);
#5800=DIRECTION('',(0.0,-1.0,0.0));
#5801=ORIENTED_EDGE('',*,*,#5677,.F.);
#5802=ORIENTED_EDGE('',*,*,#5773,.F.);
#5803=CYLINDRICAL_SURFACE('',#5804,0.127);
#5804=AXIS2_PLACEMENT_3D('',#5805,#5806,#5807);
#5805=CARTESIAN_POINT('',(-10.399674931,8.717093534,0.909853661));
#5806=DIRECTION('',(0.0,-1.0,0.0));
#5807=DIRECTION('',(0.087155743,0.0,0.996194698));
#5808=ADVANCED_FACE('',(#5809),#5862,.T.);
#5809=FACE_BOUND('',#5810,.T.);
#5810=EDGE_LOOP('',(#5811,#5820,#5828,#5837,#5845,#5854,#5860,#5861));
#5811=ORIENTED_EDGE('',*,*,#5812,.T.);
#5812=EDGE_CURVE('',#5788,#5813,#5815,.T.);
#5813=VERTEX_POINT('',#5814);
#5814=CARTESIAN_POINT('',(-9.249955612,0.127,0.936751374));
#5815=CIRCLE('',#5816,1.143);
#5816=AXIS2_PLACEMENT_3D('',#5817,#5818,#5819);
#5817=CARTESIAN_POINT('',(-9.249955612,1.27,0.936751374));
#5818=DIRECTION('',(0.087155743,0.0,0.996194698));
#5819=DIRECTION('',(-0.996194698,0.0,0.087155743));
#5820=ORIENTED_EDGE('',*,*,#5821,.T.);
#5821=EDGE_CURVE('',#5813,#5822,#5824,.T.);
#5822=VERTEX_POINT('',#5823);
#5823=CARTESIAN_POINT('',(-7.984788345,0.127,0.82606358));
#5824=LINE('',#5825,#5826);
#5825=CARTESIAN_POINT('',(-9.249955612,0.127,0.936751374));
#5826=VECTOR('',#5827,1.0);
#5827=DIRECTION('',(0.996194698,0.0,-0.087155743));
#5828=ORIENTED_EDGE('',*,*,#5829,.T.);
#5829=EDGE_CURVE('',#5822,#5830,#5832,.T.);
#5830=VERTEX_POINT('',#5831);
#5831=CARTESIAN_POINT('',(-6.846137806,1.27,0.726444566));
#5832=CIRCLE('',#5833,1.143);
#5833=AXIS2_PLACEMENT_3D('',#5834,#5835,#5836);
#5834=CARTESIAN_POINT('',(-7.984788345,1.27,0.82606358));
#5835=DIRECTION('',(0.087155743,0.0,0.996194698));
#5836=DIRECTION('',(0.0,-1.0,0.0));
#5837=ORIENTED_EDGE('',*,*,#5838,.T.);
#5838=EDGE_CURVE('',#5830,#5839,#5841,.T.);
#5839=VERTEX_POINT('',#5840);
#5840=CARTESIAN_POINT('',(-6.846137806,8.6868,0.726444566));
#5841=LINE('',#5842,#5843);
#5842=CARTESIAN_POINT('',(-6.846137806,1.27,0.726444566));
#5843=VECTOR('',#5844,1.0);
#5844=DIRECTION('',(0.0,1.0,0.0));
#5845=ORIENTED_EDGE('',*,*,#5846,.T.);
#5846=EDGE_CURVE('',#5839,#5847,#5849,.T.);
#5847=VERTEX_POINT('',#5848);
#5848=CARTESIAN_POINT('',(-7.984788345,9.8298,0.82606358));
#5849=CIRCLE('',#5850,1.143);
#5850=AXIS2_PLACEMENT_3D('',#5851,#5852,#5853);
#5851=CARTESIAN_POINT('',(-7.984788345,8.6868,0.82606358));
#5852=DIRECTION('',(0.087155743,0.0,0.996194698));
#5853=DIRECTION('',(0.996194698,0.0,-0.087155743));
#5854=ORIENTED_EDGE('',*,*,#5855,.T.);
#5855=EDGE_CURVE('',#5847,#5689,#5856,.T.);
#5856=LINE('',#5857,#5858);
#5857=CARTESIAN_POINT('',(-7.984788345,9.8298,0.82606358));
#5858=VECTOR('',#5859,1.0);
#5859=DIRECTION('',(-0.996194698,0.0,0.087155743));
#5860=ORIENTED_EDGE('',*,*,#5688,.F.);
#5861=ORIENTED_EDGE('',*,*,#5796,.F.);
#5862=PLANE('',#5863);
#5863=AXIS2_PLACEMENT_3D('',#5864,#5865,#5866);
#5864=CARTESIAN_POINT('',(-10.515122879,0.0,1.047439167));
#5865=DIRECTION('',(0.087155743,0.0,0.996194698));
#5866=DIRECTION('',(0.996194698,0.0,-0.087155743));
#5867=ADVANCED_FACE('',(#5868),#5880,.T.);
#5868=FACE_BOUND('',#5869,.T.);
#5869=EDGE_LOOP('',(#5870,#5871,#5872,#5879));
#5870=ORIENTED_EDGE('',*,*,#5697,.F.);
#5871=ORIENTED_EDGE('',*,*,#5855,.F.);
#5872=ORIENTED_EDGE('',*,*,#5873,.T.);
#5873=EDGE_CURVE('',#5847,#5723,#5874,.T.);
#5874=CIRCLE('',#5875,0.127);
#5875=AXIS2_PLACEMENT_3D('',#5876,#5877,#5878);
#5876=CARTESIAN_POINT('',(-7.995857125,9.8298,0.699546854));
#5877=DIRECTION('',(-0.996194698,0.0,0.087155743));
#5878=DIRECTION('',(0.087155743,0.0,0.996194698));
#5879=ORIENTED_EDGE('',*,*,#5722,.F.);
#5880=CYLINDRICAL_SURFACE('',#5881,0.127);
#5881=AXIS2_PLACEMENT_3D('',#5882,#5883,#5884);
#5882=CARTESIAN_POINT('',(-7.978375262,9.8298,0.698017389));
#5883=DIRECTION('',(-0.996194698,0.0,0.087155743));
#5884=DIRECTION('',(0.087155743,0.0,0.996194698));
#5885=ADVANCED_FACE('',(#5886),#5898,.T.);
#5886=FACE_BOUND('',#5887,.T.);
#5887=EDGE_LOOP('',(#5888,#5889,#5890,#5897));
#5888=ORIENTED_EDGE('',*,*,#5873,.F.);
#5889=ORIENTED_EDGE('',*,*,#5846,.F.);
#5890=ORIENTED_EDGE('',*,*,#5891,.T.);
#5891=EDGE_CURVE('',#5839,#5731,#5892,.T.);
#5892=CIRCLE('',#5893,0.127);
#5893=AXIS2_PLACEMENT_3D('',#5894,#5895,#5896);
#5894=CARTESIAN_POINT('',(-6.857206585,8.6868,0.59992784));
#5895=DIRECTION('',(0.0,1.0,0.0));
#5896=DIRECTION('',(0.087155743,0.0,0.996194698));
#5897=ORIENTED_EDGE('',*,*,#5730,.F.);
#5898=TOROIDAL_SURFACE('',#5899,1.143,0.127);
#5899=AXIS2_PLACEMENT_3D('',#5900,#5901,#5902);
#5900=CARTESIAN_POINT('',(-7.995857125,8.6868,0.699546854));
#5901=DIRECTION('',(-0.087155743,0.0,-0.996194698));
#5902=DIRECTION('',(0.995940873,-0.022572657,-0.087133536));
#5903=ADVANCED_FACE('',(#5904),#5916,.T.);
#5904=FACE_BOUND('',#5905,.T.);
#5905=EDGE_LOOP('',(#5906,#5907,#5908,#5915));
#5906=ORIENTED_EDGE('',*,*,#5891,.F.);
#5907=ORIENTED_EDGE('',*,*,#5838,.F.);
#5908=ORIENTED_EDGE('',*,*,#5909,.T.);
#5909=EDGE_CURVE('',#5830,#5740,#5910,.T.);
#5910=CIRCLE('',#5911,0.127);
#5911=AXIS2_PLACEMENT_3D('',#5912,#5913,#5914);
#5912=CARTESIAN_POINT('',(-6.857206585,1.27,0.59992784));
#5913=DIRECTION('',(0.0,1.0,0.0));
#5914=DIRECTION('',(0.087155743,0.0,0.996194698));
#5915=ORIENTED_EDGE('',*,*,#5739,.F.);
#5916=CYLINDRICAL_SURFACE('',#5917,0.127);
#5917=AXIS2_PLACEMENT_3D('',#5918,#5919,#5920);
#5918=CARTESIAN_POINT('',(-6.857206585,1.252451359,0.59992784));
#5919=DIRECTION('',(0.0,1.0,0.0));
#5920=DIRECTION('',(0.087155743,0.0,0.996194698));
#5921=ADVANCED_FACE('',(#5922),#5934,.T.);
#5922=FACE_BOUND('',#5923,.T.);
#5923=EDGE_LOOP('',(#5924,#5925,#5926,#5933));
#5924=ORIENTED_EDGE('',*,*,#5909,.F.);
#5925=ORIENTED_EDGE('',*,*,#5829,.F.);
#5926=ORIENTED_EDGE('',*,*,#5927,.T.);
#5927=EDGE_CURVE('',#5822,#5748,#5928,.T.);
#5928=CIRCLE('',#5929,0.127);
#5929=AXIS2_PLACEMENT_3D('',#5930,#5931,#5932);
#5930=CARTESIAN_POINT('',(-7.995857125,0.127,0.699546854));
#5931=DIRECTION('',(0.996194698,0.0,-0.087155743));
#5932=DIRECTION('',(0.087155743,0.0,0.996194698));
#5933=ORIENTED_EDGE('',*,*,#5747,.F.);
#5934=TOROIDAL_SURFACE('',#5935,1.143,0.127);
#5935=AXIS2_PLACEMENT_3D('',#5936,#5937,#5938);
#5936=CARTESIAN_POINT('',(-7.995857125,1.27,0.699546854));
#5937=DIRECTION('',(0.087155743,0.0,0.996194698));
#5938=DIRECTION('',(-0.015830232,-0.999873735,0.001384966));
#5939=ADVANCED_FACE('',(#5940),#5952,.T.);
#5940=FACE_BOUND('',#5941,.T.);
#5941=EDGE_LOOP('',(#5942,#5943,#5944,#5951));
#5942=ORIENTED_EDGE('',*,*,#5927,.F.);
#5943=ORIENTED_EDGE('',*,*,#5821,.F.);
#5944=ORIENTED_EDGE('',*,*,#5945,.T.);
#5945=EDGE_CURVE('',#5813,#5757,#5946,.T.);
#5946=CIRCLE('',#5947,0.127);
#5947=AXIS2_PLACEMENT_3D('',#5948,#5949,#5950);
#5948=CARTESIAN_POINT('',(-9.261024391,0.127,0.810234647));
#5949=DIRECTION('',(0.996194698,0.0,-0.087155743));
#5950=DIRECTION('',(0.087155743,0.0,0.996194698));
#5951=ORIENTED_EDGE('',*,*,#5756,.F.);
#5952=CYLINDRICAL_SURFACE('',#5953,0.127);
#5953=AXIS2_PLACEMENT_3D('',#5954,#5955,#5956);
#5954=CARTESIAN_POINT('',(-9.291202649,0.127,0.812874902));
#5955=DIRECTION('',(0.996194698,0.0,-0.087155743));
#5956=DIRECTION('',(0.087155743,0.0,0.996194698));
#5957=ADVANCED_FACE('',(#5958),#5964,.T.);
#5958=FACE_BOUND('',#5959,.T.);
#5959=EDGE_LOOP('',(#5960,#5961,#5962,#5963));
#5960=ORIENTED_EDGE('',*,*,#5945,.F.);
#5961=ORIENTED_EDGE('',*,*,#5812,.F.);
#5962=ORIENTED_EDGE('',*,*,#5787,.F.);
#5963=ORIENTED_EDGE('',*,*,#5764,.F.);
#5964=TOROIDAL_SURFACE('',#5965,1.143,0.127);
#5965=AXIS2_PLACEMENT_3D('',#5966,#5967,#5968);
#5966=CARTESIAN_POINT('',(-9.261024391,1.27,0.810234647));
#5967=DIRECTION('',(-0.087155743,0.0,-0.996194698));
#5968=DIRECTION('',(-0.995940873,0.022572657,0.087133536));
#5969=MANIFOLD_SOLID_BREP('',#5970);
#5970=CLOSED_SHELL('',(#5971,#6015,#6081,#6106,#6165,#6183,#6201,#6219,#6237,#6255));
#5971=ADVANCED_FACE('',(#5972),#6010,.T.);
#5972=FACE_BOUND('',#5973,.T.);
#5973=EDGE_LOOP('',(#5974,#5985,#5994,#6003));
#5974=ORIENTED_EDGE('',*,*,#5975,.T.);
#5975=EDGE_CURVE('',#5976,#5978,#5980,.T.);
#5976=VERTEX_POINT('',#5977);
#5977=CARTESIAN_POINT('',(-10.302855375,8.6868,1.687712201));
#5978=VERTEX_POINT('',#5979);
#5979=CARTESIAN_POINT('',(-10.258748738,8.6868,1.937853371));
#5980=CIRCLE('',#5981,0.127);
#5981=AXIS2_PLACEMENT_3D('',#5982,#5983,#5984);
#5982=CARTESIAN_POINT('',(-10.280802057,8.6868,1.812782786));
#5983=DIRECTION('',(0.0,1.0,0.0));
#5984=DIRECTION('',(-0.173648178,0.0,-0.984807753));
#5985=ORIENTED_EDGE('',*,*,#5986,.T.);
#5986=EDGE_CURVE('',#5978,#5987,#5989,.F.);
#5987=VERTEX_POINT('',#5988);
#5988=CARTESIAN_POINT('',(-9.133113477,9.8298,1.739373503));
#5989=CIRCLE('',#5990,1.143);
#5990=AXIS2_PLACEMENT_3D('',#5991,#5992,#5993);
#5991=CARTESIAN_POINT('',(-9.133113477,8.6868,1.739373503));
#5992=DIRECTION('',(0.173648178,0.0,0.984807753));
#5993=DIRECTION('',(0.0,1.0,0.0));
#5994=ORIENTED_EDGE('',*,*,#5995,.T.);
#5995=EDGE_CURVE('',#5987,#5996,#5998,.T.);
#5996=VERTEX_POINT('',#5997);
#5997=CARTESIAN_POINT('',(-9.177220114,9.8298,1.489232334));
#5998=CIRCLE('',#5999,0.127);
#5999=AXIS2_PLACEMENT_3D('',#6000,#6001,#6002);
#6000=CARTESIAN_POINT('',(-9.155166795,9.8298,1.614302919));
#6001=DIRECTION('',(-0.984807753,0.0,0.173648178));
#6002=DIRECTION('',(0.173648178,0.0,0.984807753));
#6003=ORIENTED_EDGE('',*,*,#6004,.T.);
#6004=EDGE_CURVE('',#5996,#5976,#6005,.F.);
#6005=CIRCLE('',#6006,1.143);
#6006=AXIS2_PLACEMENT_3D('',#6007,#6008,#6009);
#6007=CARTESIAN_POINT('',(-9.177220114,8.6868,1.489232334));
#6008=DIRECTION('',(-0.173648178,0.0,-0.984807753));
#6009=DIRECTION('',(-0.984807753,1.727013594E-14,0.173648178));
#6010=TOROIDAL_SURFACE('',#6011,1.143,0.127);
#6011=AXIS2_PLACEMENT_3D('',#6012,#6013,#6014);
#6012=CARTESIAN_POINT('',(-9.155166795,8.6868,1.614302919));
#6013=DIRECTION('',(0.173648178,0.0,0.984807753));
#6014=DIRECTION('',(0.015649285,0.999873735,-0.002759391));
#6015=ADVANCED_FACE('',(#6016),#6076,.T.);
#6016=FACE_BOUND('',#6017,.T.);
#6017=EDGE_LOOP('',(#6018,#6019,#6027,#6036,#6044,#6053,#6061,#6070));
#6018=ORIENTED_EDGE('',*,*,#6004,.F.);
#6019=ORIENTED_EDGE('',*,*,#6020,.T.);
#6020=EDGE_CURVE('',#5996,#6021,#6023,.T.);
#6021=VERTEX_POINT('',#6022);
#6022=CARTESIAN_POINT('',(-7.926514267,9.8298,1.268699149));
#6023=LINE('',#6024,#6025);
#6024=CARTESIAN_POINT('',(-9.177220114,9.8298,1.489232334));
#6025=VECTOR('',#6026,1.0);
#6026=DIRECTION('',(0.984807753,0.0,-0.173648178));
#6027=ORIENTED_EDGE('',*,*,#6028,.T.);
#6028=EDGE_CURVE('',#6021,#6029,#6031,.T.);
#6029=VERTEX_POINT('',#6030);
#6030=CARTESIAN_POINT('',(-6.800879006,8.6868,1.070219282));
#6031=CIRCLE('',#6032,1.143);
#6032=AXIS2_PLACEMENT_3D('',#6033,#6034,#6035);
#6033=CARTESIAN_POINT('',(-7.926514267,8.6868,1.268699149));
#6034=DIRECTION('',(-0.173648178,0.0,-0.984807753));
#6035=DIRECTION('',(0.0,1.0,0.0));
#6036=ORIENTED_EDGE('',*,*,#6037,.T.);
#6037=EDGE_CURVE('',#6029,#6038,#6040,.T.);
#6038=VERTEX_POINT('',#6039);
#6039=CARTESIAN_POINT('',(-6.800879006,1.27,1.070219282));
#6040=LINE('',#6041,#6042);
#6041=CARTESIAN_POINT('',(-6.800879006,8.6868,1.070219282));
#6042=VECTOR('',#6043,1.0);
#6043=DIRECTION('',(0.0,-1.0,0.0));
#6044=ORIENTED_EDGE('',*,*,#6045,.T.);
#6045=EDGE_CURVE('',#6038,#6046,#6048,.T.);
#6046=VERTEX_POINT('',#6047);
#6047=CARTESIAN_POINT('',(-7.926514267,0.127,1.268699149));
#6048=CIRCLE('',#6049,1.143);
#6049=AXIS2_PLACEMENT_3D('',#6050,#6051,#6052);
#6050=CARTESIAN_POINT('',(-7.926514267,1.27,1.268699149));
#6051=DIRECTION('',(-0.173648178,0.0,-0.984807753));
#6052=DIRECTION('',(0.984807753,0.0,-0.173648178));
#6053=ORIENTED_EDGE('',*,*,#6054,.T.);
#6054=EDGE_CURVE('',#6046,#6055,#6057,.T.);
#6055=VERTEX_POINT('',#6056);
#6056=CARTESIAN_POINT('',(-9.177220114,0.127,1.489232334));
#6057=LINE('',#6058,#6059);
#6058=CARTESIAN_POINT('',(-7.926514267,0.127,1.268699149));
#6059=VECTOR('',#6060,1.0);
#6060=DIRECTION('',(-0.984807753,0.0,0.173648178));
#6061=ORIENTED_EDGE('',*,*,#6062,.T.);
#6062=EDGE_CURVE('',#6055,#6063,#6065,.T.);
#6063=VERTEX_POINT('',#6064);
#6064=CARTESIAN_POINT('',(-10.302855375,1.27,1.687712201));
#6065=CIRCLE('',#6066,1.143);
#6066=AXIS2_PLACEMENT_3D('',#6067,#6068,#6069);
#6067=CARTESIAN_POINT('',(-9.177220114,1.27,1.489232334));
#6068=DIRECTION('',(-0.173648178,0.0,-0.984807753));
#6069=DIRECTION('',(0.0,-1.0,0.0));
#6070=ORIENTED_EDGE('',*,*,#6071,.T.);
#6071=EDGE_CURVE('',#6063,#5976,#6072,.T.);
#6072=LINE('',#6073,#6074);
#6073=CARTESIAN_POINT('',(-10.302855375,1.27,1.687712201));
#6074=VECTOR('',#6075,1.0);
#6075=DIRECTION('',(0.0,1.0,0.0));
#6076=PLANE('',#6077);
#6077=AXIS2_PLACEMENT_3D('',#6078,#6079,#6080);
#6078=CARTESIAN_POINT('',(-6.675808421,0.0,1.048165963));
#6079=DIRECTION('',(-0.173648178,0.0,-0.984807753));
#6080=DIRECTION('',(-0.984807753,0.0,0.173648178));
#6081=ADVANCED_FACE('',(#6082),#6101,.T.);
#6082=FACE_BOUND('',#6083,.T.);
#6083=EDGE_LOOP('',(#6084,#6093,#6099,#6100));
#6084=ORIENTED_EDGE('',*,*,#6085,.T.);
#6085=EDGE_CURVE('',#6063,#6086,#6088,.F.);
#6086=VERTEX_POINT('',#6087);
#6087=CARTESIAN_POINT('',(-10.258748738,1.27,1.937853371));
#6088=CIRCLE('',#6089,0.127);
#6089=AXIS2_PLACEMENT_3D('',#6090,#6091,#6092);
#6090=CARTESIAN_POINT('',(-10.280802057,1.27,1.812782786));
#6091=DIRECTION('',(0.0,-1.0,0.0));
#6092=DIRECTION('',(0.173648178,0.0,0.984807753));
#6093=ORIENTED_EDGE('',*,*,#6094,.T.);
#6094=EDGE_CURVE('',#6086,#5978,#6095,.F.);
#6095=LINE('',#6096,#6097);
#6096=CARTESIAN_POINT('',(-10.258748738,8.6868,1.937853371));
#6097=VECTOR('',#6098,1.0);
#6098=DIRECTION('',(0.0,-1.0,0.0));
#6099=ORIENTED_EDGE('',*,*,#5975,.F.);
#6100=ORIENTED_EDGE('',*,*,#6071,.F.);
#6101=CYLINDRICAL_SURFACE('',#6102,0.127);
#6102=AXIS2_PLACEMENT_3D('',#6103,#6104,#6105);
#6103=CARTESIAN_POINT('',(-10.280802057,8.717093534,1.812782786));
#6104=DIRECTION('',(0.0,-1.0,0.0));
#6105=DIRECTION('',(0.173648178,0.0,0.984807753));
#6106=ADVANCED_FACE('',(#6107),#6160,.T.);
#6107=FACE_BOUND('',#6108,.T.);
#6108=EDGE_LOOP('',(#6109,#6118,#6126,#6135,#6143,#6152,#6158,#6159));
#6109=ORIENTED_EDGE('',*,*,#6110,.T.);
#6110=EDGE_CURVE('',#6086,#6111,#6113,.T.);
#6111=VERTEX_POINT('',#6112);
#6112=CARTESIAN_POINT('',(-9.133113477,0.127,1.739373503));
#6113=CIRCLE('',#6114,1.143);
#6114=AXIS2_PLACEMENT_3D('',#6115,#6116,#6117);
#6115=CARTESIAN_POINT('',(-9.133113477,1.27,1.739373503));
#6116=DIRECTION('',(0.173648178,0.0,0.984807753));
#6117=DIRECTION('',(-0.984807753,1.295260195E-14,0.173648178));
#6118=ORIENTED_EDGE('',*,*,#6119,.T.);
#6119=EDGE_CURVE('',#6111,#6120,#6122,.T.);
#6120=VERTEX_POINT('',#6121);
#6121=CARTESIAN_POINT('',(-7.88240763,0.127,1.518840318));
#6122=LINE('',#6123,#6124);
#6123=CARTESIAN_POINT('',(-9.133113477,0.127,1.739373503));
#6124=VECTOR('',#6125,1.0);
#6125=DIRECTION('',(0.984807753,0.0,-0.173648178));
#6126=ORIENTED_EDGE('',*,*,#6127,.T.);
#6127=EDGE_CURVE('',#6120,#6128,#6130,.T.);
#6128=VERTEX_POINT('',#6129);
#6129=CARTESIAN_POINT('',(-6.756772369,1.27,1.320360451));
#6130=CIRCLE('',#6131,1.143);
#6131=AXIS2_PLACEMENT_3D('',#6132,#6133,#6134);
#6132=CARTESIAN_POINT('',(-7.88240763,1.27,1.518840318));
#6133=DIRECTION('',(0.173648178,0.0,0.984807753));
#6134=DIRECTION('',(0.0,-1.0,0.0));
#6135=ORIENTED_EDGE('',*,*,#6136,.T.);
#6136=EDGE_CURVE('',#6128,#6137,#6139,.T.);
#6137=VERTEX_POINT('',#6138);
#6138=CARTESIAN_POINT('',(-6.756772369,8.6868,1.320360451));
#6139=LINE('',#6140,#6141);
#6140=CARTESIAN_POINT('',(-6.756772369,1.27,1.320360451));
#6141=VECTOR('',#6142,1.0);
#6142=DIRECTION('',(0.0,1.0,0.0));
#6143=ORIENTED_EDGE('',*,*,#6144,.T.);
#6144=EDGE_CURVE('',#6137,#6145,#6147,.T.);
#6145=VERTEX_POINT('',#6146);
#6146=CARTESIAN_POINT('',(-7.88240763,9.8298,1.518840318));
#6147=CIRCLE('',#6148,1.143);
#6148=AXIS2_PLACEMENT_3D('',#6149,#6150,#6151);
#6149=CARTESIAN_POINT('',(-7.88240763,8.6868,1.518840318));
#6150=DIRECTION('',(0.173648178,0.0,0.984807753));
#6151=DIRECTION('',(0.984807753,0.0,-0.173648178));
#6152=ORIENTED_EDGE('',*,*,#6153,.T.);
#6153=EDGE_CURVE('',#6145,#5987,#6154,.T.);
#6154=LINE('',#6155,#6156);
#6155=CARTESIAN_POINT('',(-7.88240763,9.8298,1.518840318));
#6156=VECTOR('',#6157,1.0);
#6157=DIRECTION('',(-0.984807753,0.0,0.173648178));
#6158=ORIENTED_EDGE('',*,*,#5986,.F.);
#6159=ORIENTED_EDGE('',*,*,#6094,.F.);
#6160=PLANE('',#6161);
#6161=AXIS2_PLACEMENT_3D('',#6162,#6163,#6164);
#6162=CARTESIAN_POINT('',(-10.383819323,0.0,1.959906689));
#6163=DIRECTION('',(0.173648178,0.0,0.984807753));
#6164=DIRECTION('',(0.984807753,0.0,-0.173648178));
#6165=ADVANCED_FACE('',(#6166),#6178,.T.);
#6166=FACE_BOUND('',#6167,.T.);
#6167=EDGE_LOOP('',(#6168,#6169,#6170,#6177));
#6168=ORIENTED_EDGE('',*,*,#5995,.F.);
#6169=ORIENTED_EDGE('',*,*,#6153,.F.);
#6170=ORIENTED_EDGE('',*,*,#6171,.T.);
#6171=EDGE_CURVE('',#6145,#6021,#6172,.T.);
#6172=CIRCLE('',#6173,0.127);
#6173=AXIS2_PLACEMENT_3D('',#6174,#6175,#6176);
#6174=CARTESIAN_POINT('',(-7.904460949,9.8298,1.393769733));
#6175=DIRECTION('',(-0.984807753,0.0,0.173648178));
#6176=DIRECTION('',(0.173648178,-1.110223025E-14,0.984807753));
#6177=ORIENTED_EDGE('',*,*,#6020,.F.);
#6178=CYLINDRICAL_SURFACE('',#6179,0.127);
#6179=AXIS2_PLACEMENT_3D('',#6180,#6181,#6182);
#6180=CARTESIAN_POINT('',(-7.887178911,9.8298,1.390722444));
#6181=DIRECTION('',(-0.984807753,0.0,0.173648178));
#6182=DIRECTION('',(0.173648178,0.0,0.984807753));
#6183=ADVANCED_FACE('',(#6184),#6196,.T.);
#6184=FACE_BOUND('',#6185,.T.);
#6185=EDGE_LOOP('',(#6186,#6187,#6188,#6195));
#6186=ORIENTED_EDGE('',*,*,#6171,.F.);
#6187=ORIENTED_EDGE('',*,*,#6144,.F.);
#6188=ORIENTED_EDGE('',*,*,#6189,.T.);
#6189=EDGE_CURVE('',#6137,#6029,#6190,.T.);
#6190=CIRCLE('',#6191,0.127);
#6191=AXIS2_PLACEMENT_3D('',#6192,#6193,#6194);
#6192=CARTESIAN_POINT('',(-6.778825687,8.6868,1.195289866));
#6193=DIRECTION('',(0.0,1.0,0.0));
#6194=DIRECTION('',(0.173648178,0.0,0.984807753));
#6195=ORIENTED_EDGE('',*,*,#6028,.F.);
#6196=TOROIDAL_SURFACE('',#6197,1.143,0.127);
#6197=AXIS2_PLACEMENT_3D('',#6198,#6199,#6200);
#6198=CARTESIAN_POINT('',(-7.904460949,8.6868,1.393769733));
#6199=DIRECTION('',(-0.173648178,0.0,-0.984807753));
#6200=DIRECTION('',(0.984556829,-0.022572657,-0.173603933));
#6201=ADVANCED_FACE('',(#6202),#6214,.T.);
#6202=FACE_BOUND('',#6203,.T.);
#6203=EDGE_LOOP('',(#6204,#6205,#6206,#6213));
#6204=ORIENTED_EDGE('',*,*,#6189,.F.);
#6205=ORIENTED_EDGE('',*,*,#6136,.F.);
#6206=ORIENTED_EDGE('',*,*,#6207,.T.);
#6207=EDGE_CURVE('',#6128,#6038,#6208,.T.);
#6208=CIRCLE('',#6209,0.127);
#6209=AXIS2_PLACEMENT_3D('',#6210,#6211,#6212);
#6210=CARTESIAN_POINT('',(-6.778825687,1.27,1.195289866));
#6211=DIRECTION('',(0.0,1.0,0.0));
#6212=DIRECTION('',(0.173648178,0.0,0.984807753));
#6213=ORIENTED_EDGE('',*,*,#6037,.F.);
#6214=CYLINDRICAL_SURFACE('',#6215,0.127);
#6215=AXIS2_PLACEMENT_3D('',#6216,#6217,#6218);
#6216=CARTESIAN_POINT('',(-6.778825687,1.252451359,1.195289866));
#6217=DIRECTION('',(0.0,1.0,0.0));
#6218=DIRECTION('',(0.173648178,0.0,0.984807753));
#6219=ADVANCED_FACE('',(#6220),#6232,.T.);
#6220=FACE_BOUND('',#6221,.T.);
#6221=EDGE_LOOP('',(#6222,#6223,#6224,#6231));
#6222=ORIENTED_EDGE('',*,*,#6207,.F.);
#6223=ORIENTED_EDGE('',*,*,#6127,.F.);
#6224=ORIENTED_EDGE('',*,*,#6225,.T.);
#6225=EDGE_CURVE('',#6120,#6046,#6226,.T.);
#6226=CIRCLE('',#6227,0.127);
#6227=AXIS2_PLACEMENT_3D('',#6228,#6229,#6230);
#6228=CARTESIAN_POINT('',(-7.904460949,0.127,1.393769733));
#6229=DIRECTION('',(0.984807753,0.0,-0.173648178));
#6230=DIRECTION('',(0.173648178,0.0,0.984807753));
#6231=ORIENTED_EDGE('',*,*,#6045,.F.);
#6232=TOROIDAL_SURFACE('',#6233,1.143,0.127);
#6233=AXIS2_PLACEMENT_3D('',#6234,#6235,#6236);
#6234=CARTESIAN_POINT('',(-7.904460949,1.27,1.393769733));
#6235=DIRECTION('',(0.173648178,0.0,0.984807753));
#6236=DIRECTION('',(-0.015649285,-0.999873735,0.002759391));
#6237=ADVANCED_FACE('',(#6238),#6250,.T.);
#6238=FACE_BOUND('',#6239,.T.);
#6239=EDGE_LOOP('',(#6240,#6241,#6242,#6249));
#6240=ORIENTED_EDGE('',*,*,#6225,.F.);
#6241=ORIENTED_EDGE('',*,*,#6119,.F.);
#6242=ORIENTED_EDGE('',*,*,#6243,.T.);
#6243=EDGE_CURVE('',#6111,#6055,#6244,.T.);
#6244=CIRCLE('',#6245,0.127);
#6245=AXIS2_PLACEMENT_3D('',#6246,#6247,#6248);
#6246=CARTESIAN_POINT('',(-9.155166795,0.127,1.614302919));
#6247=DIRECTION('',(0.984807753,0.0,-0.173648178));
#6248=DIRECTION('',(0.173648178,0.0,0.984807753));
#6249=ORIENTED_EDGE('',*,*,#6054,.F.);
#6250=CYLINDRICAL_SURFACE('',#6251,0.127);
#6251=AXIS2_PLACEMENT_3D('',#6252,#6253,#6254);
#6252=CARTESIAN_POINT('',(-9.185000102,0.127,1.619563336));
#6253=DIRECTION('',(0.984807753,0.0,-0.173648178));
#6254=DIRECTION('',(0.173648178,0.0,0.984807753));
#6255=ADVANCED_FACE('',(#6256),#6262,.T.);
#6256=FACE_BOUND('',#6257,.T.);
#6257=EDGE_LOOP('',(#6258,#6259,#6260,#6261));
#6258=ORIENTED_EDGE('',*,*,#6243,.F.);
#6259=ORIENTED_EDGE('',*,*,#6110,.F.);
#6260=ORIENTED_EDGE('',*,*,#6085,.F.);
#6261=ORIENTED_EDGE('',*,*,#6062,.F.);
#6262=TOROIDAL_SURFACE('',#6263,1.143,0.127);
#6263=AXIS2_PLACEMENT_3D('',#6264,#6265,#6266);
#6264=CARTESIAN_POINT('',(-9.155166795,1.27,1.614302919));
#6265=DIRECTION('',(-0.173648178,0.0,-0.984807753));
#6266=DIRECTION('',(-0.984556829,0.022572657,0.173603933));
#6267=MANIFOLD_SOLID_BREP('',#6268);
#6268=CLOSED_SHELL('',(#6269,#6313,#6379,#6404,#6463,#6481,#6499,#6517,#6535,#6553));
#6269=ADVANCED_FACE('',(#6270),#6308,.T.);
#6270=FACE_BOUND('',#6271,.T.);
#6271=EDGE_LOOP('',(#6272,#6283,#6292,#6301));
#6272=ORIENTED_EDGE('',*,*,#6273,.T.);
#6273=EDGE_CURVE('',#6274,#6276,#6278,.T.);
#6274=VERTEX_POINT('',#6275);
#6275=CARTESIAN_POINT('',(-10.11655609,8.6868,2.57924296));
#6276=VERTEX_POINT('',#6277);
#6277=CARTESIAN_POINT('',(-10.050816052,8.6868,2.824588119));
#6278=CIRCLE('',#6279,0.127);
#6279=AXIS2_PLACEMENT_3D('',#6280,#6281,#6282);
#6280=CARTESIAN_POINT('',(-10.083686071,8.6868,2.701915539));
#6281=DIRECTION('',(0.0,1.0,0.0));
#6282=DIRECTION('',(-0.258819045,0.0,-0.965925826));
#6283=ORIENTED_EDGE('',*,*,#6284,.T.);
#6284=EDGE_CURVE('',#6276,#6285,#6287,.F.);
#6285=VERTEX_POINT('',#6286);
#6286=CARTESIAN_POINT('',(-8.946762833,9.8298,2.528757951));
#6287=CIRCLE('',#6288,1.143);
#6288=AXIS2_PLACEMENT_3D('',#6289,#6290,#6291);
#6289=CARTESIAN_POINT('',(-8.946762833,8.6868,2.528757951));
#6290=DIRECTION('',(0.258819045,0.0,0.965925826));
#6291=DIRECTION('',(-1.611325619E-14,1.0,4.317533985E-15));
#6292=ORIENTED_EDGE('',*,*,#6293,.T.);
#6293=EDGE_CURVE('',#6285,#6294,#6296,.T.);
#6294=VERTEX_POINT('',#6295);
#6295=CARTESIAN_POINT('',(-9.01250287,9.8298,2.283412791));
#6296=CIRCLE('',#6297,0.127);
#6297=AXIS2_PLACEMENT_3D('',#6298,#6299,#6300);
#6298=CARTESIAN_POINT('',(-8.979632852,9.8298,2.406085371));
#6299=DIRECTION('',(-0.965925826,0.0,0.258819045));
#6300=DIRECTION('',(0.258819045,0.0,0.965925826));
#6301=ORIENTED_EDGE('',*,*,#6302,.T.);
#6302=EDGE_CURVE('',#6294,#6274,#6303,.F.);
#6303=CIRCLE('',#6304,1.143);
#6304=AXIS2_PLACEMENT_3D('',#6305,#6306,#6307);
#6305=CARTESIAN_POINT('',(-9.01250287,8.6868,2.283412791));
#6306=DIRECTION('',(-0.258819045,0.0,-0.965925826));
#6307=DIRECTION('',(-0.965925826,0.0,0.258819045));
#6308=TOROIDAL_SURFACE('',#6309,1.143,0.127);
#6309=AXIS2_PLACEMENT_3D('',#6310,#6311,#6312);
#6310=CARTESIAN_POINT('',(-8.979632852,8.6868,2.406085371));
#6311=DIRECTION('',(0.258819045,0.0,0.965925826));
#6312=DIRECTION('',(0.015349238,0.999873735,-0.004112816));
#6313=ADVANCED_FACE('',(#6314),#6374,.T.);
#6314=FACE_BOUND('',#6315,.T.);
#6315=EDGE_LOOP('',(#6316,#6317,#6325,#6334,#6342,#6351,#6359,#6368));
#6316=ORIENTED_EDGE('',*,*,#6302,.F.);
#6317=ORIENTED_EDGE('',*,*,#6318,.T.);
#6318=EDGE_CURVE('',#6294,#6319,#6321,.T.);
#6319=VERTEX_POINT('',#6320);
#6320=CARTESIAN_POINT('',(-7.785777071,9.8298,1.954712604));
#6321=LINE('',#6322,#6323);
#6322=CARTESIAN_POINT('',(-9.01250287,9.8298,2.283412791));
#6323=VECTOR('',#6324,1.0);
#6324=DIRECTION('',(0.965925826,0.0,-0.258819045));
#6325=ORIENTED_EDGE('',*,*,#6326,.T.);
#6326=EDGE_CURVE('',#6319,#6327,#6329,.T.);
#6327=VERTEX_POINT('',#6328);
#6328=CARTESIAN_POINT('',(-6.681723851,8.6868,1.658882435));
#6329=CIRCLE('',#6330,1.143);
#6330=AXIS2_PLACEMENT_3D('',#6331,#6332,#6333);
#6331=CARTESIAN_POINT('',(-7.785777071,8.6868,1.954712604));
#6332=DIRECTION('',(-0.258819045,0.0,-0.965925826));
#6333=DIRECTION('',(1.496230932E-14,1.0,-4.0091387E-15));
#6334=ORIENTED_EDGE('',*,*,#6335,.T.);
#6335=EDGE_CURVE('',#6327,#6336,#6338,.T.);
#6336=VERTEX_POINT('',#6337);
#6337=CARTESIAN_POINT('',(-6.681723851,1.27,1.658882435));
#6338=LINE('',#6339,#6340);
#6339=CARTESIAN_POINT('',(-6.681723851,8.6868,1.658882435));
#6340=VECTOR('',#6341,1.0);
#6341=DIRECTION('',(0.0,-1.0,0.0));
#6342=ORIENTED_EDGE('',*,*,#6343,.T.);
#6343=EDGE_CURVE('',#6336,#6344,#6346,.T.);
#6344=VERTEX_POINT('',#6345);
#6345=CARTESIAN_POINT('',(-7.785777071,0.127,1.954712604));
#6346=CIRCLE('',#6347,1.143);
#6347=AXIS2_PLACEMENT_3D('',#6348,#6349,#6350);
#6348=CARTESIAN_POINT('',(-7.785777071,1.27,1.954712604));
#6349=DIRECTION('',(-0.258819045,0.0,-0.965925826));
#6350=DIRECTION('',(0.965925826,0.0,-0.258819045));
#6351=ORIENTED_EDGE('',*,*,#6352,.T.);
#6352=EDGE_CURVE('',#6344,#6353,#6355,.T.);
#6353=VERTEX_POINT('',#6354);
#6354=CARTESIAN_POINT('',(-9.01250287,0.127,2.283412791));
#6355=LINE('',#6356,#6357);
#6356=CARTESIAN_POINT('',(-7.785777071,0.127,1.954712604));
#6357=VECTOR('',#6358,1.0);
#6358=DIRECTION('',(-0.965925826,0.0,0.258819045));
#6359=ORIENTED_EDGE('',*,*,#6360,.T.);
#6360=EDGE_CURVE('',#6353,#6361,#6363,.T.);
#6361=VERTEX_POINT('',#6362);
#6362=CARTESIAN_POINT('',(-10.11655609,1.27,2.57924296));
#6363=CIRCLE('',#6364,1.143);
#6364=AXIS2_PLACEMENT_3D('',#6365,#6366,#6367);
#6365=CARTESIAN_POINT('',(-9.01250287,1.27,2.283412791));
#6366=DIRECTION('',(-0.258819045,0.0,-0.965925826));
#6367=DIRECTION('',(0.0,-1.0,0.0));
#6368=ORIENTED_EDGE('',*,*,#6369,.T.);
#6369=EDGE_CURVE('',#6361,#6274,#6370,.T.);
#6370=LINE('',#6371,#6372);
#6371=CARTESIAN_POINT('',(-10.11655609,1.27,2.57924296));
#6372=VECTOR('',#6373,1.0);
#6373=DIRECTION('',(0.0,1.0,0.0));
#6374=PLANE('',#6375);
#6375=AXIS2_PLACEMENT_3D('',#6376,#6377,#6378);
#6376=CARTESIAN_POINT('',(-6.559051271,0.0,1.626012416));
#6377=DIRECTION('',(-0.258819045,0.0,-0.965925826));
#6378=DIRECTION('',(-0.965925826,0.0,0.258819045));
#6379=ADVANCED_FACE('',(#6380),#6399,.T.);
#6380=FACE_BOUND('',#6381,.T.);
#6381=EDGE_LOOP('',(#6382,#6391,#6397,#6398));
#6382=ORIENTED_EDGE('',*,*,#6383,.T.);
#6383=EDGE_CURVE('',#6361,#6384,#6386,.F.);
#6384=VERTEX_POINT('',#6385);
#6385=CARTESIAN_POINT('',(-10.050816052,1.27,2.824588119));
#6386=CIRCLE('',#6387,0.127);
#6387=AXIS2_PLACEMENT_3D('',#6388,#6389,#6390);
#6388=CARTESIAN_POINT('',(-10.083686071,1.27,2.701915539));
#6389=DIRECTION('',(0.0,-1.0,0.0));
#6390=DIRECTION('',(0.258819045,0.0,0.965925826));
#6391=ORIENTED_EDGE('',*,*,#6392,.T.);
#6392=EDGE_CURVE('',#6384,#6276,#6393,.F.);
#6393=LINE('',#6394,#6395);
#6394=CARTESIAN_POINT('',(-10.050816052,8.6868,2.824588119));
#6395=VECTOR('',#6396,1.0);
#6396=DIRECTION('',(0.0,-1.0,0.0));
#6397=ORIENTED_EDGE('',*,*,#6273,.F.);
#6398=ORIENTED_EDGE('',*,*,#6369,.F.);
#6399=CYLINDRICAL_SURFACE('',#6400,0.127);
#6400=AXIS2_PLACEMENT_3D('',#6401,#6402,#6403);
#6401=CARTESIAN_POINT('',(-10.083686071,8.717093534,2.701915539));
#6402=DIRECTION('',(0.0,-1.0,0.0));
#6403=DIRECTION('',(0.258819045,0.0,0.965925826));
#6404=ADVANCED_FACE('',(#6405),#6458,.T.);
#6405=FACE_BOUND('',#6406,.T.);
#6406=EDGE_LOOP('',(#6407,#6416,#6424,#6433,#6441,#6450,#6456,#6457));
#6407=ORIENTED_EDGE('',*,*,#6408,.T.);
#6408=EDGE_CURVE('',#6384,#6409,#6411,.T.);
#6409=VERTEX_POINT('',#6410);
#6410=CARTESIAN_POINT('',(-8.946762833,0.127,2.528757951));
#6411=CIRCLE('',#6412,1.143);
#6412=AXIS2_PLACEMENT_3D('',#6413,#6414,#6415);
#6413=CARTESIAN_POINT('',(-8.946762833,1.27,2.528757951));
#6414=DIRECTION('',(0.258819045,0.0,0.965925826));
#6415=DIRECTION('',(-0.965925826,0.0,0.258819045));
#6416=ORIENTED_EDGE('',*,*,#6417,.T.);
#6417=EDGE_CURVE('',#6409,#6418,#6420,.T.);
#6418=VERTEX_POINT('',#6419);
#6419=CARTESIAN_POINT('',(-7.720037033,0.127,2.200057764));
#6420=LINE('',#6421,#6422);
#6421=CARTESIAN_POINT('',(-8.946762833,0.127,2.528757951));
#6422=VECTOR('',#6423,1.0);
#6423=DIRECTION('',(0.965925826,0.0,-0.258819045));
#6424=ORIENTED_EDGE('',*,*,#6425,.T.);
#6425=EDGE_CURVE('',#6418,#6426,#6428,.T.);
#6426=VERTEX_POINT('',#6427);
#6427=CARTESIAN_POINT('',(-6.615983814,1.27,1.904227595));
#6428=CIRCLE('',#6429,1.143);
#6429=AXIS2_PLACEMENT_3D('',#6430,#6431,#6432);
#6430=CARTESIAN_POINT('',(-7.720037033,1.27,2.200057764));
#6431=DIRECTION('',(0.258819045,0.0,0.965925826));
#6432=DIRECTION('',(0.0,-1.0,0.0));
#6433=ORIENTED_EDGE('',*,*,#6434,.T.);
#6434=EDGE_CURVE('',#6426,#6435,#6437,.T.);
#6435=VERTEX_POINT('',#6436);
#6436=CARTESIAN_POINT('',(-6.615983814,8.6868,1.904227595));
#6437=LINE('',#6438,#6439);
#6438=CARTESIAN_POINT('',(-6.615983814,1.27,1.904227595));
#6439=VECTOR('',#6440,1.0);
#6440=DIRECTION('',(0.0,1.0,0.0));
#6441=ORIENTED_EDGE('',*,*,#6442,.T.);
#6442=EDGE_CURVE('',#6435,#6443,#6445,.T.);
#6443=VERTEX_POINT('',#6444);
#6444=CARTESIAN_POINT('',(-7.720037033,9.8298,2.200057764));
#6445=CIRCLE('',#6446,1.143);
#6446=AXIS2_PLACEMENT_3D('',#6447,#6448,#6449);
#6447=CARTESIAN_POINT('',(-7.720037033,8.6868,2.200057764));
#6448=DIRECTION('',(0.258819045,0.0,0.965925826));
#6449=DIRECTION('',(0.965925826,0.0,-0.258819045));
#6450=ORIENTED_EDGE('',*,*,#6451,.T.);
#6451=EDGE_CURVE('',#6443,#6285,#6452,.T.);
#6452=LINE('',#6453,#6454);
#6453=CARTESIAN_POINT('',(-7.720037033,9.8298,2.200057764));
#6454=VECTOR('',#6455,1.0);
#6455=DIRECTION('',(-0.965925826,0.0,0.258819045));
#6456=ORIENTED_EDGE('',*,*,#6284,.F.);
#6457=ORIENTED_EDGE('',*,*,#6392,.F.);
#6458=PLANE('',#6459);
#6459=AXIS2_PLACEMENT_3D('',#6460,#6461,#6462);
#6460=CARTESIAN_POINT('',(-10.173488632,0.0,2.857458138));
#6461=DIRECTION('',(0.258819045,0.0,0.965925826));
#6462=DIRECTION('',(0.965925826,0.0,-0.258819045));
#6463=ADVANCED_FACE('',(#6464),#6476,.T.);
#6464=FACE_BOUND('',#6465,.T.);
#6465=EDGE_LOOP('',(#6466,#6467,#6468,#6475));
#6466=ORIENTED_EDGE('',*,*,#6293,.F.);
#6467=ORIENTED_EDGE('',*,*,#6451,.F.);
#6468=ORIENTED_EDGE('',*,*,#6469,.T.);
#6469=EDGE_CURVE('',#6443,#6319,#6470,.T.);
#6470=CIRCLE('',#6471,0.127);
#6471=AXIS2_PLACEMENT_3D('',#6472,#6473,#6474);
#6472=CARTESIAN_POINT('',(-7.752907052,9.8298,2.077385184));
#6473=DIRECTION('',(-0.965925826,0.0,0.258819045));
#6474=DIRECTION('',(0.258819045,0.0,0.965925826));
#6475=ORIENTED_EDGE('',*,*,#6318,.F.);
#6476=CYLINDRICAL_SURFACE('',#6477,0.127);
#6477=AXIS2_PLACEMENT_3D('',#6478,#6479,#6480);
#6478=CARTESIAN_POINT('',(-7.735956367,9.8298,2.072843261));
#6479=DIRECTION('',(-0.965925826,0.0,0.258819045));
#6480=DIRECTION('',(0.258819045,0.0,0.965925826));
#6481=ADVANCED_FACE('',(#6482),#6494,.T.);
#6482=FACE_BOUND('',#6483,.T.);
#6483=EDGE_LOOP('',(#6484,#6485,#6486,#6493));
#6484=ORIENTED_EDGE('',*,*,#6469,.F.);
#6485=ORIENTED_EDGE('',*,*,#6442,.F.);
#6486=ORIENTED_EDGE('',*,*,#6487,.T.);
#6487=EDGE_CURVE('',#6435,#6327,#6488,.T.);
#6488=CIRCLE('',#6489,0.127);
#6489=AXIS2_PLACEMENT_3D('',#6490,#6491,#6492);
#6490=CARTESIAN_POINT('',(-6.648853833,8.6868,1.781555015));
#6491=DIRECTION('',(0.0,1.0,0.0));
#6492=DIRECTION('',(0.258819045,0.0,0.965925826));
#6493=ORIENTED_EDGE('',*,*,#6326,.F.);
#6494=TOROIDAL_SURFACE('',#6495,1.143,0.127);
#6495=AXIS2_PLACEMENT_3D('',#6496,#6497,#6498);
#6496=CARTESIAN_POINT('',(-7.752907052,8.6868,2.077385184));
#6497=DIRECTION('',(-0.258819045,0.0,-0.965925826));
#6498=DIRECTION('',(0.965679713,-0.022572657,-0.258753099));
#6499=ADVANCED_FACE('',(#6500),#6512,.T.);
#6500=FACE_BOUND('',#6501,.T.);
#6501=EDGE_LOOP('',(#6502,#6503,#6504,#6511));
#6502=ORIENTED_EDGE('',*,*,#6487,.F.);
#6503=ORIENTED_EDGE('',*,*,#6434,.F.);
#6504=ORIENTED_EDGE('',*,*,#6505,.T.);
#6505=EDGE_CURVE('',#6426,#6336,#6506,.T.);
#6506=CIRCLE('',#6507,0.127);
#6507=AXIS2_PLACEMENT_3D('',#6508,#6509,#6510);
#6508=CARTESIAN_POINT('',(-6.648853833,1.27,1.781555015));
#6509=DIRECTION('',(0.0,1.0,0.0));
#6510=DIRECTION('',(0.258819045,0.0,0.965925826));
#6511=ORIENTED_EDGE('',*,*,#6335,.F.);
#6512=CYLINDRICAL_SURFACE('',#6513,0.127);
#6513=AXIS2_PLACEMENT_3D('',#6514,#6515,#6516);
#6514=CARTESIAN_POINT('',(-6.648853833,1.252451359,1.781555015));
#6515=DIRECTION('',(0.0,1.0,0.0));
#6516=DIRECTION('',(0.258819045,0.0,0.965925826));
#6517=ADVANCED_FACE('',(#6518),#6530,.T.);
#6518=FACE_BOUND('',#6519,.T.);
#6519=EDGE_LOOP('',(#6520,#6521,#6522,#6529));
#6520=ORIENTED_EDGE('',*,*,#6505,.F.);
#6521=ORIENTED_EDGE('',*,*,#6425,.F.);
#6522=ORIENTED_EDGE('',*,*,#6523,.T.);
#6523=EDGE_CURVE('',#6418,#6344,#6524,.T.);
#6524=CIRCLE('',#6525,0.127);
#6525=AXIS2_PLACEMENT_3D('',#6526,#6527,#6528);
#6526=CARTESIAN_POINT('',(-7.752907052,0.127,2.077385184));
#6527=DIRECTION('',(0.965925826,0.0,-0.258819045));
#6528=DIRECTION('',(0.258819045,0.0,0.965925826));
#6529=ORIENTED_EDGE('',*,*,#6343,.F.);
#6530=TOROIDAL_SURFACE('',#6531,1.143,0.127);
#6531=AXIS2_PLACEMENT_3D('',#6532,#6533,#6534);
#6532=CARTESIAN_POINT('',(-7.752907052,1.27,2.077385184));
#6533=DIRECTION('',(0.258819045,0.0,0.965925826));
#6534=DIRECTION('',(-0.015349238,-0.999873735,0.004112816));
#6535=ADVANCED_FACE('',(#6536),#6548,.T.);
#6536=FACE_BOUND('',#6537,.T.);
#6537=EDGE_LOOP('',(#6538,#6539,#6540,#6547));
#6538=ORIENTED_EDGE('',*,*,#6523,.F.);
#6539=ORIENTED_EDGE('',*,*,#6417,.F.);
#6540=ORIENTED_EDGE('',*,*,#6541,.T.);
#6541=EDGE_CURVE('',#6409,#6353,#6542,.T.);
#6542=CIRCLE('',#6543,0.127);
#6543=AXIS2_PLACEMENT_3D('',#6544,#6545,#6546);
#6544=CARTESIAN_POINT('',(-8.979632852,0.127,2.406085371));
#6545=DIRECTION('',(0.965925826,0.0,-0.258819045));
#6546=DIRECTION('',(0.258819045,0.0,0.965925826));
#6547=ORIENTED_EDGE('',*,*,#6352,.F.);
#6548=CYLINDRICAL_SURFACE('',#6549,0.127);
#6549=AXIS2_PLACEMENT_3D('',#6550,#6551,#6552);
#6550=CARTESIAN_POINT('',(-9.008894158,0.127,2.413925914));
#6551=DIRECTION('',(0.965925826,0.0,-0.258819045));
#6552=DIRECTION('',(0.258819045,0.0,0.965925826));
#6553=ADVANCED_FACE('',(#6554),#6560,.T.);
#6554=FACE_BOUND('',#6555,.T.);
#6555=EDGE_LOOP('',(#6556,#6557,#6558,#6559));
#6556=ORIENTED_EDGE('',*,*,#6541,.F.);
#6557=ORIENTED_EDGE('',*,*,#6408,.F.);
#6558=ORIENTED_EDGE('',*,*,#6383,.F.);
#6559=ORIENTED_EDGE('',*,*,#6360,.F.);
#6560=TOROIDAL_SURFACE('',#6561,1.143,0.127);
#6561=AXIS2_PLACEMENT_3D('',#6562,#6563,#6564);
#6562=CARTESIAN_POINT('',(-8.979632852,1.27,2.406085371));
#6563=DIRECTION('',(-0.258819045,0.0,-0.965925826));
#6564=DIRECTION('',(-0.965679713,0.022572657,0.258753099));
#6565=MANIFOLD_SOLID_BREP('',#6566);
#6566=CLOSED_SHELL('',(#6567,#6611,#6677,#6702,#6761,#6779,#6797,#6815,#6833,#6851));
#6567=ADVANCED_FACE('',(#6568),#6606,.T.);
#6568=FACE_BOUND('',#6569,.T.);
#6569=EDGE_LOOP('',(#6570,#6581,#6590,#6599));
#6570=ORIENTED_EDGE('',*,*,#6571,.T.);
#6571=EDGE_CURVE('',#6572,#6574,#6576,.T.);
#6572=VERTEX_POINT('',#6573);
#6573=CARTESIAN_POINT('',(-9.853263704,8.6868,3.451144121));
#6574=VERTEX_POINT('',#6575);
#6575=CARTESIAN_POINT('',(-9.766390587,8.6868,3.689826047));
#6576=CIRCLE('',#6577,0.127);
#6577=AXIS2_PLACEMENT_3D('',#6578,#6579,#6580);
#6578=CARTESIAN_POINT('',(-9.809827145,8.6868,3.570485084));
#6579=DIRECTION('',(0.0,1.0,0.0));
#6580=DIRECTION('',(-0.342020143,0.0,-0.939692621));
#6581=ORIENTED_EDGE('',*,*,#6582,.T.);
#6582=EDGE_CURVE('',#6574,#6583,#6585,.F.);
#6583=VERTEX_POINT('',#6584);
#6584=CARTESIAN_POINT('',(-8.692321922,9.8298,3.298897023));
#6585=CIRCLE('',#6586,1.143);
#6586=AXIS2_PLACEMENT_3D('',#6587,#6588,#6589);
#6587=CARTESIAN_POINT('',(-8.692321922,8.6868,3.298897023));
#6588=DIRECTION('',(0.342020143,0.0,0.939692621));
#6589=DIRECTION('',(0.0,1.0,0.0));
#6590=ORIENTED_EDGE('',*,*,#6591,.T.);
#6591=EDGE_CURVE('',#6583,#6592,#6594,.T.);
#6592=VERTEX_POINT('',#6593);
#6593=CARTESIAN_POINT('',(-8.779195038,9.8298,3.060215098));
#6594=CIRCLE('',#6595,0.127);
#6595=AXIS2_PLACEMENT_3D('',#6596,#6597,#6598);
#6596=CARTESIAN_POINT('',(-8.73575848,9.8298,3.17955606));
#6597=DIRECTION('',(-0.939692621,0.0,0.342020143));
#6598=DIRECTION('',(0.342020143,0.0,0.939692621));
#6599=ORIENTED_EDGE('',*,*,#6600,.T.);
#6600=EDGE_CURVE('',#6592,#6572,#6601,.F.);
#6601=CIRCLE('',#6602,1.143);
#6602=AXIS2_PLACEMENT_3D('',#6603,#6604,#6605);
#6603=CARTESIAN_POINT('',(-8.779195038,8.6868,3.060215098));
#6604=DIRECTION('',(-0.342020143,0.0,-0.939692621));
#6605=DIRECTION('',(-0.939692621,0.0,0.342020143));
#6606=TOROIDAL_SURFACE('',#6607,1.143,0.127);
#6607=AXIS2_PLACEMENT_3D('',#6608,#6609,#6610);
#6608=CARTESIAN_POINT('',(-8.73575848,8.6868,3.17955606));
#6609=DIRECTION('',(0.342020143,0.0,0.939692621));
#6610=DIRECTION('',(0.014932374,0.999873735,-0.00543494));
#6611=ADVANCED_FACE('',(#6612),#6672,.T.);
#6612=FACE_BOUND('',#6613,.T.);
#6613=EDGE_LOOP('',(#6614,#6615,#6623,#6632,#6640,#6649,#6657,#6666));
#6614=ORIENTED_EDGE('',*,*,#6600,.F.);
#6615=ORIENTED_EDGE('',*,*,#6616,.T.);
#6616=EDGE_CURVE('',#6592,#6617,#6619,.T.);
#6617=VERTEX_POINT('',#6618);
#6618=CARTESIAN_POINT('',(-7.58578541,9.8298,2.625849516));
#6619=LINE('',#6620,#6621);
#6620=CARTESIAN_POINT('',(-8.779195038,9.8298,3.060215098));
#6621=VECTOR('',#6622,1.0);
#6622=DIRECTION('',(0.939692621,0.0,-0.342020143));
#6623=ORIENTED_EDGE('',*,*,#6624,.T.);
#6624=EDGE_CURVE('',#6617,#6625,#6627,.T.);
#6625=VERTEX_POINT('',#6626);
#6626=CARTESIAN_POINT('',(-6.511716744,8.6868,2.234920492));
#6627=CIRCLE('',#6628,1.143);
#6628=AXIS2_PLACEMENT_3D('',#6629,#6630,#6631);
#6629=CARTESIAN_POINT('',(-7.58578541,8.6868,2.625849516));
#6630=DIRECTION('',(-0.342020143,0.0,-0.939692621));
#6631=DIRECTION('',(0.0,1.0,0.0));
#6632=ORIENTED_EDGE('',*,*,#6633,.T.);
#6633=EDGE_CURVE('',#6625,#6634,#6636,.T.);
#6634=VERTEX_POINT('',#6635);
#6635=CARTESIAN_POINT('',(-6.511716744,1.27,2.234920492));
#6636=LINE('',#6637,#6638);
#6637=CARTESIAN_POINT('',(-6.511716744,8.6868,2.234920492));
#6638=VECTOR('',#6639,1.0);
#6639=DIRECTION('',(0.0,-1.0,0.0));
#6640=ORIENTED_EDGE('',*,*,#6641,.T.);
#6641=EDGE_CURVE('',#6634,#6642,#6644,.T.);
#6642=VERTEX_POINT('',#6643);
#6643=CARTESIAN_POINT('',(-7.58578541,0.127,2.625849516));
#6644=CIRCLE('',#6645,1.143);
#6645=AXIS2_PLACEMENT_3D('',#6646,#6647,#6648);
#6646=CARTESIAN_POINT('',(-7.58578541,1.27,2.625849516));
#6647=DIRECTION('',(-0.342020143,0.0,-0.939692621));
#6648=DIRECTION('',(0.939692621,0.0,-0.342020143));
#6649=ORIENTED_EDGE('',*,*,#6650,.T.);
#6650=EDGE_CURVE('',#6642,#6651,#6653,.T.);
#6651=VERTEX_POINT('',#6652);
#6652=CARTESIAN_POINT('',(-8.779195038,0.127,3.060215098));
#6653=LINE('',#6654,#6655);
#6654=CARTESIAN_POINT('',(-7.58578541,0.127,2.625849516));
#6655=VECTOR('',#6656,1.0);
#6656=DIRECTION('',(-0.939692621,0.0,0.342020143));
#6657=ORIENTED_EDGE('',*,*,#6658,.T.);
#6658=EDGE_CURVE('',#6651,#6659,#6661,.T.);
#6659=VERTEX_POINT('',#6660);
#6660=CARTESIAN_POINT('',(-9.853263704,1.27,3.451144121));
#6661=CIRCLE('',#6662,1.143);
#6662=AXIS2_PLACEMENT_3D('',#6663,#6664,#6665);
#6663=CARTESIAN_POINT('',(-8.779195038,1.27,3.060215098));
#6664=DIRECTION('',(-0.342020143,0.0,-0.939692621));
#6665=DIRECTION('',(0.0,-1.0,0.0));
#6666=ORIENTED_EDGE('',*,*,#6667,.T.);
#6667=EDGE_CURVE('',#6659,#6572,#6668,.T.);
#6668=LINE('',#6669,#6670);
#6669=CARTESIAN_POINT('',(-9.853263704,1.27,3.451144121));
#6670=VECTOR('',#6671,1.0);
#6671=DIRECTION('',(0.0,1.0,0.0));
#6672=PLANE('',#6673);
#6673=AXIS2_PLACEMENT_3D('',#6674,#6675,#6676);
#6674=CARTESIAN_POINT('',(-6.392375781,0.0,2.191483934));
#6675=DIRECTION('',(-0.342020143,0.0,-0.939692621));
#6676=DIRECTION('',(-0.939692621,0.0,0.342020143));
#6677=ADVANCED_FACE('',(#6678),#6697,.T.);
#6678=FACE_BOUND('',#6679,.T.);
#6679=EDGE_LOOP('',(#6680,#6689,#6695,#6696));
#6680=ORIENTED_EDGE('',*,*,#6681,.T.);
#6681=EDGE_CURVE('',#6659,#6682,#6684,.F.);
#6682=VERTEX_POINT('',#6683);
#6683=CARTESIAN_POINT('',(-9.766390587,1.27,3.689826047));
#6684=CIRCLE('',#6685,0.127);
#6685=AXIS2_PLACEMENT_3D('',#6686,#6687,#6688);
#6686=CARTESIAN_POINT('',(-9.809827145,1.27,3.570485084));
#6687=DIRECTION('',(0.0,-1.0,0.0));
#6688=DIRECTION('',(0.342020143,0.0,0.939692621));
#6689=ORIENTED_EDGE('',*,*,#6690,.T.);
#6690=EDGE_CURVE('',#6682,#6574,#6691,.F.);
#6691=LINE('',#6692,#6693);
#6692=CARTESIAN_POINT('',(-9.766390587,8.6868,3.689826047));
#6693=VECTOR('',#6694,1.0);
#6694=DIRECTION('',(0.0,-1.0,0.0));
#6695=ORIENTED_EDGE('',*,*,#6571,.F.);
#6696=ORIENTED_EDGE('',*,*,#6667,.F.);
#6697=CYLINDRICAL_SURFACE('',#6698,0.127);
#6698=AXIS2_PLACEMENT_3D('',#6699,#6700,#6701);
#6699=CARTESIAN_POINT('',(-9.809827145,8.717093534,3.570485084));
#6700=DIRECTION('',(0.0,-1.0,0.0));
#6701=DIRECTION('',(0.342020143,0.0,0.939692621));
#6702=ADVANCED_FACE('',(#6703),#6756,.T.);
#6703=FACE_BOUND('',#6704,.T.);
#6704=EDGE_LOOP('',(#6705,#6714,#6722,#6731,#6739,#6748,#6754,#6755));
#6705=ORIENTED_EDGE('',*,*,#6706,.T.);
#6706=EDGE_CURVE('',#6682,#6707,#6709,.T.);
#6707=VERTEX_POINT('',#6708);
#6708=CARTESIAN_POINT('',(-8.692321922,0.127,3.298897023));
#6709=CIRCLE('',#6710,1.143);
#6710=AXIS2_PLACEMENT_3D('',#6711,#6712,#6713);
#6711=CARTESIAN_POINT('',(-8.692321922,1.27,3.298897023));
#6712=DIRECTION('',(0.342020143,0.0,0.939692621));
#6713=DIRECTION('',(-0.939692621,0.0,0.342020143));
#6714=ORIENTED_EDGE('',*,*,#6715,.T.);
#6715=EDGE_CURVE('',#6707,#6716,#6718,.T.);
#6716=VERTEX_POINT('',#6717);
#6717=CARTESIAN_POINT('',(-7.498912293,0.127,2.864531441));
#6718=LINE('',#6719,#6720);
#6719=CARTESIAN_POINT('',(-8.692321922,0.127,3.298897023));
#6720=VECTOR('',#6721,1.0);
#6721=DIRECTION('',(0.939692621,0.0,-0.342020143));
#6722=ORIENTED_EDGE('',*,*,#6723,.T.);
#6723=EDGE_CURVE('',#6716,#6724,#6726,.T.);
#6724=VERTEX_POINT('',#6725);
#6725=CARTESIAN_POINT('',(-6.424843628,1.27,2.473602417));
#6726=CIRCLE('',#6727,1.143);
#6727=AXIS2_PLACEMENT_3D('',#6728,#6729,#6730);
#6728=CARTESIAN_POINT('',(-7.498912293,1.27,2.864531441));
#6729=DIRECTION('',(0.342020143,0.0,0.939692621));
#6730=DIRECTION('',(0.0,-1.0,0.0));
#6731=ORIENTED_EDGE('',*,*,#6732,.T.);
#6732=EDGE_CURVE('',#6724,#6733,#6735,.T.);
#6733=VERTEX_POINT('',#6734);
#6734=CARTESIAN_POINT('',(-6.424843628,8.6868,2.473602417));
#6735=LINE('',#6736,#6737);
#6736=CARTESIAN_POINT('',(-6.424843628,1.27,2.473602417));
#6737=VECTOR('',#6738,1.0);
#6738=DIRECTION('',(0.0,1.0,0.0));
#6739=ORIENTED_EDGE('',*,*,#6740,.T.);
#6740=EDGE_CURVE('',#6733,#6741,#6743,.T.);
#6741=VERTEX_POINT('',#6742);
#6742=CARTESIAN_POINT('',(-7.498912293,9.8298,2.864531441));
#6743=CIRCLE('',#6744,1.143);
#6744=AXIS2_PLACEMENT_3D('',#6745,#6746,#6747);
#6745=CARTESIAN_POINT('',(-7.498912293,8.6868,2.864531441));
#6746=DIRECTION('',(0.342020143,0.0,0.939692621));
#6747=DIRECTION('',(0.939692621,2.590520391E-14,-0.342020143));
#6748=ORIENTED_EDGE('',*,*,#6749,.T.);
#6749=EDGE_CURVE('',#6741,#6583,#6750,.T.);
#6750=LINE('',#6751,#6752);
#6751=CARTESIAN_POINT('',(-7.498912293,9.8298,2.864531441));
#6752=VECTOR('',#6753,1.0);
#6753=DIRECTION('',(-0.939692621,0.0,0.342020143));
#6754=ORIENTED_EDGE('',*,*,#6582,.F.);
#6755=ORIENTED_EDGE('',*,*,#6690,.F.);
#6756=PLANE('',#6757);
#6757=AXIS2_PLACEMENT_3D('',#6758,#6759,#6760);
#6758=CARTESIAN_POINT('',(-9.88573155,0.0,3.733262605));
#6759=DIRECTION('',(0.342020143,0.0,0.939692621));
#6760=DIRECTION('',(0.939692621,0.0,-0.342020143));
#6761=ADVANCED_FACE('',(#6762),#6774,.T.);
#6762=FACE_BOUND('',#6763,.T.);
#6763=EDGE_LOOP('',(#6764,#6765,#6766,#6773));
#6764=ORIENTED_EDGE('',*,*,#6591,.F.);
#6765=ORIENTED_EDGE('',*,*,#6749,.F.);
#6766=ORIENTED_EDGE('',*,*,#6767,.T.);
#6767=EDGE_CURVE('',#6741,#6617,#6768,.T.);
#6768=CIRCLE('',#6769,0.127);
#6769=AXIS2_PLACEMENT_3D('',#6770,#6771,#6772);
#6770=CARTESIAN_POINT('',(-7.542348851,9.8298,2.745190478));
#6771=DIRECTION('',(-0.939692621,0.0,0.342020143));
#6772=DIRECTION('',(0.342020143,-2.220446049E-14,0.939692621));
#6773=ORIENTED_EDGE('',*,*,#6616,.F.);
#6774=CYLINDRICAL_SURFACE('',#6775,0.127);
#6775=AXIS2_PLACEMENT_3D('',#6776,#6777,#6778);
#6776=CARTESIAN_POINT('',(-7.525858523,9.8298,2.73918849));
#6777=DIRECTION('',(-0.939692621,0.0,0.342020143));
#6778=DIRECTION('',(0.342020143,0.0,0.939692621));
#6779=ADVANCED_FACE('',(#6780),#6792,.T.);
#6780=FACE_BOUND('',#6781,.T.);
#6781=EDGE_LOOP('',(#6782,#6783,#6784,#6791));
#6782=ORIENTED_EDGE('',*,*,#6767,.F.);
#6783=ORIENTED_EDGE('',*,*,#6740,.F.);
#6784=ORIENTED_EDGE('',*,*,#6785,.T.);
#6785=EDGE_CURVE('',#6733,#6625,#6786,.T.);
#6786=CIRCLE('',#6787,0.127);
#6787=AXIS2_PLACEMENT_3D('',#6788,#6789,#6790);
#6788=CARTESIAN_POINT('',(-6.468280186,8.6868,2.354261455));
#6789=DIRECTION('',(0.0,1.0,0.0));
#6790=DIRECTION('',(0.342020143,0.0,0.939692621));
#6791=ORIENTED_EDGE('',*,*,#6624,.F.);
#6792=TOROIDAL_SURFACE('',#6793,1.143,0.127);
#6793=AXIS2_PLACEMENT_3D('',#6794,#6795,#6796);
#6794=CARTESIAN_POINT('',(-7.542348851,8.6868,2.745190478));
#6795=DIRECTION('',(-0.342020143,0.0,-0.939692621));
#6796=DIRECTION('',(0.939453192,-0.022572657,-0.341932998));
#6797=ADVANCED_FACE('',(#6798),#6810,.T.);
#6798=FACE_BOUND('',#6799,.T.);
#6799=EDGE_LOOP('',(#6800,#6801,#6802,#6809));
#6800=ORIENTED_EDGE('',*,*,#6785,.F.);
#6801=ORIENTED_EDGE('',*,*,#6732,.F.);
#6802=ORIENTED_EDGE('',*,*,#6803,.T.);
#6803=EDGE_CURVE('',#6724,#6634,#6804,.T.);
#6804=CIRCLE('',#6805,0.127);
#6805=AXIS2_PLACEMENT_3D('',#6806,#6807,#6808);
#6806=CARTESIAN_POINT('',(-6.468280186,1.27,2.354261455));
#6807=DIRECTION('',(0.0,1.0,0.0));
#6808=DIRECTION('',(0.342020143,0.0,0.939692621));
#6809=ORIENTED_EDGE('',*,*,#6633,.F.);
#6810=CYLINDRICAL_SURFACE('',#6811,0.127);
#6811=AXIS2_PLACEMENT_3D('',#6812,#6813,#6814);
#6812=CARTESIAN_POINT('',(-6.468280186,1.252451359,2.354261455));
#6813=DIRECTION('',(0.0,1.0,0.0));
#6814=DIRECTION('',(0.342020143,0.0,0.939692621));
#6815=ADVANCED_FACE('',(#6816),#6828,.T.);
#6816=FACE_BOUND('',#6817,.T.);
#6817=EDGE_LOOP('',(#6818,#6819,#6820,#6827));
#6818=ORIENTED_EDGE('',*,*,#6803,.F.);
#6819=ORIENTED_EDGE('',*,*,#6723,.F.);
#6820=ORIENTED_EDGE('',*,*,#6821,.T.);
#6821=EDGE_CURVE('',#6716,#6642,#6822,.T.);
#6822=CIRCLE('',#6823,0.127);
#6823=AXIS2_PLACEMENT_3D('',#6824,#6825,#6826);
#6824=CARTESIAN_POINT('',(-7.542348851,0.127,2.745190478));
#6825=DIRECTION('',(0.939692621,0.0,-0.342020143));
#6826=DIRECTION('',(0.342020143,0.0,0.939692621));
#6827=ORIENTED_EDGE('',*,*,#6641,.F.);
#6828=TOROIDAL_SURFACE('',#6829,1.143,0.127);
#6829=AXIS2_PLACEMENT_3D('',#6830,#6831,#6832);
#6830=CARTESIAN_POINT('',(-7.542348851,1.27,2.745190478));
#6831=DIRECTION('',(0.342020143,0.0,0.939692621));
#6832=DIRECTION('',(-0.014932374,-0.999873735,0.00543494));
#6833=ADVANCED_FACE('',(#6834),#6846,.T.);
#6834=FACE_BOUND('',#6835,.T.);
#6835=EDGE_LOOP('',(#6836,#6837,#6838,#6845));
#6836=ORIENTED_EDGE('',*,*,#6821,.F.);
#6837=ORIENTED_EDGE('',*,*,#6715,.F.);
#6838=ORIENTED_EDGE('',*,*,#6839,.T.);
#6839=EDGE_CURVE('',#6707,#6651,#6840,.T.);
#6840=CIRCLE('',#6841,0.127);
#6841=AXIS2_PLACEMENT_3D('',#6842,#6843,#6844);
#6842=CARTESIAN_POINT('',(-8.73575848,0.127,3.17955606));
#6843=DIRECTION('',(0.939692621,0.0,-0.342020143));
#6844=DIRECTION('',(0.342020143,0.0,0.939692621));
#6845=ORIENTED_EDGE('',*,*,#6650,.F.);
#6846=CYLINDRICAL_SURFACE('',#6847,0.127);
#6847=AXIS2_PLACEMENT_3D('',#6848,#6849,#6850);
#6848=CARTESIAN_POINT('',(-8.76422509,0.127,3.189917059));
#6849=DIRECTION('',(0.939692621,0.0,-0.342020143));
#6850=DIRECTION('',(0.342020143,0.0,0.939692621));
#6851=ADVANCED_FACE('',(#6852),#6858,.T.);
#6852=FACE_BOUND('',#6853,.T.);
#6853=EDGE_LOOP('',(#6854,#6855,#6856,#6857));
#6854=ORIENTED_EDGE('',*,*,#6839,.F.);
#6855=ORIENTED_EDGE('',*,*,#6706,.F.);
#6856=ORIENTED_EDGE('',*,*,#6681,.F.);
#6857=ORIENTED_EDGE('',*,*,#6658,.F.);
#6858=TOROIDAL_SURFACE('',#6859,1.143,0.127);
#6859=AXIS2_PLACEMENT_3D('',#6860,#6861,#6862);
#6860=CARTESIAN_POINT('',(-8.73575848,1.27,3.17955606));
#6861=DIRECTION('',(-0.342020143,0.0,-0.939692621));
#6862=DIRECTION('',(-0.939453192,0.022572657,0.341932998));
#6863=MANIFOLD_SOLID_BREP('',#6864);
#6864=CLOSED_SHELL('',(#6865,#6909,#6975,#7000,#7059,#7077,#7095,#7113,#7131,#7149));
#6865=ADVANCED_FACE('',(#6866),#6904,.T.);
#6866=FACE_BOUND('',#6867,.T.);
#6867=EDGE_LOOP('',(#6868,#6879,#6888,#6897));
#6868=ORIENTED_EDGE('',*,*,#6869,.T.);
#6869=EDGE_CURVE('',#6870,#6872,#6874,.T.);
#6870=VERTEX_POINT('',#6871);
#6871=CARTESIAN_POINT('',(-9.514982031,8.6868,4.296779993));
#6872=VERTEX_POINT('',#6873);
#6873=CARTESIAN_POINT('',(-9.407636993,8.6868,4.526982171));
#6874=CIRCLE('',#6875,0.127);
#6875=AXIS2_PLACEMENT_3D('',#6876,#6877,#6878);
#6876=CARTESIAN_POINT('',(-9.461309512,8.6868,4.411881082));
#6877=DIRECTION('',(0.0,1.0,0.0));
#6878=DIRECTION('',(-0.422618262,0.0,-0.906307787));
#6879=ORIENTED_EDGE('',*,*,#6880,.T.);
#6880=EDGE_CURVE('',#6872,#6881,#6883,.F.);
#6881=VERTEX_POINT('',#6882);
#6882=CARTESIAN_POINT('',(-8.371727192,9.8298,4.043929497));
#6883=CIRCLE('',#6884,1.143);
#6884=AXIS2_PLACEMENT_3D('',#6885,#6886,#6887);
#6885=CARTESIAN_POINT('',(-8.371727192,8.6868,4.043929497));
#6886=DIRECTION('',(0.422618262,0.0,0.906307787));
#6887=DIRECTION('',(0.0,1.0,0.0));
#6888=ORIENTED_EDGE('',*,*,#6889,.T.);
#6889=EDGE_CURVE('',#6881,#6890,#6892,.T.);
#6890=VERTEX_POINT('',#6891);
#6891=CARTESIAN_POINT('',(-8.479072231,9.8298,3.813727319));
#6892=CIRCLE('',#6893,0.127);
#6893=AXIS2_PLACEMENT_3D('',#6894,#6895,#6896);
#6894=CARTESIAN_POINT('',(-8.425399711,9.8298,3.928828408));
#6895=DIRECTION('',(-0.906307787,0.0,0.422618262));
#6896=DIRECTION('',(0.422618262,0.0,0.906307787));
#6897=ORIENTED_EDGE('',*,*,#6898,.T.);
#6898=EDGE_CURVE('',#6890,#6870,#6899,.F.);
#6899=CIRCLE('',#6900,1.143);
#6900=AXIS2_PLACEMENT_3D('',#6901,#6902,#6903);
#6901=CARTESIAN_POINT('',(-8.479072231,8.6868,3.813727319));
#6902=DIRECTION('',(-0.422618262,0.0,-0.906307787));
#6903=DIRECTION('',(-0.906307787,0.0,0.422618262));
#6904=TOROIDAL_SURFACE('',#6905,1.143,0.127);
#6905=AXIS2_PLACEMENT_3D('',#6906,#6907,#6908);
#6906=CARTESIAN_POINT('',(-8.425399711,8.6868,3.928828408));
#6907=DIRECTION('',(0.422618262,0.0,0.906307787));
#6908=DIRECTION('',(0.014401866,0.999873735,-0.0067157));
#6909=ADVANCED_FACE('',(#6910),#6970,.T.);
#6910=FACE_BOUND('',#6911,.T.);
#6911=EDGE_LOOP('',(#6912,#6913,#6921,#6930,#6938,#6947,#6955,#6964));
#6912=ORIENTED_EDGE('',*,*,#6898,.F.);
#6913=ORIENTED_EDGE('',*,*,#6914,.T.);
#6914=EDGE_CURVE('',#6890,#6915,#6917,.T.);
#6915=VERTEX_POINT('',#6916);
#6916=CARTESIAN_POINT('',(-7.328061341,9.8298,3.277002127));
#6917=LINE('',#6918,#6919);
#6918=CARTESIAN_POINT('',(-8.479072231,9.8298,3.813727319));
#6919=VECTOR('',#6920,1.0);
#6920=DIRECTION('',(0.906307787,0.0,-0.422618262));
#6921=ORIENTED_EDGE('',*,*,#6922,.T.);
#6922=EDGE_CURVE('',#6915,#6923,#6925,.T.);
#6923=VERTEX_POINT('',#6924);
#6924=CARTESIAN_POINT('',(-6.292151541,8.6868,2.793949454));
#6925=CIRCLE('',#6926,1.143);
#6926=AXIS2_PLACEMENT_3D('',#6927,#6928,#6929);
#6927=CARTESIAN_POINT('',(-7.328061341,8.6868,3.277002127));
#6928=DIRECTION('',(-0.422618262,0.0,-0.906307787));
#6929=DIRECTION('',(0.0,1.0,0.0));
#6930=ORIENTED_EDGE('',*,*,#6931,.T.);
#6931=EDGE_CURVE('',#6923,#6932,#6934,.T.);
#6932=VERTEX_POINT('',#6933);
#6933=CARTESIAN_POINT('',(-6.292151541,1.27,2.793949454));
#6934=LINE('',#6935,#6936);
#6935=CARTESIAN_POINT('',(-6.292151541,8.6868,2.793949454));
#6936=VECTOR('',#6937,1.0);
#6937=DIRECTION('',(0.0,-1.0,0.0));
#6938=ORIENTED_EDGE('',*,*,#6939,.T.);
#6939=EDGE_CURVE('',#6932,#6940,#6942,.T.);
#6940=VERTEX_POINT('',#6941);
#6941=CARTESIAN_POINT('',(-7.328061341,0.127,3.277002127));
#6942=CIRCLE('',#6943,1.143);
#6943=AXIS2_PLACEMENT_3D('',#6944,#6945,#6946);
#6944=CARTESIAN_POINT('',(-7.328061341,1.27,3.277002127));
#6945=DIRECTION('',(-0.422618262,0.0,-0.906307787));
#6946=DIRECTION('',(0.906307787,-1.804112415E-14,-0.422618262));
#6947=ORIENTED_EDGE('',*,*,#6948,.T.);
#6948=EDGE_CURVE('',#6940,#6949,#6951,.T.);
#6949=VERTEX_POINT('',#6950);
#6950=CARTESIAN_POINT('',(-8.479072231,0.127,3.813727319));
#6951=LINE('',#6952,#6953);
#6952=CARTESIAN_POINT('',(-7.328061341,0.127,3.277002127));
#6953=VECTOR('',#6954,1.0);
#6954=DIRECTION('',(-0.906307787,0.0,0.422618262));
#6955=ORIENTED_EDGE('',*,*,#6956,.T.);
#6956=EDGE_CURVE('',#6949,#6957,#6959,.T.);
#6957=VERTEX_POINT('',#6958);
#6958=CARTESIAN_POINT('',(-9.514982031,1.27,4.296779993));
#6959=CIRCLE('',#6960,1.143);
#6960=AXIS2_PLACEMENT_3D('',#6961,#6962,#6963);
#6961=CARTESIAN_POINT('',(-8.479072231,1.27,3.813727319));
#6962=DIRECTION('',(-0.422618262,0.0,-0.906307787));
#6963=DIRECTION('',(0.0,-1.0,0.0));
#6964=ORIENTED_EDGE('',*,*,#6965,.T.);
#6965=EDGE_CURVE('',#6957,#6870,#6966,.T.);
#6966=LINE('',#6967,#6968);
#6967=CARTESIAN_POINT('',(-9.514982031,1.27,4.296779993));
#6968=VECTOR('',#6969,1.0);
#6969=DIRECTION('',(0.0,1.0,0.0));
#6970=PLANE('',#6971);
#6971=AXIS2_PLACEMENT_3D('',#6972,#6973,#6974);
#6972=CARTESIAN_POINT('',(-6.177050452,0.0,2.740276935));
#6973=DIRECTION('',(-0.422618262,0.0,-0.906307787));
#6974=DIRECTION('',(-0.906307787,0.0,0.422618262));
#6975=ADVANCED_FACE('',(#6976),#6995,.T.);
#6976=FACE_BOUND('',#6977,.T.);
#6977=EDGE_LOOP('',(#6978,#6987,#6993,#6994));
#6978=ORIENTED_EDGE('',*,*,#6979,.T.);
#6979=EDGE_CURVE('',#6957,#6980,#6982,.F.);
#6980=VERTEX_POINT('',#6981);
#6981=CARTESIAN_POINT('',(-9.407636993,1.27,4.526982171));
#6982=CIRCLE('',#6983,0.127);
#6983=AXIS2_PLACEMENT_3D('',#6984,#6985,#6986);
#6984=CARTESIAN_POINT('',(-9.461309512,1.27,4.411881082));
#6985=DIRECTION('',(0.0,-1.0,0.0));
#6986=DIRECTION('',(0.422618262,0.0,0.906307787));
#6987=ORIENTED_EDGE('',*,*,#6988,.T.);
#6988=EDGE_CURVE('',#6980,#6872,#6989,.F.);
#6989=LINE('',#6990,#6991);
#6990=CARTESIAN_POINT('',(-9.407636993,8.6868,4.526982171));
#6991=VECTOR('',#6992,1.0);
#6992=DIRECTION('',(0.0,-1.0,0.0));
#6993=ORIENTED_EDGE('',*,*,#6869,.F.);
#6994=ORIENTED_EDGE('',*,*,#6965,.F.);
#6995=CYLINDRICAL_SURFACE('',#6996,0.127);
#6996=AXIS2_PLACEMENT_3D('',#6997,#6998,#6999);
#6997=CARTESIAN_POINT('',(-9.461309512,8.717093534,4.411881082));
#6998=DIRECTION('',(0.0,-1.0,0.0));
#6999=DIRECTION('',(0.422618262,0.0,0.906307787));
#7000=ADVANCED_FACE('',(#7001),#7054,.T.);
#7001=FACE_BOUND('',#7002,.T.);
#7002=EDGE_LOOP('',(#7003,#7012,#7020,#7029,#7037,#7046,#7052,#7053));
#7003=ORIENTED_EDGE('',*,*,#7004,.T.);
#7004=EDGE_CURVE('',#6980,#7005,#7007,.T.);
#7005=VERTEX_POINT('',#7006);
#7006=CARTESIAN_POINT('',(-8.371727192,0.127,4.043929497));
#7007=CIRCLE('',#7008,1.143);
#7008=AXIS2_PLACEMENT_3D('',#7009,#7010,#7011);
#7009=CARTESIAN_POINT('',(-8.371727192,1.27,4.043929497));
#7010=DIRECTION('',(0.422618262,0.0,0.906307787));
#7011=DIRECTION('',(-0.906307787,1.295260195E-14,0.422618262));
#7012=ORIENTED_EDGE('',*,*,#7013,.T.);
#7013=EDGE_CURVE('',#7005,#7014,#7016,.T.);
#7014=VERTEX_POINT('',#7015);
#7015=CARTESIAN_POINT('',(-7.220716303,0.127,3.507204305));
#7016=LINE('',#7017,#7018);
#7017=CARTESIAN_POINT('',(-8.371727192,0.127,4.043929497));
#7018=VECTOR('',#7019,1.0);
#7019=DIRECTION('',(0.906307787,0.0,-0.422618262));
#7020=ORIENTED_EDGE('',*,*,#7021,.T.);
#7021=EDGE_CURVE('',#7014,#7022,#7024,.T.);
#7022=VERTEX_POINT('',#7023);
#7023=CARTESIAN_POINT('',(-6.184806502,1.27,3.024151632));
#7024=CIRCLE('',#7025,1.143);
#7025=AXIS2_PLACEMENT_3D('',#7026,#7027,#7028);
#7026=CARTESIAN_POINT('',(-7.220716303,1.27,3.507204305));
#7027=DIRECTION('',(0.422618262,0.0,0.906307787));
#7028=DIRECTION('',(0.0,-1.0,0.0));
#7029=ORIENTED_EDGE('',*,*,#7030,.T.);
#7030=EDGE_CURVE('',#7022,#7031,#7033,.T.);
#7031=VERTEX_POINT('',#7032);
#7032=CARTESIAN_POINT('',(-6.184806502,8.6868,3.024151632));
#7033=LINE('',#7034,#7035);
#7034=CARTESIAN_POINT('',(-6.184806502,1.27,3.024151632));
#7035=VECTOR('',#7036,1.0);
#7036=DIRECTION('',(0.0,1.0,0.0));
#7037=ORIENTED_EDGE('',*,*,#7038,.T.);
#7038=EDGE_CURVE('',#7031,#7039,#7041,.T.);
#7039=VERTEX_POINT('',#7040);
#7040=CARTESIAN_POINT('',(-7.220716303,9.8298,3.507204305));
#7041=CIRCLE('',#7042,1.143);
#7042=AXIS2_PLACEMENT_3D('',#7043,#7044,#7045);
#7043=CARTESIAN_POINT('',(-7.220716303,8.6868,3.507204305));
#7044=DIRECTION('',(0.422618262,0.0,0.906307787));
#7045=DIRECTION('',(0.906307787,0.0,-0.422618262));
#7046=ORIENTED_EDGE('',*,*,#7047,.T.);
#7047=EDGE_CURVE('',#7039,#6881,#7048,.T.);
#7048=LINE('',#7049,#7050);
#7049=CARTESIAN_POINT('',(-7.220716303,9.8298,3.507204305));
#7050=VECTOR('',#7051,1.0);
#7051=DIRECTION('',(-0.906307787,0.0,0.422618262));
#7052=ORIENTED_EDGE('',*,*,#6880,.F.);
#7053=ORIENTED_EDGE('',*,*,#6988,.F.);
#7054=PLANE('',#7055);
#7055=AXIS2_PLACEMENT_3D('',#7056,#7057,#7058);
#7056=CARTESIAN_POINT('',(-9.522738082,0.0,4.58065469));
#7057=DIRECTION('',(0.422618262,0.0,0.906307787));
#7058=DIRECTION('',(0.906307787,0.0,-0.422618262));
#7059=ADVANCED_FACE('',(#7060),#7072,.T.);
#7060=FACE_BOUND('',#7061,.T.);
#7061=EDGE_LOOP('',(#7062,#7063,#7064,#7071));
#7062=ORIENTED_EDGE('',*,*,#6889,.F.);
#7063=ORIENTED_EDGE('',*,*,#7047,.F.);
#7064=ORIENTED_EDGE('',*,*,#7065,.T.);
#7065=EDGE_CURVE('',#7039,#6915,#7066,.T.);
#7066=CIRCLE('',#7067,0.127);
#7067=AXIS2_PLACEMENT_3D('',#7068,#7069,#7070);
#7068=CARTESIAN_POINT('',(-7.274388822,9.8298,3.392103216));
#7069=DIRECTION('',(-0.906307787,0.0,0.422618262));
#7070=DIRECTION('',(0.422618262,0.0,0.906307787));
#7071=ORIENTED_EDGE('',*,*,#6914,.F.);
#7072=CYLINDRICAL_SURFACE('',#7073,0.127);
#7073=AXIS2_PLACEMENT_3D('',#7074,#7075,#7076);
#7074=CARTESIAN_POINT('',(-7.258484352,9.8298,3.38468684));
#7075=DIRECTION('',(-0.906307787,0.0,0.422618262));
#7076=DIRECTION('',(0.422618262,0.0,0.906307787));
#7077=ADVANCED_FACE('',(#7078),#7090,.T.);
#7078=FACE_BOUND('',#7079,.T.);
#7079=EDGE_LOOP('',(#7080,#7081,#7082,#7089));
#7080=ORIENTED_EDGE('',*,*,#7065,.F.);
#7081=ORIENTED_EDGE('',*,*,#7038,.F.);
#7082=ORIENTED_EDGE('',*,*,#7083,.T.);
#7083=EDGE_CURVE('',#7031,#6923,#7084,.T.);
#7084=CIRCLE('',#7085,0.127);
#7085=AXIS2_PLACEMENT_3D('',#7086,#7087,#7088);
#7086=CARTESIAN_POINT('',(-6.238479021,8.6868,2.909050543));
#7087=DIRECTION('',(0.0,1.0,0.0));
#7088=DIRECTION('',(0.422618262,0.0,0.906307787));
#7089=ORIENTED_EDGE('',*,*,#6922,.F.);
#7090=TOROIDAL_SURFACE('',#7091,1.143,0.127);
#7091=AXIS2_PLACEMENT_3D('',#7092,#7093,#7094);
#7092=CARTESIAN_POINT('',(-7.274388822,8.6868,3.392103216));
#7093=DIRECTION('',(-0.422618262,0.0,-0.906307787));
#7094=DIRECTION('',(0.906076864,-0.022572657,-0.422510581));
#7095=ADVANCED_FACE('',(#7096),#7108,.T.);
#7096=FACE_BOUND('',#7097,.T.);
#7097=EDGE_LOOP('',(#7098,#7099,#7100,#7107));
#7098=ORIENTED_EDGE('',*,*,#7083,.F.);
#7099=ORIENTED_EDGE('',*,*,#7030,.F.);
#7100=ORIENTED_EDGE('',*,*,#7101,.T.);
#7101=EDGE_CURVE('',#7022,#6932,#7102,.T.);
#7102=CIRCLE('',#7103,0.127);
#7103=AXIS2_PLACEMENT_3D('',#7104,#7105,#7106);
#7104=CARTESIAN_POINT('',(-6.238479021,1.27,2.909050543));
#7105=DIRECTION('',(0.0,1.0,0.0));
#7106=DIRECTION('',(0.422618262,0.0,0.906307787));
#7107=ORIENTED_EDGE('',*,*,#6931,.F.);
#7108=CYLINDRICAL_SURFACE('',#7109,0.127);
#7109=AXIS2_PLACEMENT_3D('',#7110,#7111,#7112);
#7110=CARTESIAN_POINT('',(-6.238479021,1.252451359,2.909050543));
#7111=DIRECTION('',(0.0,1.0,0.0));
#7112=DIRECTION('',(0.422618262,0.0,0.906307787));
#7113=ADVANCED_FACE('',(#7114),#7126,.T.);
#7114=FACE_BOUND('',#7115,.T.);
#7115=EDGE_LOOP('',(#7116,#7117,#7118,#7125));
#7116=ORIENTED_EDGE('',*,*,#7101,.F.);
#7117=ORIENTED_EDGE('',*,*,#7021,.F.);
#7118=ORIENTED_EDGE('',*,*,#7119,.T.);
#7119=EDGE_CURVE('',#7014,#6940,#7120,.T.);
#7120=CIRCLE('',#7121,0.127);
#7121=AXIS2_PLACEMENT_3D('',#7122,#7123,#7124);
#7122=CARTESIAN_POINT('',(-7.274388822,0.127,3.392103216));
#7123=DIRECTION('',(0.906307787,0.0,-0.422618262));
#7124=DIRECTION('',(0.422618262,0.0,0.906307787));
#7125=ORIENTED_EDGE('',*,*,#6939,.F.);
#7126=TOROIDAL_SURFACE('',#7127,1.143,0.127);
#7127=AXIS2_PLACEMENT_3D('',#7128,#7129,#7130);
#7128=CARTESIAN_POINT('',(-7.274388822,1.27,3.392103216));
#7129=DIRECTION('',(0.422618262,0.0,0.906307787));
#7130=DIRECTION('',(-0.014401866,-0.999873735,0.0067157));
#7131=ADVANCED_FACE('',(#7132),#7144,.T.);
#7132=FACE_BOUND('',#7133,.T.);
#7133=EDGE_LOOP('',(#7134,#7135,#7136,#7143));
#7134=ORIENTED_EDGE('',*,*,#7119,.F.);
#7135=ORIENTED_EDGE('',*,*,#7013,.F.);
#7136=ORIENTED_EDGE('',*,*,#7137,.T.);
#7137=EDGE_CURVE('',#7005,#6949,#7138,.T.);
#7138=CIRCLE('',#7139,0.127);
#7139=AXIS2_PLACEMENT_3D('',#7140,#7141,#7142);
#7140=CARTESIAN_POINT('',(-8.425399711,0.127,3.928828408));
#7141=DIRECTION('',(0.906307787,0.0,-0.422618262));
#7142=DIRECTION('',(0.422618262,0.0,0.906307787));
#7143=ORIENTED_EDGE('',*,*,#6948,.F.);
#7144=CYLINDRICAL_SURFACE('',#7145,0.127);
#7145=AXIS2_PLACEMENT_3D('',#7146,#7147,#7148);
#7146=CARTESIAN_POINT('',(-8.452854977,0.127,3.941631009));
#7147=DIRECTION('',(0.906307787,0.0,-0.422618262));
#7148=DIRECTION('',(0.422618262,0.0,0.906307787));
#7149=ADVANCED_FACE('',(#7150),#7156,.T.);
#7150=FACE_BOUND('',#7151,.T.);
#7151=EDGE_LOOP('',(#7152,#7153,#7154,#7155));
#7152=ORIENTED_EDGE('',*,*,#7137,.F.);
#7153=ORIENTED_EDGE('',*,*,#7004,.F.);
#7154=ORIENTED_EDGE('',*,*,#6979,.F.);
#7155=ORIENTED_EDGE('',*,*,#6956,.F.);
#7156=TOROIDAL_SURFACE('',#7157,1.143,0.127);
#7157=AXIS2_PLACEMENT_3D('',#7158,#7159,#7160);
#7158=CARTESIAN_POINT('',(-8.425399711,1.27,3.928828408));
#7159=DIRECTION('',(-0.422618262,0.0,-0.906307787));
#7160=DIRECTION('',(-0.906076864,0.022572657,0.422510581));
#7161=MANIFOLD_SOLID_BREP('',#7162);
#7162=CLOSED_SHELL('',(#7163,#7207,#7273,#7298,#7357,#7375,#7393,#7411,#7429,#7447));
#7163=ADVANCED_FACE('',(#7164),#7202,.T.);
#7164=FACE_BOUND('',#7165,.T.);
#7165=EDGE_LOOP('',(#7166,#7177,#7186,#7195));
#7166=ORIENTED_EDGE('',*,*,#7167,.T.);
#7167=EDGE_CURVE('',#7168,#7170,#7172,.T.);
#7168=VERTEX_POINT('',#7169);
#7169=CARTESIAN_POINT('',(-9.1042856,8.6868,5.109714774));
#7170=VERTEX_POINT('',#7171);
#7171=CARTESIAN_POINT('',(-8.9772856,8.6868,5.329685226));
#7172=CIRCLE('',#7173,0.127);
#7173=AXIS2_PLACEMENT_3D('',#7174,#7175,#7176);
#7174=CARTESIAN_POINT('',(-9.0407856,8.6868,5.2197));
#7175=DIRECTION('',(0.0,1.0,0.0));
#7176=DIRECTION('',(-0.5,0.0,-0.866025404));
#7177=ORIENTED_EDGE('',*,*,#7178,.T.);
#7178=EDGE_CURVE('',#7170,#7179,#7181,.F.);
#7179=VERTEX_POINT('',#7180);
#7180=CARTESIAN_POINT('',(-7.987418564,9.8298,4.758185226));
#7181=CIRCLE('',#7182,1.143);
#7182=AXIS2_PLACEMENT_3D('',#7183,#7184,#7185);
#7183=CARTESIAN_POINT('',(-7.987418564,8.6868,4.758185226));
#7184=DIRECTION('',(0.5,0.0,0.866025404));
#7185=DIRECTION('',(0.0,1.0,0.0));
#7186=ORIENTED_EDGE('',*,*,#7187,.T.);
#7187=EDGE_CURVE('',#7179,#7188,#7190,.T.);
#7188=VERTEX_POINT('',#7189);
#7189=CARTESIAN_POINT('',(-8.114418564,9.8298,4.538214774));
#7190=CIRCLE('',#7191,0.127);
#7191=AXIS2_PLACEMENT_3D('',#7192,#7193,#7194);
#7192=CARTESIAN_POINT('',(-8.050918564,9.8298,4.6482));
#7193=DIRECTION('',(-0.866025404,0.0,0.5));
#7194=DIRECTION('',(0.5,-1.110223025E-14,0.866025404));
#7195=ORIENTED_EDGE('',*,*,#7196,.T.);
#7196=EDGE_CURVE('',#7188,#7168,#7197,.F.);
#7197=CIRCLE('',#7198,1.143);
#7198=AXIS2_PLACEMENT_3D('',#7199,#7200,#7201);
#7199=CARTESIAN_POINT('',(-8.114418564,8.6868,4.538214774));
#7200=DIRECTION('',(-0.5,0.0,-0.866025404));
#7201=DIRECTION('',(-0.866025404,0.0,0.5));
#7202=TOROIDAL_SURFACE('',#7203,1.143,0.127);
#7203=AXIS2_PLACEMENT_3D('',#7204,#7205,#7206);
#7204=CARTESIAN_POINT('',(-8.050918564,8.6868,4.6482));
#7205=DIRECTION('',(0.5,0.0,0.866025404));
#7206=DIRECTION('',(0.013761751,0.999873735,-0.00794535));
#7207=ADVANCED_FACE('',(#7208),#7268,.T.);
#7208=FACE_BOUND('',#7209,.T.);
#7209=EDGE_LOOP('',(#7210,#7211,#7219,#7228,#7236,#7245,#7253,#7262));
#7210=ORIENTED_EDGE('',*,*,#7196,.F.);
#7211=ORIENTED_EDGE('',*,*,#7212,.T.);
#7212=EDGE_CURVE('',#7188,#7213,#7215,.T.);
#7213=VERTEX_POINT('',#7214);
#7214=CARTESIAN_POINT('',(-7.014566301,9.8298,3.903214774));
#7215=LINE('',#7216,#7217);
#7216=CARTESIAN_POINT('',(-8.114418564,9.8298,4.538214774));
#7217=VECTOR('',#7218,1.0);
#7218=DIRECTION('',(0.866025404,0.0,-0.5));
#7219=ORIENTED_EDGE('',*,*,#7220,.T.);
#7220=EDGE_CURVE('',#7213,#7221,#7223,.T.);
#7221=VERTEX_POINT('',#7222);
#7222=CARTESIAN_POINT('',(-6.024699264,8.6868,3.331714774));
#7223=CIRCLE('',#7224,1.143);
#7224=AXIS2_PLACEMENT_3D('',#7225,#7226,#7227);
#7225=CARTESIAN_POINT('',(-7.014566301,8.6868,3.903214774));
#7226=DIRECTION('',(-0.5,0.0,-0.866025404));
#7227=DIRECTION('',(0.0,1.0,0.0));
#7228=ORIENTED_EDGE('',*,*,#7229,.T.);
#7229=EDGE_CURVE('',#7221,#7230,#7232,.T.);
#7230=VERTEX_POINT('',#7231);
#7231=CARTESIAN_POINT('',(-6.024699264,1.27,3.331714774));
#7232=LINE('',#7233,#7234);
#7233=CARTESIAN_POINT('',(-6.024699264,8.6868,3.331714774));
#7234=VECTOR('',#7235,1.0);
#7235=DIRECTION('',(0.0,-1.0,0.0));
#7236=ORIENTED_EDGE('',*,*,#7237,.T.);
#7237=EDGE_CURVE('',#7230,#7238,#7240,.T.);
#7238=VERTEX_POINT('',#7239);
#7239=CARTESIAN_POINT('',(-7.014566301,0.127,3.903214774));
#7240=CIRCLE('',#7241,1.143);
#7241=AXIS2_PLACEMENT_3D('',#7242,#7243,#7244);
#7242=CARTESIAN_POINT('',(-7.014566301,1.27,3.903214774));
#7243=DIRECTION('',(-0.5,0.0,-0.866025404));
#7244=DIRECTION('',(0.866025404,0.0,-0.5));
#7245=ORIENTED_EDGE('',*,*,#7246,.T.);
#7246=EDGE_CURVE('',#7238,#7247,#7249,.T.);
#7247=VERTEX_POINT('',#7248);
#7248=CARTESIAN_POINT('',(-8.114418564,0.127,4.538214774));
#7249=LINE('',#7250,#7251);
#7250=CARTESIAN_POINT('',(-7.014566301,0.127,3.903214774));
#7251=VECTOR('',#7252,1.0);
#7252=DIRECTION('',(-0.866025404,0.0,0.5));
#7253=ORIENTED_EDGE('',*,*,#7254,.T.);
#7254=EDGE_CURVE('',#7247,#7255,#7257,.T.);
#7255=VERTEX_POINT('',#7256);
#7256=CARTESIAN_POINT('',(-9.1042856,1.27,5.109714774));
#7257=CIRCLE('',#7258,1.143);
#7258=AXIS2_PLACEMENT_3D('',#7259,#7260,#7261);
#7259=CARTESIAN_POINT('',(-8.114418564,1.27,4.538214774));
#7260=DIRECTION('',(-0.5,0.0,-0.866025404));
#7261=DIRECTION('',(0.0,-1.0,0.0));
#7262=ORIENTED_EDGE('',*,*,#7263,.T.);
#7263=EDGE_CURVE('',#7255,#7168,#7264,.T.);
#7264=LINE('',#7265,#7266);
#7265=CARTESIAN_POINT('',(-9.1042856,1.27,5.109714774));
#7266=VECTOR('',#7267,1.0);
#7267=DIRECTION('',(0.0,1.0,0.0));
#7268=PLANE('',#7269);
#7269=AXIS2_PLACEMENT_3D('',#7270,#7271,#7272);
#7270=CARTESIAN_POINT('',(-5.914714038,0.0,3.268214774));
#7271=DIRECTION('',(-0.5,0.0,-0.866025404));
#7272=DIRECTION('',(-0.866025404,0.0,0.5));
#7273=ADVANCED_FACE('',(#7274),#7293,.T.);
#7274=FACE_BOUND('',#7275,.T.);
#7275=EDGE_LOOP('',(#7276,#7285,#7291,#7292));
#7276=ORIENTED_EDGE('',*,*,#7277,.T.);
#7277=EDGE_CURVE('',#7255,#7278,#7280,.F.);
#7278=VERTEX_POINT('',#7279);
#7279=CARTESIAN_POINT('',(-8.9772856,1.27,5.329685226));
#7280=CIRCLE('',#7281,0.127);
#7281=AXIS2_PLACEMENT_3D('',#7282,#7283,#7284);
#7282=CARTESIAN_POINT('',(-9.0407856,1.27,5.2197));
#7283=DIRECTION('',(0.0,-1.0,0.0));
#7284=DIRECTION('',(0.5,0.0,0.866025404));
#7285=ORIENTED_EDGE('',*,*,#7286,.T.);
#7286=EDGE_CURVE('',#7278,#7170,#7287,.F.);
#7287=LINE('',#7288,#7289);
#7288=CARTESIAN_POINT('',(-8.9772856,8.6868,5.329685226));
#7289=VECTOR('',#7290,1.0);
#7290=DIRECTION('',(0.0,-1.0,0.0));
#7291=ORIENTED_EDGE('',*,*,#7167,.F.);
#7292=ORIENTED_EDGE('',*,*,#7263,.F.);
#7293=CYLINDRICAL_SURFACE('',#7294,0.127);
#7294=AXIS2_PLACEMENT_3D('',#7295,#7296,#7297);
#7295=CARTESIAN_POINT('',(-9.0407856,8.717093534,5.2197));
#7296=DIRECTION('',(0.0,-1.0,0.0));
#7297=DIRECTION('',(0.5,0.0,0.866025404));
#7298=ADVANCED_FACE('',(#7299),#7352,.T.);
#7299=FACE_BOUND('',#7300,.T.);
#7300=EDGE_LOOP('',(#7301,#7310,#7318,#7327,#7335,#7344,#7350,#7351));
#7301=ORIENTED_EDGE('',*,*,#7302,.T.);
#7302=EDGE_CURVE('',#7278,#7303,#7305,.T.);
#7303=VERTEX_POINT('',#7304);
#7304=CARTESIAN_POINT('',(-7.987418564,0.127,4.758185226));
#7305=CIRCLE('',#7306,1.143);
#7306=AXIS2_PLACEMENT_3D('',#7307,#7308,#7309);
#7307=CARTESIAN_POINT('',(-7.987418564,1.27,4.758185226));
#7308=DIRECTION('',(0.5,0.0,0.866025404));
#7309=DIRECTION('',(-0.866025404,0.0,0.5));
#7310=ORIENTED_EDGE('',*,*,#7311,.T.);
#7311=EDGE_CURVE('',#7303,#7312,#7314,.T.);
#7312=VERTEX_POINT('',#7313);
#7313=CARTESIAN_POINT('',(-6.887566301,0.127,4.123185226));
#7314=LINE('',#7315,#7316);
#7315=CARTESIAN_POINT('',(-7.987418564,0.127,4.758185226));
#7316=VECTOR('',#7317,1.0);
#7317=DIRECTION('',(0.866025404,0.0,-0.5));
#7318=ORIENTED_EDGE('',*,*,#7319,.T.);
#7319=EDGE_CURVE('',#7312,#7320,#7322,.T.);
#7320=VERTEX_POINT('',#7321);
#7321=CARTESIAN_POINT('',(-5.897699264,1.27,3.551685226));
#7322=CIRCLE('',#7323,1.143);
#7323=AXIS2_PLACEMENT_3D('',#7324,#7325,#7326);
#7324=CARTESIAN_POINT('',(-6.887566301,1.27,4.123185226));
#7325=DIRECTION('',(0.5,0.0,0.866025404));
#7326=DIRECTION('',(0.0,-1.0,0.0));
#7327=ORIENTED_EDGE('',*,*,#7328,.T.);
#7328=EDGE_CURVE('',#7320,#7329,#7331,.T.);
#7329=VERTEX_POINT('',#7330);
#7330=CARTESIAN_POINT('',(-5.897699264,8.6868,3.551685226));
#7331=LINE('',#7332,#7333);
#7332=CARTESIAN_POINT('',(-5.897699264,1.27,3.551685226));
#7333=VECTOR('',#7334,1.0);
#7334=DIRECTION('',(0.0,1.0,0.0));
#7335=ORIENTED_EDGE('',*,*,#7336,.T.);
#7336=EDGE_CURVE('',#7329,#7337,#7339,.T.);
#7337=VERTEX_POINT('',#7338);
#7338=CARTESIAN_POINT('',(-6.887566301,9.8298,4.123185226));
#7339=CIRCLE('',#7340,1.143);
#7340=AXIS2_PLACEMENT_3D('',#7341,#7342,#7343);
#7341=CARTESIAN_POINT('',(-6.887566301,8.6868,4.123185226));
#7342=DIRECTION('',(0.5,0.0,0.866025404));
#7343=DIRECTION('',(0.866025404,-2.590520391E-14,-0.5));
#7344=ORIENTED_EDGE('',*,*,#7345,.T.);
#7345=EDGE_CURVE('',#7337,#7179,#7346,.T.);
#7346=LINE('',#7347,#7348);
#7347=CARTESIAN_POINT('',(-6.887566301,9.8298,4.123185226));
#7348=VECTOR('',#7349,1.0);
#7349=DIRECTION('',(-0.866025404,0.0,0.5));
#7350=ORIENTED_EDGE('',*,*,#7178,.F.);
#7351=ORIENTED_EDGE('',*,*,#7286,.F.);
#7352=PLANE('',#7353);
#7353=AXIS2_PLACEMENT_3D('',#7354,#7355,#7356);
#7354=CARTESIAN_POINT('',(-9.087270827,0.0,5.393185226));
#7355=DIRECTION('',(0.5,0.0,0.866025404));
#7356=DIRECTION('',(0.866025404,0.0,-0.5));
#7357=ADVANCED_FACE('',(#7358),#7370,.T.);
#7358=FACE_BOUND('',#7359,.T.);
#7359=EDGE_LOOP('',(#7360,#7361,#7362,#7369));
#7360=ORIENTED_EDGE('',*,*,#7187,.F.);
#7361=ORIENTED_EDGE('',*,*,#7345,.F.);
#7362=ORIENTED_EDGE('',*,*,#7363,.T.);
#7363=EDGE_CURVE('',#7337,#7213,#7364,.T.);
#7364=CIRCLE('',#7365,0.127);
#7365=AXIS2_PLACEMENT_3D('',#7366,#7367,#7368);
#7366=CARTESIAN_POINT('',(-6.951066301,9.8298,4.0132));
#7367=DIRECTION('',(-0.866025404,0.0,0.5));
#7368=DIRECTION('',(0.5,2.220446049E-14,0.866025404));
#7369=ORIENTED_EDGE('',*,*,#7212,.F.);
#7370=CYLINDRICAL_SURFACE('',#7371,0.127);
#7371=AXIS2_PLACEMENT_3D('',#7372,#7373,#7374);
#7372=CARTESIAN_POINT('',(-6.935868732,9.8298,4.00442568));
#7373=DIRECTION('',(-0.866025404,0.0,0.5));
#7374=DIRECTION('',(0.5,0.0,0.866025404));
#7375=ADVANCED_FACE('',(#7376),#7388,.T.);
#7376=FACE_BOUND('',#7377,.T.);
#7377=EDGE_LOOP('',(#7378,#7379,#7380,#7387));
#7378=ORIENTED_EDGE('',*,*,#7363,.F.);
#7379=ORIENTED_EDGE('',*,*,#7336,.F.);
#7380=ORIENTED_EDGE('',*,*,#7381,.T.);
#7381=EDGE_CURVE('',#7329,#7221,#7382,.T.);
#7382=CIRCLE('',#7383,0.127);
#7383=AXIS2_PLACEMENT_3D('',#7384,#7385,#7386);
#7384=CARTESIAN_POINT('',(-5.961199264,8.6868,3.4417));
#7385=DIRECTION('',(0.0,1.0,0.0));
#7386=DIRECTION('',(0.5,0.0,0.866025404));
#7387=ORIENTED_EDGE('',*,*,#7220,.F.);
#7388=TOROIDAL_SURFACE('',#7389,1.143,0.127);
#7389=AXIS2_PLACEMENT_3D('',#7390,#7391,#7392);
#7390=CARTESIAN_POINT('',(-6.951066301,8.6868,4.0132));
#7391=DIRECTION('',(-0.5,0.0,-0.866025404));
#7392=DIRECTION('',(0.865804745,-0.022572657,-0.499872603));
#7393=ADVANCED_FACE('',(#7394),#7406,.T.);
#7394=FACE_BOUND('',#7395,.T.);
#7395=EDGE_LOOP('',(#7396,#7397,#7398,#7405));
#7396=ORIENTED_EDGE('',*,*,#7381,.F.);
#7397=ORIENTED_EDGE('',*,*,#7328,.F.);
#7398=ORIENTED_EDGE('',*,*,#7399,.T.);
#7399=EDGE_CURVE('',#7320,#7230,#7400,.T.);
#7400=CIRCLE('',#7401,0.127);
#7401=AXIS2_PLACEMENT_3D('',#7402,#7403,#7404);
#7402=CARTESIAN_POINT('',(-5.961199264,1.27,3.4417));
#7403=DIRECTION('',(0.0,1.0,0.0));
#7404=DIRECTION('',(0.5,0.0,0.866025404));
#7405=ORIENTED_EDGE('',*,*,#7229,.F.);
#7406=CYLINDRICAL_SURFACE('',#7407,0.127);
#7407=AXIS2_PLACEMENT_3D('',#7408,#7409,#7410);
#7408=CARTESIAN_POINT('',(-5.961199264,1.252451359,3.4417));
#7409=DIRECTION('',(0.0,1.0,0.0));
#7410=DIRECTION('',(0.5,0.0,0.866025404));
#7411=ADVANCED_FACE('',(#7412),#7424,.T.);
#7412=FACE_BOUND('',#7413,.T.);
#7413=EDGE_LOOP('',(#7414,#7415,#7416,#7423));
#7414=ORIENTED_EDGE('',*,*,#7399,.F.);
#7415=ORIENTED_EDGE('',*,*,#7319,.F.);
#7416=ORIENTED_EDGE('',*,*,#7417,.T.);
#7417=EDGE_CURVE('',#7312,#7238,#7418,.T.);
#7418=CIRCLE('',#7419,0.127);
#7419=AXIS2_PLACEMENT_3D('',#7420,#7421,#7422);
#7420=CARTESIAN_POINT('',(-6.951066301,0.127,4.0132));
#7421=DIRECTION('',(0.866025404,0.0,-0.5));
#7422=DIRECTION('',(0.5,0.0,0.866025404));
#7423=ORIENTED_EDGE('',*,*,#7237,.F.);
#7424=TOROIDAL_SURFACE('',#7425,1.143,0.127);
#7425=AXIS2_PLACEMENT_3D('',#7426,#7427,#7428);
#7426=CARTESIAN_POINT('',(-6.951066301,1.27,4.0132));
#7427=DIRECTION('',(0.5,0.0,0.866025404));
#7428=DIRECTION('',(-0.013761751,-0.999873735,0.00794535));
#7429=ADVANCED_FACE('',(#7430),#7442,.T.);
#7430=FACE_BOUND('',#7431,.T.);
#7431=EDGE_LOOP('',(#7432,#7433,#7434,#7441));
#7432=ORIENTED_EDGE('',*,*,#7417,.F.);
#7433=ORIENTED_EDGE('',*,*,#7311,.F.);
#7434=ORIENTED_EDGE('',*,*,#7435,.T.);
#7435=EDGE_CURVE('',#7303,#7247,#7436,.T.);
#7436=CIRCLE('',#7437,0.127);
#7437=AXIS2_PLACEMENT_3D('',#7438,#7439,#7440);
#7438=CARTESIAN_POINT('',(-8.050918564,0.127,4.6482));
#7439=DIRECTION('',(0.866025404,0.0,-0.5));
#7440=DIRECTION('',(0.5,0.0,0.866025404));
#7441=ORIENTED_EDGE('',*,*,#7246,.F.);
#7442=CYLINDRICAL_SURFACE('',#7443,0.127);
#7443=AXIS2_PLACEMENT_3D('',#7444,#7445,#7446);
#7444=CARTESIAN_POINT('',(-8.077153534,0.127,4.663346767));
#7445=DIRECTION('',(0.866025404,0.0,-0.5));
#7446=DIRECTION('',(0.5,0.0,0.866025404));
#7447=ADVANCED_FACE('',(#7448),#7454,.T.);
#7448=FACE_BOUND('',#7449,.T.);
#7449=EDGE_LOOP('',(#7450,#7451,#7452,#7453));
#7450=ORIENTED_EDGE('',*,*,#7435,.F.);
#7451=ORIENTED_EDGE('',*,*,#7302,.F.);
#7452=ORIENTED_EDGE('',*,*,#7277,.F.);
#7453=ORIENTED_EDGE('',*,*,#7254,.F.);
#7454=TOROIDAL_SURFACE('',#7455,1.143,0.127);
#7455=AXIS2_PLACEMENT_3D('',#7456,#7457,#7458);
#7456=CARTESIAN_POINT('',(-8.050918564,1.27,4.6482));
#7457=DIRECTION('',(-0.5,0.0,-0.866025404));
#7458=DIRECTION('',(-0.865804745,0.022572657,0.499872603));
#7459=MANIFOLD_SOLID_BREP('',#7460);
#7460=CLOSED_SHELL('',(#7461,#7505,#7571,#7596,#7655,#7673,#7691,#7709,#7727,#7745));
#7461=ADVANCED_FACE('',(#7462),#7500,.T.);
#7462=FACE_BOUND('',#7463,.T.);
#7463=EDGE_LOOP('',(#7464,#7475,#7484,#7493));
#7464=ORIENTED_EDGE('',*,*,#7465,.T.);
#7465=EDGE_CURVE('',#7466,#7468,#7470,.T.);
#7466=VERTEX_POINT('',#7467);
#7467=CARTESIAN_POINT('',(-8.624300059,8.6868,5.88376154));
#7468=VERTEX_POINT('',#7469);
#7469=CARTESIAN_POINT('',(-8.478611644,8.6868,6.091826159));
#7470=CIRCLE('',#7471,0.127);
#7471=AXIS2_PLACEMENT_3D('',#7472,#7473,#7474);
#7472=CARTESIAN_POINT('',(-8.551455851,8.6868,5.98779385));
#7473=DIRECTION('',(0.0,1.0,0.0));
#7474=DIRECTION('',(-0.573576436,0.0,-0.819152044));
#7475=ORIENTED_EDGE('',*,*,#7476,.T.);
#7476=EDGE_CURVE('',#7468,#7477,#7479,.F.);
#7477=VERTEX_POINT('',#7478);
#7478=CARTESIAN_POINT('',(-7.542320857,9.8298,5.436228293));
#7479=CIRCLE('',#7480,1.143);
#7480=AXIS2_PLACEMENT_3D('',#7481,#7482,#7483);
#7481=CARTESIAN_POINT('',(-7.542320857,8.6868,5.436228293));
#7482=DIRECTION('',(0.573576436,0.0,0.819152044));
#7483=DIRECTION('',(-9.932944418E-15,1.0,6.955122558E-15));
#7484=ORIENTED_EDGE('',*,*,#7485,.T.);
#7485=EDGE_CURVE('',#7477,#7486,#7488,.T.);
#7486=VERTEX_POINT('',#7487);
#7487=CARTESIAN_POINT('',(-7.688009272,9.8298,5.228163673));
#7488=CIRCLE('',#7489,0.127);
#7489=AXIS2_PLACEMENT_3D('',#7490,#7491,#7492);
#7490=CARTESIAN_POINT('',(-7.615165065,9.8298,5.332195983));
#7491=DIRECTION('',(-0.819152044,0.0,0.573576436));
#7492=DIRECTION('',(0.573576436,0.0,0.819152044));
#7493=ORIENTED_EDGE('',*,*,#7494,.T.);
#7494=EDGE_CURVE('',#7486,#7466,#7495,.F.);
#7495=CIRCLE('',#7496,1.143);
#7496=AXIS2_PLACEMENT_3D('',#7497,#7498,#7499);
#7497=CARTESIAN_POINT('',(-7.688009272,8.6868,5.228163673));
#7498=DIRECTION('',(-0.573576436,0.0,-0.819152044));
#7499=DIRECTION('',(-0.819152044,-1.850371708E-14,0.573576436));
#7500=TOROIDAL_SURFACE('',#7501,1.143,0.127);
#7501=AXIS2_PLACEMENT_3D('',#7502,#7503,#7504);
#7502=CARTESIAN_POINT('',(-7.615165065,8.6868,5.332195983));
#7503=DIRECTION('',(0.573576436,0.0,0.819152044));
#7504=DIRECTION('',(0.0130169,0.999873735,-0.009114531));
#7505=ADVANCED_FACE('',(#7506),#7566,.T.);
#7506=FACE_BOUND('',#7507,.T.);
#7507=EDGE_LOOP('',(#7508,#7509,#7517,#7526,#7534,#7543,#7551,#7560));
#7508=ORIENTED_EDGE('',*,*,#7494,.F.);
#7509=ORIENTED_EDGE('',*,*,#7510,.T.);
#7510=EDGE_CURVE('',#7486,#7511,#7513,.T.);
#7511=VERTEX_POINT('',#7512);
#7512=CARTESIAN_POINT('',(-6.647686176,9.8298,4.499721599));
#7513=LINE('',#7514,#7515);
#7514=CARTESIAN_POINT('',(-7.688009272,9.8298,5.228163673));
#7515=VECTOR('',#7516,1.0);
#7516=DIRECTION('',(0.819152044,0.0,-0.573576436));
#7517=ORIENTED_EDGE('',*,*,#7518,.T.);
#7518=EDGE_CURVE('',#7511,#7519,#7521,.T.);
#7519=VERTEX_POINT('',#7520);
#7520=CARTESIAN_POINT('',(-5.711395389,8.6868,3.844123732));
#7521=CIRCLE('',#7522,1.143);
#7522=AXIS2_PLACEMENT_3D('',#7523,#7524,#7525);
#7523=CARTESIAN_POINT('',(-6.647686176,8.6868,4.499721599));
#7524=DIRECTION('',(-0.573576436,0.0,-0.819152044));
#7525=DIRECTION('',(0.0,1.0,0.0));
#7526=ORIENTED_EDGE('',*,*,#7527,.T.);
#7527=EDGE_CURVE('',#7519,#7528,#7530,.T.);
#7528=VERTEX_POINT('',#7529);
#7529=CARTESIAN_POINT('',(-5.711395389,1.27,3.844123732));
#7530=LINE('',#7531,#7532);
#7531=CARTESIAN_POINT('',(-5.711395389,8.6868,3.844123732));
#7532=VECTOR('',#7533,1.0);
#7533=DIRECTION('',(0.0,-1.0,0.0));
#7534=ORIENTED_EDGE('',*,*,#7535,.T.);
#7535=EDGE_CURVE('',#7528,#7536,#7538,.T.);
#7536=VERTEX_POINT('',#7537);
#7537=CARTESIAN_POINT('',(-6.647686176,0.127,4.499721599));
#7538=CIRCLE('',#7539,1.143);
#7539=AXIS2_PLACEMENT_3D('',#7540,#7541,#7542);
#7540=CARTESIAN_POINT('',(-6.647686176,1.27,4.499721599));
#7541=DIRECTION('',(-0.573576436,0.0,-0.819152044));
#7542=DIRECTION('',(0.819152044,0.0,-0.573576436));
#7543=ORIENTED_EDGE('',*,*,#7544,.T.);
#7544=EDGE_CURVE('',#7536,#7545,#7547,.T.);
#7545=VERTEX_POINT('',#7546);
#7546=CARTESIAN_POINT('',(-7.688009272,0.127,5.228163673));
#7547=LINE('',#7548,#7549);
#7548=CARTESIAN_POINT('',(-6.647686176,0.127,4.499721599));
#7549=VECTOR('',#7550,1.0);
#7550=DIRECTION('',(-0.819152044,0.0,0.573576436));
#7551=ORIENTED_EDGE('',*,*,#7552,.T.);
#7552=EDGE_CURVE('',#7545,#7553,#7555,.T.);
#7553=VERTEX_POINT('',#7554);
#7554=CARTESIAN_POINT('',(-8.624300059,1.27,5.88376154));
#7555=CIRCLE('',#7556,1.143);
#7556=AXIS2_PLACEMENT_3D('',#7557,#7558,#7559);
#7557=CARTESIAN_POINT('',(-7.688009272,1.27,5.228163673));
#7558=DIRECTION('',(-0.573576436,0.0,-0.819152044));
#7559=DIRECTION('',(0.0,-1.0,0.0));
#7560=ORIENTED_EDGE('',*,*,#7561,.T.);
#7561=EDGE_CURVE('',#7553,#7466,#7562,.T.);
#7562=LINE('',#7563,#7564);
#7563=CARTESIAN_POINT('',(-8.624300059,1.27,5.88376154));
#7564=VECTOR('',#7565,1.0);
#7565=DIRECTION('',(0.0,1.0,0.0));
#7566=PLANE('',#7567);
#7567=AXIS2_PLACEMENT_3D('',#7568,#7569,#7570);
#7568=CARTESIAN_POINT('',(-5.607363079,0.0,3.771279525));
#7569=DIRECTION('',(-0.573576436,0.0,-0.819152044));
#7570=DIRECTION('',(-0.819152044,0.0,0.573576436));
#7571=ADVANCED_FACE('',(#7572),#7591,.T.);
#7572=FACE_BOUND('',#7573,.T.);
#7573=EDGE_LOOP('',(#7574,#7583,#7589,#7590));
#7574=ORIENTED_EDGE('',*,*,#7575,.T.);
#7575=EDGE_CURVE('',#7553,#7576,#7578,.F.);
#7576=VERTEX_POINT('',#7577);
#7577=CARTESIAN_POINT('',(-8.478611644,1.27,6.091826159));
#7578=CIRCLE('',#7579,0.127);
#7579=AXIS2_PLACEMENT_3D('',#7580,#7581,#7582);
#7580=CARTESIAN_POINT('',(-8.551455851,1.27,5.98779385));
#7581=DIRECTION('',(0.0,-1.0,0.0));
#7582=DIRECTION('',(0.573576436,0.0,0.819152044));
#7583=ORIENTED_EDGE('',*,*,#7584,.T.);
#7584=EDGE_CURVE('',#7576,#7468,#7585,.F.);
#7585=LINE('',#7586,#7587);
#7586=CARTESIAN_POINT('',(-8.478611644,8.6868,6.091826159));
#7587=VECTOR('',#7588,1.0);
#7588=DIRECTION('',(0.0,-1.0,0.0));
#7589=ORIENTED_EDGE('',*,*,#7465,.F.);
#7590=ORIENTED_EDGE('',*,*,#7561,.F.);
#7591=CYLINDRICAL_SURFACE('',#7592,0.127);
#7592=AXIS2_PLACEMENT_3D('',#7593,#7594,#7595);
#7593=CARTESIAN_POINT('',(-8.551455851,8.717093534,5.98779385));
#7594=DIRECTION('',(0.0,-1.0,0.0));
#7595=DIRECTION('',(0.573576436,0.0,0.819152044));
#7596=ADVANCED_FACE('',(#7597),#7650,.T.);
#7597=FACE_BOUND('',#7598,.T.);
#7598=EDGE_LOOP('',(#7599,#7608,#7616,#7625,#7633,#7642,#7648,#7649));
#7599=ORIENTED_EDGE('',*,*,#7600,.T.);
#7600=EDGE_CURVE('',#7576,#7601,#7603,.T.);
#7601=VERTEX_POINT('',#7602);
#7602=CARTESIAN_POINT('',(-7.542320857,0.127,5.436228293));
#7603=CIRCLE('',#7604,1.143);
#7604=AXIS2_PLACEMENT_3D('',#7605,#7606,#7607);
#7605=CARTESIAN_POINT('',(-7.542320857,1.27,5.436228293));
#7606=DIRECTION('',(0.573576436,0.0,0.819152044));
#7607=DIRECTION('',(-0.819152044,0.0,0.573576436));
#7608=ORIENTED_EDGE('',*,*,#7609,.T.);
#7609=EDGE_CURVE('',#7601,#7610,#7612,.T.);
#7610=VERTEX_POINT('',#7611);
#7611=CARTESIAN_POINT('',(-6.501997761,0.127,4.707786218));
#7612=LINE('',#7613,#7614);
#7613=CARTESIAN_POINT('',(-7.542320857,0.127,5.436228293));
#7614=VECTOR('',#7615,1.0);
#7615=DIRECTION('',(0.819152044,0.0,-0.573576436));
#7616=ORIENTED_EDGE('',*,*,#7617,.T.);
#7617=EDGE_CURVE('',#7610,#7618,#7620,.T.);
#7618=VERTEX_POINT('',#7619);
#7619=CARTESIAN_POINT('',(-5.565706974,1.27,4.052188352));
#7620=CIRCLE('',#7621,1.143);
#7621=AXIS2_PLACEMENT_3D('',#7622,#7623,#7624);
#7622=CARTESIAN_POINT('',(-6.501997761,1.27,4.707786218));
#7623=DIRECTION('',(0.573576436,0.0,0.819152044));
#7624=DIRECTION('',(0.0,-1.0,0.0));
#7625=ORIENTED_EDGE('',*,*,#7626,.T.);
#7626=EDGE_CURVE('',#7618,#7627,#7629,.T.);
#7627=VERTEX_POINT('',#7628);
#7628=CARTESIAN_POINT('',(-5.565706974,8.6868,4.052188352));
#7629=LINE('',#7630,#7631);
#7630=CARTESIAN_POINT('',(-5.565706974,1.27,4.052188352));
#7631=VECTOR('',#7632,1.0);
#7632=DIRECTION('',(0.0,1.0,0.0));
#7633=ORIENTED_EDGE('',*,*,#7634,.T.);
#7634=EDGE_CURVE('',#7627,#7635,#7637,.T.);
#7635=VERTEX_POINT('',#7636);
#7636=CARTESIAN_POINT('',(-6.501997761,9.8298,4.707786218));
#7637=CIRCLE('',#7638,1.143);
#7638=AXIS2_PLACEMENT_3D('',#7639,#7640,#7641);
#7639=CARTESIAN_POINT('',(-6.501997761,8.6868,4.707786218));
#7640=DIRECTION('',(0.573576436,0.0,0.819152044));
#7641=DIRECTION('',(0.819152044,0.0,-0.573576436));
#7642=ORIENTED_EDGE('',*,*,#7643,.T.);
#7643=EDGE_CURVE('',#7635,#7477,#7644,.T.);
#7644=LINE('',#7645,#7646);
#7645=CARTESIAN_POINT('',(-6.501997761,9.8298,4.707786218));
#7646=VECTOR('',#7647,1.0);
#7647=DIRECTION('',(-0.819152044,0.0,0.573576436));
#7648=ORIENTED_EDGE('',*,*,#7476,.F.);
#7649=ORIENTED_EDGE('',*,*,#7584,.F.);
#7650=PLANE('',#7651);
#7651=AXIS2_PLACEMENT_3D('',#7652,#7653,#7654);
#7652=CARTESIAN_POINT('',(-8.582643953,0.0,6.164670367));
#7653=DIRECTION('',(0.573576436,0.0,0.819152044));
#7654=DIRECTION('',(0.819152044,0.0,-0.573576436));
#7655=ADVANCED_FACE('',(#7656),#7668,.T.);
#7656=FACE_BOUND('',#7657,.T.);
#7657=EDGE_LOOP('',(#7658,#7659,#7660,#7667));
#7658=ORIENTED_EDGE('',*,*,#7485,.F.);
#7659=ORIENTED_EDGE('',*,*,#7643,.F.);
#7660=ORIENTED_EDGE('',*,*,#7661,.T.);
#7661=EDGE_CURVE('',#7635,#7511,#7662,.T.);
#7662=CIRCLE('',#7663,0.127);
#7663=AXIS2_PLACEMENT_3D('',#7664,#7665,#7666);
#7664=CARTESIAN_POINT('',(-6.574841968,9.8298,4.603753909));
#7665=DIRECTION('',(-0.819152044,0.0,0.573576436));
#7666=DIRECTION('',(0.573576436,-1.110223025E-14,0.819152044));
#7667=ORIENTED_EDGE('',*,*,#7510,.F.);
#7668=CYLINDRICAL_SURFACE('',#7669,0.127);
#7669=AXIS2_PLACEMENT_3D('',#7670,#7671,#7672);
#7670=CARTESIAN_POINT('',(-6.560466963,9.8298,4.593688422));
#7671=DIRECTION('',(-0.819152044,0.0,0.573576436));
#7672=DIRECTION('',(0.573576436,0.0,0.819152044));
#7673=ADVANCED_FACE('',(#7674),#7686,.T.);
#7674=FACE_BOUND('',#7675,.T.);
#7675=EDGE_LOOP('',(#7676,#7677,#7678,#7685));
#7676=ORIENTED_EDGE('',*,*,#7661,.F.);
#7677=ORIENTED_EDGE('',*,*,#7634,.F.);
#7678=ORIENTED_EDGE('',*,*,#7679,.T.);
#7679=EDGE_CURVE('',#7627,#7519,#7680,.T.);
#7680=CIRCLE('',#7681,0.127);
#7681=AXIS2_PLACEMENT_3D('',#7682,#7683,#7684);
#7682=CARTESIAN_POINT('',(-5.638551182,8.6868,3.948156042));
#7683=DIRECTION('',(0.0,1.0,0.0));
#7684=DIRECTION('',(0.573576436,0.0,0.819152044));
#7685=ORIENTED_EDGE('',*,*,#7518,.F.);
#7686=TOROIDAL_SURFACE('',#7687,1.143,0.127);
#7687=AXIS2_PLACEMENT_3D('',#7688,#7689,#7690);
#7688=CARTESIAN_POINT('',(-6.574841968,8.6868,4.603753909));
#7689=DIRECTION('',(-0.573576436,0.0,-0.819152044));
#7690=DIRECTION('',(0.818943329,-0.022572657,-0.573430292));
#7691=ADVANCED_FACE('',(#7692),#7704,.T.);
#7692=FACE_BOUND('',#7693,.T.);
#7693=EDGE_LOOP('',(#7694,#7695,#7696,#7703));
#7694=ORIENTED_EDGE('',*,*,#7679,.F.);
#7695=ORIENTED_EDGE('',*,*,#7626,.F.);
#7696=ORIENTED_EDGE('',*,*,#7697,.T.);
#7697=EDGE_CURVE('',#7618,#7528,#7698,.T.);
#7698=CIRCLE('',#7699,0.127);
#7699=AXIS2_PLACEMENT_3D('',#7700,#7701,#7702);
#7700=CARTESIAN_POINT('',(-5.638551182,1.27,3.948156042));
#7701=DIRECTION('',(0.0,1.0,0.0));
#7702=DIRECTION('',(0.573576436,0.0,0.819152044));
#7703=ORIENTED_EDGE('',*,*,#7527,.F.);
#7704=CYLINDRICAL_SURFACE('',#7705,0.127);
#7705=AXIS2_PLACEMENT_3D('',#7706,#7707,#7708);
#7706=CARTESIAN_POINT('',(-5.638551182,1.252451359,3.948156042));
#7707=DIRECTION('',(0.0,1.0,0.0));
#7708=DIRECTION('',(0.573576436,0.0,0.819152044));
#7709=ADVANCED_FACE('',(#7710),#7722,.T.);
#7710=FACE_BOUND('',#7711,.T.);
#7711=EDGE_LOOP('',(#7712,#7713,#7714,#7721));
#7712=ORIENTED_EDGE('',*,*,#7697,.F.);
#7713=ORIENTED_EDGE('',*,*,#7617,.F.);
#7714=ORIENTED_EDGE('',*,*,#7715,.T.);
#7715=EDGE_CURVE('',#7610,#7536,#7716,.T.);
#7716=CIRCLE('',#7717,0.127);
#7717=AXIS2_PLACEMENT_3D('',#7718,#7719,#7720);
#7718=CARTESIAN_POINT('',(-6.574841968,0.127,4.603753909));
#7719=DIRECTION('',(0.819152044,0.0,-0.573576436));
#7720=DIRECTION('',(0.573576436,0.0,0.819152044));
#7721=ORIENTED_EDGE('',*,*,#7535,.F.);
#7722=TOROIDAL_SURFACE('',#7723,1.143,0.127);
#7723=AXIS2_PLACEMENT_3D('',#7724,#7725,#7726);
#7724=CARTESIAN_POINT('',(-6.574841968,1.27,4.603753909));
#7725=DIRECTION('',(0.573576436,0.0,0.819152044));
#7726=DIRECTION('',(-0.0130169,-0.999873735,0.009114531));
#7727=ADVANCED_FACE('',(#7728),#7740,.T.);
#7728=FACE_BOUND('',#7729,.T.);
#7729=EDGE_LOOP('',(#7730,#7731,#7732,#7739));
#7730=ORIENTED_EDGE('',*,*,#7715,.F.);
#7731=ORIENTED_EDGE('',*,*,#7609,.F.);
#7732=ORIENTED_EDGE('',*,*,#7733,.T.);
#7733=EDGE_CURVE('',#7601,#7545,#7734,.T.);
#7734=CIRCLE('',#7735,0.127);
#7735=AXIS2_PLACEMENT_3D('',#7736,#7737,#7738);
#7736=CARTESIAN_POINT('',(-7.615165065,0.127,5.332195983));
#7737=DIRECTION('',(0.819152044,0.0,-0.573576436));
#7738=DIRECTION('',(0.573576436,-1.994931997E-14,0.819152044));
#7739=ORIENTED_EDGE('',*,*,#7544,.F.);
#7740=CYLINDRICAL_SURFACE('',#7741,0.127);
#7741=AXIS2_PLACEMENT_3D('',#7742,#7743,#7744);
#7742=CARTESIAN_POINT('',(-7.639980075,0.127,5.34957164));
#7743=DIRECTION('',(0.819152044,0.0,-0.573576436));
#7744=DIRECTION('',(0.573576436,0.0,0.819152044));
#7745=ADVANCED_FACE('',(#7746),#7752,.T.);
#7746=FACE_BOUND('',#7747,.T.);
#7747=EDGE_LOOP('',(#7748,#7749,#7750,#7751));
#7748=ORIENTED_EDGE('',*,*,#7733,.F.);
#7749=ORIENTED_EDGE('',*,*,#7600,.F.);
#7750=ORIENTED_EDGE('',*,*,#7575,.F.);
#7751=ORIENTED_EDGE('',*,*,#7552,.F.);
#7752=TOROIDAL_SURFACE('',#7753,1.143,0.127);
#7753=AXIS2_PLACEMENT_3D('',#7754,#7755,#7756);
#7754=CARTESIAN_POINT('',(-7.615165065,1.27,5.332195983));
#7755=DIRECTION('',(-0.573576436,0.0,-0.819152044));
#7756=DIRECTION('',(-0.818943329,0.022572657,0.573430292));
#7757=MANIFOLD_SOLID_BREP('',#7758);
#7758=CLOSED_SHELL('',(#7759,#7803,#7869,#7894,#7953,#7971,#7989,#8007,#8025,#8043));
#7759=ADVANCED_FACE('',(#7760),#7798,.T.);
#7760=FACE_BOUND('',#7761,.T.);
#7761=EDGE_LOOP('',(#7762,#7773,#7782,#7791));
#7762=ORIENTED_EDGE('',*,*,#7763,.T.);
#7763=EDGE_CURVE('',#7764,#7766,#7768,.T.);
#7764=VERTEX_POINT('',#7765);
#7765=CARTESIAN_POINT('',(-8.078678386,8.6868,6.613029328));
#7766=VERTEX_POINT('',#7767);
#7767=CARTESIAN_POINT('',(-7.915410333,8.6868,6.807604617));
#7768=CIRCLE('',#7769,0.127);
#7769=AXIS2_PLACEMENT_3D('',#7770,#7771,#7772);
#7770=CARTESIAN_POINT('',(-7.997044359,8.6868,6.710316973));
#7771=DIRECTION('',(0.0,1.0,0.0));
#7772=DIRECTION('',(-0.64278761,0.0,-0.766044443));
#7773=ORIENTED_EDGE('',*,*,#7774,.T.);
#7774=EDGE_CURVE('',#7766,#7775,#7777,.F.);
#7775=VERTEX_POINT('',#7776);
#7776=CARTESIAN_POINT('',(-7.039821535,9.8298,6.072898379));
#7777=CIRCLE('',#7778,1.143);
#7778=AXIS2_PLACEMENT_3D('',#7779,#7780,#7781);
#7779=CARTESIAN_POINT('',(-7.039821535,8.6868,6.072898379));
#7780=DIRECTION('',(0.64278761,0.0,0.766044443));
#7781=DIRECTION('',(0.0,1.0,0.0));
#7782=ORIENTED_EDGE('',*,*,#7783,.T.);
#7783=EDGE_CURVE('',#7775,#7784,#7786,.T.);
#7784=VERTEX_POINT('',#7785);
#7785=CARTESIAN_POINT('',(-7.203089587,9.8298,5.87832309));
#7786=CIRCLE('',#7787,0.127);
#7787=AXIS2_PLACEMENT_3D('',#7788,#7789,#7790);
#7788=CARTESIAN_POINT('',(-7.121455561,9.8298,5.975610735));
#7789=DIRECTION('',(-0.766044443,0.0,0.64278761));
#7790=DIRECTION('',(0.64278761,-1.110223025E-14,0.766044443));
#7791=ORIENTED_EDGE('',*,*,#7792,.T.);
#7792=EDGE_CURVE('',#7784,#7764,#7793,.F.);
#7793=CIRCLE('',#7794,1.143);
#7794=AXIS2_PLACEMENT_3D('',#7795,#7796,#7797);
#7795=CARTESIAN_POINT('',(-7.203089587,8.6868,5.87832309));
#7796=DIRECTION('',(-0.64278761,0.0,-0.766044443));
#7797=DIRECTION('',(-0.766044443,-1.850371708E-14,0.64278761));
#7798=TOROIDAL_SURFACE('',#7799,1.143,0.127);
#7799=AXIS2_PLACEMENT_3D('',#7800,#7801,#7802);
#7800=CARTESIAN_POINT('',(-7.121455561,8.6868,5.975610735));
#7801=DIRECTION('',(0.64278761,0.0,0.766044443));
#7802=DIRECTION('',(0.012172983,0.999873735,-0.010214346));
#7803=ADVANCED_FACE('',(#7804),#7864,.T.);
#7804=FACE_BOUND('',#7805,.T.);
#7805=EDGE_LOOP('',(#7806,#7807,#7815,#7824,#7832,#7841,#7849,#7858));
#7806=ORIENTED_EDGE('',*,*,#7792,.F.);
#7807=ORIENTED_EDGE('',*,*,#7808,.T.);
#7808=EDGE_CURVE('',#7784,#7809,#7811,.T.);
#7809=VERTEX_POINT('',#7810);
#7810=CARTESIAN_POINT('',(-6.230213145,9.8298,5.061982826));
#7811=LINE('',#7812,#7813);
#7812=CARTESIAN_POINT('',(-7.203089587,9.8298,5.87832309));
#7813=VECTOR('',#7814,1.0);
#7814=DIRECTION('',(0.766044443,0.0,-0.64278761));
#7815=ORIENTED_EDGE('',*,*,#7816,.T.);
#7816=EDGE_CURVE('',#7809,#7817,#7819,.T.);
#7817=VERTEX_POINT('',#7818);
#7818=CARTESIAN_POINT('',(-5.354624346,8.6868,4.327276588));
#7819=CIRCLE('',#7820,1.143);
#7820=AXIS2_PLACEMENT_3D('',#7821,#7822,#7823);
#7821=CARTESIAN_POINT('',(-6.230213145,8.6868,5.061982826));
#7822=DIRECTION('',(-0.64278761,0.0,-0.766044443));
#7823=DIRECTION('',(1.306768005E-14,1.0,-1.096508551E-14));
#7824=ORIENTED_EDGE('',*,*,#7825,.T.);
#7825=EDGE_CURVE('',#7817,#7826,#7828,.T.);
#7826=VERTEX_POINT('',#7827);
#7827=CARTESIAN_POINT('',(-5.354624346,1.27,4.327276588));
#7828=LINE('',#7829,#7830);
#7829=CARTESIAN_POINT('',(-5.354624346,8.6868,4.327276588));
#7830=VECTOR('',#7831,1.0);
#7831=DIRECTION('',(0.0,-1.0,0.0));
#7832=ORIENTED_EDGE('',*,*,#7833,.T.);
#7833=EDGE_CURVE('',#7826,#7834,#7836,.T.);
#7834=VERTEX_POINT('',#7835);
#7835=CARTESIAN_POINT('',(-6.230213145,0.127,5.061982826));
#7836=CIRCLE('',#7837,1.143);
#7837=AXIS2_PLACEMENT_3D('',#7838,#7839,#7840);
#7838=CARTESIAN_POINT('',(-6.230213145,1.27,5.061982826));
#7839=DIRECTION('',(-0.64278761,0.0,-0.766044443));
#7840=DIRECTION('',(0.766044443,0.0,-0.64278761));
#7841=ORIENTED_EDGE('',*,*,#7842,.T.);
#7842=EDGE_CURVE('',#7834,#7843,#7845,.T.);
#7843=VERTEX_POINT('',#7844);
#7844=CARTESIAN_POINT('',(-7.203089587,0.127,5.87832309));
#7845=LINE('',#7846,#7847);
#7846=CARTESIAN_POINT('',(-6.230213145,0.127,5.061982826));
#7847=VECTOR('',#7848,1.0);
#7848=DIRECTION('',(-0.766044443,0.0,0.64278761));
#7849=ORIENTED_EDGE('',*,*,#7850,.T.);
#7850=EDGE_CURVE('',#7843,#7851,#7853,.T.);
#7851=VERTEX_POINT('',#7852);
#7852=CARTESIAN_POINT('',(-8.078678386,1.27,6.613029328));
#7853=CIRCLE('',#7854,1.143);
#7854=AXIS2_PLACEMENT_3D('',#7855,#7856,#7857);
#7855=CARTESIAN_POINT('',(-7.203089587,1.27,5.87832309));
#7856=DIRECTION('',(-0.64278761,0.0,-0.766044443));
#7857=DIRECTION('',(0.0,-1.0,0.0));
#7858=ORIENTED_EDGE('',*,*,#7859,.T.);
#7859=EDGE_CURVE('',#7851,#7764,#7860,.T.);
#7860=LINE('',#7861,#7862);
#7861=CARTESIAN_POINT('',(-8.078678386,1.27,6.613029328));
#7862=VECTOR('',#7863,1.0);
#7863=DIRECTION('',(0.0,1.0,0.0));
#7864=PLANE('',#7865);
#7865=AXIS2_PLACEMENT_3D('',#7866,#7867,#7868);
#7866=CARTESIAN_POINT('',(-5.257336702,0.0,4.245642562));
#7867=DIRECTION('',(-0.64278761,0.0,-0.766044443));
#7868=DIRECTION('',(-0.766044443,0.0,0.64278761));
#7869=ADVANCED_FACE('',(#7870),#7889,.T.);
#7870=FACE_BOUND('',#7871,.T.);
#7871=EDGE_LOOP('',(#7872,#7881,#7887,#7888));
#7872=ORIENTED_EDGE('',*,*,#7873,.T.);
#7873=EDGE_CURVE('',#7851,#7874,#7876,.F.);
#7874=VERTEX_POINT('',#7875);
#7875=CARTESIAN_POINT('',(-7.915410333,1.27,6.807604617));
#7876=CIRCLE('',#7877,0.127);
#7877=AXIS2_PLACEMENT_3D('',#7878,#7879,#7880);
#7878=CARTESIAN_POINT('',(-7.997044359,1.27,6.710316973));
#7879=DIRECTION('',(0.0,-1.0,0.0));
#7880=DIRECTION('',(0.64278761,0.0,0.766044443));
#7881=ORIENTED_EDGE('',*,*,#7882,.T.);
#7882=EDGE_CURVE('',#7874,#7766,#7883,.F.);
#7883=LINE('',#7884,#7885);
#7884=CARTESIAN_POINT('',(-7.915410333,8.6868,6.807604617));
#7885=VECTOR('',#7886,1.0);
#7886=DIRECTION('',(0.0,-1.0,0.0));
#7887=ORIENTED_EDGE('',*,*,#7763,.F.);
#7888=ORIENTED_EDGE('',*,*,#7859,.F.);
#7889=CYLINDRICAL_SURFACE('',#7890,0.127);
#7890=AXIS2_PLACEMENT_3D('',#7891,#7892,#7893);
#7891=CARTESIAN_POINT('',(-7.997044359,8.717093534,6.710316973));
#7892=DIRECTION('',(0.0,-1.0,0.0));
#7893=DIRECTION('',(0.64278761,0.0,0.766044443));
#7894=ADVANCED_FACE('',(#7895),#7948,.T.);
#7895=FACE_BOUND('',#7896,.T.);
#7896=EDGE_LOOP('',(#7897,#7906,#7914,#7923,#7931,#7940,#7946,#7947));
#7897=ORIENTED_EDGE('',*,*,#7898,.T.);
#7898=EDGE_CURVE('',#7874,#7899,#7901,.T.);
#7899=VERTEX_POINT('',#7900);
#7900=CARTESIAN_POINT('',(-7.039821535,0.127,6.072898379));
#7901=CIRCLE('',#7902,1.143);
#7902=AXIS2_PLACEMENT_3D('',#7903,#7904,#7905);
#7903=CARTESIAN_POINT('',(-7.039821535,1.27,6.072898379));
#7904=DIRECTION('',(0.64278761,0.0,0.766044443));
#7905=DIRECTION('',(-0.766044443,-1.649914773E-14,0.64278761));
#7906=ORIENTED_EDGE('',*,*,#7907,.T.);
#7907=EDGE_CURVE('',#7899,#7908,#7910,.T.);
#7908=VERTEX_POINT('',#7909);
#7909=CARTESIAN_POINT('',(-6.066945092,0.127,5.256558115));
#7910=LINE('',#7911,#7912);
#7911=CARTESIAN_POINT('',(-7.039821535,0.127,6.072898379));
#7912=VECTOR('',#7913,1.0);
#7913=DIRECTION('',(0.766044443,0.0,-0.64278761));
#7914=ORIENTED_EDGE('',*,*,#7915,.T.);
#7915=EDGE_CURVE('',#7908,#7916,#7918,.T.);
#7916=VERTEX_POINT('',#7917);
#7917=CARTESIAN_POINT('',(-5.191356293,1.27,4.521851877));
#7918=CIRCLE('',#7919,1.143);
#7919=AXIS2_PLACEMENT_3D('',#7920,#7921,#7922);
#7920=CARTESIAN_POINT('',(-6.066945092,1.27,5.256558115));
#7921=DIRECTION('',(0.64278761,0.0,0.766044443));
#7922=DIRECTION('',(0.0,-1.0,0.0));
#7923=ORIENTED_EDGE('',*,*,#7924,.T.);
#7924=EDGE_CURVE('',#7916,#7925,#7927,.T.);
#7925=VERTEX_POINT('',#7926);
#7926=CARTESIAN_POINT('',(-5.191356293,8.6868,4.521851877));
#7927=LINE('',#7928,#7929);
#7928=CARTESIAN_POINT('',(-5.191356293,1.27,4.521851877));
#7929=VECTOR('',#7930,1.0);
#7930=DIRECTION('',(0.0,1.0,0.0));
#7931=ORIENTED_EDGE('',*,*,#7932,.T.);
#7932=EDGE_CURVE('',#7925,#7933,#7935,.T.);
#7933=VERTEX_POINT('',#7934);
#7934=CARTESIAN_POINT('',(-6.066945092,9.8298,5.256558115));
#7935=CIRCLE('',#7936,1.143);
#7936=AXIS2_PLACEMENT_3D('',#7937,#7938,#7939);
#7937=CARTESIAN_POINT('',(-6.066945092,8.6868,5.256558115));
#7938=DIRECTION('',(0.64278761,0.0,0.766044443));
#7939=DIRECTION('',(0.766044443,0.0,-0.64278761));
#7940=ORIENTED_EDGE('',*,*,#7941,.T.);
#7941=EDGE_CURVE('',#7933,#7775,#7942,.T.);
#7942=LINE('',#7943,#7944);
#7943=CARTESIAN_POINT('',(-6.066945092,9.8298,5.256558115));
#7944=VECTOR('',#7945,1.0);
#7945=DIRECTION('',(-0.766044443,0.0,0.64278761));
#7946=ORIENTED_EDGE('',*,*,#7774,.F.);
#7947=ORIENTED_EDGE('',*,*,#7882,.F.);
#7948=PLANE('',#7949);
#7949=AXIS2_PLACEMENT_3D('',#7950,#7951,#7952);
#7950=CARTESIAN_POINT('',(-8.012697977,0.0,6.889238643));
#7951=DIRECTION('',(0.64278761,0.0,0.766044443));
#7952=DIRECTION('',(0.766044443,0.0,-0.64278761));
#7953=ADVANCED_FACE('',(#7954),#7966,.T.);
#7954=FACE_BOUND('',#7955,.T.);
#7955=EDGE_LOOP('',(#7956,#7957,#7958,#7965));
#7956=ORIENTED_EDGE('',*,*,#7783,.F.);
#7957=ORIENTED_EDGE('',*,*,#7941,.F.);
#7958=ORIENTED_EDGE('',*,*,#7959,.T.);
#7959=EDGE_CURVE('',#7933,#7809,#7960,.T.);
#7960=CIRCLE('',#7961,0.127);
#7961=AXIS2_PLACEMENT_3D('',#7962,#7963,#7964);
#7962=CARTESIAN_POINT('',(-6.148579118,9.8298,5.15927047));
#7963=DIRECTION('',(-0.766044443,0.0,0.64278761));
#7964=DIRECTION('',(0.64278761,-2.220446049E-14,0.766044443));
#7965=ORIENTED_EDGE('',*,*,#7808,.F.);
#7966=CYLINDRICAL_SURFACE('',#7967,0.127);
#7967=AXIS2_PLACEMENT_3D('',#7968,#7969,#7970);
#7968=CARTESIAN_POINT('',(-6.13513608,9.8298,5.147990422));
#7969=DIRECTION('',(-0.766044443,0.0,0.64278761));
#7970=DIRECTION('',(0.64278761,0.0,0.766044443));
#7971=ADVANCED_FACE('',(#7972),#7984,.T.);
#7972=FACE_BOUND('',#7973,.T.);
#7973=EDGE_LOOP('',(#7974,#7975,#7976,#7983));
#7974=ORIENTED_EDGE('',*,*,#7959,.F.);
#7975=ORIENTED_EDGE('',*,*,#7932,.F.);
#7976=ORIENTED_EDGE('',*,*,#7977,.T.);
#7977=EDGE_CURVE('',#7925,#7817,#7978,.T.);
#7978=CIRCLE('',#7979,0.127);
#7979=AXIS2_PLACEMENT_3D('',#7980,#7981,#7982);
#7980=CARTESIAN_POINT('',(-5.27299032,8.6868,4.424564233));
#7981=DIRECTION('',(0.0,1.0,0.0));
#7982=DIRECTION('',(0.64278761,0.0,0.766044443));
#7983=ORIENTED_EDGE('',*,*,#7816,.F.);
#7984=TOROIDAL_SURFACE('',#7985,1.143,0.127);
#7985=AXIS2_PLACEMENT_3D('',#7986,#7987,#7988);
#7986=CARTESIAN_POINT('',(-6.148579118,8.6868,5.15927047));
#7987=DIRECTION('',(-0.64278761,0.0,-0.766044443));
#7988=DIRECTION('',(0.765849259,-0.022572657,-0.642623831));
#7989=ADVANCED_FACE('',(#7990),#8002,.T.);
#7990=FACE_BOUND('',#7991,.T.);
#7991=EDGE_LOOP('',(#7992,#7993,#7994,#8001));
#7992=ORIENTED_EDGE('',*,*,#7977,.F.);
#7993=ORIENTED_EDGE('',*,*,#7924,.F.);
#7994=ORIENTED_EDGE('',*,*,#7995,.T.);
#7995=EDGE_CURVE('',#7916,#7826,#7996,.T.);
#7996=CIRCLE('',#7997,0.127);
#7997=AXIS2_PLACEMENT_3D('',#7998,#7999,#8000);
#7998=CARTESIAN_POINT('',(-5.27299032,1.27,4.424564233));
#7999=DIRECTION('',(0.0,1.0,0.0));
#8000=DIRECTION('',(0.64278761,0.0,0.766044443));
#8001=ORIENTED_EDGE('',*,*,#7825,.F.);
#8002=CYLINDRICAL_SURFACE('',#8003,0.127);
#8003=AXIS2_PLACEMENT_3D('',#8004,#8005,#8006);
#8004=CARTESIAN_POINT('',(-5.27299032,1.252451359,4.424564233));
#8005=DIRECTION('',(0.0,1.0,0.0));
#8006=DIRECTION('',(0.64278761,0.0,0.766044443));
#8007=ADVANCED_FACE('',(#8008),#8020,.T.);
#8008=FACE_BOUND('',#8009,.T.);
#8009=EDGE_LOOP('',(#8010,#8011,#8012,#8019));
#8010=ORIENTED_EDGE('',*,*,#7995,.F.);
#8011=ORIENTED_EDGE('',*,*,#7915,.F.);
#8012=ORIENTED_EDGE('',*,*,#8013,.T.);
#8013=EDGE_CURVE('',#7908,#7834,#8014,.T.);
#8014=CIRCLE('',#8015,0.127);
#8015=AXIS2_PLACEMENT_3D('',#8016,#8017,#8018);
#8016=CARTESIAN_POINT('',(-6.148579118,0.127,5.15927047));
#8017=DIRECTION('',(0.766044443,0.0,-0.64278761));
#8018=DIRECTION('',(0.64278761,0.0,0.766044443));
#8019=ORIENTED_EDGE('',*,*,#7833,.F.);
#8020=TOROIDAL_SURFACE('',#8021,1.143,0.127);
#8021=AXIS2_PLACEMENT_3D('',#8022,#8023,#8024);
#8022=CARTESIAN_POINT('',(-6.148579118,1.27,5.15927047));
#8023=DIRECTION('',(0.64278761,0.0,0.766044443));
#8024=DIRECTION('',(-0.012172983,-0.999873735,0.010214346));
#8025=ADVANCED_FACE('',(#8026),#8038,.T.);
#8026=FACE_BOUND('',#8027,.T.);
#8027=EDGE_LOOP('',(#8028,#8029,#8030,#8037));
#8028=ORIENTED_EDGE('',*,*,#8013,.F.);
#8029=ORIENTED_EDGE('',*,*,#7907,.F.);
#8030=ORIENTED_EDGE('',*,*,#8031,.T.);
#8031=EDGE_CURVE('',#7899,#7843,#8032,.T.);
#8032=CIRCLE('',#8033,0.127);
#8033=AXIS2_PLACEMENT_3D('',#8034,#8035,#8036);
#8034=CARTESIAN_POINT('',(-7.121455561,0.127,5.975610735));
#8035=DIRECTION('',(0.766044443,0.0,-0.64278761));
#8036=DIRECTION('',(0.64278761,-2.55004351E-14,0.766044443));
#8037=ORIENTED_EDGE('',*,*,#7842,.F.);
#8038=CYLINDRICAL_SURFACE('',#8039,0.127);
#8039=AXIS2_PLACEMENT_3D('',#8040,#8041,#8042);
#8040=CARTESIAN_POINT('',(-7.144661754,0.127,5.995083043));
#8041=DIRECTION('',(0.766044443,0.0,-0.64278761));
#8042=DIRECTION('',(0.64278761,0.0,0.766044443));
#8043=ADVANCED_FACE('',(#8044),#8050,.T.);
#8044=FACE_BOUND('',#8045,.T.);
#8045=EDGE_LOOP('',(#8046,#8047,#8048,#8049));
#8046=ORIENTED_EDGE('',*,*,#8031,.F.);
#8047=ORIENTED_EDGE('',*,*,#7898,.F.);
#8048=ORIENTED_EDGE('',*,*,#7873,.F.);
#8049=ORIENTED_EDGE('',*,*,#7850,.F.);
#8050=TOROIDAL_SURFACE('',#8051,1.143,0.127);
#8051=AXIS2_PLACEMENT_3D('',#8052,#8053,#8054);
#8052=CARTESIAN_POINT('',(-7.121455561,1.27,5.975610735));
#8053=DIRECTION('',(-0.64278761,0.0,-0.766044443));
#8054=DIRECTION('',(-0.765849259,0.022572657,0.642623831));
#8055=MANIFOLD_SOLID_BREP('',#8056);
#8056=CLOSED_SHELL('',(#8057,#8101,#8167,#8192,#8251,#8269,#8287,#8305,#8323,#8341));
#8057=ADVANCED_FACE('',(#8058),#8096,.T.);
#8058=FACE_BOUND('',#8059,.T.);
#8059=EDGE_LOOP('',(#8060,#8071,#8080,#8089));
#8060=ORIENTED_EDGE('',*,*,#8061,.T.);
#8061=EDGE_CURVE('',#8062,#8064,#8066,.T.);
#8062=VERTEX_POINT('',#8063);
#8063=CARTESIAN_POINT('',(-7.471573093,8.6868,7.29196797));
#8064=VERTEX_POINT('',#8065);
#8065=CARTESIAN_POINT('',(-7.29196797,8.6868,7.471573093));
#8066=CIRCLE('',#8067,0.127);
#8067=AXIS2_PLACEMENT_3D('',#8068,#8069,#8070);
#8068=CARTESIAN_POINT('',(-7.381770532,8.6868,7.381770532));
#8069=DIRECTION('',(0.0,1.0,0.0));
#8070=DIRECTION('',(-0.707106781,0.0,-0.707106781));
#8071=ORIENTED_EDGE('',*,*,#8072,.T.);
#8072=EDGE_CURVE('',#8064,#8073,#8075,.F.);
#8073=VERTEX_POINT('',#8074);
#8074=CARTESIAN_POINT('',(-6.483744919,9.8298,6.663350042));
#8075=CIRCLE('',#8076,1.143);
#8076=AXIS2_PLACEMENT_3D('',#8077,#8078,#8079);
#8077=CARTESIAN_POINT('',(-6.483744919,8.6868,6.663350042));
#8078=DIRECTION('',(0.707106781,0.0,0.707106781));
#8079=DIRECTION('',(0.0,1.0,0.0));
#8080=ORIENTED_EDGE('',*,*,#8081,.T.);
#8081=EDGE_CURVE('',#8073,#8082,#8084,.T.);
#8082=VERTEX_POINT('',#8083);
#8083=CARTESIAN_POINT('',(-6.663350042,9.8298,6.483744919));
#8084=CIRCLE('',#8085,0.127);
#8085=AXIS2_PLACEMENT_3D('',#8086,#8087,#8088);
#8086=CARTESIAN_POINT('',(-6.573547481,9.8298,6.573547481));
#8087=DIRECTION('',(-0.707106781,0.0,0.707106781));
#8088=DIRECTION('',(0.707106781,0.0,0.707106781));
#8089=ORIENTED_EDGE('',*,*,#8090,.T.);
#8090=EDGE_CURVE('',#8082,#8062,#8091,.F.);
#8091=CIRCLE('',#8092,1.143);
#8092=AXIS2_PLACEMENT_3D('',#8093,#8094,#8095);
#8093=CARTESIAN_POINT('',(-6.663350042,8.6868,6.483744919));
#8094=DIRECTION('',(-0.707106781,0.0,-0.707106781));
#8095=DIRECTION('',(-0.707106781,0.0,0.707106781));
#8096=TOROIDAL_SURFACE('',#8097,1.143,0.127);
#8097=AXIS2_PLACEMENT_3D('',#8098,#8099,#8100);
#8098=CARTESIAN_POINT('',(-6.573547481,8.6868,6.573547481));
#8099=DIRECTION('',(0.707106781,0.0,0.707106781));
#8100=DIRECTION('',(0.011236422,0.999873735,-0.011236422));
#8101=ADVANCED_FACE('',(#8102),#8162,.T.);
#8102=FACE_BOUND('',#8103,.T.);
#8103=EDGE_LOOP('',(#8104,#8105,#8113,#8122,#8130,#8139,#8147,#8156));
#8104=ORIENTED_EDGE('',*,*,#8090,.F.);
#8105=ORIENTED_EDGE('',*,*,#8106,.T.);
#8106=EDGE_CURVE('',#8082,#8107,#8109,.T.);
#8107=VERTEX_POINT('',#8108);
#8108=CARTESIAN_POINT('',(-5.76532443,9.8298,5.585719307));
#8109=LINE('',#8110,#8111);
#8110=CARTESIAN_POINT('',(-6.663350042,9.8298,6.483744919));
#8111=VECTOR('',#8112,1.0);
#8112=DIRECTION('',(0.707106781,0.0,-0.707106781));
#8113=ORIENTED_EDGE('',*,*,#8114,.T.);
#8114=EDGE_CURVE('',#8107,#8115,#8117,.T.);
#8115=VERTEX_POINT('',#8116);
#8116=CARTESIAN_POINT('',(-4.957101379,8.6868,4.777496256));
#8117=CIRCLE('',#8118,1.143);
#8118=AXIS2_PLACEMENT_3D('',#8119,#8120,#8121);
#8119=CARTESIAN_POINT('',(-5.76532443,8.6868,5.585719307));
#8120=DIRECTION('',(-0.707106781,0.0,-0.707106781));
#8121=DIRECTION('',(0.0,1.0,0.0));
#8122=ORIENTED_EDGE('',*,*,#8123,.T.);
#8123=EDGE_CURVE('',#8115,#8124,#8126,.T.);
#8124=VERTEX_POINT('',#8125);
#8125=CARTESIAN_POINT('',(-4.957101379,1.27,4.777496256));
#8126=LINE('',#8127,#8128);
#8127=CARTESIAN_POINT('',(-4.957101379,8.6868,4.777496256));
#8128=VECTOR('',#8129,1.0);
#8129=DIRECTION('',(0.0,-1.0,0.0));
#8130=ORIENTED_EDGE('',*,*,#8131,.T.);
#8131=EDGE_CURVE('',#8124,#8132,#8134,.T.);
#8132=VERTEX_POINT('',#8133);
#8133=CARTESIAN_POINT('',(-5.76532443,0.127,5.585719307));
#8134=CIRCLE('',#8135,1.143);
#8135=AXIS2_PLACEMENT_3D('',#8136,#8137,#8138);
#8136=CARTESIAN_POINT('',(-5.76532443,1.27,5.585719307));
#8137=DIRECTION('',(-0.707106781,0.0,-0.707106781));
#8138=DIRECTION('',(0.707106781,0.0,-0.707106781));
#8139=ORIENTED_EDGE('',*,*,#8140,.T.);
#8140=EDGE_CURVE('',#8132,#8141,#8143,.T.);
#8141=VERTEX_POINT('',#8142);
#8142=CARTESIAN_POINT('',(-6.663350042,0.127,6.483744919));
#8143=LINE('',#8144,#8145);
#8144=CARTESIAN_POINT('',(-5.76532443,0.127,5.585719307));
#8145=VECTOR('',#8146,1.0);
#8146=DIRECTION('',(-0.707106781,0.0,0.707106781));
#8147=ORIENTED_EDGE('',*,*,#8148,.T.);
#8148=EDGE_CURVE('',#8141,#8149,#8151,.T.);
#8149=VERTEX_POINT('',#8150);
#8150=CARTESIAN_POINT('',(-7.471573093,1.27,7.29196797));
#8151=CIRCLE('',#8152,1.143);
#8152=AXIS2_PLACEMENT_3D('',#8153,#8154,#8155);
#8153=CARTESIAN_POINT('',(-6.663350042,1.27,6.483744919));
#8154=DIRECTION('',(-0.707106781,0.0,-0.707106781));
#8155=DIRECTION('',(0.0,-1.0,0.0));
#8156=ORIENTED_EDGE('',*,*,#8157,.T.);
#8157=EDGE_CURVE('',#8149,#8062,#8158,.T.);
#8158=LINE('',#8159,#8160);
#8159=CARTESIAN_POINT('',(-7.471573093,1.27,7.29196797));
#8160=VECTOR('',#8161,1.0);
#8161=DIRECTION('',(0.0,1.0,0.0));
#8162=PLANE('',#8163);
#8163=AXIS2_PLACEMENT_3D('',#8164,#8165,#8166);
#8164=CARTESIAN_POINT('',(-4.867298818,0.0,4.687693695));
#8165=DIRECTION('',(-0.707106781,0.0,-0.707106781));
#8166=DIRECTION('',(-0.707106781,0.0,0.707106781));
#8167=ADVANCED_FACE('',(#8168),#8187,.T.);
#8168=FACE_BOUND('',#8169,.T.);
#8169=EDGE_LOOP('',(#8170,#8179,#8185,#8186));
#8170=ORIENTED_EDGE('',*,*,#8171,.T.);
#8171=EDGE_CURVE('',#8149,#8172,#8174,.F.);
#8172=VERTEX_POINT('',#8173);
#8173=CARTESIAN_POINT('',(-7.29196797,1.27,7.471573093));
#8174=CIRCLE('',#8175,0.127);
#8175=AXIS2_PLACEMENT_3D('',#8176,#8177,#8178);
#8176=CARTESIAN_POINT('',(-7.381770532,1.27,7.381770532));
#8177=DIRECTION('',(0.0,-1.0,0.0));
#8178=DIRECTION('',(0.707106781,0.0,0.707106781));
#8179=ORIENTED_EDGE('',*,*,#8180,.T.);
#8180=EDGE_CURVE('',#8172,#8064,#8181,.F.);
#8181=LINE('',#8182,#8183);
#8182=CARTESIAN_POINT('',(-7.29196797,8.6868,7.471573093));
#8183=VECTOR('',#8184,1.0);
#8184=DIRECTION('',(0.0,-1.0,0.0));
#8185=ORIENTED_EDGE('',*,*,#8061,.F.);
#8186=ORIENTED_EDGE('',*,*,#8157,.F.);
#8187=CYLINDRICAL_SURFACE('',#8188,0.127);
#8188=AXIS2_PLACEMENT_3D('',#8189,#8190,#8191);
#8189=CARTESIAN_POINT('',(-7.381770532,8.717093534,7.381770532));
#8190=DIRECTION('',(0.0,-1.0,0.0));
#8191=DIRECTION('',(0.707106781,0.0,0.707106781));
#8192=ADVANCED_FACE('',(#8193),#8246,.T.);
#8193=FACE_BOUND('',#8194,.T.);
#8194=EDGE_LOOP('',(#8195,#8204,#8212,#8221,#8229,#8238,#8244,#8245));
#8195=ORIENTED_EDGE('',*,*,#8196,.T.);
#8196=EDGE_CURVE('',#8172,#8197,#8199,.T.);
#8197=VERTEX_POINT('',#8198);
#8198=CARTESIAN_POINT('',(-6.483744919,0.127,6.663350042));
#8199=CIRCLE('',#8200,1.143);
#8200=AXIS2_PLACEMENT_3D('',#8201,#8202,#8203);
#8201=CARTESIAN_POINT('',(-6.483744919,1.27,6.663350042));
#8202=DIRECTION('',(0.707106781,0.0,0.707106781));
#8203=DIRECTION('',(-0.707106781,-1.249000903E-14,0.707106781));
#8204=ORIENTED_EDGE('',*,*,#8205,.T.);
#8205=EDGE_CURVE('',#8197,#8206,#8208,.T.);
#8206=VERTEX_POINT('',#8207);
#8207=CARTESIAN_POINT('',(-5.585719307,0.127,5.76532443));
#8208=LINE('',#8209,#8210);
#8209=CARTESIAN_POINT('',(-6.483744919,0.127,6.663350042));
#8210=VECTOR('',#8211,1.0);
#8211=DIRECTION('',(0.707106781,0.0,-0.707106781));
#8212=ORIENTED_EDGE('',*,*,#8213,.T.);
#8213=EDGE_CURVE('',#8206,#8214,#8216,.T.);
#8214=VERTEX_POINT('',#8215);
#8215=CARTESIAN_POINT('',(-4.777496256,1.27,4.957101379));
#8216=CIRCLE('',#8217,1.143);
#8217=AXIS2_PLACEMENT_3D('',#8218,#8219,#8220);
#8218=CARTESIAN_POINT('',(-5.585719307,1.27,5.76532443));
#8219=DIRECTION('',(0.707106781,0.0,0.707106781));
#8220=DIRECTION('',(0.0,-1.0,0.0));
#8221=ORIENTED_EDGE('',*,*,#8222,.T.);
#8222=EDGE_CURVE('',#8214,#8223,#8225,.T.);
#8223=VERTEX_POINT('',#8224);
#8224=CARTESIAN_POINT('',(-4.777496256,8.6868,4.957101379));
#8225=LINE('',#8226,#8227);
#8226=CARTESIAN_POINT('',(-4.777496256,1.27,4.957101379));
#8227=VECTOR('',#8228,1.0);
#8228=DIRECTION('',(0.0,1.0,0.0));
#8229=ORIENTED_EDGE('',*,*,#8230,.T.);
#8230=EDGE_CURVE('',#8223,#8231,#8233,.T.);
#8231=VERTEX_POINT('',#8232);
#8232=CARTESIAN_POINT('',(-5.585719307,9.8298,5.76532443));
#8233=CIRCLE('',#8234,1.143);
#8234=AXIS2_PLACEMENT_3D('',#8235,#8236,#8237);
#8235=CARTESIAN_POINT('',(-5.585719307,8.6868,5.76532443));
#8236=DIRECTION('',(0.707106781,0.0,0.707106781));
#8237=DIRECTION('',(0.707106781,1.727013594E-14,-0.707106781));
#8238=ORIENTED_EDGE('',*,*,#8239,.T.);
#8239=EDGE_CURVE('',#8231,#8073,#8240,.T.);
#8240=LINE('',#8241,#8242);
#8241=CARTESIAN_POINT('',(-5.585719307,9.8298,5.76532443));
#8242=VECTOR('',#8243,1.0);
#8243=DIRECTION('',(-0.707106781,0.0,0.707106781));
#8244=ORIENTED_EDGE('',*,*,#8072,.F.);
#8245=ORIENTED_EDGE('',*,*,#8180,.F.);
#8246=PLANE('',#8247);
#8247=AXIS2_PLACEMENT_3D('',#8248,#8249,#8250);
#8248=CARTESIAN_POINT('',(-7.381770532,0.0,7.561375654));
#8249=DIRECTION('',(0.707106781,0.0,0.707106781));
#8250=DIRECTION('',(0.707106781,0.0,-0.707106781));
#8251=ADVANCED_FACE('',(#8252),#8264,.T.);
#8252=FACE_BOUND('',#8253,.T.);
#8253=EDGE_LOOP('',(#8254,#8255,#8256,#8263));
#8254=ORIENTED_EDGE('',*,*,#8081,.F.);
#8255=ORIENTED_EDGE('',*,*,#8239,.F.);
#8256=ORIENTED_EDGE('',*,*,#8257,.T.);
#8257=EDGE_CURVE('',#8231,#8107,#8258,.T.);
#8258=CIRCLE('',#8259,0.127);
#8259=AXIS2_PLACEMENT_3D('',#8260,#8261,#8262);
#8260=CARTESIAN_POINT('',(-5.675521869,9.8298,5.675521869));
#8261=DIRECTION('',(-0.707106781,0.0,0.707106781));
#8262=DIRECTION('',(0.707106781,0.0,0.707106781));
#8263=ORIENTED_EDGE('',*,*,#8106,.F.);
#8264=CYLINDRICAL_SURFACE('',#8265,0.127);
#8265=AXIS2_PLACEMENT_3D('',#8266,#8267,#8268);
#8266=CARTESIAN_POINT('',(-5.663113106,9.8298,5.663113106));
#8267=DIRECTION('',(-0.707106781,0.0,0.707106781));
#8268=DIRECTION('',(0.707106781,0.0,0.707106781));
#8269=ADVANCED_FACE('',(#8270),#8282,.T.);
#8270=FACE_BOUND('',#8271,.T.);
#8271=EDGE_LOOP('',(#8272,#8273,#8274,#8281));
#8272=ORIENTED_EDGE('',*,*,#8257,.F.);
#8273=ORIENTED_EDGE('',*,*,#8230,.F.);
#8274=ORIENTED_EDGE('',*,*,#8275,.T.);
#8275=EDGE_CURVE('',#8223,#8115,#8276,.T.);
#8276=CIRCLE('',#8277,0.127);
#8277=AXIS2_PLACEMENT_3D('',#8278,#8279,#8280);
#8278=CARTESIAN_POINT('',(-4.867298818,8.6868,4.867298818));
#8279=DIRECTION('',(0.0,1.0,0.0));
#8280=DIRECTION('',(0.707106781,0.0,0.707106781));
#8281=ORIENTED_EDGE('',*,*,#8114,.F.);
#8282=TOROIDAL_SURFACE('',#8283,1.143,0.127);
#8283=AXIS2_PLACEMENT_3D('',#8284,#8285,#8286);
#8284=CARTESIAN_POINT('',(-5.675521869,8.6868,5.675521869));
#8285=DIRECTION('',(-0.707106781,0.0,-0.707106781));
#8286=DIRECTION('',(0.706926614,-0.022572657,-0.706926614));
#8287=ADVANCED_FACE('',(#8288),#8300,.T.);
#8288=FACE_BOUND('',#8289,.T.);
#8289=EDGE_LOOP('',(#8290,#8291,#8292,#8299));
#8290=ORIENTED_EDGE('',*,*,#8275,.F.);
#8291=ORIENTED_EDGE('',*,*,#8222,.F.);
#8292=ORIENTED_EDGE('',*,*,#8293,.T.);
#8293=EDGE_CURVE('',#8214,#8124,#8294,.T.);
#8294=CIRCLE('',#8295,0.127);
#8295=AXIS2_PLACEMENT_3D('',#8296,#8297,#8298);
#8296=CARTESIAN_POINT('',(-4.867298818,1.27,4.867298818));
#8297=DIRECTION('',(0.0,1.0,0.0));
#8298=DIRECTION('',(0.707106781,0.0,0.707106781));
#8299=ORIENTED_EDGE('',*,*,#8123,.F.);
#8300=CYLINDRICAL_SURFACE('',#8301,0.127);
#8301=AXIS2_PLACEMENT_3D('',#8302,#8303,#8304);
#8302=CARTESIAN_POINT('',(-4.867298818,1.252451359,4.867298818));
#8303=DIRECTION('',(0.0,1.0,0.0));
#8304=DIRECTION('',(0.707106781,0.0,0.707106781));
#8305=ADVANCED_FACE('',(#8306),#8318,.T.);
#8306=FACE_BOUND('',#8307,.T.);
#8307=EDGE_LOOP('',(#8308,#8309,#8310,#8317));
#8308=ORIENTED_EDGE('',*,*,#8293,.F.);
#8309=ORIENTED_EDGE('',*,*,#8213,.F.);
#8310=ORIENTED_EDGE('',*,*,#8311,.T.);
#8311=EDGE_CURVE('',#8206,#8132,#8312,.T.);
#8312=CIRCLE('',#8313,0.127);
#8313=AXIS2_PLACEMENT_3D('',#8314,#8315,#8316);
#8314=CARTESIAN_POINT('',(-5.675521869,0.127,5.675521869));
#8315=DIRECTION('',(0.707106781,0.0,-0.707106781));
#8316=DIRECTION('',(0.707106781,0.0,0.707106781));
#8317=ORIENTED_EDGE('',*,*,#8131,.F.);
#8318=TOROIDAL_SURFACE('',#8319,1.143,0.127);
#8319=AXIS2_PLACEMENT_3D('',#8320,#8321,#8322);
#8320=CARTESIAN_POINT('',(-5.675521869,1.27,5.675521869));
#8321=DIRECTION('',(0.707106781,0.0,0.707106781));
#8322=DIRECTION('',(-0.011236422,-0.999873735,0.011236422));
#8323=ADVANCED_FACE('',(#8324),#8336,.T.);
#8324=FACE_BOUND('',#8325,.T.);
#8325=EDGE_LOOP('',(#8326,#8327,#8328,#8335));
#8326=ORIENTED_EDGE('',*,*,#8311,.F.);
#8327=ORIENTED_EDGE('',*,*,#8205,.F.);
#8328=ORIENTED_EDGE('',*,*,#8329,.T.);
#8329=EDGE_CURVE('',#8197,#8141,#8330,.T.);
#8330=CIRCLE('',#8331,0.127);
#8331=AXIS2_PLACEMENT_3D('',#8332,#8333,#8334);
#8332=CARTESIAN_POINT('',(-6.573547481,0.127,6.573547481));
#8333=DIRECTION('',(0.707106781,0.0,-0.707106781));
#8334=DIRECTION('',(0.707106781,0.0,0.707106781));
#8335=ORIENTED_EDGE('',*,*,#8140,.F.);
#8336=CYLINDRICAL_SURFACE('',#8337,0.127);
#8337=AXIS2_PLACEMENT_3D('',#8338,#8339,#8340);
#8338=CARTESIAN_POINT('',(-6.594968244,0.127,6.594968244));
#8339=DIRECTION('',(0.707106781,0.0,-0.707106781));
#8340=DIRECTION('',(0.707106781,0.0,0.707106781));
#8341=ADVANCED_FACE('',(#8342),#8348,.T.);
#8342=FACE_BOUND('',#8343,.T.);
#8343=EDGE_LOOP('',(#8344,#8345,#8346,#8347));
#8344=ORIENTED_EDGE('',*,*,#8329,.F.);
#8345=ORIENTED_EDGE('',*,*,#8196,.F.);
#8346=ORIENTED_EDGE('',*,*,#8171,.F.);
#8347=ORIENTED_EDGE('',*,*,#8148,.F.);
#8348=TOROIDAL_SURFACE('',#8349,1.143,0.127);
#8349=AXIS2_PLACEMENT_3D('',#8350,#8351,#8352);
#8350=CARTESIAN_POINT('',(-6.573547481,1.27,6.573547481));
#8351=DIRECTION('',(-0.707106781,0.0,-0.707106781));
#8352=DIRECTION('',(-0.706926614,0.022572657,0.706926614));
#8353=MANIFOLD_SOLID_BREP('',#8354);
#8354=CLOSED_SHELL('',(#8355,#8399,#8465,#8490,#8549,#8567,#8585,#8603,#8621,#8639));
#8355=ADVANCED_FACE('',(#8356),#8394,.T.);
#8356=FACE_BOUND('',#8357,.T.);
#8357=EDGE_LOOP('',(#8358,#8369,#8378,#8387));
#8358=ORIENTED_EDGE('',*,*,#8359,.T.);
#8359=EDGE_CURVE('',#8360,#8362,#8364,.T.);
#8360=VERTEX_POINT('',#8361);
#8361=CARTESIAN_POINT('',(-6.807604617,8.6868,7.915410333));
#8362=VERTEX_POINT('',#8363);
#8363=CARTESIAN_POINT('',(-6.613029328,8.6868,8.078678386));
#8364=CIRCLE('',#8365,0.127);
#8365=AXIS2_PLACEMENT_3D('',#8366,#8367,#8368);
#8366=CARTESIAN_POINT('',(-6.710316973,8.6868,7.997044359));
#8367=DIRECTION('',(0.0,1.0,0.0));
#8368=DIRECTION('',(-0.766044443,0.0,-0.64278761));
#8369=ORIENTED_EDGE('',*,*,#8370,.T.);
#8370=EDGE_CURVE('',#8362,#8371,#8373,.F.);
#8371=VERTEX_POINT('',#8372);
#8372=CARTESIAN_POINT('',(-5.87832309,9.8298,7.203089587));
#8373=CIRCLE('',#8374,1.143);
#8374=AXIS2_PLACEMENT_3D('',#8375,#8376,#8377);
#8375=CARTESIAN_POINT('',(-5.87832309,8.6868,7.203089587));
#8376=DIRECTION('',(0.766044443,0.0,0.64278761));
#8377=DIRECTION('',(0.0,1.0,0.0));
#8378=ORIENTED_EDGE('',*,*,#8379,.T.);
#8379=EDGE_CURVE('',#8371,#8380,#8382,.T.);
#8380=VERTEX_POINT('',#8381);
#8381=CARTESIAN_POINT('',(-6.072898379,9.8298,7.039821535));
#8382=CIRCLE('',#8383,0.127);
#8383=AXIS2_PLACEMENT_3D('',#8384,#8385,#8386);
#8384=CARTESIAN_POINT('',(-5.975610735,9.8298,7.121455561));
#8385=DIRECTION('',(-0.64278761,0.0,0.766044443));
#8386=DIRECTION('',(0.766044443,-1.110223025E-14,0.64278761));
#8387=ORIENTED_EDGE('',*,*,#8388,.T.);
#8388=EDGE_CURVE('',#8380,#8360,#8389,.F.);
#8389=CIRCLE('',#8390,1.143);
#8390=AXIS2_PLACEMENT_3D('',#8391,#8392,#8393);
#8391=CARTESIAN_POINT('',(-6.072898379,8.6868,7.039821535));
#8392=DIRECTION('',(-0.766044443,0.0,-0.64278761));
#8393=DIRECTION('',(-0.64278761,-1.727013594E-14,0.766044443));
#8394=TOROIDAL_SURFACE('',#8395,1.143,0.127);
#8395=AXIS2_PLACEMENT_3D('',#8396,#8397,#8398);
#8396=CARTESIAN_POINT('',(-5.975610735,8.6868,7.121455561));
#8397=DIRECTION('',(0.766044443,0.0,0.64278761));
#8398=DIRECTION('',(0.010214346,0.999873735,-0.012172983));
#8399=ADVANCED_FACE('',(#8400),#8460,.T.);
#8400=FACE_BOUND('',#8401,.T.);
#8401=EDGE_LOOP('',(#8402,#8403,#8411,#8420,#8428,#8437,#8445,#8454));
#8402=ORIENTED_EDGE('',*,*,#8388,.F.);
#8403=ORIENTED_EDGE('',*,*,#8404,.T.);
#8404=EDGE_CURVE('',#8380,#8405,#8407,.T.);
#8405=VERTEX_POINT('',#8406);
#8406=CARTESIAN_POINT('',(-5.256558115,9.8298,6.066945092));
#8407=LINE('',#8408,#8409);
#8408=CARTESIAN_POINT('',(-6.072898379,9.8298,7.039821535));
#8409=VECTOR('',#8410,1.0);
#8410=DIRECTION('',(0.64278761,0.0,-0.766044443));
#8411=ORIENTED_EDGE('',*,*,#8412,.T.);
#8412=EDGE_CURVE('',#8405,#8413,#8415,.T.);
#8413=VERTEX_POINT('',#8414);
#8414=CARTESIAN_POINT('',(-4.521851877,8.6868,5.191356293));
#8415=CIRCLE('',#8416,1.143);
#8416=AXIS2_PLACEMENT_3D('',#8417,#8418,#8419);
#8417=CARTESIAN_POINT('',(-5.256558115,8.6868,6.066945092));
#8418=DIRECTION('',(-0.766044443,0.0,-0.64278761));
#8419=DIRECTION('',(0.0,1.0,0.0));
#8420=ORIENTED_EDGE('',*,*,#8421,.T.);
#8421=EDGE_CURVE('',#8413,#8422,#8424,.T.);
#8422=VERTEX_POINT('',#8423);
#8423=CARTESIAN_POINT('',(-4.521851877,1.27,5.191356293));
#8424=LINE('',#8425,#8426);
#8425=CARTESIAN_POINT('',(-4.521851877,8.6868,5.191356293));
#8426=VECTOR('',#8427,1.0);
#8427=DIRECTION('',(0.0,-1.0,0.0));
#8428=ORIENTED_EDGE('',*,*,#8429,.T.);
#8429=EDGE_CURVE('',#8422,#8430,#8432,.T.);
#8430=VERTEX_POINT('',#8431);
#8431=CARTESIAN_POINT('',(-5.256558115,0.127,6.066945092));
#8432=CIRCLE('',#8433,1.143);
#8433=AXIS2_PLACEMENT_3D('',#8434,#8435,#8436);
#8434=CARTESIAN_POINT('',(-5.256558115,1.27,6.066945092));
#8435=DIRECTION('',(-0.766044443,0.0,-0.64278761));
#8436=DIRECTION('',(0.64278761,0.0,-0.766044443));
#8437=ORIENTED_EDGE('',*,*,#8438,.T.);
#8438=EDGE_CURVE('',#8430,#8439,#8441,.T.);
#8439=VERTEX_POINT('',#8440);
#8440=CARTESIAN_POINT('',(-6.072898379,0.127,7.039821535));
#8441=LINE('',#8442,#8443);
#8442=CARTESIAN_POINT('',(-5.256558115,0.127,6.066945092));
#8443=VECTOR('',#8444,1.0);
#8444=DIRECTION('',(-0.64278761,0.0,0.766044443));
#8445=ORIENTED_EDGE('',*,*,#8446,.T.);
#8446=EDGE_CURVE('',#8439,#8447,#8449,.T.);
#8447=VERTEX_POINT('',#8448);
#8448=CARTESIAN_POINT('',(-6.807604617,1.27,7.915410333));
#8449=CIRCLE('',#8450,1.143);
#8450=AXIS2_PLACEMENT_3D('',#8451,#8452,#8453);
#8451=CARTESIAN_POINT('',(-6.072898379,1.27,7.039821535));
#8452=DIRECTION('',(-0.766044443,0.0,-0.64278761));
#8453=DIRECTION('',(0.0,-1.0,0.0));
#8454=ORIENTED_EDGE('',*,*,#8455,.T.);
#8455=EDGE_CURVE('',#8447,#8360,#8456,.T.);
#8456=LINE('',#8457,#8458);
#8457=CARTESIAN_POINT('',(-6.807604617,1.27,7.915410333));
#8458=VECTOR('',#8459,1.0);
#8459=DIRECTION('',(0.0,1.0,0.0));
#8460=PLANE('',#8461);
#8461=AXIS2_PLACEMENT_3D('',#8462,#8463,#8464);
#8462=CARTESIAN_POINT('',(-4.44021785,0.0,5.094068649));
#8463=DIRECTION('',(-0.766044443,0.0,-0.64278761));
#8464=DIRECTION('',(-0.64278761,0.0,0.766044443));
#8465=ADVANCED_FACE('',(#8466),#8485,.T.);
#8466=FACE_BOUND('',#8467,.T.);
#8467=EDGE_LOOP('',(#8468,#8477,#8483,#8484));
#8468=ORIENTED_EDGE('',*,*,#8469,.T.);
#8469=EDGE_CURVE('',#8447,#8470,#8472,.F.);
#8470=VERTEX_POINT('',#8471);
#8471=CARTESIAN_POINT('',(-6.613029328,1.27,8.078678386));
#8472=CIRCLE('',#8473,0.127);
#8473=AXIS2_PLACEMENT_3D('',#8474,#8475,#8476);
#8474=CARTESIAN_POINT('',(-6.710316973,1.27,7.997044359));
#8475=DIRECTION('',(0.0,-1.0,0.0));
#8476=DIRECTION('',(0.766044443,0.0,0.64278761));
#8477=ORIENTED_EDGE('',*,*,#8478,.T.);
#8478=EDGE_CURVE('',#8470,#8362,#8479,.F.);
#8479=LINE('',#8480,#8481);
#8480=CARTESIAN_POINT('',(-6.613029328,8.6868,8.078678386));
#8481=VECTOR('',#8482,1.0);
#8482=DIRECTION('',(0.0,-1.0,0.0));
#8483=ORIENTED_EDGE('',*,*,#8359,.F.);
#8484=ORIENTED_EDGE('',*,*,#8455,.F.);
#8485=CYLINDRICAL_SURFACE('',#8486,0.127);
#8486=AXIS2_PLACEMENT_3D('',#8487,#8488,#8489);
#8487=CARTESIAN_POINT('',(-6.710316973,8.717093534,7.997044359));
#8488=DIRECTION('',(0.0,-1.0,0.0));
#8489=DIRECTION('',(0.766044443,0.0,0.64278761));
#8490=ADVANCED_FACE('',(#8491),#8544,.T.);
#8491=FACE_BOUND('',#8492,.T.);
#8492=EDGE_LOOP('',(#8493,#8502,#8510,#8519,#8527,#8536,#8542,#8543));
#8493=ORIENTED_EDGE('',*,*,#8494,.T.);
#8494=EDGE_CURVE('',#8470,#8495,#8497,.T.);
#8495=VERTEX_POINT('',#8496);
#8496=CARTESIAN_POINT('',(-5.87832309,0.127,7.203089587));
#8497=CIRCLE('',#8498,1.143);
#8498=AXIS2_PLACEMENT_3D('',#8499,#8500,#8501);
#8499=CARTESIAN_POINT('',(-5.87832309,1.27,7.203089587));
#8500=DIRECTION('',(0.766044443,0.0,0.64278761));
#8501=DIRECTION('',(-0.64278761,-2.91433544E-14,0.766044443));
#8502=ORIENTED_EDGE('',*,*,#8503,.T.);
#8503=EDGE_CURVE('',#8495,#8504,#8506,.T.);
#8504=VERTEX_POINT('',#8505);
#8505=CARTESIAN_POINT('',(-5.061982826,0.127,6.230213145));
#8506=LINE('',#8507,#8508);
#8507=CARTESIAN_POINT('',(-5.87832309,0.127,7.203089587));
#8508=VECTOR('',#8509,1.0);
#8509=DIRECTION('',(0.64278761,0.0,-0.766044443));
#8510=ORIENTED_EDGE('',*,*,#8511,.T.);
#8511=EDGE_CURVE('',#8504,#8512,#8514,.T.);
#8512=VERTEX_POINT('',#8513);
#8513=CARTESIAN_POINT('',(-4.327276588,1.27,5.354624346));
#8514=CIRCLE('',#8515,1.143);
#8515=AXIS2_PLACEMENT_3D('',#8516,#8517,#8518);
#8516=CARTESIAN_POINT('',(-5.061982826,1.27,6.230213145));
#8517=DIRECTION('',(0.766044443,0.0,0.64278761));
#8518=DIRECTION('',(0.0,-1.0,0.0));
#8519=ORIENTED_EDGE('',*,*,#8520,.T.);
#8520=EDGE_CURVE('',#8512,#8521,#8523,.T.);
#8521=VERTEX_POINT('',#8522);
#8522=CARTESIAN_POINT('',(-4.327276588,8.6868,5.354624346));
#8523=LINE('',#8524,#8525);
#8524=CARTESIAN_POINT('',(-4.327276588,1.27,5.354624346));
#8525=VECTOR('',#8526,1.0);
#8526=DIRECTION('',(0.0,1.0,0.0));
#8527=ORIENTED_EDGE('',*,*,#8528,.T.);
#8528=EDGE_CURVE('',#8521,#8529,#8531,.T.);
#8529=VERTEX_POINT('',#8530);
#8530=CARTESIAN_POINT('',(-5.061982826,9.8298,6.230213145));
#8531=CIRCLE('',#8532,1.143);
#8532=AXIS2_PLACEMENT_3D('',#8533,#8534,#8535);
#8533=CARTESIAN_POINT('',(-5.061982826,8.6868,6.230213145));
#8534=DIRECTION('',(0.766044443,0.0,0.64278761));
#8535=DIRECTION('',(0.64278761,0.0,-0.766044443));
#8536=ORIENTED_EDGE('',*,*,#8537,.T.);
#8537=EDGE_CURVE('',#8529,#8371,#8538,.T.);
#8538=LINE('',#8539,#8540);
#8539=CARTESIAN_POINT('',(-5.061982826,9.8298,6.230213145));
#8540=VECTOR('',#8541,1.0);
#8541=DIRECTION('',(-0.64278761,0.0,0.766044443));
#8542=ORIENTED_EDGE('',*,*,#8370,.F.);
#8543=ORIENTED_EDGE('',*,*,#8478,.F.);
#8544=PLANE('',#8545);
#8545=AXIS2_PLACEMENT_3D('',#8546,#8547,#8548);
#8546=CARTESIAN_POINT('',(-6.694663355,0.0,8.17596603));
#8547=DIRECTION('',(0.766044443,0.0,0.64278761));
#8548=DIRECTION('',(0.64278761,0.0,-0.766044443));
#8549=ADVANCED_FACE('',(#8550),#8562,.T.);
#8550=FACE_BOUND('',#8551,.T.);
#8551=EDGE_LOOP('',(#8552,#8553,#8554,#8561));
#8552=ORIENTED_EDGE('',*,*,#8379,.F.);
#8553=ORIENTED_EDGE('',*,*,#8537,.F.);
#8554=ORIENTED_EDGE('',*,*,#8555,.T.);
#8555=EDGE_CURVE('',#8529,#8405,#8556,.T.);
#8556=CIRCLE('',#8557,0.127);
#8557=AXIS2_PLACEMENT_3D('',#8558,#8559,#8560);
#8558=CARTESIAN_POINT('',(-5.15927047,9.8298,6.148579118));
#8559=DIRECTION('',(-0.64278761,0.0,0.766044443));
#8560=DIRECTION('',(0.766044443,1.110223025E-14,0.64278761));
#8561=ORIENTED_EDGE('',*,*,#8404,.F.);
#8562=CYLINDRICAL_SURFACE('',#8563,0.127);
#8563=AXIS2_PLACEMENT_3D('',#8564,#8565,#8566);
#8564=CARTESIAN_POINT('',(-5.147990422,9.8298,6.13513608));
#8565=DIRECTION('',(-0.64278761,0.0,0.766044443));
#8566=DIRECTION('',(0.766044443,0.0,0.64278761));
#8567=ADVANCED_FACE('',(#8568),#8580,.T.);
#8568=FACE_BOUND('',#8569,.T.);
#8569=EDGE_LOOP('',(#8570,#8571,#8572,#8579));
#8570=ORIENTED_EDGE('',*,*,#8555,.F.);
#8571=ORIENTED_EDGE('',*,*,#8528,.F.);
#8572=ORIENTED_EDGE('',*,*,#8573,.T.);
#8573=EDGE_CURVE('',#8521,#8413,#8574,.T.);
#8574=CIRCLE('',#8575,0.127);
#8575=AXIS2_PLACEMENT_3D('',#8576,#8577,#8578);
#8576=CARTESIAN_POINT('',(-4.424564233,8.6868,5.27299032));
#8577=DIRECTION('',(0.0,1.0,0.0));
#8578=DIRECTION('',(0.766044443,0.0,0.64278761));
#8579=ORIENTED_EDGE('',*,*,#8412,.F.);
#8580=TOROIDAL_SURFACE('',#8581,1.143,0.127);
#8581=AXIS2_PLACEMENT_3D('',#8582,#8583,#8584);
#8582=CARTESIAN_POINT('',(-5.15927047,8.6868,6.148579118));
#8583=DIRECTION('',(-0.766044443,0.0,-0.64278761));
#8584=DIRECTION('',(0.642623831,-0.022572657,-0.765849259));
#8585=ADVANCED_FACE('',(#8586),#8598,.T.);
#8586=FACE_BOUND('',#8587,.T.);
#8587=EDGE_LOOP('',(#8588,#8589,#8590,#8597));
#8588=ORIENTED_EDGE('',*,*,#8573,.F.);
#8589=ORIENTED_EDGE('',*,*,#8520,.F.);
#8590=ORIENTED_EDGE('',*,*,#8591,.T.);
#8591=EDGE_CURVE('',#8512,#8422,#8592,.T.);
#8592=CIRCLE('',#8593,0.127);
#8593=AXIS2_PLACEMENT_3D('',#8594,#8595,#8596);
#8594=CARTESIAN_POINT('',(-4.424564233,1.27,5.27299032));
#8595=DIRECTION('',(0.0,1.0,0.0));
#8596=DIRECTION('',(0.766044443,0.0,0.64278761));
#8597=ORIENTED_EDGE('',*,*,#8421,.F.);
#8598=CYLINDRICAL_SURFACE('',#8599,0.127);
#8599=AXIS2_PLACEMENT_3D('',#8600,#8601,#8602);
#8600=CARTESIAN_POINT('',(-4.424564233,1.252451359,5.27299032));
#8601=DIRECTION('',(0.0,1.0,0.0));
#8602=DIRECTION('',(0.766044443,0.0,0.64278761));
#8603=ADVANCED_FACE('',(#8604),#8616,.T.);
#8604=FACE_BOUND('',#8605,.T.);
#8605=EDGE_LOOP('',(#8606,#8607,#8608,#8615));
#8606=ORIENTED_EDGE('',*,*,#8591,.F.);
#8607=ORIENTED_EDGE('',*,*,#8511,.F.);
#8608=ORIENTED_EDGE('',*,*,#8609,.T.);
#8609=EDGE_CURVE('',#8504,#8430,#8610,.T.);
#8610=CIRCLE('',#8611,0.127);
#8611=AXIS2_PLACEMENT_3D('',#8612,#8613,#8614);
#8612=CARTESIAN_POINT('',(-5.15927047,0.127,6.148579118));
#8613=DIRECTION('',(0.64278761,0.0,-0.766044443));
#8614=DIRECTION('',(0.766044443,0.0,0.64278761));
#8615=ORIENTED_EDGE('',*,*,#8429,.F.);
#8616=TOROIDAL_SURFACE('',#8617,1.143,0.127);
#8617=AXIS2_PLACEMENT_3D('',#8618,#8619,#8620);
#8618=CARTESIAN_POINT('',(-5.15927047,1.27,6.148579118));
#8619=DIRECTION('',(0.766044443,0.0,0.64278761));
#8620=DIRECTION('',(-0.010214346,-0.999873735,0.012172983));
#8621=ADVANCED_FACE('',(#8622),#8634,.T.);
#8622=FACE_BOUND('',#8623,.T.);
#8623=EDGE_LOOP('',(#8624,#8625,#8626,#8633));
#8624=ORIENTED_EDGE('',*,*,#8609,.F.);
#8625=ORIENTED_EDGE('',*,*,#8503,.F.);
#8626=ORIENTED_EDGE('',*,*,#8627,.T.);
#8627=EDGE_CURVE('',#8495,#8439,#8628,.T.);
#8628=CIRCLE('',#8629,0.127);
#8629=AXIS2_PLACEMENT_3D('',#8630,#8631,#8632);
#8630=CARTESIAN_POINT('',(-5.975610735,0.127,7.121455561));
#8631=DIRECTION('',(0.64278761,0.0,-0.766044443));
#8632=DIRECTION('',(0.766044443,0.0,0.64278761));
#8633=ORIENTED_EDGE('',*,*,#8438,.F.);
#8634=CYLINDRICAL_SURFACE('',#8635,0.127);
#8635=AXIS2_PLACEMENT_3D('',#8636,#8637,#8638);
#8636=CARTESIAN_POINT('',(-5.995083043,0.127,7.144661754));
#8637=DIRECTION('',(0.64278761,0.0,-0.766044443));
#8638=DIRECTION('',(0.766044443,0.0,0.64278761));
#8639=ADVANCED_FACE('',(#8640),#8646,.T.);
#8640=FACE_BOUND('',#8641,.T.);
#8641=EDGE_LOOP('',(#8642,#8643,#8644,#8645));
#8642=ORIENTED_EDGE('',*,*,#8627,.F.);
#8643=ORIENTED_EDGE('',*,*,#8494,.F.);
#8644=ORIENTED_EDGE('',*,*,#8469,.F.);
#8645=ORIENTED_EDGE('',*,*,#8446,.F.);
#8646=TOROIDAL_SURFACE('',#8647,1.143,0.127);
#8647=AXIS2_PLACEMENT_3D('',#8648,#8649,#8650);
#8648=CARTESIAN_POINT('',(-5.975610735,1.27,7.121455561));
#8649=DIRECTION('',(-0.766044443,0.0,-0.64278761));
#8650=DIRECTION('',(-0.642623831,0.022572657,0.765849259));
#8651=MANIFOLD_SOLID_BREP('',#8652);
#8652=CLOSED_SHELL('',(#8653,#8697,#8763,#8788,#8847,#8865,#8883,#8901,#8919,#8937));
#8653=ADVANCED_FACE('',(#8654),#8692,.T.);
#8654=FACE_BOUND('',#8655,.T.);
#8655=EDGE_LOOP('',(#8656,#8667,#8676,#8685));
#8656=ORIENTED_EDGE('',*,*,#8657,.T.);
#8657=EDGE_CURVE('',#8658,#8660,#8662,.T.);
#8658=VERTEX_POINT('',#8659);
#8659=CARTESIAN_POINT('',(-6.091826159,8.6868,8.478611644));
#8660=VERTEX_POINT('',#8661);
#8661=CARTESIAN_POINT('',(-5.88376154,8.6868,8.624300059));
#8662=CIRCLE('',#8663,0.127);
#8663=AXIS2_PLACEMENT_3D('',#8664,#8665,#8666);
#8664=CARTESIAN_POINT('',(-5.98779385,8.6868,8.551455851));
#8665=DIRECTION('',(0.0,1.0,0.0));
#8666=DIRECTION('',(-0.819152044,0.0,-0.573576436));
#8667=ORIENTED_EDGE('',*,*,#8668,.T.);
#8668=EDGE_CURVE('',#8660,#8669,#8671,.F.);
#8669=VERTEX_POINT('',#8670);
#8670=CARTESIAN_POINT('',(-5.228163673,9.8298,7.688009272));
#8671=CIRCLE('',#8672,1.143);
#8672=AXIS2_PLACEMENT_3D('',#8673,#8674,#8675);
#8673=CARTESIAN_POINT('',(-5.228163673,8.6868,7.688009272));
#8674=DIRECTION('',(0.819152044,0.0,0.573576436));
#8675=DIRECTION('',(0.0,1.0,0.0));
#8676=ORIENTED_EDGE('',*,*,#8677,.T.);
#8677=EDGE_CURVE('',#8669,#8678,#8680,.T.);
#8678=VERTEX_POINT('',#8679);
#8679=CARTESIAN_POINT('',(-5.436228293,9.8298,7.542320857));
#8680=CIRCLE('',#8681,0.127);
#8681=AXIS2_PLACEMENT_3D('',#8682,#8683,#8684);
#8682=CARTESIAN_POINT('',(-5.332195983,9.8298,7.615165065));
#8683=DIRECTION('',(-0.573576436,0.0,0.819152044));
#8684=DIRECTION('',(0.819152044,0.0,0.573576436));
#8685=ORIENTED_EDGE('',*,*,#8686,.T.);
#8686=EDGE_CURVE('',#8678,#8658,#8687,.F.);
#8687=CIRCLE('',#8688,1.143);
#8688=AXIS2_PLACEMENT_3D('',#8689,#8690,#8691);
#8689=CARTESIAN_POINT('',(-5.436228293,8.6868,7.542320857));
#8690=DIRECTION('',(-0.819152044,0.0,-0.573576436));
#8691=DIRECTION('',(-0.573576436,0.0,0.819152044));
#8692=TOROIDAL_SURFACE('',#8693,1.143,0.127);
#8693=AXIS2_PLACEMENT_3D('',#8694,#8695,#8696);
#8694=CARTESIAN_POINT('',(-5.332195983,8.6868,7.615165065));
#8695=DIRECTION('',(0.819152044,0.0,0.573576436));
#8696=DIRECTION('',(0.009114531,0.999873735,-0.0130169));
#8697=ADVANCED_FACE('',(#8698),#8758,.T.);
#8698=FACE_BOUND('',#8699,.T.);
#8699=EDGE_LOOP('',(#8700,#8701,#8709,#8718,#8726,#8735,#8743,#8752));
#8700=ORIENTED_EDGE('',*,*,#8686,.F.);
#8701=ORIENTED_EDGE('',*,*,#8702,.T.);
#8702=EDGE_CURVE('',#8678,#8703,#8705,.T.);
#8703=VERTEX_POINT('',#8704);
#8704=CARTESIAN_POINT('',(-4.707786218,9.8298,6.501997761));
#8705=LINE('',#8706,#8707);
#8706=CARTESIAN_POINT('',(-5.436228293,9.8298,7.542320857));
#8707=VECTOR('',#8708,1.0);
#8708=DIRECTION('',(0.573576436,0.0,-0.819152044));
#8709=ORIENTED_EDGE('',*,*,#8710,.T.);
#8710=EDGE_CURVE('',#8703,#8711,#8713,.T.);
#8711=VERTEX_POINT('',#8712);
#8712=CARTESIAN_POINT('',(-4.052188352,8.6868,5.565706974));
#8713=CIRCLE('',#8714,1.143);
#8714=AXIS2_PLACEMENT_3D('',#8715,#8716,#8717);
#8715=CARTESIAN_POINT('',(-4.707786218,8.6868,6.501997761));
#8716=DIRECTION('',(-0.819152044,0.0,-0.573576436));
#8717=DIRECTION('',(0.0,1.0,0.0));
#8718=ORIENTED_EDGE('',*,*,#8719,.T.);
#8719=EDGE_CURVE('',#8711,#8720,#8722,.T.);
#8720=VERTEX_POINT('',#8721);
#8721=CARTESIAN_POINT('',(-4.052188352,1.27,5.565706974));
#8722=LINE('',#8723,#8724);
#8723=CARTESIAN_POINT('',(-4.052188352,8.6868,5.565706974));
#8724=VECTOR('',#8725,1.0);
#8725=DIRECTION('',(0.0,-1.0,0.0));
#8726=ORIENTED_EDGE('',*,*,#8727,.T.);
#8727=EDGE_CURVE('',#8720,#8728,#8730,.T.);
#8728=VERTEX_POINT('',#8729);
#8729=CARTESIAN_POINT('',(-4.707786218,0.127,6.501997761));
#8730=CIRCLE('',#8731,1.143);
#8731=AXIS2_PLACEMENT_3D('',#8732,#8733,#8734);
#8732=CARTESIAN_POINT('',(-4.707786218,1.27,6.501997761));
#8733=DIRECTION('',(-0.819152044,0.0,-0.573576436));
#8734=DIRECTION('',(0.573576436,0.0,-0.819152044));
#8735=ORIENTED_EDGE('',*,*,#8736,.T.);
#8736=EDGE_CURVE('',#8728,#8737,#8739,.T.);
#8737=VERTEX_POINT('',#8738);
#8738=CARTESIAN_POINT('',(-5.436228293,0.127,7.542320857));
#8739=LINE('',#8740,#8741);
#8740=CARTESIAN_POINT('',(-4.707786218,0.127,6.501997761));
#8741=VECTOR('',#8742,1.0);
#8742=DIRECTION('',(-0.573576436,0.0,0.819152044));
#8743=ORIENTED_EDGE('',*,*,#8744,.T.);
#8744=EDGE_CURVE('',#8737,#8745,#8747,.T.);
#8745=VERTEX_POINT('',#8746);
#8746=CARTESIAN_POINT('',(-6.091826159,1.27,8.478611644));
#8747=CIRCLE('',#8748,1.143);
#8748=AXIS2_PLACEMENT_3D('',#8749,#8750,#8751);
#8749=CARTESIAN_POINT('',(-5.436228293,1.27,7.542320857));
#8750=DIRECTION('',(-0.819152044,0.0,-0.573576436));
#8751=DIRECTION('',(0.0,-1.0,0.0));
#8752=ORIENTED_EDGE('',*,*,#8753,.T.);
#8753=EDGE_CURVE('',#8745,#8658,#8754,.T.);
#8754=LINE('',#8755,#8756);
#8755=CARTESIAN_POINT('',(-6.091826159,1.27,8.478611644));
#8756=VECTOR('',#8757,1.0);
#8757=DIRECTION('',(0.0,1.0,0.0));
#8758=PLANE('',#8759);
#8759=AXIS2_PLACEMENT_3D('',#8760,#8761,#8762);
#8760=CARTESIAN_POINT('',(-3.979344144,0.0,5.461674665));
#8761=DIRECTION('',(-0.819152044,0.0,-0.573576436));
#8762=DIRECTION('',(-0.573576436,0.0,0.819152044));
#8763=ADVANCED_FACE('',(#8764),#8783,.T.);
#8764=FACE_BOUND('',#8765,.T.);
#8765=EDGE_LOOP('',(#8766,#8775,#8781,#8782));
#8766=ORIENTED_EDGE('',*,*,#8767,.T.);
#8767=EDGE_CURVE('',#8745,#8768,#8770,.F.);
#8768=VERTEX_POINT('',#8769);
#8769=CARTESIAN_POINT('',(-5.88376154,1.27,8.624300059));
#8770=CIRCLE('',#8771,0.127);
#8771=AXIS2_PLACEMENT_3D('',#8772,#8773,#8774);
#8772=CARTESIAN_POINT('',(-5.98779385,1.27,8.551455851));
#8773=DIRECTION('',(0.0,-1.0,0.0));
#8774=DIRECTION('',(0.819152044,0.0,0.573576436));
#8775=ORIENTED_EDGE('',*,*,#8776,.T.);
#8776=EDGE_CURVE('',#8768,#8660,#8777,.F.);
#8777=LINE('',#8778,#8779);
#8778=CARTESIAN_POINT('',(-5.88376154,8.6868,8.624300059));
#8779=VECTOR('',#8780,1.0);
#8780=DIRECTION('',(0.0,-1.0,0.0));
#8781=ORIENTED_EDGE('',*,*,#8657,.F.);
#8782=ORIENTED_EDGE('',*,*,#8753,.F.);
#8783=CYLINDRICAL_SURFACE('',#8784,0.127);
#8784=AXIS2_PLACEMENT_3D('',#8785,#8786,#8787);
#8785=CARTESIAN_POINT('',(-5.98779385,8.717093534,8.551455851));
#8786=DIRECTION('',(0.0,-1.0,0.0));
#8787=DIRECTION('',(0.819152044,0.0,0.573576436));
#8788=ADVANCED_FACE('',(#8789),#8842,.T.);
#8789=FACE_BOUND('',#8790,.T.);
#8790=EDGE_LOOP('',(#8791,#8800,#8808,#8817,#8825,#8834,#8840,#8841));
#8791=ORIENTED_EDGE('',*,*,#8792,.T.);
#8792=EDGE_CURVE('',#8768,#8793,#8795,.T.);
#8793=VERTEX_POINT('',#8794);
#8794=CARTESIAN_POINT('',(-5.228163673,0.127,7.688009272));
#8795=CIRCLE('',#8796,1.143);
#8796=AXIS2_PLACEMENT_3D('',#8797,#8798,#8799);
#8797=CARTESIAN_POINT('',(-5.228163673,1.27,7.688009272));
#8798=DIRECTION('',(0.819152044,0.0,0.573576436));
#8799=DIRECTION('',(-0.573576436,-2.189606521E-14,0.819152044));
#8800=ORIENTED_EDGE('',*,*,#8801,.T.);
#8801=EDGE_CURVE('',#8793,#8802,#8804,.T.);
#8802=VERTEX_POINT('',#8803);
#8803=CARTESIAN_POINT('',(-4.499721599,0.127,6.647686176));
#8804=LINE('',#8805,#8806);
#8805=CARTESIAN_POINT('',(-5.228163673,0.127,7.688009272));
#8806=VECTOR('',#8807,1.0);
#8807=DIRECTION('',(0.573576436,0.0,-0.819152044));
#8808=ORIENTED_EDGE('',*,*,#8809,.T.);
#8809=EDGE_CURVE('',#8802,#8810,#8812,.T.);
#8810=VERTEX_POINT('',#8811);
#8811=CARTESIAN_POINT('',(-3.844123732,1.27,5.711395389));
#8812=CIRCLE('',#8813,1.143);
#8813=AXIS2_PLACEMENT_3D('',#8814,#8815,#8816);
#8814=CARTESIAN_POINT('',(-4.499721599,1.27,6.647686176));
#8815=DIRECTION('',(0.819152044,0.0,0.573576436));
#8816=DIRECTION('',(0.0,-1.0,0.0));
#8817=ORIENTED_EDGE('',*,*,#8818,.T.);
#8818=EDGE_CURVE('',#8810,#8819,#8821,.T.);
#8819=VERTEX_POINT('',#8820);
#8820=CARTESIAN_POINT('',(-3.844123732,8.6868,5.711395389));
#8821=LINE('',#8822,#8823);
#8822=CARTESIAN_POINT('',(-3.844123732,1.27,5.711395389));
#8823=VECTOR('',#8824,1.0);
#8824=DIRECTION('',(0.0,1.0,0.0));
#8825=ORIENTED_EDGE('',*,*,#8826,.T.);
#8826=EDGE_CURVE('',#8819,#8827,#8829,.T.);
#8827=VERTEX_POINT('',#8828);
#8828=CARTESIAN_POINT('',(-4.499721599,9.8298,6.647686176));
#8829=CIRCLE('',#8830,1.143);
#8830=AXIS2_PLACEMENT_3D('',#8831,#8832,#8833);
#8831=CARTESIAN_POINT('',(-4.499721599,8.6868,6.647686176));
#8832=DIRECTION('',(0.819152044,0.0,0.573576436));
#8833=DIRECTION('',(0.573576436,0.0,-0.819152044));
#8834=ORIENTED_EDGE('',*,*,#8835,.T.);
#8835=EDGE_CURVE('',#8827,#8669,#8836,.T.);
#8836=LINE('',#8837,#8838);
#8837=CARTESIAN_POINT('',(-4.499721599,9.8298,6.647686176));
#8838=VECTOR('',#8839,1.0);
#8839=DIRECTION('',(-0.573576436,0.0,0.819152044));
#8840=ORIENTED_EDGE('',*,*,#8668,.F.);
#8841=ORIENTED_EDGE('',*,*,#8776,.F.);
#8842=PLANE('',#8843);
#8843=AXIS2_PLACEMENT_3D('',#8844,#8845,#8846);
#8844=CARTESIAN_POINT('',(-5.956605747,0.0,8.728332368));
#8845=DIRECTION('',(0.819152044,0.0,0.573576436));
#8846=DIRECTION('',(0.573576436,0.0,-0.819152044));
#8847=ADVANCED_FACE('',(#8848),#8860,.T.);
#8848=FACE_BOUND('',#8849,.T.);
#8849=EDGE_LOOP('',(#8850,#8851,#8852,#8859));
#8850=ORIENTED_EDGE('',*,*,#8677,.F.);
#8851=ORIENTED_EDGE('',*,*,#8835,.F.);
#8852=ORIENTED_EDGE('',*,*,#8853,.T.);
#8853=EDGE_CURVE('',#8827,#8703,#8854,.T.);
#8854=CIRCLE('',#8855,0.127);
#8855=AXIS2_PLACEMENT_3D('',#8856,#8857,#8858);
#8856=CARTESIAN_POINT('',(-4.603753909,9.8298,6.574841968));
#8857=DIRECTION('',(-0.573576436,0.0,0.819152044));
#8858=DIRECTION('',(0.819152044,-1.110223025E-14,0.573576436));
#8859=ORIENTED_EDGE('',*,*,#8702,.F.);
#8860=CYLINDRICAL_SURFACE('',#8861,0.127);
#8861=AXIS2_PLACEMENT_3D('',#8862,#8863,#8864);
#8862=CARTESIAN_POINT('',(-4.593688422,9.8298,6.560466963));
#8863=DIRECTION('',(-0.573576436,0.0,0.819152044));
#8864=DIRECTION('',(0.819152044,0.0,0.573576436));
#8865=ADVANCED_FACE('',(#8866),#8878,.T.);
#8866=FACE_BOUND('',#8867,.T.);
#8867=EDGE_LOOP('',(#8868,#8869,#8870,#8877));
#8868=ORIENTED_EDGE('',*,*,#8853,.F.);
#8869=ORIENTED_EDGE('',*,*,#8826,.F.);
#8870=ORIENTED_EDGE('',*,*,#8871,.T.);
#8871=EDGE_CURVE('',#8819,#8711,#8872,.T.);
#8872=CIRCLE('',#8873,0.127);
#8873=AXIS2_PLACEMENT_3D('',#8874,#8875,#8876);
#8874=CARTESIAN_POINT('',(-3.948156042,8.6868,5.638551182));
#8875=DIRECTION('',(0.0,1.0,0.0));
#8876=DIRECTION('',(0.819152044,0.0,0.573576436));
#8877=ORIENTED_EDGE('',*,*,#8710,.F.);
#8878=TOROIDAL_SURFACE('',#8879,1.143,0.127);
#8879=AXIS2_PLACEMENT_3D('',#8880,#8881,#8882);
#8880=CARTESIAN_POINT('',(-4.603753909,8.6868,6.574841968));
#8881=DIRECTION('',(-0.819152044,0.0,-0.573576436));
#8882=DIRECTION('',(0.573430292,-0.022572657,-0.818943329));
#8883=ADVANCED_FACE('',(#8884),#8896,.T.);
#8884=FACE_BOUND('',#8885,.T.);
#8885=EDGE_LOOP('',(#8886,#8887,#8888,#8895));
#8886=ORIENTED_EDGE('',*,*,#8871,.F.);
#8887=ORIENTED_EDGE('',*,*,#8818,.F.);
#8888=ORIENTED_EDGE('',*,*,#8889,.T.);
#8889=EDGE_CURVE('',#8810,#8720,#8890,.T.);
#8890=CIRCLE('',#8891,0.127);
#8891=AXIS2_PLACEMENT_3D('',#8892,#8893,#8894);
#8892=CARTESIAN_POINT('',(-3.948156042,1.27,5.638551182));
#8893=DIRECTION('',(0.0,1.0,0.0));
#8894=DIRECTION('',(0.819152044,0.0,0.573576436));
#8895=ORIENTED_EDGE('',*,*,#8719,.F.);
#8896=CYLINDRICAL_SURFACE('',#8897,0.127);
#8897=AXIS2_PLACEMENT_3D('',#8898,#8899,#8900);
#8898=CARTESIAN_POINT('',(-3.948156042,1.252451359,5.638551182));
#8899=DIRECTION('',(0.0,1.0,0.0));
#8900=DIRECTION('',(0.819152044,0.0,0.573576436));
#8901=ADVANCED_FACE('',(#8902),#8914,.T.);
#8902=FACE_BOUND('',#8903,.T.);
#8903=EDGE_LOOP('',(#8904,#8905,#8906,#8913));
#8904=ORIENTED_EDGE('',*,*,#8889,.F.);
#8905=ORIENTED_EDGE('',*,*,#8809,.F.);
#8906=ORIENTED_EDGE('',*,*,#8907,.T.);
#8907=EDGE_CURVE('',#8802,#8728,#8908,.T.);
#8908=CIRCLE('',#8909,0.127);
#8909=AXIS2_PLACEMENT_3D('',#8910,#8911,#8912);
#8910=CARTESIAN_POINT('',(-4.603753909,0.127,6.574841968));
#8911=DIRECTION('',(0.573576436,0.0,-0.819152044));
#8912=DIRECTION('',(0.819152044,0.0,0.573576436));
#8913=ORIENTED_EDGE('',*,*,#8727,.F.);
#8914=TOROIDAL_SURFACE('',#8915,1.143,0.127);
#8915=AXIS2_PLACEMENT_3D('',#8916,#8917,#8918);
#8916=CARTESIAN_POINT('',(-4.603753909,1.27,6.574841968));
#8917=DIRECTION('',(0.819152044,0.0,0.573576436));
#8918=DIRECTION('',(-0.009114531,-0.999873735,0.0130169));
#8919=ADVANCED_FACE('',(#8920),#8932,.T.);
#8920=FACE_BOUND('',#8921,.T.);
#8921=EDGE_LOOP('',(#8922,#8923,#8924,#8931));
#8922=ORIENTED_EDGE('',*,*,#8907,.F.);
#8923=ORIENTED_EDGE('',*,*,#8801,.F.);
#8924=ORIENTED_EDGE('',*,*,#8925,.T.);
#8925=EDGE_CURVE('',#8793,#8737,#8926,.T.);
#8926=CIRCLE('',#8927,0.127);
#8927=AXIS2_PLACEMENT_3D('',#8928,#8929,#8930);
#8928=CARTESIAN_POINT('',(-5.332195983,0.127,7.615165065));
#8929=DIRECTION('',(0.573576436,0.0,-0.819152044));
#8930=DIRECTION('',(0.819152044,0.0,0.573576436));
#8931=ORIENTED_EDGE('',*,*,#8736,.F.);
#8932=CYLINDRICAL_SURFACE('',#8933,0.127);
#8933=AXIS2_PLACEMENT_3D('',#8934,#8935,#8936);
#8934=CARTESIAN_POINT('',(-5.34957164,0.127,7.639980075));
#8935=DIRECTION('',(0.573576436,0.0,-0.819152044));
#8936=DIRECTION('',(0.819152044,0.0,0.573576436));
#8937=ADVANCED_FACE('',(#8938),#8944,.T.);
#8938=FACE_BOUND('',#8939,.T.);
#8939=EDGE_LOOP('',(#8940,#8941,#8942,#8943));
#8940=ORIENTED_EDGE('',*,*,#8925,.F.);
#8941=ORIENTED_EDGE('',*,*,#8792,.F.);
#8942=ORIENTED_EDGE('',*,*,#8767,.F.);
#8943=ORIENTED_EDGE('',*,*,#8744,.F.);
#8944=TOROIDAL_SURFACE('',#8945,1.143,0.127);
#8945=AXIS2_PLACEMENT_3D('',#8946,#8947,#8948);
#8946=CARTESIAN_POINT('',(-5.332195983,1.27,7.615165065));
#8947=DIRECTION('',(-0.819152044,0.0,-0.573576436));
#8948=DIRECTION('',(-0.573430292,0.022572657,0.818943329));
#8949=MANIFOLD_SOLID_BREP('',#8950);
#8950=CLOSED_SHELL('',(#8951,#8995,#9061,#9086,#9145,#9163,#9181,#9199,#9217,#9235));
#8951=ADVANCED_FACE('',(#8952),#8990,.T.);
#8952=FACE_BOUND('',#8953,.T.);
#8953=EDGE_LOOP('',(#8954,#8965,#8974,#8983));
#8954=ORIENTED_EDGE('',*,*,#8955,.T.);
#8955=EDGE_CURVE('',#8956,#8958,#8960,.T.);
#8956=VERTEX_POINT('',#8957);
#8957=CARTESIAN_POINT('',(-5.329685226,8.6868,8.9772856));
#8958=VERTEX_POINT('',#8959);
#8959=CARTESIAN_POINT('',(-5.109714774,8.6868,9.1042856));
#8960=CIRCLE('',#8961,0.127);
#8961=AXIS2_PLACEMENT_3D('',#8962,#8963,#8964);
#8962=CARTESIAN_POINT('',(-5.2197,8.6868,9.0407856));
#8963=DIRECTION('',(0.0,1.0,0.0));
#8964=DIRECTION('',(-0.866025404,0.0,-0.5));
#8965=ORIENTED_EDGE('',*,*,#8966,.T.);
#8966=EDGE_CURVE('',#8958,#8967,#8969,.F.);
#8967=VERTEX_POINT('',#8968);
#8968=CARTESIAN_POINT('',(-4.538214774,9.8298,8.114418564));
#8969=CIRCLE('',#8970,1.143);
#8970=AXIS2_PLACEMENT_3D('',#8971,#8972,#8973);
#8971=CARTESIAN_POINT('',(-4.538214774,8.6868,8.114418564));
#8972=DIRECTION('',(0.866025404,0.0,0.5));
#8973=DIRECTION('',(0.0,1.0,0.0));
#8974=ORIENTED_EDGE('',*,*,#8975,.T.);
#8975=EDGE_CURVE('',#8967,#8976,#8978,.T.);
#8976=VERTEX_POINT('',#8977);
#8977=CARTESIAN_POINT('',(-4.758185226,9.8298,7.987418564));
#8978=CIRCLE('',#8979,0.127);
#8979=AXIS2_PLACEMENT_3D('',#8980,#8981,#8982);
#8980=CARTESIAN_POINT('',(-4.6482,9.8298,8.050918564));
#8981=DIRECTION('',(-0.5,0.0,0.866025404));
#8982=DIRECTION('',(0.866025404,0.0,0.5));
#8983=ORIENTED_EDGE('',*,*,#8984,.T.);
#8984=EDGE_CURVE('',#8976,#8956,#8985,.F.);
#8985=CIRCLE('',#8986,1.143);
#8986=AXIS2_PLACEMENT_3D('',#8987,#8988,#8989);
#8987=CARTESIAN_POINT('',(-4.758185226,8.6868,7.987418564));
#8988=DIRECTION('',(-0.866025404,0.0,-0.5));
#8989=DIRECTION('',(-0.5,1.727013594E-14,0.866025404));
#8990=TOROIDAL_SURFACE('',#8991,1.143,0.127);
#8991=AXIS2_PLACEMENT_3D('',#8992,#8993,#8994);
#8992=CARTESIAN_POINT('',(-4.6482,8.6868,8.050918564));
#8993=DIRECTION('',(0.866025404,0.0,0.5));
#8994=DIRECTION('',(0.00794535,0.999873735,-0.013761751));
#8995=ADVANCED_FACE('',(#8996),#9056,.T.);
#8996=FACE_BOUND('',#8997,.T.);
#8997=EDGE_LOOP('',(#8998,#8999,#9007,#9016,#9024,#9033,#9041,#9050));
#8998=ORIENTED_EDGE('',*,*,#8984,.F.);
#8999=ORIENTED_EDGE('',*,*,#9000,.T.);
#9000=EDGE_CURVE('',#8976,#9001,#9003,.T.);
#9001=VERTEX_POINT('',#9002);
#9002=CARTESIAN_POINT('',(-4.123185226,9.8298,6.887566301));
#9003=LINE('',#9004,#9005);
#9004=CARTESIAN_POINT('',(-4.758185226,9.8298,7.987418564));
#9005=VECTOR('',#9006,1.0);
#9006=DIRECTION('',(0.5,0.0,-0.866025404));
#9007=ORIENTED_EDGE('',*,*,#9008,.T.);
#9008=EDGE_CURVE('',#9001,#9009,#9011,.T.);
#9009=VERTEX_POINT('',#9010);
#9010=CARTESIAN_POINT('',(-3.551685226,8.6868,5.897699264));
#9011=CIRCLE('',#9012,1.143);
#9012=AXIS2_PLACEMENT_3D('',#9013,#9014,#9015);
#9013=CARTESIAN_POINT('',(-4.123185226,8.6868,6.887566301));
#9014=DIRECTION('',(-0.866025404,0.0,-0.5));
#9015=DIRECTION('',(0.0,1.0,0.0));
#9016=ORIENTED_EDGE('',*,*,#9017,.T.);
#9017=EDGE_CURVE('',#9009,#9018,#9020,.T.);
#9018=VERTEX_POINT('',#9019);
#9019=CARTESIAN_POINT('',(-3.551685226,1.27,5.897699264));
#9020=LINE('',#9021,#9022);
#9021=CARTESIAN_POINT('',(-3.551685226,8.6868,5.897699264));
#9022=VECTOR('',#9023,1.0);
#9023=DIRECTION('',(0.0,-1.0,0.0));
#9024=ORIENTED_EDGE('',*,*,#9025,.T.);
#9025=EDGE_CURVE('',#9018,#9026,#9028,.T.);
#9026=VERTEX_POINT('',#9027);
#9027=CARTESIAN_POINT('',(-4.123185226,0.127,6.887566301));
#9028=CIRCLE('',#9029,1.143);
#9029=AXIS2_PLACEMENT_3D('',#9030,#9031,#9032);
#9030=CARTESIAN_POINT('',(-4.123185226,1.27,6.887566301));
#9031=DIRECTION('',(-0.866025404,0.0,-0.5));
#9032=DIRECTION('',(0.5,-1.372359017E-14,-0.866025404));
#9033=ORIENTED_EDGE('',*,*,#9034,.T.);
#9034=EDGE_CURVE('',#9026,#9035,#9037,.T.);
#9035=VERTEX_POINT('',#9036);
#9036=CARTESIAN_POINT('',(-4.758185226,0.127,7.987418564));
#9037=LINE('',#9038,#9039);
#9038=CARTESIAN_POINT('',(-4.123185226,0.127,6.887566301));
#9039=VECTOR('',#9040,1.0);
#9040=DIRECTION('',(-0.5,0.0,0.866025404));
#9041=ORIENTED_EDGE('',*,*,#9042,.T.);
#9042=EDGE_CURVE('',#9035,#9043,#9045,.T.);
#9043=VERTEX_POINT('',#9044);
#9044=CARTESIAN_POINT('',(-5.329685226,1.27,8.9772856));
#9045=CIRCLE('',#9046,1.143);
#9046=AXIS2_PLACEMENT_3D('',#9047,#9048,#9049);
#9047=CARTESIAN_POINT('',(-4.758185226,1.27,7.987418564));
#9048=DIRECTION('',(-0.866025404,0.0,-0.5));
#9049=DIRECTION('',(0.0,-1.0,0.0));
#9050=ORIENTED_EDGE('',*,*,#9051,.T.);
#9051=EDGE_CURVE('',#9043,#8956,#9052,.T.);
#9052=LINE('',#9053,#9054);
#9053=CARTESIAN_POINT('',(-5.329685226,1.27,8.9772856));
#9054=VECTOR('',#9055,1.0);
#9055=DIRECTION('',(0.0,1.0,0.0));
#9056=PLANE('',#9057);
#9057=AXIS2_PLACEMENT_3D('',#9058,#9059,#9060);
#9058=CARTESIAN_POINT('',(-3.488185226,0.0,5.787714038));
#9059=DIRECTION('',(-0.866025404,0.0,-0.5));
#9060=DIRECTION('',(-0.5,0.0,0.866025404));
#9061=ADVANCED_FACE('',(#9062),#9081,.T.);
#9062=FACE_BOUND('',#9063,.T.);
#9063=EDGE_LOOP('',(#9064,#9073,#9079,#9080));
#9064=ORIENTED_EDGE('',*,*,#9065,.T.);
#9065=EDGE_CURVE('',#9043,#9066,#9068,.F.);
#9066=VERTEX_POINT('',#9067);
#9067=CARTESIAN_POINT('',(-5.109714774,1.27,9.1042856));
#9068=CIRCLE('',#9069,0.127);
#9069=AXIS2_PLACEMENT_3D('',#9070,#9071,#9072);
#9070=CARTESIAN_POINT('',(-5.2197,1.27,9.0407856));
#9071=DIRECTION('',(0.0,-1.0,0.0));
#9072=DIRECTION('',(0.866025404,0.0,0.5));
#9073=ORIENTED_EDGE('',*,*,#9074,.T.);
#9074=EDGE_CURVE('',#9066,#8958,#9075,.F.);
#9075=LINE('',#9076,#9077);
#9076=CARTESIAN_POINT('',(-5.109714774,8.6868,9.1042856));
#9077=VECTOR('',#9078,1.0);
#9078=DIRECTION('',(0.0,-1.0,0.0));
#9079=ORIENTED_EDGE('',*,*,#8955,.F.);
#9080=ORIENTED_EDGE('',*,*,#9051,.F.);
#9081=CYLINDRICAL_SURFACE('',#9082,0.127);
#9082=AXIS2_PLACEMENT_3D('',#9083,#9084,#9085);
#9083=CARTESIAN_POINT('',(-5.2197,8.717093534,9.0407856));
#9084=DIRECTION('',(0.0,-1.0,0.0));
#9085=DIRECTION('',(0.866025404,0.0,0.5));
#9086=ADVANCED_FACE('',(#9087),#9140,.T.);
#9087=FACE_BOUND('',#9088,.T.);
#9088=EDGE_LOOP('',(#9089,#9098,#9106,#9115,#9123,#9132,#9138,#9139));
#9089=ORIENTED_EDGE('',*,*,#9090,.T.);
#9090=EDGE_CURVE('',#9066,#9091,#9093,.T.);
#9091=VERTEX_POINT('',#9092);
#9092=CARTESIAN_POINT('',(-4.538214774,0.127,8.114418564));
#9093=CIRCLE('',#9094,1.143);
#9094=AXIS2_PLACEMENT_3D('',#9095,#9096,#9097);
#9095=CARTESIAN_POINT('',(-4.538214774,1.27,8.114418564));
#9096=DIRECTION('',(0.866025404,0.0,0.5));
#9097=DIRECTION('',(-0.5,1.002284675E-14,0.866025404));
#9098=ORIENTED_EDGE('',*,*,#9099,.T.);
#9099=EDGE_CURVE('',#9091,#9100,#9102,.T.);
#9100=VERTEX_POINT('',#9101);
#9101=CARTESIAN_POINT('',(-3.903214774,0.127,7.014566301));
#9102=LINE('',#9103,#9104);
#9103=CARTESIAN_POINT('',(-4.538214774,0.127,8.114418564));
#9104=VECTOR('',#9105,1.0);
#9105=DIRECTION('',(0.5,0.0,-0.866025404));
#9106=ORIENTED_EDGE('',*,*,#9107,.T.);
#9107=EDGE_CURVE('',#9100,#9108,#9110,.T.);
#9108=VERTEX_POINT('',#9109);
#9109=CARTESIAN_POINT('',(-3.331714774,1.27,6.024699264));
#9110=CIRCLE('',#9111,1.143);
#9111=AXIS2_PLACEMENT_3D('',#9112,#9113,#9114);
#9112=CARTESIAN_POINT('',(-3.903214774,1.27,7.014566301));
#9113=DIRECTION('',(0.866025404,0.0,0.5));
#9114=DIRECTION('',(0.0,-1.0,0.0));
#9115=ORIENTED_EDGE('',*,*,#9116,.T.);
#9116=EDGE_CURVE('',#9108,#9117,#9119,.T.);
#9117=VERTEX_POINT('',#9118);
#9118=CARTESIAN_POINT('',(-3.331714774,8.6868,6.024699264));
#9119=LINE('',#9120,#9121);
#9120=CARTESIAN_POINT('',(-3.331714774,1.27,6.024699264));
#9121=VECTOR('',#9122,1.0);
#9122=DIRECTION('',(0.0,1.0,0.0));
#9123=ORIENTED_EDGE('',*,*,#9124,.T.);
#9124=EDGE_CURVE('',#9117,#9125,#9127,.T.);
#9125=VERTEX_POINT('',#9126);
#9126=CARTESIAN_POINT('',(-3.903214774,9.8298,7.014566301));
#9127=CIRCLE('',#9128,1.143);
#9128=AXIS2_PLACEMENT_3D('',#9129,#9130,#9131);
#9129=CARTESIAN_POINT('',(-3.903214774,8.6868,7.014566301));
#9130=DIRECTION('',(0.866025404,0.0,0.5));
#9131=DIRECTION('',(0.5,1.727013594E-14,-0.866025404));
#9132=ORIENTED_EDGE('',*,*,#9133,.T.);
#9133=EDGE_CURVE('',#9125,#8967,#9134,.T.);
#9134=LINE('',#9135,#9136);
#9135=CARTESIAN_POINT('',(-3.903214774,9.8298,7.014566301));
#9136=VECTOR('',#9137,1.0);
#9137=DIRECTION('',(-0.5,0.0,0.866025404));
#9138=ORIENTED_EDGE('',*,*,#8966,.F.);
#9139=ORIENTED_EDGE('',*,*,#9074,.F.);
#9140=PLANE('',#9141);
#9141=AXIS2_PLACEMENT_3D('',#9142,#9143,#9144);
#9142=CARTESIAN_POINT('',(-5.173214774,0.0,9.214270827));
#9143=DIRECTION('',(0.866025404,0.0,0.5));
#9144=DIRECTION('',(0.5,0.0,-0.866025404));
#9145=ADVANCED_FACE('',(#9146),#9158,.T.);
#9146=FACE_BOUND('',#9147,.T.);
#9147=EDGE_LOOP('',(#9148,#9149,#9150,#9157));
#9148=ORIENTED_EDGE('',*,*,#8975,.F.);
#9149=ORIENTED_EDGE('',*,*,#9133,.F.);
#9150=ORIENTED_EDGE('',*,*,#9151,.T.);
#9151=EDGE_CURVE('',#9125,#9001,#9152,.T.);
#9152=CIRCLE('',#9153,0.127);
#9153=AXIS2_PLACEMENT_3D('',#9154,#9155,#9156);
#9154=CARTESIAN_POINT('',(-4.0132,9.8298,6.951066301));
#9155=DIRECTION('',(-0.5,0.0,0.866025404));
#9156=DIRECTION('',(0.866025404,1.110223025E-14,0.5));
#9157=ORIENTED_EDGE('',*,*,#9000,.F.);
#9158=CYLINDRICAL_SURFACE('',#9159,0.127);
#9159=AXIS2_PLACEMENT_3D('',#9160,#9161,#9162);
#9160=CARTESIAN_POINT('',(-4.00442568,9.8298,6.935868732));
#9161=DIRECTION('',(-0.5,0.0,0.866025404));
#9162=DIRECTION('',(0.866025404,0.0,0.5));
#9163=ADVANCED_FACE('',(#9164),#9176,.T.);
#9164=FACE_BOUND('',#9165,.T.);
#9165=EDGE_LOOP('',(#9166,#9167,#9168,#9175));
#9166=ORIENTED_EDGE('',*,*,#9151,.F.);
#9167=ORIENTED_EDGE('',*,*,#9124,.F.);
#9168=ORIENTED_EDGE('',*,*,#9169,.T.);
#9169=EDGE_CURVE('',#9117,#9009,#9170,.T.);
#9170=CIRCLE('',#9171,0.127);
#9171=AXIS2_PLACEMENT_3D('',#9172,#9173,#9174);
#9172=CARTESIAN_POINT('',(-3.4417,8.6868,5.961199264));
#9173=DIRECTION('',(0.0,1.0,0.0));
#9174=DIRECTION('',(0.866025404,0.0,0.5));
#9175=ORIENTED_EDGE('',*,*,#9008,.F.);
#9176=TOROIDAL_SURFACE('',#9177,1.143,0.127);
#9177=AXIS2_PLACEMENT_3D('',#9178,#9179,#9180);
#9178=CARTESIAN_POINT('',(-4.0132,8.6868,6.951066301));
#9179=DIRECTION('',(-0.866025404,0.0,-0.5));
#9180=DIRECTION('',(0.499872603,-0.022572657,-0.865804745));
#9181=ADVANCED_FACE('',(#9182),#9194,.T.);
#9182=FACE_BOUND('',#9183,.T.);
#9183=EDGE_LOOP('',(#9184,#9185,#9186,#9193));
#9184=ORIENTED_EDGE('',*,*,#9169,.F.);
#9185=ORIENTED_EDGE('',*,*,#9116,.F.);
#9186=ORIENTED_EDGE('',*,*,#9187,.T.);
#9187=EDGE_CURVE('',#9108,#9018,#9188,.T.);
#9188=CIRCLE('',#9189,0.127);
#9189=AXIS2_PLACEMENT_3D('',#9190,#9191,#9192);
#9190=CARTESIAN_POINT('',(-3.4417,1.27,5.961199264));
#9191=DIRECTION('',(0.0,1.0,0.0));
#9192=DIRECTION('',(0.866025404,0.0,0.5));
#9193=ORIENTED_EDGE('',*,*,#9017,.F.);
#9194=CYLINDRICAL_SURFACE('',#9195,0.127);
#9195=AXIS2_PLACEMENT_3D('',#9196,#9197,#9198);
#9196=CARTESIAN_POINT('',(-3.4417,1.252451359,5.961199264));
#9197=DIRECTION('',(0.0,1.0,0.0));
#9198=DIRECTION('',(0.866025404,0.0,0.5));
#9199=ADVANCED_FACE('',(#9200),#9212,.T.);
#9200=FACE_BOUND('',#9201,.T.);
#9201=EDGE_LOOP('',(#9202,#9203,#9204,#9211));
#9202=ORIENTED_EDGE('',*,*,#9187,.F.);
#9203=ORIENTED_EDGE('',*,*,#9107,.F.);
#9204=ORIENTED_EDGE('',*,*,#9205,.T.);
#9205=EDGE_CURVE('',#9100,#9026,#9206,.T.);
#9206=CIRCLE('',#9207,0.127);
#9207=AXIS2_PLACEMENT_3D('',#9208,#9209,#9210);
#9208=CARTESIAN_POINT('',(-4.0132,0.127,6.951066301));
#9209=DIRECTION('',(0.5,0.0,-0.866025404));
#9210=DIRECTION('',(0.866025404,0.0,0.5));
#9211=ORIENTED_EDGE('',*,*,#9025,.F.);
#9212=TOROIDAL_SURFACE('',#9213,1.143,0.127);
#9213=AXIS2_PLACEMENT_3D('',#9214,#9215,#9216);
#9214=CARTESIAN_POINT('',(-4.0132,1.27,6.951066301));
#9215=DIRECTION('',(0.866025404,0.0,0.5));
#9216=DIRECTION('',(-0.00794535,-0.999873735,0.013761751));
#9217=ADVANCED_FACE('',(#9218),#9230,.T.);
#9218=FACE_BOUND('',#9219,.T.);
#9219=EDGE_LOOP('',(#9220,#9221,#9222,#9229));
#9220=ORIENTED_EDGE('',*,*,#9205,.F.);
#9221=ORIENTED_EDGE('',*,*,#9099,.F.);
#9222=ORIENTED_EDGE('',*,*,#9223,.T.);
#9223=EDGE_CURVE('',#9091,#9035,#9224,.T.);
#9224=CIRCLE('',#9225,0.127);
#9225=AXIS2_PLACEMENT_3D('',#9226,#9227,#9228);
#9226=CARTESIAN_POINT('',(-4.6482,0.127,8.050918564));
#9227=DIRECTION('',(0.5,0.0,-0.866025404));
#9228=DIRECTION('',(0.866025404,0.0,0.5));
#9229=ORIENTED_EDGE('',*,*,#9034,.F.);
#9230=CYLINDRICAL_SURFACE('',#9231,0.127);
#9231=AXIS2_PLACEMENT_3D('',#9232,#9233,#9234);
#9232=CARTESIAN_POINT('',(-4.663346767,0.127,8.077153534));
#9233=DIRECTION('',(0.5,0.0,-0.866025404));
#9234=DIRECTION('',(0.866025404,0.0,0.5));
#9235=ADVANCED_FACE('',(#9236),#9242,.T.);
#9236=FACE_BOUND('',#9237,.T.);
#9237=EDGE_LOOP('',(#9238,#9239,#9240,#9241));
#9238=ORIENTED_EDGE('',*,*,#9223,.F.);
#9239=ORIENTED_EDGE('',*,*,#9090,.F.);
#9240=ORIENTED_EDGE('',*,*,#9065,.F.);
#9241=ORIENTED_EDGE('',*,*,#9042,.F.);
#9242=TOROIDAL_SURFACE('',#9243,1.143,0.127);
#9243=AXIS2_PLACEMENT_3D('',#9244,#9245,#9246);
#9244=CARTESIAN_POINT('',(-4.6482,1.27,8.050918564));
#9245=DIRECTION('',(-0.866025404,0.0,-0.5));
#9246=DIRECTION('',(-0.499872603,0.022572657,0.865804745));
#9247=MANIFOLD_SOLID_BREP('',#9248);
#9248=CLOSED_SHELL('',(#9249,#9293,#9359,#9384,#9443,#9461,#9479,#9497,#9515,#9533));
#9249=ADVANCED_FACE('',(#9250),#9288,.T.);
#9250=FACE_BOUND('',#9251,.T.);
#9251=EDGE_LOOP('',(#9252,#9263,#9272,#9281));
#9252=ORIENTED_EDGE('',*,*,#9253,.T.);
#9253=EDGE_CURVE('',#9254,#9256,#9258,.T.);
#9254=VERTEX_POINT('',#9255);
#9255=CARTESIAN_POINT('',(-4.526982171,8.6868,9.407636993));
#9256=VERTEX_POINT('',#9257);
#9257=CARTESIAN_POINT('',(-4.296779993,8.6868,9.514982031));
#9258=CIRCLE('',#9259,0.127);
#9259=AXIS2_PLACEMENT_3D('',#9260,#9261,#9262);
#9260=CARTESIAN_POINT('',(-4.411881082,8.6868,9.461309512));
#9261=DIRECTION('',(0.0,1.0,0.0));
#9262=DIRECTION('',(-0.906307787,0.0,-0.422618262));
#9263=ORIENTED_EDGE('',*,*,#9264,.T.);
#9264=EDGE_CURVE('',#9256,#9265,#9267,.F.);
#9265=VERTEX_POINT('',#9266);
#9266=CARTESIAN_POINT('',(-3.813727319,9.8298,8.479072231));
#9267=CIRCLE('',#9268,1.143);
#9268=AXIS2_PLACEMENT_3D('',#9269,#9270,#9271);
#9269=CARTESIAN_POINT('',(-3.813727319,8.6868,8.479072231));
#9270=DIRECTION('',(0.906307787,0.0,0.422618262));
#9271=DIRECTION('',(0.0,1.0,0.0));
#9272=ORIENTED_EDGE('',*,*,#9273,.T.);
#9273=EDGE_CURVE('',#9265,#9274,#9276,.T.);
#9274=VERTEX_POINT('',#9275);
#9275=CARTESIAN_POINT('',(-4.043929497,9.8298,8.371727192));
#9276=CIRCLE('',#9277,0.127);
#9277=AXIS2_PLACEMENT_3D('',#9278,#9279,#9280);
#9278=CARTESIAN_POINT('',(-3.928828408,9.8298,8.425399711));
#9279=DIRECTION('',(-0.422618262,0.0,0.906307787));
#9280=DIRECTION('',(0.906307787,1.110223025E-14,0.422618262));
#9281=ORIENTED_EDGE('',*,*,#9282,.T.);
#9282=EDGE_CURVE('',#9274,#9254,#9283,.F.);
#9283=CIRCLE('',#9284,1.143);
#9284=AXIS2_PLACEMENT_3D('',#9285,#9286,#9287);
#9285=CARTESIAN_POINT('',(-4.043929497,8.6868,8.371727192));
#9286=DIRECTION('',(-0.906307787,0.0,-0.422618262));
#9287=DIRECTION('',(-0.422618262,0.0,0.906307787));
#9288=TOROIDAL_SURFACE('',#9289,1.143,0.127);
#9289=AXIS2_PLACEMENT_3D('',#9290,#9291,#9292);
#9290=CARTESIAN_POINT('',(-3.928828408,8.6868,8.425399711));
#9291=DIRECTION('',(0.906307787,0.0,0.422618262));
#9292=DIRECTION('',(0.0067157,0.999873735,-0.014401866));
#9293=ADVANCED_FACE('',(#9294),#9354,.T.);
#9294=FACE_BOUND('',#9295,.T.);
#9295=EDGE_LOOP('',(#9296,#9297,#9305,#9314,#9322,#9331,#9339,#9348));
#9296=ORIENTED_EDGE('',*,*,#9282,.F.);
#9297=ORIENTED_EDGE('',*,*,#9298,.T.);
#9298=EDGE_CURVE('',#9274,#9299,#9301,.T.);
#9299=VERTEX_POINT('',#9300);
#9300=CARTESIAN_POINT('',(-3.507204305,9.8298,7.220716303));
#9301=LINE('',#9302,#9303);
#9302=CARTESIAN_POINT('',(-4.043929497,9.8298,8.371727192));
#9303=VECTOR('',#9304,1.0);
#9304=DIRECTION('',(0.422618262,0.0,-0.906307787));
#9305=ORIENTED_EDGE('',*,*,#9306,.T.);
#9306=EDGE_CURVE('',#9299,#9307,#9309,.T.);
#9307=VERTEX_POINT('',#9308);
#9308=CARTESIAN_POINT('',(-3.024151632,8.6868,6.184806502));
#9309=CIRCLE('',#9310,1.143);
#9310=AXIS2_PLACEMENT_3D('',#9311,#9312,#9313);
#9311=CARTESIAN_POINT('',(-3.507204305,8.6868,7.220716303));
#9312=DIRECTION('',(-0.906307787,0.0,-0.422618262));
#9313=DIRECTION('',(0.0,1.0,0.0));
#9314=ORIENTED_EDGE('',*,*,#9315,.T.);
#9315=EDGE_CURVE('',#9307,#9316,#9318,.T.);
#9316=VERTEX_POINT('',#9317);
#9317=CARTESIAN_POINT('',(-3.024151632,1.27,6.184806502));
#9318=LINE('',#9319,#9320);
#9319=CARTESIAN_POINT('',(-3.024151632,8.6868,6.184806502));
#9320=VECTOR('',#9321,1.0);
#9321=DIRECTION('',(0.0,-1.0,0.0));
#9322=ORIENTED_EDGE('',*,*,#9323,.T.);
#9323=EDGE_CURVE('',#9316,#9324,#9326,.T.);
#9324=VERTEX_POINT('',#9325);
#9325=CARTESIAN_POINT('',(-3.507204305,0.127,7.220716303));
#9326=CIRCLE('',#9327,1.143);
#9327=AXIS2_PLACEMENT_3D('',#9328,#9329,#9330);
#9328=CARTESIAN_POINT('',(-3.507204305,1.27,7.220716303));
#9329=DIRECTION('',(-0.906307787,0.0,-0.422618262));
#9330=DIRECTION('',(0.422618262,0.0,-0.906307787));
#9331=ORIENTED_EDGE('',*,*,#9332,.T.);
#9332=EDGE_CURVE('',#9324,#9333,#9335,.T.);
#9333=VERTEX_POINT('',#9334);
#9334=CARTESIAN_POINT('',(-4.043929497,0.127,8.371727192));
#9335=LINE('',#9336,#9337);
#9336=CARTESIAN_POINT('',(-3.507204305,0.127,7.220716303));
#9337=VECTOR('',#9338,1.0);
#9338=DIRECTION('',(-0.422618262,0.0,0.906307787));
#9339=ORIENTED_EDGE('',*,*,#9340,.T.);
#9340=EDGE_CURVE('',#9333,#9341,#9343,.T.);
#9341=VERTEX_POINT('',#9342);
#9342=CARTESIAN_POINT('',(-4.526982171,1.27,9.407636993));
#9343=CIRCLE('',#9344,1.143);
#9344=AXIS2_PLACEMENT_3D('',#9345,#9346,#9347);
#9345=CARTESIAN_POINT('',(-4.043929497,1.27,8.371727192));
#9346=DIRECTION('',(-0.906307787,0.0,-0.422618262));
#9347=DIRECTION('',(0.0,-1.0,0.0));
#9348=ORIENTED_EDGE('',*,*,#9349,.T.);
#9349=EDGE_CURVE('',#9341,#9254,#9350,.T.);
#9350=LINE('',#9351,#9352);
#9351=CARTESIAN_POINT('',(-4.526982171,1.27,9.407636993));
#9352=VECTOR('',#9353,1.0);
#9353=DIRECTION('',(0.0,1.0,0.0));
#9354=PLANE('',#9355);
#9355=AXIS2_PLACEMENT_3D('',#9356,#9357,#9358);
#9356=CARTESIAN_POINT('',(-2.970479113,0.0,6.069705413));
#9357=DIRECTION('',(-0.906307787,0.0,-0.422618262));
#9358=DIRECTION('',(-0.422618262,0.0,0.906307787));
#9359=ADVANCED_FACE('',(#9360),#9379,.T.);
#9360=FACE_BOUND('',#9361,.T.);
#9361=EDGE_LOOP('',(#9362,#9371,#9377,#9378));
#9362=ORIENTED_EDGE('',*,*,#9363,.T.);
#9363=EDGE_CURVE('',#9341,#9364,#9366,.F.);
#9364=VERTEX_POINT('',#9365);
#9365=CARTESIAN_POINT('',(-4.296779993,1.27,9.514982031));
#9366=CIRCLE('',#9367,0.127);
#9367=AXIS2_PLACEMENT_3D('',#9368,#9369,#9370);
#9368=CARTESIAN_POINT('',(-4.411881082,1.27,9.461309512));
#9369=DIRECTION('',(0.0,-1.0,0.0));
#9370=DIRECTION('',(0.906307787,0.0,0.422618262));
#9371=ORIENTED_EDGE('',*,*,#9372,.T.);
#9372=EDGE_CURVE('',#9364,#9256,#9373,.F.);
#9373=LINE('',#9374,#9375);
#9374=CARTESIAN_POINT('',(-4.296779993,8.6868,9.514982031));
#9375=VECTOR('',#9376,1.0);
#9376=DIRECTION('',(0.0,-1.0,0.0));
#9377=ORIENTED_EDGE('',*,*,#9253,.F.);
#9378=ORIENTED_EDGE('',*,*,#9349,.F.);
#9379=CYLINDRICAL_SURFACE('',#9380,0.127);
#9380=AXIS2_PLACEMENT_3D('',#9381,#9382,#9383);
#9381=CARTESIAN_POINT('',(-4.411881082,8.717093534,9.461309512));
#9382=DIRECTION('',(0.0,-1.0,0.0));
#9383=DIRECTION('',(0.906307787,0.0,0.422618262));
#9384=ADVANCED_FACE('',(#9385),#9438,.T.);
#9385=FACE_BOUND('',#9386,.T.);
#9386=EDGE_LOOP('',(#9387,#9396,#9404,#9413,#9421,#9430,#9436,#9437));
#9387=ORIENTED_EDGE('',*,*,#9388,.T.);
#9388=EDGE_CURVE('',#9364,#9389,#9391,.T.);
#9389=VERTEX_POINT('',#9390);
#9390=CARTESIAN_POINT('',(-3.813727319,0.127,8.479072231));
#9391=CIRCLE('',#9392,1.143);
#9392=AXIS2_PLACEMENT_3D('',#9393,#9394,#9395);
#9393=CARTESIAN_POINT('',(-3.813727319,1.27,8.479072231));
#9394=DIRECTION('',(0.906307787,0.0,0.422618262));
#9395=DIRECTION('',(-0.422618262,-1.326099724E-14,0.906307787));
#9396=ORIENTED_EDGE('',*,*,#9397,.T.);
#9397=EDGE_CURVE('',#9389,#9398,#9400,.T.);
#9398=VERTEX_POINT('',#9399);
#9399=CARTESIAN_POINT('',(-3.277002127,0.127,7.328061341));
#9400=LINE('',#9401,#9402);
#9401=CARTESIAN_POINT('',(-3.813727319,0.127,8.479072231));
#9402=VECTOR('',#9403,1.0);
#9403=DIRECTION('',(0.422618262,0.0,-0.906307787));
#9404=ORIENTED_EDGE('',*,*,#9405,.T.);
#9405=EDGE_CURVE('',#9398,#9406,#9408,.T.);
#9406=VERTEX_POINT('',#9407);
#9407=CARTESIAN_POINT('',(-2.793949454,1.27,6.292151541));
#9408=CIRCLE('',#9409,1.143);
#9409=AXIS2_PLACEMENT_3D('',#9410,#9411,#9412);
#9410=CARTESIAN_POINT('',(-3.277002127,1.27,7.328061341));
#9411=DIRECTION('',(0.906307787,0.0,0.422618262));
#9412=DIRECTION('',(0.0,-1.0,0.0));
#9413=ORIENTED_EDGE('',*,*,#9414,.T.);
#9414=EDGE_CURVE('',#9406,#9415,#9417,.T.);
#9415=VERTEX_POINT('',#9416);
#9416=CARTESIAN_POINT('',(-2.793949454,8.6868,6.292151541));
#9417=LINE('',#9418,#9419);
#9418=CARTESIAN_POINT('',(-2.793949454,1.27,6.292151541));
#9419=VECTOR('',#9420,1.0);
#9420=DIRECTION('',(0.0,1.0,0.0));
#9421=ORIENTED_EDGE('',*,*,#9422,.T.);
#9422=EDGE_CURVE('',#9415,#9423,#9425,.T.);
#9423=VERTEX_POINT('',#9424);
#9424=CARTESIAN_POINT('',(-3.277002127,9.8298,7.328061341));
#9425=CIRCLE('',#9426,1.143);
#9426=AXIS2_PLACEMENT_3D('',#9427,#9428,#9429);
#9427=CARTESIAN_POINT('',(-3.277002127,8.6868,7.328061341));
#9428=DIRECTION('',(0.906307787,0.0,0.422618262));
#9429=DIRECTION('',(0.422618262,0.0,-0.906307787));
#9430=ORIENTED_EDGE('',*,*,#9431,.T.);
#9431=EDGE_CURVE('',#9423,#9265,#9432,.T.);
#9432=LINE('',#9433,#9434);
#9433=CARTESIAN_POINT('',(-3.277002127,9.8298,7.328061341));
#9434=VECTOR('',#9435,1.0);
#9435=DIRECTION('',(-0.422618262,0.0,0.906307787));
#9436=ORIENTED_EDGE('',*,*,#9264,.F.);
#9437=ORIENTED_EDGE('',*,*,#9372,.F.);
#9438=PLANE('',#9439);
#9439=AXIS2_PLACEMENT_3D('',#9440,#9441,#9442);
#9440=CARTESIAN_POINT('',(-4.350452512,0.0,9.63008312));
#9441=DIRECTION('',(0.906307787,0.0,0.422618262));
#9442=DIRECTION('',(0.422618262,0.0,-0.906307787));
#9443=ADVANCED_FACE('',(#9444),#9456,.T.);
#9444=FACE_BOUND('',#9445,.T.);
#9445=EDGE_LOOP('',(#9446,#9447,#9448,#9455));
#9446=ORIENTED_EDGE('',*,*,#9273,.F.);
#9447=ORIENTED_EDGE('',*,*,#9431,.F.);
#9448=ORIENTED_EDGE('',*,*,#9449,.T.);
#9449=EDGE_CURVE('',#9423,#9299,#9450,.T.);
#9450=CIRCLE('',#9451,0.127);
#9451=AXIS2_PLACEMENT_3D('',#9452,#9453,#9454);
#9452=CARTESIAN_POINT('',(-3.392103216,9.8298,7.274388822));
#9453=DIRECTION('',(-0.422618262,0.0,0.906307787));
#9454=DIRECTION('',(0.906307787,-2.220446049E-14,0.422618262));
#9455=ORIENTED_EDGE('',*,*,#9298,.F.);
#9456=CYLINDRICAL_SURFACE('',#9457,0.127);
#9457=AXIS2_PLACEMENT_3D('',#9458,#9459,#9460);
#9458=CARTESIAN_POINT('',(-3.38468684,9.8298,7.258484352));
#9459=DIRECTION('',(-0.422618262,0.0,0.906307787));
#9460=DIRECTION('',(0.906307787,0.0,0.422618262));
#9461=ADVANCED_FACE('',(#9462),#9474,.T.);
#9462=FACE_BOUND('',#9463,.T.);
#9463=EDGE_LOOP('',(#9464,#9465,#9466,#9473));
#9464=ORIENTED_EDGE('',*,*,#9449,.F.);
#9465=ORIENTED_EDGE('',*,*,#9422,.F.);
#9466=ORIENTED_EDGE('',*,*,#9467,.T.);
#9467=EDGE_CURVE('',#9415,#9307,#9468,.T.);
#9468=CIRCLE('',#9469,0.127);
#9469=AXIS2_PLACEMENT_3D('',#9470,#9471,#9472);
#9470=CARTESIAN_POINT('',(-2.909050543,8.6868,6.238479021));
#9471=DIRECTION('',(0.0,1.0,0.0));
#9472=DIRECTION('',(0.906307787,0.0,0.422618262));
#9473=ORIENTED_EDGE('',*,*,#9306,.F.);
#9474=TOROIDAL_SURFACE('',#9475,1.143,0.127);
#9475=AXIS2_PLACEMENT_3D('',#9476,#9477,#9478);
#9476=CARTESIAN_POINT('',(-3.392103216,8.6868,7.274388822));
#9477=DIRECTION('',(-0.906307787,0.0,-0.422618262));
#9478=DIRECTION('',(0.422510581,-0.022572657,-0.906076864));
#9479=ADVANCED_FACE('',(#9480),#9492,.T.);
#9480=FACE_BOUND('',#9481,.T.);
#9481=EDGE_LOOP('',(#9482,#9483,#9484,#9491));
#9482=ORIENTED_EDGE('',*,*,#9467,.F.);
#9483=ORIENTED_EDGE('',*,*,#9414,.F.);
#9484=ORIENTED_EDGE('',*,*,#9485,.T.);
#9485=EDGE_CURVE('',#9406,#9316,#9486,.T.);
#9486=CIRCLE('',#9487,0.127);
#9487=AXIS2_PLACEMENT_3D('',#9488,#9489,#9490);
#9488=CARTESIAN_POINT('',(-2.909050543,1.27,6.238479021));
#9489=DIRECTION('',(0.0,1.0,0.0));
#9490=DIRECTION('',(0.906307787,0.0,0.422618262));
#9491=ORIENTED_EDGE('',*,*,#9315,.F.);
#9492=CYLINDRICAL_SURFACE('',#9493,0.127);
#9493=AXIS2_PLACEMENT_3D('',#9494,#9495,#9496);
#9494=CARTESIAN_POINT('',(-2.909050543,1.252451359,6.238479021));
#9495=DIRECTION('',(0.0,1.0,0.0));
#9496=DIRECTION('',(0.906307787,0.0,0.422618262));
#9497=ADVANCED_FACE('',(#9498),#9510,.T.);
#9498=FACE_BOUND('',#9499,.T.);
#9499=EDGE_LOOP('',(#9500,#9501,#9502,#9509));
#9500=ORIENTED_EDGE('',*,*,#9485,.F.);
#9501=ORIENTED_EDGE('',*,*,#9405,.F.);
#9502=ORIENTED_EDGE('',*,*,#9503,.T.);
#9503=EDGE_CURVE('',#9398,#9324,#9504,.T.);
#9504=CIRCLE('',#9505,0.127);
#9505=AXIS2_PLACEMENT_3D('',#9506,#9507,#9508);
#9506=CARTESIAN_POINT('',(-3.392103216,0.127,7.274388822));
#9507=DIRECTION('',(0.422618262,0.0,-0.906307787));
#9508=DIRECTION('',(0.906307787,0.0,0.422618262));
#9509=ORIENTED_EDGE('',*,*,#9323,.F.);
#9510=TOROIDAL_SURFACE('',#9511,1.143,0.127);
#9511=AXIS2_PLACEMENT_3D('',#9512,#9513,#9514);
#9512=CARTESIAN_POINT('',(-3.392103216,1.27,7.274388822));
#9513=DIRECTION('',(0.906307787,0.0,0.422618262));
#9514=DIRECTION('',(-0.0067157,-0.999873735,0.014401866));
#9515=ADVANCED_FACE('',(#9516),#9528,.T.);
#9516=FACE_BOUND('',#9517,.T.);
#9517=EDGE_LOOP('',(#9518,#9519,#9520,#9527));
#9518=ORIENTED_EDGE('',*,*,#9503,.F.);
#9519=ORIENTED_EDGE('',*,*,#9397,.F.);
#9520=ORIENTED_EDGE('',*,*,#9521,.T.);
#9521=EDGE_CURVE('',#9389,#9333,#9522,.T.);
#9522=CIRCLE('',#9523,0.127);
#9523=AXIS2_PLACEMENT_3D('',#9524,#9525,#9526);
#9524=CARTESIAN_POINT('',(-3.928828408,0.127,8.425399711));
#9525=DIRECTION('',(0.422618262,0.0,-0.906307787));
#9526=DIRECTION('',(0.906307787,2.827599266E-14,0.422618262));
#9527=ORIENTED_EDGE('',*,*,#9332,.F.);
#9528=CYLINDRICAL_SURFACE('',#9529,0.127);
#9529=AXIS2_PLACEMENT_3D('',#9530,#9531,#9532);
#9530=CARTESIAN_POINT('',(-3.941631009,0.127,8.452854977));
#9531=DIRECTION('',(0.422618262,0.0,-0.906307787));
#9532=DIRECTION('',(0.906307787,0.0,0.422618262));
#9533=ADVANCED_FACE('',(#9534),#9540,.T.);
#9534=FACE_BOUND('',#9535,.T.);
#9535=EDGE_LOOP('',(#9536,#9537,#9538,#9539));
#9536=ORIENTED_EDGE('',*,*,#9521,.F.);
#9537=ORIENTED_EDGE('',*,*,#9388,.F.);
#9538=ORIENTED_EDGE('',*,*,#9363,.F.);
#9539=ORIENTED_EDGE('',*,*,#9340,.F.);
#9540=TOROIDAL_SURFACE('',#9541,1.143,0.127);
#9541=AXIS2_PLACEMENT_3D('',#9542,#9543,#9544);
#9542=CARTESIAN_POINT('',(-3.928828408,1.27,8.425399711));
#9543=DIRECTION('',(-0.906307787,0.0,-0.422618262));
#9544=DIRECTION('',(-0.422510581,0.022572657,0.906076864));
#9545=MANIFOLD_SOLID_BREP('',#9546);
#9546=CLOSED_SHELL('',(#9547,#9591,#9657,#9682,#9741,#9759,#9777,#9795,#9813,#9831));
#9547=ADVANCED_FACE('',(#9548),#9586,.T.);
#9548=FACE_BOUND('',#9549,.T.);
#9549=EDGE_LOOP('',(#9550,#9561,#9570,#9579));
#9550=ORIENTED_EDGE('',*,*,#9551,.T.);
#9551=EDGE_CURVE('',#9552,#9554,#9556,.T.);
#9552=VERTEX_POINT('',#9553);
#9553=CARTESIAN_POINT('',(-3.689826047,8.6868,9.766390587));
#9554=VERTEX_POINT('',#9555);
#9555=CARTESIAN_POINT('',(-3.451144121,8.6868,9.853263704));
#9556=CIRCLE('',#9557,0.127);
#9557=AXIS2_PLACEMENT_3D('',#9558,#9559,#9560);
#9558=CARTESIAN_POINT('',(-3.570485084,8.6868,9.809827145));
#9559=DIRECTION('',(0.0,1.0,0.0));
#9560=DIRECTION('',(-0.939692621,0.0,-0.342020143));
#9561=ORIENTED_EDGE('',*,*,#9562,.T.);
#9562=EDGE_CURVE('',#9554,#9563,#9565,.F.);
#9563=VERTEX_POINT('',#9564);
#9564=CARTESIAN_POINT('',(-3.060215098,9.8298,8.779195038));
#9565=CIRCLE('',#9566,1.143);
#9566=AXIS2_PLACEMENT_3D('',#9567,#9568,#9569);
#9567=CARTESIAN_POINT('',(-3.060215098,8.6868,8.779195038));
#9568=DIRECTION('',(0.939692621,0.0,0.342020143));
#9569=DIRECTION('',(0.0,1.0,0.0));
#9570=ORIENTED_EDGE('',*,*,#9571,.T.);
#9571=EDGE_CURVE('',#9563,#9572,#9574,.T.);
#9572=VERTEX_POINT('',#9573);
#9573=CARTESIAN_POINT('',(-3.298897023,9.8298,8.692321922));
#9574=CIRCLE('',#9575,0.127);
#9575=AXIS2_PLACEMENT_3D('',#9576,#9577,#9578);
#9576=CARTESIAN_POINT('',(-3.17955606,9.8298,8.73575848));
#9577=DIRECTION('',(-0.342020143,0.0,0.939692621));
#9578=DIRECTION('',(0.939692621,0.0,0.342020143));
#9579=ORIENTED_EDGE('',*,*,#9580,.T.);
#9580=EDGE_CURVE('',#9572,#9552,#9581,.F.);
#9581=CIRCLE('',#9582,1.143);
#9582=AXIS2_PLACEMENT_3D('',#9583,#9584,#9585);
#9583=CARTESIAN_POINT('',(-3.298897023,8.6868,8.692321922));
#9584=DIRECTION('',(-0.939692621,0.0,-0.342020143));
#9585=DIRECTION('',(-0.342020143,0.0,0.939692621));
#9586=TOROIDAL_SURFACE('',#9587,1.143,0.127);
#9587=AXIS2_PLACEMENT_3D('',#9588,#9589,#9590);
#9588=CARTESIAN_POINT('',(-3.17955606,8.6868,8.73575848));
#9589=DIRECTION('',(0.939692621,0.0,0.342020143));
#9590=DIRECTION('',(0.00543494,0.999873735,-0.014932374));
#9591=ADVANCED_FACE('',(#9592),#9652,.T.);
#9592=FACE_BOUND('',#9593,.T.);
#9593=EDGE_LOOP('',(#9594,#9595,#9603,#9612,#9620,#9629,#9637,#9646));
#9594=ORIENTED_EDGE('',*,*,#9580,.F.);
#9595=ORIENTED_EDGE('',*,*,#9596,.T.);
#9596=EDGE_CURVE('',#9572,#9597,#9599,.T.);
#9597=VERTEX_POINT('',#9598);
#9598=CARTESIAN_POINT('',(-2.864531441,9.8298,7.498912293));
#9599=LINE('',#9600,#9601);
#9600=CARTESIAN_POINT('',(-3.298897023,9.8298,8.692321922));
#9601=VECTOR('',#9602,1.0);
#9602=DIRECTION('',(0.342020143,0.0,-0.939692621));
#9603=ORIENTED_EDGE('',*,*,#9604,.T.);
#9604=EDGE_CURVE('',#9597,#9605,#9607,.T.);
#9605=VERTEX_POINT('',#9606);
#9606=CARTESIAN_POINT('',(-2.473602417,8.6868,6.424843628));
#9607=CIRCLE('',#9608,1.143);
#9608=AXIS2_PLACEMENT_3D('',#9609,#9610,#9611);
#9609=CARTESIAN_POINT('',(-2.864531441,8.6868,7.498912293));
#9610=DIRECTION('',(-0.939692621,0.0,-0.342020143));
#9611=DIRECTION('',(0.0,1.0,0.0));
#9612=ORIENTED_EDGE('',*,*,#9613,.T.);
#9613=EDGE_CURVE('',#9605,#9614,#9616,.T.);
#9614=VERTEX_POINT('',#9615);
#9615=CARTESIAN_POINT('',(-2.473602417,1.27,6.424843628));
#9616=LINE('',#9617,#9618);
#9617=CARTESIAN_POINT('',(-2.473602417,8.6868,6.424843628));
#9618=VECTOR('',#9619,1.0);
#9619=DIRECTION('',(0.0,-1.0,0.0));
#9620=ORIENTED_EDGE('',*,*,#9621,.T.);
#9621=EDGE_CURVE('',#9614,#9622,#9624,.T.);
#9622=VERTEX_POINT('',#9623);
#9623=CARTESIAN_POINT('',(-2.864531441,0.127,7.498912293));
#9624=CIRCLE('',#9625,1.143);
#9625=AXIS2_PLACEMENT_3D('',#9626,#9627,#9628);
#9626=CARTESIAN_POINT('',(-2.864531441,1.27,7.498912293));
#9627=DIRECTION('',(-0.939692621,0.0,-0.342020143));
#9628=DIRECTION('',(0.342020143,0.0,-0.939692621));
#9629=ORIENTED_EDGE('',*,*,#9630,.T.);
#9630=EDGE_CURVE('',#9622,#9631,#9633,.T.);
#9631=VERTEX_POINT('',#9632);
#9632=CARTESIAN_POINT('',(-3.298897023,0.127,8.692321922));
#9633=LINE('',#9634,#9635);
#9634=CARTESIAN_POINT('',(-2.864531441,0.127,7.498912293));
#9635=VECTOR('',#9636,1.0);
#9636=DIRECTION('',(-0.342020143,0.0,0.939692621));
#9637=ORIENTED_EDGE('',*,*,#9638,.T.);
#9638=EDGE_CURVE('',#9631,#9639,#9641,.T.);
#9639=VERTEX_POINT('',#9640);
#9640=CARTESIAN_POINT('',(-3.689826047,1.27,9.766390587));
#9641=CIRCLE('',#9642,1.143);
#9642=AXIS2_PLACEMENT_3D('',#9643,#9644,#9645);
#9643=CARTESIAN_POINT('',(-3.298897023,1.27,8.692321922));
#9644=DIRECTION('',(-0.939692621,0.0,-0.342020143));
#9645=DIRECTION('',(0.0,-1.0,0.0));
#9646=ORIENTED_EDGE('',*,*,#9647,.T.);
#9647=EDGE_CURVE('',#9639,#9552,#9648,.T.);
#9648=LINE('',#9649,#9650);
#9649=CARTESIAN_POINT('',(-3.689826047,1.27,9.766390587));
#9650=VECTOR('',#9651,1.0);
#9651=DIRECTION('',(0.0,1.0,0.0));
#9652=PLANE('',#9653);
#9653=AXIS2_PLACEMENT_3D('',#9654,#9655,#9656);
#9654=CARTESIAN_POINT('',(-2.430165859,0.0,6.305502665));
#9655=DIRECTION('',(-0.939692621,0.0,-0.342020143));
#9656=DIRECTION('',(-0.342020143,0.0,0.939692621));
#9657=ADVANCED_FACE('',(#9658),#9677,.T.);
#9658=FACE_BOUND('',#9659,.T.);
#9659=EDGE_LOOP('',(#9660,#9669,#9675,#9676));
#9660=ORIENTED_EDGE('',*,*,#9661,.T.);
#9661=EDGE_CURVE('',#9639,#9662,#9664,.F.);
#9662=VERTEX_POINT('',#9663);
#9663=CARTESIAN_POINT('',(-3.451144121,1.27,9.853263704));
#9664=CIRCLE('',#9665,0.127);
#9665=AXIS2_PLACEMENT_3D('',#9666,#9667,#9668);
#9666=CARTESIAN_POINT('',(-3.570485084,1.27,9.809827145));
#9667=DIRECTION('',(0.0,-1.0,0.0));
#9668=DIRECTION('',(0.939692621,0.0,0.342020143));
#9669=ORIENTED_EDGE('',*,*,#9670,.T.);
#9670=EDGE_CURVE('',#9662,#9554,#9671,.F.);
#9671=LINE('',#9672,#9673);
#9672=CARTESIAN_POINT('',(-3.451144121,8.6868,9.853263704));
#9673=VECTOR('',#9674,1.0);
#9674=DIRECTION('',(0.0,-1.0,0.0));
#9675=ORIENTED_EDGE('',*,*,#9551,.F.);
#9676=ORIENTED_EDGE('',*,*,#9647,.F.);
#9677=CYLINDRICAL_SURFACE('',#9678,0.127);
#9678=AXIS2_PLACEMENT_3D('',#9679,#9680,#9681);
#9679=CARTESIAN_POINT('',(-3.570485084,8.717093534,9.809827145));
#9680=DIRECTION('',(0.0,-1.0,0.0));
#9681=DIRECTION('',(0.939692621,0.0,0.342020143));
#9682=ADVANCED_FACE('',(#9683),#9736,.T.);
#9683=FACE_BOUND('',#9684,.T.);
#9684=EDGE_LOOP('',(#9685,#9694,#9702,#9711,#9719,#9728,#9734,#9735));
#9685=ORIENTED_EDGE('',*,*,#9686,.T.);
#9686=EDGE_CURVE('',#9662,#9687,#9689,.T.);
#9687=VERTEX_POINT('',#9688);
#9688=CARTESIAN_POINT('',(-3.060215098,0.127,8.779195038));
#9689=CIRCLE('',#9690,1.143);
#9690=AXIS2_PLACEMENT_3D('',#9691,#9692,#9693);
#9691=CARTESIAN_POINT('',(-3.060215098,1.27,8.779195038));
#9692=DIRECTION('',(0.939692621,0.0,0.342020143));
#9693=DIRECTION('',(-0.342020143,0.0,0.939692621));
#9694=ORIENTED_EDGE('',*,*,#9695,.T.);
#9695=EDGE_CURVE('',#9687,#9696,#9698,.T.);
#9696=VERTEX_POINT('',#9697);
#9697=CARTESIAN_POINT('',(-2.625849516,0.127,7.58578541));
#9698=LINE('',#9699,#9700);
#9699=CARTESIAN_POINT('',(-3.060215098,0.127,8.779195038));
#9700=VECTOR('',#9701,1.0);
#9701=DIRECTION('',(0.342020143,0.0,-0.939692621));
#9702=ORIENTED_EDGE('',*,*,#9703,.T.);
#9703=EDGE_CURVE('',#9696,#9704,#9706,.T.);
#9704=VERTEX_POINT('',#9705);
#9705=CARTESIAN_POINT('',(-2.234920492,1.27,6.511716744));
#9706=CIRCLE('',#9707,1.143);
#9707=AXIS2_PLACEMENT_3D('',#9708,#9709,#9710);
#9708=CARTESIAN_POINT('',(-2.625849516,1.27,7.58578541));
#9709=DIRECTION('',(0.939692621,0.0,0.342020143));
#9710=DIRECTION('',(0.0,-1.0,0.0));
#9711=ORIENTED_EDGE('',*,*,#9712,.T.);
#9712=EDGE_CURVE('',#9704,#9713,#9715,.T.);
#9713=VERTEX_POINT('',#9714);
#9714=CARTESIAN_POINT('',(-2.234920492,8.6868,6.511716744));
#9715=LINE('',#9716,#9717);
#9716=CARTESIAN_POINT('',(-2.234920492,1.27,6.511716744));
#9717=VECTOR('',#9718,1.0);
#9718=DIRECTION('',(0.0,1.0,0.0));
#9719=ORIENTED_EDGE('',*,*,#9720,.T.);
#9720=EDGE_CURVE('',#9713,#9721,#9723,.T.);
#9721=VERTEX_POINT('',#9722);
#9722=CARTESIAN_POINT('',(-2.625849516,9.8298,7.58578541));
#9723=CIRCLE('',#9724,1.143);
#9724=AXIS2_PLACEMENT_3D('',#9725,#9726,#9727);
#9725=CARTESIAN_POINT('',(-2.625849516,8.6868,7.58578541));
#9726=DIRECTION('',(0.939692621,0.0,0.342020143));
#9727=DIRECTION('',(0.342020143,0.0,-0.939692621));
#9728=ORIENTED_EDGE('',*,*,#9729,.T.);
#9729=EDGE_CURVE('',#9721,#9563,#9730,.T.);
#9730=LINE('',#9731,#9732);
#9731=CARTESIAN_POINT('',(-2.625849516,9.8298,7.58578541));
#9732=VECTOR('',#9733,1.0);
#9733=DIRECTION('',(-0.342020143,0.0,0.939692621));
#9734=ORIENTED_EDGE('',*,*,#9562,.F.);
#9735=ORIENTED_EDGE('',*,*,#9670,.F.);
#9736=PLANE('',#9737);
#9737=AXIS2_PLACEMENT_3D('',#9738,#9739,#9740);
#9738=CARTESIAN_POINT('',(-3.49458068,0.0,9.972604666));
#9739=DIRECTION('',(0.939692621,0.0,0.342020143));
#9740=DIRECTION('',(0.342020143,0.0,-0.939692621));
#9741=ADVANCED_FACE('',(#9742),#9754,.T.);
#9742=FACE_BOUND('',#9743,.T.);
#9743=EDGE_LOOP('',(#9744,#9745,#9746,#9753));
#9744=ORIENTED_EDGE('',*,*,#9571,.F.);
#9745=ORIENTED_EDGE('',*,*,#9729,.F.);
#9746=ORIENTED_EDGE('',*,*,#9747,.T.);
#9747=EDGE_CURVE('',#9721,#9597,#9748,.T.);
#9748=CIRCLE('',#9749,0.127);
#9749=AXIS2_PLACEMENT_3D('',#9750,#9751,#9752);
#9750=CARTESIAN_POINT('',(-2.745190478,9.8298,7.542348851));
#9751=DIRECTION('',(-0.342020143,0.0,0.939692621));
#9752=DIRECTION('',(0.939692621,-2.220446049E-14,0.342020143));
#9753=ORIENTED_EDGE('',*,*,#9596,.F.);
#9754=CYLINDRICAL_SURFACE('',#9755,0.127);
#9755=AXIS2_PLACEMENT_3D('',#9756,#9757,#9758);
#9756=CARTESIAN_POINT('',(-2.73918849,9.8298,7.525858523));
#9757=DIRECTION('',(-0.342020143,0.0,0.939692621));
#9758=DIRECTION('',(0.939692621,0.0,0.342020143));
#9759=ADVANCED_FACE('',(#9760),#9772,.T.);
#9760=FACE_BOUND('',#9761,.T.);
#9761=EDGE_LOOP('',(#9762,#9763,#9764,#9771));
#9762=ORIENTED_EDGE('',*,*,#9747,.F.);
#9763=ORIENTED_EDGE('',*,*,#9720,.F.);
#9764=ORIENTED_EDGE('',*,*,#9765,.T.);
#9765=EDGE_CURVE('',#9713,#9605,#9766,.T.);
#9766=CIRCLE('',#9767,0.127);
#9767=AXIS2_PLACEMENT_3D('',#9768,#9769,#9770);
#9768=CARTESIAN_POINT('',(-2.354261455,8.6868,6.468280186));
#9769=DIRECTION('',(0.0,1.0,0.0));
#9770=DIRECTION('',(0.939692621,0.0,0.342020143));
#9771=ORIENTED_EDGE('',*,*,#9604,.F.);
#9772=TOROIDAL_SURFACE('',#9773,1.143,0.127);
#9773=AXIS2_PLACEMENT_3D('',#9774,#9775,#9776);
#9774=CARTESIAN_POINT('',(-2.745190478,8.6868,7.542348851));
#9775=DIRECTION('',(-0.939692621,0.0,-0.342020143));
#9776=DIRECTION('',(0.341932998,-0.022572657,-0.939453192));
#9777=ADVANCED_FACE('',(#9778),#9790,.T.);
#9778=FACE_BOUND('',#9779,.T.);
#9779=EDGE_LOOP('',(#9780,#9781,#9782,#9789));
#9780=ORIENTED_EDGE('',*,*,#9765,.F.);
#9781=ORIENTED_EDGE('',*,*,#9712,.F.);
#9782=ORIENTED_EDGE('',*,*,#9783,.T.);
#9783=EDGE_CURVE('',#9704,#9614,#9784,.T.);
#9784=CIRCLE('',#9785,0.127);
#9785=AXIS2_PLACEMENT_3D('',#9786,#9787,#9788);
#9786=CARTESIAN_POINT('',(-2.354261455,1.27,6.468280186));
#9787=DIRECTION('',(0.0,1.0,0.0));
#9788=DIRECTION('',(0.939692621,0.0,0.342020143));
#9789=ORIENTED_EDGE('',*,*,#9613,.F.);
#9790=CYLINDRICAL_SURFACE('',#9791,0.127);
#9791=AXIS2_PLACEMENT_3D('',#9792,#9793,#9794);
#9792=CARTESIAN_POINT('',(-2.354261455,1.252451359,6.468280186));
#9793=DIRECTION('',(0.0,1.0,0.0));
#9794=DIRECTION('',(0.939692621,0.0,0.342020143));
#9795=ADVANCED_FACE('',(#9796),#9808,.T.);
#9796=FACE_BOUND('',#9797,.T.);
#9797=EDGE_LOOP('',(#9798,#9799,#9800,#9807));
#9798=ORIENTED_EDGE('',*,*,#9783,.F.);
#9799=ORIENTED_EDGE('',*,*,#9703,.F.);
#9800=ORIENTED_EDGE('',*,*,#9801,.T.);
#9801=EDGE_CURVE('',#9696,#9622,#9802,.T.);
#9802=CIRCLE('',#9803,0.127);
#9803=AXIS2_PLACEMENT_3D('',#9804,#9805,#9806);
#9804=CARTESIAN_POINT('',(-2.745190478,0.127,7.542348851));
#9805=DIRECTION('',(0.342020143,0.0,-0.939692621));
#9806=DIRECTION('',(0.939692621,0.0,0.342020143));
#9807=ORIENTED_EDGE('',*,*,#9621,.F.);
#9808=TOROIDAL_SURFACE('',#9809,1.143,0.127);
#9809=AXIS2_PLACEMENT_3D('',#9810,#9811,#9812);
#9810=CARTESIAN_POINT('',(-2.745190478,1.27,7.542348851));
#9811=DIRECTION('',(0.939692621,0.0,0.342020143));
#9812=DIRECTION('',(-0.00543494,-0.999873735,0.014932374));
#9813=ADVANCED_FACE('',(#9814),#9826,.T.);
#9814=FACE_BOUND('',#9815,.T.);
#9815=EDGE_LOOP('',(#9816,#9817,#9818,#9825));
#9816=ORIENTED_EDGE('',*,*,#9801,.F.);
#9817=ORIENTED_EDGE('',*,*,#9695,.F.);
#9818=ORIENTED_EDGE('',*,*,#9819,.T.);
#9819=EDGE_CURVE('',#9687,#9631,#9820,.T.);
#9820=CIRCLE('',#9821,0.127);
#9821=AXIS2_PLACEMENT_3D('',#9822,#9823,#9824);
#9822=CARTESIAN_POINT('',(-3.17955606,0.127,8.73575848));
#9823=DIRECTION('',(0.342020143,0.0,-0.939692621));
#9824=DIRECTION('',(0.939692621,0.0,0.342020143));
#9825=ORIENTED_EDGE('',*,*,#9630,.F.);
#9826=CYLINDRICAL_SURFACE('',#9827,0.127);
#9827=AXIS2_PLACEMENT_3D('',#9828,#9829,#9830);
#9828=CARTESIAN_POINT('',(-3.189917059,0.127,8.76422509));
#9829=DIRECTION('',(0.342020143,0.0,-0.939692621));
#9830=DIRECTION('',(0.939692621,0.0,0.342020143));
#9831=ADVANCED_FACE('',(#9832),#9838,.T.);
#9832=FACE_BOUND('',#9833,.T.);
#9833=EDGE_LOOP('',(#9834,#9835,#9836,#9837));
#9834=ORIENTED_EDGE('',*,*,#9819,.F.);
#9835=ORIENTED_EDGE('',*,*,#9686,.F.);
#9836=ORIENTED_EDGE('',*,*,#9661,.F.);
#9837=ORIENTED_EDGE('',*,*,#9638,.F.);
#9838=TOROIDAL_SURFACE('',#9839,1.143,0.127);
#9839=AXIS2_PLACEMENT_3D('',#9840,#9841,#9842);
#9840=CARTESIAN_POINT('',(-3.17955606,1.27,8.73575848));
#9841=DIRECTION('',(-0.939692621,0.0,-0.342020143));
#9842=DIRECTION('',(-0.341932998,0.022572657,0.939453192));
#9843=MANIFOLD_SOLID_BREP('',#9844);
#9844=CLOSED_SHELL('',(#9845,#9889,#9955,#9980,#10039,#10057,#10075,#10093,#10111,#10129));
#9845=ADVANCED_FACE('',(#9846),#9884,.T.);
#9846=FACE_BOUND('',#9847,.T.);
#9847=EDGE_LOOP('',(#9848,#9859,#9868,#9877));
#9848=ORIENTED_EDGE('',*,*,#9849,.T.);
#9849=EDGE_CURVE('',#9850,#9852,#9854,.T.);
#9850=VERTEX_POINT('',#9851);
#9851=CARTESIAN_POINT('',(-2.824588119,8.6868,10.050816052));
#9852=VERTEX_POINT('',#9853);
#9853=CARTESIAN_POINT('',(-2.57924296,8.6868,10.11655609));
#9854=CIRCLE('',#9855,0.127);
#9855=AXIS2_PLACEMENT_3D('',#9856,#9857,#9858);
#9856=CARTESIAN_POINT('',(-2.701915539,8.6868,10.083686071));
#9857=DIRECTION('',(0.0,1.0,0.0));
#9858=DIRECTION('',(-0.965925826,0.0,-0.258819045));
#9859=ORIENTED_EDGE('',*,*,#9860,.T.);
#9860=EDGE_CURVE('',#9852,#9861,#9863,.F.);
#9861=VERTEX_POINT('',#9862);
#9862=CARTESIAN_POINT('',(-2.283412791,9.8298,9.01250287));
#9863=CIRCLE('',#9864,1.143);
#9864=AXIS2_PLACEMENT_3D('',#9865,#9866,#9867);
#9865=CARTESIAN_POINT('',(-2.283412791,8.6868,9.01250287));
#9866=DIRECTION('',(0.965925826,0.0,0.258819045));
#9867=DIRECTION('',(0.0,1.0,0.0));
#9868=ORIENTED_EDGE('',*,*,#9869,.T.);
#9869=EDGE_CURVE('',#9861,#9870,#9872,.T.);
#9870=VERTEX_POINT('',#9871);
#9871=CARTESIAN_POINT('',(-2.528757951,9.8298,8.946762833));
#9872=CIRCLE('',#9873,0.127);
#9873=AXIS2_PLACEMENT_3D('',#9874,#9875,#9876);
#9874=CARTESIAN_POINT('',(-2.406085371,9.8298,8.979632852));
#9875=DIRECTION('',(-0.258819045,0.0,0.965925826));
#9876=DIRECTION('',(0.965925826,-1.110223025E-14,0.258819045));
#9877=ORIENTED_EDGE('',*,*,#9878,.T.);
#9878=EDGE_CURVE('',#9870,#9850,#9879,.F.);
#9879=CIRCLE('',#9880,1.143);
#9880=AXIS2_PLACEMENT_3D('',#9881,#9882,#9883);
#9881=CARTESIAN_POINT('',(-2.528757951,8.6868,8.946762833));
#9882=DIRECTION('',(-0.965925826,0.0,-0.258819045));
#9883=DIRECTION('',(-0.258819045,1.727013594E-14,0.965925826));
#9884=TOROIDAL_SURFACE('',#9885,1.143,0.127);
#9885=AXIS2_PLACEMENT_3D('',#9886,#9887,#9888);
#9886=CARTESIAN_POINT('',(-2.406085371,8.6868,8.979632852));
#9887=DIRECTION('',(0.965925826,0.0,0.258819045));
#9888=DIRECTION('',(0.004112816,0.999873735,-0.015349238));
#9889=ADVANCED_FACE('',(#9890),#9950,.T.);
#9890=FACE_BOUND('',#9891,.T.);
#9891=EDGE_LOOP('',(#9892,#9893,#9901,#9910,#9918,#9927,#9935,#9944));
#9892=ORIENTED_EDGE('',*,*,#9878,.F.);
#9893=ORIENTED_EDGE('',*,*,#9894,.T.);
#9894=EDGE_CURVE('',#9870,#9895,#9897,.T.);
#9895=VERTEX_POINT('',#9896);
#9896=CARTESIAN_POINT('',(-2.200057764,9.8298,7.720037033));
#9897=LINE('',#9898,#9899);
#9898=CARTESIAN_POINT('',(-2.528757951,9.8298,8.946762833));
#9899=VECTOR('',#9900,1.0);
#9900=DIRECTION('',(0.258819045,0.0,-0.965925826));
#9901=ORIENTED_EDGE('',*,*,#9902,.T.);
#9902=EDGE_CURVE('',#9895,#9903,#9905,.T.);
#9903=VERTEX_POINT('',#9904);
#9904=CARTESIAN_POINT('',(-1.904227595,8.6868,6.615983814));
#9905=CIRCLE('',#9906,1.143);
#9906=AXIS2_PLACEMENT_3D('',#9907,#9908,#9909);
#9907=CARTESIAN_POINT('',(-2.200057764,8.6868,7.720037033));
#9908=DIRECTION('',(-0.965925826,0.0,-0.258819045));
#9909=DIRECTION('',(0.0,1.0,0.0));
#9910=ORIENTED_EDGE('',*,*,#9911,.T.);
#9911=EDGE_CURVE('',#9903,#9912,#9914,.T.);
#9912=VERTEX_POINT('',#9913);
#9913=CARTESIAN_POINT('',(-1.904227595,1.27,6.615983814));
#9914=LINE('',#9915,#9916);
#9915=CARTESIAN_POINT('',(-1.904227595,8.6868,6.615983814));
#9916=VECTOR('',#9917,1.0);
#9917=DIRECTION('',(0.0,-1.0,0.0));
#9918=ORIENTED_EDGE('',*,*,#9919,.T.);
#9919=EDGE_CURVE('',#9912,#9920,#9922,.T.);
#9920=VERTEX_POINT('',#9921);
#9921=CARTESIAN_POINT('',(-2.200057764,0.127,7.720037033));
#9922=CIRCLE('',#9923,1.143);
#9923=AXIS2_PLACEMENT_3D('',#9924,#9925,#9926);
#9924=CARTESIAN_POINT('',(-2.200057764,1.27,7.720037033));
#9925=DIRECTION('',(-0.965925826,0.0,-0.258819045));
#9926=DIRECTION('',(0.258819045,0.0,-0.965925826));
#9927=ORIENTED_EDGE('',*,*,#9928,.T.);
#9928=EDGE_CURVE('',#9920,#9929,#9931,.T.);
#9929=VERTEX_POINT('',#9930);
#9930=CARTESIAN_POINT('',(-2.528757951,0.127,8.946762833));
#9931=LINE('',#9932,#9933);
#9932=CARTESIAN_POINT('',(-2.200057764,0.127,7.720037033));
#9933=VECTOR('',#9934,1.0);
#9934=DIRECTION('',(-0.258819045,0.0,0.965925826));
#9935=ORIENTED_EDGE('',*,*,#9936,.T.);
#9936=EDGE_CURVE('',#9929,#9937,#9939,.T.);
#9937=VERTEX_POINT('',#9938);
#9938=CARTESIAN_POINT('',(-2.824588119,1.27,10.050816052));
#9939=CIRCLE('',#9940,1.143);
#9940=AXIS2_PLACEMENT_3D('',#9941,#9942,#9943);
#9941=CARTESIAN_POINT('',(-2.528757951,1.27,8.946762833));
#9942=DIRECTION('',(-0.965925826,0.0,-0.258819045));
#9943=DIRECTION('',(0.0,-1.0,0.0));
#9944=ORIENTED_EDGE('',*,*,#9945,.T.);
#9945=EDGE_CURVE('',#9937,#9850,#9946,.T.);
#9946=LINE('',#9947,#9948);
#9947=CARTESIAN_POINT('',(-2.824588119,1.27,10.050816052));
#9948=VECTOR('',#9949,1.0);
#9949=DIRECTION('',(0.0,1.0,0.0));
#9950=PLANE('',#9951);
#9951=AXIS2_PLACEMENT_3D('',#9952,#9953,#9954);
#9952=CARTESIAN_POINT('',(-1.871357576,0.0,6.493311234));
#9953=DIRECTION('',(-0.965925826,0.0,-0.258819045));
#9954=DIRECTION('',(-0.258819045,0.0,0.965925826));
#9955=ADVANCED_FACE('',(#9956),#9975,.T.);
#9956=FACE_BOUND('',#9957,.T.);
#9957=EDGE_LOOP('',(#9958,#9967,#9973,#9974));
#9958=ORIENTED_EDGE('',*,*,#9959,.T.);
#9959=EDGE_CURVE('',#9937,#9960,#9962,.F.);
#9960=VERTEX_POINT('',#9961);
#9961=CARTESIAN_POINT('',(-2.57924296,1.27,10.11655609));
#9962=CIRCLE('',#9963,0.127);
#9963=AXIS2_PLACEMENT_3D('',#9964,#9965,#9966);
#9964=CARTESIAN_POINT('',(-2.701915539,1.27,10.083686071));
#9965=DIRECTION('',(0.0,-1.0,0.0));
#9966=DIRECTION('',(0.965925826,0.0,0.258819045));
#9967=ORIENTED_EDGE('',*,*,#9968,.T.);
#9968=EDGE_CURVE('',#9960,#9852,#9969,.F.);
#9969=LINE('',#9970,#9971);
#9970=CARTESIAN_POINT('',(-2.57924296,8.6868,10.11655609));
#9971=VECTOR('',#9972,1.0);
#9972=DIRECTION('',(0.0,-1.0,0.0));
#9973=ORIENTED_EDGE('',*,*,#9849,.F.);
#9974=ORIENTED_EDGE('',*,*,#9945,.F.);
#9975=CYLINDRICAL_SURFACE('',#9976,0.127);
#9976=AXIS2_PLACEMENT_3D('',#9977,#9978,#9979);
#9977=CARTESIAN_POINT('',(-2.701915539,8.717093534,10.083686071));
#9978=DIRECTION('',(0.0,-1.0,0.0));
#9979=DIRECTION('',(0.965925826,0.0,0.258819045));
#9980=ADVANCED_FACE('',(#9981),#10034,.T.);
#9981=FACE_BOUND('',#9982,.T.);
#9982=EDGE_LOOP('',(#9983,#9992,#10000,#10009,#10017,#10026,#10032,#10033));
#9983=ORIENTED_EDGE('',*,*,#9984,.T.);
#9984=EDGE_CURVE('',#9960,#9985,#9987,.T.);
#9985=VERTEX_POINT('',#9986);
#9986=CARTESIAN_POINT('',(-2.283412791,0.127,9.01250287));
#9987=CIRCLE('',#9988,1.143);
#9988=AXIS2_PLACEMENT_3D('',#9989,#9990,#9991);
#9989=CARTESIAN_POINT('',(-2.283412791,1.27,9.01250287));
#9990=DIRECTION('',(0.965925826,0.0,0.258819045));
#9991=DIRECTION('',(-0.258819045,0.0,0.965925826));
#9992=ORIENTED_EDGE('',*,*,#9993,.T.);
#9993=EDGE_CURVE('',#9985,#9994,#9996,.T.);
#9994=VERTEX_POINT('',#9995);
#9995=CARTESIAN_POINT('',(-1.954712604,0.127,7.785777071));
#9996=LINE('',#9997,#9998);
#9997=CARTESIAN_POINT('',(-2.283412791,0.127,9.01250287));
#9998=VECTOR('',#9999,1.0);
#9999=DIRECTION('',(0.258819045,0.0,-0.965925826));
#10000=ORIENTED_EDGE('',*,*,#10001,.T.);
#10001=EDGE_CURVE('',#9994,#10002,#10004,.T.);
#10002=VERTEX_POINT('',#10003);
#10003=CARTESIAN_POINT('',(-1.658882435,1.27,6.681723851));
#10004=CIRCLE('',#10005,1.143);
#10005=AXIS2_PLACEMENT_3D('',#10006,#10007,#10008);
#10006=CARTESIAN_POINT('',(-1.954712604,1.27,7.785777071));
#10007=DIRECTION('',(0.965925826,0.0,0.258819045));
#10008=DIRECTION('',(0.0,-1.0,0.0));
#10009=ORIENTED_EDGE('',*,*,#10010,.T.);
#10010=EDGE_CURVE('',#10002,#10011,#10013,.T.);
#10011=VERTEX_POINT('',#10012);
#10012=CARTESIAN_POINT('',(-1.658882435,8.6868,6.681723851));
#10013=LINE('',#10014,#10015);
#10014=CARTESIAN_POINT('',(-1.658882435,1.27,6.681723851));
#10015=VECTOR('',#10016,1.0);
#10016=DIRECTION('',(0.0,1.0,0.0));
#10017=ORIENTED_EDGE('',*,*,#10018,.T.);
#10018=EDGE_CURVE('',#10011,#10019,#10021,.T.);
#10019=VERTEX_POINT('',#10020);
#10020=CARTESIAN_POINT('',(-1.954712604,9.8298,7.785777071));
#10021=CIRCLE('',#10022,1.143);
#10022=AXIS2_PLACEMENT_3D('',#10023,#10024,#10025);
#10023=CARTESIAN_POINT('',(-1.954712604,8.6868,7.785777071));
#10024=DIRECTION('',(0.965925826,0.0,0.258819045));
#10025=DIRECTION('',(0.258819045,0.0,-0.965925826));
#10026=ORIENTED_EDGE('',*,*,#10027,.T.);
#10027=EDGE_CURVE('',#10019,#9861,#10028,.T.);
#10028=LINE('',#10029,#10030);
#10029=CARTESIAN_POINT('',(-1.954712604,9.8298,7.785777071));
#10030=VECTOR('',#10031,1.0);
#10031=DIRECTION('',(-0.258819045,0.0,0.965925826));
#10032=ORIENTED_EDGE('',*,*,#9860,.F.);
#10033=ORIENTED_EDGE('',*,*,#9968,.F.);
#10034=PLANE('',#10035);
#10035=AXIS2_PLACEMENT_3D('',#10036,#10037,#10038);
#10036=CARTESIAN_POINT('',(-2.612112978,0.0,10.23922867));
#10037=DIRECTION('',(0.965925826,0.0,0.258819045));
#10038=DIRECTION('',(0.258819045,0.0,-0.965925826));
#10039=ADVANCED_FACE('',(#10040),#10052,.T.);
#10040=FACE_BOUND('',#10041,.T.);
#10041=EDGE_LOOP('',(#10042,#10043,#10044,#10051));
#10042=ORIENTED_EDGE('',*,*,#9869,.F.);
#10043=ORIENTED_EDGE('',*,*,#10027,.F.);
#10044=ORIENTED_EDGE('',*,*,#10045,.T.);
#10045=EDGE_CURVE('',#10019,#9895,#10046,.T.);
#10046=CIRCLE('',#10047,0.127);
#10047=AXIS2_PLACEMENT_3D('',#10048,#10049,#10050);
#10048=CARTESIAN_POINT('',(-2.077385184,9.8298,7.752907052));
#10049=DIRECTION('',(-0.258819045,0.0,0.965925826));
#10050=DIRECTION('',(0.965925826,0.0,0.258819045));
#10051=ORIENTED_EDGE('',*,*,#9894,.F.);
#10052=CYLINDRICAL_SURFACE('',#10053,0.127);
#10053=AXIS2_PLACEMENT_3D('',#10054,#10055,#10056);
#10054=CARTESIAN_POINT('',(-2.072843261,9.8298,7.735956367));
#10055=DIRECTION('',(-0.258819045,0.0,0.965925826));
#10056=DIRECTION('',(0.965925826,0.0,0.258819045));
#10057=ADVANCED_FACE('',(#10058),#10070,.T.);
#10058=FACE_BOUND('',#10059,.T.);
#10059=EDGE_LOOP('',(#10060,#10061,#10062,#10069));
#10060=ORIENTED_EDGE('',*,*,#10045,.F.);
#10061=ORIENTED_EDGE('',*,*,#10018,.F.);
#10062=ORIENTED_EDGE('',*,*,#10063,.T.);
#10063=EDGE_CURVE('',#10011,#9903,#10064,.T.);
#10064=CIRCLE('',#10065,0.127);
#10065=AXIS2_PLACEMENT_3D('',#10066,#10067,#10068);
#10066=CARTESIAN_POINT('',(-1.781555015,8.6868,6.648853833));
#10067=DIRECTION('',(0.0,1.0,0.0));
#10068=DIRECTION('',(0.965925826,0.0,0.258819045));
#10069=ORIENTED_EDGE('',*,*,#9902,.F.);
#10070=TOROIDAL_SURFACE('',#10071,1.143,0.127);
#10071=AXIS2_PLACEMENT_3D('',#10072,#10073,#10074);
#10072=CARTESIAN_POINT('',(-2.077385184,8.6868,7.752907052));
#10073=DIRECTION('',(-0.965925826,0.0,-0.258819045));
#10074=DIRECTION('',(0.258753099,-0.022572657,-0.965679713));
#10075=ADVANCED_FACE('',(#10076),#10088,.T.);
#10076=FACE_BOUND('',#10077,.T.);
#10077=EDGE_LOOP('',(#10078,#10079,#10080,#10087));
#10078=ORIENTED_EDGE('',*,*,#10063,.F.);
#10079=ORIENTED_EDGE('',*,*,#10010,.F.);
#10080=ORIENTED_EDGE('',*,*,#10081,.T.);
#10081=EDGE_CURVE('',#10002,#9912,#10082,.T.);
#10082=CIRCLE('',#10083,0.127);
#10083=AXIS2_PLACEMENT_3D('',#10084,#10085,#10086);
#10084=CARTESIAN_POINT('',(-1.781555015,1.27,6.648853833));
#10085=DIRECTION('',(0.0,1.0,0.0));
#10086=DIRECTION('',(0.965925826,0.0,0.258819045));
#10087=ORIENTED_EDGE('',*,*,#9911,.F.);
#10088=CYLINDRICAL_SURFACE('',#10089,0.127);
#10089=AXIS2_PLACEMENT_3D('',#10090,#10091,#10092);
#10090=CARTESIAN_POINT('',(-1.781555015,1.252451359,6.648853833));
#10091=DIRECTION('',(0.0,1.0,0.0));
#10092=DIRECTION('',(0.965925826,0.0,0.258819045));
#10093=ADVANCED_FACE('',(#10094),#10106,.T.);
#10094=FACE_BOUND('',#10095,.T.);
#10095=EDGE_LOOP('',(#10096,#10097,#10098,#10105));
#10096=ORIENTED_EDGE('',*,*,#10081,.F.);
#10097=ORIENTED_EDGE('',*,*,#10001,.F.);
#10098=ORIENTED_EDGE('',*,*,#10099,.T.);
#10099=EDGE_CURVE('',#9994,#9920,#10100,.T.);
#10100=CIRCLE('',#10101,0.127);
#10101=AXIS2_PLACEMENT_3D('',#10102,#10103,#10104);
#10102=CARTESIAN_POINT('',(-2.077385184,0.127,7.752907052));
#10103=DIRECTION('',(0.258819045,0.0,-0.965925826));
#10104=DIRECTION('',(0.965925826,0.0,0.258819045));
#10105=ORIENTED_EDGE('',*,*,#9919,.F.);
#10106=TOROIDAL_SURFACE('',#10107,1.143,0.127);
#10107=AXIS2_PLACEMENT_3D('',#10108,#10109,#10110);
#10108=CARTESIAN_POINT('',(-2.077385184,1.27,7.752907052));
#10109=DIRECTION('',(0.965925826,0.0,0.258819045));
#10110=DIRECTION('',(-0.004112816,-0.999873735,0.015349238));
#10111=ADVANCED_FACE('',(#10112),#10124,.T.);
#10112=FACE_BOUND('',#10113,.T.);
#10113=EDGE_LOOP('',(#10114,#10115,#10116,#10123));
#10114=ORIENTED_EDGE('',*,*,#10099,.F.);
#10115=ORIENTED_EDGE('',*,*,#9993,.F.);
#10116=ORIENTED_EDGE('',*,*,#10117,.T.);
#10117=EDGE_CURVE('',#9985,#9929,#10118,.T.);
#10118=CIRCLE('',#10119,0.127);
#10119=AXIS2_PLACEMENT_3D('',#10120,#10121,#10122);
#10120=CARTESIAN_POINT('',(-2.406085371,0.127,8.979632852));
#10121=DIRECTION('',(0.258819045,0.0,-0.965925826));
#10122=DIRECTION('',(0.965925826,0.0,0.258819045));
#10123=ORIENTED_EDGE('',*,*,#9928,.F.);
#10124=CYLINDRICAL_SURFACE('',#10125,0.127);
#10125=AXIS2_PLACEMENT_3D('',#10126,#10127,#10128);
#10126=CARTESIAN_POINT('',(-2.413925914,0.127,9.008894158));
#10127=DIRECTION('',(0.258819045,0.0,-0.965925826));
#10128=DIRECTION('',(0.965925826,0.0,0.258819045));
#10129=ADVANCED_FACE('',(#10130),#10136,.T.);
#10130=FACE_BOUND('',#10131,.T.);
#10131=EDGE_LOOP('',(#10132,#10133,#10134,#10135));
#10132=ORIENTED_EDGE('',*,*,#10117,.F.);
#10133=ORIENTED_EDGE('',*,*,#9984,.F.);
#10134=ORIENTED_EDGE('',*,*,#9959,.F.);
#10135=ORIENTED_EDGE('',*,*,#9936,.F.);
#10136=TOROIDAL_SURFACE('',#10137,1.143,0.127);
#10137=AXIS2_PLACEMENT_3D('',#10138,#10139,#10140);
#10138=CARTESIAN_POINT('',(-2.406085371,1.27,8.979632852));
#10139=DIRECTION('',(-0.965925826,0.0,-0.258819045));
#10140=DIRECTION('',(-0.258753099,0.022572657,0.965679713));
#10141=MANIFOLD_SOLID_BREP('',#10142);
#10142=CLOSED_SHELL('',(#10143,#10187,#10253,#10278,#10337,#10355,#10373,#10391,#10409,#10427));
#10143=ADVANCED_FACE('',(#10144),#10182,.T.);
#10144=FACE_BOUND('',#10145,.T.);
#10145=EDGE_LOOP('',(#10146,#10157,#10166,#10175));
#10146=ORIENTED_EDGE('',*,*,#10147,.T.);
#10147=EDGE_CURVE('',#10148,#10150,#10152,.T.);
#10148=VERTEX_POINT('',#10149);
#10149=CARTESIAN_POINT('',(-1.937853371,8.6868,10.258748738));
#10150=VERTEX_POINT('',#10151);
#10151=CARTESIAN_POINT('',(-1.687712201,8.6868,10.302855375));
#10152=CIRCLE('',#10153,0.127);
#10153=AXIS2_PLACEMENT_3D('',#10154,#10155,#10156);
#10154=CARTESIAN_POINT('',(-1.812782786,8.6868,10.280802057));
#10155=DIRECTION('',(0.0,1.0,0.0));
#10156=DIRECTION('',(-0.984807753,0.0,-0.173648178));
#10157=ORIENTED_EDGE('',*,*,#10158,.T.);
#10158=EDGE_CURVE('',#10150,#10159,#10161,.F.);
#10159=VERTEX_POINT('',#10160);
#10160=CARTESIAN_POINT('',(-1.489232334,9.8298,9.177220114));
#10161=CIRCLE('',#10162,1.143);
#10162=AXIS2_PLACEMENT_3D('',#10163,#10164,#10165);
#10163=CARTESIAN_POINT('',(-1.489232334,8.6868,9.177220114));
#10164=DIRECTION('',(0.984807753,0.0,0.173648178));
#10165=DIRECTION('',(0.0,1.0,0.0));
#10166=ORIENTED_EDGE('',*,*,#10167,.T.);
#10167=EDGE_CURVE('',#10159,#10168,#10170,.T.);
#10168=VERTEX_POINT('',#10169);
#10169=CARTESIAN_POINT('',(-1.739373503,9.8298,9.133113477));
#10170=CIRCLE('',#10171,0.127);
#10171=AXIS2_PLACEMENT_3D('',#10172,#10173,#10174);
#10172=CARTESIAN_POINT('',(-1.614302919,9.8298,9.155166795));
#10173=DIRECTION('',(-0.173648178,0.0,0.984807753));
#10174=DIRECTION('',(0.984807753,0.0,0.173648178));
#10175=ORIENTED_EDGE('',*,*,#10176,.T.);
#10176=EDGE_CURVE('',#10168,#10148,#10177,.F.);
#10177=CIRCLE('',#10178,1.143);
#10178=AXIS2_PLACEMENT_3D('',#10179,#10180,#10181);
#10179=CARTESIAN_POINT('',(-1.739373503,8.6868,9.133113477));
#10180=DIRECTION('',(-0.984807753,0.0,-0.173648178));
#10181=DIRECTION('',(-0.173648178,0.0,0.984807753));
#10182=TOROIDAL_SURFACE('',#10183,1.143,0.127);
#10183=AXIS2_PLACEMENT_3D('',#10184,#10185,#10186);
#10184=CARTESIAN_POINT('',(-1.614302919,8.6868,9.155166795));
#10185=DIRECTION('',(0.984807753,0.0,0.173648178));
#10186=DIRECTION('',(0.002759391,0.999873735,-0.015649285));
#10187=ADVANCED_FACE('',(#10188),#10248,.T.);
#10188=FACE_BOUND('',#10189,.T.);
#10189=EDGE_LOOP('',(#10190,#10191,#10199,#10208,#10216,#10225,#10233,#10242));
#10190=ORIENTED_EDGE('',*,*,#10176,.F.);
#10191=ORIENTED_EDGE('',*,*,#10192,.T.);
#10192=EDGE_CURVE('',#10168,#10193,#10195,.T.);
#10193=VERTEX_POINT('',#10194);
#10194=CARTESIAN_POINT('',(-1.518840318,9.8298,7.88240763));
#10195=LINE('',#10196,#10197);
#10196=CARTESIAN_POINT('',(-1.739373503,9.8298,9.133113477));
#10197=VECTOR('',#10198,1.0);
#10198=DIRECTION('',(0.173648178,0.0,-0.984807753));
#10199=ORIENTED_EDGE('',*,*,#10200,.T.);
#10200=EDGE_CURVE('',#10193,#10201,#10203,.T.);
#10201=VERTEX_POINT('',#10202);
#10202=CARTESIAN_POINT('',(-1.320360451,8.6868,6.756772369));
#10203=CIRCLE('',#10204,1.143);
#10204=AXIS2_PLACEMENT_3D('',#10205,#10206,#10207);
#10205=CARTESIAN_POINT('',(-1.518840318,8.6868,7.88240763));
#10206=DIRECTION('',(-0.984807753,0.0,-0.173648178));
#10207=DIRECTION('',(0.0,1.0,0.0));
#10208=ORIENTED_EDGE('',*,*,#10209,.T.);
#10209=EDGE_CURVE('',#10201,#10210,#10212,.T.);
#10210=VERTEX_POINT('',#10211);
#10211=CARTESIAN_POINT('',(-1.320360451,1.27,6.756772369));
#10212=LINE('',#10213,#10214);
#10213=CARTESIAN_POINT('',(-1.320360451,8.6868,6.756772369));
#10214=VECTOR('',#10215,1.0);
#10215=DIRECTION('',(0.0,-1.0,0.0));
#10216=ORIENTED_EDGE('',*,*,#10217,.T.);
#10217=EDGE_CURVE('',#10210,#10218,#10220,.T.);
#10218=VERTEX_POINT('',#10219);
#10219=CARTESIAN_POINT('',(-1.518840318,0.127,7.88240763));
#10220=CIRCLE('',#10221,1.143);
#10221=AXIS2_PLACEMENT_3D('',#10222,#10223,#10224);
#10222=CARTESIAN_POINT('',(-1.518840318,1.27,7.88240763));
#10223=DIRECTION('',(-0.984807753,0.0,-0.173648178));
#10224=DIRECTION('',(0.173648178,-1.249000903E-14,-0.984807753));
#10225=ORIENTED_EDGE('',*,*,#10226,.T.);
#10226=EDGE_CURVE('',#10218,#10227,#10229,.T.);
#10227=VERTEX_POINT('',#10228);
#10228=CARTESIAN_POINT('',(-1.739373503,0.127,9.133113477));
#10229=LINE('',#10230,#10231);
#10230=CARTESIAN_POINT('',(-1.518840318,0.127,7.88240763));
#10231=VECTOR('',#10232,1.0);
#10232=DIRECTION('',(-0.173648178,0.0,0.984807753));
#10233=ORIENTED_EDGE('',*,*,#10234,.T.);
#10234=EDGE_CURVE('',#10227,#10235,#10237,.T.);
#10235=VERTEX_POINT('',#10236);
#10236=CARTESIAN_POINT('',(-1.937853371,1.27,10.258748738));
#10237=CIRCLE('',#10238,1.143);
#10238=AXIS2_PLACEMENT_3D('',#10239,#10240,#10241);
#10239=CARTESIAN_POINT('',(-1.739373503,1.27,9.133113477));
#10240=DIRECTION('',(-0.984807753,0.0,-0.173648178));
#10241=DIRECTION('',(0.0,-1.0,0.0));
#10242=ORIENTED_EDGE('',*,*,#10243,.T.);
#10243=EDGE_CURVE('',#10235,#10148,#10244,.T.);
#10244=LINE('',#10245,#10246);
#10245=CARTESIAN_POINT('',(-1.937853371,1.27,10.258748738));
#10246=VECTOR('',#10247,1.0);
#10247=DIRECTION('',(0.0,1.0,0.0));
#10248=PLANE('',#10249);
#10249=AXIS2_PLACEMENT_3D('',#10250,#10251,#10252);
#10250=CARTESIAN_POINT('',(-1.298307132,0.0,6.631701784));
#10251=DIRECTION('',(-0.984807753,0.0,-0.173648178));
#10252=DIRECTION('',(-0.173648178,0.0,0.984807753));
#10253=ADVANCED_FACE('',(#10254),#10273,.T.);
#10254=FACE_BOUND('',#10255,.T.);
#10255=EDGE_LOOP('',(#10256,#10265,#10271,#10272));
#10256=ORIENTED_EDGE('',*,*,#10257,.T.);
#10257=EDGE_CURVE('',#10235,#10258,#10260,.F.);
#10258=VERTEX_POINT('',#10259);
#10259=CARTESIAN_POINT('',(-1.687712201,1.27,10.302855375));
#10260=CIRCLE('',#10261,0.127);
#10261=AXIS2_PLACEMENT_3D('',#10262,#10263,#10264);
#10262=CARTESIAN_POINT('',(-1.812782786,1.27,10.280802057));
#10263=DIRECTION('',(0.0,-1.0,0.0));
#10264=DIRECTION('',(0.984807753,0.0,0.173648178));
#10265=ORIENTED_EDGE('',*,*,#10266,.T.);
#10266=EDGE_CURVE('',#10258,#10150,#10267,.F.);
#10267=LINE('',#10268,#10269);
#10268=CARTESIAN_POINT('',(-1.687712201,8.6868,10.302855375));
#10269=VECTOR('',#10270,1.0);
#10270=DIRECTION('',(0.0,-1.0,0.0));
#10271=ORIENTED_EDGE('',*,*,#10147,.F.);
#10272=ORIENTED_EDGE('',*,*,#10243,.F.);
#10273=CYLINDRICAL_SURFACE('',#10274,0.127);
#10274=AXIS2_PLACEMENT_3D('',#10275,#10276,#10277);
#10275=CARTESIAN_POINT('',(-1.812782786,8.717093534,10.280802057));
#10276=DIRECTION('',(0.0,-1.0,0.0));
#10277=DIRECTION('',(0.984807753,0.0,0.173648178));
#10278=ADVANCED_FACE('',(#10279),#10332,.T.);
#10279=FACE_BOUND('',#10280,.T.);
#10280=EDGE_LOOP('',(#10281,#10290,#10298,#10307,#10315,#10324,#10330,#10331));
#10281=ORIENTED_EDGE('',*,*,#10282,.T.);
#10282=EDGE_CURVE('',#10258,#10283,#10285,.T.);
#10283=VERTEX_POINT('',#10284);
#10284=CARTESIAN_POINT('',(-1.489232334,0.127,9.177220114));
#10285=CIRCLE('',#10286,1.143);
#10286=AXIS2_PLACEMENT_3D('',#10287,#10288,#10289);
#10287=CARTESIAN_POINT('',(-1.489232334,1.27,9.177220114));
#10288=DIRECTION('',(0.984807753,0.0,0.173648178));
#10289=DIRECTION('',(-0.173648178,0.0,0.984807753));
#10290=ORIENTED_EDGE('',*,*,#10291,.T.);
#10291=EDGE_CURVE('',#10283,#10292,#10294,.T.);
#10292=VERTEX_POINT('',#10293);
#10293=CARTESIAN_POINT('',(-1.268699149,0.127,7.926514267));
#10294=LINE('',#10295,#10296);
#10295=CARTESIAN_POINT('',(-1.489232334,0.127,9.177220114));
#10296=VECTOR('',#10297,1.0);
#10297=DIRECTION('',(0.173648178,0.0,-0.984807753));
#10298=ORIENTED_EDGE('',*,*,#10299,.T.);
#10299=EDGE_CURVE('',#10292,#10300,#10302,.T.);
#10300=VERTEX_POINT('',#10301);
#10301=CARTESIAN_POINT('',(-1.070219282,1.27,6.800879006));
#10302=CIRCLE('',#10303,1.143);
#10303=AXIS2_PLACEMENT_3D('',#10304,#10305,#10306);
#10304=CARTESIAN_POINT('',(-1.268699149,1.27,7.926514267));
#10305=DIRECTION('',(0.984807753,0.0,0.173648178));
#10306=DIRECTION('',(0.0,-1.0,0.0));
#10307=ORIENTED_EDGE('',*,*,#10308,.T.);
#10308=EDGE_CURVE('',#10300,#10309,#10311,.T.);
#10309=VERTEX_POINT('',#10310);
#10310=CARTESIAN_POINT('',(-1.070219282,8.6868,6.800879006));
#10311=LINE('',#10312,#10313);
#10312=CARTESIAN_POINT('',(-1.070219282,1.27,6.800879006));
#10313=VECTOR('',#10314,1.0);
#10314=DIRECTION('',(0.0,1.0,0.0));
#10315=ORIENTED_EDGE('',*,*,#10316,.T.);
#10316=EDGE_CURVE('',#10309,#10317,#10319,.T.);
#10317=VERTEX_POINT('',#10318);
#10318=CARTESIAN_POINT('',(-1.268699149,9.8298,7.926514267));
#10319=CIRCLE('',#10320,1.143);
#10320=AXIS2_PLACEMENT_3D('',#10321,#10322,#10323);
#10321=CARTESIAN_POINT('',(-1.268699149,8.6868,7.926514267));
#10322=DIRECTION('',(0.984807753,0.0,0.173648178));
#10323=DIRECTION('',(0.173648178,0.0,-0.984807753));
#10324=ORIENTED_EDGE('',*,*,#10325,.T.);
#10325=EDGE_CURVE('',#10317,#10159,#10326,.T.);
#10326=LINE('',#10327,#10328);
#10327=CARTESIAN_POINT('',(-1.268699149,9.8298,7.926514267));
#10328=VECTOR('',#10329,1.0);
#10329=DIRECTION('',(-0.173648178,0.0,0.984807753));
#10330=ORIENTED_EDGE('',*,*,#10158,.F.);
#10331=ORIENTED_EDGE('',*,*,#10266,.F.);
#10332=PLANE('',#10333);
#10333=AXIS2_PLACEMENT_3D('',#10334,#10335,#10336);
#10334=CARTESIAN_POINT('',(-1.70976552,0.0,10.42792596));
#10335=DIRECTION('',(0.984807753,0.0,0.173648178));
#10336=DIRECTION('',(0.173648178,0.0,-0.984807753));
#10337=ADVANCED_FACE('',(#10338),#10350,.T.);
#10338=FACE_BOUND('',#10339,.T.);
#10339=EDGE_LOOP('',(#10340,#10341,#10342,#10349));
#10340=ORIENTED_EDGE('',*,*,#10167,.F.);
#10341=ORIENTED_EDGE('',*,*,#10325,.F.);
#10342=ORIENTED_EDGE('',*,*,#10343,.T.);
#10343=EDGE_CURVE('',#10317,#10193,#10344,.T.);
#10344=CIRCLE('',#10345,0.127);
#10345=AXIS2_PLACEMENT_3D('',#10346,#10347,#10348);
#10346=CARTESIAN_POINT('',(-1.393769733,9.8298,7.904460949));
#10347=DIRECTION('',(-0.173648178,0.0,0.984807753));
#10348=DIRECTION('',(0.984807753,0.0,0.173648178));
#10349=ORIENTED_EDGE('',*,*,#10192,.F.);
#10350=CYLINDRICAL_SURFACE('',#10351,0.127);
#10351=AXIS2_PLACEMENT_3D('',#10352,#10353,#10354);
#10352=CARTESIAN_POINT('',(-1.390722444,9.8298,7.887178911));
#10353=DIRECTION('',(-0.173648178,0.0,0.984807753));
#10354=DIRECTION('',(0.984807753,0.0,0.173648178));
#10355=ADVANCED_FACE('',(#10356),#10368,.T.);
#10356=FACE_BOUND('',#10357,.T.);
#10357=EDGE_LOOP('',(#10358,#10359,#10360,#10367));
#10358=ORIENTED_EDGE('',*,*,#10343,.F.);
#10359=ORIENTED_EDGE('',*,*,#10316,.F.);
#10360=ORIENTED_EDGE('',*,*,#10361,.T.);
#10361=EDGE_CURVE('',#10309,#10201,#10362,.T.);
#10362=CIRCLE('',#10363,0.127);
#10363=AXIS2_PLACEMENT_3D('',#10364,#10365,#10366);
#10364=CARTESIAN_POINT('',(-1.195289866,8.6868,6.778825687));
#10365=DIRECTION('',(0.0,1.0,0.0));
#10366=DIRECTION('',(0.984807753,0.0,0.173648178));
#10367=ORIENTED_EDGE('',*,*,#10200,.F.);
#10368=TOROIDAL_SURFACE('',#10369,1.143,0.127);
#10369=AXIS2_PLACEMENT_3D('',#10370,#10371,#10372);
#10370=CARTESIAN_POINT('',(-1.393769733,8.6868,7.904460949));
#10371=DIRECTION('',(-0.984807753,0.0,-0.173648178));
#10372=DIRECTION('',(0.173603933,-0.022572657,-0.984556829));
#10373=ADVANCED_FACE('',(#10374),#10386,.T.);
#10374=FACE_BOUND('',#10375,.T.);
#10375=EDGE_LOOP('',(#10376,#10377,#10378,#10385));
#10376=ORIENTED_EDGE('',*,*,#10361,.F.);
#10377=ORIENTED_EDGE('',*,*,#10308,.F.);
#10378=ORIENTED_EDGE('',*,*,#10379,.T.);
#10379=EDGE_CURVE('',#10300,#10210,#10380,.T.);
#10380=CIRCLE('',#10381,0.127);
#10381=AXIS2_PLACEMENT_3D('',#10382,#10383,#10384);
#10382=CARTESIAN_POINT('',(-1.195289866,1.27,6.778825687));
#10383=DIRECTION('',(0.0,1.0,0.0));
#10384=DIRECTION('',(0.984807753,0.0,0.173648178));
#10385=ORIENTED_EDGE('',*,*,#10209,.F.);
#10386=CYLINDRICAL_SURFACE('',#10387,0.127);
#10387=AXIS2_PLACEMENT_3D('',#10388,#10389,#10390);
#10388=CARTESIAN_POINT('',(-1.195289866,1.252451359,6.778825687));
#10389=DIRECTION('',(0.0,1.0,0.0));
#10390=DIRECTION('',(0.984807753,0.0,0.173648178));
#10391=ADVANCED_FACE('',(#10392),#10404,.T.);
#10392=FACE_BOUND('',#10393,.T.);
#10393=EDGE_LOOP('',(#10394,#10395,#10396,#10403));
#10394=ORIENTED_EDGE('',*,*,#10379,.F.);
#10395=ORIENTED_EDGE('',*,*,#10299,.F.);
#10396=ORIENTED_EDGE('',*,*,#10397,.T.);
#10397=EDGE_CURVE('',#10292,#10218,#10398,.T.);
#10398=CIRCLE('',#10399,0.127);
#10399=AXIS2_PLACEMENT_3D('',#10400,#10401,#10402);
#10400=CARTESIAN_POINT('',(-1.393769733,0.127,7.904460949));
#10401=DIRECTION('',(0.173648178,0.0,-0.984807753));
#10402=DIRECTION('',(0.984807753,0.0,0.173648178));
#10403=ORIENTED_EDGE('',*,*,#10217,.F.);
#10404=TOROIDAL_SURFACE('',#10405,1.143,0.127);
#10405=AXIS2_PLACEMENT_3D('',#10406,#10407,#10408);
#10406=CARTESIAN_POINT('',(-1.393769733,1.27,7.904460949));
#10407=DIRECTION('',(0.984807753,0.0,0.173648178));
#10408=DIRECTION('',(-0.002759391,-0.999873735,0.015649285));
#10409=ADVANCED_FACE('',(#10410),#10422,.T.);
#10410=FACE_BOUND('',#10411,.T.);
#10411=EDGE_LOOP('',(#10412,#10413,#10414,#10421));
#10412=ORIENTED_EDGE('',*,*,#10397,.F.);
#10413=ORIENTED_EDGE('',*,*,#10291,.F.);
#10414=ORIENTED_EDGE('',*,*,#10415,.T.);
#10415=EDGE_CURVE('',#10283,#10227,#10416,.T.);
#10416=CIRCLE('',#10417,0.127);
#10417=AXIS2_PLACEMENT_3D('',#10418,#10419,#10420);
#10418=CARTESIAN_POINT('',(-1.614302919,0.127,9.155166795));
#10419=DIRECTION('',(0.173648178,0.0,-0.984807753));
#10420=DIRECTION('',(0.984807753,0.0,0.173648178));
#10421=ORIENTED_EDGE('',*,*,#10226,.F.);
#10422=CYLINDRICAL_SURFACE('',#10423,0.127);
#10423=AXIS2_PLACEMENT_3D('',#10424,#10425,#10426);
#10424=CARTESIAN_POINT('',(-1.619563336,0.127,9.185000102));
#10425=DIRECTION('',(0.173648178,0.0,-0.984807753));
#10426=DIRECTION('',(0.984807753,0.0,0.173648178));
#10427=ADVANCED_FACE('',(#10428),#10434,.T.);
#10428=FACE_BOUND('',#10429,.T.);
#10429=EDGE_LOOP('',(#10430,#10431,#10432,#10433));
#10430=ORIENTED_EDGE('',*,*,#10415,.F.);
#10431=ORIENTED_EDGE('',*,*,#10282,.F.);
#10432=ORIENTED_EDGE('',*,*,#10257,.F.);
#10433=ORIENTED_EDGE('',*,*,#10234,.F.);
#10434=TOROIDAL_SURFACE('',#10435,1.143,0.127);
#10435=AXIS2_PLACEMENT_3D('',#10436,#10437,#10438);
#10436=CARTESIAN_POINT('',(-1.614302919,1.27,9.155166795));
#10437=DIRECTION('',(-0.984807753,0.0,-0.173648178));
#10438=DIRECTION('',(-0.173603933,0.022572657,0.984556829));
#10439=MANIFOLD_SOLID_BREP('',#10440);
#10440=CLOSED_SHELL('',(#10441,#10485,#10551,#10576,#10635,#10653,#10671,#10689,#10707,#10725));
#10441=ADVANCED_FACE('',(#10442),#10480,.T.);
#10442=FACE_BOUND('',#10443,.T.);
#10443=EDGE_LOOP('',(#10444,#10455,#10464,#10473));
#10444=ORIENTED_EDGE('',*,*,#10445,.T.);
#10445=EDGE_CURVE('',#10446,#10448,#10450,.T.);
#10446=VERTEX_POINT('',#10447);
#10447=CARTESIAN_POINT('',(-1.036370387,8.6868,10.388606152));
#10448=VERTEX_POINT('',#10449);
#10449=CARTESIAN_POINT('',(-0.783336934,8.6868,10.410743711));
#10450=CIRCLE('',#10451,0.127);
#10451=AXIS2_PLACEMENT_3D('',#10452,#10453,#10454);
#10452=CARTESIAN_POINT('',(-0.909853661,8.6868,10.399674931));
#10453=DIRECTION('',(0.0,1.0,0.0));
#10454=DIRECTION('',(-0.996194698,0.0,-0.087155743));
#10455=ORIENTED_EDGE('',*,*,#10456,.T.);
#10456=EDGE_CURVE('',#10448,#10457,#10459,.F.);
#10457=VERTEX_POINT('',#10458);
#10458=CARTESIAN_POINT('',(-0.68371792,9.8298,9.272093171));
#10459=CIRCLE('',#10460,1.143);
#10460=AXIS2_PLACEMENT_3D('',#10461,#10462,#10463);
#10461=CARTESIAN_POINT('',(-0.68371792,8.6868,9.272093171));
#10462=DIRECTION('',(0.996194698,0.0,0.087155743));
#10463=DIRECTION('',(0.0,1.0,0.0));
#10464=ORIENTED_EDGE('',*,*,#10465,.T.);
#10465=EDGE_CURVE('',#10457,#10466,#10468,.T.);
#10466=VERTEX_POINT('',#10467);
#10467=CARTESIAN_POINT('',(-0.936751374,9.8298,9.249955612));
#10468=CIRCLE('',#10469,0.127);
#10469=AXIS2_PLACEMENT_3D('',#10470,#10471,#10472);
#10470=CARTESIAN_POINT('',(-0.810234647,9.8298,9.261024391));
#10471=DIRECTION('',(-0.087155743,0.0,0.996194698));
#10472=DIRECTION('',(0.996194698,0.0,0.087155743));
#10473=ORIENTED_EDGE('',*,*,#10474,.T.);
#10474=EDGE_CURVE('',#10466,#10446,#10475,.F.);
#10475=CIRCLE('',#10476,1.143);
#10476=AXIS2_PLACEMENT_3D('',#10477,#10478,#10479);
#10477=CARTESIAN_POINT('',(-0.936751374,8.6868,9.249955612));
#10478=DIRECTION('',(-0.996194698,0.0,-0.087155743));
#10479=DIRECTION('',(-0.087155743,0.0,0.996194698));
#10480=TOROIDAL_SURFACE('',#10481,1.143,0.127);
#10481=AXIS2_PLACEMENT_3D('',#10482,#10483,#10484);
#10482=CARTESIAN_POINT('',(-0.810234647,8.6868,9.261024391));
#10483=DIRECTION('',(0.996194698,0.0,0.087155743));
#10484=DIRECTION('',(0.001384966,0.999873735,-0.015830232));
#10485=ADVANCED_FACE('',(#10486),#10546,.T.);
#10486=FACE_BOUND('',#10487,.T.);
#10487=EDGE_LOOP('',(#10488,#10489,#10497,#10506,#10514,#10523,#10531,#10540));
#10488=ORIENTED_EDGE('',*,*,#10474,.F.);
#10489=ORIENTED_EDGE('',*,*,#10490,.T.);
#10490=EDGE_CURVE('',#10466,#10491,#10493,.T.);
#10491=VERTEX_POINT('',#10492);
#10492=CARTESIAN_POINT('',(-0.82606358,9.8298,7.984788345));
#10493=LINE('',#10494,#10495);
#10494=CARTESIAN_POINT('',(-0.936751374,9.8298,9.249955612));
#10495=VECTOR('',#10496,1.0);
#10496=DIRECTION('',(0.087155743,0.0,-0.996194698));
#10497=ORIENTED_EDGE('',*,*,#10498,.T.);
#10498=EDGE_CURVE('',#10491,#10499,#10501,.T.);
#10499=VERTEX_POINT('',#10500);
#10500=CARTESIAN_POINT('',(-0.726444566,8.6868,6.846137806));
#10501=CIRCLE('',#10502,1.143);
#10502=AXIS2_PLACEMENT_3D('',#10503,#10504,#10505);
#10503=CARTESIAN_POINT('',(-0.82606358,8.6868,7.984788345));
#10504=DIRECTION('',(-0.996194698,0.0,-0.087155743));
#10505=DIRECTION('',(0.0,1.0,0.0));
#10506=ORIENTED_EDGE('',*,*,#10507,.T.);
#10507=EDGE_CURVE('',#10499,#10508,#10510,.T.);
#10508=VERTEX_POINT('',#10509);
#10509=CARTESIAN_POINT('',(-0.726444566,1.27,6.846137806));
#10510=LINE('',#10511,#10512);
#10511=CARTESIAN_POINT('',(-0.726444566,8.6868,6.846137806));
#10512=VECTOR('',#10513,1.0);
#10513=DIRECTION('',(0.0,-1.0,0.0));
#10514=ORIENTED_EDGE('',*,*,#10515,.T.);
#10515=EDGE_CURVE('',#10508,#10516,#10518,.T.);
#10516=VERTEX_POINT('',#10517);
#10517=CARTESIAN_POINT('',(-0.82606358,0.127,7.984788345));
#10518=CIRCLE('',#10519,1.143);
#10519=AXIS2_PLACEMENT_3D('',#10520,#10521,#10522);
#10520=CARTESIAN_POINT('',(-0.82606358,1.27,7.984788345));
#10521=DIRECTION('',(-0.996194698,0.0,-0.087155743));
#10522=DIRECTION('',(0.087155743,0.0,-0.996194698));
#10523=ORIENTED_EDGE('',*,*,#10524,.T.);
#10524=EDGE_CURVE('',#10516,#10525,#10527,.T.);
#10525=VERTEX_POINT('',#10526);
#10526=CARTESIAN_POINT('',(-0.936751374,0.127,9.249955612));
#10527=LINE('',#10528,#10529);
#10528=CARTESIAN_POINT('',(-0.82606358,0.127,7.984788345));
#10529=VECTOR('',#10530,1.0);
#10530=DIRECTION('',(-0.087155743,0.0,0.996194698));
#10531=ORIENTED_EDGE('',*,*,#10532,.T.);
#10532=EDGE_CURVE('',#10525,#10533,#10535,.T.);
#10533=VERTEX_POINT('',#10534);
#10534=CARTESIAN_POINT('',(-1.036370387,1.27,10.388606152));
#10535=CIRCLE('',#10536,1.143);
#10536=AXIS2_PLACEMENT_3D('',#10537,#10538,#10539);
#10537=CARTESIAN_POINT('',(-0.936751374,1.27,9.249955612));
#10538=DIRECTION('',(-0.996194698,0.0,-0.087155743));
#10539=DIRECTION('',(0.0,-1.0,0.0));
#10540=ORIENTED_EDGE('',*,*,#10541,.T.);
#10541=EDGE_CURVE('',#10533,#10446,#10542,.T.);
#10542=LINE('',#10543,#10544);
#10543=CARTESIAN_POINT('',(-1.036370387,1.27,10.388606152));
#10544=VECTOR('',#10545,1.0);
#10545=DIRECTION('',(0.0,1.0,0.0));
#10546=PLANE('',#10547);
#10547=AXIS2_PLACEMENT_3D('',#10548,#10549,#10550);
#10548=CARTESIAN_POINT('',(-0.715375787,0.0,6.719621079));
#10549=DIRECTION('',(-0.996194698,0.0,-0.087155743));
#10550=DIRECTION('',(-0.087155743,0.0,0.996194698));
#10551=ADVANCED_FACE('',(#10552),#10571,.T.);
#10552=FACE_BOUND('',#10553,.T.);
#10553=EDGE_LOOP('',(#10554,#10563,#10569,#10570));
#10554=ORIENTED_EDGE('',*,*,#10555,.T.);
#10555=EDGE_CURVE('',#10533,#10556,#10558,.F.);
#10556=VERTEX_POINT('',#10557);
#10557=CARTESIAN_POINT('',(-0.783336934,1.27,10.410743711));
#10558=CIRCLE('',#10559,0.127);
#10559=AXIS2_PLACEMENT_3D('',#10560,#10561,#10562);
#10560=CARTESIAN_POINT('',(-0.909853661,1.27,10.399674931));
#10561=DIRECTION('',(0.0,-1.0,0.0));
#10562=DIRECTION('',(0.996194698,0.0,0.087155743));
#10563=ORIENTED_EDGE('',*,*,#10564,.T.);
#10564=EDGE_CURVE('',#10556,#10448,#10565,.F.);
#10565=LINE('',#10566,#10567);
#10566=CARTESIAN_POINT('',(-0.783336934,8.6868,10.410743711));
#10567=VECTOR('',#10568,1.0);
#10568=DIRECTION('',(0.0,-1.0,0.0));
#10569=ORIENTED_EDGE('',*,*,#10445,.F.);
#10570=ORIENTED_EDGE('',*,*,#10541,.F.);
#10571=CYLINDRICAL_SURFACE('',#10572,0.127);
#10572=AXIS2_PLACEMENT_3D('',#10573,#10574,#10575);
#10573=CARTESIAN_POINT('',(-0.909853661,8.717093534,10.399674931));
#10574=DIRECTION('',(0.0,-1.0,0.0));
#10575=DIRECTION('',(0.996194698,0.0,0.087155743));
#10576=ADVANCED_FACE('',(#10577),#10630,.T.);
#10577=FACE_BOUND('',#10578,.T.);
#10578=EDGE_LOOP('',(#10579,#10588,#10596,#10605,#10613,#10622,#10628,#10629));
#10579=ORIENTED_EDGE('',*,*,#10580,.T.);
#10580=EDGE_CURVE('',#10556,#10581,#10583,.T.);
#10581=VERTEX_POINT('',#10582);
#10582=CARTESIAN_POINT('',(-0.68371792,0.127,9.272093171));
#10583=CIRCLE('',#10584,1.143);
#10584=AXIS2_PLACEMENT_3D('',#10585,#10586,#10587);
#10585=CARTESIAN_POINT('',(-0.68371792,1.27,9.272093171));
#10586=DIRECTION('',(0.996194698,0.0,0.087155743));
#10587=DIRECTION('',(-0.087155743,0.0,0.996194698));
#10588=ORIENTED_EDGE('',*,*,#10589,.T.);
#10589=EDGE_CURVE('',#10581,#10590,#10592,.T.);
#10590=VERTEX_POINT('',#10591);
#10591=CARTESIAN_POINT('',(-0.573030127,0.127,8.006925904));
#10592=LINE('',#10593,#10594);
#10593=CARTESIAN_POINT('',(-0.68371792,0.127,9.272093171));
#10594=VECTOR('',#10595,1.0);
#10595=DIRECTION('',(0.087155743,0.0,-0.996194698));
#10596=ORIENTED_EDGE('',*,*,#10597,.T.);
#10597=EDGE_CURVE('',#10590,#10598,#10600,.T.);
#10598=VERTEX_POINT('',#10599);
#10599=CARTESIAN_POINT('',(-0.473411113,1.27,6.868275364));
#10600=CIRCLE('',#10601,1.143);
#10601=AXIS2_PLACEMENT_3D('',#10602,#10603,#10604);
#10602=CARTESIAN_POINT('',(-0.573030127,1.27,8.006925904));
#10603=DIRECTION('',(0.996194698,0.0,0.087155743));
#10604=DIRECTION('',(0.0,-1.0,0.0));
#10605=ORIENTED_EDGE('',*,*,#10606,.T.);
#10606=EDGE_CURVE('',#10598,#10607,#10609,.T.);
#10607=VERTEX_POINT('',#10608);
#10608=CARTESIAN_POINT('',(-0.473411113,8.6868,6.868275364));
#10609=LINE('',#10610,#10611);
#10610=CARTESIAN_POINT('',(-0.473411113,1.27,6.868275364));
#10611=VECTOR('',#10612,1.0);
#10612=DIRECTION('',(0.0,1.0,0.0));
#10613=ORIENTED_EDGE('',*,*,#10614,.T.);
#10614=EDGE_CURVE('',#10607,#10615,#10617,.T.);
#10615=VERTEX_POINT('',#10616);
#10616=CARTESIAN_POINT('',(-0.573030127,9.8298,8.006925904));
#10617=CIRCLE('',#10618,1.143);
#10618=AXIS2_PLACEMENT_3D('',#10619,#10620,#10621);
#10619=CARTESIAN_POINT('',(-0.573030127,8.6868,8.006925904));
#10620=DIRECTION('',(0.996194698,0.0,0.087155743));
#10621=DIRECTION('',(0.087155743,0.0,-0.996194698));
#10622=ORIENTED_EDGE('',*,*,#10623,.T.);
#10623=EDGE_CURVE('',#10615,#10457,#10624,.T.);
#10624=LINE('',#10625,#10626);
#10625=CARTESIAN_POINT('',(-0.573030127,9.8298,8.006925904));
#10626=VECTOR('',#10627,1.0);
#10627=DIRECTION('',(-0.087155743,0.0,0.996194698));
#10628=ORIENTED_EDGE('',*,*,#10456,.F.);
#10629=ORIENTED_EDGE('',*,*,#10564,.F.);
#10630=PLANE('',#10631);
#10631=AXIS2_PLACEMENT_3D('',#10632,#10633,#10634);
#10632=CARTESIAN_POINT('',(-0.794405714,0.0,10.537260437));
#10633=DIRECTION('',(0.996194698,0.0,0.087155743));
#10634=DIRECTION('',(0.087155743,0.0,-0.996194698));
#10635=ADVANCED_FACE('',(#10636),#10648,.T.);
#10636=FACE_BOUND('',#10637,.T.);
#10637=EDGE_LOOP('',(#10638,#10639,#10640,#10647));
#10638=ORIENTED_EDGE('',*,*,#10465,.F.);
#10639=ORIENTED_EDGE('',*,*,#10623,.F.);
#10640=ORIENTED_EDGE('',*,*,#10641,.T.);
#10641=EDGE_CURVE('',#10615,#10491,#10642,.T.);
#10642=CIRCLE('',#10643,0.127);
#10643=AXIS2_PLACEMENT_3D('',#10644,#10645,#10646);
#10644=CARTESIAN_POINT('',(-0.699546854,9.8298,7.995857125));
#10645=DIRECTION('',(-0.087155743,0.0,0.996194698));
#10646=DIRECTION('',(0.996194698,0.0,0.087155743));
#10647=ORIENTED_EDGE('',*,*,#10490,.F.);
#10648=CYLINDRICAL_SURFACE('',#10649,0.127);
#10649=AXIS2_PLACEMENT_3D('',#10650,#10651,#10652);
#10650=CARTESIAN_POINT('',(-0.698017389,9.8298,7.978375262));
#10651=DIRECTION('',(-0.087155743,0.0,0.996194698));
#10652=DIRECTION('',(0.996194698,0.0,0.087155743));
#10653=ADVANCED_FACE('',(#10654),#10666,.T.);
#10654=FACE_BOUND('',#10655,.T.);
#10655=EDGE_LOOP('',(#10656,#10657,#10658,#10665));
#10656=ORIENTED_EDGE('',*,*,#10641,.F.);
#10657=ORIENTED_EDGE('',*,*,#10614,.F.);
#10658=ORIENTED_EDGE('',*,*,#10659,.T.);
#10659=EDGE_CURVE('',#10607,#10499,#10660,.T.);
#10660=CIRCLE('',#10661,0.127);
#10661=AXIS2_PLACEMENT_3D('',#10662,#10663,#10664);
#10662=CARTESIAN_POINT('',(-0.59992784,8.6868,6.857206585));
#10663=DIRECTION('',(0.0,1.0,0.0));
#10664=DIRECTION('',(0.996194698,0.0,0.087155743));
#10665=ORIENTED_EDGE('',*,*,#10498,.F.);
#10666=TOROIDAL_SURFACE('',#10667,1.143,0.127);
#10667=AXIS2_PLACEMENT_3D('',#10668,#10669,#10670);
#10668=CARTESIAN_POINT('',(-0.699546854,8.6868,7.995857125));
#10669=DIRECTION('',(-0.996194698,0.0,-0.087155743));
#10670=DIRECTION('',(0.087133536,-0.022572657,-0.995940873));
#10671=ADVANCED_FACE('',(#10672),#10684,.T.);
#10672=FACE_BOUND('',#10673,.T.);
#10673=EDGE_LOOP('',(#10674,#10675,#10676,#10683));
#10674=ORIENTED_EDGE('',*,*,#10659,.F.);
#10675=ORIENTED_EDGE('',*,*,#10606,.F.);
#10676=ORIENTED_EDGE('',*,*,#10677,.T.);
#10677=EDGE_CURVE('',#10598,#10508,#10678,.T.);
#10678=CIRCLE('',#10679,0.127);
#10679=AXIS2_PLACEMENT_3D('',#10680,#10681,#10682);
#10680=CARTESIAN_POINT('',(-0.59992784,1.27,6.857206585));
#10681=DIRECTION('',(0.0,1.0,0.0));
#10682=DIRECTION('',(0.996194698,0.0,0.087155743));
#10683=ORIENTED_EDGE('',*,*,#10507,.F.);
#10684=CYLINDRICAL_SURFACE('',#10685,0.127);
#10685=AXIS2_PLACEMENT_3D('',#10686,#10687,#10688);
#10686=CARTESIAN_POINT('',(-0.59992784,1.252451359,6.857206585));
#10687=DIRECTION('',(0.0,1.0,0.0));
#10688=DIRECTION('',(0.996194698,0.0,0.087155743));
#10689=ADVANCED_FACE('',(#10690),#10702,.T.);
#10690=FACE_BOUND('',#10691,.T.);
#10691=EDGE_LOOP('',(#10692,#10693,#10694,#10701));
#10692=ORIENTED_EDGE('',*,*,#10677,.F.);
#10693=ORIENTED_EDGE('',*,*,#10597,.F.);
#10694=ORIENTED_EDGE('',*,*,#10695,.T.);
#10695=EDGE_CURVE('',#10590,#10516,#10696,.T.);
#10696=CIRCLE('',#10697,0.127);
#10697=AXIS2_PLACEMENT_3D('',#10698,#10699,#10700);
#10698=CARTESIAN_POINT('',(-0.699546854,0.127,7.995857125));
#10699=DIRECTION('',(0.087155743,0.0,-0.996194698));
#10700=DIRECTION('',(0.996194698,0.0,0.087155743));
#10701=ORIENTED_EDGE('',*,*,#10515,.F.);
#10702=TOROIDAL_SURFACE('',#10703,1.143,0.127);
#10703=AXIS2_PLACEMENT_3D('',#10704,#10705,#10706);
#10704=CARTESIAN_POINT('',(-0.699546854,1.27,7.995857125));
#10705=DIRECTION('',(0.996194698,0.0,0.087155743));
#10706=DIRECTION('',(-0.001384966,-0.999873735,0.015830232));
#10707=ADVANCED_FACE('',(#10708),#10720,.T.);
#10708=FACE_BOUND('',#10709,.T.);
#10709=EDGE_LOOP('',(#10710,#10711,#10712,#10719));
#10710=ORIENTED_EDGE('',*,*,#10695,.F.);
#10711=ORIENTED_EDGE('',*,*,#10589,.F.);
#10712=ORIENTED_EDGE('',*,*,#10713,.T.);
#10713=EDGE_CURVE('',#10581,#10525,#10714,.T.);
#10714=CIRCLE('',#10715,0.127);
#10715=AXIS2_PLACEMENT_3D('',#10716,#10717,#10718);
#10716=CARTESIAN_POINT('',(-0.810234647,0.127,9.261024391));
#10717=DIRECTION('',(0.087155743,0.0,-0.996194698));
#10718=DIRECTION('',(0.996194698,0.0,0.087155743));
#10719=ORIENTED_EDGE('',*,*,#10524,.F.);
#10720=CYLINDRICAL_SURFACE('',#10721,0.127);
#10721=AXIS2_PLACEMENT_3D('',#10722,#10723,#10724);
#10722=CARTESIAN_POINT('',(-0.812874902,0.127,9.291202649));
#10723=DIRECTION('',(0.087155743,0.0,-0.996194698));
#10724=DIRECTION('',(0.996194698,0.0,0.087155743));
#10725=ADVANCED_FACE('',(#10726),#10732,.T.);
#10726=FACE_BOUND('',#10727,.T.);
#10727=EDGE_LOOP('',(#10728,#10729,#10730,#10731));
#10728=ORIENTED_EDGE('',*,*,#10713,.F.);
#10729=ORIENTED_EDGE('',*,*,#10580,.F.);
#10730=ORIENTED_EDGE('',*,*,#10555,.F.);
#10731=ORIENTED_EDGE('',*,*,#10532,.F.);
#10732=TOROIDAL_SURFACE('',#10733,1.143,0.127);
#10733=AXIS2_PLACEMENT_3D('',#10734,#10735,#10736);
#10734=CARTESIAN_POINT('',(-0.810234647,1.27,9.261024391));
#10735=DIRECTION('',(-0.996194698,0.0,-0.087155743));
#10736=DIRECTION('',(-0.087133536,0.022572657,0.995940873));
#10737=MANIFOLD_SOLID_BREP('',#10738);
#10738=CLOSED_SHELL('',(#10739,#10805,#10904,#10921,#10946,#10978,#11010,#11036,#11062,#11137,#11155,#11173,#11186,#11235,#11268,#11287,#11305,#11331,#11351,#11361));
#10739=ADVANCED_FACE('',(#10740),#10800,.T.);
#10740=FACE_BOUND('',#10741,.T.);
#10741=EDGE_LOOP('',(#10742,#10760,#10768,#10777,#10785,#10794));
#10742=ORIENTED_EDGE('',*,*,#10743,.T.);
#10743=EDGE_CURVE('',#10744,#10746,#10748,.T.);
#10744=VERTEX_POINT('',#10745);
#10745=CARTESIAN_POINT('',(0.127,0.528268158,10.166045258));
#10746=VERTEX_POINT('',#10747);
#10747=CARTESIAN_POINT('',(0.0,0.5588,10.348585611));
#10748=B_SPLINE_CURVE_WITH_KNOTS('',3,(#10749,#10750,#10751,#10752,#10753,#10754,#10755,#10756,#10757,#10758,#10759),.UNSPECIFIED.,.F.,.U.,(4,1,1,1,1,1,1,1,4),(0.0,0.125,0.25,0.375,0.5,0.625,0.75,0.875,1.0),.QUASI_UNIFORM_KNOTS.);
#10749=CARTESIAN_POINT('',(0.127,0.528268158,10.166045258));
#10750=CARTESIAN_POINT('',(0.127,0.528268158,10.178087716));
#10751=CARTESIAN_POINT('',(0.125095879,0.529254066,10.201932087));
#10752=CARTESIAN_POINT('',(0.116627218,0.53338994,10.238274071));
#10753=CARTESIAN_POINT('',(0.103308321,0.53917222,10.271304006));
#10754=CARTESIAN_POINT('',(0.086414103,0.545334512,10.2991729));
#10755=CARTESIAN_POINT('',(0.066966723,0.550923177,10.321066662));
#10756=CARTESIAN_POINT('',(0.04591278,0.555304566,10.336769412));
#10757=CARTESIAN_POINT('',(0.023070852,0.558166494,10.346489982));
#10758=CARTESIAN_POINT('',(0.0077451,0.5588,10.348585611));
#10759=CARTESIAN_POINT('',(0.0,0.5588,10.348585611));
#10760=ORIENTED_EDGE('',*,*,#10761,.T.);
#10761=EDGE_CURVE('',#10746,#10762,#10764,.T.);
#10762=VERTEX_POINT('',#10763);
#10763=CARTESIAN_POINT('',(0.0,0.5588,23.2664));
#10764=LINE('',#10765,#10766);
#10765=CARTESIAN_POINT('',(0.0,0.5588,10.348585611));
#10766=VECTOR('',#10767,1.0);
#10767=DIRECTION('',(0.0,0.0,1.0));
#10768=ORIENTED_EDGE('',*,*,#10769,.T.);
#10769=EDGE_CURVE('',#10762,#10770,#10772,.F.);
#10770=VERTEX_POINT('',#10771);
#10771=CARTESIAN_POINT('',(0.0,0.0,23.2664));
#10772=CIRCLE('',#10773,0.2794);
#10773=AXIS2_PLACEMENT_3D('',#10774,#10775,#10776);
#10774=CARTESIAN_POINT('',(0.0,0.2794,23.2664));
#10775=DIRECTION('',(0.0,0.0,1.0));
#10776=DIRECTION('',(0.0,-1.0,0.0));
#10777=ORIENTED_EDGE('',*,*,#10778,.T.);
#10778=EDGE_CURVE('',#10770,#10779,#10781,.F.);
#10779=VERTEX_POINT('',#10780);
#10780=CARTESIAN_POINT('',(0.0,0.0,8.9916));
#10781=LINE('',#10782,#10783);
#10782=CARTESIAN_POINT('',(0.0,0.0,8.9916));
#10783=VECTOR('',#10784,1.0);
#10784=DIRECTION('',(0.0,0.0,1.0));
#10785=ORIENTED_EDGE('',*,*,#10786,.T.);
#10786=EDGE_CURVE('',#10779,#10787,#10789,.T.);
#10787=VERTEX_POINT('',#10788);
#10788=CARTESIAN_POINT('',(0.127,0.528268158,8.9916));
#10789=CIRCLE('',#10790,0.2794);
#10790=AXIS2_PLACEMENT_3D('',#10791,#10792,#10793);
#10791=CARTESIAN_POINT('',(0.0,0.2794,8.9916));
#10792=DIRECTION('',(0.0,0.0,1.0));
#10793=DIRECTION('',(0.0,-1.0,0.0));
#10794=ORIENTED_EDGE('',*,*,#10795,.T.);
#10795=EDGE_CURVE('',#10787,#10744,#10796,.T.);
#10796=LINE('',#10797,#10798);
#10797=CARTESIAN_POINT('',(0.127,0.528268158,8.9916));
#10798=VECTOR('',#10799,1.0);
#10799=DIRECTION('',(0.0,0.0,1.0));
#10800=CYLINDRICAL_SURFACE('',#10801,0.2794);
#10801=AXIS2_PLACEMENT_3D('',#10802,#10803,#10804);
#10802=CARTESIAN_POINT('',(0.0,0.2794,8.9916));
#10803=DIRECTION('',(0.0,0.0,1.0));
#10804=DIRECTION('',(0.0,1.0,0.0));
#10805=ADVANCED_FACE('',(#10806),#10899,.T.);
#10806=FACE_BOUND('',#10807,.T.);
#10807=EDGE_LOOP('',(#10808,#10818,#10827,#10835,#10844,#10852,#10860,#10868,#10877,#10885,#10892,#10893));
#10808=ORIENTED_EDGE('',*,*,#10809,.T.);
#10809=EDGE_CURVE('',#10810,#10812,#10814,.T.);
#10810=VERTEX_POINT('',#10811);
#10811=CARTESIAN_POINT('',(0.127,0.127,8.9916));
#10812=VERTEX_POINT('',#10813);
#10813=CARTESIAN_POINT('',(0.127,0.127,8.0264));
#10814=LINE('',#10815,#10816);
#10815=CARTESIAN_POINT('',(0.127,0.127,8.9916));
#10816=VECTOR('',#10817,1.0);
#10817=DIRECTION('',(0.0,0.0,-1.0));
#10818=ORIENTED_EDGE('',*,*,#10819,.T.);
#10819=EDGE_CURVE('',#10812,#10820,#10822,.T.);
#10820=VERTEX_POINT('',#10821);
#10821=CARTESIAN_POINT('',(0.127,1.27,6.8834));
#10822=CIRCLE('',#10823,1.143);
#10823=AXIS2_PLACEMENT_3D('',#10824,#10825,#10826);
#10824=CARTESIAN_POINT('',(0.127,1.27,8.0264));
#10825=DIRECTION('',(1.0,0.0,0.0));
#10826=DIRECTION('',(0.0,-1.0,0.0));
#10827=ORIENTED_EDGE('',*,*,#10828,.T.);
#10828=EDGE_CURVE('',#10820,#10829,#10831,.T.);
#10829=VERTEX_POINT('',#10830);
#10830=CARTESIAN_POINT('',(0.127,8.6868,6.8834));
#10831=LINE('',#10832,#10833);
#10832=CARTESIAN_POINT('',(0.127,1.27,6.8834));
#10833=VECTOR('',#10834,1.0);
#10834=DIRECTION('',(0.0,1.0,0.0));
#10835=ORIENTED_EDGE('',*,*,#10836,.T.);
#10836=EDGE_CURVE('',#10829,#10837,#10839,.T.);
#10837=VERTEX_POINT('',#10838);
#10838=CARTESIAN_POINT('',(0.127,9.8298,8.0264));
#10839=CIRCLE('',#10840,1.143);
#10840=AXIS2_PLACEMENT_3D('',#10841,#10842,#10843);
#10841=CARTESIAN_POINT('',(0.127,8.6868,8.0264));
#10842=DIRECTION('',(1.0,0.0,0.0));
#10843=DIRECTION('',(0.0,0.0,-1.0));
#10844=ORIENTED_EDGE('',*,*,#10845,.T.);
#10845=EDGE_CURVE('',#10837,#10846,#10848,.T.);
#10846=VERTEX_POINT('',#10847);
#10847=CARTESIAN_POINT('',(0.127,9.8298,8.9916));
#10848=LINE('',#10849,#10850);
#10849=CARTESIAN_POINT('',(0.127,9.8298,8.0264));
#10850=VECTOR('',#10851,1.0);
#10851=DIRECTION('',(0.0,0.0,1.0));
#10852=ORIENTED_EDGE('',*,*,#10853,.T.);
#10853=EDGE_CURVE('',#10846,#10854,#10856,.F.);
#10854=VERTEX_POINT('',#10855);
#10855=CARTESIAN_POINT('',(0.127,9.428531842,8.9916));
#10856=LINE('',#10857,#10858);
#10857=CARTESIAN_POINT('',(0.127,9.428531842,8.9916));
#10858=VECTOR('',#10859,1.0);
#10859=DIRECTION('',(0.0,1.0,0.0));
#10860=ORIENTED_EDGE('',*,*,#10861,.T.);
#10861=EDGE_CURVE('',#10854,#10862,#10864,.T.);
#10862=VERTEX_POINT('',#10863);
#10863=CARTESIAN_POINT('',(0.127,9.428531842,10.166045258));
#10864=LINE('',#10865,#10866);
#10865=CARTESIAN_POINT('',(0.127,9.428531842,8.9916));
#10866=VECTOR('',#10867,1.0);
#10867=DIRECTION('',(0.0,0.0,1.0));
#10868=ORIENTED_EDGE('',*,*,#10869,.T.);
#10869=EDGE_CURVE('',#10862,#10870,#10872,.T.);
#10870=VERTEX_POINT('',#10871);
#10871=CARTESIAN_POINT('',(0.127,8.6868,10.4394));
#10872=CIRCLE('',#10873,1.143);
#10873=AXIS2_PLACEMENT_3D('',#10874,#10875,#10876);
#10874=CARTESIAN_POINT('',(0.127,8.6868,9.2964));
#10875=DIRECTION('',(1.0,0.0,0.0));
#10876=DIRECTION('',(0.0,0.648934245,0.760844495));
#10877=ORIENTED_EDGE('',*,*,#10878,.T.);
#10878=EDGE_CURVE('',#10870,#10879,#10881,.T.);
#10879=VERTEX_POINT('',#10880);
#10880=CARTESIAN_POINT('',(0.127,1.27,10.4394));
#10881=LINE('',#10882,#10883);
#10882=CARTESIAN_POINT('',(0.127,8.6868,10.4394));
#10883=VECTOR('',#10884,1.0);
#10884=DIRECTION('',(0.0,-1.0,0.0));
#10885=ORIENTED_EDGE('',*,*,#10886,.T.);
#10886=EDGE_CURVE('',#10879,#10744,#10887,.T.);
#10887=CIRCLE('',#10888,1.143);
#10888=AXIS2_PLACEMENT_3D('',#10889,#10890,#10891);
#10889=CARTESIAN_POINT('',(0.127,1.27,9.2964));
#10890=DIRECTION('',(1.0,0.0,0.0));
#10891=DIRECTION('',(0.0,0.0,1.0));
#10892=ORIENTED_EDGE('',*,*,#10795,.F.);
#10893=ORIENTED_EDGE('',*,*,#10894,.T.);
#10894=EDGE_CURVE('',#10787,#10810,#10895,.F.);
#10895=LINE('',#10896,#10897);
#10896=CARTESIAN_POINT('',(0.127,0.127,8.9916));
#10897=VECTOR('',#10898,1.0);
#10898=DIRECTION('',(0.0,1.0,0.0));
#10899=PLANE('',#10900);
#10900=AXIS2_PLACEMENT_3D('',#10901,#10902,#10903);
#10901=CARTESIAN_POINT('',(0.127,0.0,10.5664));
#10902=DIRECTION('',(1.0,0.0,0.0));
#10903=DIRECTION('',(0.0,0.0,-1.0));
#10904=ADVANCED_FACE('',(#10905),#10916,.F.);
#10905=FACE_BOUND('',#10906,.T.);
#10906=EDGE_LOOP('',(#10907,#10908,#10915));
#10907=ORIENTED_EDGE('',*,*,#10786,.F.);
#10908=ORIENTED_EDGE('',*,*,#10909,.T.);
#10909=EDGE_CURVE('',#10779,#10810,#10910,.F.);
#10910=CIRCLE('',#10911,0.127);
#10911=AXIS2_PLACEMENT_3D('',#10912,#10913,#10914);
#10912=CARTESIAN_POINT('',(0.0,0.127,8.9916));
#10913=DIRECTION('',(0.0,0.0,-1.0));
#10914=DIRECTION('',(1.0,0.0,0.0));
#10915=ORIENTED_EDGE('',*,*,#10894,.F.);
#10916=PLANE('',#10917);
#10917=AXIS2_PLACEMENT_3D('',#10918,#10919,#10920);
#10918=CARTESIAN_POINT('',(0.0,0.0,8.9916));
#10919=DIRECTION('',(0.0,0.0,1.0));
#10920=DIRECTION('',(0.0,1.0,0.0));
#10921=ADVANCED_FACE('',(#10922),#10941,.F.);
#10922=FACE_BOUND('',#10923,.T.);
#10923=EDGE_LOOP('',(#10924,#10933,#10940));
#10924=ORIENTED_EDGE('',*,*,#10925,.T.);
#10925=EDGE_CURVE('',#10846,#10926,#10928,.T.);
#10926=VERTEX_POINT('',#10927);
#10927=CARTESIAN_POINT('',(0.0,9.9568,8.9916));
#10928=CIRCLE('',#10929,0.127);
#10929=AXIS2_PLACEMENT_3D('',#10930,#10931,#10932);
#10930=CARTESIAN_POINT('',(0.0,9.8298,8.9916));
#10931=DIRECTION('',(0.0,0.0,1.0));
#10932=DIRECTION('',(1.0,0.0,0.0));
#10933=ORIENTED_EDGE('',*,*,#10934,.T.);
#10934=EDGE_CURVE('',#10926,#10854,#10935,.F.);
#10935=CIRCLE('',#10936,0.2794);
#10936=AXIS2_PLACEMENT_3D('',#10937,#10938,#10939);
#10937=CARTESIAN_POINT('',(0.0,9.6774,8.9916));
#10938=DIRECTION('',(0.0,0.0,1.0));
#10939=DIRECTION('',(0.454545455,-0.890723543,0.0));
#10940=ORIENTED_EDGE('',*,*,#10853,.F.);
#10941=PLANE('',#10942);
#10942=AXIS2_PLACEMENT_3D('',#10943,#10944,#10945);
#10943=CARTESIAN_POINT('',(0.0,0.0,8.9916));
#10944=DIRECTION('',(0.0,0.0,1.0));
#10945=DIRECTION('',(0.0,1.0,0.0));
#10946=ADVANCED_FACE('',(#10947),#10973,.F.);
#10947=FACE_BOUND('',#10948,.T.);
#10948=EDGE_LOOP('',(#10949,#10958,#10967));
#10949=ORIENTED_EDGE('',*,*,#10950,.T.);
#10950=EDGE_CURVE('',#10951,#10779,#10953,.F.);
#10951=VERTEX_POINT('',#10952);
#10952=CARTESIAN_POINT('',(-0.127,0.127,8.9916));
#10953=CIRCLE('',#10954,0.127);
#10954=AXIS2_PLACEMENT_3D('',#10955,#10956,#10957);
#10955=CARTESIAN_POINT('',(0.0,0.127,8.9916));
#10956=DIRECTION('',(0.0,0.0,-1.0));
#10957=DIRECTION('',(0.0,-1.0,0.0));
#10958=ORIENTED_EDGE('',*,*,#10959,.T.);
#10959=EDGE_CURVE('',#10779,#10960,#10962,.F.);
#10960=VERTEX_POINT('',#10961);
#10961=CARTESIAN_POINT('',(-0.127,0.528268158,8.9916));
#10962=CIRCLE('',#10963,0.2794);
#10963=AXIS2_PLACEMENT_3D('',#10964,#10965,#10966);
#10964=CARTESIAN_POINT('',(0.0,0.2794,8.9916));
#10965=DIRECTION('',(0.0,0.0,1.0));
#10966=DIRECTION('',(-0.454545455,0.890723543,0.0));
#10967=ORIENTED_EDGE('',*,*,#10968,.T.);
#10968=EDGE_CURVE('',#10960,#10951,#10969,.F.);
#10969=LINE('',#10970,#10971);
#10970=CARTESIAN_POINT('',(-0.127,0.127,8.9916));
#10971=VECTOR('',#10972,1.0);
#10972=DIRECTION('',(0.0,1.0,0.0));
#10973=PLANE('',#10974);
#10974=AXIS2_PLACEMENT_3D('',#10975,#10976,#10977);
#10975=CARTESIAN_POINT('',(0.0,0.0,8.9916));
#10976=DIRECTION('',(0.0,0.0,1.0));
#10977=DIRECTION('',(0.0,1.0,0.0));
#10978=ADVANCED_FACE('',(#10979),#11005,.F.);
#10979=FACE_BOUND('',#10980,.T.);
#10980=EDGE_LOOP('',(#10981,#10990,#10999));
#10981=ORIENTED_EDGE('',*,*,#10982,.T.);
#10982=EDGE_CURVE('',#10983,#10926,#10985,.F.);
#10983=VERTEX_POINT('',#10984);
#10984=CARTESIAN_POINT('',(-0.127,9.428531842,8.9916));
#10985=CIRCLE('',#10986,0.2794);
#10986=AXIS2_PLACEMENT_3D('',#10987,#10988,#10989);
#10987=CARTESIAN_POINT('',(0.0,9.6774,8.9916));
#10988=DIRECTION('',(0.0,0.0,1.0));
#10989=DIRECTION('',(-4.799957164E-14,1.0,0.0));
#10990=ORIENTED_EDGE('',*,*,#10991,.T.);
#10991=EDGE_CURVE('',#10926,#10992,#10994,.T.);
#10992=VERTEX_POINT('',#10993);
#10993=CARTESIAN_POINT('',(-0.127,9.8298,8.9916));
#10994=CIRCLE('',#10995,0.127);
#10995=AXIS2_PLACEMENT_3D('',#10996,#10997,#10998);
#10996=CARTESIAN_POINT('',(0.0,9.8298,8.9916));
#10997=DIRECTION('',(0.0,0.0,1.0));
#10998=DIRECTION('',(-9.682258119E-14,1.0,0.0));
#10999=ORIENTED_EDGE('',*,*,#11000,.T.);
#11000=EDGE_CURVE('',#10992,#10983,#11001,.F.);
#11001=LINE('',#11002,#11003);
#11002=CARTESIAN_POINT('',(-0.127,9.428531842,8.9916));
#11003=VECTOR('',#11004,1.0);
#11004=DIRECTION('',(0.0,1.0,0.0));
#11005=PLANE('',#11006);
#11006=AXIS2_PLACEMENT_3D('',#11007,#11008,#11009);
#11007=CARTESIAN_POINT('',(0.0,0.0,8.9916));
#11008=DIRECTION('',(0.0,0.0,1.0));
#11009=DIRECTION('',(0.0,1.0,0.0));
#11010=ADVANCED_FACE('',(#11011),#11031,.T.);
#11011=FACE_BOUND('',#11012,.T.);
#11012=EDGE_LOOP('',(#11013,#11014,#11022,#11029,#11030));
#11013=ORIENTED_EDGE('',*,*,#10950,.F.);
#11014=ORIENTED_EDGE('',*,*,#11015,.T.);
#11015=EDGE_CURVE('',#10951,#11016,#11018,.F.);
#11016=VERTEX_POINT('',#11017);
#11017=CARTESIAN_POINT('',(-0.127,0.127,8.0264));
#11018=LINE('',#11019,#11020);
#11019=CARTESIAN_POINT('',(-0.127,0.127,8.0264));
#11020=VECTOR('',#11021,1.0);
#11021=DIRECTION('',(0.0,0.0,1.0));
#11022=ORIENTED_EDGE('',*,*,#11023,.T.);
#11023=EDGE_CURVE('',#11016,#10812,#11024,.F.);
#11024=CIRCLE('',#11025,0.127);
#11025=AXIS2_PLACEMENT_3D('',#11026,#11027,#11028);
#11026=CARTESIAN_POINT('',(0.0,0.127,8.0264));
#11027=DIRECTION('',(0.0,0.0,-1.0));
#11028=DIRECTION('',(1.0,0.0,0.0));
#11029=ORIENTED_EDGE('',*,*,#10809,.F.);
#11030=ORIENTED_EDGE('',*,*,#10909,.F.);
#11031=CYLINDRICAL_SURFACE('',#11032,0.127);
#11032=AXIS2_PLACEMENT_3D('',#11033,#11034,#11035);
#11033=CARTESIAN_POINT('',(0.0,0.127,9.326693534));
#11034=DIRECTION('',(0.0,0.0,-1.0));
#11035=DIRECTION('',(1.0,0.0,0.0));
#11036=ADVANCED_FACE('',(#11037),#11057,.T.);
#11037=FACE_BOUND('',#11038,.T.);
#11038=EDGE_LOOP('',(#11039,#11048,#11049,#11050));
#11039=ORIENTED_EDGE('',*,*,#11040,.T.);
#11040=EDGE_CURVE('',#11041,#10820,#11043,.F.);
#11041=VERTEX_POINT('',#11042);
#11042=CARTESIAN_POINT('',(-0.127,1.27,6.8834));
#11043=CIRCLE('',#11044,0.127);
#11044=AXIS2_PLACEMENT_3D('',#11045,#11046,#11047);
#11045=CARTESIAN_POINT('',(0.0,1.27,6.8834));
#11046=DIRECTION('',(0.0,1.0,0.0));
#11047=DIRECTION('',(1.0,0.0,1.110223025E-14));
#11048=ORIENTED_EDGE('',*,*,#10819,.F.);
#11049=ORIENTED_EDGE('',*,*,#11023,.F.);
#11050=ORIENTED_EDGE('',*,*,#11051,.T.);
#11051=EDGE_CURVE('',#11016,#11041,#11052,.F.);
#11052=CIRCLE('',#11053,1.143);
#11053=AXIS2_PLACEMENT_3D('',#11054,#11055,#11056);
#11054=CARTESIAN_POINT('',(-0.127,1.27,8.0264));
#11055=DIRECTION('',(-1.0,0.0,0.0));
#11056=DIRECTION('',(0.0,0.0,-1.0));
#11057=TOROIDAL_SURFACE('',#11058,1.143,0.127);
#11058=AXIS2_PLACEMENT_3D('',#11059,#11060,#11061);
#11059=CARTESIAN_POINT('',(0.0,1.27,8.0264));
#11060=DIRECTION('',(1.0,0.0,0.0));
#11061=DIRECTION('',(0.0,-0.999873735,0.015890701));
#11062=ADVANCED_FACE('',(#11063),#11132,.T.);
#11063=FACE_BOUND('',#11064,.T.);
#11064=EDGE_LOOP('',(#11065,#11073,#11082,#11090,#11099,#11105,#11106,#11114,#11123,#11129,#11130,#11131));
#11065=ORIENTED_EDGE('',*,*,#11066,.T.);
#11066=EDGE_CURVE('',#10960,#11067,#11069,.T.);
#11067=VERTEX_POINT('',#11068);
#11068=CARTESIAN_POINT('',(-0.127,0.528268158,10.166045258));
#11069=LINE('',#11070,#11071);
#11070=CARTESIAN_POINT('',(-0.127,0.528268158,8.9916));
#11071=VECTOR('',#11072,1.0);
#11072=DIRECTION('',(0.0,0.0,1.0));
#11073=ORIENTED_EDGE('',*,*,#11074,.T.);
#11074=EDGE_CURVE('',#11067,#11075,#11077,.T.);
#11075=VERTEX_POINT('',#11076);
#11076=CARTESIAN_POINT('',(-0.127,1.27,10.4394));
#11077=CIRCLE('',#11078,1.143);
#11078=AXIS2_PLACEMENT_3D('',#11079,#11080,#11081);
#11079=CARTESIAN_POINT('',(-0.127,1.27,9.2964));
#11080=DIRECTION('',(-1.0,0.0,0.0));
#11081=DIRECTION('',(0.0,-0.648934245,0.760844495));
#11082=ORIENTED_EDGE('',*,*,#11083,.T.);
#11083=EDGE_CURVE('',#11075,#11084,#11086,.T.);
#11084=VERTEX_POINT('',#11085);
#11085=CARTESIAN_POINT('',(-0.127,8.6868,10.4394));
#11086=LINE('',#11087,#11088);
#11087=CARTESIAN_POINT('',(-0.127,1.27,10.4394));
#11088=VECTOR('',#11089,1.0);
#11089=DIRECTION('',(0.0,1.0,0.0));
#11090=ORIENTED_EDGE('',*,*,#11091,.T.);
#11091=EDGE_CURVE('',#11084,#11092,#11094,.T.);
#11092=VERTEX_POINT('',#11093);
#11093=CARTESIAN_POINT('',(-0.127,9.428531842,10.166045258));
#11094=CIRCLE('',#11095,1.143);
#11095=AXIS2_PLACEMENT_3D('',#11096,#11097,#11098);
#11096=CARTESIAN_POINT('',(-0.127,8.6868,9.2964));
#11097=DIRECTION('',(-1.0,0.0,0.0));
#11098=DIRECTION('',(0.0,0.0,1.0));
#11099=ORIENTED_EDGE('',*,*,#11100,.T.);
#11100=EDGE_CURVE('',#11092,#10983,#11101,.F.);
#11101=LINE('',#11102,#11103);
#11102=CARTESIAN_POINT('',(-0.127,9.428531842,8.9916));
#11103=VECTOR('',#11104,1.0);
#11104=DIRECTION('',(0.0,0.0,1.0));
#11105=ORIENTED_EDGE('',*,*,#11000,.F.);
#11106=ORIENTED_EDGE('',*,*,#11107,.T.);
#11107=EDGE_CURVE('',#10992,#11108,#11110,.T.);
#11108=VERTEX_POINT('',#11109);
#11109=CARTESIAN_POINT('',(-0.127,9.8298,8.0264));
#11110=LINE('',#11111,#11112);
#11111=CARTESIAN_POINT('',(-0.127,9.8298,8.9916));
#11112=VECTOR('',#11113,1.0);
#11113=DIRECTION('',(0.0,0.0,-1.0));
#11114=ORIENTED_EDGE('',*,*,#11115,.T.);
#11115=EDGE_CURVE('',#11108,#11116,#11118,.T.);
#11116=VERTEX_POINT('',#11117);
#11117=CARTESIAN_POINT('',(-0.127,8.6868,6.8834));
#11118=CIRCLE('',#11119,1.143);
#11119=AXIS2_PLACEMENT_3D('',#11120,#11121,#11122);
#11120=CARTESIAN_POINT('',(-0.127,8.6868,8.0264));
#11121=DIRECTION('',(-1.0,0.0,0.0));
#11122=DIRECTION('',(0.0,1.0,0.0));
#11123=ORIENTED_EDGE('',*,*,#11124,.T.);
#11124=EDGE_CURVE('',#11116,#11041,#11125,.T.);
#11125=LINE('',#11126,#11127);
#11126=CARTESIAN_POINT('',(-0.127,8.6868,6.8834));
#11127=VECTOR('',#11128,1.0);
#11128=DIRECTION('',(0.0,-1.0,0.0));
#11129=ORIENTED_EDGE('',*,*,#11051,.F.);
#11130=ORIENTED_EDGE('',*,*,#11015,.F.);
#11131=ORIENTED_EDGE('',*,*,#10968,.F.);
#11132=PLANE('',#11133);
#11133=AXIS2_PLACEMENT_3D('',#11134,#11135,#11136);
#11134=CARTESIAN_POINT('',(-0.127,0.0,6.7564));
#11135=DIRECTION('',(-1.0,0.0,0.0));
#11136=DIRECTION('',(0.0,0.0,1.0));
#11137=ADVANCED_FACE('',(#11138),#11150,.T.);
#11138=FACE_BOUND('',#11139,.T.);
#11139=EDGE_LOOP('',(#11140,#11147,#11148,#11149));
#11140=ORIENTED_EDGE('',*,*,#11141,.T.);
#11141=EDGE_CURVE('',#11116,#10829,#11142,.F.);
#11142=CIRCLE('',#11143,0.127);
#11143=AXIS2_PLACEMENT_3D('',#11144,#11145,#11146);
#11144=CARTESIAN_POINT('',(0.0,8.6868,6.8834));
#11145=DIRECTION('',(0.0,1.0,0.0));
#11146=DIRECTION('',(1.0,0.0,0.0));
#11147=ORIENTED_EDGE('',*,*,#10828,.F.);
#11148=ORIENTED_EDGE('',*,*,#11040,.F.);
#11149=ORIENTED_EDGE('',*,*,#11124,.F.);
#11150=CYLINDRICAL_SURFACE('',#11151,0.127);
#11151=AXIS2_PLACEMENT_3D('',#11152,#11153,#11154);
#11152=CARTESIAN_POINT('',(0.0,1.252451359,6.8834));
#11153=DIRECTION('',(0.0,1.0,0.0));
#11154=DIRECTION('',(1.0,0.0,-1.110223025E-14));
#11155=ADVANCED_FACE('',(#11156),#11168,.T.);
#11156=FACE_BOUND('',#11157,.T.);
#11157=EDGE_LOOP('',(#11158,#11165,#11166,#11167));
#11158=ORIENTED_EDGE('',*,*,#11159,.T.);
#11159=EDGE_CURVE('',#11108,#10837,#11160,.F.);
#11160=CIRCLE('',#11161,0.127);
#11161=AXIS2_PLACEMENT_3D('',#11162,#11163,#11164);
#11162=CARTESIAN_POINT('',(0.0,9.8298,8.0264));
#11163=DIRECTION('',(0.0,0.0,1.0));
#11164=DIRECTION('',(1.0,0.0,0.0));
#11165=ORIENTED_EDGE('',*,*,#10836,.F.);
#11166=ORIENTED_EDGE('',*,*,#11141,.F.);
#11167=ORIENTED_EDGE('',*,*,#11115,.F.);
#11168=TOROIDAL_SURFACE('',#11169,1.143,0.127);
#11169=AXIS2_PLACEMENT_3D('',#11170,#11171,#11172);
#11170=CARTESIAN_POINT('',(0.0,8.6868,8.0264));
#11171=DIRECTION('',(-1.0,0.0,0.0));
#11172=DIRECTION('',(0.0,-0.022572657,-0.999745205));
#11173=ADVANCED_FACE('',(#11174),#11181,.T.);
#11174=FACE_BOUND('',#11175,.T.);
#11175=EDGE_LOOP('',(#11176,#11177,#11178,#11179,#11180));
#11176=ORIENTED_EDGE('',*,*,#10845,.F.);
#11177=ORIENTED_EDGE('',*,*,#11159,.F.);
#11178=ORIENTED_EDGE('',*,*,#11107,.F.);
#11179=ORIENTED_EDGE('',*,*,#10991,.F.);
#11180=ORIENTED_EDGE('',*,*,#10925,.F.);
#11181=CYLINDRICAL_SURFACE('',#11182,0.127);
#11182=AXIS2_PLACEMENT_3D('',#11183,#11184,#11185);
#11183=CARTESIAN_POINT('',(0.0,9.8298,8.008851359));
#11184=DIRECTION('',(0.0,0.0,1.0));
#11185=DIRECTION('',(1.0,0.0,0.0));
#11186=ADVANCED_FACE('',(#11187),#11230,.T.);
#11187=FACE_BOUND('',#11188,.T.);
#11188=EDGE_LOOP('',(#11189,#11205,#11213,#11222,#11228,#11229));
#11189=ORIENTED_EDGE('',*,*,#11190,.T.);
#11190=EDGE_CURVE('',#11092,#11191,#11193,.T.);
#11191=VERTEX_POINT('',#11192);
#11192=CARTESIAN_POINT('',(0.0,9.398,10.348585611));
#11193=B_SPLINE_CURVE_WITH_KNOTS('',3,(#11194,#11195,#11196,#11197,#11198,#11199,#11200,#11201,#11202,#11203,#11204),.UNSPECIFIED.,.F.,.U.,(4,1,1,1,1,1,1,1,4),(0.0,0.125,0.25,0.375,0.5,0.625,0.75,0.875,1.0),.QUASI_UNIFORM_KNOTS.);
#11194=CARTESIAN_POINT('',(-0.127,9.428531842,10.166045258));
#11195=CARTESIAN_POINT('',(-0.127,9.428531842,10.178087716));
#11196=CARTESIAN_POINT('',(-0.125095879,9.427545934,10.201932087));
#11197=CARTESIAN_POINT('',(-0.116627218,9.42341006,10.238274071));
#11198=CARTESIAN_POINT('',(-0.103308321,9.41762778,10.271304006));
#11199=CARTESIAN_POINT('',(-0.086414103,9.411465488,10.2991729));
#11200=CARTESIAN_POINT('',(-0.066966723,9.405876823,10.321066662));
#11201=CARTESIAN_POINT('',(-0.04591278,9.401495434,10.336769412));
#11202=CARTESIAN_POINT('',(-0.023070852,9.398633506,10.346489982));
#11203=CARTESIAN_POINT('',(-0.0077451,9.398,10.348585611));
#11204=CARTESIAN_POINT('',(0.0,9.398,10.348585611));
#11205=ORIENTED_EDGE('',*,*,#11206,.T.);
#11206=EDGE_CURVE('',#11191,#11207,#11209,.T.);
#11207=VERTEX_POINT('',#11208);
#11208=CARTESIAN_POINT('',(0.0,9.398,23.2664));
#11209=LINE('',#11210,#11211);
#11210=CARTESIAN_POINT('',(0.0,9.398,10.348585611));
#11211=VECTOR('',#11212,1.0);
#11212=DIRECTION('',(0.0,0.0,1.0));
#11213=ORIENTED_EDGE('',*,*,#11214,.T.);
#11214=EDGE_CURVE('',#11207,#11215,#11217,.F.);
#11215=VERTEX_POINT('',#11216);
#11216=CARTESIAN_POINT('',(0.0,9.9568,23.2664));
#11217=CIRCLE('',#11218,0.2794);
#11218=AXIS2_PLACEMENT_3D('',#11219,#11220,#11221);
#11219=CARTESIAN_POINT('',(0.0,9.6774,23.2664));
#11220=DIRECTION('',(0.0,0.0,1.0));
#11221=DIRECTION('',(0.0,1.0,0.0));
#11222=ORIENTED_EDGE('',*,*,#11223,.T.);
#11223=EDGE_CURVE('',#11215,#10926,#11224,.F.);
#11224=LINE('',#11225,#11226);
#11225=CARTESIAN_POINT('',(0.0,9.9568,8.9916));
#11226=VECTOR('',#11227,1.0);
#11227=DIRECTION('',(0.0,0.0,1.0));
#11228=ORIENTED_EDGE('',*,*,#10982,.F.);
#11229=ORIENTED_EDGE('',*,*,#11100,.F.);
#11230=CYLINDRICAL_SURFACE('',#11231,0.2794);
#11231=AXIS2_PLACEMENT_3D('',#11232,#11233,#11234);
#11232=CARTESIAN_POINT('',(0.0,9.6774,8.9916));
#11233=DIRECTION('',(0.0,0.0,1.0));
#11234=DIRECTION('',(0.0,1.0,0.0));
#11235=ADVANCED_FACE('',(#11236),#11263,.T.);
#11236=FACE_BOUND('',#11237,.T.);
#11237=EDGE_LOOP('',(#11238,#11239,#11240,#11247,#11248,#11262));
#11238=ORIENTED_EDGE('',*,*,#10934,.F.);
#11239=ORIENTED_EDGE('',*,*,#11223,.F.);
#11240=ORIENTED_EDGE('',*,*,#11241,.T.);
#11241=EDGE_CURVE('',#11215,#11207,#11242,.F.);
#11242=CIRCLE('',#11243,0.2794);
#11243=AXIS2_PLACEMENT_3D('',#11244,#11245,#11246);
#11244=CARTESIAN_POINT('',(0.0,9.6774,23.2664));
#11245=DIRECTION('',(0.0,0.0,1.0));
#11246=DIRECTION('',(0.0,-1.0,0.0));
#11247=ORIENTED_EDGE('',*,*,#11206,.F.);
#11248=ORIENTED_EDGE('',*,*,#11249,.T.);
#11249=EDGE_CURVE('',#11191,#10862,#11250,.T.);
#11250=B_SPLINE_CURVE_WITH_KNOTS('',3,(#11251,#11252,#11253,#11254,#11255,#11256,#11257,#11258,#11259,#11260,#11261),.UNSPECIFIED.,.F.,.U.,(4,1,1,1,1,1,1,1,4),(0.0,0.125,0.25,0.375,0.5,0.625,0.75,0.875,1.0),.QUASI_UNIFORM_KNOTS.);
#11251=CARTESIAN_POINT('',(0.0,9.398,10.348585611));
#11252=CARTESIAN_POINT('',(0.008168258,9.398,10.348585611));
#11253=CARTESIAN_POINT('',(0.02414434,9.398712291,10.346228166));
#11254=CARTESIAN_POINT('',(0.047062618,9.40168762,10.336106281));
#11255=CARTESIAN_POINT('',(0.068216047,9.406189665,10.319901433));
#11256=CARTESIAN_POINT('',(0.087319855,9.411771959,10.297880014));
#11257=CARTESIAN_POINT('',(0.103833384,9.417845001,10.270178666));
#11258=CARTESIAN_POINT('',(0.116819069,9.423502605,10.237575989));
#11259=CARTESIAN_POINT('',(0.125126941,9.427562103,10.2016204));
#11260=CARTESIAN_POINT('',(0.127,9.428531842,10.17799018));
#11261=CARTESIAN_POINT('',(0.127,9.428531842,10.166045258));
#11262=ORIENTED_EDGE('',*,*,#10861,.F.);
#11263=CYLINDRICAL_SURFACE('',#11264,0.2794);
#11264=AXIS2_PLACEMENT_3D('',#11265,#11266,#11267);
#11265=CARTESIAN_POINT('',(0.0,9.6774,8.9916));
#11266=DIRECTION('',(0.0,0.0,1.0));
#11267=DIRECTION('',(0.0,1.0,0.0));
#11268=ADVANCED_FACE('',(#11269),#11282,.T.);
#11269=FACE_BOUND('',#11270,.T.);
#11270=EDGE_LOOP('',(#11271,#11272,#11279,#11280,#11281));
#11271=ORIENTED_EDGE('',*,*,#11091,.F.);
#11272=ORIENTED_EDGE('',*,*,#11273,.T.);
#11273=EDGE_CURVE('',#11084,#10870,#11274,.T.);
#11274=CIRCLE('',#11275,0.127);
#11275=AXIS2_PLACEMENT_3D('',#11276,#11277,#11278);
#11276=CARTESIAN_POINT('',(0.0,8.6868,10.4394));
#11277=DIRECTION('',(0.0,1.0,0.0));
#11278=DIRECTION('',(-1.0,0.0,0.0));
#11279=ORIENTED_EDGE('',*,*,#10869,.F.);
#11280=ORIENTED_EDGE('',*,*,#11249,.F.);
#11281=ORIENTED_EDGE('',*,*,#11190,.F.);
#11282=TOROIDAL_SURFACE('',#11283,1.143,0.127);
#11283=AXIS2_PLACEMENT_3D('',#11284,#11285,#11286);
#11284=CARTESIAN_POINT('',(0.0,8.6868,9.2964));
#11285=DIRECTION('',(1.0,0.0,0.0));
#11286=DIRECTION('',(0.0,0.999873735,-0.015890701));
#11287=ADVANCED_FACE('',(#11288),#11300,.T.);
#11288=FACE_BOUND('',#11289,.T.);
#11289=EDGE_LOOP('',(#11290,#11297,#11298,#11299));
#11290=ORIENTED_EDGE('',*,*,#11291,.T.);
#11291=EDGE_CURVE('',#11075,#10879,#11292,.F.);
#11292=CIRCLE('',#11293,0.127);
#11293=AXIS2_PLACEMENT_3D('',#11294,#11295,#11296);
#11294=CARTESIAN_POINT('',(0.0,1.27,10.4394));
#11295=DIRECTION('',(0.0,-1.0,0.0));
#11296=DIRECTION('',(1.0,0.0,0.0));
#11297=ORIENTED_EDGE('',*,*,#10878,.F.);
#11298=ORIENTED_EDGE('',*,*,#11273,.F.);
#11299=ORIENTED_EDGE('',*,*,#11083,.F.);
#11300=CYLINDRICAL_SURFACE('',#11301,0.127);
#11301=AXIS2_PLACEMENT_3D('',#11302,#11303,#11304);
#11302=CARTESIAN_POINT('',(0.0,8.717093534,10.4394));
#11303=DIRECTION('',(0.0,-1.0,0.0));
#11304=DIRECTION('',(1.0,0.0,0.0));
#11305=ADVANCED_FACE('',(#11306),#11326,.T.);
#11306=FACE_BOUND('',#11307,.T.);
#11307=EDGE_LOOP('',(#11308,#11309,#11310,#11311,#11312));
#11308=ORIENTED_EDGE('',*,*,#10743,.F.);
#11309=ORIENTED_EDGE('',*,*,#10886,.F.);
#11310=ORIENTED_EDGE('',*,*,#11291,.F.);
#11311=ORIENTED_EDGE('',*,*,#11074,.F.);
#11312=ORIENTED_EDGE('',*,*,#11313,.T.);
#11313=EDGE_CURVE('',#11067,#10746,#11314,.F.);
#11314=B_SPLINE_CURVE_WITH_KNOTS('',3,(#11315,#11316,#11317,#11318,#11319,#11320,#11321,#11322,#11323,#11324,#11325),.UNSPECIFIED.,.F.,.U.,(4,1,1,1,1,1,1,1,4),(0.0,0.125,0.25,0.375,0.5,0.625,0.75,0.875,1.0),.QUASI_UNIFORM_KNOTS.);
#11315=CARTESIAN_POINT('',(0.0,0.5588,10.348585611));
#11316=CARTESIAN_POINT('',(-0.008168258,0.5588,10.348585611));
#11317=CARTESIAN_POINT('',(-0.02414434,0.558087709,10.346228166));
#11318=CARTESIAN_POINT('',(-0.047062618,0.55511238,10.336106281));
#11319=CARTESIAN_POINT('',(-0.068216047,0.550610335,10.319901433));
#11320=CARTESIAN_POINT('',(-0.087319855,0.545028041,10.297880014));
#11321=CARTESIAN_POINT('',(-0.103833384,0.538954999,10.270178666));
#11322=CARTESIAN_POINT('',(-0.116819069,0.533297395,10.237575989));
#11323=CARTESIAN_POINT('',(-0.125126941,0.529237897,10.2016204));
#11324=CARTESIAN_POINT('',(-0.127,0.528268158,10.17799018));
#11325=CARTESIAN_POINT('',(-0.127,0.528268158,10.166045258));
#11326=TOROIDAL_SURFACE('',#11327,1.143,0.127);
#11327=AXIS2_PLACEMENT_3D('',#11328,#11329,#11330);
#11328=CARTESIAN_POINT('',(0.0,1.27,9.2964));
#11329=DIRECTION('',(-1.0,0.0,0.0));
#11330=DIRECTION('',(0.0,0.022572657,0.999745205));
#11331=ADVANCED_FACE('',(#11332),#11346,.T.);
#11332=FACE_BOUND('',#11333,.T.);
#11333=EDGE_LOOP('',(#11334,#11335,#11336,#11343,#11344,#11345));
#11334=ORIENTED_EDGE('',*,*,#10959,.F.);
#11335=ORIENTED_EDGE('',*,*,#10778,.F.);
#11336=ORIENTED_EDGE('',*,*,#11337,.T.);
#11337=EDGE_CURVE('',#10770,#10762,#11338,.F.);
#11338=CIRCLE('',#11339,0.2794);
#11339=AXIS2_PLACEMENT_3D('',#11340,#11341,#11342);
#11340=CARTESIAN_POINT('',(0.0,0.2794,23.2664));
#11341=DIRECTION('',(0.0,0.0,1.0));
#11342=DIRECTION('',(0.0,1.0,0.0));
#11343=ORIENTED_EDGE('',*,*,#10761,.F.);
#11344=ORIENTED_EDGE('',*,*,#11313,.F.);
#11345=ORIENTED_EDGE('',*,*,#11066,.F.);
#11346=CYLINDRICAL_SURFACE('',#11347,0.2794);
#11347=AXIS2_PLACEMENT_3D('',#11348,#11349,#11350);
#11348=CARTESIAN_POINT('',(0.0,0.2794,8.9916));
#11349=DIRECTION('',(0.0,0.0,1.0));
#11350=DIRECTION('',(0.0,1.0,0.0));
#11351=ADVANCED_FACE('',(#11352),#11356,.T.);
#11352=FACE_BOUND('',#11353,.T.);
#11353=EDGE_LOOP('',(#11354,#11355));
#11354=ORIENTED_EDGE('',*,*,#11241,.F.);
#11355=ORIENTED_EDGE('',*,*,#11214,.F.);
#11356=PLANE('',#11357);
#11357=AXIS2_PLACEMENT_3D('',#11358,#11359,#11360);
#11358=CARTESIAN_POINT('',(0.0,0.0,23.2664));
#11359=DIRECTION('',(0.0,0.0,1.0));
#11360=DIRECTION('',(0.0,1.0,0.0));
#11361=ADVANCED_FACE('',(#11362),#11366,.T.);
#11362=FACE_BOUND('',#11363,.T.);
#11363=EDGE_LOOP('',(#11364,#11365));
#11364=ORIENTED_EDGE('',*,*,#10769,.F.);
#11365=ORIENTED_EDGE('',*,*,#11337,.F.);
#11366=PLANE('',#11367);
#11367=AXIS2_PLACEMENT_3D('',#11368,#11369,#11370);
#11368=CARTESIAN_POINT('',(0.0,0.0,23.2664));
#11369=DIRECTION('',(0.0,0.0,1.0));
#11370=DIRECTION('',(0.0,1.0,0.0));
#11371=MANIFOLD_SOLID_BREP('',#11372);
#11372=CLOSED_SHELL('',(#11373,#11417,#11483,#11508,#11567,#11585,#11603,#11621,#11639,#11657));
#11373=ADVANCED_FACE('',(#11374),#11412,.T.);
#11374=FACE_BOUND('',#11375,.T.);
#11375=EDGE_LOOP('',(#11376,#11387,#11396,#11405));
#11376=ORIENTED_EDGE('',*,*,#11377,.T.);
#11377=EDGE_CURVE('',#11378,#11380,#11382,.T.);
#11378=VERTEX_POINT('',#11379);
#11379=CARTESIAN_POINT('',(0.783336934,8.6868,10.410743711));
#11380=VERTEX_POINT('',#11381);
#11381=CARTESIAN_POINT('',(1.036370387,8.6868,10.388606152));
#11382=CIRCLE('',#11383,0.127);
#11383=AXIS2_PLACEMENT_3D('',#11384,#11385,#11386);
#11384=CARTESIAN_POINT('',(0.909853661,8.6868,10.399674931));
#11385=DIRECTION('',(0.0,1.0,0.0));
#11386=DIRECTION('',(-0.996194698,0.0,0.087155743));
#11387=ORIENTED_EDGE('',*,*,#11388,.T.);
#11388=EDGE_CURVE('',#11380,#11389,#11391,.F.);
#11389=VERTEX_POINT('',#11390);
#11390=CARTESIAN_POINT('',(0.936751374,9.8298,9.249955612));
#11391=CIRCLE('',#11392,1.143);
#11392=AXIS2_PLACEMENT_3D('',#11393,#11394,#11395);
#11393=CARTESIAN_POINT('',(0.936751374,8.6868,9.249955612));
#11394=DIRECTION('',(0.996194698,0.0,-0.087155743));
#11395=DIRECTION('',(0.0,1.0,0.0));
#11396=ORIENTED_EDGE('',*,*,#11397,.T.);
#11397=EDGE_CURVE('',#11389,#11398,#11400,.T.);
#11398=VERTEX_POINT('',#11399);
#11399=CARTESIAN_POINT('',(0.68371792,9.8298,9.272093171));
#11400=CIRCLE('',#11401,0.127);
#11401=AXIS2_PLACEMENT_3D('',#11402,#11403,#11404);
#11402=CARTESIAN_POINT('',(0.810234647,9.8298,9.261024391));
#11403=DIRECTION('',(0.087155743,0.0,0.996194698));
#11404=DIRECTION('',(0.996194698,0.0,-0.087155743));
#11405=ORIENTED_EDGE('',*,*,#11406,.T.);
#11406=EDGE_CURVE('',#11398,#11378,#11407,.F.);
#11407=CIRCLE('',#11408,1.143);
#11408=AXIS2_PLACEMENT_3D('',#11409,#11410,#11411);
#11409=CARTESIAN_POINT('',(0.68371792,8.6868,9.272093171));
#11410=DIRECTION('',(-0.996194698,0.0,0.087155743));
#11411=DIRECTION('',(0.087155743,0.0,0.996194698));
#11412=TOROIDAL_SURFACE('',#11413,1.143,0.127);
#11413=AXIS2_PLACEMENT_3D('',#11414,#11415,#11416);
#11414=CARTESIAN_POINT('',(0.810234647,8.6868,9.261024391));
#11415=DIRECTION('',(0.996194698,0.0,-0.087155743));
#11416=DIRECTION('',(-0.001384966,0.999873735,-0.015830232));
#11417=ADVANCED_FACE('',(#11418),#11478,.T.);
#11418=FACE_BOUND('',#11419,.T.);
#11419=EDGE_LOOP('',(#11420,#11421,#11429,#11438,#11446,#11455,#11463,#11472));
#11420=ORIENTED_EDGE('',*,*,#11406,.F.);
#11421=ORIENTED_EDGE('',*,*,#11422,.T.);
#11422=EDGE_CURVE('',#11398,#11423,#11425,.T.);
#11423=VERTEX_POINT('',#11424);
#11424=CARTESIAN_POINT('',(0.573030127,9.8298,8.006925904));
#11425=LINE('',#11426,#11427);
#11426=CARTESIAN_POINT('',(0.68371792,9.8298,9.272093171));
#11427=VECTOR('',#11428,1.0);
#11428=DIRECTION('',(-0.087155743,0.0,-0.996194698));
#11429=ORIENTED_EDGE('',*,*,#11430,.T.);
#11430=EDGE_CURVE('',#11423,#11431,#11433,.T.);
#11431=VERTEX_POINT('',#11432);
#11432=CARTESIAN_POINT('',(0.473411113,8.6868,6.868275364));
#11433=CIRCLE('',#11434,1.143);
#11434=AXIS2_PLACEMENT_3D('',#11435,#11436,#11437);
#11435=CARTESIAN_POINT('',(0.573030127,8.6868,8.006925904));
#11436=DIRECTION('',(-0.996194698,0.0,0.087155743));
#11437=DIRECTION('',(0.0,1.0,0.0));
#11438=ORIENTED_EDGE('',*,*,#11439,.T.);
#11439=EDGE_CURVE('',#11431,#11440,#11442,.T.);
#11440=VERTEX_POINT('',#11441);
#11441=CARTESIAN_POINT('',(0.473411113,1.27,6.868275364));
#11442=LINE('',#11443,#11444);
#11443=CARTESIAN_POINT('',(0.473411113,8.6868,6.868275364));
#11444=VECTOR('',#11445,1.0);
#11445=DIRECTION('',(0.0,-1.0,0.0));
#11446=ORIENTED_EDGE('',*,*,#11447,.T.);
#11447=EDGE_CURVE('',#11440,#11448,#11450,.T.);
#11448=VERTEX_POINT('',#11449);
#11449=CARTESIAN_POINT('',(0.573030127,0.127,8.006925904));
#11450=CIRCLE('',#11451,1.143);
#11451=AXIS2_PLACEMENT_3D('',#11452,#11453,#11454);
#11452=CARTESIAN_POINT('',(0.573030127,1.27,8.006925904));
#11453=DIRECTION('',(-0.996194698,0.0,0.087155743));
#11454=DIRECTION('',(-0.087155743,0.0,-0.996194698));
#11455=ORIENTED_EDGE('',*,*,#11456,.T.);
#11456=EDGE_CURVE('',#11448,#11457,#11459,.T.);
#11457=VERTEX_POINT('',#11458);
#11458=CARTESIAN_POINT('',(0.68371792,0.127,9.272093171));
#11459=LINE('',#11460,#11461);
#11460=CARTESIAN_POINT('',(0.573030127,0.127,8.006925904));
#11461=VECTOR('',#11462,1.0);
#11462=DIRECTION('',(0.087155743,0.0,0.996194698));
#11463=ORIENTED_EDGE('',*,*,#11464,.T.);
#11464=EDGE_CURVE('',#11457,#11465,#11467,.T.);
#11465=VERTEX_POINT('',#11466);
#11466=CARTESIAN_POINT('',(0.783336934,1.27,10.410743711));
#11467=CIRCLE('',#11468,1.143);
#11468=AXIS2_PLACEMENT_3D('',#11469,#11470,#11471);
#11469=CARTESIAN_POINT('',(0.68371792,1.27,9.272093171));
#11470=DIRECTION('',(-0.996194698,0.0,0.087155743));
#11471=DIRECTION('',(0.0,-1.0,0.0));
#11472=ORIENTED_EDGE('',*,*,#11473,.T.);
#11473=EDGE_CURVE('',#11465,#11378,#11474,.T.);
#11474=LINE('',#11475,#11476);
#11475=CARTESIAN_POINT('',(0.783336934,1.27,10.410743711));
#11476=VECTOR('',#11477,1.0);
#11477=DIRECTION('',(0.0,1.0,0.0));
#11478=PLANE('',#11479);
#11479=AXIS2_PLACEMENT_3D('',#11480,#11481,#11482);
#11480=CARTESIAN_POINT('',(0.462342334,0.0,6.741758638));
#11481=DIRECTION('',(-0.996194698,0.0,0.087155743));
#11482=DIRECTION('',(0.087155743,0.0,0.996194698));
#11483=ADVANCED_FACE('',(#11484),#11503,.T.);
#11484=FACE_BOUND('',#11485,.T.);
#11485=EDGE_LOOP('',(#11486,#11495,#11501,#11502));
#11486=ORIENTED_EDGE('',*,*,#11487,.T.);
#11487=EDGE_CURVE('',#11465,#11488,#11490,.F.);
#11488=VERTEX_POINT('',#11489);
#11489=CARTESIAN_POINT('',(1.036370387,1.27,10.388606152));
#11490=CIRCLE('',#11491,0.127);
#11491=AXIS2_PLACEMENT_3D('',#11492,#11493,#11494);
#11492=CARTESIAN_POINT('',(0.909853661,1.27,10.399674931));
#11493=DIRECTION('',(0.0,-1.0,0.0));
#11494=DIRECTION('',(0.996194698,0.0,-0.087155743));
#11495=ORIENTED_EDGE('',*,*,#11496,.T.);
#11496=EDGE_CURVE('',#11488,#11380,#11497,.F.);
#11497=LINE('',#11498,#11499);
#11498=CARTESIAN_POINT('',(1.036370387,8.6868,10.388606152));
#11499=VECTOR('',#11500,1.0);
#11500=DIRECTION('',(0.0,-1.0,0.0));
#11501=ORIENTED_EDGE('',*,*,#11377,.F.);
#11502=ORIENTED_EDGE('',*,*,#11473,.F.);
#11503=CYLINDRICAL_SURFACE('',#11504,0.127);
#11504=AXIS2_PLACEMENT_3D('',#11505,#11506,#11507);
#11505=CARTESIAN_POINT('',(0.909853661,8.717093534,10.399674931));
#11506=DIRECTION('',(0.0,-1.0,0.0));
#11507=DIRECTION('',(0.996194698,0.0,-0.087155743));
#11508=ADVANCED_FACE('',(#11509),#11562,.T.);
#11509=FACE_BOUND('',#11510,.T.);
#11510=EDGE_LOOP('',(#11511,#11520,#11528,#11537,#11545,#11554,#11560,#11561));
#11511=ORIENTED_EDGE('',*,*,#11512,.T.);
#11512=EDGE_CURVE('',#11488,#11513,#11515,.T.);
#11513=VERTEX_POINT('',#11514);
#11514=CARTESIAN_POINT('',(0.936751374,0.127,9.249955612));
#11515=CIRCLE('',#11516,1.143);
#11516=AXIS2_PLACEMENT_3D('',#11517,#11518,#11519);
#11517=CARTESIAN_POINT('',(0.936751374,1.27,9.249955612));
#11518=DIRECTION('',(0.996194698,0.0,-0.087155743));
#11519=DIRECTION('',(0.087155743,1.264420667E-14,0.996194698));
#11520=ORIENTED_EDGE('',*,*,#11521,.T.);
#11521=EDGE_CURVE('',#11513,#11522,#11524,.T.);
#11522=VERTEX_POINT('',#11523);
#11523=CARTESIAN_POINT('',(0.82606358,0.127,7.984788345));
#11524=LINE('',#11525,#11526);
#11525=CARTESIAN_POINT('',(0.936751374,0.127,9.249955612));
#11526=VECTOR('',#11527,1.0);
#11527=DIRECTION('',(-0.087155743,0.0,-0.996194698));
#11528=ORIENTED_EDGE('',*,*,#11529,.T.);
#11529=EDGE_CURVE('',#11522,#11530,#11532,.T.);
#11530=VERTEX_POINT('',#11531);
#11531=CARTESIAN_POINT('',(0.726444566,1.27,6.846137806));
#11532=CIRCLE('',#11533,1.143);
#11533=AXIS2_PLACEMENT_3D('',#11534,#11535,#11536);
#11534=CARTESIAN_POINT('',(0.82606358,1.27,7.984788345));
#11535=DIRECTION('',(0.996194698,0.0,-0.087155743));
#11536=DIRECTION('',(0.0,-1.0,0.0));
#11537=ORIENTED_EDGE('',*,*,#11538,.T.);
#11538=EDGE_CURVE('',#11530,#11539,#11541,.T.);
#11539=VERTEX_POINT('',#11540);
#11540=CARTESIAN_POINT('',(0.726444566,8.6868,6.846137806));
#11541=LINE('',#11542,#11543);
#11542=CARTESIAN_POINT('',(0.726444566,1.27,6.846137806));
#11543=VECTOR('',#11544,1.0);
#11544=DIRECTION('',(0.0,1.0,0.0));
#11545=ORIENTED_EDGE('',*,*,#11546,.T.);
#11546=EDGE_CURVE('',#11539,#11547,#11549,.T.);
#11547=VERTEX_POINT('',#11548);
#11548=CARTESIAN_POINT('',(0.82606358,9.8298,7.984788345));
#11549=CIRCLE('',#11550,1.143);
#11550=AXIS2_PLACEMENT_3D('',#11551,#11552,#11553);
#11551=CARTESIAN_POINT('',(0.82606358,8.6868,7.984788345));
#11552=DIRECTION('',(0.996194698,0.0,-0.087155743));
#11553=DIRECTION('',(-0.087155743,0.0,-0.996194698));
#11554=ORIENTED_EDGE('',*,*,#11555,.T.);
#11555=EDGE_CURVE('',#11547,#11389,#11556,.T.);
#11556=LINE('',#11557,#11558);
#11557=CARTESIAN_POINT('',(0.82606358,9.8298,7.984788345));
#11558=VECTOR('',#11559,1.0);
#11559=DIRECTION('',(0.087155743,0.0,0.996194698));
#11560=ORIENTED_EDGE('',*,*,#11388,.F.);
#11561=ORIENTED_EDGE('',*,*,#11496,.F.);
#11562=PLANE('',#11563);
#11563=AXIS2_PLACEMENT_3D('',#11564,#11565,#11566);
#11564=CARTESIAN_POINT('',(1.047439167,0.0,10.515122879));
#11565=DIRECTION('',(0.996194698,0.0,-0.087155743));
#11566=DIRECTION('',(-0.087155743,0.0,-0.996194698));
#11567=ADVANCED_FACE('',(#11568),#11580,.T.);
#11568=FACE_BOUND('',#11569,.T.);
#11569=EDGE_LOOP('',(#11570,#11571,#11572,#11579));
#11570=ORIENTED_EDGE('',*,*,#11397,.F.);
#11571=ORIENTED_EDGE('',*,*,#11555,.F.);
#11572=ORIENTED_EDGE('',*,*,#11573,.T.);
#11573=EDGE_CURVE('',#11547,#11423,#11574,.T.);
#11574=CIRCLE('',#11575,0.127);
#11575=AXIS2_PLACEMENT_3D('',#11576,#11577,#11578);
#11576=CARTESIAN_POINT('',(0.699546854,9.8298,7.995857125));
#11577=DIRECTION('',(0.087155743,0.0,0.996194698));
#11578=DIRECTION('',(0.996194698,0.0,-0.087155743));
#11579=ORIENTED_EDGE('',*,*,#11422,.F.);
#11580=CYLINDRICAL_SURFACE('',#11581,0.127);
#11581=AXIS2_PLACEMENT_3D('',#11582,#11583,#11584);
#11582=CARTESIAN_POINT('',(0.698017389,9.8298,7.978375262));
#11583=DIRECTION('',(0.087155743,0.0,0.996194698));
#11584=DIRECTION('',(0.996194698,0.0,-0.087155743));
#11585=ADVANCED_FACE('',(#11586),#11598,.T.);
#11586=FACE_BOUND('',#11587,.T.);
#11587=EDGE_LOOP('',(#11588,#11589,#11590,#11597));
#11588=ORIENTED_EDGE('',*,*,#11573,.F.);
#11589=ORIENTED_EDGE('',*,*,#11546,.F.);
#11590=ORIENTED_EDGE('',*,*,#11591,.T.);
#11591=EDGE_CURVE('',#11539,#11431,#11592,.T.);
#11592=CIRCLE('',#11593,0.127);
#11593=AXIS2_PLACEMENT_3D('',#11594,#11595,#11596);
#11594=CARTESIAN_POINT('',(0.59992784,8.6868,6.857206585));
#11595=DIRECTION('',(0.0,1.0,0.0));
#11596=DIRECTION('',(0.996194698,0.0,-0.087155743));
#11597=ORIENTED_EDGE('',*,*,#11430,.F.);
#11598=TOROIDAL_SURFACE('',#11599,1.143,0.127);
#11599=AXIS2_PLACEMENT_3D('',#11600,#11601,#11602);
#11600=CARTESIAN_POINT('',(0.699546854,8.6868,7.995857125));
#11601=DIRECTION('',(-0.996194698,0.0,0.087155743));
#11602=DIRECTION('',(-0.087133536,-0.022572657,-0.995940873));
#11603=ADVANCED_FACE('',(#11604),#11616,.T.);
#11604=FACE_BOUND('',#11605,.T.);
#11605=EDGE_LOOP('',(#11606,#11607,#11608,#11615));
#11606=ORIENTED_EDGE('',*,*,#11591,.F.);
#11607=ORIENTED_EDGE('',*,*,#11538,.F.);
#11608=ORIENTED_EDGE('',*,*,#11609,.T.);
#11609=EDGE_CURVE('',#11530,#11440,#11610,.T.);
#11610=CIRCLE('',#11611,0.127);
#11611=AXIS2_PLACEMENT_3D('',#11612,#11613,#11614);
#11612=CARTESIAN_POINT('',(0.59992784,1.27,6.857206585));
#11613=DIRECTION('',(0.0,1.0,0.0));
#11614=DIRECTION('',(0.996194698,0.0,-0.087155743));
#11615=ORIENTED_EDGE('',*,*,#11439,.F.);
#11616=CYLINDRICAL_SURFACE('',#11617,0.127);
#11617=AXIS2_PLACEMENT_3D('',#11618,#11619,#11620);
#11618=CARTESIAN_POINT('',(0.59992784,1.252451359,6.857206585));
#11619=DIRECTION('',(0.0,1.0,0.0));
#11620=DIRECTION('',(0.996194698,0.0,-0.087155743));
#11621=ADVANCED_FACE('',(#11622),#11634,.T.);
#11622=FACE_BOUND('',#11623,.T.);
#11623=EDGE_LOOP('',(#11624,#11625,#11626,#11633));
#11624=ORIENTED_EDGE('',*,*,#11609,.F.);
#11625=ORIENTED_EDGE('',*,*,#11529,.F.);
#11626=ORIENTED_EDGE('',*,*,#11627,.T.);
#11627=EDGE_CURVE('',#11522,#11448,#11628,.T.);
#11628=CIRCLE('',#11629,0.127);
#11629=AXIS2_PLACEMENT_3D('',#11630,#11631,#11632);
#11630=CARTESIAN_POINT('',(0.699546854,0.127,7.995857125));
#11631=DIRECTION('',(-0.087155743,0.0,-0.996194698));
#11632=DIRECTION('',(0.996194698,0.0,-0.087155743));
#11633=ORIENTED_EDGE('',*,*,#11447,.F.);
#11634=TOROIDAL_SURFACE('',#11635,1.143,0.127);
#11635=AXIS2_PLACEMENT_3D('',#11636,#11637,#11638);
#11636=CARTESIAN_POINT('',(0.699546854,1.27,7.995857125));
#11637=DIRECTION('',(0.996194698,0.0,-0.087155743));
#11638=DIRECTION('',(0.001384966,-0.999873735,0.015830232));
#11639=ADVANCED_FACE('',(#11640),#11652,.T.);
#11640=FACE_BOUND('',#11641,.T.);
#11641=EDGE_LOOP('',(#11642,#11643,#11644,#11651));
#11642=ORIENTED_EDGE('',*,*,#11627,.F.);
#11643=ORIENTED_EDGE('',*,*,#11521,.F.);
#11644=ORIENTED_EDGE('',*,*,#11645,.T.);
#11645=EDGE_CURVE('',#11513,#11457,#11646,.T.);
#11646=CIRCLE('',#11647,0.127);
#11647=AXIS2_PLACEMENT_3D('',#11648,#11649,#11650);
#11648=CARTESIAN_POINT('',(0.810234647,0.127,9.261024391));
#11649=DIRECTION('',(-0.087155743,0.0,-0.996194698));
#11650=DIRECTION('',(0.996194698,0.0,-0.087155743));
#11651=ORIENTED_EDGE('',*,*,#11456,.F.);
#11652=CYLINDRICAL_SURFACE('',#11653,0.127);
#11653=AXIS2_PLACEMENT_3D('',#11654,#11655,#11656);
#11654=CARTESIAN_POINT('',(0.812874902,0.127,9.291202649));
#11655=DIRECTION('',(-0.087155743,0.0,-0.996194698));
#11656=DIRECTION('',(0.996194698,0.0,-0.087155743));
#11657=ADVANCED_FACE('',(#11658),#11664,.T.);
#11658=FACE_BOUND('',#11659,.T.);
#11659=EDGE_LOOP('',(#11660,#11661,#11662,#11663));
#11660=ORIENTED_EDGE('',*,*,#11645,.F.);
#11661=ORIENTED_EDGE('',*,*,#11512,.F.);
#11662=ORIENTED_EDGE('',*,*,#11487,.F.);
#11663=ORIENTED_EDGE('',*,*,#11464,.F.);
#11664=TOROIDAL_SURFACE('',#11665,1.143,0.127);
#11665=AXIS2_PLACEMENT_3D('',#11666,#11667,#11668);
#11666=CARTESIAN_POINT('',(0.810234647,1.27,9.261024391));
#11667=DIRECTION('',(-0.996194698,0.0,0.087155743));
#11668=DIRECTION('',(0.087133536,0.022572657,0.995940873));
#11669=MANIFOLD_SOLID_BREP('',#11670);
#11670=CLOSED_SHELL('',(#11671,#11715,#11781,#11806,#11865,#11883,#11901,#11919,#11937,#11955));
#11671=ADVANCED_FACE('',(#11672),#11710,.T.);
#11672=FACE_BOUND('',#11673,.T.);
#11673=EDGE_LOOP('',(#11674,#11685,#11694,#11703));
#11674=ORIENTED_EDGE('',*,*,#11675,.T.);
#11675=EDGE_CURVE('',#11676,#11678,#11680,.T.);
#11676=VERTEX_POINT('',#11677);
#11677=CARTESIAN_POINT('',(1.687712201,8.6868,10.302855375));
#11678=VERTEX_POINT('',#11679);
#11679=CARTESIAN_POINT('',(1.937853371,8.6868,10.258748738));
#11680=CIRCLE('',#11681,0.127);
#11681=AXIS2_PLACEMENT_3D('',#11682,#11683,#11684);
#11682=CARTESIAN_POINT('',(1.812782786,8.6868,10.280802057));
#11683=DIRECTION('',(0.0,1.0,0.0));
#11684=DIRECTION('',(-0.984807753,0.0,0.173648178));
#11685=ORIENTED_EDGE('',*,*,#11686,.T.);
#11686=EDGE_CURVE('',#11678,#11687,#11689,.F.);
#11687=VERTEX_POINT('',#11688);
#11688=CARTESIAN_POINT('',(1.739373503,9.8298,9.133113477));
#11689=CIRCLE('',#11690,1.143);
#11690=AXIS2_PLACEMENT_3D('',#11691,#11692,#11693);
#11691=CARTESIAN_POINT('',(1.739373503,8.6868,9.133113477));
#11692=DIRECTION('',(0.984807753,0.0,-0.173648178));
#11693=DIRECTION('',(0.0,1.0,0.0));
#11694=ORIENTED_EDGE('',*,*,#11695,.T.);
#11695=EDGE_CURVE('',#11687,#11696,#11698,.T.);
#11696=VERTEX_POINT('',#11697);
#11697=CARTESIAN_POINT('',(1.489232334,9.8298,9.177220114));
#11698=CIRCLE('',#11699,0.127);
#11699=AXIS2_PLACEMENT_3D('',#11700,#11701,#11702);
#11700=CARTESIAN_POINT('',(1.614302919,9.8298,9.155166795));
#11701=DIRECTION('',(0.173648178,0.0,0.984807753));
#11702=DIRECTION('',(0.984807753,-1.110223025E-14,-0.173648178));
#11703=ORIENTED_EDGE('',*,*,#11704,.T.);
#11704=EDGE_CURVE('',#11696,#11676,#11705,.F.);
#11705=CIRCLE('',#11706,1.143);
#11706=AXIS2_PLACEMENT_3D('',#11707,#11708,#11709);
#11707=CARTESIAN_POINT('',(1.489232334,8.6868,9.177220114));
#11708=DIRECTION('',(-0.984807753,0.0,0.173648178));
#11709=DIRECTION('',(0.173648178,0.0,0.984807753));
#11710=TOROIDAL_SURFACE('',#11711,1.143,0.127);
#11711=AXIS2_PLACEMENT_3D('',#11712,#11713,#11714);
#11712=CARTESIAN_POINT('',(1.614302919,8.6868,9.155166795));
#11713=DIRECTION('',(0.984807753,0.0,-0.173648178));
#11714=DIRECTION('',(-0.002759391,0.999873735,-0.015649285));
#11715=ADVANCED_FACE('',(#11716),#11776,.T.);
#11716=FACE_BOUND('',#11717,.T.);
#11717=EDGE_LOOP('',(#11718,#11719,#11727,#11736,#11744,#11753,#11761,#11770));
#11718=ORIENTED_EDGE('',*,*,#11704,.F.);
#11719=ORIENTED_EDGE('',*,*,#11720,.T.);
#11720=EDGE_CURVE('',#11696,#11721,#11723,.T.);
#11721=VERTEX_POINT('',#11722);
#11722=CARTESIAN_POINT('',(1.268699149,9.8298,7.926514267));
#11723=LINE('',#11724,#11725);
#11724=CARTESIAN_POINT('',(1.489232334,9.8298,9.177220114));
#11725=VECTOR('',#11726,1.0);
#11726=DIRECTION('',(-0.173648178,0.0,-0.984807753));
#11727=ORIENTED_EDGE('',*,*,#11728,.T.);
#11728=EDGE_CURVE('',#11721,#11729,#11731,.T.);
#11729=VERTEX_POINT('',#11730);
#11730=CARTESIAN_POINT('',(1.070219282,8.6868,6.800879006));
#11731=CIRCLE('',#11732,1.143);
#11732=AXIS2_PLACEMENT_3D('',#11733,#11734,#11735);
#11733=CARTESIAN_POINT('',(1.268699149,8.6868,7.926514267));
#11734=DIRECTION('',(-0.984807753,0.0,0.173648178));
#11735=DIRECTION('',(0.0,1.0,0.0));
#11736=ORIENTED_EDGE('',*,*,#11737,.T.);
#11737=EDGE_CURVE('',#11729,#11738,#11740,.T.);
#11738=VERTEX_POINT('',#11739);
#11739=CARTESIAN_POINT('',(1.070219282,1.27,6.800879006));
#11740=LINE('',#11741,#11742);
#11741=CARTESIAN_POINT('',(1.070219282,8.6868,6.800879006));
#11742=VECTOR('',#11743,1.0);
#11743=DIRECTION('',(0.0,-1.0,0.0));
#11744=ORIENTED_EDGE('',*,*,#11745,.T.);
#11745=EDGE_CURVE('',#11738,#11746,#11748,.T.);
#11746=VERTEX_POINT('',#11747);
#11747=CARTESIAN_POINT('',(1.268699149,0.127,7.926514267));
#11748=CIRCLE('',#11749,1.143);
#11749=AXIS2_PLACEMENT_3D('',#11750,#11751,#11752);
#11750=CARTESIAN_POINT('',(1.268699149,1.27,7.926514267));
#11751=DIRECTION('',(-0.984807753,0.0,0.173648178));
#11752=DIRECTION('',(-0.173648178,0.0,-0.984807753));
#11753=ORIENTED_EDGE('',*,*,#11754,.T.);
#11754=EDGE_CURVE('',#11746,#11755,#11757,.T.);
#11755=VERTEX_POINT('',#11756);
#11756=CARTESIAN_POINT('',(1.489232334,0.127,9.177220114));
#11757=LINE('',#11758,#11759);
#11758=CARTESIAN_POINT('',(1.268699149,0.127,7.926514267));
#11759=VECTOR('',#11760,1.0);
#11760=DIRECTION('',(0.173648178,0.0,0.984807753));
#11761=ORIENTED_EDGE('',*,*,#11762,.T.);
#11762=EDGE_CURVE('',#11755,#11763,#11765,.T.);
#11763=VERTEX_POINT('',#11764);
#11764=CARTESIAN_POINT('',(1.687712201,1.27,10.302855375));
#11765=CIRCLE('',#11766,1.143);
#11766=AXIS2_PLACEMENT_3D('',#11767,#11768,#11769);
#11767=CARTESIAN_POINT('',(1.489232334,1.27,9.177220114));
#11768=DIRECTION('',(-0.984807753,0.0,0.173648178));
#11769=DIRECTION('',(0.0,-1.0,0.0));
#11770=ORIENTED_EDGE('',*,*,#11771,.T.);
#11771=EDGE_CURVE('',#11763,#11676,#11772,.T.);
#11772=LINE('',#11773,#11774);
#11773=CARTESIAN_POINT('',(1.687712201,1.27,10.302855375));
#11774=VECTOR('',#11775,1.0);
#11775=DIRECTION('',(0.0,1.0,0.0));
#11776=PLANE('',#11777);
#11777=AXIS2_PLACEMENT_3D('',#11778,#11779,#11780);
#11778=CARTESIAN_POINT('',(1.048165963,0.0,6.675808421));
#11779=DIRECTION('',(-0.984807753,0.0,0.173648178));
#11780=DIRECTION('',(0.173648178,0.0,0.984807753));
#11781=ADVANCED_FACE('',(#11782),#11801,.T.);
#11782=FACE_BOUND('',#11783,.T.);
#11783=EDGE_LOOP('',(#11784,#11793,#11799,#11800));
#11784=ORIENTED_EDGE('',*,*,#11785,.T.);
#11785=EDGE_CURVE('',#11763,#11786,#11788,.F.);
#11786=VERTEX_POINT('',#11787);
#11787=CARTESIAN_POINT('',(1.937853371,1.27,10.258748738));
#11788=CIRCLE('',#11789,0.127);
#11789=AXIS2_PLACEMENT_3D('',#11790,#11791,#11792);
#11790=CARTESIAN_POINT('',(1.812782786,1.27,10.280802057));
#11791=DIRECTION('',(0.0,-1.0,0.0));
#11792=DIRECTION('',(0.984807753,0.0,-0.173648178));
#11793=ORIENTED_EDGE('',*,*,#11794,.T.);
#11794=EDGE_CURVE('',#11786,#11678,#11795,.F.);
#11795=LINE('',#11796,#11797);
#11796=CARTESIAN_POINT('',(1.937853371,8.6868,10.258748738));
#11797=VECTOR('',#11798,1.0);
#11798=DIRECTION('',(0.0,-1.0,0.0));
#11799=ORIENTED_EDGE('',*,*,#11675,.F.);
#11800=ORIENTED_EDGE('',*,*,#11771,.F.);
#11801=CYLINDRICAL_SURFACE('',#11802,0.127);
#11802=AXIS2_PLACEMENT_3D('',#11803,#11804,#11805);
#11803=CARTESIAN_POINT('',(1.812782786,8.717093534,10.280802057));
#11804=DIRECTION('',(0.0,-1.0,0.0));
#11805=DIRECTION('',(0.984807753,0.0,-0.173648178));
#11806=ADVANCED_FACE('',(#11807),#11860,.T.);
#11807=FACE_BOUND('',#11808,.T.);
#11808=EDGE_LOOP('',(#11809,#11818,#11826,#11835,#11843,#11852,#11858,#11859));
#11809=ORIENTED_EDGE('',*,*,#11810,.T.);
#11810=EDGE_CURVE('',#11786,#11811,#11813,.T.);
#11811=VERTEX_POINT('',#11812);
#11812=CARTESIAN_POINT('',(1.739373503,0.127,9.133113477));
#11813=CIRCLE('',#11814,1.143);
#11814=AXIS2_PLACEMENT_3D('',#11815,#11816,#11817);
#11815=CARTESIAN_POINT('',(1.739373503,1.27,9.133113477));
#11816=DIRECTION('',(0.984807753,0.0,-0.173648178));
#11817=DIRECTION('',(0.173648178,0.0,0.984807753));
#11818=ORIENTED_EDGE('',*,*,#11819,.T.);
#11819=EDGE_CURVE('',#11811,#11820,#11822,.T.);
#11820=VERTEX_POINT('',#11821);
#11821=CARTESIAN_POINT('',(1.518840318,0.127,7.88240763));
#11822=LINE('',#11823,#11824);
#11823=CARTESIAN_POINT('',(1.739373503,0.127,9.133113477));
#11824=VECTOR('',#11825,1.0);
#11825=DIRECTION('',(-0.173648178,0.0,-0.984807753));
#11826=ORIENTED_EDGE('',*,*,#11827,.T.);
#11827=EDGE_CURVE('',#11820,#11828,#11830,.T.);
#11828=VERTEX_POINT('',#11829);
#11829=CARTESIAN_POINT('',(1.320360451,1.27,6.756772369));
#11830=CIRCLE('',#11831,1.143);
#11831=AXIS2_PLACEMENT_3D('',#11832,#11833,#11834);
#11832=CARTESIAN_POINT('',(1.518840318,1.27,7.88240763));
#11833=DIRECTION('',(0.984807753,0.0,-0.173648178));
#11834=DIRECTION('',(0.0,-1.0,0.0));
#11835=ORIENTED_EDGE('',*,*,#11836,.T.);
#11836=EDGE_CURVE('',#11828,#11837,#11839,.T.);
#11837=VERTEX_POINT('',#11838);
#11838=CARTESIAN_POINT('',(1.320360451,8.6868,6.756772369));
#11839=LINE('',#11840,#11841);
#11840=CARTESIAN_POINT('',(1.320360451,1.27,6.756772369));
#11841=VECTOR('',#11842,1.0);
#11842=DIRECTION('',(0.0,1.0,0.0));
#11843=ORIENTED_EDGE('',*,*,#11844,.T.);
#11844=EDGE_CURVE('',#11837,#11845,#11847,.T.);
#11845=VERTEX_POINT('',#11846);
#11846=CARTESIAN_POINT('',(1.518840318,9.8298,7.88240763));
#11847=CIRCLE('',#11848,1.143);
#11848=AXIS2_PLACEMENT_3D('',#11849,#11850,#11851);
#11849=CARTESIAN_POINT('',(1.518840318,8.6868,7.88240763));
#11850=DIRECTION('',(0.984807753,0.0,-0.173648178));
#11851=DIRECTION('',(-0.173648178,0.0,-0.984807753));
#11852=ORIENTED_EDGE('',*,*,#11853,.T.);
#11853=EDGE_CURVE('',#11845,#11687,#11854,.T.);
#11854=LINE('',#11855,#11856);
#11855=CARTESIAN_POINT('',(1.518840318,9.8298,7.88240763));
#11856=VECTOR('',#11857,1.0);
#11857=DIRECTION('',(0.173648178,0.0,0.984807753));
#11858=ORIENTED_EDGE('',*,*,#11686,.F.);
#11859=ORIENTED_EDGE('',*,*,#11794,.F.);
#11860=PLANE('',#11861);
#11861=AXIS2_PLACEMENT_3D('',#11862,#11863,#11864);
#11862=CARTESIAN_POINT('',(1.959906689,0.0,10.383819323));
#11863=DIRECTION('',(0.984807753,0.0,-0.173648178));
#11864=DIRECTION('',(-0.173648178,0.0,-0.984807753));
#11865=ADVANCED_FACE('',(#11866),#11878,.T.);
#11866=FACE_BOUND('',#11867,.T.);
#11867=EDGE_LOOP('',(#11868,#11869,#11870,#11877));
#11868=ORIENTED_EDGE('',*,*,#11695,.F.);
#11869=ORIENTED_EDGE('',*,*,#11853,.F.);
#11870=ORIENTED_EDGE('',*,*,#11871,.T.);
#11871=EDGE_CURVE('',#11845,#11721,#11872,.T.);
#11872=CIRCLE('',#11873,0.127);
#11873=AXIS2_PLACEMENT_3D('',#11874,#11875,#11876);
#11874=CARTESIAN_POINT('',(1.393769733,9.8298,7.904460949));
#11875=DIRECTION('',(0.173648178,0.0,0.984807753));
#11876=DIRECTION('',(0.984807753,-2.220446049E-14,-0.173648178));
#11877=ORIENTED_EDGE('',*,*,#11720,.F.);
#11878=CYLINDRICAL_SURFACE('',#11879,0.127);
#11879=AXIS2_PLACEMENT_3D('',#11880,#11881,#11882);
#11880=CARTESIAN_POINT('',(1.390722444,9.8298,7.887178911));
#11881=DIRECTION('',(0.173648178,0.0,0.984807753));
#11882=DIRECTION('',(0.984807753,0.0,-0.173648178));
#11883=ADVANCED_FACE('',(#11884),#11896,.T.);
#11884=FACE_BOUND('',#11885,.T.);
#11885=EDGE_LOOP('',(#11886,#11887,#11888,#11895));
#11886=ORIENTED_EDGE('',*,*,#11871,.F.);
#11887=ORIENTED_EDGE('',*,*,#11844,.F.);
#11888=ORIENTED_EDGE('',*,*,#11889,.T.);
#11889=EDGE_CURVE('',#11837,#11729,#11890,.T.);
#11890=CIRCLE('',#11891,0.127);
#11891=AXIS2_PLACEMENT_3D('',#11892,#11893,#11894);
#11892=CARTESIAN_POINT('',(1.195289866,8.6868,6.778825687));
#11893=DIRECTION('',(0.0,1.0,0.0));
#11894=DIRECTION('',(0.984807753,0.0,-0.173648178));
#11895=ORIENTED_EDGE('',*,*,#11728,.F.);
#11896=TOROIDAL_SURFACE('',#11897,1.143,0.127);
#11897=AXIS2_PLACEMENT_3D('',#11898,#11899,#11900);
#11898=CARTESIAN_POINT('',(1.393769733,8.6868,7.904460949));
#11899=DIRECTION('',(-0.984807753,0.0,0.173648178));
#11900=DIRECTION('',(-0.173603933,-0.022572657,-0.984556829));
#11901=ADVANCED_FACE('',(#11902),#11914,.T.);
#11902=FACE_BOUND('',#11903,.T.);
#11903=EDGE_LOOP('',(#11904,#11905,#11906,#11913));
#11904=ORIENTED_EDGE('',*,*,#11889,.F.);
#11905=ORIENTED_EDGE('',*,*,#11836,.F.);
#11906=ORIENTED_EDGE('',*,*,#11907,.T.);
#11907=EDGE_CURVE('',#11828,#11738,#11908,.T.);
#11908=CIRCLE('',#11909,0.127);
#11909=AXIS2_PLACEMENT_3D('',#11910,#11911,#11912);
#11910=CARTESIAN_POINT('',(1.195289866,1.27,6.778825687));
#11911=DIRECTION('',(0.0,1.0,0.0));
#11912=DIRECTION('',(0.984807753,0.0,-0.173648178));
#11913=ORIENTED_EDGE('',*,*,#11737,.F.);
#11914=CYLINDRICAL_SURFACE('',#11915,0.127);
#11915=AXIS2_PLACEMENT_3D('',#11916,#11917,#11918);
#11916=CARTESIAN_POINT('',(1.195289866,1.252451359,6.778825687));
#11917=DIRECTION('',(0.0,1.0,0.0));
#11918=DIRECTION('',(0.984807753,0.0,-0.173648178));
#11919=ADVANCED_FACE('',(#11920),#11932,.T.);
#11920=FACE_BOUND('',#11921,.T.);
#11921=EDGE_LOOP('',(#11922,#11923,#11924,#11931));
#11922=ORIENTED_EDGE('',*,*,#11907,.F.);
#11923=ORIENTED_EDGE('',*,*,#11827,.F.);
#11924=ORIENTED_EDGE('',*,*,#11925,.T.);
#11925=EDGE_CURVE('',#11820,#11746,#11926,.T.);
#11926=CIRCLE('',#11927,0.127);
#11927=AXIS2_PLACEMENT_3D('',#11928,#11929,#11930);
#11928=CARTESIAN_POINT('',(1.393769733,0.127,7.904460949));
#11929=DIRECTION('',(-0.173648178,0.0,-0.984807753));
#11930=DIRECTION('',(0.984807753,0.0,-0.173648178));
#11931=ORIENTED_EDGE('',*,*,#11745,.F.);
#11932=TOROIDAL_SURFACE('',#11933,1.143,0.127);
#11933=AXIS2_PLACEMENT_3D('',#11934,#11935,#11936);
#11934=CARTESIAN_POINT('',(1.393769733,1.27,7.904460949));
#11935=DIRECTION('',(0.984807753,0.0,-0.173648178));
#11936=DIRECTION('',(0.002759391,-0.999873735,0.015649285));
#11937=ADVANCED_FACE('',(#11938),#11950,.T.);
#11938=FACE_BOUND('',#11939,.T.);
#11939=EDGE_LOOP('',(#11940,#11941,#11942,#11949));
#11940=ORIENTED_EDGE('',*,*,#11925,.F.);
#11941=ORIENTED_EDGE('',*,*,#11819,.F.);
#11942=ORIENTED_EDGE('',*,*,#11943,.T.);
#11943=EDGE_CURVE('',#11811,#11755,#11944,.T.);
#11944=CIRCLE('',#11945,0.127);
#11945=AXIS2_PLACEMENT_3D('',#11946,#11947,#11948);
#11946=CARTESIAN_POINT('',(1.614302919,0.127,9.155166795));
#11947=DIRECTION('',(-0.173648178,0.0,-0.984807753));
#11948=DIRECTION('',(0.984807753,0.0,-0.173648178));
#11949=ORIENTED_EDGE('',*,*,#11754,.F.);
#11950=CYLINDRICAL_SURFACE('',#11951,0.127);
#11951=AXIS2_PLACEMENT_3D('',#11952,#11953,#11954);
#11952=CARTESIAN_POINT('',(1.619563336,0.127,9.185000102));
#11953=DIRECTION('',(-0.173648178,0.0,-0.984807753));
#11954=DIRECTION('',(0.984807753,0.0,-0.173648178));
#11955=ADVANCED_FACE('',(#11956),#11962,.T.);
#11956=FACE_BOUND('',#11957,.T.);
#11957=EDGE_LOOP('',(#11958,#11959,#11960,#11961));
#11958=ORIENTED_EDGE('',*,*,#11943,.F.);
#11959=ORIENTED_EDGE('',*,*,#11810,.F.);
#11960=ORIENTED_EDGE('',*,*,#11785,.F.);
#11961=ORIENTED_EDGE('',*,*,#11762,.F.);
#11962=TOROIDAL_SURFACE('',#11963,1.143,0.127);
#11963=AXIS2_PLACEMENT_3D('',#11964,#11965,#11966);
#11964=CARTESIAN_POINT('',(1.614302919,1.27,9.155166795));
#11965=DIRECTION('',(-0.984807753,0.0,0.173648178));
#11966=DIRECTION('',(0.173603933,0.022572657,0.984556829));
#11967=MANIFOLD_SOLID_BREP('',#11968);
#11968=CLOSED_SHELL('',(#11969,#12013,#12079,#12104,#12163,#12181,#12199,#12217,#12235,#12253));
#11969=ADVANCED_FACE('',(#11970),#12008,.T.);
#11970=FACE_BOUND('',#11971,.T.);
#11971=EDGE_LOOP('',(#11972,#11983,#11992,#12001));
#11972=ORIENTED_EDGE('',*,*,#11973,.T.);
#11973=EDGE_CURVE('',#11974,#11976,#11978,.T.);
#11974=VERTEX_POINT('',#11975);
#11975=CARTESIAN_POINT('',(2.57924296,8.6868,10.11655609));
#11976=VERTEX_POINT('',#11977);
#11977=CARTESIAN_POINT('',(2.824588119,8.6868,10.050816052));
#11978=CIRCLE('',#11979,0.127);
#11979=AXIS2_PLACEMENT_3D('',#11980,#11981,#11982);
#11980=CARTESIAN_POINT('',(2.701915539,8.6868,10.083686071));
#11981=DIRECTION('',(0.0,1.0,0.0));
#11982=DIRECTION('',(-0.965925826,0.0,0.258819045));
#11983=ORIENTED_EDGE('',*,*,#11984,.T.);
#11984=EDGE_CURVE('',#11976,#11985,#11987,.F.);
#11985=VERTEX_POINT('',#11986);
#11986=CARTESIAN_POINT('',(2.528757951,9.8298,8.946762833));
#11987=CIRCLE('',#11988,1.143);
#11988=AXIS2_PLACEMENT_3D('',#11989,#11990,#11991);
#11989=CARTESIAN_POINT('',(2.528757951,8.6868,8.946762833));
#11990=DIRECTION('',(0.965925826,0.0,-0.258819045));
#11991=DIRECTION('',(0.0,1.0,0.0));
#11992=ORIENTED_EDGE('',*,*,#11993,.T.);
#11993=EDGE_CURVE('',#11985,#11994,#11996,.T.);
#11994=VERTEX_POINT('',#11995);
#11995=CARTESIAN_POINT('',(2.283412791,9.8298,9.01250287));
#11996=CIRCLE('',#11997,0.127);
#11997=AXIS2_PLACEMENT_3D('',#11998,#11999,#12000);
#11998=CARTESIAN_POINT('',(2.406085371,9.8298,8.979632852));
#11999=DIRECTION('',(0.258819045,0.0,0.965925826));
#12000=DIRECTION('',(0.965925826,-1.110223025E-14,-0.258819045));
#12001=ORIENTED_EDGE('',*,*,#12002,.T.);
#12002=EDGE_CURVE('',#11994,#11974,#12003,.F.);
#12003=CIRCLE('',#12004,1.143);
#12004=AXIS2_PLACEMENT_3D('',#12005,#12006,#12007);
#12005=CARTESIAN_POINT('',(2.283412791,8.6868,9.01250287));
#12006=DIRECTION('',(-0.965925826,0.0,0.258819045));
#12007=DIRECTION('',(0.258819045,0.0,0.965925826));
#12008=TOROIDAL_SURFACE('',#12009,1.143,0.127);
#12009=AXIS2_PLACEMENT_3D('',#12010,#12011,#12012);
#12010=CARTESIAN_POINT('',(2.406085371,8.6868,8.979632852));
#12011=DIRECTION('',(0.965925826,0.0,-0.258819045));
#12012=DIRECTION('',(-0.004112816,0.999873735,-0.015349238));
#12013=ADVANCED_FACE('',(#12014),#12074,.T.);
#12014=FACE_BOUND('',#12015,.T.);
#12015=EDGE_LOOP('',(#12016,#12017,#12025,#12034,#12042,#12051,#12059,#12068));
#12016=ORIENTED_EDGE('',*,*,#12002,.F.);
#12017=ORIENTED_EDGE('',*,*,#12018,.T.);
#12018=EDGE_CURVE('',#11994,#12019,#12021,.T.);
#12019=VERTEX_POINT('',#12020);
#12020=CARTESIAN_POINT('',(1.954712604,9.8298,7.785777071));
#12021=LINE('',#12022,#12023);
#12022=CARTESIAN_POINT('',(2.283412791,9.8298,9.01250287));
#12023=VECTOR('',#12024,1.0);
#12024=DIRECTION('',(-0.258819045,0.0,-0.965925826));
#12025=ORIENTED_EDGE('',*,*,#12026,.T.);
#12026=EDGE_CURVE('',#12019,#12027,#12029,.T.);
#12027=VERTEX_POINT('',#12028);
#12028=CARTESIAN_POINT('',(1.658882435,8.6868,6.681723851));
#12029=CIRCLE('',#12030,1.143);
#12030=AXIS2_PLACEMENT_3D('',#12031,#12032,#12033);
#12031=CARTESIAN_POINT('',(1.954712604,8.6868,7.785777071));
#12032=DIRECTION('',(-0.965925826,0.0,0.258819045));
#12033=DIRECTION('',(-4.0091387E-15,1.0,-1.496230932E-14));
#12034=ORIENTED_EDGE('',*,*,#12035,.T.);
#12035=EDGE_CURVE('',#12027,#12036,#12038,.T.);
#12036=VERTEX_POINT('',#12037);
#12037=CARTESIAN_POINT('',(1.658882435,1.27,6.681723851));
#12038=LINE('',#12039,#12040);
#12039=CARTESIAN_POINT('',(1.658882435,8.6868,6.681723851));
#12040=VECTOR('',#12041,1.0);
#12041=DIRECTION('',(0.0,-1.0,0.0));
#12042=ORIENTED_EDGE('',*,*,#12043,.T.);
#12043=EDGE_CURVE('',#12036,#12044,#12046,.T.);
#12044=VERTEX_POINT('',#12045);
#12045=CARTESIAN_POINT('',(1.954712604,0.127,7.785777071));
#12046=CIRCLE('',#12047,1.143);
#12047=AXIS2_PLACEMENT_3D('',#12048,#12049,#12050);
#12048=CARTESIAN_POINT('',(1.954712604,1.27,7.785777071));
#12049=DIRECTION('',(-0.965925826,0.0,0.258819045));
#12050=DIRECTION('',(-0.258819045,0.0,-0.965925826));
#12051=ORIENTED_EDGE('',*,*,#12052,.T.);
#12052=EDGE_CURVE('',#12044,#12053,#12055,.T.);
#12053=VERTEX_POINT('',#12054);
#12054=CARTESIAN_POINT('',(2.283412791,0.127,9.01250287));
#12055=LINE('',#12056,#12057);
#12056=CARTESIAN_POINT('',(1.954712604,0.127,7.785777071));
#12057=VECTOR('',#12058,1.0);
#12058=DIRECTION('',(0.258819045,0.0,0.965925826));
#12059=ORIENTED_EDGE('',*,*,#12060,.T.);
#12060=EDGE_CURVE('',#12053,#12061,#12063,.T.);
#12061=VERTEX_POINT('',#12062);
#12062=CARTESIAN_POINT('',(2.57924296,1.27,10.11655609));
#12063=CIRCLE('',#12064,1.143);
#12064=AXIS2_PLACEMENT_3D('',#12065,#12066,#12067);
#12065=CARTESIAN_POINT('',(2.283412791,1.27,9.01250287));
#12066=DIRECTION('',(-0.965925826,0.0,0.258819045));
#12067=DIRECTION('',(0.0,-1.0,0.0));
#12068=ORIENTED_EDGE('',*,*,#12069,.T.);
#12069=EDGE_CURVE('',#12061,#11974,#12070,.T.);
#12070=LINE('',#12071,#12072);
#12071=CARTESIAN_POINT('',(2.57924296,1.27,10.11655609));
#12072=VECTOR('',#12073,1.0);
#12073=DIRECTION('',(0.0,1.0,0.0));
#12074=PLANE('',#12075);
#12075=AXIS2_PLACEMENT_3D('',#12076,#12077,#12078);
#12076=CARTESIAN_POINT('',(1.626012416,0.0,6.559051271));
#12077=DIRECTION('',(-0.965925826,0.0,0.258819045));
#12078=DIRECTION('',(0.258819045,0.0,0.965925826));
#12079=ADVANCED_FACE('',(#12080),#12099,.T.);
#12080=FACE_BOUND('',#12081,.T.);
#12081=EDGE_LOOP('',(#12082,#12091,#12097,#12098));
#12082=ORIENTED_EDGE('',*,*,#12083,.T.);
#12083=EDGE_CURVE('',#12061,#12084,#12086,.F.);
#12084=VERTEX_POINT('',#12085);
#12085=CARTESIAN_POINT('',(2.824588119,1.27,10.050816052));
#12086=CIRCLE('',#12087,0.127);
#12087=AXIS2_PLACEMENT_3D('',#12088,#12089,#12090);
#12088=CARTESIAN_POINT('',(2.701915539,1.27,10.083686071));
#12089=DIRECTION('',(0.0,-1.0,0.0));
#12090=DIRECTION('',(0.965925826,0.0,-0.258819045));
#12091=ORIENTED_EDGE('',*,*,#12092,.T.);
#12092=EDGE_CURVE('',#12084,#11976,#12093,.F.);
#12093=LINE('',#12094,#12095);
#12094=CARTESIAN_POINT('',(2.824588119,8.6868,10.050816052));
#12095=VECTOR('',#12096,1.0);
#12096=DIRECTION('',(0.0,-1.0,0.0));
#12097=ORIENTED_EDGE('',*,*,#11973,.F.);
#12098=ORIENTED_EDGE('',*,*,#12069,.F.);
#12099=CYLINDRICAL_SURFACE('',#12100,0.127);
#12100=AXIS2_PLACEMENT_3D('',#12101,#12102,#12103);
#12101=CARTESIAN_POINT('',(2.701915539,8.717093534,10.083686071));
#12102=DIRECTION('',(0.0,-1.0,0.0));
#12103=DIRECTION('',(0.965925826,0.0,-0.258819045));
#12104=ADVANCED_FACE('',(#12105),#12158,.T.);
#12105=FACE_BOUND('',#12106,.T.);
#12106=EDGE_LOOP('',(#12107,#12116,#12124,#12133,#12141,#12150,#12156,#12157));
#12107=ORIENTED_EDGE('',*,*,#12108,.T.);
#12108=EDGE_CURVE('',#12084,#12109,#12111,.T.);
#12109=VERTEX_POINT('',#12110);
#12110=CARTESIAN_POINT('',(2.528757951,0.127,8.946762833));
#12111=CIRCLE('',#12112,1.143);
#12112=AXIS2_PLACEMENT_3D('',#12113,#12114,#12115);
#12113=CARTESIAN_POINT('',(2.528757951,1.27,8.946762833));
#12114=DIRECTION('',(0.965925826,0.0,-0.258819045));
#12115=DIRECTION('',(0.258819045,0.0,0.965925826));
#12116=ORIENTED_EDGE('',*,*,#12117,.T.);
#12117=EDGE_CURVE('',#12109,#12118,#12120,.T.);
#12118=VERTEX_POINT('',#12119);
#12119=CARTESIAN_POINT('',(2.200057764,0.127,7.720037033));
#12120=LINE('',#12121,#12122);
#12121=CARTESIAN_POINT('',(2.528757951,0.127,8.946762833));
#12122=VECTOR('',#12123,1.0);
#12123=DIRECTION('',(-0.258819045,0.0,-0.965925826));
#12124=ORIENTED_EDGE('',*,*,#12125,.T.);
#12125=EDGE_CURVE('',#12118,#12126,#12128,.T.);
#12126=VERTEX_POINT('',#12127);
#12127=CARTESIAN_POINT('',(1.904227595,1.27,6.615983814));
#12128=CIRCLE('',#12129,1.143);
#12129=AXIS2_PLACEMENT_3D('',#12130,#12131,#12132);
#12130=CARTESIAN_POINT('',(2.200057764,1.27,7.720037033));
#12131=DIRECTION('',(0.965925826,0.0,-0.258819045));
#12132=DIRECTION('',(0.0,-1.0,0.0));
#12133=ORIENTED_EDGE('',*,*,#12134,.T.);
#12134=EDGE_CURVE('',#12126,#12135,#12137,.T.);
#12135=VERTEX_POINT('',#12136);
#12136=CARTESIAN_POINT('',(1.904227595,8.6868,6.615983814));
#12137=LINE('',#12138,#12139);
#12138=CARTESIAN_POINT('',(1.904227595,1.27,6.615983814));
#12139=VECTOR('',#12140,1.0);
#12140=DIRECTION('',(0.0,1.0,0.0));
#12141=ORIENTED_EDGE('',*,*,#12142,.T.);
#12142=EDGE_CURVE('',#12135,#12143,#12145,.T.);
#12143=VERTEX_POINT('',#12144);
#12144=CARTESIAN_POINT('',(2.200057764,9.8298,7.720037033));
#12145=CIRCLE('',#12146,1.143);
#12146=AXIS2_PLACEMENT_3D('',#12147,#12148,#12149);
#12147=CARTESIAN_POINT('',(2.200057764,8.6868,7.720037033));
#12148=DIRECTION('',(0.965925826,0.0,-0.258819045));
#12149=DIRECTION('',(-0.258819045,1.850371708E-14,-0.965925826));
#12150=ORIENTED_EDGE('',*,*,#12151,.T.);
#12151=EDGE_CURVE('',#12143,#11985,#12152,.T.);
#12152=LINE('',#12153,#12154);
#12153=CARTESIAN_POINT('',(2.200057764,9.8298,7.720037033));
#12154=VECTOR('',#12155,1.0);
#12155=DIRECTION('',(0.258819045,0.0,0.965925826));
#12156=ORIENTED_EDGE('',*,*,#11984,.F.);
#12157=ORIENTED_EDGE('',*,*,#12092,.F.);
#12158=PLANE('',#12159);
#12159=AXIS2_PLACEMENT_3D('',#12160,#12161,#12162);
#12160=CARTESIAN_POINT('',(2.857458138,0.0,10.173488632));
#12161=DIRECTION('',(0.965925826,0.0,-0.258819045));
#12162=DIRECTION('',(-0.258819045,0.0,-0.965925826));
#12163=ADVANCED_FACE('',(#12164),#12176,.T.);
#12164=FACE_BOUND('',#12165,.T.);
#12165=EDGE_LOOP('',(#12166,#12167,#12168,#12175));
#12166=ORIENTED_EDGE('',*,*,#11993,.F.);
#12167=ORIENTED_EDGE('',*,*,#12151,.F.);
#12168=ORIENTED_EDGE('',*,*,#12169,.T.);
#12169=EDGE_CURVE('',#12143,#12019,#12170,.T.);
#12170=CIRCLE('',#12171,0.127);
#12171=AXIS2_PLACEMENT_3D('',#12172,#12173,#12174);
#12172=CARTESIAN_POINT('',(2.077385184,9.8298,7.752907052));
#12173=DIRECTION('',(0.258819045,0.0,0.965925826));
#12174=DIRECTION('',(0.965925826,-1.110223025E-14,-0.258819045));
#12175=ORIENTED_EDGE('',*,*,#12018,.F.);
#12176=CYLINDRICAL_SURFACE('',#12177,0.127);
#12177=AXIS2_PLACEMENT_3D('',#12178,#12179,#12180);
#12178=CARTESIAN_POINT('',(2.072843261,9.8298,7.735956367));
#12179=DIRECTION('',(0.258819045,0.0,0.965925826));
#12180=DIRECTION('',(0.965925826,0.0,-0.258819045));
#12181=ADVANCED_FACE('',(#12182),#12194,.T.);
#12182=FACE_BOUND('',#12183,.T.);
#12183=EDGE_LOOP('',(#12184,#12185,#12186,#12193));
#12184=ORIENTED_EDGE('',*,*,#12169,.F.);
#12185=ORIENTED_EDGE('',*,*,#12142,.F.);
#12186=ORIENTED_EDGE('',*,*,#12187,.T.);
#12187=EDGE_CURVE('',#12135,#12027,#12188,.T.);
#12188=CIRCLE('',#12189,0.127);
#12189=AXIS2_PLACEMENT_3D('',#12190,#12191,#12192);
#12190=CARTESIAN_POINT('',(1.781555015,8.6868,6.648853833));
#12191=DIRECTION('',(0.0,1.0,0.0));
#12192=DIRECTION('',(0.965925826,0.0,-0.258819045));
#12193=ORIENTED_EDGE('',*,*,#12026,.F.);
#12194=TOROIDAL_SURFACE('',#12195,1.143,0.127);
#12195=AXIS2_PLACEMENT_3D('',#12196,#12197,#12198);
#12196=CARTESIAN_POINT('',(2.077385184,8.6868,7.752907052));
#12197=DIRECTION('',(-0.965925826,0.0,0.258819045));
#12198=DIRECTION('',(-0.258753099,-0.022572657,-0.965679713));
#12199=ADVANCED_FACE('',(#12200),#12212,.T.);
#12200=FACE_BOUND('',#12201,.T.);
#12201=EDGE_LOOP('',(#12202,#12203,#12204,#12211));
#12202=ORIENTED_EDGE('',*,*,#12187,.F.);
#12203=ORIENTED_EDGE('',*,*,#12134,.F.);
#12204=ORIENTED_EDGE('',*,*,#12205,.T.);
#12205=EDGE_CURVE('',#12126,#12036,#12206,.T.);
#12206=CIRCLE('',#12207,0.127);
#12207=AXIS2_PLACEMENT_3D('',#12208,#12209,#12210);
#12208=CARTESIAN_POINT('',(1.781555015,1.27,6.648853833));
#12209=DIRECTION('',(0.0,1.0,0.0));
#12210=DIRECTION('',(0.965925826,0.0,-0.258819045));
#12211=ORIENTED_EDGE('',*,*,#12035,.F.);
#12212=CYLINDRICAL_SURFACE('',#12213,0.127);
#12213=AXIS2_PLACEMENT_3D('',#12214,#12215,#12216);
#12214=CARTESIAN_POINT('',(1.781555015,1.252451359,6.648853833));
#12215=DIRECTION('',(0.0,1.0,0.0));
#12216=DIRECTION('',(0.965925826,0.0,-0.258819045));
#12217=ADVANCED_FACE('',(#12218),#12230,.T.);
#12218=FACE_BOUND('',#12219,.T.);
#12219=EDGE_LOOP('',(#12220,#12221,#12222,#12229));
#12220=ORIENTED_EDGE('',*,*,#12205,.F.);
#12221=ORIENTED_EDGE('',*,*,#12125,.F.);
#12222=ORIENTED_EDGE('',*,*,#12223,.T.);
#12223=EDGE_CURVE('',#12118,#12044,#12224,.T.);
#12224=CIRCLE('',#12225,0.127);
#12225=AXIS2_PLACEMENT_3D('',#12226,#12227,#12228);
#12226=CARTESIAN_POINT('',(2.077385184,0.127,7.752907052));
#12227=DIRECTION('',(-0.258819045,0.0,-0.965925826));
#12228=DIRECTION('',(0.965925826,0.0,-0.258819045));
#12229=ORIENTED_EDGE('',*,*,#12043,.F.);
#12230=TOROIDAL_SURFACE('',#12231,1.143,0.127);
#12231=AXIS2_PLACEMENT_3D('',#12232,#12233,#12234);
#12232=CARTESIAN_POINT('',(2.077385184,1.27,7.752907052));
#12233=DIRECTION('',(0.965925826,0.0,-0.258819045));
#12234=DIRECTION('',(0.004112816,-0.999873735,0.015349238));
#12235=ADVANCED_FACE('',(#12236),#12248,.T.);
#12236=FACE_BOUND('',#12237,.T.);
#12237=EDGE_LOOP('',(#12238,#12239,#12240,#12247));
#12238=ORIENTED_EDGE('',*,*,#12223,.F.);
#12239=ORIENTED_EDGE('',*,*,#12117,.F.);
#12240=ORIENTED_EDGE('',*,*,#12241,.T.);
#12241=EDGE_CURVE('',#12109,#12053,#12242,.T.);
#12242=CIRCLE('',#12243,0.127);
#12243=AXIS2_PLACEMENT_3D('',#12244,#12245,#12246);
#12244=CARTESIAN_POINT('',(2.406085371,0.127,8.979632852));
#12245=DIRECTION('',(-0.258819045,0.0,-0.965925826));
#12246=DIRECTION('',(0.965925826,0.0,-0.258819045));
#12247=ORIENTED_EDGE('',*,*,#12052,.F.);
#12248=CYLINDRICAL_SURFACE('',#12249,0.127);
#12249=AXIS2_PLACEMENT_3D('',#12250,#12251,#12252);
#12250=CARTESIAN_POINT('',(2.413925914,0.127,9.008894158));
#12251=DIRECTION('',(-0.258819045,0.0,-0.965925826));
#12252=DIRECTION('',(0.965925826,0.0,-0.258819045));
#12253=ADVANCED_FACE('',(#12254),#12260,.T.);
#12254=FACE_BOUND('',#12255,.T.);
#12255=EDGE_LOOP('',(#12256,#12257,#12258,#12259));
#12256=ORIENTED_EDGE('',*,*,#12241,.F.);
#12257=ORIENTED_EDGE('',*,*,#12108,.F.);
#12258=ORIENTED_EDGE('',*,*,#12083,.F.);
#12259=ORIENTED_EDGE('',*,*,#12060,.F.);
#12260=TOROIDAL_SURFACE('',#12261,1.143,0.127);
#12261=AXIS2_PLACEMENT_3D('',#12262,#12263,#12264);
#12262=CARTESIAN_POINT('',(2.406085371,1.27,8.979632852));
#12263=DIRECTION('',(-0.965925826,0.0,0.258819045));
#12264=DIRECTION('',(0.258753099,0.022572657,0.965679713));
#12265=MANIFOLD_SOLID_BREP('',#12266);
#12266=CLOSED_SHELL('',(#12267,#12311,#12377,#12402,#12461,#12479,#12497,#12515,#12533,#12551));
#12267=ADVANCED_FACE('',(#12268),#12306,.T.);
#12268=FACE_BOUND('',#12269,.T.);
#12269=EDGE_LOOP('',(#12270,#12281,#12290,#12299));
#12270=ORIENTED_EDGE('',*,*,#12271,.T.);
#12271=EDGE_CURVE('',#12272,#12274,#12276,.T.);
#12272=VERTEX_POINT('',#12273);
#12273=CARTESIAN_POINT('',(3.451144121,8.6868,9.853263704));
#12274=VERTEX_POINT('',#12275);
#12275=CARTESIAN_POINT('',(3.689826047,8.6868,9.766390587));
#12276=CIRCLE('',#12277,0.127);
#12277=AXIS2_PLACEMENT_3D('',#12278,#12279,#12280);
#12278=CARTESIAN_POINT('',(3.570485084,8.6868,9.809827145));
#12279=DIRECTION('',(0.0,1.0,0.0));
#12280=DIRECTION('',(-0.939692621,0.0,0.342020143));
#12281=ORIENTED_EDGE('',*,*,#12282,.T.);
#12282=EDGE_CURVE('',#12274,#12283,#12285,.F.);
#12283=VERTEX_POINT('',#12284);
#12284=CARTESIAN_POINT('',(3.298897023,9.8298,8.692321922));
#12285=CIRCLE('',#12286,1.143);
#12286=AXIS2_PLACEMENT_3D('',#12287,#12288,#12289);
#12287=CARTESIAN_POINT('',(3.298897023,8.6868,8.692321922));
#12288=DIRECTION('',(0.939692621,0.0,-0.342020143));
#12289=DIRECTION('',(0.0,1.0,0.0));
#12290=ORIENTED_EDGE('',*,*,#12291,.T.);
#12291=EDGE_CURVE('',#12283,#12292,#12294,.T.);
#12292=VERTEX_POINT('',#12293);
#12293=CARTESIAN_POINT('',(3.060215098,9.8298,8.779195038));
#12294=CIRCLE('',#12295,0.127);
#12295=AXIS2_PLACEMENT_3D('',#12296,#12297,#12298);
#12296=CARTESIAN_POINT('',(3.17955606,9.8298,8.73575848));
#12297=DIRECTION('',(0.342020143,0.0,0.939692621));
#12298=DIRECTION('',(0.939692621,-1.110223025E-14,-0.342020143));
#12299=ORIENTED_EDGE('',*,*,#12300,.T.);
#12300=EDGE_CURVE('',#12292,#12272,#12301,.F.);
#12301=CIRCLE('',#12302,1.143);
#12302=AXIS2_PLACEMENT_3D('',#12303,#12304,#12305);
#12303=CARTESIAN_POINT('',(3.060215098,8.6868,8.779195038));
#12304=DIRECTION('',(-0.939692621,0.0,0.342020143));
#12305=DIRECTION('',(0.342020143,0.0,0.939692621));
#12306=TOROIDAL_SURFACE('',#12307,1.143,0.127);
#12307=AXIS2_PLACEMENT_3D('',#12308,#12309,#12310);
#12308=CARTESIAN_POINT('',(3.17955606,8.6868,8.73575848));
#12309=DIRECTION('',(0.939692621,0.0,-0.342020143));
#12310=DIRECTION('',(-0.00543494,0.999873735,-0.014932374));
#12311=ADVANCED_FACE('',(#12312),#12372,.T.);
#12312=FACE_BOUND('',#12313,.T.);
#12313=EDGE_LOOP('',(#12314,#12315,#12323,#12332,#12340,#12349,#12357,#12366));
#12314=ORIENTED_EDGE('',*,*,#12300,.F.);
#12315=ORIENTED_EDGE('',*,*,#12316,.T.);
#12316=EDGE_CURVE('',#12292,#12317,#12319,.T.);
#12317=VERTEX_POINT('',#12318);
#12318=CARTESIAN_POINT('',(2.625849516,9.8298,7.58578541));
#12319=LINE('',#12320,#12321);
#12320=CARTESIAN_POINT('',(3.060215098,9.8298,8.779195038));
#12321=VECTOR('',#12322,1.0);
#12322=DIRECTION('',(-0.342020143,0.0,-0.939692621));
#12323=ORIENTED_EDGE('',*,*,#12324,.T.);
#12324=EDGE_CURVE('',#12317,#12325,#12327,.T.);
#12325=VERTEX_POINT('',#12326);
#12326=CARTESIAN_POINT('',(2.234920492,8.6868,6.511716744));
#12327=CIRCLE('',#12328,1.143);
#12328=AXIS2_PLACEMENT_3D('',#12329,#12330,#12331);
#12329=CARTESIAN_POINT('',(2.625849516,8.6868,7.58578541));
#12330=DIRECTION('',(-0.939692621,0.0,0.342020143));
#12331=DIRECTION('',(0.0,1.0,0.0));
#12332=ORIENTED_EDGE('',*,*,#12333,.T.);
#12333=EDGE_CURVE('',#12325,#12334,#12336,.T.);
#12334=VERTEX_POINT('',#12335);
#12335=CARTESIAN_POINT('',(2.234920492,1.27,6.511716744));
#12336=LINE('',#12337,#12338);
#12337=CARTESIAN_POINT('',(2.234920492,8.6868,6.511716744));
#12338=VECTOR('',#12339,1.0);
#12339=DIRECTION('',(0.0,-1.0,0.0));
#12340=ORIENTED_EDGE('',*,*,#12341,.T.);
#12341=EDGE_CURVE('',#12334,#12342,#12344,.T.);
#12342=VERTEX_POINT('',#12343);
#12343=CARTESIAN_POINT('',(2.625849516,0.127,7.58578541));
#12344=CIRCLE('',#12345,1.143);
#12345=AXIS2_PLACEMENT_3D('',#12346,#12347,#12348);
#12346=CARTESIAN_POINT('',(2.625849516,1.27,7.58578541));
#12347=DIRECTION('',(-0.939692621,0.0,0.342020143));
#12348=DIRECTION('',(-0.342020143,0.0,-0.939692621));
#12349=ORIENTED_EDGE('',*,*,#12350,.T.);
#12350=EDGE_CURVE('',#12342,#12351,#12353,.T.);
#12351=VERTEX_POINT('',#12352);
#12352=CARTESIAN_POINT('',(3.060215098,0.127,8.779195038));
#12353=LINE('',#12354,#12355);
#12354=CARTESIAN_POINT('',(2.625849516,0.127,7.58578541));
#12355=VECTOR('',#12356,1.0);
#12356=DIRECTION('',(0.342020143,0.0,0.939692621));
#12357=ORIENTED_EDGE('',*,*,#12358,.T.);
#12358=EDGE_CURVE('',#12351,#12359,#12361,.T.);
#12359=VERTEX_POINT('',#12360);
#12360=CARTESIAN_POINT('',(3.451144121,1.27,9.853263704));
#12361=CIRCLE('',#12362,1.143);
#12362=AXIS2_PLACEMENT_3D('',#12363,#12364,#12365);
#12363=CARTESIAN_POINT('',(3.060215098,1.27,8.779195038));
#12364=DIRECTION('',(-0.939692621,0.0,0.342020143));
#12365=DIRECTION('',(0.0,-1.0,0.0));
#12366=ORIENTED_EDGE('',*,*,#12367,.T.);
#12367=EDGE_CURVE('',#12359,#12272,#12368,.T.);
#12368=LINE('',#12369,#12370);
#12369=CARTESIAN_POINT('',(3.451144121,1.27,9.853263704));
#12370=VECTOR('',#12371,1.0);
#12371=DIRECTION('',(0.0,1.0,0.0));
#12372=PLANE('',#12373);
#12373=AXIS2_PLACEMENT_3D('',#12374,#12375,#12376);
#12374=CARTESIAN_POINT('',(2.191483934,0.0,6.392375781));
#12375=DIRECTION('',(-0.939692621,0.0,0.342020143));
#12376=DIRECTION('',(0.342020143,0.0,0.939692621));
#12377=ADVANCED_FACE('',(#12378),#12397,.T.);
#12378=FACE_BOUND('',#12379,.T.);
#12379=EDGE_LOOP('',(#12380,#12389,#12395,#12396));
#12380=ORIENTED_EDGE('',*,*,#12381,.T.);
#12381=EDGE_CURVE('',#12359,#12382,#12384,.F.);
#12382=VERTEX_POINT('',#12383);
#12383=CARTESIAN_POINT('',(3.689826047,1.27,9.766390587));
#12384=CIRCLE('',#12385,0.127);
#12385=AXIS2_PLACEMENT_3D('',#12386,#12387,#12388);
#12386=CARTESIAN_POINT('',(3.570485084,1.27,9.809827145));
#12387=DIRECTION('',(0.0,-1.0,0.0));
#12388=DIRECTION('',(0.939692621,0.0,-0.342020143));
#12389=ORIENTED_EDGE('',*,*,#12390,.T.);
#12390=EDGE_CURVE('',#12382,#12274,#12391,.F.);
#12391=LINE('',#12392,#12393);
#12392=CARTESIAN_POINT('',(3.689826047,8.6868,9.766390587));
#12393=VECTOR('',#12394,1.0);
#12394=DIRECTION('',(0.0,-1.0,0.0));
#12395=ORIENTED_EDGE('',*,*,#12271,.F.);
#12396=ORIENTED_EDGE('',*,*,#12367,.F.);
#12397=CYLINDRICAL_SURFACE('',#12398,0.127);
#12398=AXIS2_PLACEMENT_3D('',#12399,#12400,#12401);
#12399=CARTESIAN_POINT('',(3.570485084,8.717093534,9.809827145));
#12400=DIRECTION('',(0.0,-1.0,0.0));
#12401=DIRECTION('',(0.939692621,0.0,-0.342020143));
#12402=ADVANCED_FACE('',(#12403),#12456,.T.);
#12403=FACE_BOUND('',#12404,.T.);
#12404=EDGE_LOOP('',(#12405,#12414,#12422,#12431,#12439,#12448,#12454,#12455));
#12405=ORIENTED_EDGE('',*,*,#12406,.T.);
#12406=EDGE_CURVE('',#12382,#12407,#12409,.T.);
#12407=VERTEX_POINT('',#12408);
#12408=CARTESIAN_POINT('',(3.298897023,0.127,8.692321922));
#12409=CIRCLE('',#12410,1.143);
#12410=AXIS2_PLACEMENT_3D('',#12411,#12412,#12413);
#12411=CARTESIAN_POINT('',(3.298897023,1.27,8.692321922));
#12412=DIRECTION('',(0.939692621,0.0,-0.342020143));
#12413=DIRECTION('',(0.342020143,0.0,0.939692621));
#12414=ORIENTED_EDGE('',*,*,#12415,.T.);
#12415=EDGE_CURVE('',#12407,#12416,#12418,.T.);
#12416=VERTEX_POINT('',#12417);
#12417=CARTESIAN_POINT('',(2.864531441,0.127,7.498912293));
#12418=LINE('',#12419,#12420);
#12419=CARTESIAN_POINT('',(3.298897023,0.127,8.692321922));
#12420=VECTOR('',#12421,1.0);
#12421=DIRECTION('',(-0.342020143,0.0,-0.939692621));
#12422=ORIENTED_EDGE('',*,*,#12423,.T.);
#12423=EDGE_CURVE('',#12416,#12424,#12426,.T.);
#12424=VERTEX_POINT('',#12425);
#12425=CARTESIAN_POINT('',(2.473602417,1.27,6.424843628));
#12426=CIRCLE('',#12427,1.143);
#12427=AXIS2_PLACEMENT_3D('',#12428,#12429,#12430);
#12428=CARTESIAN_POINT('',(2.864531441,1.27,7.498912293));
#12429=DIRECTION('',(0.939692621,0.0,-0.342020143));
#12430=DIRECTION('',(0.0,-1.0,0.0));
#12431=ORIENTED_EDGE('',*,*,#12432,.T.);
#12432=EDGE_CURVE('',#12424,#12433,#12435,.T.);
#12433=VERTEX_POINT('',#12434);
#12434=CARTESIAN_POINT('',(2.473602417,8.6868,6.424843628));
#12435=LINE('',#12436,#12437);
#12436=CARTESIAN_POINT('',(2.473602417,1.27,6.424843628));
#12437=VECTOR('',#12438,1.0);
#12438=DIRECTION('',(0.0,1.0,0.0));
#12439=ORIENTED_EDGE('',*,*,#12440,.T.);
#12440=EDGE_CURVE('',#12433,#12441,#12443,.T.);
#12441=VERTEX_POINT('',#12442);
#12442=CARTESIAN_POINT('',(2.864531441,9.8298,7.498912293));
#12443=CIRCLE('',#12444,1.143);
#12444=AXIS2_PLACEMENT_3D('',#12445,#12446,#12447);
#12445=CARTESIAN_POINT('',(2.864531441,8.6868,7.498912293));
#12446=DIRECTION('',(0.939692621,0.0,-0.342020143));
#12447=DIRECTION('',(-0.342020143,0.0,-0.939692621));
#12448=ORIENTED_EDGE('',*,*,#12449,.T.);
#12449=EDGE_CURVE('',#12441,#12283,#12450,.T.);
#12450=LINE('',#12451,#12452);
#12451=CARTESIAN_POINT('',(2.864531441,9.8298,7.498912293));
#12452=VECTOR('',#12453,1.0);
#12453=DIRECTION('',(0.342020143,0.0,0.939692621));
#12454=ORIENTED_EDGE('',*,*,#12282,.F.);
#12455=ORIENTED_EDGE('',*,*,#12390,.F.);
#12456=PLANE('',#12457);
#12457=AXIS2_PLACEMENT_3D('',#12458,#12459,#12460);
#12458=CARTESIAN_POINT('',(3.733262605,0.0,9.88573155));
#12459=DIRECTION('',(0.939692621,0.0,-0.342020143));
#12460=DIRECTION('',(-0.342020143,0.0,-0.939692621));
#12461=ADVANCED_FACE('',(#12462),#12474,.T.);
#12462=FACE_BOUND('',#12463,.T.);
#12463=EDGE_LOOP('',(#12464,#12465,#12466,#12473));
#12464=ORIENTED_EDGE('',*,*,#12291,.F.);
#12465=ORIENTED_EDGE('',*,*,#12449,.F.);
#12466=ORIENTED_EDGE('',*,*,#12467,.T.);
#12467=EDGE_CURVE('',#12441,#12317,#12468,.T.);
#12468=CIRCLE('',#12469,0.127);
#12469=AXIS2_PLACEMENT_3D('',#12470,#12471,#12472);
#12470=CARTESIAN_POINT('',(2.745190478,9.8298,7.542348851));
#12471=DIRECTION('',(0.342020143,0.0,0.939692621));
#12472=DIRECTION('',(0.939692621,-1.110223025E-14,-0.342020143));
#12473=ORIENTED_EDGE('',*,*,#12316,.F.);
#12474=CYLINDRICAL_SURFACE('',#12475,0.127);
#12475=AXIS2_PLACEMENT_3D('',#12476,#12477,#12478);
#12476=CARTESIAN_POINT('',(2.73918849,9.8298,7.525858523));
#12477=DIRECTION('',(0.342020143,0.0,0.939692621));
#12478=DIRECTION('',(0.939692621,0.0,-0.342020143));
#12479=ADVANCED_FACE('',(#12480),#12492,.T.);
#12480=FACE_BOUND('',#12481,.T.);
#12481=EDGE_LOOP('',(#12482,#12483,#12484,#12491));
#12482=ORIENTED_EDGE('',*,*,#12467,.F.);
#12483=ORIENTED_EDGE('',*,*,#12440,.F.);
#12484=ORIENTED_EDGE('',*,*,#12485,.T.);
#12485=EDGE_CURVE('',#12433,#12325,#12486,.T.);
#12486=CIRCLE('',#12487,0.127);
#12487=AXIS2_PLACEMENT_3D('',#12488,#12489,#12490);
#12488=CARTESIAN_POINT('',(2.354261455,8.6868,6.468280186));
#12489=DIRECTION('',(0.0,1.0,0.0));
#12490=DIRECTION('',(0.939692621,0.0,-0.342020143));
#12491=ORIENTED_EDGE('',*,*,#12324,.F.);
#12492=TOROIDAL_SURFACE('',#12493,1.143,0.127);
#12493=AXIS2_PLACEMENT_3D('',#12494,#12495,#12496);
#12494=CARTESIAN_POINT('',(2.745190478,8.6868,7.542348851));
#12495=DIRECTION('',(-0.939692621,0.0,0.342020143));
#12496=DIRECTION('',(-0.341932998,-0.022572657,-0.939453192));
#12497=ADVANCED_FACE('',(#12498),#12510,.T.);
#12498=FACE_BOUND('',#12499,.T.);
#12499=EDGE_LOOP('',(#12500,#12501,#12502,#12509));
#12500=ORIENTED_EDGE('',*,*,#12485,.F.);
#12501=ORIENTED_EDGE('',*,*,#12432,.F.);
#12502=ORIENTED_EDGE('',*,*,#12503,.T.);
#12503=EDGE_CURVE('',#12424,#12334,#12504,.T.);
#12504=CIRCLE('',#12505,0.127);
#12505=AXIS2_PLACEMENT_3D('',#12506,#12507,#12508);
#12506=CARTESIAN_POINT('',(2.354261455,1.27,6.468280186));
#12507=DIRECTION('',(0.0,1.0,0.0));
#12508=DIRECTION('',(0.939692621,0.0,-0.342020143));
#12509=ORIENTED_EDGE('',*,*,#12333,.F.);
#12510=CYLINDRICAL_SURFACE('',#12511,0.127);
#12511=AXIS2_PLACEMENT_3D('',#12512,#12513,#12514);
#12512=CARTESIAN_POINT('',(2.354261455,1.252451359,6.468280186));
#12513=DIRECTION('',(0.0,1.0,0.0));
#12514=DIRECTION('',(0.939692621,0.0,-0.342020143));
#12515=ADVANCED_FACE('',(#12516),#12528,.T.);
#12516=FACE_BOUND('',#12517,.T.);
#12517=EDGE_LOOP('',(#12518,#12519,#12520,#12527));
#12518=ORIENTED_EDGE('',*,*,#12503,.F.);
#12519=ORIENTED_EDGE('',*,*,#12423,.F.);
#12520=ORIENTED_EDGE('',*,*,#12521,.T.);
#12521=EDGE_CURVE('',#12416,#12342,#12522,.T.);
#12522=CIRCLE('',#12523,0.127);
#12523=AXIS2_PLACEMENT_3D('',#12524,#12525,#12526);
#12524=CARTESIAN_POINT('',(2.745190478,0.127,7.542348851));
#12525=DIRECTION('',(-0.342020143,0.0,-0.939692621));
#12526=DIRECTION('',(0.939692621,0.0,-0.342020143));
#12527=ORIENTED_EDGE('',*,*,#12341,.F.);
#12528=TOROIDAL_SURFACE('',#12529,1.143,0.127);
#12529=AXIS2_PLACEMENT_3D('',#12530,#12531,#12532);
#12530=CARTESIAN_POINT('',(2.745190478,1.27,7.542348851));
#12531=DIRECTION('',(0.939692621,0.0,-0.342020143));
#12532=DIRECTION('',(0.00543494,-0.999873735,0.014932374));
#12533=ADVANCED_FACE('',(#12534),#12546,.T.);
#12534=FACE_BOUND('',#12535,.T.);
#12535=EDGE_LOOP('',(#12536,#12537,#12538,#12545));
#12536=ORIENTED_EDGE('',*,*,#12521,.F.);
#12537=ORIENTED_EDGE('',*,*,#12415,.F.);
#12538=ORIENTED_EDGE('',*,*,#12539,.T.);
#12539=EDGE_CURVE('',#12407,#12351,#12540,.T.);
#12540=CIRCLE('',#12541,0.127);
#12541=AXIS2_PLACEMENT_3D('',#12542,#12543,#12544);
#12542=CARTESIAN_POINT('',(3.17955606,0.127,8.73575848));
#12543=DIRECTION('',(-0.342020143,0.0,-0.939692621));
#12544=DIRECTION('',(0.939692621,2.55004351E-14,-0.342020143));
#12545=ORIENTED_EDGE('',*,*,#12350,.F.);
#12546=CYLINDRICAL_SURFACE('',#12547,0.127);
#12547=AXIS2_PLACEMENT_3D('',#12548,#12549,#12550);
#12548=CARTESIAN_POINT('',(3.189917059,0.127,8.76422509));
#12549=DIRECTION('',(-0.342020143,0.0,-0.939692621));
#12550=DIRECTION('',(0.939692621,0.0,-0.342020143));
#12551=ADVANCED_FACE('',(#12552),#12558,.T.);
#12552=FACE_BOUND('',#12553,.T.);
#12553=EDGE_LOOP('',(#12554,#12555,#12556,#12557));
#12554=ORIENTED_EDGE('',*,*,#12539,.F.);
#12555=ORIENTED_EDGE('',*,*,#12406,.F.);
#12556=ORIENTED_EDGE('',*,*,#12381,.F.);
#12557=ORIENTED_EDGE('',*,*,#12358,.F.);
#12558=TOROIDAL_SURFACE('',#12559,1.143,0.127);
#12559=AXIS2_PLACEMENT_3D('',#12560,#12561,#12562);
#12560=CARTESIAN_POINT('',(3.17955606,1.27,8.73575848));
#12561=DIRECTION('',(-0.939692621,0.0,0.342020143));
#12562=DIRECTION('',(0.341932998,0.022572657,0.939453192));
#12563=MANIFOLD_SOLID_BREP('',#12564);
#12564=CLOSED_SHELL('',(#12565,#12609,#12675,#12700,#12759,#12777,#12795,#12813,#12831,#12849));
#12565=ADVANCED_FACE('',(#12566),#12604,.T.);
#12566=FACE_BOUND('',#12567,.T.);
#12567=EDGE_LOOP('',(#12568,#12579,#12588,#12597));
#12568=ORIENTED_EDGE('',*,*,#12569,.T.);
#12569=EDGE_CURVE('',#12570,#12572,#12574,.T.);
#12570=VERTEX_POINT('',#12571);
#12571=CARTESIAN_POINT('',(4.296779993,8.6868,9.514982031));
#12572=VERTEX_POINT('',#12573);
#12573=CARTESIAN_POINT('',(4.526982171,8.6868,9.407636993));
#12574=CIRCLE('',#12575,0.127);
#12575=AXIS2_PLACEMENT_3D('',#12576,#12577,#12578);
#12576=CARTESIAN_POINT('',(4.411881082,8.6868,9.461309512));
#12577=DIRECTION('',(0.0,1.0,0.0));
#12578=DIRECTION('',(-0.906307787,0.0,0.422618262));
#12579=ORIENTED_EDGE('',*,*,#12580,.T.);
#12580=EDGE_CURVE('',#12572,#12581,#12583,.F.);
#12581=VERTEX_POINT('',#12582);
#12582=CARTESIAN_POINT('',(4.043929497,9.8298,8.371727192));
#12583=CIRCLE('',#12584,1.143);
#12584=AXIS2_PLACEMENT_3D('',#12585,#12586,#12587);
#12585=CARTESIAN_POINT('',(4.043929497,8.6868,8.371727192));
#12586=DIRECTION('',(0.906307787,0.0,-0.422618262));
#12587=DIRECTION('',(0.0,1.0,0.0));
#12588=ORIENTED_EDGE('',*,*,#12589,.T.);
#12589=EDGE_CURVE('',#12581,#12590,#12592,.T.);
#12590=VERTEX_POINT('',#12591);
#12591=CARTESIAN_POINT('',(3.813727319,9.8298,8.479072231));
#12592=CIRCLE('',#12593,0.127);
#12593=AXIS2_PLACEMENT_3D('',#12594,#12595,#12596);
#12594=CARTESIAN_POINT('',(3.928828408,9.8298,8.425399711));
#12595=DIRECTION('',(0.422618262,0.0,0.906307787));
#12596=DIRECTION('',(0.906307787,0.0,-0.422618262));
#12597=ORIENTED_EDGE('',*,*,#12598,.T.);
#12598=EDGE_CURVE('',#12590,#12570,#12599,.F.);
#12599=CIRCLE('',#12600,1.143);
#12600=AXIS2_PLACEMENT_3D('',#12601,#12602,#12603);
#12601=CARTESIAN_POINT('',(3.813727319,8.6868,8.479072231));
#12602=DIRECTION('',(-0.906307787,0.0,0.422618262));
#12603=DIRECTION('',(0.422618262,0.0,0.906307787));
#12604=TOROIDAL_SURFACE('',#12605,1.143,0.127);
#12605=AXIS2_PLACEMENT_3D('',#12606,#12607,#12608);
#12606=CARTESIAN_POINT('',(3.928828408,8.6868,8.425399711));
#12607=DIRECTION('',(0.906307787,0.0,-0.422618262));
#12608=DIRECTION('',(-0.0067157,0.999873735,-0.014401866));
#12609=ADVANCED_FACE('',(#12610),#12670,.T.);
#12610=FACE_BOUND('',#12611,.T.);
#12611=EDGE_LOOP('',(#12612,#12613,#12621,#12630,#12638,#12647,#12655,#12664));
#12612=ORIENTED_EDGE('',*,*,#12598,.F.);
#12613=ORIENTED_EDGE('',*,*,#12614,.T.);
#12614=EDGE_CURVE('',#12590,#12615,#12617,.T.);
#12615=VERTEX_POINT('',#12616);
#12616=CARTESIAN_POINT('',(3.277002127,9.8298,7.328061341));
#12617=LINE('',#12618,#12619);
#12618=CARTESIAN_POINT('',(3.813727319,9.8298,8.479072231));
#12619=VECTOR('',#12620,1.0);
#12620=DIRECTION('',(-0.422618262,0.0,-0.906307787));
#12621=ORIENTED_EDGE('',*,*,#12622,.T.);
#12622=EDGE_CURVE('',#12615,#12623,#12625,.T.);
#12623=VERTEX_POINT('',#12624);
#12624=CARTESIAN_POINT('',(2.793949454,8.6868,6.292151541));
#12625=CIRCLE('',#12626,1.143);
#12626=AXIS2_PLACEMENT_3D('',#12627,#12628,#12629);
#12627=CARTESIAN_POINT('',(3.277002127,8.6868,7.328061341));
#12628=DIRECTION('',(-0.906307787,0.0,0.422618262));
#12629=DIRECTION('',(0.0,1.0,0.0));
#12630=ORIENTED_EDGE('',*,*,#12631,.T.);
#12631=EDGE_CURVE('',#12623,#12632,#12634,.T.);
#12632=VERTEX_POINT('',#12633);
#12633=CARTESIAN_POINT('',(2.793949454,1.27,6.292151541));
#12634=LINE('',#12635,#12636);
#12635=CARTESIAN_POINT('',(2.793949454,8.6868,6.292151541));
#12636=VECTOR('',#12637,1.0);
#12637=DIRECTION('',(0.0,-1.0,0.0));
#12638=ORIENTED_EDGE('',*,*,#12639,.T.);
#12639=EDGE_CURVE('',#12632,#12640,#12642,.T.);
#12640=VERTEX_POINT('',#12641);
#12641=CARTESIAN_POINT('',(3.277002127,0.127,7.328061341));
#12642=CIRCLE('',#12643,1.143);
#12643=AXIS2_PLACEMENT_3D('',#12644,#12645,#12646);
#12644=CARTESIAN_POINT('',(3.277002127,1.27,7.328061341));
#12645=DIRECTION('',(-0.906307787,0.0,0.422618262));
#12646=DIRECTION('',(-0.422618262,0.0,-0.906307787));
#12647=ORIENTED_EDGE('',*,*,#12648,.T.);
#12648=EDGE_CURVE('',#12640,#12649,#12651,.T.);
#12649=VERTEX_POINT('',#12650);
#12650=CARTESIAN_POINT('',(3.813727319,0.127,8.479072231));
#12651=LINE('',#12652,#12653);
#12652=CARTESIAN_POINT('',(3.277002127,0.127,7.328061341));
#12653=VECTOR('',#12654,1.0);
#12654=DIRECTION('',(0.422618262,0.0,0.906307787));
#12655=ORIENTED_EDGE('',*,*,#12656,.T.);
#12656=EDGE_CURVE('',#12649,#12657,#12659,.T.);
#12657=VERTEX_POINT('',#12658);
#12658=CARTESIAN_POINT('',(4.296779993,1.27,9.514982031));
#12659=CIRCLE('',#12660,1.143);
#12660=AXIS2_PLACEMENT_3D('',#12661,#12662,#12663);
#12661=CARTESIAN_POINT('',(3.813727319,1.27,8.479072231));
#12662=DIRECTION('',(-0.906307787,0.0,0.422618262));
#12663=DIRECTION('',(0.0,-1.0,0.0));
#12664=ORIENTED_EDGE('',*,*,#12665,.T.);
#12665=EDGE_CURVE('',#12657,#12570,#12666,.T.);
#12666=LINE('',#12667,#12668);
#12667=CARTESIAN_POINT('',(4.296779993,1.27,9.514982031));
#12668=VECTOR('',#12669,1.0);
#12669=DIRECTION('',(0.0,1.0,0.0));
#12670=PLANE('',#12671);
#12671=AXIS2_PLACEMENT_3D('',#12672,#12673,#12674);
#12672=CARTESIAN_POINT('',(2.740276935,0.0,6.177050452));
#12673=DIRECTION('',(-0.906307787,0.0,0.422618262));
#12674=DIRECTION('',(0.422618262,0.0,0.906307787));
#12675=ADVANCED_FACE('',(#12676),#12695,.T.);
#12676=FACE_BOUND('',#12677,.T.);
#12677=EDGE_LOOP('',(#12678,#12687,#12693,#12694));
#12678=ORIENTED_EDGE('',*,*,#12679,.T.);
#12679=EDGE_CURVE('',#12657,#12680,#12682,.F.);
#12680=VERTEX_POINT('',#12681);
#12681=CARTESIAN_POINT('',(4.526982171,1.27,9.407636993));
#12682=CIRCLE('',#12683,0.127);
#12683=AXIS2_PLACEMENT_3D('',#12684,#12685,#12686);
#12684=CARTESIAN_POINT('',(4.411881082,1.27,9.461309512));
#12685=DIRECTION('',(0.0,-1.0,0.0));
#12686=DIRECTION('',(0.906307787,0.0,-0.422618262));
#12687=ORIENTED_EDGE('',*,*,#12688,.T.);
#12688=EDGE_CURVE('',#12680,#12572,#12689,.F.);
#12689=LINE('',#12690,#12691);
#12690=CARTESIAN_POINT('',(4.526982171,8.6868,9.407636993));
#12691=VECTOR('',#12692,1.0);
#12692=DIRECTION('',(0.0,-1.0,0.0));
#12693=ORIENTED_EDGE('',*,*,#12569,.F.);
#12694=ORIENTED_EDGE('',*,*,#12665,.F.);
#12695=CYLINDRICAL_SURFACE('',#12696,0.127);
#12696=AXIS2_PLACEMENT_3D('',#12697,#12698,#12699);
#12697=CARTESIAN_POINT('',(4.411881082,8.717093534,9.461309512));
#12698=DIRECTION('',(0.0,-1.0,0.0));
#12699=DIRECTION('',(0.906307787,0.0,-0.422618262));
#12700=ADVANCED_FACE('',(#12701),#12754,.T.);
#12701=FACE_BOUND('',#12702,.T.);
#12702=EDGE_LOOP('',(#12703,#12712,#12720,#12729,#12737,#12746,#12752,#12753));
#12703=ORIENTED_EDGE('',*,*,#12704,.T.);
#12704=EDGE_CURVE('',#12680,#12705,#12707,.T.);
#12705=VERTEX_POINT('',#12706);
#12706=CARTESIAN_POINT('',(4.043929497,0.127,8.371727192));
#12707=CIRCLE('',#12708,1.143);
#12708=AXIS2_PLACEMENT_3D('',#12709,#12710,#12711);
#12709=CARTESIAN_POINT('',(4.043929497,1.27,8.371727192));
#12710=DIRECTION('',(0.906307787,0.0,-0.422618262));
#12711=DIRECTION('',(0.422618262,0.0,0.906307787));
#12712=ORIENTED_EDGE('',*,*,#12713,.T.);
#12713=EDGE_CURVE('',#12705,#12714,#12716,.T.);
#12714=VERTEX_POINT('',#12715);
#12715=CARTESIAN_POINT('',(3.507204305,0.127,7.220716303));
#12716=LINE('',#12717,#12718);
#12717=CARTESIAN_POINT('',(4.043929497,0.127,8.371727192));
#12718=VECTOR('',#12719,1.0);
#12719=DIRECTION('',(-0.422618262,0.0,-0.906307787));
#12720=ORIENTED_EDGE('',*,*,#12721,.T.);
#12721=EDGE_CURVE('',#12714,#12722,#12724,.T.);
#12722=VERTEX_POINT('',#12723);
#12723=CARTESIAN_POINT('',(3.024151632,1.27,6.184806502));
#12724=CIRCLE('',#12725,1.143);
#12725=AXIS2_PLACEMENT_3D('',#12726,#12727,#12728);
#12726=CARTESIAN_POINT('',(3.507204305,1.27,7.220716303));
#12727=DIRECTION('',(0.906307787,0.0,-0.422618262));
#12728=DIRECTION('',(0.0,-1.0,0.0));
#12729=ORIENTED_EDGE('',*,*,#12730,.T.);
#12730=EDGE_CURVE('',#12722,#12731,#12733,.T.);
#12731=VERTEX_POINT('',#12732);
#12732=CARTESIAN_POINT('',(3.024151632,8.6868,6.184806502));
#12733=LINE('',#12734,#12735);
#12734=CARTESIAN_POINT('',(3.024151632,1.27,6.184806502));
#12735=VECTOR('',#12736,1.0);
#12736=DIRECTION('',(0.0,1.0,0.0));
#12737=ORIENTED_EDGE('',*,*,#12738,.T.);
#12738=EDGE_CURVE('',#12731,#12739,#12741,.T.);
#12739=VERTEX_POINT('',#12740);
#12740=CARTESIAN_POINT('',(3.507204305,9.8298,7.220716303));
#12741=CIRCLE('',#12742,1.143);
#12742=AXIS2_PLACEMENT_3D('',#12743,#12744,#12745);
#12743=CARTESIAN_POINT('',(3.507204305,8.6868,7.220716303));
#12744=DIRECTION('',(0.906307787,0.0,-0.422618262));
#12745=DIRECTION('',(-0.422618262,0.0,-0.906307787));
#12746=ORIENTED_EDGE('',*,*,#12747,.T.);
#12747=EDGE_CURVE('',#12739,#12581,#12748,.T.);
#12748=LINE('',#12749,#12750);
#12749=CARTESIAN_POINT('',(3.507204305,9.8298,7.220716303));
#12750=VECTOR('',#12751,1.0);
#12751=DIRECTION('',(0.422618262,0.0,0.906307787));
#12752=ORIENTED_EDGE('',*,*,#12580,.F.);
#12753=ORIENTED_EDGE('',*,*,#12688,.F.);
#12754=PLANE('',#12755);
#12755=AXIS2_PLACEMENT_3D('',#12756,#12757,#12758);
#12756=CARTESIAN_POINT('',(4.58065469,0.0,9.522738082));
#12757=DIRECTION('',(0.906307787,0.0,-0.422618262));
#12758=DIRECTION('',(-0.422618262,0.0,-0.906307787));
#12759=ADVANCED_FACE('',(#12760),#12772,.T.);
#12760=FACE_BOUND('',#12761,.T.);
#12761=EDGE_LOOP('',(#12762,#12763,#12764,#12771));
#12762=ORIENTED_EDGE('',*,*,#12589,.F.);
#12763=ORIENTED_EDGE('',*,*,#12747,.F.);
#12764=ORIENTED_EDGE('',*,*,#12765,.T.);
#12765=EDGE_CURVE('',#12739,#12615,#12766,.T.);
#12766=CIRCLE('',#12767,0.127);
#12767=AXIS2_PLACEMENT_3D('',#12768,#12769,#12770);
#12768=CARTESIAN_POINT('',(3.392103216,9.8298,7.274388822));
#12769=DIRECTION('',(0.422618262,0.0,0.906307787));
#12770=DIRECTION('',(0.906307787,0.0,-0.422618262));
#12771=ORIENTED_EDGE('',*,*,#12614,.F.);
#12772=CYLINDRICAL_SURFACE('',#12773,0.127);
#12773=AXIS2_PLACEMENT_3D('',#12774,#12775,#12776);
#12774=CARTESIAN_POINT('',(3.38468684,9.8298,7.258484352));
#12775=DIRECTION('',(0.422618262,0.0,0.906307787));
#12776=DIRECTION('',(0.906307787,0.0,-0.422618262));
#12777=ADVANCED_FACE('',(#12778),#12790,.T.);
#12778=FACE_BOUND('',#12779,.T.);
#12779=EDGE_LOOP('',(#12780,#12781,#12782,#12789));
#12780=ORIENTED_EDGE('',*,*,#12765,.F.);
#12781=ORIENTED_EDGE('',*,*,#12738,.F.);
#12782=ORIENTED_EDGE('',*,*,#12783,.T.);
#12783=EDGE_CURVE('',#12731,#12623,#12784,.T.);
#12784=CIRCLE('',#12785,0.127);
#12785=AXIS2_PLACEMENT_3D('',#12786,#12787,#12788);
#12786=CARTESIAN_POINT('',(2.909050543,8.6868,6.238479021));
#12787=DIRECTION('',(0.0,1.0,0.0));
#12788=DIRECTION('',(0.906307787,0.0,-0.422618262));
#12789=ORIENTED_EDGE('',*,*,#12622,.F.);
#12790=TOROIDAL_SURFACE('',#12791,1.143,0.127);
#12791=AXIS2_PLACEMENT_3D('',#12792,#12793,#12794);
#12792=CARTESIAN_POINT('',(3.392103216,8.6868,7.274388822));
#12793=DIRECTION('',(-0.906307787,0.0,0.422618262));
#12794=DIRECTION('',(-0.422510581,-0.022572657,-0.906076864));
#12795=ADVANCED_FACE('',(#12796),#12808,.T.);
#12796=FACE_BOUND('',#12797,.T.);
#12797=EDGE_LOOP('',(#12798,#12799,#12800,#12807));
#12798=ORIENTED_EDGE('',*,*,#12783,.F.);
#12799=ORIENTED_EDGE('',*,*,#12730,.F.);
#12800=ORIENTED_EDGE('',*,*,#12801,.T.);
#12801=EDGE_CURVE('',#12722,#12632,#12802,.T.);
#12802=CIRCLE('',#12803,0.127);
#12803=AXIS2_PLACEMENT_3D('',#12804,#12805,#12806);
#12804=CARTESIAN_POINT('',(2.909050543,1.27,6.238479021));
#12805=DIRECTION('',(0.0,1.0,0.0));
#12806=DIRECTION('',(0.906307787,0.0,-0.422618262));
#12807=ORIENTED_EDGE('',*,*,#12631,.F.);
#12808=CYLINDRICAL_SURFACE('',#12809,0.127);
#12809=AXIS2_PLACEMENT_3D('',#12810,#12811,#12812);
#12810=CARTESIAN_POINT('',(2.909050543,1.252451359,6.238479021));
#12811=DIRECTION('',(0.0,1.0,0.0));
#12812=DIRECTION('',(0.906307787,0.0,-0.422618262));
#12813=ADVANCED_FACE('',(#12814),#12826,.T.);
#12814=FACE_BOUND('',#12815,.T.);
#12815=EDGE_LOOP('',(#12816,#12817,#12818,#12825));
#12816=ORIENTED_EDGE('',*,*,#12801,.F.);
#12817=ORIENTED_EDGE('',*,*,#12721,.F.);
#12818=ORIENTED_EDGE('',*,*,#12819,.T.);
#12819=EDGE_CURVE('',#12714,#12640,#12820,.T.);
#12820=CIRCLE('',#12821,0.127);
#12821=AXIS2_PLACEMENT_3D('',#12822,#12823,#12824);
#12822=CARTESIAN_POINT('',(3.392103216,0.127,7.274388822));
#12823=DIRECTION('',(-0.422618262,0.0,-0.906307787));
#12824=DIRECTION('',(0.906307787,0.0,-0.422618262));
#12825=ORIENTED_EDGE('',*,*,#12639,.F.);
#12826=TOROIDAL_SURFACE('',#12827,1.143,0.127);
#12827=AXIS2_PLACEMENT_3D('',#12828,#12829,#12830);
#12828=CARTESIAN_POINT('',(3.392103216,1.27,7.274388822));
#12829=DIRECTION('',(0.906307787,0.0,-0.422618262));
#12830=DIRECTION('',(0.0067157,-0.999873735,0.014401866));
#12831=ADVANCED_FACE('',(#12832),#12844,.T.);
#12832=FACE_BOUND('',#12833,.T.);
#12833=EDGE_LOOP('',(#12834,#12835,#12836,#12843));
#12834=ORIENTED_EDGE('',*,*,#12819,.F.);
#12835=ORIENTED_EDGE('',*,*,#12713,.F.);
#12836=ORIENTED_EDGE('',*,*,#12837,.T.);
#12837=EDGE_CURVE('',#12705,#12649,#12838,.T.);
#12838=CIRCLE('',#12839,0.127);
#12839=AXIS2_PLACEMENT_3D('',#12840,#12841,#12842);
#12840=CARTESIAN_POINT('',(3.928828408,0.127,8.425399711));
#12841=DIRECTION('',(-0.422618262,0.0,-0.906307787));
#12842=DIRECTION('',(0.906307787,0.0,-0.422618262));
#12843=ORIENTED_EDGE('',*,*,#12648,.F.);
#12844=CYLINDRICAL_SURFACE('',#12845,0.127);
#12845=AXIS2_PLACEMENT_3D('',#12846,#12847,#12848);
#12846=CARTESIAN_POINT('',(3.941631009,0.127,8.452854977));
#12847=DIRECTION('',(-0.422618262,0.0,-0.906307787));
#12848=DIRECTION('',(0.906307787,0.0,-0.422618262));
#12849=ADVANCED_FACE('',(#12850),#12856,.T.);
#12850=FACE_BOUND('',#12851,.T.);
#12851=EDGE_LOOP('',(#12852,#12853,#12854,#12855));
#12852=ORIENTED_EDGE('',*,*,#12837,.F.);
#12853=ORIENTED_EDGE('',*,*,#12704,.F.);
#12854=ORIENTED_EDGE('',*,*,#12679,.F.);
#12855=ORIENTED_EDGE('',*,*,#12656,.F.);
#12856=TOROIDAL_SURFACE('',#12857,1.143,0.127);
#12857=AXIS2_PLACEMENT_3D('',#12858,#12859,#12860);
#12858=CARTESIAN_POINT('',(3.928828408,1.27,8.425399711));
#12859=DIRECTION('',(-0.906307787,0.0,0.422618262));
#12860=DIRECTION('',(0.422510581,0.022572657,0.906076864));
#12861=MANIFOLD_SOLID_BREP('',#12862);
#12862=CLOSED_SHELL('',(#12863,#12907,#12973,#12998,#13057,#13075,#13093,#13111,#13129,#13147));
#12863=ADVANCED_FACE('',(#12864),#12902,.T.);
#12864=FACE_BOUND('',#12865,.T.);
#12865=EDGE_LOOP('',(#12866,#12877,#12886,#12895));
#12866=ORIENTED_EDGE('',*,*,#12867,.T.);
#12867=EDGE_CURVE('',#12868,#12870,#12872,.T.);
#12868=VERTEX_POINT('',#12869);
#12869=CARTESIAN_POINT('',(5.109714774,8.6868,9.1042856));
#12870=VERTEX_POINT('',#12871);
#12871=CARTESIAN_POINT('',(5.329685226,8.6868,8.9772856));
#12872=CIRCLE('',#12873,0.127);
#12873=AXIS2_PLACEMENT_3D('',#12874,#12875,#12876);
#12874=CARTESIAN_POINT('',(5.2197,8.6868,9.0407856));
#12875=DIRECTION('',(0.0,1.0,0.0));
#12876=DIRECTION('',(-0.866025404,0.0,0.5));
#12877=ORIENTED_EDGE('',*,*,#12878,.T.);
#12878=EDGE_CURVE('',#12870,#12879,#12881,.F.);
#12879=VERTEX_POINT('',#12880);
#12880=CARTESIAN_POINT('',(4.758185226,9.8298,7.987418564));
#12881=CIRCLE('',#12882,1.143);
#12882=AXIS2_PLACEMENT_3D('',#12883,#12884,#12885);
#12883=CARTESIAN_POINT('',(4.758185226,8.6868,7.987418564));
#12884=DIRECTION('',(0.866025404,0.0,-0.5));
#12885=DIRECTION('',(0.0,1.0,0.0));
#12886=ORIENTED_EDGE('',*,*,#12887,.T.);
#12887=EDGE_CURVE('',#12879,#12888,#12890,.T.);
#12888=VERTEX_POINT('',#12889);
#12889=CARTESIAN_POINT('',(4.538214774,9.8298,8.114418564));
#12890=CIRCLE('',#12891,0.127);
#12891=AXIS2_PLACEMENT_3D('',#12892,#12893,#12894);
#12892=CARTESIAN_POINT('',(4.6482,9.8298,8.050918564));
#12893=DIRECTION('',(0.5,0.0,0.866025404));
#12894=DIRECTION('',(0.866025404,-1.110223025E-14,-0.5));
#12895=ORIENTED_EDGE('',*,*,#12896,.T.);
#12896=EDGE_CURVE('',#12888,#12868,#12897,.F.);
#12897=CIRCLE('',#12898,1.143);
#12898=AXIS2_PLACEMENT_3D('',#12899,#12900,#12901);
#12899=CARTESIAN_POINT('',(4.538214774,8.6868,8.114418564));
#12900=DIRECTION('',(-0.866025404,0.0,0.5));
#12901=DIRECTION('',(0.5,0.0,0.866025404));
#12902=TOROIDAL_SURFACE('',#12903,1.143,0.127);
#12903=AXIS2_PLACEMENT_3D('',#12904,#12905,#12906);
#12904=CARTESIAN_POINT('',(4.6482,8.6868,8.050918564));
#12905=DIRECTION('',(0.866025404,0.0,-0.5));
#12906=DIRECTION('',(-0.00794535,0.999873735,-0.013761751));
#12907=ADVANCED_FACE('',(#12908),#12968,.T.);
#12908=FACE_BOUND('',#12909,.T.);
#12909=EDGE_LOOP('',(#12910,#12911,#12919,#12928,#12936,#12945,#12953,#12962));
#12910=ORIENTED_EDGE('',*,*,#12896,.F.);
#12911=ORIENTED_EDGE('',*,*,#12912,.T.);
#12912=EDGE_CURVE('',#12888,#12913,#12915,.T.);
#12913=VERTEX_POINT('',#12914);
#12914=CARTESIAN_POINT('',(3.903214774,9.8298,7.014566301));
#12915=LINE('',#12916,#12917);
#12916=CARTESIAN_POINT('',(4.538214774,9.8298,8.114418564));
#12917=VECTOR('',#12918,1.0);
#12918=DIRECTION('',(-0.5,0.0,-0.866025404));
#12919=ORIENTED_EDGE('',*,*,#12920,.T.);
#12920=EDGE_CURVE('',#12913,#12921,#12923,.T.);
#12921=VERTEX_POINT('',#12922);
#12922=CARTESIAN_POINT('',(3.331714774,8.6868,6.024699264));
#12923=CIRCLE('',#12924,1.143);
#12924=AXIS2_PLACEMENT_3D('',#12925,#12926,#12927);
#12925=CARTESIAN_POINT('',(3.903214774,8.6868,7.014566301));
#12926=DIRECTION('',(-0.866025404,0.0,0.5));
#12927=DIRECTION('',(0.0,1.0,0.0));
#12928=ORIENTED_EDGE('',*,*,#12929,.T.);
#12929=EDGE_CURVE('',#12921,#12930,#12932,.T.);
#12930=VERTEX_POINT('',#12931);
#12931=CARTESIAN_POINT('',(3.331714774,1.27,6.024699264));
#12932=LINE('',#12933,#12934);
#12933=CARTESIAN_POINT('',(3.331714774,8.6868,6.024699264));
#12934=VECTOR('',#12935,1.0);
#12935=DIRECTION('',(0.0,-1.0,0.0));
#12936=ORIENTED_EDGE('',*,*,#12937,.T.);
#12937=EDGE_CURVE('',#12930,#12938,#12940,.T.);
#12938=VERTEX_POINT('',#12939);
#12939=CARTESIAN_POINT('',(3.903214774,0.127,7.014566301));
#12940=CIRCLE('',#12941,1.143);
#12941=AXIS2_PLACEMENT_3D('',#12942,#12943,#12944);
#12942=CARTESIAN_POINT('',(3.903214774,1.27,7.014566301));
#12943=DIRECTION('',(-0.866025404,0.0,0.5));
#12944=DIRECTION('',(-0.5,0.0,-0.866025404));
#12945=ORIENTED_EDGE('',*,*,#12946,.T.);
#12946=EDGE_CURVE('',#12938,#12947,#12949,.T.);
#12947=VERTEX_POINT('',#12948);
#12948=CARTESIAN_POINT('',(4.538214774,0.127,8.114418564));
#12949=LINE('',#12950,#12951);
#12950=CARTESIAN_POINT('',(3.903214774,0.127,7.014566301));
#12951=VECTOR('',#12952,1.0);
#12952=DIRECTION('',(0.5,0.0,0.866025404));
#12953=ORIENTED_EDGE('',*,*,#12954,.T.);
#12954=EDGE_CURVE('',#12947,#12955,#12957,.T.);
#12955=VERTEX_POINT('',#12956);
#12956=CARTESIAN_POINT('',(5.109714774,1.27,9.1042856));
#12957=CIRCLE('',#12958,1.143);
#12958=AXIS2_PLACEMENT_3D('',#12959,#12960,#12961);
#12959=CARTESIAN_POINT('',(4.538214774,1.27,8.114418564));
#12960=DIRECTION('',(-0.866025404,0.0,0.5));
#12961=DIRECTION('',(0.0,-1.0,0.0));
#12962=ORIENTED_EDGE('',*,*,#12963,.T.);
#12963=EDGE_CURVE('',#12955,#12868,#12964,.T.);
#12964=LINE('',#12965,#12966);
#12965=CARTESIAN_POINT('',(5.109714774,1.27,9.1042856));
#12966=VECTOR('',#12967,1.0);
#12967=DIRECTION('',(0.0,1.0,0.0));
#12968=PLANE('',#12969);
#12969=AXIS2_PLACEMENT_3D('',#12970,#12971,#12972);
#12970=CARTESIAN_POINT('',(3.268214774,0.0,5.914714038));
#12971=DIRECTION('',(-0.866025404,0.0,0.5));
#12972=DIRECTION('',(0.5,0.0,0.866025404));
#12973=ADVANCED_FACE('',(#12974),#12993,.T.);
#12974=FACE_BOUND('',#12975,.T.);
#12975=EDGE_LOOP('',(#12976,#12985,#12991,#12992));
#12976=ORIENTED_EDGE('',*,*,#12977,.T.);
#12977=EDGE_CURVE('',#12955,#12978,#12980,.F.);
#12978=VERTEX_POINT('',#12979);
#12979=CARTESIAN_POINT('',(5.329685226,1.27,8.9772856));
#12980=CIRCLE('',#12981,0.127);
#12981=AXIS2_PLACEMENT_3D('',#12982,#12983,#12984);
#12982=CARTESIAN_POINT('',(5.2197,1.27,9.0407856));
#12983=DIRECTION('',(0.0,-1.0,0.0));
#12984=DIRECTION('',(0.866025404,0.0,-0.5));
#12985=ORIENTED_EDGE('',*,*,#12986,.T.);
#12986=EDGE_CURVE('',#12978,#12870,#12987,.F.);
#12987=LINE('',#12988,#12989);
#12988=CARTESIAN_POINT('',(5.329685226,8.6868,8.9772856));
#12989=VECTOR('',#12990,1.0);
#12990=DIRECTION('',(0.0,-1.0,0.0));
#12991=ORIENTED_EDGE('',*,*,#12867,.F.);
#12992=ORIENTED_EDGE('',*,*,#12963,.F.);
#12993=CYLINDRICAL_SURFACE('',#12994,0.127);
#12994=AXIS2_PLACEMENT_3D('',#12995,#12996,#12997);
#12995=CARTESIAN_POINT('',(5.2197,8.717093534,9.0407856));
#12996=DIRECTION('',(0.0,-1.0,0.0));
#12997=DIRECTION('',(0.866025404,0.0,-0.5));
#12998=ADVANCED_FACE('',(#12999),#13052,.T.);
#12999=FACE_BOUND('',#13000,.T.);
#13000=EDGE_LOOP('',(#13001,#13010,#13018,#13027,#13035,#13044,#13050,#13051));
#13001=ORIENTED_EDGE('',*,*,#13002,.T.);
#13002=EDGE_CURVE('',#12978,#13003,#13005,.T.);
#13003=VERTEX_POINT('',#13004);
#13004=CARTESIAN_POINT('',(4.758185226,0.127,7.987418564));
#13005=CIRCLE('',#13006,1.143);
#13006=AXIS2_PLACEMENT_3D('',#13007,#13008,#13009);
#13007=CARTESIAN_POINT('',(4.758185226,1.27,7.987418564));
#13008=DIRECTION('',(0.866025404,0.0,-0.5));
#13009=DIRECTION('',(0.5,0.0,0.866025404));
#13010=ORIENTED_EDGE('',*,*,#13011,.T.);
#13011=EDGE_CURVE('',#13003,#13012,#13014,.T.);
#13012=VERTEX_POINT('',#13013);
#13013=CARTESIAN_POINT('',(4.123185226,0.127,6.887566301));
#13014=LINE('',#13015,#13016);
#13015=CARTESIAN_POINT('',(4.758185226,0.127,7.987418564));
#13016=VECTOR('',#13017,1.0);
#13017=DIRECTION('',(-0.5,0.0,-0.866025404));
#13018=ORIENTED_EDGE('',*,*,#13019,.T.);
#13019=EDGE_CURVE('',#13012,#13020,#13022,.T.);
#13020=VERTEX_POINT('',#13021);
#13021=CARTESIAN_POINT('',(3.551685226,1.27,5.897699264));
#13022=CIRCLE('',#13023,1.143);
#13023=AXIS2_PLACEMENT_3D('',#13024,#13025,#13026);
#13024=CARTESIAN_POINT('',(4.123185226,1.27,6.887566301));
#13025=DIRECTION('',(0.866025404,0.0,-0.5));
#13026=DIRECTION('',(0.0,-1.0,0.0));
#13027=ORIENTED_EDGE('',*,*,#13028,.T.);
#13028=EDGE_CURVE('',#13020,#13029,#13031,.T.);
#13029=VERTEX_POINT('',#13030);
#13030=CARTESIAN_POINT('',(3.551685226,8.6868,5.897699264));
#13031=LINE('',#13032,#13033);
#13032=CARTESIAN_POINT('',(3.551685226,1.27,5.897699264));
#13033=VECTOR('',#13034,1.0);
#13034=DIRECTION('',(0.0,1.0,0.0));
#13035=ORIENTED_EDGE('',*,*,#13036,.T.);
#13036=EDGE_CURVE('',#13029,#13037,#13039,.T.);
#13037=VERTEX_POINT('',#13038);
#13038=CARTESIAN_POINT('',(4.123185226,9.8298,6.887566301));
#13039=CIRCLE('',#13040,1.143);
#13040=AXIS2_PLACEMENT_3D('',#13041,#13042,#13043);
#13041=CARTESIAN_POINT('',(4.123185226,8.6868,6.887566301));
#13042=DIRECTION('',(0.866025404,0.0,-0.5));
#13043=DIRECTION('',(-0.5,0.0,-0.866025404));
#13044=ORIENTED_EDGE('',*,*,#13045,.T.);
#13045=EDGE_CURVE('',#13037,#12879,#13046,.T.);
#13046=LINE('',#13047,#13048);
#13047=CARTESIAN_POINT('',(4.123185226,9.8298,6.887566301));
#13048=VECTOR('',#13049,1.0);
#13049=DIRECTION('',(0.5,0.0,0.866025404));
#13050=ORIENTED_EDGE('',*,*,#12878,.F.);
#13051=ORIENTED_EDGE('',*,*,#12986,.F.);
#13052=PLANE('',#13053);
#13053=AXIS2_PLACEMENT_3D('',#13054,#13055,#13056);
#13054=CARTESIAN_POINT('',(5.393185226,0.0,9.087270827));
#13055=DIRECTION('',(0.866025404,0.0,-0.5));
#13056=DIRECTION('',(-0.5,0.0,-0.866025404));
#13057=ADVANCED_FACE('',(#13058),#13070,.T.);
#13058=FACE_BOUND('',#13059,.T.);
#13059=EDGE_LOOP('',(#13060,#13061,#13062,#13069));
#13060=ORIENTED_EDGE('',*,*,#12887,.F.);
#13061=ORIENTED_EDGE('',*,*,#13045,.F.);
#13062=ORIENTED_EDGE('',*,*,#13063,.T.);
#13063=EDGE_CURVE('',#13037,#12913,#13064,.T.);
#13064=CIRCLE('',#13065,0.127);
#13065=AXIS2_PLACEMENT_3D('',#13066,#13067,#13068);
#13066=CARTESIAN_POINT('',(4.0132,9.8298,6.951066301));
#13067=DIRECTION('',(0.5,0.0,0.866025404));
#13068=DIRECTION('',(0.866025404,0.0,-0.5));
#13069=ORIENTED_EDGE('',*,*,#12912,.F.);
#13070=CYLINDRICAL_SURFACE('',#13071,0.127);
#13071=AXIS2_PLACEMENT_3D('',#13072,#13073,#13074);
#13072=CARTESIAN_POINT('',(4.00442568,9.8298,6.935868732));
#13073=DIRECTION('',(0.5,0.0,0.866025404));
#13074=DIRECTION('',(0.866025404,0.0,-0.5));
#13075=ADVANCED_FACE('',(#13076),#13088,.T.);
#13076=FACE_BOUND('',#13077,.T.);
#13077=EDGE_LOOP('',(#13078,#13079,#13080,#13087));
#13078=ORIENTED_EDGE('',*,*,#13063,.F.);
#13079=ORIENTED_EDGE('',*,*,#13036,.F.);
#13080=ORIENTED_EDGE('',*,*,#13081,.T.);
#13081=EDGE_CURVE('',#13029,#12921,#13082,.T.);
#13082=CIRCLE('',#13083,0.127);
#13083=AXIS2_PLACEMENT_3D('',#13084,#13085,#13086);
#13084=CARTESIAN_POINT('',(3.4417,8.6868,5.961199264));
#13085=DIRECTION('',(0.0,1.0,0.0));
#13086=DIRECTION('',(0.866025404,0.0,-0.5));
#13087=ORIENTED_EDGE('',*,*,#12920,.F.);
#13088=TOROIDAL_SURFACE('',#13089,1.143,0.127);
#13089=AXIS2_PLACEMENT_3D('',#13090,#13091,#13092);
#13090=CARTESIAN_POINT('',(4.0132,8.6868,6.951066301));
#13091=DIRECTION('',(-0.866025404,0.0,0.5));
#13092=DIRECTION('',(-0.499872603,-0.022572657,-0.865804745));
#13093=ADVANCED_FACE('',(#13094),#13106,.T.);
#13094=FACE_BOUND('',#13095,.T.);
#13095=EDGE_LOOP('',(#13096,#13097,#13098,#13105));
#13096=ORIENTED_EDGE('',*,*,#13081,.F.);
#13097=ORIENTED_EDGE('',*,*,#13028,.F.);
#13098=ORIENTED_EDGE('',*,*,#13099,.T.);
#13099=EDGE_CURVE('',#13020,#12930,#13100,.T.);
#13100=CIRCLE('',#13101,0.127);
#13101=AXIS2_PLACEMENT_3D('',#13102,#13103,#13104);
#13102=CARTESIAN_POINT('',(3.4417,1.27,5.961199264));
#13103=DIRECTION('',(0.0,1.0,0.0));
#13104=DIRECTION('',(0.866025404,0.0,-0.5));
#13105=ORIENTED_EDGE('',*,*,#12929,.F.);
#13106=CYLINDRICAL_SURFACE('',#13107,0.127);
#13107=AXIS2_PLACEMENT_3D('',#13108,#13109,#13110);
#13108=CARTESIAN_POINT('',(3.4417,1.252451359,5.961199264));
#13109=DIRECTION('',(0.0,1.0,0.0));
#13110=DIRECTION('',(0.866025404,0.0,-0.5));
#13111=ADVANCED_FACE('',(#13112),#13124,.T.);
#13112=FACE_BOUND('',#13113,.T.);
#13113=EDGE_LOOP('',(#13114,#13115,#13116,#13123));
#13114=ORIENTED_EDGE('',*,*,#13099,.F.);
#13115=ORIENTED_EDGE('',*,*,#13019,.F.);
#13116=ORIENTED_EDGE('',*,*,#13117,.T.);
#13117=EDGE_CURVE('',#13012,#12938,#13118,.T.);
#13118=CIRCLE('',#13119,0.127);
#13119=AXIS2_PLACEMENT_3D('',#13120,#13121,#13122);
#13120=CARTESIAN_POINT('',(4.0132,0.127,6.951066301));
#13121=DIRECTION('',(-0.5,0.0,-0.866025404));
#13122=DIRECTION('',(0.866025404,0.0,-0.5));
#13123=ORIENTED_EDGE('',*,*,#12937,.F.);
#13124=TOROIDAL_SURFACE('',#13125,1.143,0.127);
#13125=AXIS2_PLACEMENT_3D('',#13126,#13127,#13128);
#13126=CARTESIAN_POINT('',(4.0132,1.27,6.951066301));
#13127=DIRECTION('',(0.866025404,0.0,-0.5));
#13128=DIRECTION('',(0.00794535,-0.999873735,0.013761751));
#13129=ADVANCED_FACE('',(#13130),#13142,.T.);
#13130=FACE_BOUND('',#13131,.T.);
#13131=EDGE_LOOP('',(#13132,#13133,#13134,#13141));
#13132=ORIENTED_EDGE('',*,*,#13117,.F.);
#13133=ORIENTED_EDGE('',*,*,#13011,.F.);
#13134=ORIENTED_EDGE('',*,*,#13135,.T.);
#13135=EDGE_CURVE('',#13003,#12947,#13136,.T.);
#13136=CIRCLE('',#13137,0.127);
#13137=AXIS2_PLACEMENT_3D('',#13138,#13139,#13140);
#13138=CARTESIAN_POINT('',(4.6482,0.127,8.050918564));
#13139=DIRECTION('',(-0.5,0.0,-0.866025404));
#13140=DIRECTION('',(0.866025404,0.0,-0.5));
#13141=ORIENTED_EDGE('',*,*,#12946,.F.);
#13142=CYLINDRICAL_SURFACE('',#13143,0.127);
#13143=AXIS2_PLACEMENT_3D('',#13144,#13145,#13146);
#13144=CARTESIAN_POINT('',(4.663346767,0.127,8.077153534));
#13145=DIRECTION('',(-0.5,0.0,-0.866025404));
#13146=DIRECTION('',(0.866025404,0.0,-0.5));
#13147=ADVANCED_FACE('',(#13148),#13154,.T.);
#13148=FACE_BOUND('',#13149,.T.);
#13149=EDGE_LOOP('',(#13150,#13151,#13152,#13153));
#13150=ORIENTED_EDGE('',*,*,#13135,.F.);
#13151=ORIENTED_EDGE('',*,*,#13002,.F.);
#13152=ORIENTED_EDGE('',*,*,#12977,.F.);
#13153=ORIENTED_EDGE('',*,*,#12954,.F.);
#13154=TOROIDAL_SURFACE('',#13155,1.143,0.127);
#13155=AXIS2_PLACEMENT_3D('',#13156,#13157,#13158);
#13156=CARTESIAN_POINT('',(4.6482,1.27,8.050918564));
#13157=DIRECTION('',(-0.866025404,0.0,0.5));
#13158=DIRECTION('',(0.499872603,0.022572657,0.865804745));
#13159=MANIFOLD_SOLID_BREP('',#13160);
#13160=CLOSED_SHELL('',(#13161,#13205,#13271,#13296,#13355,#13373,#13391,#13409,#13427,#13445));
#13161=ADVANCED_FACE('',(#13162),#13200,.T.);
#13162=FACE_BOUND('',#13163,.T.);
#13163=EDGE_LOOP('',(#13164,#13175,#13184,#13193));
#13164=ORIENTED_EDGE('',*,*,#13165,.T.);
#13165=EDGE_CURVE('',#13166,#13168,#13170,.T.);
#13166=VERTEX_POINT('',#13167);
#13167=CARTESIAN_POINT('',(5.88376154,8.6868,8.624300059));
#13168=VERTEX_POINT('',#13169);
#13169=CARTESIAN_POINT('',(6.091826159,8.6868,8.478611644));
#13170=CIRCLE('',#13171,0.127);
#13171=AXIS2_PLACEMENT_3D('',#13172,#13173,#13174);
#13172=CARTESIAN_POINT('',(5.98779385,8.6868,8.551455851));
#13173=DIRECTION('',(0.0,1.0,0.0));
#13174=DIRECTION('',(-0.819152044,0.0,0.573576436));
#13175=ORIENTED_EDGE('',*,*,#13176,.T.);
#13176=EDGE_CURVE('',#13168,#13177,#13179,.F.);
#13177=VERTEX_POINT('',#13178);
#13178=CARTESIAN_POINT('',(5.436228293,9.8298,7.542320857));
#13179=CIRCLE('',#13180,1.143);
#13180=AXIS2_PLACEMENT_3D('',#13181,#13182,#13183);
#13181=CARTESIAN_POINT('',(5.436228293,8.6868,7.542320857));
#13182=DIRECTION('',(0.819152044,0.0,-0.573576436));
#13183=DIRECTION('',(0.0,1.0,0.0));
#13184=ORIENTED_EDGE('',*,*,#13185,.T.);
#13185=EDGE_CURVE('',#13177,#13186,#13188,.T.);
#13186=VERTEX_POINT('',#13187);
#13187=CARTESIAN_POINT('',(5.228163673,9.8298,7.688009272));
#13188=CIRCLE('',#13189,0.127);
#13189=AXIS2_PLACEMENT_3D('',#13190,#13191,#13192);
#13190=CARTESIAN_POINT('',(5.332195983,9.8298,7.615165065));
#13191=DIRECTION('',(0.573576436,0.0,0.819152044));
#13192=DIRECTION('',(0.819152044,-1.110223025E-14,-0.573576436));
#13193=ORIENTED_EDGE('',*,*,#13194,.T.);
#13194=EDGE_CURVE('',#13186,#13166,#13195,.F.);
#13195=CIRCLE('',#13196,1.143);
#13196=AXIS2_PLACEMENT_3D('',#13197,#13198,#13199);
#13197=CARTESIAN_POINT('',(5.228163673,8.6868,7.688009272));
#13198=DIRECTION('',(-0.819152044,0.0,0.573576436));
#13199=DIRECTION('',(0.573576436,1.727013594E-14,0.819152044));
#13200=TOROIDAL_SURFACE('',#13201,1.143,0.127);
#13201=AXIS2_PLACEMENT_3D('',#13202,#13203,#13204);
#13202=CARTESIAN_POINT('',(5.332195983,8.6868,7.615165065));
#13203=DIRECTION('',(0.819152044,0.0,-0.573576436));
#13204=DIRECTION('',(-0.009114531,0.999873735,-0.0130169));
#13205=ADVANCED_FACE('',(#13206),#13266,.T.);
#13206=FACE_BOUND('',#13207,.T.);
#13207=EDGE_LOOP('',(#13208,#13209,#13217,#13226,#13234,#13243,#13251,#13260));
#13208=ORIENTED_EDGE('',*,*,#13194,.F.);
#13209=ORIENTED_EDGE('',*,*,#13210,.T.);
#13210=EDGE_CURVE('',#13186,#13211,#13213,.T.);
#13211=VERTEX_POINT('',#13212);
#13212=CARTESIAN_POINT('',(4.499721599,9.8298,6.647686176));
#13213=LINE('',#13214,#13215);
#13214=CARTESIAN_POINT('',(5.228163673,9.8298,7.688009272));
#13215=VECTOR('',#13216,1.0);
#13216=DIRECTION('',(-0.573576436,0.0,-0.819152044));
#13217=ORIENTED_EDGE('',*,*,#13218,.T.);
#13218=EDGE_CURVE('',#13211,#13219,#13221,.T.);
#13219=VERTEX_POINT('',#13220);
#13220=CARTESIAN_POINT('',(3.844123732,8.6868,5.711395389));
#13221=CIRCLE('',#13222,1.143);
#13222=AXIS2_PLACEMENT_3D('',#13223,#13224,#13225);
#13223=CARTESIAN_POINT('',(4.499721599,8.6868,6.647686176));
#13224=DIRECTION('',(-0.819152044,0.0,0.573576436));
#13225=DIRECTION('',(0.0,1.0,0.0));
#13226=ORIENTED_EDGE('',*,*,#13227,.T.);
#13227=EDGE_CURVE('',#13219,#13228,#13230,.T.);
#13228=VERTEX_POINT('',#13229);
#13229=CARTESIAN_POINT('',(3.844123732,1.27,5.711395389));
#13230=LINE('',#13231,#13232);
#13231=CARTESIAN_POINT('',(3.844123732,8.6868,5.711395389));
#13232=VECTOR('',#13233,1.0);
#13233=DIRECTION('',(0.0,-1.0,0.0));
#13234=ORIENTED_EDGE('',*,*,#13235,.T.);
#13235=EDGE_CURVE('',#13228,#13236,#13238,.T.);
#13236=VERTEX_POINT('',#13237);
#13237=CARTESIAN_POINT('',(4.499721599,0.127,6.647686176));
#13238=CIRCLE('',#13239,1.143);
#13239=AXIS2_PLACEMENT_3D('',#13240,#13241,#13242);
#13240=CARTESIAN_POINT('',(4.499721599,1.27,6.647686176));
#13241=DIRECTION('',(-0.819152044,0.0,0.573576436));
#13242=DIRECTION('',(-0.573576436,-2.729298269E-14,-0.819152044));
#13243=ORIENTED_EDGE('',*,*,#13244,.T.);
#13244=EDGE_CURVE('',#13236,#13245,#13247,.T.);
#13245=VERTEX_POINT('',#13246);
#13246=CARTESIAN_POINT('',(5.228163673,0.127,7.688009272));
#13247=LINE('',#13248,#13249);
#13248=CARTESIAN_POINT('',(4.499721599,0.127,6.647686176));
#13249=VECTOR('',#13250,1.0);
#13250=DIRECTION('',(0.573576436,0.0,0.819152044));
#13251=ORIENTED_EDGE('',*,*,#13252,.T.);
#13252=EDGE_CURVE('',#13245,#13253,#13255,.T.);
#13253=VERTEX_POINT('',#13254);
#13254=CARTESIAN_POINT('',(5.88376154,1.27,8.624300059));
#13255=CIRCLE('',#13256,1.143);
#13256=AXIS2_PLACEMENT_3D('',#13257,#13258,#13259);
#13257=CARTESIAN_POINT('',(5.228163673,1.27,7.688009272));
#13258=DIRECTION('',(-0.819152044,0.0,0.573576436));
#13259=DIRECTION('',(0.0,-1.0,0.0));
#13260=ORIENTED_EDGE('',*,*,#13261,.T.);
#13261=EDGE_CURVE('',#13253,#13166,#13262,.T.);
#13262=LINE('',#13263,#13264);
#13263=CARTESIAN_POINT('',(5.88376154,1.27,8.624300059));
#13264=VECTOR('',#13265,1.0);
#13265=DIRECTION('',(0.0,1.0,0.0));
#13266=PLANE('',#13267);
#13267=AXIS2_PLACEMENT_3D('',#13268,#13269,#13270);
#13268=CARTESIAN_POINT('',(3.771279525,0.0,5.607363079));
#13269=DIRECTION('',(-0.819152044,0.0,0.573576436));
#13270=DIRECTION('',(0.573576436,0.0,0.819152044));
#13271=ADVANCED_FACE('',(#13272),#13291,.T.);
#13272=FACE_BOUND('',#13273,.T.);
#13273=EDGE_LOOP('',(#13274,#13283,#13289,#13290));
#13274=ORIENTED_EDGE('',*,*,#13275,.T.);
#13275=EDGE_CURVE('',#13253,#13276,#13278,.F.);
#13276=VERTEX_POINT('',#13277);
#13277=CARTESIAN_POINT('',(6.091826159,1.27,8.478611644));
#13278=CIRCLE('',#13279,0.127);
#13279=AXIS2_PLACEMENT_3D('',#13280,#13281,#13282);
#13280=CARTESIAN_POINT('',(5.98779385,1.27,8.551455851));
#13281=DIRECTION('',(0.0,-1.0,0.0));
#13282=DIRECTION('',(0.819152044,0.0,-0.573576436));
#13283=ORIENTED_EDGE('',*,*,#13284,.T.);
#13284=EDGE_CURVE('',#13276,#13168,#13285,.F.);
#13285=LINE('',#13286,#13287);
#13286=CARTESIAN_POINT('',(6.091826159,8.6868,8.478611644));
#13287=VECTOR('',#13288,1.0);
#13288=DIRECTION('',(0.0,-1.0,0.0));
#13289=ORIENTED_EDGE('',*,*,#13165,.F.);
#13290=ORIENTED_EDGE('',*,*,#13261,.F.);
#13291=CYLINDRICAL_SURFACE('',#13292,0.127);
#13292=AXIS2_PLACEMENT_3D('',#13293,#13294,#13295);
#13293=CARTESIAN_POINT('',(5.98779385,8.717093534,8.551455851));
#13294=DIRECTION('',(0.0,-1.0,0.0));
#13295=DIRECTION('',(0.819152044,0.0,-0.573576436));
#13296=ADVANCED_FACE('',(#13297),#13350,.T.);
#13297=FACE_BOUND('',#13298,.T.);
#13298=EDGE_LOOP('',(#13299,#13308,#13316,#13325,#13333,#13342,#13348,#13349));
#13299=ORIENTED_EDGE('',*,*,#13300,.T.);
#13300=EDGE_CURVE('',#13276,#13301,#13303,.T.);
#13301=VERTEX_POINT('',#13302);
#13302=CARTESIAN_POINT('',(5.436228293,0.127,7.542320857));
#13303=CIRCLE('',#13304,1.143);
#13304=AXIS2_PLACEMENT_3D('',#13305,#13306,#13307);
#13305=CARTESIAN_POINT('',(5.436228293,1.27,7.542320857));
#13306=DIRECTION('',(0.819152044,0.0,-0.573576436));
#13307=DIRECTION('',(0.573576436,0.0,0.819152044));
#13308=ORIENTED_EDGE('',*,*,#13309,.T.);
#13309=EDGE_CURVE('',#13301,#13310,#13312,.T.);
#13310=VERTEX_POINT('',#13311);
#13311=CARTESIAN_POINT('',(4.707786218,0.127,6.501997761));
#13312=LINE('',#13313,#13314);
#13313=CARTESIAN_POINT('',(5.436228293,0.127,7.542320857));
#13314=VECTOR('',#13315,1.0);
#13315=DIRECTION('',(-0.573576436,0.0,-0.819152044));
#13316=ORIENTED_EDGE('',*,*,#13317,.T.);
#13317=EDGE_CURVE('',#13310,#13318,#13320,.T.);
#13318=VERTEX_POINT('',#13319);
#13319=CARTESIAN_POINT('',(4.052188352,1.27,5.565706974));
#13320=CIRCLE('',#13321,1.143);
#13321=AXIS2_PLACEMENT_3D('',#13322,#13323,#13324);
#13322=CARTESIAN_POINT('',(4.707786218,1.27,6.501997761));
#13323=DIRECTION('',(0.819152044,0.0,-0.573576436));
#13324=DIRECTION('',(0.0,-1.0,0.0));
#13325=ORIENTED_EDGE('',*,*,#13326,.T.);
#13326=EDGE_CURVE('',#13318,#13327,#13329,.T.);
#13327=VERTEX_POINT('',#13328);
#13328=CARTESIAN_POINT('',(4.052188352,8.6868,5.565706974));
#13329=LINE('',#13330,#13331);
#13330=CARTESIAN_POINT('',(4.052188352,1.27,5.565706974));
#13331=VECTOR('',#13332,1.0);
#13332=DIRECTION('',(0.0,1.0,0.0));
#13333=ORIENTED_EDGE('',*,*,#13334,.T.);
#13334=EDGE_CURVE('',#13327,#13335,#13337,.T.);
#13335=VERTEX_POINT('',#13336);
#13336=CARTESIAN_POINT('',(4.707786218,9.8298,6.501997761));
#13337=CIRCLE('',#13338,1.143);
#13338=AXIS2_PLACEMENT_3D('',#13339,#13340,#13341);
#13339=CARTESIAN_POINT('',(4.707786218,8.6868,6.501997761));
#13340=DIRECTION('',(0.819152044,0.0,-0.573576436));
#13341=DIRECTION('',(-0.573576436,1.727013594E-14,-0.819152044));
#13342=ORIENTED_EDGE('',*,*,#13343,.T.);
#13343=EDGE_CURVE('',#13335,#13177,#13344,.T.);
#13344=LINE('',#13345,#13346);
#13345=CARTESIAN_POINT('',(4.707786218,9.8298,6.501997761));
#13346=VECTOR('',#13347,1.0);
#13347=DIRECTION('',(0.573576436,0.0,0.819152044));
#13348=ORIENTED_EDGE('',*,*,#13176,.F.);
#13349=ORIENTED_EDGE('',*,*,#13284,.F.);
#13350=PLANE('',#13351);
#13351=AXIS2_PLACEMENT_3D('',#13352,#13353,#13354);
#13352=CARTESIAN_POINT('',(6.164670367,0.0,8.582643953));
#13353=DIRECTION('',(0.819152044,0.0,-0.573576436));
#13354=DIRECTION('',(-0.573576436,0.0,-0.819152044));
#13355=ADVANCED_FACE('',(#13356),#13368,.T.);
#13356=FACE_BOUND('',#13357,.T.);
#13357=EDGE_LOOP('',(#13358,#13359,#13360,#13367));
#13358=ORIENTED_EDGE('',*,*,#13185,.F.);
#13359=ORIENTED_EDGE('',*,*,#13343,.F.);
#13360=ORIENTED_EDGE('',*,*,#13361,.T.);
#13361=EDGE_CURVE('',#13335,#13211,#13362,.T.);
#13362=CIRCLE('',#13363,0.127);
#13363=AXIS2_PLACEMENT_3D('',#13364,#13365,#13366);
#13364=CARTESIAN_POINT('',(4.603753909,9.8298,6.574841968));
#13365=DIRECTION('',(0.573576436,0.0,0.819152044));
#13366=DIRECTION('',(0.819152044,-1.110223025E-14,-0.573576436));
#13367=ORIENTED_EDGE('',*,*,#13210,.F.);
#13368=CYLINDRICAL_SURFACE('',#13369,0.127);
#13369=AXIS2_PLACEMENT_3D('',#13370,#13371,#13372);
#13370=CARTESIAN_POINT('',(4.593688422,9.8298,6.560466963));
#13371=DIRECTION('',(0.573576436,0.0,0.819152044));
#13372=DIRECTION('',(0.819152044,0.0,-0.573576436));
#13373=ADVANCED_FACE('',(#13374),#13386,.T.);
#13374=FACE_BOUND('',#13375,.T.);
#13375=EDGE_LOOP('',(#13376,#13377,#13378,#13385));
#13376=ORIENTED_EDGE('',*,*,#13361,.F.);
#13377=ORIENTED_EDGE('',*,*,#13334,.F.);
#13378=ORIENTED_EDGE('',*,*,#13379,.T.);
#13379=EDGE_CURVE('',#13327,#13219,#13380,.T.);
#13380=CIRCLE('',#13381,0.127);
#13381=AXIS2_PLACEMENT_3D('',#13382,#13383,#13384);
#13382=CARTESIAN_POINT('',(3.948156042,8.6868,5.638551182));
#13383=DIRECTION('',(0.0,1.0,0.0));
#13384=DIRECTION('',(0.819152044,0.0,-0.573576436));
#13385=ORIENTED_EDGE('',*,*,#13218,.F.);
#13386=TOROIDAL_SURFACE('',#13387,1.143,0.127);
#13387=AXIS2_PLACEMENT_3D('',#13388,#13389,#13390);
#13388=CARTESIAN_POINT('',(4.603753909,8.6868,6.574841968));
#13389=DIRECTION('',(-0.819152044,0.0,0.573576436));
#13390=DIRECTION('',(-0.573430292,-0.022572657,-0.818943329));
#13391=ADVANCED_FACE('',(#13392),#13404,.T.);
#13392=FACE_BOUND('',#13393,.T.);
#13393=EDGE_LOOP('',(#13394,#13395,#13396,#13403));
#13394=ORIENTED_EDGE('',*,*,#13379,.F.);
#13395=ORIENTED_EDGE('',*,*,#13326,.F.);
#13396=ORIENTED_EDGE('',*,*,#13397,.T.);
#13397=EDGE_CURVE('',#13318,#13228,#13398,.T.);
#13398=CIRCLE('',#13399,0.127);
#13399=AXIS2_PLACEMENT_3D('',#13400,#13401,#13402);
#13400=CARTESIAN_POINT('',(3.948156042,1.27,5.638551182));
#13401=DIRECTION('',(0.0,1.0,0.0));
#13402=DIRECTION('',(0.819152044,0.0,-0.573576436));
#13403=ORIENTED_EDGE('',*,*,#13227,.F.);
#13404=CYLINDRICAL_SURFACE('',#13405,0.127);
#13405=AXIS2_PLACEMENT_3D('',#13406,#13407,#13408);
#13406=CARTESIAN_POINT('',(3.948156042,1.252451359,5.638551182));
#13407=DIRECTION('',(0.0,1.0,0.0));
#13408=DIRECTION('',(0.819152044,0.0,-0.573576436));
#13409=ADVANCED_FACE('',(#13410),#13422,.T.);
#13410=FACE_BOUND('',#13411,.T.);
#13411=EDGE_LOOP('',(#13412,#13413,#13414,#13421));
#13412=ORIENTED_EDGE('',*,*,#13397,.F.);
#13413=ORIENTED_EDGE('',*,*,#13317,.F.);
#13414=ORIENTED_EDGE('',*,*,#13415,.T.);
#13415=EDGE_CURVE('',#13310,#13236,#13416,.T.);
#13416=CIRCLE('',#13417,0.127);
#13417=AXIS2_PLACEMENT_3D('',#13418,#13419,#13420);
#13418=CARTESIAN_POINT('',(4.603753909,0.127,6.574841968));
#13419=DIRECTION('',(-0.573576436,0.0,-0.819152044));
#13420=DIRECTION('',(0.819152044,0.0,-0.573576436));
#13421=ORIENTED_EDGE('',*,*,#13235,.F.);
#13422=TOROIDAL_SURFACE('',#13423,1.143,0.127);
#13423=AXIS2_PLACEMENT_3D('',#13424,#13425,#13426);
#13424=CARTESIAN_POINT('',(4.603753909,1.27,6.574841968));
#13425=DIRECTION('',(0.819152044,0.0,-0.573576436));
#13426=DIRECTION('',(0.009114531,-0.999873735,0.0130169));
#13427=ADVANCED_FACE('',(#13428),#13440,.T.);
#13428=FACE_BOUND('',#13429,.T.);
#13429=EDGE_LOOP('',(#13430,#13431,#13432,#13439));
#13430=ORIENTED_EDGE('',*,*,#13415,.F.);
#13431=ORIENTED_EDGE('',*,*,#13309,.F.);
#13432=ORIENTED_EDGE('',*,*,#13433,.T.);
#13433=EDGE_CURVE('',#13301,#13245,#13434,.T.);
#13434=CIRCLE('',#13435,0.127);
#13435=AXIS2_PLACEMENT_3D('',#13436,#13437,#13438);
#13436=CARTESIAN_POINT('',(5.332195983,0.127,7.615165065));
#13437=DIRECTION('',(-0.573576436,0.0,-0.819152044));
#13438=DIRECTION('',(0.819152044,0.0,-0.573576436));
#13439=ORIENTED_EDGE('',*,*,#13244,.F.);
#13440=CYLINDRICAL_SURFACE('',#13441,0.127);
#13441=AXIS2_PLACEMENT_3D('',#13442,#13443,#13444);
#13442=CARTESIAN_POINT('',(5.34957164,0.127,7.639980075));
#13443=DIRECTION('',(-0.573576436,0.0,-0.819152044));
#13444=DIRECTION('',(0.819152044,0.0,-0.573576436));
#13445=ADVANCED_FACE('',(#13446),#13452,.T.);
#13446=FACE_BOUND('',#13447,.T.);
#13447=EDGE_LOOP('',(#13448,#13449,#13450,#13451));
#13448=ORIENTED_EDGE('',*,*,#13433,.F.);
#13449=ORIENTED_EDGE('',*,*,#13300,.F.);
#13450=ORIENTED_EDGE('',*,*,#13275,.F.);
#13451=ORIENTED_EDGE('',*,*,#13252,.F.);
#13452=TOROIDAL_SURFACE('',#13453,1.143,0.127);
#13453=AXIS2_PLACEMENT_3D('',#13454,#13455,#13456);
#13454=CARTESIAN_POINT('',(5.332195983,1.27,7.615165065));
#13455=DIRECTION('',(-0.819152044,0.0,0.573576436));
#13456=DIRECTION('',(0.573430292,0.022572657,0.818943329));
#13457=MANIFOLD_SOLID_BREP('',#13458);
#13458=CLOSED_SHELL('',(#13459,#13503,#13569,#13594,#13653,#13671,#13689,#13707,#13725,#13743));
#13459=ADVANCED_FACE('',(#13460),#13498,.T.);
#13460=FACE_BOUND('',#13461,.T.);
#13461=EDGE_LOOP('',(#13462,#13473,#13482,#13491));
#13462=ORIENTED_EDGE('',*,*,#13463,.T.);
#13463=EDGE_CURVE('',#13464,#13466,#13468,.T.);
#13464=VERTEX_POINT('',#13465);
#13465=CARTESIAN_POINT('',(6.613029328,8.6868,8.078678386));
#13466=VERTEX_POINT('',#13467);
#13467=CARTESIAN_POINT('',(6.807604617,8.6868,7.915410333));
#13468=CIRCLE('',#13469,0.127);
#13469=AXIS2_PLACEMENT_3D('',#13470,#13471,#13472);
#13470=CARTESIAN_POINT('',(6.710316973,8.6868,7.997044359));
#13471=DIRECTION('',(0.0,1.0,0.0));
#13472=DIRECTION('',(-0.766044443,0.0,0.64278761));
#13473=ORIENTED_EDGE('',*,*,#13474,.T.);
#13474=EDGE_CURVE('',#13466,#13475,#13477,.F.);
#13475=VERTEX_POINT('',#13476);
#13476=CARTESIAN_POINT('',(6.072898379,9.8298,7.039821535));
#13477=CIRCLE('',#13478,1.143);
#13478=AXIS2_PLACEMENT_3D('',#13479,#13480,#13481);
#13479=CARTESIAN_POINT('',(6.072898379,8.6868,7.039821535));
#13480=DIRECTION('',(0.766044443,0.0,-0.64278761));
#13481=DIRECTION('',(1.040653244E-14,1.0,1.240202242E-14));
#13482=ORIENTED_EDGE('',*,*,#13483,.T.);
#13483=EDGE_CURVE('',#13475,#13484,#13486,.T.);
#13484=VERTEX_POINT('',#13485);
#13485=CARTESIAN_POINT('',(5.87832309,9.8298,7.203089587));
#13486=CIRCLE('',#13487,0.127);
#13487=AXIS2_PLACEMENT_3D('',#13488,#13489,#13490);
#13488=CARTESIAN_POINT('',(5.975610735,9.8298,7.121455561));
#13489=DIRECTION('',(0.64278761,0.0,0.766044443));
#13490=DIRECTION('',(0.766044443,-1.110223025E-14,-0.64278761));
#13491=ORIENTED_EDGE('',*,*,#13492,.T.);
#13492=EDGE_CURVE('',#13484,#13464,#13493,.F.);
#13493=CIRCLE('',#13494,1.143);
#13494=AXIS2_PLACEMENT_3D('',#13495,#13496,#13497);
#13495=CARTESIAN_POINT('',(5.87832309,8.6868,7.203089587));
#13496=DIRECTION('',(-0.766044443,0.0,0.64278761));
#13497=DIRECTION('',(0.64278761,2.590520391E-14,0.766044443));
#13498=TOROIDAL_SURFACE('',#13499,1.143,0.127);
#13499=AXIS2_PLACEMENT_3D('',#13500,#13501,#13502);
#13500=CARTESIAN_POINT('',(5.975610735,8.6868,7.121455561));
#13501=DIRECTION('',(0.766044443,0.0,-0.64278761));
#13502=DIRECTION('',(-0.010214346,0.999873735,-0.012172983));
#13503=ADVANCED_FACE('',(#13504),#13564,.T.);
#13504=FACE_BOUND('',#13505,.T.);
#13505=EDGE_LOOP('',(#13506,#13507,#13515,#13524,#13532,#13541,#13549,#13558));
#13506=ORIENTED_EDGE('',*,*,#13492,.F.);
#13507=ORIENTED_EDGE('',*,*,#13508,.T.);
#13508=EDGE_CURVE('',#13484,#13509,#13511,.T.);
#13509=VERTEX_POINT('',#13510);
#13510=CARTESIAN_POINT('',(5.061982826,9.8298,6.230213145));
#13511=LINE('',#13512,#13513);
#13512=CARTESIAN_POINT('',(5.87832309,9.8298,7.203089587));
#13513=VECTOR('',#13514,1.0);
#13514=DIRECTION('',(-0.64278761,0.0,-0.766044443));
#13515=ORIENTED_EDGE('',*,*,#13516,.T.);
#13516=EDGE_CURVE('',#13509,#13517,#13519,.T.);
#13517=VERTEX_POINT('',#13518);
#13518=CARTESIAN_POINT('',(4.327276588,8.6868,5.354624346));
#13519=CIRCLE('',#13520,1.143);
#13520=AXIS2_PLACEMENT_3D('',#13521,#13522,#13523);
#13521=CARTESIAN_POINT('',(5.061982826,8.6868,6.230213145));
#13522=DIRECTION('',(-0.766044443,0.0,0.64278761));
#13523=DIRECTION('',(0.0,1.0,0.0));
#13524=ORIENTED_EDGE('',*,*,#13525,.T.);
#13525=EDGE_CURVE('',#13517,#13526,#13528,.T.);
#13526=VERTEX_POINT('',#13527);
#13527=CARTESIAN_POINT('',(4.327276588,1.27,5.354624346));
#13528=LINE('',#13529,#13530);
#13529=CARTESIAN_POINT('',(4.327276588,8.6868,5.354624346));
#13530=VECTOR('',#13531,1.0);
#13531=DIRECTION('',(0.0,-1.0,0.0));
#13532=ORIENTED_EDGE('',*,*,#13533,.T.);
#13533=EDGE_CURVE('',#13526,#13534,#13536,.T.);
#13534=VERTEX_POINT('',#13535);
#13535=CARTESIAN_POINT('',(5.061982826,0.127,6.230213145));
#13536=CIRCLE('',#13537,1.143);
#13537=AXIS2_PLACEMENT_3D('',#13538,#13539,#13540);
#13538=CARTESIAN_POINT('',(5.061982826,1.27,6.230213145));
#13539=DIRECTION('',(-0.766044443,0.0,0.64278761));
#13540=DIRECTION('',(-0.64278761,0.0,-0.766044443));
#13541=ORIENTED_EDGE('',*,*,#13542,.T.);
#13542=EDGE_CURVE('',#13534,#13543,#13545,.T.);
#13543=VERTEX_POINT('',#13544);
#13544=CARTESIAN_POINT('',(5.87832309,0.127,7.203089587));
#13545=LINE('',#13546,#13547);
#13546=CARTESIAN_POINT('',(5.061982826,0.127,6.230213145));
#13547=VECTOR('',#13548,1.0);
#13548=DIRECTION('',(0.64278761,0.0,0.766044443));
#13549=ORIENTED_EDGE('',*,*,#13550,.T.);
#13550=EDGE_CURVE('',#13543,#13551,#13553,.T.);
#13551=VERTEX_POINT('',#13552);
#13552=CARTESIAN_POINT('',(6.613029328,1.27,8.078678386));
#13553=CIRCLE('',#13554,1.143);
#13554=AXIS2_PLACEMENT_3D('',#13555,#13556,#13557);
#13555=CARTESIAN_POINT('',(5.87832309,1.27,7.203089587));
#13556=DIRECTION('',(-0.766044443,0.0,0.64278761));
#13557=DIRECTION('',(0.0,-1.0,0.0));
#13558=ORIENTED_EDGE('',*,*,#13559,.T.);
#13559=EDGE_CURVE('',#13551,#13464,#13560,.T.);
#13560=LINE('',#13561,#13562);
#13561=CARTESIAN_POINT('',(6.613029328,1.27,8.078678386));
#13562=VECTOR('',#13563,1.0);
#13563=DIRECTION('',(0.0,1.0,0.0));
#13564=PLANE('',#13565);
#13565=AXIS2_PLACEMENT_3D('',#13566,#13567,#13568);
#13566=CARTESIAN_POINT('',(4.245642562,0.0,5.257336702));
#13567=DIRECTION('',(-0.766044443,0.0,0.64278761));
#13568=DIRECTION('',(0.64278761,0.0,0.766044443));
#13569=ADVANCED_FACE('',(#13570),#13589,.T.);
#13570=FACE_BOUND('',#13571,.T.);
#13571=EDGE_LOOP('',(#13572,#13581,#13587,#13588));
#13572=ORIENTED_EDGE('',*,*,#13573,.T.);
#13573=EDGE_CURVE('',#13551,#13574,#13576,.F.);
#13574=VERTEX_POINT('',#13575);
#13575=CARTESIAN_POINT('',(6.807604617,1.27,7.915410333));
#13576=CIRCLE('',#13577,0.127);
#13577=AXIS2_PLACEMENT_3D('',#13578,#13579,#13580);
#13578=CARTESIAN_POINT('',(6.710316973,1.27,7.997044359));
#13579=DIRECTION('',(0.0,-1.0,0.0));
#13580=DIRECTION('',(0.766044443,0.0,-0.64278761));
#13581=ORIENTED_EDGE('',*,*,#13582,.T.);
#13582=EDGE_CURVE('',#13574,#13466,#13583,.F.);
#13583=LINE('',#13584,#13585);
#13584=CARTESIAN_POINT('',(6.807604617,8.6868,7.915410333));
#13585=VECTOR('',#13586,1.0);
#13586=DIRECTION('',(0.0,-1.0,0.0));
#13587=ORIENTED_EDGE('',*,*,#13463,.F.);
#13588=ORIENTED_EDGE('',*,*,#13559,.F.);
#13589=CYLINDRICAL_SURFACE('',#13590,0.127);
#13590=AXIS2_PLACEMENT_3D('',#13591,#13592,#13593);
#13591=CARTESIAN_POINT('',(6.710316973,8.717093534,7.997044359));
#13592=DIRECTION('',(0.0,-1.0,0.0));
#13593=DIRECTION('',(0.766044443,0.0,-0.64278761));
#13594=ADVANCED_FACE('',(#13595),#13648,.T.);
#13595=FACE_BOUND('',#13596,.T.);
#13596=EDGE_LOOP('',(#13597,#13606,#13614,#13623,#13631,#13640,#13646,#13647));
#13597=ORIENTED_EDGE('',*,*,#13598,.T.);
#13598=EDGE_CURVE('',#13574,#13599,#13601,.T.);
#13599=VERTEX_POINT('',#13600);
#13600=CARTESIAN_POINT('',(6.072898379,0.127,7.039821535));
#13601=CIRCLE('',#13602,1.143);
#13602=AXIS2_PLACEMENT_3D('',#13603,#13604,#13605);
#13603=CARTESIAN_POINT('',(6.072898379,1.27,7.039821535));
#13604=DIRECTION('',(0.766044443,0.0,-0.64278761));
#13605=DIRECTION('',(0.64278761,2.868076147E-14,0.766044443));
#13606=ORIENTED_EDGE('',*,*,#13607,.T.);
#13607=EDGE_CURVE('',#13599,#13608,#13610,.T.);
#13608=VERTEX_POINT('',#13609);
#13609=CARTESIAN_POINT('',(5.256558115,0.127,6.066945092));
#13610=LINE('',#13611,#13612);
#13611=CARTESIAN_POINT('',(6.072898379,0.127,7.039821535));
#13612=VECTOR('',#13613,1.0);
#13613=DIRECTION('',(-0.64278761,0.0,-0.766044443));
#13614=ORIENTED_EDGE('',*,*,#13615,.T.);
#13615=EDGE_CURVE('',#13608,#13616,#13618,.T.);
#13616=VERTEX_POINT('',#13617);
#13617=CARTESIAN_POINT('',(4.521851877,1.27,5.191356293));
#13618=CIRCLE('',#13619,1.143);
#13619=AXIS2_PLACEMENT_3D('',#13620,#13621,#13622);
#13620=CARTESIAN_POINT('',(5.256558115,1.27,6.066945092));
#13621=DIRECTION('',(0.766044443,0.0,-0.64278761));
#13622=DIRECTION('',(0.0,-1.0,0.0));
#13623=ORIENTED_EDGE('',*,*,#13624,.T.);
#13624=EDGE_CURVE('',#13616,#13625,#13627,.T.);
#13625=VERTEX_POINT('',#13626);
#13626=CARTESIAN_POINT('',(4.521851877,8.6868,5.191356293));
#13627=LINE('',#13628,#13629);
#13628=CARTESIAN_POINT('',(4.521851877,1.27,5.191356293));
#13629=VECTOR('',#13630,1.0);
#13630=DIRECTION('',(0.0,1.0,0.0));
#13631=ORIENTED_EDGE('',*,*,#13632,.T.);
#13632=EDGE_CURVE('',#13625,#13633,#13635,.T.);
#13633=VERTEX_POINT('',#13634);
#13634=CARTESIAN_POINT('',(5.256558115,9.8298,6.066945092));
#13635=CIRCLE('',#13636,1.143);
#13636=AXIS2_PLACEMENT_3D('',#13637,#13638,#13639);
#13637=CARTESIAN_POINT('',(5.256558115,8.6868,6.066945092));
#13638=DIRECTION('',(0.766044443,0.0,-0.64278761));
#13639=DIRECTION('',(-0.64278761,-1.60365548E-14,-0.766044443));
#13640=ORIENTED_EDGE('',*,*,#13641,.T.);
#13641=EDGE_CURVE('',#13633,#13475,#13642,.T.);
#13642=LINE('',#13643,#13644);
#13643=CARTESIAN_POINT('',(5.256558115,9.8298,6.066945092));
#13644=VECTOR('',#13645,1.0);
#13645=DIRECTION('',(0.64278761,0.0,0.766044443));
#13646=ORIENTED_EDGE('',*,*,#13474,.F.);
#13647=ORIENTED_EDGE('',*,*,#13582,.F.);
#13648=PLANE('',#13649);
#13649=AXIS2_PLACEMENT_3D('',#13650,#13651,#13652);
#13650=CARTESIAN_POINT('',(6.889238643,0.0,8.012697977));
#13651=DIRECTION('',(0.766044443,0.0,-0.64278761));
#13652=DIRECTION('',(-0.64278761,0.0,-0.766044443));
#13653=ADVANCED_FACE('',(#13654),#13666,.T.);
#13654=FACE_BOUND('',#13655,.T.);
#13655=EDGE_LOOP('',(#13656,#13657,#13658,#13665));
#13656=ORIENTED_EDGE('',*,*,#13483,.F.);
#13657=ORIENTED_EDGE('',*,*,#13641,.F.);
#13658=ORIENTED_EDGE('',*,*,#13659,.T.);
#13659=EDGE_CURVE('',#13633,#13509,#13660,.T.);
#13660=CIRCLE('',#13661,0.127);
#13661=AXIS2_PLACEMENT_3D('',#13662,#13663,#13664);
#13662=CARTESIAN_POINT('',(5.15927047,9.8298,6.148579118));
#13663=DIRECTION('',(0.64278761,0.0,0.766044443));
#13664=DIRECTION('',(0.766044443,-1.110223025E-14,-0.64278761));
#13665=ORIENTED_EDGE('',*,*,#13508,.F.);
#13666=CYLINDRICAL_SURFACE('',#13667,0.127);
#13667=AXIS2_PLACEMENT_3D('',#13668,#13669,#13670);
#13668=CARTESIAN_POINT('',(5.147990422,9.8298,6.13513608));
#13669=DIRECTION('',(0.64278761,0.0,0.766044443));
#13670=DIRECTION('',(0.766044443,0.0,-0.64278761));
#13671=ADVANCED_FACE('',(#13672),#13684,.T.);
#13672=FACE_BOUND('',#13673,.T.);
#13673=EDGE_LOOP('',(#13674,#13675,#13676,#13683));
#13674=ORIENTED_EDGE('',*,*,#13659,.F.);
#13675=ORIENTED_EDGE('',*,*,#13632,.F.);
#13676=ORIENTED_EDGE('',*,*,#13677,.T.);
#13677=EDGE_CURVE('',#13625,#13517,#13678,.T.);
#13678=CIRCLE('',#13679,0.127);
#13679=AXIS2_PLACEMENT_3D('',#13680,#13681,#13682);
#13680=CARTESIAN_POINT('',(4.424564233,8.6868,5.27299032));
#13681=DIRECTION('',(0.0,1.0,0.0));
#13682=DIRECTION('',(0.766044443,0.0,-0.64278761));
#13683=ORIENTED_EDGE('',*,*,#13516,.F.);
#13684=TOROIDAL_SURFACE('',#13685,1.143,0.127);
#13685=AXIS2_PLACEMENT_3D('',#13686,#13687,#13688);
#13686=CARTESIAN_POINT('',(5.15927047,8.6868,6.148579118));
#13687=DIRECTION('',(-0.766044443,0.0,0.64278761));
#13688=DIRECTION('',(-0.642623831,-0.022572657,-0.765849259));
#13689=ADVANCED_FACE('',(#13690),#13702,.T.);
#13690=FACE_BOUND('',#13691,.T.);
#13691=EDGE_LOOP('',(#13692,#13693,#13694,#13701));
#13692=ORIENTED_EDGE('',*,*,#13677,.F.);
#13693=ORIENTED_EDGE('',*,*,#13624,.F.);
#13694=ORIENTED_EDGE('',*,*,#13695,.T.);
#13695=EDGE_CURVE('',#13616,#13526,#13696,.T.);
#13696=CIRCLE('',#13697,0.127);
#13697=AXIS2_PLACEMENT_3D('',#13698,#13699,#13700);
#13698=CARTESIAN_POINT('',(4.424564233,1.27,5.27299032));
#13699=DIRECTION('',(0.0,1.0,0.0));
#13700=DIRECTION('',(0.766044443,0.0,-0.64278761));
#13701=ORIENTED_EDGE('',*,*,#13525,.F.);
#13702=CYLINDRICAL_SURFACE('',#13703,0.127);
#13703=AXIS2_PLACEMENT_3D('',#13704,#13705,#13706);
#13704=CARTESIAN_POINT('',(4.424564233,1.252451359,5.27299032));
#13705=DIRECTION('',(0.0,1.0,0.0));
#13706=DIRECTION('',(0.766044443,0.0,-0.64278761));
#13707=ADVANCED_FACE('',(#13708),#13720,.T.);
#13708=FACE_BOUND('',#13709,.T.);
#13709=EDGE_LOOP('',(#13710,#13711,#13712,#13719));
#13710=ORIENTED_EDGE('',*,*,#13695,.F.);
#13711=ORIENTED_EDGE('',*,*,#13615,.F.);
#13712=ORIENTED_EDGE('',*,*,#13713,.T.);
#13713=EDGE_CURVE('',#13608,#13534,#13714,.T.);
#13714=CIRCLE('',#13715,0.127);
#13715=AXIS2_PLACEMENT_3D('',#13716,#13717,#13718);
#13716=CARTESIAN_POINT('',(5.15927047,0.127,6.148579118));
#13717=DIRECTION('',(-0.64278761,0.0,-0.766044443));
#13718=DIRECTION('',(0.766044443,0.0,-0.64278761));
#13719=ORIENTED_EDGE('',*,*,#13533,.F.);
#13720=TOROIDAL_SURFACE('',#13721,1.143,0.127);
#13721=AXIS2_PLACEMENT_3D('',#13722,#13723,#13724);
#13722=CARTESIAN_POINT('',(5.15927047,1.27,6.148579118));
#13723=DIRECTION('',(0.766044443,0.0,-0.64278761));
#13724=DIRECTION('',(0.010214346,-0.999873735,0.012172983));
#13725=ADVANCED_FACE('',(#13726),#13738,.T.);
#13726=FACE_BOUND('',#13727,.T.);
#13727=EDGE_LOOP('',(#13728,#13729,#13730,#13737));
#13728=ORIENTED_EDGE('',*,*,#13713,.F.);
#13729=ORIENTED_EDGE('',*,*,#13607,.F.);
#13730=ORIENTED_EDGE('',*,*,#13731,.T.);
#13731=EDGE_CURVE('',#13599,#13543,#13732,.T.);
#13732=CIRCLE('',#13733,0.127);
#13733=AXIS2_PLACEMENT_3D('',#13734,#13735,#13736);
#13734=CARTESIAN_POINT('',(5.975610735,0.127,7.121455561));
#13735=DIRECTION('',(-0.64278761,0.0,-0.766044443));
#13736=DIRECTION('',(0.766044443,0.0,-0.64278761));
#13737=ORIENTED_EDGE('',*,*,#13542,.F.);
#13738=CYLINDRICAL_SURFACE('',#13739,0.127);
#13739=AXIS2_PLACEMENT_3D('',#13740,#13741,#13742);
#13740=CARTESIAN_POINT('',(5.995083043,0.127,7.144661754));
#13741=DIRECTION('',(-0.64278761,0.0,-0.766044443));
#13742=DIRECTION('',(0.766044443,0.0,-0.64278761));
#13743=ADVANCED_FACE('',(#13744),#13750,.T.);
#13744=FACE_BOUND('',#13745,.T.);
#13745=EDGE_LOOP('',(#13746,#13747,#13748,#13749));
#13746=ORIENTED_EDGE('',*,*,#13731,.F.);
#13747=ORIENTED_EDGE('',*,*,#13598,.F.);
#13748=ORIENTED_EDGE('',*,*,#13573,.F.);
#13749=ORIENTED_EDGE('',*,*,#13550,.F.);
#13750=TOROIDAL_SURFACE('',#13751,1.143,0.127);
#13751=AXIS2_PLACEMENT_3D('',#13752,#13753,#13754);
#13752=CARTESIAN_POINT('',(5.975610735,1.27,7.121455561));
#13753=DIRECTION('',(-0.766044443,0.0,0.64278761));
#13754=DIRECTION('',(0.642623831,0.022572657,0.765849259));
#13755=MANIFOLD_SOLID_BREP('',#13756);
#13756=CLOSED_SHELL('',(#13757,#13801,#13867,#13892,#13951,#13969,#13987,#14005,#14023,#14041));
#13757=ADVANCED_FACE('',(#13758),#13796,.T.);
#13758=FACE_BOUND('',#13759,.T.);
#13759=EDGE_LOOP('',(#13760,#13771,#13780,#13789));
#13760=ORIENTED_EDGE('',*,*,#13761,.T.);
#13761=EDGE_CURVE('',#13762,#13764,#13766,.T.);
#13762=VERTEX_POINT('',#13763);
#13763=CARTESIAN_POINT('',(7.29196797,8.6868,7.471573093));
#13764=VERTEX_POINT('',#13765);
#13765=CARTESIAN_POINT('',(7.471573093,8.6868,7.29196797));
#13766=CIRCLE('',#13767,0.127);
#13767=AXIS2_PLACEMENT_3D('',#13768,#13769,#13770);
#13768=CARTESIAN_POINT('',(7.381770532,8.6868,7.381770532));
#13769=DIRECTION('',(0.0,1.0,0.0));
#13770=DIRECTION('',(-0.707106781,0.0,0.707106781));
#13771=ORIENTED_EDGE('',*,*,#13772,.T.);
#13772=EDGE_CURVE('',#13764,#13773,#13775,.F.);
#13773=VERTEX_POINT('',#13774);
#13774=CARTESIAN_POINT('',(6.663350042,9.8298,6.483744919));
#13775=CIRCLE('',#13776,1.143);
#13776=AXIS2_PLACEMENT_3D('',#13777,#13778,#13779);
#13777=CARTESIAN_POINT('',(6.663350042,8.6868,6.483744919));
#13778=DIRECTION('',(0.707106781,0.0,-0.707106781));
#13779=DIRECTION('',(0.0,1.0,0.0));
#13780=ORIENTED_EDGE('',*,*,#13781,.T.);
#13781=EDGE_CURVE('',#13773,#13782,#13784,.T.);
#13782=VERTEX_POINT('',#13783);
#13783=CARTESIAN_POINT('',(6.483744919,9.8298,6.663350042));
#13784=CIRCLE('',#13785,0.127);
#13785=AXIS2_PLACEMENT_3D('',#13786,#13787,#13788);
#13786=CARTESIAN_POINT('',(6.573547481,9.8298,6.573547481));
#13787=DIRECTION('',(0.707106781,0.0,0.707106781));
#13788=DIRECTION('',(0.707106781,0.0,-0.707106781));
#13789=ORIENTED_EDGE('',*,*,#13790,.T.);
#13790=EDGE_CURVE('',#13782,#13762,#13791,.F.);
#13791=CIRCLE('',#13792,1.143);
#13792=AXIS2_PLACEMENT_3D('',#13793,#13794,#13795);
#13793=CARTESIAN_POINT('',(6.483744919,8.6868,6.663350042));
#13794=DIRECTION('',(-0.707106781,0.0,0.707106781));
#13795=DIRECTION('',(0.707106781,0.0,0.707106781));
#13796=TOROIDAL_SURFACE('',#13797,1.143,0.127);
#13797=AXIS2_PLACEMENT_3D('',#13798,#13799,#13800);
#13798=CARTESIAN_POINT('',(6.573547481,8.6868,6.573547481));
#13799=DIRECTION('',(0.707106781,0.0,-0.707106781));
#13800=DIRECTION('',(-0.011236422,0.999873735,-0.011236422));
#13801=ADVANCED_FACE('',(#13802),#13862,.T.);
#13802=FACE_BOUND('',#13803,.T.);
#13803=EDGE_LOOP('',(#13804,#13805,#13813,#13822,#13830,#13839,#13847,#13856));
#13804=ORIENTED_EDGE('',*,*,#13790,.F.);
#13805=ORIENTED_EDGE('',*,*,#13806,.T.);
#13806=EDGE_CURVE('',#13782,#13807,#13809,.T.);
#13807=VERTEX_POINT('',#13808);
#13808=CARTESIAN_POINT('',(5.585719307,9.8298,5.76532443));
#13809=LINE('',#13810,#13811);
#13810=CARTESIAN_POINT('',(6.483744919,9.8298,6.663350042));
#13811=VECTOR('',#13812,1.0);
#13812=DIRECTION('',(-0.707106781,0.0,-0.707106781));
#13813=ORIENTED_EDGE('',*,*,#13814,.T.);
#13814=EDGE_CURVE('',#13807,#13815,#13817,.T.);
#13815=VERTEX_POINT('',#13816);
#13816=CARTESIAN_POINT('',(4.777496256,8.6868,4.957101379));
#13817=CIRCLE('',#13818,1.143);
#13818=AXIS2_PLACEMENT_3D('',#13819,#13820,#13821);
#13819=CARTESIAN_POINT('',(5.585719307,8.6868,5.76532443));
#13820=DIRECTION('',(-0.707106781,0.0,0.707106781));
#13821=DIRECTION('',(0.0,1.0,0.0));
#13822=ORIENTED_EDGE('',*,*,#13823,.T.);
#13823=EDGE_CURVE('',#13815,#13824,#13826,.T.);
#13824=VERTEX_POINT('',#13825);
#13825=CARTESIAN_POINT('',(4.777496256,1.27,4.957101379));
#13826=LINE('',#13827,#13828);
#13827=CARTESIAN_POINT('',(4.777496256,8.6868,4.957101379));
#13828=VECTOR('',#13829,1.0);
#13829=DIRECTION('',(0.0,-1.0,0.0));
#13830=ORIENTED_EDGE('',*,*,#13831,.T.);
#13831=EDGE_CURVE('',#13824,#13832,#13834,.T.);
#13832=VERTEX_POINT('',#13833);
#13833=CARTESIAN_POINT('',(5.585719307,0.127,5.76532443));
#13834=CIRCLE('',#13835,1.143);
#13835=AXIS2_PLACEMENT_3D('',#13836,#13837,#13838);
#13836=CARTESIAN_POINT('',(5.585719307,1.27,5.76532443));
#13837=DIRECTION('',(-0.707106781,0.0,0.707106781));
#13838=DIRECTION('',(-0.707106781,1.973729822E-14,-0.707106781));
#13839=ORIENTED_EDGE('',*,*,#13840,.T.);
#13840=EDGE_CURVE('',#13832,#13841,#13843,.T.);
#13841=VERTEX_POINT('',#13842);
#13842=CARTESIAN_POINT('',(6.483744919,0.127,6.663350042));
#13843=LINE('',#13844,#13845);
#13844=CARTESIAN_POINT('',(5.585719307,0.127,5.76532443));
#13845=VECTOR('',#13846,1.0);
#13846=DIRECTION('',(0.707106781,0.0,0.707106781));
#13847=ORIENTED_EDGE('',*,*,#13848,.T.);
#13848=EDGE_CURVE('',#13841,#13849,#13851,.T.);
#13849=VERTEX_POINT('',#13850);
#13850=CARTESIAN_POINT('',(7.29196797,1.27,7.471573093));
#13851=CIRCLE('',#13852,1.143);
#13852=AXIS2_PLACEMENT_3D('',#13853,#13854,#13855);
#13853=CARTESIAN_POINT('',(6.483744919,1.27,6.663350042));
#13854=DIRECTION('',(-0.707106781,0.0,0.707106781));
#13855=DIRECTION('',(0.0,-1.0,0.0));
#13856=ORIENTED_EDGE('',*,*,#13857,.T.);
#13857=EDGE_CURVE('',#13849,#13762,#13858,.T.);
#13858=LINE('',#13859,#13860);
#13859=CARTESIAN_POINT('',(7.29196797,1.27,7.471573093));
#13860=VECTOR('',#13861,1.0);
#13861=DIRECTION('',(0.0,1.0,0.0));
#13862=PLANE('',#13863);
#13863=AXIS2_PLACEMENT_3D('',#13864,#13865,#13866);
#13864=CARTESIAN_POINT('',(4.687693695,0.0,4.867298818));
#13865=DIRECTION('',(-0.707106781,0.0,0.707106781));
#13866=DIRECTION('',(0.707106781,0.0,0.707106781));
#13867=ADVANCED_FACE('',(#13868),#13887,.T.);
#13868=FACE_BOUND('',#13869,.T.);
#13869=EDGE_LOOP('',(#13870,#13879,#13885,#13886));
#13870=ORIENTED_EDGE('',*,*,#13871,.T.);
#13871=EDGE_CURVE('',#13849,#13872,#13874,.F.);
#13872=VERTEX_POINT('',#13873);
#13873=CARTESIAN_POINT('',(7.471573093,1.27,7.29196797));
#13874=CIRCLE('',#13875,0.127);
#13875=AXIS2_PLACEMENT_3D('',#13876,#13877,#13878);
#13876=CARTESIAN_POINT('',(7.381770532,1.27,7.381770532));
#13877=DIRECTION('',(0.0,-1.0,0.0));
#13878=DIRECTION('',(0.707106781,0.0,-0.707106781));
#13879=ORIENTED_EDGE('',*,*,#13880,.T.);
#13880=EDGE_CURVE('',#13872,#13764,#13881,.F.);
#13881=LINE('',#13882,#13883);
#13882=CARTESIAN_POINT('',(7.471573093,8.6868,7.29196797));
#13883=VECTOR('',#13884,1.0);
#13884=DIRECTION('',(0.0,-1.0,0.0));
#13885=ORIENTED_EDGE('',*,*,#13761,.F.);
#13886=ORIENTED_EDGE('',*,*,#13857,.F.);
#13887=CYLINDRICAL_SURFACE('',#13888,0.127);
#13888=AXIS2_PLACEMENT_3D('',#13889,#13890,#13891);
#13889=CARTESIAN_POINT('',(7.381770532,8.717093534,7.381770532));
#13890=DIRECTION('',(0.0,-1.0,0.0));
#13891=DIRECTION('',(0.707106781,0.0,-0.707106781));
#13892=ADVANCED_FACE('',(#13893),#13946,.T.);
#13893=FACE_BOUND('',#13894,.T.);
#13894=EDGE_LOOP('',(#13895,#13904,#13912,#13921,#13929,#13938,#13944,#13945));
#13895=ORIENTED_EDGE('',*,*,#13896,.T.);
#13896=EDGE_CURVE('',#13872,#13897,#13899,.T.);
#13897=VERTEX_POINT('',#13898);
#13898=CARTESIAN_POINT('',(6.663350042,0.127,6.483744919));
#13899=CIRCLE('',#13900,1.143);
#13900=AXIS2_PLACEMENT_3D('',#13901,#13902,#13903);
#13901=CARTESIAN_POINT('',(6.663350042,1.27,6.483744919));
#13902=DIRECTION('',(0.707106781,0.0,-0.707106781));
#13903=DIRECTION('',(0.707106781,0.0,0.707106781));
#13904=ORIENTED_EDGE('',*,*,#13905,.T.);
#13905=EDGE_CURVE('',#13897,#13906,#13908,.T.);
#13906=VERTEX_POINT('',#13907);
#13907=CARTESIAN_POINT('',(5.76532443,0.127,5.585719307));
#13908=LINE('',#13909,#13910);
#13909=CARTESIAN_POINT('',(6.663350042,0.127,6.483744919));
#13910=VECTOR('',#13911,1.0);
#13911=DIRECTION('',(-0.707106781,0.0,-0.707106781));
#13912=ORIENTED_EDGE('',*,*,#13913,.T.);
#13913=EDGE_CURVE('',#13906,#13914,#13916,.T.);
#13914=VERTEX_POINT('',#13915);
#13915=CARTESIAN_POINT('',(4.957101379,1.27,4.777496256));
#13916=CIRCLE('',#13917,1.143);
#13917=AXIS2_PLACEMENT_3D('',#13918,#13919,#13920);
#13918=CARTESIAN_POINT('',(5.76532443,1.27,5.585719307));
#13919=DIRECTION('',(0.707106781,0.0,-0.707106781));
#13920=DIRECTION('',(0.0,-1.0,0.0));
#13921=ORIENTED_EDGE('',*,*,#13922,.T.);
#13922=EDGE_CURVE('',#13914,#13923,#13925,.T.);
#13923=VERTEX_POINT('',#13924);
#13924=CARTESIAN_POINT('',(4.957101379,8.6868,4.777496256));
#13925=LINE('',#13926,#13927);
#13926=CARTESIAN_POINT('',(4.957101379,1.27,4.777496256));
#13927=VECTOR('',#13928,1.0);
#13928=DIRECTION('',(0.0,1.0,0.0));
#13929=ORIENTED_EDGE('',*,*,#13930,.T.);
#13930=EDGE_CURVE('',#13923,#13931,#13933,.T.);
#13931=VERTEX_POINT('',#13932);
#13932=CARTESIAN_POINT('',(5.76532443,9.8298,5.585719307));
#13933=CIRCLE('',#13934,1.143);
#13934=AXIS2_PLACEMENT_3D('',#13935,#13936,#13937);
#13935=CARTESIAN_POINT('',(5.76532443,8.6868,5.585719307));
#13936=DIRECTION('',(0.707106781,0.0,-0.707106781));
#13937=DIRECTION('',(-0.707106781,0.0,-0.707106781));
#13938=ORIENTED_EDGE('',*,*,#13939,.T.);
#13939=EDGE_CURVE('',#13931,#13773,#13940,.T.);
#13940=LINE('',#13941,#13942);
#13941=CARTESIAN_POINT('',(5.76532443,9.8298,5.585719307));
#13942=VECTOR('',#13943,1.0);
#13943=DIRECTION('',(0.707106781,0.0,0.707106781));
#13944=ORIENTED_EDGE('',*,*,#13772,.F.);
#13945=ORIENTED_EDGE('',*,*,#13880,.F.);
#13946=PLANE('',#13947);
#13947=AXIS2_PLACEMENT_3D('',#13948,#13949,#13950);
#13948=CARTESIAN_POINT('',(7.561375654,0.0,7.381770532));
#13949=DIRECTION('',(0.707106781,0.0,-0.707106781));
#13950=DIRECTION('',(-0.707106781,0.0,-0.707106781));
#13951=ADVANCED_FACE('',(#13952),#13964,.T.);
#13952=FACE_BOUND('',#13953,.T.);
#13953=EDGE_LOOP('',(#13954,#13955,#13956,#13963));
#13954=ORIENTED_EDGE('',*,*,#13781,.F.);
#13955=ORIENTED_EDGE('',*,*,#13939,.F.);
#13956=ORIENTED_EDGE('',*,*,#13957,.T.);
#13957=EDGE_CURVE('',#13931,#13807,#13958,.T.);
#13958=CIRCLE('',#13959,0.127);
#13959=AXIS2_PLACEMENT_3D('',#13960,#13961,#13962);
#13960=CARTESIAN_POINT('',(5.675521869,9.8298,5.675521869));
#13961=DIRECTION('',(0.707106781,0.0,0.707106781));
#13962=DIRECTION('',(0.707106781,0.0,-0.707106781));
#13963=ORIENTED_EDGE('',*,*,#13806,.F.);
#13964=CYLINDRICAL_SURFACE('',#13965,0.127);
#13965=AXIS2_PLACEMENT_3D('',#13966,#13967,#13968);
#13966=CARTESIAN_POINT('',(5.663113106,9.8298,5.663113106));
#13967=DIRECTION('',(0.707106781,0.0,0.707106781));
#13968=DIRECTION('',(0.707106781,0.0,-0.707106781));
#13969=ADVANCED_FACE('',(#13970),#13982,.T.);
#13970=FACE_BOUND('',#13971,.T.);
#13971=EDGE_LOOP('',(#13972,#13973,#13974,#13981));
#13972=ORIENTED_EDGE('',*,*,#13957,.F.);
#13973=ORIENTED_EDGE('',*,*,#13930,.F.);
#13974=ORIENTED_EDGE('',*,*,#13975,.T.);
#13975=EDGE_CURVE('',#13923,#13815,#13976,.T.);
#13976=CIRCLE('',#13977,0.127);
#13977=AXIS2_PLACEMENT_3D('',#13978,#13979,#13980);
#13978=CARTESIAN_POINT('',(4.867298818,8.6868,4.867298818));
#13979=DIRECTION('',(0.0,1.0,0.0));
#13980=DIRECTION('',(0.707106781,0.0,-0.707106781));
#13981=ORIENTED_EDGE('',*,*,#13814,.F.);
#13982=TOROIDAL_SURFACE('',#13983,1.143,0.127);
#13983=AXIS2_PLACEMENT_3D('',#13984,#13985,#13986);
#13984=CARTESIAN_POINT('',(5.675521869,8.6868,5.675521869));
#13985=DIRECTION('',(-0.707106781,0.0,0.707106781));
#13986=DIRECTION('',(-0.706926614,-0.022572657,-0.706926614));
#13987=ADVANCED_FACE('',(#13988),#14000,.T.);
#13988=FACE_BOUND('',#13989,.T.);
#13989=EDGE_LOOP('',(#13990,#13991,#13992,#13999));
#13990=ORIENTED_EDGE('',*,*,#13975,.F.);
#13991=ORIENTED_EDGE('',*,*,#13922,.F.);
#13992=ORIENTED_EDGE('',*,*,#13993,.T.);
#13993=EDGE_CURVE('',#13914,#13824,#13994,.T.);
#13994=CIRCLE('',#13995,0.127);
#13995=AXIS2_PLACEMENT_3D('',#13996,#13997,#13998);
#13996=CARTESIAN_POINT('',(4.867298818,1.27,4.867298818));
#13997=DIRECTION('',(0.0,1.0,0.0));
#13998=DIRECTION('',(0.707106781,0.0,-0.707106781));
#13999=ORIENTED_EDGE('',*,*,#13823,.F.);
#14000=CYLINDRICAL_SURFACE('',#14001,0.127);
#14001=AXIS2_PLACEMENT_3D('',#14002,#14003,#14004);
#14002=CARTESIAN_POINT('',(4.867298818,1.252451359,4.867298818));
#14003=DIRECTION('',(0.0,1.0,0.0));
#14004=DIRECTION('',(0.707106781,0.0,-0.707106781));
#14005=ADVANCED_FACE('',(#14006),#14018,.T.);
#14006=FACE_BOUND('',#14007,.T.);
#14007=EDGE_LOOP('',(#14008,#14009,#14010,#14017));
#14008=ORIENTED_EDGE('',*,*,#13993,.F.);
#14009=ORIENTED_EDGE('',*,*,#13913,.F.);
#14010=ORIENTED_EDGE('',*,*,#14011,.T.);
#14011=EDGE_CURVE('',#13906,#13832,#14012,.T.);
#14012=CIRCLE('',#14013,0.127);
#14013=AXIS2_PLACEMENT_3D('',#14014,#14015,#14016);
#14014=CARTESIAN_POINT('',(5.675521869,0.127,5.675521869));
#14015=DIRECTION('',(-0.707106781,0.0,-0.707106781));
#14016=DIRECTION('',(0.707106781,0.0,-0.707106781));
#14017=ORIENTED_EDGE('',*,*,#13831,.F.);
#14018=TOROIDAL_SURFACE('',#14019,1.143,0.127);
#14019=AXIS2_PLACEMENT_3D('',#14020,#14021,#14022);
#14020=CARTESIAN_POINT('',(5.675521869,1.27,5.675521869));
#14021=DIRECTION('',(0.707106781,0.0,-0.707106781));
#14022=DIRECTION('',(0.011236422,-0.999873735,0.011236422));
#14023=ADVANCED_FACE('',(#14024),#14036,.T.);
#14024=FACE_BOUND('',#14025,.T.);
#14025=EDGE_LOOP('',(#14026,#14027,#14028,#14035));
#14026=ORIENTED_EDGE('',*,*,#14011,.F.);
#14027=ORIENTED_EDGE('',*,*,#13905,.F.);
#14028=ORIENTED_EDGE('',*,*,#14029,.T.);
#14029=EDGE_CURVE('',#13897,#13841,#14030,.T.);
#14030=CIRCLE('',#14031,0.127);
#14031=AXIS2_PLACEMENT_3D('',#14032,#14033,#14034);
#14032=CARTESIAN_POINT('',(6.573547481,0.127,6.573547481));
#14033=DIRECTION('',(-0.707106781,0.0,-0.707106781));
#14034=DIRECTION('',(0.707106781,-3.833738882E-14,-0.707106781));
#14035=ORIENTED_EDGE('',*,*,#13840,.F.);
#14036=CYLINDRICAL_SURFACE('',#14037,0.127);
#14037=AXIS2_PLACEMENT_3D('',#14038,#14039,#14040);
#14038=CARTESIAN_POINT('',(6.594968244,0.127,6.594968244));
#14039=DIRECTION('',(-0.707106781,0.0,-0.707106781));
#14040=DIRECTION('',(0.707106781,0.0,-0.707106781));
#14041=ADVANCED_FACE('',(#14042),#14048,.T.);
#14042=FACE_BOUND('',#14043,.T.);
#14043=EDGE_LOOP('',(#14044,#14045,#14046,#14047));
#14044=ORIENTED_EDGE('',*,*,#14029,.F.);
#14045=ORIENTED_EDGE('',*,*,#13896,.F.);
#14046=ORIENTED_EDGE('',*,*,#13871,.F.);
#14047=ORIENTED_EDGE('',*,*,#13848,.F.);
#14048=TOROIDAL_SURFACE('',#14049,1.143,0.127);
#14049=AXIS2_PLACEMENT_3D('',#14050,#14051,#14052);
#14050=CARTESIAN_POINT('',(6.573547481,1.27,6.573547481));
#14051=DIRECTION('',(-0.707106781,0.0,0.707106781));
#14052=DIRECTION('',(0.706926614,0.022572657,0.706926614));
#14053=MANIFOLD_SOLID_BREP('',#14054);
#14054=CLOSED_SHELL('',(#14055,#14099,#14165,#14190,#14249,#14267,#14285,#14303,#14321,#14339));
#14055=ADVANCED_FACE('',(#14056),#14094,.T.);
#14056=FACE_BOUND('',#14057,.T.);
#14057=EDGE_LOOP('',(#14058,#14069,#14078,#14087));
#14058=ORIENTED_EDGE('',*,*,#14059,.T.);
#14059=EDGE_CURVE('',#14060,#14062,#14064,.T.);
#14060=VERTEX_POINT('',#14061);
#14061=CARTESIAN_POINT('',(7.915410333,8.6868,6.807604617));
#14062=VERTEX_POINT('',#14063);
#14063=CARTESIAN_POINT('',(8.078678386,8.6868,6.613029328));
#14064=CIRCLE('',#14065,0.127);
#14065=AXIS2_PLACEMENT_3D('',#14066,#14067,#14068);
#14066=CARTESIAN_POINT('',(7.997044359,8.6868,6.710316973));
#14067=DIRECTION('',(0.0,1.0,0.0));
#14068=DIRECTION('',(-0.64278761,0.0,0.766044443));
#14069=ORIENTED_EDGE('',*,*,#14070,.T.);
#14070=EDGE_CURVE('',#14062,#14071,#14073,.F.);
#14071=VERTEX_POINT('',#14072);
#14072=CARTESIAN_POINT('',(7.203089587,9.8298,5.87832309));
#14073=CIRCLE('',#14074,1.143);
#14074=AXIS2_PLACEMENT_3D('',#14075,#14076,#14077);
#14075=CARTESIAN_POINT('',(7.203089587,8.6868,5.87832309));
#14076=DIRECTION('',(0.64278761,0.0,-0.766044443));
#14077=DIRECTION('',(0.0,1.0,0.0));
#14078=ORIENTED_EDGE('',*,*,#14079,.T.);
#14079=EDGE_CURVE('',#14071,#14080,#14082,.T.);
#14080=VERTEX_POINT('',#14081);
#14081=CARTESIAN_POINT('',(7.039821535,9.8298,6.072898379));
#14082=CIRCLE('',#14083,0.127);
#14083=AXIS2_PLACEMENT_3D('',#14084,#14085,#14086);
#14084=CARTESIAN_POINT('',(7.121455561,9.8298,5.975610735));
#14085=DIRECTION('',(0.766044443,0.0,0.64278761));
#14086=DIRECTION('',(0.64278761,0.0,-0.766044443));
#14087=ORIENTED_EDGE('',*,*,#14088,.T.);
#14088=EDGE_CURVE('',#14080,#14060,#14089,.F.);
#14089=CIRCLE('',#14090,1.143);
#14090=AXIS2_PLACEMENT_3D('',#14091,#14092,#14093);
#14091=CARTESIAN_POINT('',(7.039821535,8.6868,6.072898379));
#14092=DIRECTION('',(-0.64278761,0.0,0.766044443));
#14093=DIRECTION('',(0.766044443,0.0,0.64278761));
#14094=TOROIDAL_SURFACE('',#14095,1.143,0.127);
#14095=AXIS2_PLACEMENT_3D('',#14096,#14097,#14098);
#14096=CARTESIAN_POINT('',(7.121455561,8.6868,5.975610735));
#14097=DIRECTION('',(0.64278761,0.0,-0.766044443));
#14098=DIRECTION('',(-0.012172983,0.999873735,-0.010214346));
#14099=ADVANCED_FACE('',(#14100),#14160,.T.);
#14100=FACE_BOUND('',#14101,.T.);
#14101=EDGE_LOOP('',(#14102,#14103,#14111,#14120,#14128,#14137,#14145,#14154));
#14102=ORIENTED_EDGE('',*,*,#14088,.F.);
#14103=ORIENTED_EDGE('',*,*,#14104,.T.);
#14104=EDGE_CURVE('',#14080,#14105,#14107,.T.);
#14105=VERTEX_POINT('',#14106);
#14106=CARTESIAN_POINT('',(6.066945092,9.8298,5.256558115));
#14107=LINE('',#14108,#14109);
#14108=CARTESIAN_POINT('',(7.039821535,9.8298,6.072898379));
#14109=VECTOR('',#14110,1.0);
#14110=DIRECTION('',(-0.766044443,0.0,-0.64278761));
#14111=ORIENTED_EDGE('',*,*,#14112,.T.);
#14112=EDGE_CURVE('',#14105,#14113,#14115,.T.);
#14113=VERTEX_POINT('',#14114);
#14114=CARTESIAN_POINT('',(5.191356293,8.6868,4.521851877));
#14115=CIRCLE('',#14116,1.143);
#14116=AXIS2_PLACEMENT_3D('',#14117,#14118,#14119);
#14117=CARTESIAN_POINT('',(6.066945092,8.6868,5.256558115));
#14118=DIRECTION('',(-0.64278761,0.0,0.766044443));
#14119=DIRECTION('',(0.0,1.0,0.0));
#14120=ORIENTED_EDGE('',*,*,#14121,.T.);
#14121=EDGE_CURVE('',#14113,#14122,#14124,.T.);
#14122=VERTEX_POINT('',#14123);
#14123=CARTESIAN_POINT('',(5.191356293,1.27,4.521851877));
#14124=LINE('',#14125,#14126);
#14125=CARTESIAN_POINT('',(5.191356293,8.6868,4.521851877));
#14126=VECTOR('',#14127,1.0);
#14127=DIRECTION('',(0.0,-1.0,0.0));
#14128=ORIENTED_EDGE('',*,*,#14129,.T.);
#14129=EDGE_CURVE('',#14122,#14130,#14132,.T.);
#14130=VERTEX_POINT('',#14131);
#14131=CARTESIAN_POINT('',(6.066945092,0.127,5.256558115));
#14132=CIRCLE('',#14133,1.143);
#14133=AXIS2_PLACEMENT_3D('',#14134,#14135,#14136);
#14134=CARTESIAN_POINT('',(6.066945092,1.27,5.256558115));
#14135=DIRECTION('',(-0.64278761,0.0,0.766044443));
#14136=DIRECTION('',(-0.766044443,0.0,-0.64278761));
#14137=ORIENTED_EDGE('',*,*,#14138,.T.);
#14138=EDGE_CURVE('',#14130,#14139,#14141,.T.);
#14139=VERTEX_POINT('',#14140);
#14140=CARTESIAN_POINT('',(7.039821535,0.127,6.072898379));
#14141=LINE('',#14142,#14143);
#14142=CARTESIAN_POINT('',(6.066945092,0.127,5.256558115));
#14143=VECTOR('',#14144,1.0);
#14144=DIRECTION('',(0.766044443,0.0,0.64278761));
#14145=ORIENTED_EDGE('',*,*,#14146,.T.);
#14146=EDGE_CURVE('',#14139,#14147,#14149,.T.);
#14147=VERTEX_POINT('',#14148);
#14148=CARTESIAN_POINT('',(7.915410333,1.27,6.807604617));
#14149=CIRCLE('',#14150,1.143);
#14150=AXIS2_PLACEMENT_3D('',#14151,#14152,#14153);
#14151=CARTESIAN_POINT('',(7.039821535,1.27,6.072898379));
#14152=DIRECTION('',(-0.64278761,0.0,0.766044443));
#14153=DIRECTION('',(0.0,-1.0,0.0));
#14154=ORIENTED_EDGE('',*,*,#14155,.T.);
#14155=EDGE_CURVE('',#14147,#14060,#14156,.T.);
#14156=LINE('',#14157,#14158);
#14157=CARTESIAN_POINT('',(7.915410333,1.27,6.807604617));
#14158=VECTOR('',#14159,1.0);
#14159=DIRECTION('',(0.0,1.0,0.0));
#14160=PLANE('',#14161);
#14161=AXIS2_PLACEMENT_3D('',#14162,#14163,#14164);
#14162=CARTESIAN_POINT('',(5.094068649,0.0,4.44021785));
#14163=DIRECTION('',(-0.64278761,0.0,0.766044443));
#14164=DIRECTION('',(0.766044443,0.0,0.64278761));
#14165=ADVANCED_FACE('',(#14166),#14185,.T.);
#14166=FACE_BOUND('',#14167,.T.);
#14167=EDGE_LOOP('',(#14168,#14177,#14183,#14184));
#14168=ORIENTED_EDGE('',*,*,#14169,.T.);
#14169=EDGE_CURVE('',#14147,#14170,#14172,.F.);
#14170=VERTEX_POINT('',#14171);
#14171=CARTESIAN_POINT('',(8.078678386,1.27,6.613029328));
#14172=CIRCLE('',#14173,0.127);
#14173=AXIS2_PLACEMENT_3D('',#14174,#14175,#14176);
#14174=CARTESIAN_POINT('',(7.997044359,1.27,6.710316973));
#14175=DIRECTION('',(0.0,-1.0,0.0));
#14176=DIRECTION('',(0.64278761,0.0,-0.766044443));
#14177=ORIENTED_EDGE('',*,*,#14178,.T.);
#14178=EDGE_CURVE('',#14170,#14062,#14179,.F.);
#14179=LINE('',#14180,#14181);
#14180=CARTESIAN_POINT('',(8.078678386,8.6868,6.613029328));
#14181=VECTOR('',#14182,1.0);
#14182=DIRECTION('',(0.0,-1.0,0.0));
#14183=ORIENTED_EDGE('',*,*,#14059,.F.);
#14184=ORIENTED_EDGE('',*,*,#14155,.F.);
#14185=CYLINDRICAL_SURFACE('',#14186,0.127);
#14186=AXIS2_PLACEMENT_3D('',#14187,#14188,#14189);
#14187=CARTESIAN_POINT('',(7.997044359,8.717093534,6.710316973));
#14188=DIRECTION('',(0.0,-1.0,0.0));
#14189=DIRECTION('',(0.64278761,0.0,-0.766044443));
#14190=ADVANCED_FACE('',(#14191),#14244,.T.);
#14191=FACE_BOUND('',#14192,.T.);
#14192=EDGE_LOOP('',(#14193,#14202,#14210,#14219,#14227,#14236,#14242,#14243));
#14193=ORIENTED_EDGE('',*,*,#14194,.T.);
#14194=EDGE_CURVE('',#14170,#14195,#14197,.T.);
#14195=VERTEX_POINT('',#14196);
#14196=CARTESIAN_POINT('',(7.203089587,0.127,5.87832309));
#14197=CIRCLE('',#14198,1.143);
#14198=AXIS2_PLACEMENT_3D('',#14199,#14200,#14201);
#14199=CARTESIAN_POINT('',(7.203089587,1.27,5.87832309));
#14200=DIRECTION('',(0.64278761,0.0,-0.766044443));
#14201=DIRECTION('',(0.766044443,0.0,0.64278761));
#14202=ORIENTED_EDGE('',*,*,#14203,.T.);
#14203=EDGE_CURVE('',#14195,#14204,#14206,.T.);
#14204=VERTEX_POINT('',#14205);
#14205=CARTESIAN_POINT('',(6.230213145,0.127,5.061982826));
#14206=LINE('',#14207,#14208);
#14207=CARTESIAN_POINT('',(7.203089587,0.127,5.87832309));
#14208=VECTOR('',#14209,1.0);
#14209=DIRECTION('',(-0.766044443,0.0,-0.64278761));
#14210=ORIENTED_EDGE('',*,*,#14211,.T.);
#14211=EDGE_CURVE('',#14204,#14212,#14214,.T.);
#14212=VERTEX_POINT('',#14213);
#14213=CARTESIAN_POINT('',(5.354624346,1.27,4.327276588));
#14214=CIRCLE('',#14215,1.143);
#14215=AXIS2_PLACEMENT_3D('',#14216,#14217,#14218);
#14216=CARTESIAN_POINT('',(6.230213145,1.27,5.061982826));
#14217=DIRECTION('',(0.64278761,0.0,-0.766044443));
#14218=DIRECTION('',(0.0,-1.0,0.0));
#14219=ORIENTED_EDGE('',*,*,#14220,.T.);
#14220=EDGE_CURVE('',#14212,#14221,#14223,.T.);
#14221=VERTEX_POINT('',#14222);
#14222=CARTESIAN_POINT('',(5.354624346,8.6868,4.327276588));
#14223=LINE('',#14224,#14225);
#14224=CARTESIAN_POINT('',(5.354624346,1.27,4.327276588));
#14225=VECTOR('',#14226,1.0);
#14226=DIRECTION('',(0.0,1.0,0.0));
#14227=ORIENTED_EDGE('',*,*,#14228,.T.);
#14228=EDGE_CURVE('',#14221,#14229,#14231,.T.);
#14229=VERTEX_POINT('',#14230);
#14230=CARTESIAN_POINT('',(6.230213145,9.8298,5.061982826));
#14231=CIRCLE('',#14232,1.143);
#14232=AXIS2_PLACEMENT_3D('',#14233,#14234,#14235);
#14233=CARTESIAN_POINT('',(6.230213145,8.6868,5.061982826));
#14234=DIRECTION('',(0.64278761,0.0,-0.766044443));
#14235=DIRECTION('',(-0.766044443,5.181040782E-14,-0.64278761));
#14236=ORIENTED_EDGE('',*,*,#14237,.T.);
#14237=EDGE_CURVE('',#14229,#14071,#14238,.T.);
#14238=LINE('',#14239,#14240);
#14239=CARTESIAN_POINT('',(6.230213145,9.8298,5.061982826));
#14240=VECTOR('',#14241,1.0);
#14241=DIRECTION('',(0.766044443,0.0,0.64278761));
#14242=ORIENTED_EDGE('',*,*,#14070,.F.);
#14243=ORIENTED_EDGE('',*,*,#14178,.F.);
#14244=PLANE('',#14245);
#14245=AXIS2_PLACEMENT_3D('',#14246,#14247,#14248);
#14246=CARTESIAN_POINT('',(8.17596603,0.0,6.694663355));
#14247=DIRECTION('',(0.64278761,0.0,-0.766044443));
#14248=DIRECTION('',(-0.766044443,0.0,-0.64278761));
#14249=ADVANCED_FACE('',(#14250),#14262,.T.);
#14250=FACE_BOUND('',#14251,.T.);
#14251=EDGE_LOOP('',(#14252,#14253,#14254,#14261));
#14252=ORIENTED_EDGE('',*,*,#14079,.F.);
#14253=ORIENTED_EDGE('',*,*,#14237,.F.);
#14254=ORIENTED_EDGE('',*,*,#14255,.T.);
#14255=EDGE_CURVE('',#14229,#14105,#14256,.T.);
#14256=CIRCLE('',#14257,0.127);
#14257=AXIS2_PLACEMENT_3D('',#14258,#14259,#14260);
#14258=CARTESIAN_POINT('',(6.148579118,9.8298,5.15927047));
#14259=DIRECTION('',(0.766044443,0.0,0.64278761));
#14260=DIRECTION('',(0.64278761,-4.440892099E-14,-0.766044443));
#14261=ORIENTED_EDGE('',*,*,#14104,.F.);
#14262=CYLINDRICAL_SURFACE('',#14263,0.127);
#14263=AXIS2_PLACEMENT_3D('',#14264,#14265,#14266);
#14264=CARTESIAN_POINT('',(6.13513608,9.8298,5.147990422));
#14265=DIRECTION('',(0.766044443,0.0,0.64278761));
#14266=DIRECTION('',(0.64278761,0.0,-0.766044443));
#14267=ADVANCED_FACE('',(#14268),#14280,.T.);
#14268=FACE_BOUND('',#14269,.T.);
#14269=EDGE_LOOP('',(#14270,#14271,#14272,#14279));
#14270=ORIENTED_EDGE('',*,*,#14255,.F.);
#14271=ORIENTED_EDGE('',*,*,#14228,.F.);
#14272=ORIENTED_EDGE('',*,*,#14273,.T.);
#14273=EDGE_CURVE('',#14221,#14113,#14274,.T.);
#14274=CIRCLE('',#14275,0.127);
#14275=AXIS2_PLACEMENT_3D('',#14276,#14277,#14278);
#14276=CARTESIAN_POINT('',(5.27299032,8.6868,4.424564233));
#14277=DIRECTION('',(0.0,1.0,0.0));
#14278=DIRECTION('',(0.64278761,0.0,-0.766044443));
#14279=ORIENTED_EDGE('',*,*,#14112,.F.);
#14280=TOROIDAL_SURFACE('',#14281,1.143,0.127);
#14281=AXIS2_PLACEMENT_3D('',#14282,#14283,#14284);
#14282=CARTESIAN_POINT('',(6.148579118,8.6868,5.15927047));
#14283=DIRECTION('',(-0.64278761,0.0,0.766044443));
#14284=DIRECTION('',(-0.765849259,-0.022572657,-0.642623831));
#14285=ADVANCED_FACE('',(#14286),#14298,.T.);
#14286=FACE_BOUND('',#14287,.T.);
#14287=EDGE_LOOP('',(#14288,#14289,#14290,#14297));
#14288=ORIENTED_EDGE('',*,*,#14273,.F.);
#14289=ORIENTED_EDGE('',*,*,#14220,.F.);
#14290=ORIENTED_EDGE('',*,*,#14291,.T.);
#14291=EDGE_CURVE('',#14212,#14122,#14292,.T.);
#14292=CIRCLE('',#14293,0.127);
#14293=AXIS2_PLACEMENT_3D('',#14294,#14295,#14296);
#14294=CARTESIAN_POINT('',(5.27299032,1.27,4.424564233));
#14295=DIRECTION('',(0.0,1.0,0.0));
#14296=DIRECTION('',(0.64278761,0.0,-0.766044443));
#14297=ORIENTED_EDGE('',*,*,#14121,.F.);
#14298=CYLINDRICAL_SURFACE('',#14299,0.127);
#14299=AXIS2_PLACEMENT_3D('',#14300,#14301,#14302);
#14300=CARTESIAN_POINT('',(5.27299032,1.252451359,4.424564233));
#14301=DIRECTION('',(0.0,1.0,0.0));
#14302=DIRECTION('',(0.64278761,0.0,-0.766044443));
#14303=ADVANCED_FACE('',(#14304),#14316,.T.);
#14304=FACE_BOUND('',#14305,.T.);
#14305=EDGE_LOOP('',(#14306,#14307,#14308,#14315));
#14306=ORIENTED_EDGE('',*,*,#14291,.F.);
#14307=ORIENTED_EDGE('',*,*,#14211,.F.);
#14308=ORIENTED_EDGE('',*,*,#14309,.T.);
#14309=EDGE_CURVE('',#14204,#14130,#14310,.T.);
#14310=CIRCLE('',#14311,0.127);
#14311=AXIS2_PLACEMENT_3D('',#14312,#14313,#14314);
#14312=CARTESIAN_POINT('',(6.148579118,0.127,5.15927047));
#14313=DIRECTION('',(-0.766044443,0.0,-0.64278761));
#14314=DIRECTION('',(0.64278761,0.0,-0.766044443));
#14315=ORIENTED_EDGE('',*,*,#14129,.F.);
#14316=TOROIDAL_SURFACE('',#14317,1.143,0.127);
#14317=AXIS2_PLACEMENT_3D('',#14318,#14319,#14320);
#14318=CARTESIAN_POINT('',(6.148579118,1.27,5.15927047));
#14319=DIRECTION('',(0.64278761,0.0,-0.766044443));
#14320=DIRECTION('',(0.012172983,-0.999873735,0.010214346));
#14321=ADVANCED_FACE('',(#14322),#14334,.T.);
#14322=FACE_BOUND('',#14323,.T.);
#14323=EDGE_LOOP('',(#14324,#14325,#14326,#14333));
#14324=ORIENTED_EDGE('',*,*,#14309,.F.);
#14325=ORIENTED_EDGE('',*,*,#14203,.F.);
#14326=ORIENTED_EDGE('',*,*,#14327,.T.);
#14327=EDGE_CURVE('',#14195,#14139,#14328,.T.);
#14328=CIRCLE('',#14329,0.127);
#14329=AXIS2_PLACEMENT_3D('',#14330,#14331,#14332);
#14330=CARTESIAN_POINT('',(7.121455561,0.127,5.975610735));
#14331=DIRECTION('',(-0.766044443,0.0,-0.64278761));
#14332=DIRECTION('',(0.64278761,3.93782229E-14,-0.766044443));
#14333=ORIENTED_EDGE('',*,*,#14138,.F.);
#14334=CYLINDRICAL_SURFACE('',#14335,0.127);
#14335=AXIS2_PLACEMENT_3D('',#14336,#14337,#14338);
#14336=CARTESIAN_POINT('',(7.144661754,0.127,5.995083043));
#14337=DIRECTION('',(-0.766044443,0.0,-0.64278761));
#14338=DIRECTION('',(0.64278761,0.0,-0.766044443));
#14339=ADVANCED_FACE('',(#14340),#14346,.T.);
#14340=FACE_BOUND('',#14341,.T.);
#14341=EDGE_LOOP('',(#14342,#14343,#14344,#14345));
#14342=ORIENTED_EDGE('',*,*,#14327,.F.);
#14343=ORIENTED_EDGE('',*,*,#14194,.F.);
#14344=ORIENTED_EDGE('',*,*,#14169,.F.);
#14345=ORIENTED_EDGE('',*,*,#14146,.F.);
#14346=TOROIDAL_SURFACE('',#14347,1.143,0.127);
#14347=AXIS2_PLACEMENT_3D('',#14348,#14349,#14350);
#14348=CARTESIAN_POINT('',(7.121455561,1.27,5.975610735));
#14349=DIRECTION('',(-0.64278761,0.0,0.766044443));
#14350=DIRECTION('',(0.765849259,0.022572657,0.642623831));
#14351=MANIFOLD_SOLID_BREP('',#14352);
#14352=CLOSED_SHELL('',(#14353,#14397,#14463,#14488,#14547,#14565,#14583,#14601,#14619,#14637));
#14353=ADVANCED_FACE('',(#14354),#14392,.T.);
#14354=FACE_BOUND('',#14355,.T.);
#14355=EDGE_LOOP('',(#14356,#14367,#14376,#14385));
#14356=ORIENTED_EDGE('',*,*,#14357,.T.);
#14357=EDGE_CURVE('',#14358,#14360,#14362,.T.);
#14358=VERTEX_POINT('',#14359);
#14359=CARTESIAN_POINT('',(8.478611644,8.6868,6.091826159));
#14360=VERTEX_POINT('',#14361);
#14361=CARTESIAN_POINT('',(8.624300059,8.6868,5.88376154));
#14362=CIRCLE('',#14363,0.127);
#14363=AXIS2_PLACEMENT_3D('',#14364,#14365,#14366);
#14364=CARTESIAN_POINT('',(8.551455851,8.6868,5.98779385));
#14365=DIRECTION('',(0.0,1.0,0.0));
#14366=DIRECTION('',(-0.573576436,0.0,0.819152044));
#14367=ORIENTED_EDGE('',*,*,#14368,.T.);
#14368=EDGE_CURVE('',#14360,#14369,#14371,.F.);
#14369=VERTEX_POINT('',#14370);
#14370=CARTESIAN_POINT('',(7.688009272,9.8298,5.228163673));
#14371=CIRCLE('',#14372,1.143);
#14372=AXIS2_PLACEMENT_3D('',#14373,#14374,#14375);
#14373=CARTESIAN_POINT('',(7.688009272,8.6868,5.228163673));
#14374=DIRECTION('',(0.573576436,0.0,-0.819152044));
#14375=DIRECTION('',(0.0,1.0,0.0));
#14376=ORIENTED_EDGE('',*,*,#14377,.T.);
#14377=EDGE_CURVE('',#14369,#14378,#14380,.T.);
#14378=VERTEX_POINT('',#14379);
#14379=CARTESIAN_POINT('',(7.542320857,9.8298,5.436228293));
#14380=CIRCLE('',#14381,0.127);
#14381=AXIS2_PLACEMENT_3D('',#14382,#14383,#14384);
#14382=CARTESIAN_POINT('',(7.615165065,9.8298,5.332195983));
#14383=DIRECTION('',(0.819152044,0.0,0.573576436));
#14384=DIRECTION('',(0.573576436,0.0,-0.819152044));
#14385=ORIENTED_EDGE('',*,*,#14386,.T.);
#14386=EDGE_CURVE('',#14378,#14358,#14387,.F.);
#14387=CIRCLE('',#14388,1.143);
#14388=AXIS2_PLACEMENT_3D('',#14389,#14390,#14391);
#14389=CARTESIAN_POINT('',(7.542320857,8.6868,5.436228293));
#14390=DIRECTION('',(-0.573576436,0.0,0.819152044));
#14391=DIRECTION('',(0.819152044,-2.590520391E-14,0.573576436));
#14392=TOROIDAL_SURFACE('',#14393,1.143,0.127);
#14393=AXIS2_PLACEMENT_3D('',#14394,#14395,#14396);
#14394=CARTESIAN_POINT('',(7.615165065,8.6868,5.332195983));
#14395=DIRECTION('',(0.573576436,0.0,-0.819152044));
#14396=DIRECTION('',(-0.0130169,0.999873735,-0.009114531));
#14397=ADVANCED_FACE('',(#14398),#14458,.T.);
#14398=FACE_BOUND('',#14399,.T.);
#14399=EDGE_LOOP('',(#14400,#14401,#14409,#14418,#14426,#14435,#14443,#14452));
#14400=ORIENTED_EDGE('',*,*,#14386,.F.);
#14401=ORIENTED_EDGE('',*,*,#14402,.T.);
#14402=EDGE_CURVE('',#14378,#14403,#14405,.T.);
#14403=VERTEX_POINT('',#14404);
#14404=CARTESIAN_POINT('',(6.501997761,9.8298,4.707786218));
#14405=LINE('',#14406,#14407);
#14406=CARTESIAN_POINT('',(7.542320857,9.8298,5.436228293));
#14407=VECTOR('',#14408,1.0);
#14408=DIRECTION('',(-0.819152044,0.0,-0.573576436));
#14409=ORIENTED_EDGE('',*,*,#14410,.T.);
#14410=EDGE_CURVE('',#14403,#14411,#14413,.T.);
#14411=VERTEX_POINT('',#14412);
#14412=CARTESIAN_POINT('',(5.565706974,8.6868,4.052188352));
#14413=CIRCLE('',#14414,1.143);
#14414=AXIS2_PLACEMENT_3D('',#14415,#14416,#14417);
#14415=CARTESIAN_POINT('',(6.501997761,8.6868,4.707786218));
#14416=DIRECTION('',(-0.573576436,0.0,0.819152044));
#14417=DIRECTION('',(0.0,1.0,0.0));
#14418=ORIENTED_EDGE('',*,*,#14419,.T.);
#14419=EDGE_CURVE('',#14411,#14420,#14422,.T.);
#14420=VERTEX_POINT('',#14421);
#14421=CARTESIAN_POINT('',(5.565706974,1.27,4.052188352));
#14422=LINE('',#14423,#14424);
#14423=CARTESIAN_POINT('',(5.565706974,8.6868,4.052188352));
#14424=VECTOR('',#14425,1.0);
#14425=DIRECTION('',(0.0,-1.0,0.0));
#14426=ORIENTED_EDGE('',*,*,#14427,.T.);
#14427=EDGE_CURVE('',#14420,#14428,#14430,.T.);
#14428=VERTEX_POINT('',#14429);
#14429=CARTESIAN_POINT('',(6.501997761,0.127,4.707786218));
#14430=CIRCLE('',#14431,1.143);
#14431=AXIS2_PLACEMENT_3D('',#14432,#14433,#14434);
#14432=CARTESIAN_POINT('',(6.501997761,1.27,4.707786218));
#14433=DIRECTION('',(-0.573576436,0.0,0.819152044));
#14434=DIRECTION('',(-0.819152044,0.0,-0.573576436));
#14435=ORIENTED_EDGE('',*,*,#14436,.T.);
#14436=EDGE_CURVE('',#14428,#14437,#14439,.T.);
#14437=VERTEX_POINT('',#14438);
#14438=CARTESIAN_POINT('',(7.542320857,0.127,5.436228293));
#14439=LINE('',#14440,#14441);
#14440=CARTESIAN_POINT('',(6.501997761,0.127,4.707786218));
#14441=VECTOR('',#14442,1.0);
#14442=DIRECTION('',(0.819152044,0.0,0.573576436));
#14443=ORIENTED_EDGE('',*,*,#14444,.T.);
#14444=EDGE_CURVE('',#14437,#14445,#14447,.T.);
#14445=VERTEX_POINT('',#14446);
#14446=CARTESIAN_POINT('',(8.478611644,1.27,6.091826159));
#14447=CIRCLE('',#14448,1.143);
#14448=AXIS2_PLACEMENT_3D('',#14449,#14450,#14451);
#14449=CARTESIAN_POINT('',(7.542320857,1.27,5.436228293));
#14450=DIRECTION('',(-0.573576436,0.0,0.819152044));
#14451=DIRECTION('',(0.0,-1.0,0.0));
#14452=ORIENTED_EDGE('',*,*,#14453,.T.);
#14453=EDGE_CURVE('',#14445,#14358,#14454,.T.);
#14454=LINE('',#14455,#14456);
#14455=CARTESIAN_POINT('',(8.478611644,1.27,6.091826159));
#14456=VECTOR('',#14457,1.0);
#14457=DIRECTION('',(0.0,1.0,0.0));
#14458=PLANE('',#14459);
#14459=AXIS2_PLACEMENT_3D('',#14460,#14461,#14462);
#14460=CARTESIAN_POINT('',(5.461674665,0.0,3.979344144));
#14461=DIRECTION('',(-0.573576436,0.0,0.819152044));
#14462=DIRECTION('',(0.819152044,0.0,0.573576436));
#14463=ADVANCED_FACE('',(#14464),#14483,.T.);
#14464=FACE_BOUND('',#14465,.T.);
#14465=EDGE_LOOP('',(#14466,#14475,#14481,#14482));
#14466=ORIENTED_EDGE('',*,*,#14467,.T.);
#14467=EDGE_CURVE('',#14445,#14468,#14470,.F.);
#14468=VERTEX_POINT('',#14469);
#14469=CARTESIAN_POINT('',(8.624300059,1.27,5.88376154));
#14470=CIRCLE('',#14471,0.127);
#14471=AXIS2_PLACEMENT_3D('',#14472,#14473,#14474);
#14472=CARTESIAN_POINT('',(8.551455851,1.27,5.98779385));
#14473=DIRECTION('',(0.0,-1.0,0.0));
#14474=DIRECTION('',(0.573576436,0.0,-0.819152044));
#14475=ORIENTED_EDGE('',*,*,#14476,.T.);
#14476=EDGE_CURVE('',#14468,#14360,#14477,.F.);
#14477=LINE('',#14478,#14479);
#14478=CARTESIAN_POINT('',(8.624300059,8.6868,5.88376154));
#14479=VECTOR('',#14480,1.0);
#14480=DIRECTION('',(0.0,-1.0,0.0));
#14481=ORIENTED_EDGE('',*,*,#14357,.F.);
#14482=ORIENTED_EDGE('',*,*,#14453,.F.);
#14483=CYLINDRICAL_SURFACE('',#14484,0.127);
#14484=AXIS2_PLACEMENT_3D('',#14485,#14486,#14487);
#14485=CARTESIAN_POINT('',(8.551455851,8.717093534,5.98779385));
#14486=DIRECTION('',(0.0,-1.0,0.0));
#14487=DIRECTION('',(0.573576436,0.0,-0.819152044));
#14488=ADVANCED_FACE('',(#14489),#14542,.T.);
#14489=FACE_BOUND('',#14490,.T.);
#14490=EDGE_LOOP('',(#14491,#14500,#14508,#14517,#14525,#14534,#14540,#14541));
#14491=ORIENTED_EDGE('',*,*,#14492,.T.);
#14492=EDGE_CURVE('',#14468,#14493,#14495,.T.);
#14493=VERTEX_POINT('',#14494);
#14494=CARTESIAN_POINT('',(7.688009272,0.127,5.228163673));
#14495=CIRCLE('',#14496,1.143);
#14496=AXIS2_PLACEMENT_3D('',#14497,#14498,#14499);
#14497=CARTESIAN_POINT('',(7.688009272,1.27,5.228163673));
#14498=DIRECTION('',(0.573576436,0.0,-0.819152044));
#14499=DIRECTION('',(0.819152044,-1.834951943E-14,0.573576436));
#14500=ORIENTED_EDGE('',*,*,#14501,.T.);
#14501=EDGE_CURVE('',#14493,#14502,#14504,.T.);
#14502=VERTEX_POINT('',#14503);
#14503=CARTESIAN_POINT('',(6.647686176,0.127,4.499721599));
#14504=LINE('',#14505,#14506);
#14505=CARTESIAN_POINT('',(7.688009272,0.127,5.228163673));
#14506=VECTOR('',#14507,1.0);
#14507=DIRECTION('',(-0.819152044,0.0,-0.573576436));
#14508=ORIENTED_EDGE('',*,*,#14509,.T.);
#14509=EDGE_CURVE('',#14502,#14510,#14512,.T.);
#14510=VERTEX_POINT('',#14511);
#14511=CARTESIAN_POINT('',(5.711395389,1.27,3.844123732));
#14512=CIRCLE('',#14513,1.143);
#14513=AXIS2_PLACEMENT_3D('',#14514,#14515,#14516);
#14514=CARTESIAN_POINT('',(6.647686176,1.27,4.499721599));
#14515=DIRECTION('',(0.573576436,0.0,-0.819152044));
#14516=DIRECTION('',(0.0,-1.0,0.0));
#14517=ORIENTED_EDGE('',*,*,#14518,.T.);
#14518=EDGE_CURVE('',#14510,#14519,#14521,.T.);
#14519=VERTEX_POINT('',#14520);
#14520=CARTESIAN_POINT('',(5.711395389,8.6868,3.844123732));
#14521=LINE('',#14522,#14523);
#14522=CARTESIAN_POINT('',(5.711395389,1.27,3.844123732));
#14523=VECTOR('',#14524,1.0);
#14524=DIRECTION('',(0.0,1.0,0.0));
#14525=ORIENTED_EDGE('',*,*,#14526,.T.);
#14526=EDGE_CURVE('',#14519,#14527,#14529,.T.);
#14527=VERTEX_POINT('',#14528);
#14528=CARTESIAN_POINT('',(6.647686176,9.8298,4.499721599));
#14529=CIRCLE('',#14530,1.143);
#14530=AXIS2_PLACEMENT_3D('',#14531,#14532,#14533);
#14531=CARTESIAN_POINT('',(6.647686176,8.6868,4.499721599));
#14532=DIRECTION('',(0.573576436,0.0,-0.819152044));
#14533=DIRECTION('',(-0.819152044,0.0,-0.573576436));
#14534=ORIENTED_EDGE('',*,*,#14535,.T.);
#14535=EDGE_CURVE('',#14527,#14369,#14536,.T.);
#14536=LINE('',#14537,#14538);
#14537=CARTESIAN_POINT('',(6.647686176,9.8298,4.499721599));
#14538=VECTOR('',#14539,1.0);
#14539=DIRECTION('',(0.819152044,0.0,0.573576436));
#14540=ORIENTED_EDGE('',*,*,#14368,.F.);
#14541=ORIENTED_EDGE('',*,*,#14476,.F.);
#14542=PLANE('',#14543);
#14543=AXIS2_PLACEMENT_3D('',#14544,#14545,#14546);
#14544=CARTESIAN_POINT('',(8.728332368,0.0,5.956605747));
#14545=DIRECTION('',(0.573576436,0.0,-0.819152044));
#14546=DIRECTION('',(-0.819152044,0.0,-0.573576436));
#14547=ADVANCED_FACE('',(#14548),#14560,.T.);
#14548=FACE_BOUND('',#14549,.T.);
#14549=EDGE_LOOP('',(#14550,#14551,#14552,#14559));
#14550=ORIENTED_EDGE('',*,*,#14377,.F.);
#14551=ORIENTED_EDGE('',*,*,#14535,.F.);
#14552=ORIENTED_EDGE('',*,*,#14553,.T.);
#14553=EDGE_CURVE('',#14527,#14403,#14554,.T.);
#14554=CIRCLE('',#14555,0.127);
#14555=AXIS2_PLACEMENT_3D('',#14556,#14557,#14558);
#14556=CARTESIAN_POINT('',(6.574841968,9.8298,4.603753909));
#14557=DIRECTION('',(0.819152044,0.0,0.573576436));
#14558=DIRECTION('',(0.573576436,0.0,-0.819152044));
#14559=ORIENTED_EDGE('',*,*,#14402,.F.);
#14560=CYLINDRICAL_SURFACE('',#14561,0.127);
#14561=AXIS2_PLACEMENT_3D('',#14562,#14563,#14564);
#14562=CARTESIAN_POINT('',(6.560466963,9.8298,4.593688422));
#14563=DIRECTION('',(0.819152044,0.0,0.573576436));
#14564=DIRECTION('',(0.573576436,0.0,-0.819152044));
#14565=ADVANCED_FACE('',(#14566),#14578,.T.);
#14566=FACE_BOUND('',#14567,.T.);
#14567=EDGE_LOOP('',(#14568,#14569,#14570,#14577));
#14568=ORIENTED_EDGE('',*,*,#14553,.F.);
#14569=ORIENTED_EDGE('',*,*,#14526,.F.);
#14570=ORIENTED_EDGE('',*,*,#14571,.T.);
#14571=EDGE_CURVE('',#14519,#14411,#14572,.T.);
#14572=CIRCLE('',#14573,0.127);
#14573=AXIS2_PLACEMENT_3D('',#14574,#14575,#14576);
#14574=CARTESIAN_POINT('',(5.638551182,8.6868,3.948156042));
#14575=DIRECTION('',(0.0,1.0,0.0));
#14576=DIRECTION('',(0.573576436,0.0,-0.819152044));
#14577=ORIENTED_EDGE('',*,*,#14410,.F.);
#14578=TOROIDAL_SURFACE('',#14579,1.143,0.127);
#14579=AXIS2_PLACEMENT_3D('',#14580,#14581,#14582);
#14580=CARTESIAN_POINT('',(6.574841968,8.6868,4.603753909));
#14581=DIRECTION('',(-0.573576436,0.0,0.819152044));
#14582=DIRECTION('',(-0.818943329,-0.022572657,-0.573430292));
#14583=ADVANCED_FACE('',(#14584),#14596,.T.);
#14584=FACE_BOUND('',#14585,.T.);
#14585=EDGE_LOOP('',(#14586,#14587,#14588,#14595));
#14586=ORIENTED_EDGE('',*,*,#14571,.F.);
#14587=ORIENTED_EDGE('',*,*,#14518,.F.);
#14588=ORIENTED_EDGE('',*,*,#14589,.T.);
#14589=EDGE_CURVE('',#14510,#14420,#14590,.T.);
#14590=CIRCLE('',#14591,0.127);
#14591=AXIS2_PLACEMENT_3D('',#14592,#14593,#14594);
#14592=CARTESIAN_POINT('',(5.638551182,1.27,3.948156042));
#14593=DIRECTION('',(0.0,1.0,0.0));
#14594=DIRECTION('',(0.573576436,0.0,-0.819152044));
#14595=ORIENTED_EDGE('',*,*,#14419,.F.);
#14596=CYLINDRICAL_SURFACE('',#14597,0.127);
#14597=AXIS2_PLACEMENT_3D('',#14598,#14599,#14600);
#14598=CARTESIAN_POINT('',(5.638551182,1.252451359,3.948156042));
#14599=DIRECTION('',(0.0,1.0,0.0));
#14600=DIRECTION('',(0.573576436,0.0,-0.819152044));
#14601=ADVANCED_FACE('',(#14602),#14614,.T.);
#14602=FACE_BOUND('',#14603,.T.);
#14603=EDGE_LOOP('',(#14604,#14605,#14606,#14613));
#14604=ORIENTED_EDGE('',*,*,#14589,.F.);
#14605=ORIENTED_EDGE('',*,*,#14509,.F.);
#14606=ORIENTED_EDGE('',*,*,#14607,.T.);
#14607=EDGE_CURVE('',#14502,#14428,#14608,.T.);
#14608=CIRCLE('',#14609,0.127);
#14609=AXIS2_PLACEMENT_3D('',#14610,#14611,#14612);
#14610=CARTESIAN_POINT('',(6.574841968,0.127,4.603753909));
#14611=DIRECTION('',(-0.819152044,0.0,-0.573576436));
#14612=DIRECTION('',(0.573576436,0.0,-0.819152044));
#14613=ORIENTED_EDGE('',*,*,#14427,.F.);
#14614=TOROIDAL_SURFACE('',#14615,1.143,0.127);
#14615=AXIS2_PLACEMENT_3D('',#14616,#14617,#14618);
#14616=CARTESIAN_POINT('',(6.574841968,1.27,4.603753909));
#14617=DIRECTION('',(0.573576436,0.0,-0.819152044));
#14618=DIRECTION('',(0.0130169,-0.999873735,0.009114531));
#14619=ADVANCED_FACE('',(#14620),#14632,.T.);
#14620=FACE_BOUND('',#14621,.T.);
#14621=EDGE_LOOP('',(#14622,#14623,#14624,#14631));
#14622=ORIENTED_EDGE('',*,*,#14607,.F.);
#14623=ORIENTED_EDGE('',*,*,#14501,.F.);
#14624=ORIENTED_EDGE('',*,*,#14625,.T.);
#14625=EDGE_CURVE('',#14493,#14437,#14626,.T.);
#14626=CIRCLE('',#14627,0.127);
#14627=AXIS2_PLACEMENT_3D('',#14628,#14629,#14630);
#14628=CARTESIAN_POINT('',(7.615165065,0.127,5.332195983));
#14629=DIRECTION('',(-0.819152044,0.0,-0.573576436));
#14630=DIRECTION('',(0.573576436,0.0,-0.819152044));
#14631=ORIENTED_EDGE('',*,*,#14436,.F.);
#14632=CYLINDRICAL_SURFACE('',#14633,0.127);
#14633=AXIS2_PLACEMENT_3D('',#14634,#14635,#14636);
#14634=CARTESIAN_POINT('',(7.639980075,0.127,5.34957164));
#14635=DIRECTION('',(-0.819152044,0.0,-0.573576436));
#14636=DIRECTION('',(0.573576436,0.0,-0.819152044));
#14637=ADVANCED_FACE('',(#14638),#14644,.T.);
#14638=FACE_BOUND('',#14639,.T.);
#14639=EDGE_LOOP('',(#14640,#14641,#14642,#14643));
#14640=ORIENTED_EDGE('',*,*,#14625,.F.);
#14641=ORIENTED_EDGE('',*,*,#14492,.F.);
#14642=ORIENTED_EDGE('',*,*,#14467,.F.);
#14643=ORIENTED_EDGE('',*,*,#14444,.F.);
#14644=TOROIDAL_SURFACE('',#14645,1.143,0.127);
#14645=AXIS2_PLACEMENT_3D('',#14646,#14647,#14648);
#14646=CARTESIAN_POINT('',(7.615165065,1.27,5.332195983));
#14647=DIRECTION('',(-0.573576436,0.0,0.819152044));
#14648=DIRECTION('',(0.818943329,0.022572657,0.573430292));
#14649=MANIFOLD_SOLID_BREP('',#14650);
#14650=CLOSED_SHELL('',(#14651,#14695,#14761,#14786,#14845,#14863,#14881,#14899,#14917,#14935));
#14651=ADVANCED_FACE('',(#14652),#14690,.T.);
#14652=FACE_BOUND('',#14653,.T.);
#14653=EDGE_LOOP('',(#14654,#14665,#14674,#14683));
#14654=ORIENTED_EDGE('',*,*,#14655,.T.);
#14655=EDGE_CURVE('',#14656,#14658,#14660,.T.);
#14656=VERTEX_POINT('',#14657);
#14657=CARTESIAN_POINT('',(8.9772856,8.6868,5.329685226));
#14658=VERTEX_POINT('',#14659);
#14659=CARTESIAN_POINT('',(9.1042856,8.6868,5.109714774));
#14660=CIRCLE('',#14661,0.127);
#14661=AXIS2_PLACEMENT_3D('',#14662,#14663,#14664);
#14662=CARTESIAN_POINT('',(9.0407856,8.6868,5.2197));
#14663=DIRECTION('',(0.0,1.0,0.0));
#14664=DIRECTION('',(-0.5,0.0,0.866025404));
#14665=ORIENTED_EDGE('',*,*,#14666,.T.);
#14666=EDGE_CURVE('',#14658,#14667,#14669,.F.);
#14667=VERTEX_POINT('',#14668);
#14668=CARTESIAN_POINT('',(8.114418564,9.8298,4.538214774));
#14669=CIRCLE('',#14670,1.143);
#14670=AXIS2_PLACEMENT_3D('',#14671,#14672,#14673);
#14671=CARTESIAN_POINT('',(8.114418564,8.6868,4.538214774));
#14672=DIRECTION('',(0.5,0.0,-0.866025404));
#14673=DIRECTION('',(0.0,1.0,0.0));
#14674=ORIENTED_EDGE('',*,*,#14675,.T.);
#14675=EDGE_CURVE('',#14667,#14676,#14678,.T.);
#14676=VERTEX_POINT('',#14677);
#14677=CARTESIAN_POINT('',(7.987418564,9.8298,4.758185226));
#14678=CIRCLE('',#14679,0.127);
#14679=AXIS2_PLACEMENT_3D('',#14680,#14681,#14682);
#14680=CARTESIAN_POINT('',(8.050918564,9.8298,4.6482));
#14681=DIRECTION('',(0.866025404,0.0,0.5));
#14682=DIRECTION('',(0.5,0.0,-0.866025404));
#14683=ORIENTED_EDGE('',*,*,#14684,.T.);
#14684=EDGE_CURVE('',#14676,#14656,#14685,.F.);
#14685=CIRCLE('',#14686,1.143);
#14686=AXIS2_PLACEMENT_3D('',#14687,#14688,#14689);
#14687=CARTESIAN_POINT('',(7.987418564,8.6868,4.758185226));
#14688=DIRECTION('',(-0.5,0.0,0.866025404));
#14689=DIRECTION('',(0.866025404,-1.727013594E-14,0.5));
#14690=TOROIDAL_SURFACE('',#14691,1.143,0.127);
#14691=AXIS2_PLACEMENT_3D('',#14692,#14693,#14694);
#14692=CARTESIAN_POINT('',(8.050918564,8.6868,4.6482));
#14693=DIRECTION('',(0.5,0.0,-0.866025404));
#14694=DIRECTION('',(-0.013761751,0.999873735,-0.00794535));
#14695=ADVANCED_FACE('',(#14696),#14756,.T.);
#14696=FACE_BOUND('',#14697,.T.);
#14697=EDGE_LOOP('',(#14698,#14699,#14707,#14716,#14724,#14733,#14741,#14750));
#14698=ORIENTED_EDGE('',*,*,#14684,.F.);
#14699=ORIENTED_EDGE('',*,*,#14700,.T.);
#14700=EDGE_CURVE('',#14676,#14701,#14703,.T.);
#14701=VERTEX_POINT('',#14702);
#14702=CARTESIAN_POINT('',(6.887566301,9.8298,4.123185226));
#14703=LINE('',#14704,#14705);
#14704=CARTESIAN_POINT('',(7.987418564,9.8298,4.758185226));
#14705=VECTOR('',#14706,1.0);
#14706=DIRECTION('',(-0.866025404,0.0,-0.5));
#14707=ORIENTED_EDGE('',*,*,#14708,.T.);
#14708=EDGE_CURVE('',#14701,#14709,#14711,.T.);
#14709=VERTEX_POINT('',#14710);
#14710=CARTESIAN_POINT('',(5.897699264,8.6868,3.551685226));
#14711=CIRCLE('',#14712,1.143);
#14712=AXIS2_PLACEMENT_3D('',#14713,#14714,#14715);
#14713=CARTESIAN_POINT('',(6.887566301,8.6868,4.123185226));
#14714=DIRECTION('',(-0.5,0.0,0.866025404));
#14715=DIRECTION('',(0.0,1.0,0.0));
#14716=ORIENTED_EDGE('',*,*,#14717,.T.);
#14717=EDGE_CURVE('',#14709,#14718,#14720,.T.);
#14718=VERTEX_POINT('',#14719);
#14719=CARTESIAN_POINT('',(5.897699264,1.27,3.551685226));
#14720=LINE('',#14721,#14722);
#14721=CARTESIAN_POINT('',(5.897699264,8.6868,3.551685226));
#14722=VECTOR('',#14723,1.0);
#14723=DIRECTION('',(0.0,-1.0,0.0));
#14724=ORIENTED_EDGE('',*,*,#14725,.T.);
#14725=EDGE_CURVE('',#14718,#14726,#14728,.T.);
#14726=VERTEX_POINT('',#14727);
#14727=CARTESIAN_POINT('',(6.887566301,0.127,4.123185226));
#14728=CIRCLE('',#14729,1.143);
#14729=AXIS2_PLACEMENT_3D('',#14730,#14731,#14732);
#14730=CARTESIAN_POINT('',(6.887566301,1.27,4.123185226));
#14731=DIRECTION('',(-0.5,0.0,0.866025404));
#14732=DIRECTION('',(-0.866025404,0.0,-0.5));
#14733=ORIENTED_EDGE('',*,*,#14734,.T.);
#14734=EDGE_CURVE('',#14726,#14735,#14737,.T.);
#14735=VERTEX_POINT('',#14736);
#14736=CARTESIAN_POINT('',(7.987418564,0.127,4.758185226));
#14737=LINE('',#14738,#14739);
#14738=CARTESIAN_POINT('',(6.887566301,0.127,4.123185226));
#14739=VECTOR('',#14740,1.0);
#14740=DIRECTION('',(0.866025404,0.0,0.5));
#14741=ORIENTED_EDGE('',*,*,#14742,.T.);
#14742=EDGE_CURVE('',#14735,#14743,#14745,.T.);
#14743=VERTEX_POINT('',#14744);
#14744=CARTESIAN_POINT('',(8.9772856,1.27,5.329685226));
#14745=CIRCLE('',#14746,1.143);
#14746=AXIS2_PLACEMENT_3D('',#14747,#14748,#14749);
#14747=CARTESIAN_POINT('',(7.987418564,1.27,4.758185226));
#14748=DIRECTION('',(-0.5,0.0,0.866025404));
#14749=DIRECTION('',(0.0,-1.0,0.0));
#14750=ORIENTED_EDGE('',*,*,#14751,.T.);
#14751=EDGE_CURVE('',#14743,#14656,#14752,.T.);
#14752=LINE('',#14753,#14754);
#14753=CARTESIAN_POINT('',(8.9772856,1.27,5.329685226));
#14754=VECTOR('',#14755,1.0);
#14755=DIRECTION('',(0.0,1.0,0.0));
#14756=PLANE('',#14757);
#14757=AXIS2_PLACEMENT_3D('',#14758,#14759,#14760);
#14758=CARTESIAN_POINT('',(5.787714038,0.0,3.488185226));
#14759=DIRECTION('',(-0.5,0.0,0.866025404));
#14760=DIRECTION('',(0.866025404,0.0,0.5));
#14761=ADVANCED_FACE('',(#14762),#14781,.T.);
#14762=FACE_BOUND('',#14763,.T.);
#14763=EDGE_LOOP('',(#14764,#14773,#14779,#14780));
#14764=ORIENTED_EDGE('',*,*,#14765,.T.);
#14765=EDGE_CURVE('',#14743,#14766,#14768,.F.);
#14766=VERTEX_POINT('',#14767);
#14767=CARTESIAN_POINT('',(9.1042856,1.27,5.109714774));
#14768=CIRCLE('',#14769,0.127);
#14769=AXIS2_PLACEMENT_3D('',#14770,#14771,#14772);
#14770=CARTESIAN_POINT('',(9.0407856,1.27,5.2197));
#14771=DIRECTION('',(0.0,-1.0,0.0));
#14772=DIRECTION('',(0.5,0.0,-0.866025404));
#14773=ORIENTED_EDGE('',*,*,#14774,.T.);
#14774=EDGE_CURVE('',#14766,#14658,#14775,.F.);
#14775=LINE('',#14776,#14777);
#14776=CARTESIAN_POINT('',(9.1042856,8.6868,5.109714774));
#14777=VECTOR('',#14778,1.0);
#14778=DIRECTION('',(0.0,-1.0,0.0));
#14779=ORIENTED_EDGE('',*,*,#14655,.F.);
#14780=ORIENTED_EDGE('',*,*,#14751,.F.);
#14781=CYLINDRICAL_SURFACE('',#14782,0.127);
#14782=AXIS2_PLACEMENT_3D('',#14783,#14784,#14785);
#14783=CARTESIAN_POINT('',(9.0407856,8.717093534,5.2197));
#14784=DIRECTION('',(0.0,-1.0,0.0));
#14785=DIRECTION('',(0.5,0.0,-0.866025404));
#14786=ADVANCED_FACE('',(#14787),#14840,.T.);
#14787=FACE_BOUND('',#14788,.T.);
#14788=EDGE_LOOP('',(#14789,#14798,#14806,#14815,#14823,#14832,#14838,#14839));
#14789=ORIENTED_EDGE('',*,*,#14790,.T.);
#14790=EDGE_CURVE('',#14766,#14791,#14793,.T.);
#14791=VERTEX_POINT('',#14792);
#14792=CARTESIAN_POINT('',(8.114418564,0.127,4.538214774));
#14793=CIRCLE('',#14794,1.143);
#14794=AXIS2_PLACEMENT_3D('',#14795,#14796,#14797);
#14795=CARTESIAN_POINT('',(8.114418564,1.27,4.538214774));
#14796=DIRECTION('',(0.5,0.0,-0.866025404));
#14797=DIRECTION('',(0.866025404,2.050828643E-14,0.5));
#14798=ORIENTED_EDGE('',*,*,#14799,.T.);
#14799=EDGE_CURVE('',#14791,#14800,#14802,.T.);
#14800=VERTEX_POINT('',#14801);
#14801=CARTESIAN_POINT('',(7.014566301,0.127,3.903214774));
#14802=LINE('',#14803,#14804);
#14803=CARTESIAN_POINT('',(8.114418564,0.127,4.538214774));
#14804=VECTOR('',#14805,1.0);
#14805=DIRECTION('',(-0.866025404,0.0,-0.5));
#14806=ORIENTED_EDGE('',*,*,#14807,.T.);
#14807=EDGE_CURVE('',#14800,#14808,#14810,.T.);
#14808=VERTEX_POINT('',#14809);
#14809=CARTESIAN_POINT('',(6.024699264,1.27,3.331714774));
#14810=CIRCLE('',#14811,1.143);
#14811=AXIS2_PLACEMENT_3D('',#14812,#14813,#14814);
#14812=CARTESIAN_POINT('',(7.014566301,1.27,3.903214774));
#14813=DIRECTION('',(0.5,0.0,-0.866025404));
#14814=DIRECTION('',(0.0,-1.0,0.0));
#14815=ORIENTED_EDGE('',*,*,#14816,.T.);
#14816=EDGE_CURVE('',#14808,#14817,#14819,.T.);
#14817=VERTEX_POINT('',#14818);
#14818=CARTESIAN_POINT('',(6.024699264,8.6868,3.331714774));
#14819=LINE('',#14820,#14821);
#14820=CARTESIAN_POINT('',(6.024699264,1.27,3.331714774));
#14821=VECTOR('',#14822,1.0);
#14822=DIRECTION('',(0.0,1.0,0.0));
#14823=ORIENTED_EDGE('',*,*,#14824,.T.);
#14824=EDGE_CURVE('',#14817,#14825,#14827,.T.);
#14825=VERTEX_POINT('',#14826);
#14826=CARTESIAN_POINT('',(7.014566301,9.8298,3.903214774));
#14827=CIRCLE('',#14828,1.143);
#14828=AXIS2_PLACEMENT_3D('',#14829,#14830,#14831);
#14829=CARTESIAN_POINT('',(7.014566301,8.6868,3.903214774));
#14830=DIRECTION('',(0.5,0.0,-0.866025404));
#14831=DIRECTION('',(-0.866025404,0.0,-0.5));
#14832=ORIENTED_EDGE('',*,*,#14833,.T.);
#14833=EDGE_CURVE('',#14825,#14667,#14834,.T.);
#14834=LINE('',#14835,#14836);
#14835=CARTESIAN_POINT('',(7.014566301,9.8298,3.903214774));
#14836=VECTOR('',#14837,1.0);
#14837=DIRECTION('',(0.866025404,0.0,0.5));
#14838=ORIENTED_EDGE('',*,*,#14666,.F.);
#14839=ORIENTED_EDGE('',*,*,#14774,.F.);
#14840=PLANE('',#14841);
#14841=AXIS2_PLACEMENT_3D('',#14842,#14843,#14844);
#14842=CARTESIAN_POINT('',(9.214270827,0.0,5.173214774));
#14843=DIRECTION('',(0.5,0.0,-0.866025404));
#14844=DIRECTION('',(-0.866025404,0.0,-0.5));
#14845=ADVANCED_FACE('',(#14846),#14858,.T.);
#14846=FACE_BOUND('',#14847,.T.);
#14847=EDGE_LOOP('',(#14848,#14849,#14850,#14857));
#14848=ORIENTED_EDGE('',*,*,#14675,.F.);
#14849=ORIENTED_EDGE('',*,*,#14833,.F.);
#14850=ORIENTED_EDGE('',*,*,#14851,.T.);
#14851=EDGE_CURVE('',#14825,#14701,#14852,.T.);
#14852=CIRCLE('',#14853,0.127);
#14853=AXIS2_PLACEMENT_3D('',#14854,#14855,#14856);
#14854=CARTESIAN_POINT('',(6.951066301,9.8298,4.0132));
#14855=DIRECTION('',(0.866025404,0.0,0.5));
#14856=DIRECTION('',(0.5,0.0,-0.866025404));
#14857=ORIENTED_EDGE('',*,*,#14700,.F.);
#14858=CYLINDRICAL_SURFACE('',#14859,0.127);
#14859=AXIS2_PLACEMENT_3D('',#14860,#14861,#14862);
#14860=CARTESIAN_POINT('',(6.935868732,9.8298,4.00442568));
#14861=DIRECTION('',(0.866025404,0.0,0.5));
#14862=DIRECTION('',(0.5,0.0,-0.866025404));
#14863=ADVANCED_FACE('',(#14864),#14876,.T.);
#14864=FACE_BOUND('',#14865,.T.);
#14865=EDGE_LOOP('',(#14866,#14867,#14868,#14875));
#14866=ORIENTED_EDGE('',*,*,#14851,.F.);
#14867=ORIENTED_EDGE('',*,*,#14824,.F.);
#14868=ORIENTED_EDGE('',*,*,#14869,.T.);
#14869=EDGE_CURVE('',#14817,#14709,#14870,.T.);
#14870=CIRCLE('',#14871,0.127);
#14871=AXIS2_PLACEMENT_3D('',#14872,#14873,#14874);
#14872=CARTESIAN_POINT('',(5.961199264,8.6868,3.4417));
#14873=DIRECTION('',(0.0,1.0,0.0));
#14874=DIRECTION('',(0.5,0.0,-0.866025404));
#14875=ORIENTED_EDGE('',*,*,#14708,.F.);
#14876=TOROIDAL_SURFACE('',#14877,1.143,0.127);
#14877=AXIS2_PLACEMENT_3D('',#14878,#14879,#14880);
#14878=CARTESIAN_POINT('',(6.951066301,8.6868,4.0132));
#14879=DIRECTION('',(-0.5,0.0,0.866025404));
#14880=DIRECTION('',(-0.865804745,-0.022572657,-0.499872603));
#14881=ADVANCED_FACE('',(#14882),#14894,.T.);
#14882=FACE_BOUND('',#14883,.T.);
#14883=EDGE_LOOP('',(#14884,#14885,#14886,#14893));
#14884=ORIENTED_EDGE('',*,*,#14869,.F.);
#14885=ORIENTED_EDGE('',*,*,#14816,.F.);
#14886=ORIENTED_EDGE('',*,*,#14887,.T.);
#14887=EDGE_CURVE('',#14808,#14718,#14888,.T.);
#14888=CIRCLE('',#14889,0.127);
#14889=AXIS2_PLACEMENT_3D('',#14890,#14891,#14892);
#14890=CARTESIAN_POINT('',(5.961199264,1.27,3.4417));
#14891=DIRECTION('',(0.0,1.0,0.0));
#14892=DIRECTION('',(0.5,0.0,-0.866025404));
#14893=ORIENTED_EDGE('',*,*,#14717,.F.);
#14894=CYLINDRICAL_SURFACE('',#14895,0.127);
#14895=AXIS2_PLACEMENT_3D('',#14896,#14897,#14898);
#14896=CARTESIAN_POINT('',(5.961199264,1.252451359,3.4417));
#14897=DIRECTION('',(0.0,1.0,0.0));
#14898=DIRECTION('',(0.5,0.0,-0.866025404));
#14899=ADVANCED_FACE('',(#14900),#14912,.T.);
#14900=FACE_BOUND('',#14901,.T.);
#14901=EDGE_LOOP('',(#14902,#14903,#14904,#14911));
#14902=ORIENTED_EDGE('',*,*,#14887,.F.);
#14903=ORIENTED_EDGE('',*,*,#14807,.F.);
#14904=ORIENTED_EDGE('',*,*,#14905,.T.);
#14905=EDGE_CURVE('',#14800,#14726,#14906,.T.);
#14906=CIRCLE('',#14907,0.127);
#14907=AXIS2_PLACEMENT_3D('',#14908,#14909,#14910);
#14908=CARTESIAN_POINT('',(6.951066301,0.127,4.0132));
#14909=DIRECTION('',(-0.866025404,0.0,-0.5));
#14910=DIRECTION('',(0.5,0.0,-0.866025404));
#14911=ORIENTED_EDGE('',*,*,#14725,.F.);
#14912=TOROIDAL_SURFACE('',#14913,1.143,0.127);
#14913=AXIS2_PLACEMENT_3D('',#14914,#14915,#14916);
#14914=CARTESIAN_POINT('',(6.951066301,1.27,4.0132));
#14915=DIRECTION('',(0.5,0.0,-0.866025404));
#14916=DIRECTION('',(0.013761751,-0.999873735,0.00794535));
#14917=ADVANCED_FACE('',(#14918),#14930,.T.);
#14918=FACE_BOUND('',#14919,.T.);
#14919=EDGE_LOOP('',(#14920,#14921,#14922,#14929));
#14920=ORIENTED_EDGE('',*,*,#14905,.F.);
#14921=ORIENTED_EDGE('',*,*,#14799,.F.);
#14922=ORIENTED_EDGE('',*,*,#14923,.T.);
#14923=EDGE_CURVE('',#14791,#14735,#14924,.T.);
#14924=CIRCLE('',#14925,0.127);
#14925=AXIS2_PLACEMENT_3D('',#14926,#14927,#14928);
#14926=CARTESIAN_POINT('',(8.050918564,0.127,4.6482));
#14927=DIRECTION('',(-0.866025404,0.0,-0.5));
#14928=DIRECTION('',(0.5,-1.613292833E-14,-0.866025404));
#14929=ORIENTED_EDGE('',*,*,#14734,.F.);
#14930=CYLINDRICAL_SURFACE('',#14931,0.127);
#14931=AXIS2_PLACEMENT_3D('',#14932,#14933,#14934);
#14932=CARTESIAN_POINT('',(8.077153534,0.127,4.663346767));
#14933=DIRECTION('',(-0.866025404,0.0,-0.5));
#14934=DIRECTION('',(0.5,0.0,-0.866025404));
#14935=ADVANCED_FACE('',(#14936),#14942,.T.);
#14936=FACE_BOUND('',#14937,.T.);
#14937=EDGE_LOOP('',(#14938,#14939,#14940,#14941));
#14938=ORIENTED_EDGE('',*,*,#14923,.F.);
#14939=ORIENTED_EDGE('',*,*,#14790,.F.);
#14940=ORIENTED_EDGE('',*,*,#14765,.F.);
#14941=ORIENTED_EDGE('',*,*,#14742,.F.);
#14942=TOROIDAL_SURFACE('',#14943,1.143,0.127);
#14943=AXIS2_PLACEMENT_3D('',#14944,#14945,#14946);
#14944=CARTESIAN_POINT('',(8.050918564,1.27,4.6482));
#14945=DIRECTION('',(-0.5,0.0,0.866025404));
#14946=DIRECTION('',(0.865804745,0.022572657,0.499872603));
#14947=MANIFOLD_SOLID_BREP('',#14948);
#14948=CLOSED_SHELL('',(#14949,#14993,#15059,#15084,#15143,#15161,#15179,#15197,#15215,#15233));
#14949=ADVANCED_FACE('',(#14950),#14988,.T.);
#14950=FACE_BOUND('',#14951,.T.);
#14951=EDGE_LOOP('',(#14952,#14963,#14972,#14981));
#14952=ORIENTED_EDGE('',*,*,#14953,.T.);
#14953=EDGE_CURVE('',#14954,#14956,#14958,.T.);
#14954=VERTEX_POINT('',#14955);
#14955=CARTESIAN_POINT('',(9.407636993,8.6868,4.526982171));
#14956=VERTEX_POINT('',#14957);
#14957=CARTESIAN_POINT('',(9.514982031,8.6868,4.296779993));
#14958=CIRCLE('',#14959,0.127);
#14959=AXIS2_PLACEMENT_3D('',#14960,#14961,#14962);
#14960=CARTESIAN_POINT('',(9.461309512,8.6868,4.411881082));
#14961=DIRECTION('',(0.0,1.0,0.0));
#14962=DIRECTION('',(-0.422618262,0.0,0.906307787));
#14963=ORIENTED_EDGE('',*,*,#14964,.T.);
#14964=EDGE_CURVE('',#14956,#14965,#14967,.F.);
#14965=VERTEX_POINT('',#14966);
#14966=CARTESIAN_POINT('',(8.479072231,9.8298,3.813727319));
#14967=CIRCLE('',#14968,1.143);
#14968=AXIS2_PLACEMENT_3D('',#14969,#14970,#14971);
#14969=CARTESIAN_POINT('',(8.479072231,8.6868,3.813727319));
#14970=DIRECTION('',(0.422618262,0.0,-0.906307787));
#14971=DIRECTION('',(0.0,1.0,0.0));
#14972=ORIENTED_EDGE('',*,*,#14973,.T.);
#14973=EDGE_CURVE('',#14965,#14974,#14976,.T.);
#14974=VERTEX_POINT('',#14975);
#14975=CARTESIAN_POINT('',(8.371727192,9.8298,4.043929497));
#14976=CIRCLE('',#14977,0.127);
#14977=AXIS2_PLACEMENT_3D('',#14978,#14979,#14980);
#14978=CARTESIAN_POINT('',(8.425399711,9.8298,3.928828408));
#14979=DIRECTION('',(0.906307787,0.0,0.422618262));
#14980=DIRECTION('',(0.422618262,0.0,-0.906307787));
#14981=ORIENTED_EDGE('',*,*,#14982,.T.);
#14982=EDGE_CURVE('',#14974,#14954,#14983,.F.);
#14983=CIRCLE('',#14984,1.143);
#14984=AXIS2_PLACEMENT_3D('',#14985,#14986,#14987);
#14985=CARTESIAN_POINT('',(8.371727192,8.6868,4.043929497));
#14986=DIRECTION('',(-0.422618262,0.0,0.906307787));
#14987=DIRECTION('',(0.906307787,0.0,0.422618262));
#14988=TOROIDAL_SURFACE('',#14989,1.143,0.127);
#14989=AXIS2_PLACEMENT_3D('',#14990,#14991,#14992);
#14990=CARTESIAN_POINT('',(8.425399711,8.6868,3.928828408));
#14991=DIRECTION('',(0.422618262,0.0,-0.906307787));
#14992=DIRECTION('',(-0.014401866,0.999873735,-0.0067157));
#14993=ADVANCED_FACE('',(#14994),#15054,.T.);
#14994=FACE_BOUND('',#14995,.T.);
#14995=EDGE_LOOP('',(#14996,#14997,#15005,#15014,#15022,#15031,#15039,#15048));
#14996=ORIENTED_EDGE('',*,*,#14982,.F.);
#14997=ORIENTED_EDGE('',*,*,#14998,.T.);
#14998=EDGE_CURVE('',#14974,#14999,#15001,.T.);
#14999=VERTEX_POINT('',#15000);
#15000=CARTESIAN_POINT('',(7.220716303,9.8298,3.507204305));
#15001=LINE('',#15002,#15003);
#15002=CARTESIAN_POINT('',(8.371727192,9.8298,4.043929497));
#15003=VECTOR('',#15004,1.0);
#15004=DIRECTION('',(-0.906307787,0.0,-0.422618262));
#15005=ORIENTED_EDGE('',*,*,#15006,.T.);
#15006=EDGE_CURVE('',#14999,#15007,#15009,.T.);
#15007=VERTEX_POINT('',#15008);
#15008=CARTESIAN_POINT('',(6.184806502,8.6868,3.024151632));
#15009=CIRCLE('',#15010,1.143);
#15010=AXIS2_PLACEMENT_3D('',#15011,#15012,#15013);
#15011=CARTESIAN_POINT('',(7.220716303,8.6868,3.507204305));
#15012=DIRECTION('',(-0.422618262,0.0,0.906307787));
#15013=DIRECTION('',(0.0,1.0,0.0));
#15014=ORIENTED_EDGE('',*,*,#15015,.T.);
#15015=EDGE_CURVE('',#15007,#15016,#15018,.T.);
#15016=VERTEX_POINT('',#15017);
#15017=CARTESIAN_POINT('',(6.184806502,1.27,3.024151632));
#15018=LINE('',#15019,#15020);
#15019=CARTESIAN_POINT('',(6.184806502,8.6868,3.024151632));
#15020=VECTOR('',#15021,1.0);
#15021=DIRECTION('',(0.0,-1.0,0.0));
#15022=ORIENTED_EDGE('',*,*,#15023,.T.);
#15023=EDGE_CURVE('',#15016,#15024,#15026,.T.);
#15024=VERTEX_POINT('',#15025);
#15025=CARTESIAN_POINT('',(7.220716303,0.127,3.507204305));
#15026=CIRCLE('',#15027,1.143);
#15027=AXIS2_PLACEMENT_3D('',#15028,#15029,#15030);
#15028=CARTESIAN_POINT('',(7.220716303,1.27,3.507204305));
#15029=DIRECTION('',(-0.422618262,0.0,0.906307787));
#15030=DIRECTION('',(-0.906307787,0.0,-0.422618262));
#15031=ORIENTED_EDGE('',*,*,#15032,.T.);
#15032=EDGE_CURVE('',#15024,#15033,#15035,.T.);
#15033=VERTEX_POINT('',#15034);
#15034=CARTESIAN_POINT('',(8.371727192,0.127,4.043929497));
#15035=LINE('',#15036,#15037);
#15036=CARTESIAN_POINT('',(7.220716303,0.127,3.507204305));
#15037=VECTOR('',#15038,1.0);
#15038=DIRECTION('',(0.906307787,0.0,0.422618262));
#15039=ORIENTED_EDGE('',*,*,#15040,.T.);
#15040=EDGE_CURVE('',#15033,#15041,#15043,.T.);
#15041=VERTEX_POINT('',#15042);
#15042=CARTESIAN_POINT('',(9.407636993,1.27,4.526982171));
#15043=CIRCLE('',#15044,1.143);
#15044=AXIS2_PLACEMENT_3D('',#15045,#15046,#15047);
#15045=CARTESIAN_POINT('',(8.371727192,1.27,4.043929497));
#15046=DIRECTION('',(-0.422618262,0.0,0.906307787));
#15047=DIRECTION('',(0.0,-1.0,0.0));
#15048=ORIENTED_EDGE('',*,*,#15049,.T.);
#15049=EDGE_CURVE('',#15041,#14954,#15050,.T.);
#15050=LINE('',#15051,#15052);
#15051=CARTESIAN_POINT('',(9.407636993,1.27,4.526982171));
#15052=VECTOR('',#15053,1.0);
#15053=DIRECTION('',(0.0,1.0,0.0));
#15054=PLANE('',#15055);
#15055=AXIS2_PLACEMENT_3D('',#15056,#15057,#15058);
#15056=CARTESIAN_POINT('',(6.069705413,0.0,2.970479113));
#15057=DIRECTION('',(-0.422618262,0.0,0.906307787));
#15058=DIRECTION('',(0.906307787,0.0,0.422618262));
#15059=ADVANCED_FACE('',(#15060),#15079,.T.);
#15060=FACE_BOUND('',#15061,.T.);
#15061=EDGE_LOOP('',(#15062,#15071,#15077,#15078));
#15062=ORIENTED_EDGE('',*,*,#15063,.T.);
#15063=EDGE_CURVE('',#15041,#15064,#15066,.F.);
#15064=VERTEX_POINT('',#15065);
#15065=CARTESIAN_POINT('',(9.514982031,1.27,4.296779993));
#15066=CIRCLE('',#15067,0.127);
#15067=AXIS2_PLACEMENT_3D('',#15068,#15069,#15070);
#15068=CARTESIAN_POINT('',(9.461309512,1.27,4.411881082));
#15069=DIRECTION('',(0.0,-1.0,0.0));
#15070=DIRECTION('',(0.422618262,0.0,-0.906307787));
#15071=ORIENTED_EDGE('',*,*,#15072,.T.);
#15072=EDGE_CURVE('',#15064,#14956,#15073,.F.);
#15073=LINE('',#15074,#15075);
#15074=CARTESIAN_POINT('',(9.514982031,8.6868,4.296779993));
#15075=VECTOR('',#15076,1.0);
#15076=DIRECTION('',(0.0,-1.0,0.0));
#15077=ORIENTED_EDGE('',*,*,#14953,.F.);
#15078=ORIENTED_EDGE('',*,*,#15049,.F.);
#15079=CYLINDRICAL_SURFACE('',#15080,0.127);
#15080=AXIS2_PLACEMENT_3D('',#15081,#15082,#15083);
#15081=CARTESIAN_POINT('',(9.461309512,8.717093534,4.411881082));
#15082=DIRECTION('',(0.0,-1.0,0.0));
#15083=DIRECTION('',(0.422618262,0.0,-0.906307787));
#15084=ADVANCED_FACE('',(#15085),#15138,.T.);
#15085=FACE_BOUND('',#15086,.T.);
#15086=EDGE_LOOP('',(#15087,#15096,#15104,#15113,#15121,#15130,#15136,#15137));
#15087=ORIENTED_EDGE('',*,*,#15088,.T.);
#15088=EDGE_CURVE('',#15064,#15089,#15091,.T.);
#15089=VERTEX_POINT('',#15090);
#15090=CARTESIAN_POINT('',(8.479072231,0.127,3.813727319));
#15091=CIRCLE('',#15092,1.143);
#15092=AXIS2_PLACEMENT_3D('',#15093,#15094,#15095);
#15093=CARTESIAN_POINT('',(8.479072231,1.27,3.813727319));
#15094=DIRECTION('',(0.422618262,0.0,-0.906307787));
#15095=DIRECTION('',(0.906307787,0.0,0.422618262));
#15096=ORIENTED_EDGE('',*,*,#15097,.T.);
#15097=EDGE_CURVE('',#15089,#15098,#15100,.T.);
#15098=VERTEX_POINT('',#15099);
#15099=CARTESIAN_POINT('',(7.328061341,0.127,3.277002127));
#15100=LINE('',#15101,#15102);
#15101=CARTESIAN_POINT('',(8.479072231,0.127,3.813727319));
#15102=VECTOR('',#15103,1.0);
#15103=DIRECTION('',(-0.906307787,0.0,-0.422618262));
#15104=ORIENTED_EDGE('',*,*,#15105,.T.);
#15105=EDGE_CURVE('',#15098,#15106,#15108,.T.);
#15106=VERTEX_POINT('',#15107);
#15107=CARTESIAN_POINT('',(6.292151541,1.27,2.793949454));
#15108=CIRCLE('',#15109,1.143);
#15109=AXIS2_PLACEMENT_3D('',#15110,#15111,#15112);
#15110=CARTESIAN_POINT('',(7.328061341,1.27,3.277002127));
#15111=DIRECTION('',(0.422618262,0.0,-0.906307787));
#15112=DIRECTION('',(0.0,-1.0,0.0));
#15113=ORIENTED_EDGE('',*,*,#15114,.T.);
#15114=EDGE_CURVE('',#15106,#15115,#15117,.T.);
#15115=VERTEX_POINT('',#15116);
#15116=CARTESIAN_POINT('',(6.292151541,8.6868,2.793949454));
#15117=LINE('',#15118,#15119);
#15118=CARTESIAN_POINT('',(6.292151541,1.27,2.793949454));
#15119=VECTOR('',#15120,1.0);
#15120=DIRECTION('',(0.0,1.0,0.0));
#15121=ORIENTED_EDGE('',*,*,#15122,.T.);
#15122=EDGE_CURVE('',#15115,#15123,#15125,.T.);
#15123=VERTEX_POINT('',#15124);
#15124=CARTESIAN_POINT('',(7.328061341,9.8298,3.277002127));
#15125=CIRCLE('',#15126,1.143);
#15126=AXIS2_PLACEMENT_3D('',#15127,#15128,#15129);
#15127=CARTESIAN_POINT('',(7.328061341,8.6868,3.277002127));
#15128=DIRECTION('',(0.422618262,0.0,-0.906307787));
#15129=DIRECTION('',(-0.906307787,0.0,-0.422618262));
#15130=ORIENTED_EDGE('',*,*,#15131,.T.);
#15131=EDGE_CURVE('',#15123,#14965,#15132,.T.);
#15132=LINE('',#15133,#15134);
#15133=CARTESIAN_POINT('',(7.328061341,9.8298,3.277002127));
#15134=VECTOR('',#15135,1.0);
#15135=DIRECTION('',(0.906307787,0.0,0.422618262));
#15136=ORIENTED_EDGE('',*,*,#14964,.F.);
#15137=ORIENTED_EDGE('',*,*,#15072,.F.);
#15138=PLANE('',#15139);
#15139=AXIS2_PLACEMENT_3D('',#15140,#15141,#15142);
#15140=CARTESIAN_POINT('',(9.63008312,0.0,4.350452512));
#15141=DIRECTION('',(0.422618262,0.0,-0.906307787));
#15142=DIRECTION('',(-0.906307787,0.0,-0.422618262));
#15143=ADVANCED_FACE('',(#15144),#15156,.T.);
#15144=FACE_BOUND('',#15145,.T.);
#15145=EDGE_LOOP('',(#15146,#15147,#15148,#15155));
#15146=ORIENTED_EDGE('',*,*,#14973,.F.);
#15147=ORIENTED_EDGE('',*,*,#15131,.F.);
#15148=ORIENTED_EDGE('',*,*,#15149,.T.);
#15149=EDGE_CURVE('',#15123,#14999,#15150,.T.);
#15150=CIRCLE('',#15151,0.127);
#15151=AXIS2_PLACEMENT_3D('',#15152,#15153,#15154);
#15152=CARTESIAN_POINT('',(7.274388822,9.8298,3.392103216));
#15153=DIRECTION('',(0.906307787,0.0,0.422618262));
#15154=DIRECTION('',(0.422618262,0.0,-0.906307787));
#15155=ORIENTED_EDGE('',*,*,#14998,.F.);
#15156=CYLINDRICAL_SURFACE('',#15157,0.127);
#15157=AXIS2_PLACEMENT_3D('',#15158,#15159,#15160);
#15158=CARTESIAN_POINT('',(7.258484352,9.8298,3.38468684));
#15159=DIRECTION('',(0.906307787,0.0,0.422618262));
#15160=DIRECTION('',(0.422618262,0.0,-0.906307787));
#15161=ADVANCED_FACE('',(#15162),#15174,.T.);
#15162=FACE_BOUND('',#15163,.T.);
#15163=EDGE_LOOP('',(#15164,#15165,#15166,#15173));
#15164=ORIENTED_EDGE('',*,*,#15149,.F.);
#15165=ORIENTED_EDGE('',*,*,#15122,.F.);
#15166=ORIENTED_EDGE('',*,*,#15167,.T.);
#15167=EDGE_CURVE('',#15115,#15007,#15168,.T.);
#15168=CIRCLE('',#15169,0.127);
#15169=AXIS2_PLACEMENT_3D('',#15170,#15171,#15172);
#15170=CARTESIAN_POINT('',(6.238479021,8.6868,2.909050543));
#15171=DIRECTION('',(0.0,1.0,0.0));
#15172=DIRECTION('',(0.422618262,0.0,-0.906307787));
#15173=ORIENTED_EDGE('',*,*,#15006,.F.);
#15174=TOROIDAL_SURFACE('',#15175,1.143,0.127);
#15175=AXIS2_PLACEMENT_3D('',#15176,#15177,#15178);
#15176=CARTESIAN_POINT('',(7.274388822,8.6868,3.392103216));
#15177=DIRECTION('',(-0.422618262,0.0,0.906307787));
#15178=DIRECTION('',(-0.906076864,-0.022572657,-0.422510581));
#15179=ADVANCED_FACE('',(#15180),#15192,.T.);
#15180=FACE_BOUND('',#15181,.T.);
#15181=EDGE_LOOP('',(#15182,#15183,#15184,#15191));
#15182=ORIENTED_EDGE('',*,*,#15167,.F.);
#15183=ORIENTED_EDGE('',*,*,#15114,.F.);
#15184=ORIENTED_EDGE('',*,*,#15185,.T.);
#15185=EDGE_CURVE('',#15106,#15016,#15186,.T.);
#15186=CIRCLE('',#15187,0.127);
#15187=AXIS2_PLACEMENT_3D('',#15188,#15189,#15190);
#15188=CARTESIAN_POINT('',(6.238479021,1.27,2.909050543));
#15189=DIRECTION('',(0.0,1.0,0.0));
#15190=DIRECTION('',(0.422618262,0.0,-0.906307787));
#15191=ORIENTED_EDGE('',*,*,#15015,.F.);
#15192=CYLINDRICAL_SURFACE('',#15193,0.127);
#15193=AXIS2_PLACEMENT_3D('',#15194,#15195,#15196);
#15194=CARTESIAN_POINT('',(6.238479021,1.252451359,2.909050543));
#15195=DIRECTION('',(0.0,1.0,0.0));
#15196=DIRECTION('',(0.422618262,0.0,-0.906307787));
#15197=ADVANCED_FACE('',(#15198),#15210,.T.);
#15198=FACE_BOUND('',#15199,.T.);
#15199=EDGE_LOOP('',(#15200,#15201,#15202,#15209));
#15200=ORIENTED_EDGE('',*,*,#15185,.F.);
#15201=ORIENTED_EDGE('',*,*,#15105,.F.);
#15202=ORIENTED_EDGE('',*,*,#15203,.T.);
#15203=EDGE_CURVE('',#15098,#15024,#15204,.T.);
#15204=CIRCLE('',#15205,0.127);
#15205=AXIS2_PLACEMENT_3D('',#15206,#15207,#15208);
#15206=CARTESIAN_POINT('',(7.274388822,0.127,3.392103216));
#15207=DIRECTION('',(-0.906307787,0.0,-0.422618262));
#15208=DIRECTION('',(0.422618262,0.0,-0.906307787));
#15209=ORIENTED_EDGE('',*,*,#15023,.F.);
#15210=TOROIDAL_SURFACE('',#15211,1.143,0.127);
#15211=AXIS2_PLACEMENT_3D('',#15212,#15213,#15214);
#15212=CARTESIAN_POINT('',(7.274388822,1.27,3.392103216));
#15213=DIRECTION('',(0.422618262,0.0,-0.906307787));
#15214=DIRECTION('',(0.014401866,-0.999873735,0.0067157));
#15215=ADVANCED_FACE('',(#15216),#15228,.T.);
#15216=FACE_BOUND('',#15217,.T.);
#15217=EDGE_LOOP('',(#15218,#15219,#15220,#15227));
#15218=ORIENTED_EDGE('',*,*,#15203,.F.);
#15219=ORIENTED_EDGE('',*,*,#15097,.F.);
#15220=ORIENTED_EDGE('',*,*,#15221,.T.);
#15221=EDGE_CURVE('',#15089,#15033,#15222,.T.);
#15222=CIRCLE('',#15223,0.127);
#15223=AXIS2_PLACEMENT_3D('',#15224,#15225,#15226);
#15224=CARTESIAN_POINT('',(8.425399711,0.127,3.928828408));
#15225=DIRECTION('',(-0.906307787,0.0,-0.422618262));
#15226=DIRECTION('',(0.422618262,0.0,-0.906307787));
#15227=ORIENTED_EDGE('',*,*,#15032,.F.);
#15228=CYLINDRICAL_SURFACE('',#15229,0.127);
#15229=AXIS2_PLACEMENT_3D('',#15230,#15231,#15232);
#15230=CARTESIAN_POINT('',(8.452854977,0.127,3.941631009));
#15231=DIRECTION('',(-0.906307787,0.0,-0.422618262));
#15232=DIRECTION('',(0.422618262,0.0,-0.906307787));
#15233=ADVANCED_FACE('',(#15234),#15240,.T.);
#15234=FACE_BOUND('',#15235,.T.);
#15235=EDGE_LOOP('',(#15236,#15237,#15238,#15239));
#15236=ORIENTED_EDGE('',*,*,#15221,.F.);
#15237=ORIENTED_EDGE('',*,*,#15088,.F.);
#15238=ORIENTED_EDGE('',*,*,#15063,.F.);
#15239=ORIENTED_EDGE('',*,*,#15040,.F.);
#15240=TOROIDAL_SURFACE('',#15241,1.143,0.127);
#15241=AXIS2_PLACEMENT_3D('',#15242,#15243,#15244);
#15242=CARTESIAN_POINT('',(8.425399711,1.27,3.928828408));
#15243=DIRECTION('',(-0.422618262,0.0,0.906307787));
#15244=DIRECTION('',(0.906076864,0.022572657,0.422510581));
#15245=MANIFOLD_SOLID_BREP('',#15246);
#15246=CLOSED_SHELL('',(#15247,#15291,#15357,#15382,#15441,#15459,#15477,#15495,#15513,#15531));
#15247=ADVANCED_FACE('',(#15248),#15286,.T.);
#15248=FACE_BOUND('',#15249,.T.);
#15249=EDGE_LOOP('',(#15250,#15261,#15270,#15279));
#15250=ORIENTED_EDGE('',*,*,#15251,.T.);
#15251=EDGE_CURVE('',#15252,#15254,#15256,.T.);
#15252=VERTEX_POINT('',#15253);
#15253=CARTESIAN_POINT('',(9.766390587,8.6868,3.689826047));
#15254=VERTEX_POINT('',#15255);
#15255=CARTESIAN_POINT('',(9.853263704,8.6868,3.451144121));
#15256=CIRCLE('',#15257,0.127);
#15257=AXIS2_PLACEMENT_3D('',#15258,#15259,#15260);
#15258=CARTESIAN_POINT('',(9.809827145,8.6868,3.570485084));
#15259=DIRECTION('',(0.0,1.0,0.0));
#15260=DIRECTION('',(-0.342020143,0.0,0.939692621));
#15261=ORIENTED_EDGE('',*,*,#15262,.T.);
#15262=EDGE_CURVE('',#15254,#15263,#15265,.F.);
#15263=VERTEX_POINT('',#15264);
#15264=CARTESIAN_POINT('',(8.779195038,9.8298,3.060215098));
#15265=CIRCLE('',#15266,1.143);
#15266=AXIS2_PLACEMENT_3D('',#15267,#15268,#15269);
#15267=CARTESIAN_POINT('',(8.779195038,8.6868,3.060215098));
#15268=DIRECTION('',(0.342020143,0.0,-0.939692621));
#15269=DIRECTION('',(1.52499138E-14,1.0,5.550514699E-15));
#15270=ORIENTED_EDGE('',*,*,#15271,.T.);
#15271=EDGE_CURVE('',#15263,#15272,#15274,.T.);
#15272=VERTEX_POINT('',#15273);
#15273=CARTESIAN_POINT('',(8.692321922,9.8298,3.298897023));
#15274=CIRCLE('',#15275,0.127);
#15275=AXIS2_PLACEMENT_3D('',#15276,#15277,#15278);
#15276=CARTESIAN_POINT('',(8.73575848,9.8298,3.17955606));
#15277=DIRECTION('',(0.939692621,0.0,0.342020143));
#15278=DIRECTION('',(0.342020143,-1.110223025E-14,-0.939692621));
#15279=ORIENTED_EDGE('',*,*,#15280,.T.);
#15280=EDGE_CURVE('',#15272,#15252,#15281,.F.);
#15281=CIRCLE('',#15282,1.143);
#15282=AXIS2_PLACEMENT_3D('',#15283,#15284,#15285);
#15283=CARTESIAN_POINT('',(8.692321922,8.6868,3.298897023));
#15284=DIRECTION('',(-0.342020143,0.0,0.939692621));
#15285=DIRECTION('',(0.939692621,0.0,0.342020143));
#15286=TOROIDAL_SURFACE('',#15287,1.143,0.127);
#15287=AXIS2_PLACEMENT_3D('',#15288,#15289,#15290);
#15288=CARTESIAN_POINT('',(8.73575848,8.6868,3.17955606));
#15289=DIRECTION('',(0.342020143,0.0,-0.939692621));
#15290=DIRECTION('',(-0.014932374,0.999873735,-0.00543494));
#15291=ADVANCED_FACE('',(#15292),#15352,.T.);
#15292=FACE_BOUND('',#15293,.T.);
#15293=EDGE_LOOP('',(#15294,#15295,#15303,#15312,#15320,#15329,#15337,#15346));
#15294=ORIENTED_EDGE('',*,*,#15280,.F.);
#15295=ORIENTED_EDGE('',*,*,#15296,.T.);
#15296=EDGE_CURVE('',#15272,#15297,#15299,.T.);
#15297=VERTEX_POINT('',#15298);
#15298=CARTESIAN_POINT('',(7.498912293,9.8298,2.864531441));
#15299=LINE('',#15300,#15301);
#15300=CARTESIAN_POINT('',(8.692321922,9.8298,3.298897023));
#15301=VECTOR('',#15302,1.0);
#15302=DIRECTION('',(-0.939692621,0.0,-0.342020143));
#15303=ORIENTED_EDGE('',*,*,#15304,.T.);
#15304=EDGE_CURVE('',#15297,#15305,#15307,.T.);
#15305=VERTEX_POINT('',#15306);
#15306=CARTESIAN_POINT('',(6.424843628,8.6868,2.473602417));
#15307=CIRCLE('',#15308,1.143);
#15308=AXIS2_PLACEMENT_3D('',#15309,#15310,#15311);
#15309=CARTESIAN_POINT('',(7.498912293,8.6868,2.864531441));
#15310=DIRECTION('',(-0.342020143,0.0,0.939692621));
#15311=DIRECTION('',(0.0,1.0,0.0));
#15312=ORIENTED_EDGE('',*,*,#15313,.T.);
#15313=EDGE_CURVE('',#15305,#15314,#15316,.T.);
#15314=VERTEX_POINT('',#15315);
#15315=CARTESIAN_POINT('',(6.424843628,1.27,2.473602417));
#15316=LINE('',#15317,#15318);
#15317=CARTESIAN_POINT('',(6.424843628,8.6868,2.473602417));
#15318=VECTOR('',#15319,1.0);
#15319=DIRECTION('',(0.0,-1.0,0.0));
#15320=ORIENTED_EDGE('',*,*,#15321,.T.);
#15321=EDGE_CURVE('',#15314,#15322,#15324,.T.);
#15322=VERTEX_POINT('',#15323);
#15323=CARTESIAN_POINT('',(7.498912293,0.127,2.864531441));
#15324=CIRCLE('',#15325,1.143);
#15325=AXIS2_PLACEMENT_3D('',#15326,#15327,#15328);
#15326=CARTESIAN_POINT('',(7.498912293,1.27,2.864531441));
#15327=DIRECTION('',(-0.342020143,0.0,0.939692621));
#15328=DIRECTION('',(-0.939692621,0.0,-0.342020143));
#15329=ORIENTED_EDGE('',*,*,#15330,.T.);
#15330=EDGE_CURVE('',#15322,#15331,#15333,.T.);
#15331=VERTEX_POINT('',#15332);
#15332=CARTESIAN_POINT('',(8.692321922,0.127,3.298897023));
#15333=LINE('',#15334,#15335);
#15334=CARTESIAN_POINT('',(7.498912293,0.127,2.864531441));
#15335=VECTOR('',#15336,1.0);
#15336=DIRECTION('',(0.939692621,0.0,0.342020143));
#15337=ORIENTED_EDGE('',*,*,#15338,.T.);
#15338=EDGE_CURVE('',#15331,#15339,#15341,.T.);
#15339=VERTEX_POINT('',#15340);
#15340=CARTESIAN_POINT('',(9.766390587,1.27,3.689826047));
#15341=CIRCLE('',#15342,1.143);
#15342=AXIS2_PLACEMENT_3D('',#15343,#15344,#15345);
#15343=CARTESIAN_POINT('',(8.692321922,1.27,3.298897023));
#15344=DIRECTION('',(-0.342020143,0.0,0.939692621));
#15345=DIRECTION('',(0.0,-1.0,0.0));
#15346=ORIENTED_EDGE('',*,*,#15347,.T.);
#15347=EDGE_CURVE('',#15339,#15252,#15348,.T.);
#15348=LINE('',#15349,#15350);
#15349=CARTESIAN_POINT('',(9.766390587,1.27,3.689826047));
#15350=VECTOR('',#15351,1.0);
#15351=DIRECTION('',(0.0,1.0,0.0));
#15352=PLANE('',#15353);
#15353=AXIS2_PLACEMENT_3D('',#15354,#15355,#15356);
#15354=CARTESIAN_POINT('',(6.305502665,0.0,2.430165859));
#15355=DIRECTION('',(-0.342020143,0.0,0.939692621));
#15356=DIRECTION('',(0.939692621,0.0,0.342020143));
#15357=ADVANCED_FACE('',(#15358),#15377,.T.);
#15358=FACE_BOUND('',#15359,.T.);
#15359=EDGE_LOOP('',(#15360,#15369,#15375,#15376));
#15360=ORIENTED_EDGE('',*,*,#15361,.T.);
#15361=EDGE_CURVE('',#15339,#15362,#15364,.F.);
#15362=VERTEX_POINT('',#15363);
#15363=CARTESIAN_POINT('',(9.853263704,1.27,3.451144121));
#15364=CIRCLE('',#15365,0.127);
#15365=AXIS2_PLACEMENT_3D('',#15366,#15367,#15368);
#15366=CARTESIAN_POINT('',(9.809827145,1.27,3.570485084));
#15367=DIRECTION('',(0.0,-1.0,0.0));
#15368=DIRECTION('',(0.342020143,0.0,-0.939692621));
#15369=ORIENTED_EDGE('',*,*,#15370,.T.);
#15370=EDGE_CURVE('',#15362,#15254,#15371,.F.);
#15371=LINE('',#15372,#15373);
#15372=CARTESIAN_POINT('',(9.853263704,8.6868,3.451144121));
#15373=VECTOR('',#15374,1.0);
#15374=DIRECTION('',(0.0,-1.0,0.0));
#15375=ORIENTED_EDGE('',*,*,#15251,.F.);
#15376=ORIENTED_EDGE('',*,*,#15347,.F.);
#15377=CYLINDRICAL_SURFACE('',#15378,0.127);
#15378=AXIS2_PLACEMENT_3D('',#15379,#15380,#15381);
#15379=CARTESIAN_POINT('',(9.809827145,8.717093534,3.570485084));
#15380=DIRECTION('',(0.0,-1.0,0.0));
#15381=DIRECTION('',(0.342020143,0.0,-0.939692621));
#15382=ADVANCED_FACE('',(#15383),#15436,.T.);
#15383=FACE_BOUND('',#15384,.T.);
#15384=EDGE_LOOP('',(#15385,#15394,#15402,#15411,#15419,#15428,#15434,#15435));
#15385=ORIENTED_EDGE('',*,*,#15386,.T.);
#15386=EDGE_CURVE('',#15362,#15387,#15389,.T.);
#15387=VERTEX_POINT('',#15388);
#15388=CARTESIAN_POINT('',(8.779195038,0.127,3.060215098));
#15389=CIRCLE('',#15390,1.143);
#15390=AXIS2_PLACEMENT_3D('',#15391,#15392,#15393);
#15391=CARTESIAN_POINT('',(8.779195038,1.27,3.060215098));
#15392=DIRECTION('',(0.342020143,0.0,-0.939692621));
#15393=DIRECTION('',(0.939692621,0.0,0.342020143));
#15394=ORIENTED_EDGE('',*,*,#15395,.T.);
#15395=EDGE_CURVE('',#15387,#15396,#15398,.T.);
#15396=VERTEX_POINT('',#15397);
#15397=CARTESIAN_POINT('',(7.58578541,0.127,2.625849516));
#15398=LINE('',#15399,#15400);
#15399=CARTESIAN_POINT('',(8.779195038,0.127,3.060215098));
#15400=VECTOR('',#15401,1.0);
#15401=DIRECTION('',(-0.939692621,0.0,-0.342020143));
#15402=ORIENTED_EDGE('',*,*,#15403,.T.);
#15403=EDGE_CURVE('',#15396,#15404,#15406,.T.);
#15404=VERTEX_POINT('',#15405);
#15405=CARTESIAN_POINT('',(6.511716744,1.27,2.234920492));
#15406=CIRCLE('',#15407,1.143);
#15407=AXIS2_PLACEMENT_3D('',#15408,#15409,#15410);
#15408=CARTESIAN_POINT('',(7.58578541,1.27,2.625849516));
#15409=DIRECTION('',(0.342020143,0.0,-0.939692621));
#15410=DIRECTION('',(0.0,-1.0,0.0));
#15411=ORIENTED_EDGE('',*,*,#15412,.T.);
#15412=EDGE_CURVE('',#15404,#15413,#15415,.T.);
#15413=VERTEX_POINT('',#15414);
#15414=CARTESIAN_POINT('',(6.511716744,8.6868,2.234920492));
#15415=LINE('',#15416,#15417);
#15416=CARTESIAN_POINT('',(6.511716744,1.27,2.234920492));
#15417=VECTOR('',#15418,1.0);
#15418=DIRECTION('',(0.0,1.0,0.0));
#15419=ORIENTED_EDGE('',*,*,#15420,.T.);
#15420=EDGE_CURVE('',#15413,#15421,#15423,.T.);
#15421=VERTEX_POINT('',#15422);
#15422=CARTESIAN_POINT('',(7.58578541,9.8298,2.625849516));
#15423=CIRCLE('',#15424,1.143);
#15424=AXIS2_PLACEMENT_3D('',#15425,#15426,#15427);
#15425=CARTESIAN_POINT('',(7.58578541,8.6868,2.625849516));
#15426=DIRECTION('',(0.342020143,0.0,-0.939692621));
#15427=DIRECTION('',(-0.939692621,-1.60365548E-14,-0.342020143));
#15428=ORIENTED_EDGE('',*,*,#15429,.T.);
#15429=EDGE_CURVE('',#15421,#15263,#15430,.T.);
#15430=LINE('',#15431,#15432);
#15431=CARTESIAN_POINT('',(7.58578541,9.8298,2.625849516));
#15432=VECTOR('',#15433,1.0);
#15433=DIRECTION('',(0.939692621,0.0,0.342020143));
#15434=ORIENTED_EDGE('',*,*,#15262,.F.);
#15435=ORIENTED_EDGE('',*,*,#15370,.F.);
#15436=PLANE('',#15437);
#15437=AXIS2_PLACEMENT_3D('',#15438,#15439,#15440);
#15438=CARTESIAN_POINT('',(9.972604666,0.0,3.49458068));
#15439=DIRECTION('',(0.342020143,0.0,-0.939692621));
#15440=DIRECTION('',(-0.939692621,0.0,-0.342020143));
#15441=ADVANCED_FACE('',(#15442),#15454,.T.);
#15442=FACE_BOUND('',#15443,.T.);
#15443=EDGE_LOOP('',(#15444,#15445,#15446,#15453));
#15444=ORIENTED_EDGE('',*,*,#15271,.F.);
#15445=ORIENTED_EDGE('',*,*,#15429,.F.);
#15446=ORIENTED_EDGE('',*,*,#15447,.T.);
#15447=EDGE_CURVE('',#15421,#15297,#15448,.T.);
#15448=CIRCLE('',#15449,0.127);
#15449=AXIS2_PLACEMENT_3D('',#15450,#15451,#15452);
#15450=CARTESIAN_POINT('',(7.542348851,9.8298,2.745190478));
#15451=DIRECTION('',(0.939692621,0.0,0.342020143));
#15452=DIRECTION('',(0.342020143,-1.110223025E-14,-0.939692621));
#15453=ORIENTED_EDGE('',*,*,#15296,.F.);
#15454=CYLINDRICAL_SURFACE('',#15455,0.127);
#15455=AXIS2_PLACEMENT_3D('',#15456,#15457,#15458);
#15456=CARTESIAN_POINT('',(7.525858523,9.8298,2.73918849));
#15457=DIRECTION('',(0.939692621,0.0,0.342020143));
#15458=DIRECTION('',(0.342020143,0.0,-0.939692621));
#15459=ADVANCED_FACE('',(#15460),#15472,.T.);
#15460=FACE_BOUND('',#15461,.T.);
#15461=EDGE_LOOP('',(#15462,#15463,#15464,#15471));
#15462=ORIENTED_EDGE('',*,*,#15447,.F.);
#15463=ORIENTED_EDGE('',*,*,#15420,.F.);
#15464=ORIENTED_EDGE('',*,*,#15465,.T.);
#15465=EDGE_CURVE('',#15413,#15305,#15466,.T.);
#15466=CIRCLE('',#15467,0.127);
#15467=AXIS2_PLACEMENT_3D('',#15468,#15469,#15470);
#15468=CARTESIAN_POINT('',(6.468280186,8.6868,2.354261455));
#15469=DIRECTION('',(0.0,1.0,0.0));
#15470=DIRECTION('',(0.342020143,0.0,-0.939692621));
#15471=ORIENTED_EDGE('',*,*,#15304,.F.);
#15472=TOROIDAL_SURFACE('',#15473,1.143,0.127);
#15473=AXIS2_PLACEMENT_3D('',#15474,#15475,#15476);
#15474=CARTESIAN_POINT('',(7.542348851,8.6868,2.745190478));
#15475=DIRECTION('',(-0.342020143,0.0,0.939692621));
#15476=DIRECTION('',(-0.939453192,-0.022572657,-0.341932998));
#15477=ADVANCED_FACE('',(#15478),#15490,.T.);
#15478=FACE_BOUND('',#15479,.T.);
#15479=EDGE_LOOP('',(#15480,#15481,#15482,#15489));
#15480=ORIENTED_EDGE('',*,*,#15465,.F.);
#15481=ORIENTED_EDGE('',*,*,#15412,.F.);
#15482=ORIENTED_EDGE('',*,*,#15483,.T.);
#15483=EDGE_CURVE('',#15404,#15314,#15484,.T.);
#15484=CIRCLE('',#15485,0.127);
#15485=AXIS2_PLACEMENT_3D('',#15486,#15487,#15488);
#15486=CARTESIAN_POINT('',(6.468280186,1.27,2.354261455));
#15487=DIRECTION('',(0.0,1.0,0.0));
#15488=DIRECTION('',(0.342020143,0.0,-0.939692621));
#15489=ORIENTED_EDGE('',*,*,#15313,.F.);
#15490=CYLINDRICAL_SURFACE('',#15491,0.127);
#15491=AXIS2_PLACEMENT_3D('',#15492,#15493,#15494);
#15492=CARTESIAN_POINT('',(6.468280186,1.252451359,2.354261455));
#15493=DIRECTION('',(0.0,1.0,0.0));
#15494=DIRECTION('',(0.342020143,0.0,-0.939692621));
#15495=ADVANCED_FACE('',(#15496),#15508,.T.);
#15496=FACE_BOUND('',#15497,.T.);
#15497=EDGE_LOOP('',(#15498,#15499,#15500,#15507));
#15498=ORIENTED_EDGE('',*,*,#15483,.F.);
#15499=ORIENTED_EDGE('',*,*,#15403,.F.);
#15500=ORIENTED_EDGE('',*,*,#15501,.T.);
#15501=EDGE_CURVE('',#15396,#15322,#15502,.T.);
#15502=CIRCLE('',#15503,0.127);
#15503=AXIS2_PLACEMENT_3D('',#15504,#15505,#15506);
#15504=CARTESIAN_POINT('',(7.542348851,0.127,2.745190478));
#15505=DIRECTION('',(-0.939692621,0.0,-0.342020143));
#15506=DIRECTION('',(0.342020143,0.0,-0.939692621));
#15507=ORIENTED_EDGE('',*,*,#15321,.F.);
#15508=TOROIDAL_SURFACE('',#15509,1.143,0.127);
#15509=AXIS2_PLACEMENT_3D('',#15510,#15511,#15512);
#15510=CARTESIAN_POINT('',(7.542348851,1.27,2.745190478));
#15511=DIRECTION('',(0.342020143,0.0,-0.939692621));
#15512=DIRECTION('',(0.014932374,-0.999873735,0.00543494));
#15513=ADVANCED_FACE('',(#15514),#15526,.T.);
#15514=FACE_BOUND('',#15515,.T.);
#15515=EDGE_LOOP('',(#15516,#15517,#15518,#15525));
#15516=ORIENTED_EDGE('',*,*,#15501,.F.);
#15517=ORIENTED_EDGE('',*,*,#15395,.F.);
#15518=ORIENTED_EDGE('',*,*,#15519,.T.);
#15519=EDGE_CURVE('',#15387,#15331,#15520,.T.);
#15520=CIRCLE('',#15521,0.127);
#15521=AXIS2_PLACEMENT_3D('',#15522,#15523,#15524);
#15522=CARTESIAN_POINT('',(8.73575848,0.127,3.17955606));
#15523=DIRECTION('',(-0.939692621,0.0,-0.342020143));
#15524=DIRECTION('',(0.342020143,0.0,-0.939692621));
#15525=ORIENTED_EDGE('',*,*,#15330,.F.);
#15526=CYLINDRICAL_SURFACE('',#15527,0.127);
#15527=AXIS2_PLACEMENT_3D('',#15528,#15529,#15530);
#15528=CARTESIAN_POINT('',(8.76422509,0.127,3.189917059));
#15529=DIRECTION('',(-0.939692621,0.0,-0.342020143));
#15530=DIRECTION('',(0.342020143,0.0,-0.939692621));
#15531=ADVANCED_FACE('',(#15532),#15538,.T.);
#15532=FACE_BOUND('',#15533,.T.);
#15533=EDGE_LOOP('',(#15534,#15535,#15536,#15537));
#15534=ORIENTED_EDGE('',*,*,#15519,.F.);
#15535=ORIENTED_EDGE('',*,*,#15386,.F.);
#15536=ORIENTED_EDGE('',*,*,#15361,.F.);
#15537=ORIENTED_EDGE('',*,*,#15338,.F.);
#15538=TOROIDAL_SURFACE('',#15539,1.143,0.127);
#15539=AXIS2_PLACEMENT_3D('',#15540,#15541,#15542);
#15540=CARTESIAN_POINT('',(8.73575848,1.27,3.17955606));
#15541=DIRECTION('',(-0.342020143,0.0,0.939692621));
#15542=DIRECTION('',(0.939453192,0.022572657,0.341932998));
#15543=MANIFOLD_SOLID_BREP('',#15544);
#15544=CLOSED_SHELL('',(#15545,#15589,#15655,#15680,#15739,#15757,#15775,#15793,#15811,#15829));
#15545=ADVANCED_FACE('',(#15546),#15584,.T.);
#15546=FACE_BOUND('',#15547,.T.);
#15547=EDGE_LOOP('',(#15548,#15559,#15568,#15577));
#15548=ORIENTED_EDGE('',*,*,#15549,.T.);
#15549=EDGE_CURVE('',#15550,#15552,#15554,.T.);
#15550=VERTEX_POINT('',#15551);
#15551=CARTESIAN_POINT('',(10.050816052,8.6868,2.824588119));
#15552=VERTEX_POINT('',#15553);
#15553=CARTESIAN_POINT('',(10.11655609,8.6868,2.57924296));
#15554=CIRCLE('',#15555,0.127);
#15555=AXIS2_PLACEMENT_3D('',#15556,#15557,#15558);
#15556=CARTESIAN_POINT('',(10.083686071,8.6868,2.701915539));
#15557=DIRECTION('',(0.0,1.0,0.0));
#15558=DIRECTION('',(-0.258819045,0.0,0.965925826));
#15559=ORIENTED_EDGE('',*,*,#15560,.T.);
#15560=EDGE_CURVE('',#15552,#15561,#15563,.F.);
#15561=VERTEX_POINT('',#15562);
#15562=CARTESIAN_POINT('',(9.01250287,9.8298,2.283412791));
#15563=CIRCLE('',#15564,1.143);
#15564=AXIS2_PLACEMENT_3D('',#15565,#15566,#15567);
#15565=CARTESIAN_POINT('',(9.01250287,8.6868,2.283412791));
#15566=DIRECTION('',(0.258819045,0.0,-0.965925826));
#15567=DIRECTION('',(0.0,1.0,0.0));
#15568=ORIENTED_EDGE('',*,*,#15569,.T.);
#15569=EDGE_CURVE('',#15561,#15570,#15572,.T.);
#15570=VERTEX_POINT('',#15571);
#15571=CARTESIAN_POINT('',(8.946762833,9.8298,2.528757951));
#15572=CIRCLE('',#15573,0.127);
#15573=AXIS2_PLACEMENT_3D('',#15574,#15575,#15576);
#15574=CARTESIAN_POINT('',(8.979632852,9.8298,2.406085371));
#15575=DIRECTION('',(0.965925826,0.0,0.258819045));
#15576=DIRECTION('',(0.258819045,1.110223025E-14,-0.965925826));
#15577=ORIENTED_EDGE('',*,*,#15578,.T.);
#15578=EDGE_CURVE('',#15570,#15550,#15579,.F.);
#15579=CIRCLE('',#15580,1.143);
#15580=AXIS2_PLACEMENT_3D('',#15581,#15582,#15583);
#15581=CARTESIAN_POINT('',(8.946762833,8.6868,2.528757951));
#15582=DIRECTION('',(-0.258819045,0.0,0.965925826));
#15583=DIRECTION('',(0.965925826,0.0,0.258819045));
#15584=TOROIDAL_SURFACE('',#15585,1.143,0.127);
#15585=AXIS2_PLACEMENT_3D('',#15586,#15587,#15588);
#15586=CARTESIAN_POINT('',(8.979632852,8.6868,2.406085371));
#15587=DIRECTION('',(0.258819045,0.0,-0.965925826));
#15588=DIRECTION('',(-0.015349238,0.999873735,-0.004112816));
#15589=ADVANCED_FACE('',(#15590),#15650,.T.);
#15590=FACE_BOUND('',#15591,.T.);
#15591=EDGE_LOOP('',(#15592,#15593,#15601,#15610,#15618,#15627,#15635,#15644));
#15592=ORIENTED_EDGE('',*,*,#15578,.F.);
#15593=ORIENTED_EDGE('',*,*,#15594,.T.);
#15594=EDGE_CURVE('',#15570,#15595,#15597,.T.);
#15595=VERTEX_POINT('',#15596);
#15596=CARTESIAN_POINT('',(7.720037033,9.8298,2.200057764));
#15597=LINE('',#15598,#15599);
#15598=CARTESIAN_POINT('',(8.946762833,9.8298,2.528757951));
#15599=VECTOR('',#15600,1.0);
#15600=DIRECTION('',(-0.965925826,0.0,-0.258819045));
#15601=ORIENTED_EDGE('',*,*,#15602,.T.);
#15602=EDGE_CURVE('',#15595,#15603,#15605,.T.);
#15603=VERTEX_POINT('',#15604);
#15604=CARTESIAN_POINT('',(6.615983814,8.6868,1.904227595));
#15605=CIRCLE('',#15606,1.143);
#15606=AXIS2_PLACEMENT_3D('',#15607,#15608,#15609);
#15607=CARTESIAN_POINT('',(7.720037033,8.6868,2.200057764));
#15608=DIRECTION('',(-0.258819045,0.0,0.965925826));
#15609=DIRECTION('',(0.0,1.0,0.0));
#15610=ORIENTED_EDGE('',*,*,#15611,.T.);
#15611=EDGE_CURVE('',#15603,#15612,#15614,.T.);
#15612=VERTEX_POINT('',#15613);
#15613=CARTESIAN_POINT('',(6.615983814,1.27,1.904227595));
#15614=LINE('',#15615,#15616);
#15615=CARTESIAN_POINT('',(6.615983814,8.6868,1.904227595));
#15616=VECTOR('',#15617,1.0);
#15617=DIRECTION('',(0.0,-1.0,0.0));
#15618=ORIENTED_EDGE('',*,*,#15619,.T.);
#15619=EDGE_CURVE('',#15612,#15620,#15622,.T.);
#15620=VERTEX_POINT('',#15621);
#15621=CARTESIAN_POINT('',(7.720037033,0.127,2.200057764));
#15622=CIRCLE('',#15623,1.143);
#15623=AXIS2_PLACEMENT_3D('',#15624,#15625,#15626);
#15624=CARTESIAN_POINT('',(7.720037033,1.27,2.200057764));
#15625=DIRECTION('',(-0.258819045,0.0,0.965925826));
#15626=DIRECTION('',(-0.965925826,0.0,-0.258819045));
#15627=ORIENTED_EDGE('',*,*,#15628,.T.);
#15628=EDGE_CURVE('',#15620,#15629,#15631,.T.);
#15629=VERTEX_POINT('',#15630);
#15630=CARTESIAN_POINT('',(8.946762833,0.127,2.528757951));
#15631=LINE('',#15632,#15633);
#15632=CARTESIAN_POINT('',(7.720037033,0.127,2.200057764));
#15633=VECTOR('',#15634,1.0);
#15634=DIRECTION('',(0.965925826,0.0,0.258819045));
#15635=ORIENTED_EDGE('',*,*,#15636,.T.);
#15636=EDGE_CURVE('',#15629,#15637,#15639,.T.);
#15637=VERTEX_POINT('',#15638);
#15638=CARTESIAN_POINT('',(10.050816052,1.27,2.824588119));
#15639=CIRCLE('',#15640,1.143);
#15640=AXIS2_PLACEMENT_3D('',#15641,#15642,#15643);
#15641=CARTESIAN_POINT('',(8.946762833,1.27,2.528757951));
#15642=DIRECTION('',(-0.258819045,0.0,0.965925826));
#15643=DIRECTION('',(0.0,-1.0,0.0));
#15644=ORIENTED_EDGE('',*,*,#15645,.T.);
#15645=EDGE_CURVE('',#15637,#15550,#15646,.T.);
#15646=LINE('',#15647,#15648);
#15647=CARTESIAN_POINT('',(10.050816052,1.27,2.824588119));
#15648=VECTOR('',#15649,1.0);
#15649=DIRECTION('',(0.0,1.0,0.0));
#15650=PLANE('',#15651);
#15651=AXIS2_PLACEMENT_3D('',#15652,#15653,#15654);
#15652=CARTESIAN_POINT('',(6.493311234,0.0,1.871357576));
#15653=DIRECTION('',(-0.258819045,0.0,0.965925826));
#15654=DIRECTION('',(0.965925826,0.0,0.258819045));
#15655=ADVANCED_FACE('',(#15656),#15675,.T.);
#15656=FACE_BOUND('',#15657,.T.);
#15657=EDGE_LOOP('',(#15658,#15667,#15673,#15674));
#15658=ORIENTED_EDGE('',*,*,#15659,.T.);
#15659=EDGE_CURVE('',#15637,#15660,#15662,.F.);
#15660=VERTEX_POINT('',#15661);
#15661=CARTESIAN_POINT('',(10.11655609,1.27,2.57924296));
#15662=CIRCLE('',#15663,0.127);
#15663=AXIS2_PLACEMENT_3D('',#15664,#15665,#15666);
#15664=CARTESIAN_POINT('',(10.083686071,1.27,2.701915539));
#15665=DIRECTION('',(0.0,-1.0,0.0));
#15666=DIRECTION('',(0.258819045,0.0,-0.965925826));
#15667=ORIENTED_EDGE('',*,*,#15668,.T.);
#15668=EDGE_CURVE('',#15660,#15552,#15669,.F.);
#15669=LINE('',#15670,#15671);
#15670=CARTESIAN_POINT('',(10.11655609,8.6868,2.57924296));
#15671=VECTOR('',#15672,1.0);
#15672=DIRECTION('',(0.0,-1.0,0.0));
#15673=ORIENTED_EDGE('',*,*,#15549,.F.);
#15674=ORIENTED_EDGE('',*,*,#15645,.F.);
#15675=CYLINDRICAL_SURFACE('',#15676,0.127);
#15676=AXIS2_PLACEMENT_3D('',#15677,#15678,#15679);
#15677=CARTESIAN_POINT('',(10.083686071,8.717093534,2.701915539));
#15678=DIRECTION('',(0.0,-1.0,0.0));
#15679=DIRECTION('',(0.258819045,0.0,-0.965925826));
#15680=ADVANCED_FACE('',(#15681),#15734,.T.);
#15681=FACE_BOUND('',#15682,.T.);
#15682=EDGE_LOOP('',(#15683,#15692,#15700,#15709,#15717,#15726,#15732,#15733));
#15683=ORIENTED_EDGE('',*,*,#15684,.T.);
#15684=EDGE_CURVE('',#15660,#15685,#15687,.T.);
#15685=VERTEX_POINT('',#15686);
#15686=CARTESIAN_POINT('',(9.01250287,0.127,2.283412791));
#15687=CIRCLE('',#15688,1.143);
#15688=AXIS2_PLACEMENT_3D('',#15689,#15690,#15691);
#15689=CARTESIAN_POINT('',(9.01250287,1.27,2.283412791));
#15690=DIRECTION('',(0.258819045,0.0,-0.965925826));
#15691=DIRECTION('',(0.965925826,0.0,0.258819045));
#15692=ORIENTED_EDGE('',*,*,#15693,.T.);
#15693=EDGE_CURVE('',#15685,#15694,#15696,.T.);
#15694=VERTEX_POINT('',#15695);
#15695=CARTESIAN_POINT('',(7.785777071,0.127,1.954712604));
#15696=LINE('',#15697,#15698);
#15697=CARTESIAN_POINT('',(9.01250287,0.127,2.283412791));
#15698=VECTOR('',#15699,1.0);
#15699=DIRECTION('',(-0.965925826,0.0,-0.258819045));
#15700=ORIENTED_EDGE('',*,*,#15701,.T.);
#15701=EDGE_CURVE('',#15694,#15702,#15704,.T.);
#15702=VERTEX_POINT('',#15703);
#15703=CARTESIAN_POINT('',(6.681723851,1.27,1.658882435));
#15704=CIRCLE('',#15705,1.143);
#15705=AXIS2_PLACEMENT_3D('',#15706,#15707,#15708);
#15706=CARTESIAN_POINT('',(7.785777071,1.27,1.954712604));
#15707=DIRECTION('',(0.258819045,0.0,-0.965925826));
#15708=DIRECTION('',(0.0,-1.0,0.0));
#15709=ORIENTED_EDGE('',*,*,#15710,.T.);
#15710=EDGE_CURVE('',#15702,#15711,#15713,.T.);
#15711=VERTEX_POINT('',#15712);
#15712=CARTESIAN_POINT('',(6.681723851,8.6868,1.658882435));
#15713=LINE('',#15714,#15715);
#15714=CARTESIAN_POINT('',(6.681723851,1.27,1.658882435));
#15715=VECTOR('',#15716,1.0);
#15716=DIRECTION('',(0.0,1.0,0.0));
#15717=ORIENTED_EDGE('',*,*,#15718,.T.);
#15718=EDGE_CURVE('',#15711,#15719,#15721,.T.);
#15719=VERTEX_POINT('',#15720);
#15720=CARTESIAN_POINT('',(7.785777071,9.8298,1.954712604));
#15721=CIRCLE('',#15722,1.143);
#15722=AXIS2_PLACEMENT_3D('',#15723,#15724,#15725);
#15723=CARTESIAN_POINT('',(7.785777071,8.6868,1.954712604));
#15724=DIRECTION('',(0.258819045,0.0,-0.965925826));
#15725=DIRECTION('',(-0.965925826,0.0,-0.258819045));
#15726=ORIENTED_EDGE('',*,*,#15727,.T.);
#15727=EDGE_CURVE('',#15719,#15561,#15728,.T.);
#15728=LINE('',#15729,#15730);
#15729=CARTESIAN_POINT('',(7.785777071,9.8298,1.954712604));
#15730=VECTOR('',#15731,1.0);
#15731=DIRECTION('',(0.965925826,0.0,0.258819045));
#15732=ORIENTED_EDGE('',*,*,#15560,.F.);
#15733=ORIENTED_EDGE('',*,*,#15668,.F.);
#15734=PLANE('',#15735);
#15735=AXIS2_PLACEMENT_3D('',#15736,#15737,#15738);
#15736=CARTESIAN_POINT('',(10.23922867,0.0,2.612112978));
#15737=DIRECTION('',(0.258819045,0.0,-0.965925826));
#15738=DIRECTION('',(-0.965925826,0.0,-0.258819045));
#15739=ADVANCED_FACE('',(#15740),#15752,.T.);
#15740=FACE_BOUND('',#15741,.T.);
#15741=EDGE_LOOP('',(#15742,#15743,#15744,#15751));
#15742=ORIENTED_EDGE('',*,*,#15569,.F.);
#15743=ORIENTED_EDGE('',*,*,#15727,.F.);
#15744=ORIENTED_EDGE('',*,*,#15745,.T.);
#15745=EDGE_CURVE('',#15719,#15595,#15746,.T.);
#15746=CIRCLE('',#15747,0.127);
#15747=AXIS2_PLACEMENT_3D('',#15748,#15749,#15750);
#15748=CARTESIAN_POINT('',(7.752907052,9.8298,2.077385184));
#15749=DIRECTION('',(0.965925826,0.0,0.258819045));
#15750=DIRECTION('',(0.258819045,-1.110223025E-14,-0.965925826));
#15751=ORIENTED_EDGE('',*,*,#15594,.F.);
#15752=CYLINDRICAL_SURFACE('',#15753,0.127);
#15753=AXIS2_PLACEMENT_3D('',#15754,#15755,#15756);
#15754=CARTESIAN_POINT('',(7.735956367,9.8298,2.072843261));
#15755=DIRECTION('',(0.965925826,0.0,0.258819045));
#15756=DIRECTION('',(0.258819045,0.0,-0.965925826));
#15757=ADVANCED_FACE('',(#15758),#15770,.T.);
#15758=FACE_BOUND('',#15759,.T.);
#15759=EDGE_LOOP('',(#15760,#15761,#15762,#15769));
#15760=ORIENTED_EDGE('',*,*,#15745,.F.);
#15761=ORIENTED_EDGE('',*,*,#15718,.F.);
#15762=ORIENTED_EDGE('',*,*,#15763,.T.);
#15763=EDGE_CURVE('',#15711,#15603,#15764,.T.);
#15764=CIRCLE('',#15765,0.127);
#15765=AXIS2_PLACEMENT_3D('',#15766,#15767,#15768);
#15766=CARTESIAN_POINT('',(6.648853833,8.6868,1.781555015));
#15767=DIRECTION('',(0.0,1.0,0.0));
#15768=DIRECTION('',(0.258819045,0.0,-0.965925826));
#15769=ORIENTED_EDGE('',*,*,#15602,.F.);
#15770=TOROIDAL_SURFACE('',#15771,1.143,0.127);
#15771=AXIS2_PLACEMENT_3D('',#15772,#15773,#15774);
#15772=CARTESIAN_POINT('',(7.752907052,8.6868,2.077385184));
#15773=DIRECTION('',(-0.258819045,0.0,0.965925826));
#15774=DIRECTION('',(-0.965679713,-0.022572657,-0.258753099));
#15775=ADVANCED_FACE('',(#15776),#15788,.T.);
#15776=FACE_BOUND('',#15777,.T.);
#15777=EDGE_LOOP('',(#15778,#15779,#15780,#15787));
#15778=ORIENTED_EDGE('',*,*,#15763,.F.);
#15779=ORIENTED_EDGE('',*,*,#15710,.F.);
#15780=ORIENTED_EDGE('',*,*,#15781,.T.);
#15781=EDGE_CURVE('',#15702,#15612,#15782,.T.);
#15782=CIRCLE('',#15783,0.127);
#15783=AXIS2_PLACEMENT_3D('',#15784,#15785,#15786);
#15784=CARTESIAN_POINT('',(6.648853833,1.27,1.781555015));
#15785=DIRECTION('',(0.0,1.0,0.0));
#15786=DIRECTION('',(0.258819045,0.0,-0.965925826));
#15787=ORIENTED_EDGE('',*,*,#15611,.F.);
#15788=CYLINDRICAL_SURFACE('',#15789,0.127);
#15789=AXIS2_PLACEMENT_3D('',#15790,#15791,#15792);
#15790=CARTESIAN_POINT('',(6.648853833,1.252451359,1.781555015));
#15791=DIRECTION('',(0.0,1.0,0.0));
#15792=DIRECTION('',(0.258819045,0.0,-0.965925826));
#15793=ADVANCED_FACE('',(#15794),#15806,.T.);
#15794=FACE_BOUND('',#15795,.T.);
#15795=EDGE_LOOP('',(#15796,#15797,#15798,#15805));
#15796=ORIENTED_EDGE('',*,*,#15781,.F.);
#15797=ORIENTED_EDGE('',*,*,#15701,.F.);
#15798=ORIENTED_EDGE('',*,*,#15799,.T.);
#15799=EDGE_CURVE('',#15694,#15620,#15800,.T.);
#15800=CIRCLE('',#15801,0.127);
#15801=AXIS2_PLACEMENT_3D('',#15802,#15803,#15804);
#15802=CARTESIAN_POINT('',(7.752907052,0.127,2.077385184));
#15803=DIRECTION('',(-0.965925826,0.0,-0.258819045));
#15804=DIRECTION('',(0.258819045,0.0,-0.965925826));
#15805=ORIENTED_EDGE('',*,*,#15619,.F.);
#15806=TOROIDAL_SURFACE('',#15807,1.143,0.127);
#15807=AXIS2_PLACEMENT_3D('',#15808,#15809,#15810);
#15808=CARTESIAN_POINT('',(7.752907052,1.27,2.077385184));
#15809=DIRECTION('',(0.258819045,0.0,-0.965925826));
#15810=DIRECTION('',(0.015349238,-0.999873735,0.004112816));
#15811=ADVANCED_FACE('',(#15812),#15824,.T.);
#15812=FACE_BOUND('',#15813,.T.);
#15813=EDGE_LOOP('',(#15814,#15815,#15816,#15823));
#15814=ORIENTED_EDGE('',*,*,#15799,.F.);
#15815=ORIENTED_EDGE('',*,*,#15693,.F.);
#15816=ORIENTED_EDGE('',*,*,#15817,.T.);
#15817=EDGE_CURVE('',#15685,#15629,#15818,.T.);
#15818=CIRCLE('',#15819,0.127);
#15819=AXIS2_PLACEMENT_3D('',#15820,#15821,#15822);
#15820=CARTESIAN_POINT('',(8.979632852,0.127,2.406085371));
#15821=DIRECTION('',(-0.965925826,0.0,-0.258819045));
#15822=DIRECTION('',(0.258819045,0.0,-0.965925826));
#15823=ORIENTED_EDGE('',*,*,#15628,.F.);
#15824=CYLINDRICAL_SURFACE('',#15825,0.127);
#15825=AXIS2_PLACEMENT_3D('',#15826,#15827,#15828);
#15826=CARTESIAN_POINT('',(9.008894158,0.127,2.413925914));
#15827=DIRECTION('',(-0.965925826,0.0,-0.258819045));
#15828=DIRECTION('',(0.258819045,0.0,-0.965925826));
#15829=ADVANCED_FACE('',(#15830),#15836,.T.);
#15830=FACE_BOUND('',#15831,.T.);
#15831=EDGE_LOOP('',(#15832,#15833,#15834,#15835));
#15832=ORIENTED_EDGE('',*,*,#15817,.F.);
#15833=ORIENTED_EDGE('',*,*,#15684,.F.);
#15834=ORIENTED_EDGE('',*,*,#15659,.F.);
#15835=ORIENTED_EDGE('',*,*,#15636,.F.);
#15836=TOROIDAL_SURFACE('',#15837,1.143,0.127);
#15837=AXIS2_PLACEMENT_3D('',#15838,#15839,#15840);
#15838=CARTESIAN_POINT('',(8.979632852,1.27,2.406085371));
#15839=DIRECTION('',(-0.258819045,0.0,0.965925826));
#15840=DIRECTION('',(0.965679713,0.022572657,0.258753099));
#15841=MANIFOLD_SOLID_BREP('',#15842);
#15842=CLOSED_SHELL('',(#15843,#15887,#15953,#15978,#16037,#16055,#16073,#16091,#16109,#16127));
#15843=ADVANCED_FACE('',(#15844),#15882,.T.);
#15844=FACE_BOUND('',#15845,.T.);
#15845=EDGE_LOOP('',(#15846,#15857,#15866,#15875));
#15846=ORIENTED_EDGE('',*,*,#15847,.T.);
#15847=EDGE_CURVE('',#15848,#15850,#15852,.T.);
#15848=VERTEX_POINT('',#15849);
#15849=CARTESIAN_POINT('',(10.258748738,8.6868,1.937853371));
#15850=VERTEX_POINT('',#15851);
#15851=CARTESIAN_POINT('',(10.302855375,8.6868,1.687712201));
#15852=CIRCLE('',#15853,0.127);
#15853=AXIS2_PLACEMENT_3D('',#15854,#15855,#15856);
#15854=CARTESIAN_POINT('',(10.280802057,8.6868,1.812782786));
#15855=DIRECTION('',(0.0,1.0,0.0));
#15856=DIRECTION('',(-0.173648178,0.0,0.984807753));
#15857=ORIENTED_EDGE('',*,*,#15858,.T.);
#15858=EDGE_CURVE('',#15850,#15859,#15861,.F.);
#15859=VERTEX_POINT('',#15860);
#15860=CARTESIAN_POINT('',(9.177220114,9.8298,1.489232334));
#15861=CIRCLE('',#15862,1.143);
#15862=AXIS2_PLACEMENT_3D('',#15863,#15864,#15865);
#15863=CARTESIAN_POINT('',(9.177220114,8.6868,1.489232334));
#15864=DIRECTION('',(0.173648178,0.0,-0.984807753));
#15865=DIRECTION('',(0.0,1.0,0.0));
#15866=ORIENTED_EDGE('',*,*,#15867,.T.);
#15867=EDGE_CURVE('',#15859,#15868,#15870,.T.);
#15868=VERTEX_POINT('',#15869);
#15869=CARTESIAN_POINT('',(9.133113477,9.8298,1.739373503));
#15870=CIRCLE('',#15871,0.127);
#15871=AXIS2_PLACEMENT_3D('',#15872,#15873,#15874);
#15872=CARTESIAN_POINT('',(9.155166795,9.8298,1.614302919));
#15873=DIRECTION('',(0.984807753,0.0,0.173648178));
#15874=DIRECTION('',(0.173648178,-2.220446049E-14,-0.984807753));
#15875=ORIENTED_EDGE('',*,*,#15876,.T.);
#15876=EDGE_CURVE('',#15868,#15848,#15877,.F.);
#15877=CIRCLE('',#15878,1.143);
#15878=AXIS2_PLACEMENT_3D('',#15879,#15880,#15881);
#15879=CARTESIAN_POINT('',(9.133113477,8.6868,1.739373503));
#15880=DIRECTION('',(-0.173648178,0.0,0.984807753));
#15881=DIRECTION('',(0.984807753,0.0,0.173648178));
#15882=TOROIDAL_SURFACE('',#15883,1.143,0.127);
#15883=AXIS2_PLACEMENT_3D('',#15884,#15885,#15886);
#15884=CARTESIAN_POINT('',(9.155166795,8.6868,1.614302919));
#15885=DIRECTION('',(0.173648178,0.0,-0.984807753));
#15886=DIRECTION('',(-0.015649285,0.999873735,-0.002759391));
#15887=ADVANCED_FACE('',(#15888),#15948,.T.);
#15888=FACE_BOUND('',#15889,.T.);
#15889=EDGE_LOOP('',(#15890,#15891,#15899,#15908,#15916,#15925,#15933,#15942));
#15890=ORIENTED_EDGE('',*,*,#15876,.F.);
#15891=ORIENTED_EDGE('',*,*,#15892,.T.);
#15892=EDGE_CURVE('',#15868,#15893,#15895,.T.);
#15893=VERTEX_POINT('',#15894);
#15894=CARTESIAN_POINT('',(7.88240763,9.8298,1.518840318));
#15895=LINE('',#15896,#15897);
#15896=CARTESIAN_POINT('',(9.133113477,9.8298,1.739373503));
#15897=VECTOR('',#15898,1.0);
#15898=DIRECTION('',(-0.984807753,0.0,-0.173648178));
#15899=ORIENTED_EDGE('',*,*,#15900,.T.);
#15900=EDGE_CURVE('',#15893,#15901,#15903,.T.);
#15901=VERTEX_POINT('',#15902);
#15902=CARTESIAN_POINT('',(6.756772369,8.6868,1.320360451));
#15903=CIRCLE('',#15904,1.143);
#15904=AXIS2_PLACEMENT_3D('',#15905,#15906,#15907);
#15905=CARTESIAN_POINT('',(7.88240763,8.6868,1.518840318));
#15906=DIRECTION('',(-0.173648178,0.0,0.984807753));
#15907=DIRECTION('',(0.0,1.0,0.0));
#15908=ORIENTED_EDGE('',*,*,#15909,.T.);
#15909=EDGE_CURVE('',#15901,#15910,#15912,.T.);
#15910=VERTEX_POINT('',#15911);
#15911=CARTESIAN_POINT('',(6.756772369,1.27,1.320360451));
#15912=LINE('',#15913,#15914);
#15913=CARTESIAN_POINT('',(6.756772369,8.6868,1.320360451));
#15914=VECTOR('',#15915,1.0);
#15915=DIRECTION('',(0.0,-1.0,0.0));
#15916=ORIENTED_EDGE('',*,*,#15917,.T.);
#15917=EDGE_CURVE('',#15910,#15918,#15920,.T.);
#15918=VERTEX_POINT('',#15919);
#15919=CARTESIAN_POINT('',(7.88240763,0.127,1.518840318));
#15920=CIRCLE('',#15921,1.143);
#15921=AXIS2_PLACEMENT_3D('',#15922,#15923,#15924);
#15922=CARTESIAN_POINT('',(7.88240763,1.27,1.518840318));
#15923=DIRECTION('',(-0.173648178,0.0,0.984807753));
#15924=DIRECTION('',(-0.984807753,0.0,-0.173648178));
#15925=ORIENTED_EDGE('',*,*,#15926,.T.);
#15926=EDGE_CURVE('',#15918,#15927,#15929,.T.);
#15927=VERTEX_POINT('',#15928);
#15928=CARTESIAN_POINT('',(9.133113477,0.127,1.739373503));
#15929=LINE('',#15930,#15931);
#15930=CARTESIAN_POINT('',(7.88240763,0.127,1.518840318));
#15931=VECTOR('',#15932,1.0);
#15932=DIRECTION('',(0.984807753,0.0,0.173648178));
#15933=ORIENTED_EDGE('',*,*,#15934,.T.);
#15934=EDGE_CURVE('',#15927,#15935,#15937,.T.);
#15935=VERTEX_POINT('',#15936);
#15936=CARTESIAN_POINT('',(10.258748738,1.27,1.937853371));
#15937=CIRCLE('',#15938,1.143);
#15938=AXIS2_PLACEMENT_3D('',#15939,#15940,#15941);
#15939=CARTESIAN_POINT('',(9.133113477,1.27,1.739373503));
#15940=DIRECTION('',(-0.173648178,0.0,0.984807753));
#15941=DIRECTION('',(0.0,-1.0,0.0));
#15942=ORIENTED_EDGE('',*,*,#15943,.T.);
#15943=EDGE_CURVE('',#15935,#15848,#15944,.T.);
#15944=LINE('',#15945,#15946);
#15945=CARTESIAN_POINT('',(10.258748738,1.27,1.937853371));
#15946=VECTOR('',#15947,1.0);
#15947=DIRECTION('',(0.0,1.0,0.0));
#15948=PLANE('',#15949);
#15949=AXIS2_PLACEMENT_3D('',#15950,#15951,#15952);
#15950=CARTESIAN_POINT('',(6.631701784,0.0,1.298307132));
#15951=DIRECTION('',(-0.173648178,0.0,0.984807753));
#15952=DIRECTION('',(0.984807753,0.0,0.173648178));
#15953=ADVANCED_FACE('',(#15954),#15973,.T.);
#15954=FACE_BOUND('',#15955,.T.);
#15955=EDGE_LOOP('',(#15956,#15965,#15971,#15972));
#15956=ORIENTED_EDGE('',*,*,#15957,.T.);
#15957=EDGE_CURVE('',#15935,#15958,#15960,.F.);
#15958=VERTEX_POINT('',#15959);
#15959=CARTESIAN_POINT('',(10.302855375,1.27,1.687712201));
#15960=CIRCLE('',#15961,0.127);
#15961=AXIS2_PLACEMENT_3D('',#15962,#15963,#15964);
#15962=CARTESIAN_POINT('',(10.280802057,1.27,1.812782786));
#15963=DIRECTION('',(0.0,-1.0,0.0));
#15964=DIRECTION('',(0.173648178,0.0,-0.984807753));
#15965=ORIENTED_EDGE('',*,*,#15966,.T.);
#15966=EDGE_CURVE('',#15958,#15850,#15967,.F.);
#15967=LINE('',#15968,#15969);
#15968=CARTESIAN_POINT('',(10.302855375,8.6868,1.687712201));
#15969=VECTOR('',#15970,1.0);
#15970=DIRECTION('',(0.0,-1.0,0.0));
#15971=ORIENTED_EDGE('',*,*,#15847,.F.);
#15972=ORIENTED_EDGE('',*,*,#15943,.F.);
#15973=CYLINDRICAL_SURFACE('',#15974,0.127);
#15974=AXIS2_PLACEMENT_3D('',#15975,#15976,#15977);
#15975=CARTESIAN_POINT('',(10.280802057,8.717093534,1.812782786));
#15976=DIRECTION('',(0.0,-1.0,0.0));
#15977=DIRECTION('',(0.173648178,0.0,-0.984807753));
#15978=ADVANCED_FACE('',(#15979),#16032,.T.);
#15979=FACE_BOUND('',#15980,.T.);
#15980=EDGE_LOOP('',(#15981,#15990,#15998,#16007,#16015,#16024,#16030,#16031));
#15981=ORIENTED_EDGE('',*,*,#15982,.T.);
#15982=EDGE_CURVE('',#15958,#15983,#15985,.T.);
#15983=VERTEX_POINT('',#15984);
#15984=CARTESIAN_POINT('',(9.177220114,0.127,1.489232334));
#15985=CIRCLE('',#15986,1.143);
#15986=AXIS2_PLACEMENT_3D('',#15987,#15988,#15989);
#15987=CARTESIAN_POINT('',(9.177220114,1.27,1.489232334));
#15988=DIRECTION('',(0.173648178,0.0,-0.984807753));
#15989=DIRECTION('',(0.984807753,1.264420667E-14,0.173648178));
#15990=ORIENTED_EDGE('',*,*,#15991,.T.);
#15991=EDGE_CURVE('',#15983,#15992,#15994,.T.);
#15992=VERTEX_POINT('',#15993);
#15993=CARTESIAN_POINT('',(7.926514267,0.127,1.268699149));
#15994=LINE('',#15995,#15996);
#15995=CARTESIAN_POINT('',(9.177220114,0.127,1.489232334));
#15996=VECTOR('',#15997,1.0);
#15997=DIRECTION('',(-0.984807753,0.0,-0.173648178));
#15998=ORIENTED_EDGE('',*,*,#15999,.T.);
#15999=EDGE_CURVE('',#15992,#16000,#16002,.T.);
#16000=VERTEX_POINT('',#16001);
#16001=CARTESIAN_POINT('',(6.800879006,1.27,1.070219282));
#16002=CIRCLE('',#16003,1.143);
#16003=AXIS2_PLACEMENT_3D('',#16004,#16005,#16006);
#16004=CARTESIAN_POINT('',(7.926514267,1.27,1.268699149));
#16005=DIRECTION('',(0.173648178,0.0,-0.984807753));
#16006=DIRECTION('',(0.0,-1.0,0.0));
#16007=ORIENTED_EDGE('',*,*,#16008,.T.);
#16008=EDGE_CURVE('',#16000,#16009,#16011,.T.);
#16009=VERTEX_POINT('',#16010);
#16010=CARTESIAN_POINT('',(6.800879006,8.6868,1.070219282));
#16011=LINE('',#16012,#16013);
#16012=CARTESIAN_POINT('',(6.800879006,1.27,1.070219282));
#16013=VECTOR('',#16014,1.0);
#16014=DIRECTION('',(0.0,1.0,0.0));
#16015=ORIENTED_EDGE('',*,*,#16016,.T.);
#16016=EDGE_CURVE('',#16009,#16017,#16019,.T.);
#16017=VERTEX_POINT('',#16018);
#16018=CARTESIAN_POINT('',(7.926514267,9.8298,1.268699149));
#16019=CIRCLE('',#16020,1.143);
#16020=AXIS2_PLACEMENT_3D('',#16021,#16022,#16023);
#16021=CARTESIAN_POINT('',(7.926514267,8.6868,1.268699149));
#16022=DIRECTION('',(0.173648178,0.0,-0.984807753));
#16023=DIRECTION('',(-0.984807753,0.0,-0.173648178));
#16024=ORIENTED_EDGE('',*,*,#16025,.T.);
#16025=EDGE_CURVE('',#16017,#15859,#16026,.T.);
#16026=LINE('',#16027,#16028);
#16027=CARTESIAN_POINT('',(7.926514267,9.8298,1.268699149));
#16028=VECTOR('',#16029,1.0);
#16029=DIRECTION('',(0.984807753,0.0,0.173648178));
#16030=ORIENTED_EDGE('',*,*,#15858,.F.);
#16031=ORIENTED_EDGE('',*,*,#15966,.F.);
#16032=PLANE('',#16033);
#16033=AXIS2_PLACEMENT_3D('',#16034,#16035,#16036);
#16034=CARTESIAN_POINT('',(10.42792596,0.0,1.70976552));
#16035=DIRECTION('',(0.173648178,0.0,-0.984807753));
#16036=DIRECTION('',(-0.984807753,0.0,-0.173648178));
#16037=ADVANCED_FACE('',(#16038),#16050,.T.);
#16038=FACE_BOUND('',#16039,.T.);
#16039=EDGE_LOOP('',(#16040,#16041,#16042,#16049));
#16040=ORIENTED_EDGE('',*,*,#15867,.F.);
#16041=ORIENTED_EDGE('',*,*,#16025,.F.);
#16042=ORIENTED_EDGE('',*,*,#16043,.T.);
#16043=EDGE_CURVE('',#16017,#15893,#16044,.T.);
#16044=CIRCLE('',#16045,0.127);
#16045=AXIS2_PLACEMENT_3D('',#16046,#16047,#16048);
#16046=CARTESIAN_POINT('',(7.904460949,9.8298,1.393769733));
#16047=DIRECTION('',(0.984807753,0.0,0.173648178));
#16048=DIRECTION('',(0.173648178,0.0,-0.984807753));
#16049=ORIENTED_EDGE('',*,*,#15892,.F.);
#16050=CYLINDRICAL_SURFACE('',#16051,0.127);
#16051=AXIS2_PLACEMENT_3D('',#16052,#16053,#16054);
#16052=CARTESIAN_POINT('',(7.887178911,9.8298,1.390722444));
#16053=DIRECTION('',(0.984807753,0.0,0.173648178));
#16054=DIRECTION('',(0.173648178,0.0,-0.984807753));
#16055=ADVANCED_FACE('',(#16056),#16068,.T.);
#16056=FACE_BOUND('',#16057,.T.);
#16057=EDGE_LOOP('',(#16058,#16059,#16060,#16067));
#16058=ORIENTED_EDGE('',*,*,#16043,.F.);
#16059=ORIENTED_EDGE('',*,*,#16016,.F.);
#16060=ORIENTED_EDGE('',*,*,#16061,.T.);
#16061=EDGE_CURVE('',#16009,#15901,#16062,.T.);
#16062=CIRCLE('',#16063,0.127);
#16063=AXIS2_PLACEMENT_3D('',#16064,#16065,#16066);
#16064=CARTESIAN_POINT('',(6.778825687,8.6868,1.195289866));
#16065=DIRECTION('',(0.0,1.0,0.0));
#16066=DIRECTION('',(0.173648178,0.0,-0.984807753));
#16067=ORIENTED_EDGE('',*,*,#15900,.F.);
#16068=TOROIDAL_SURFACE('',#16069,1.143,0.127);
#16069=AXIS2_PLACEMENT_3D('',#16070,#16071,#16072);
#16070=CARTESIAN_POINT('',(7.904460949,8.6868,1.393769733));
#16071=DIRECTION('',(-0.173648178,0.0,0.984807753));
#16072=DIRECTION('',(-0.984556829,-0.022572657,-0.173603933));
#16073=ADVANCED_FACE('',(#16074),#16086,.T.);
#16074=FACE_BOUND('',#16075,.T.);
#16075=EDGE_LOOP('',(#16076,#16077,#16078,#16085));
#16076=ORIENTED_EDGE('',*,*,#16061,.F.);
#16077=ORIENTED_EDGE('',*,*,#16008,.F.);
#16078=ORIENTED_EDGE('',*,*,#16079,.T.);
#16079=EDGE_CURVE('',#16000,#15910,#16080,.T.);
#16080=CIRCLE('',#16081,0.127);
#16081=AXIS2_PLACEMENT_3D('',#16082,#16083,#16084);
#16082=CARTESIAN_POINT('',(6.778825687,1.27,1.195289866));
#16083=DIRECTION('',(0.0,1.0,0.0));
#16084=DIRECTION('',(0.173648178,0.0,-0.984807753));
#16085=ORIENTED_EDGE('',*,*,#15909,.F.);
#16086=CYLINDRICAL_SURFACE('',#16087,0.127);
#16087=AXIS2_PLACEMENT_3D('',#16088,#16089,#16090);
#16088=CARTESIAN_POINT('',(6.778825687,1.252451359,1.195289866));
#16089=DIRECTION('',(0.0,1.0,0.0));
#16090=DIRECTION('',(0.173648178,0.0,-0.984807753));
#16091=ADVANCED_FACE('',(#16092),#16104,.T.);
#16092=FACE_BOUND('',#16093,.T.);
#16093=EDGE_LOOP('',(#16094,#16095,#16096,#16103));
#16094=ORIENTED_EDGE('',*,*,#16079,.F.);
#16095=ORIENTED_EDGE('',*,*,#15999,.F.);
#16096=ORIENTED_EDGE('',*,*,#16097,.T.);
#16097=EDGE_CURVE('',#15992,#15918,#16098,.T.);
#16098=CIRCLE('',#16099,0.127);
#16099=AXIS2_PLACEMENT_3D('',#16100,#16101,#16102);
#16100=CARTESIAN_POINT('',(7.904460949,0.127,1.393769733));
#16101=DIRECTION('',(-0.984807753,0.0,-0.173648178));
#16102=DIRECTION('',(0.173648178,0.0,-0.984807753));
#16103=ORIENTED_EDGE('',*,*,#15917,.F.);
#16104=TOROIDAL_SURFACE('',#16105,1.143,0.127);
#16105=AXIS2_PLACEMENT_3D('',#16106,#16107,#16108);
#16106=CARTESIAN_POINT('',(7.904460949,1.27,1.393769733));
#16107=DIRECTION('',(0.173648178,0.0,-0.984807753));
#16108=DIRECTION('',(0.015649285,-0.999873735,0.002759391));
#16109=ADVANCED_FACE('',(#16110),#16122,.T.);
#16110=FACE_BOUND('',#16111,.T.);
#16111=EDGE_LOOP('',(#16112,#16113,#16114,#16121));
#16112=ORIENTED_EDGE('',*,*,#16097,.F.);
#16113=ORIENTED_EDGE('',*,*,#15991,.F.);
#16114=ORIENTED_EDGE('',*,*,#16115,.T.);
#16115=EDGE_CURVE('',#15983,#15927,#16116,.T.);
#16116=CIRCLE('',#16117,0.127);
#16117=AXIS2_PLACEMENT_3D('',#16118,#16119,#16120);
#16118=CARTESIAN_POINT('',(9.155166795,0.127,1.614302919));
#16119=DIRECTION('',(-0.984807753,0.0,-0.173648178));
#16120=DIRECTION('',(0.173648178,0.0,-0.984807753));
#16121=ORIENTED_EDGE('',*,*,#15926,.F.);
#16122=CYLINDRICAL_SURFACE('',#16123,0.127);
#16123=AXIS2_PLACEMENT_3D('',#16124,#16125,#16126);
#16124=CARTESIAN_POINT('',(9.185000102,0.127,1.619563336));
#16125=DIRECTION('',(-0.984807753,0.0,-0.173648178));
#16126=DIRECTION('',(0.173648178,0.0,-0.984807753));
#16127=ADVANCED_FACE('',(#16128),#16134,.T.);
#16128=FACE_BOUND('',#16129,.T.);
#16129=EDGE_LOOP('',(#16130,#16131,#16132,#16133));
#16130=ORIENTED_EDGE('',*,*,#16115,.F.);
#16131=ORIENTED_EDGE('',*,*,#15982,.F.);
#16132=ORIENTED_EDGE('',*,*,#15957,.F.);
#16133=ORIENTED_EDGE('',*,*,#15934,.F.);
#16134=TOROIDAL_SURFACE('',#16135,1.143,0.127);
#16135=AXIS2_PLACEMENT_3D('',#16136,#16137,#16138);
#16136=CARTESIAN_POINT('',(9.155166795,1.27,1.614302919));
#16137=DIRECTION('',(-0.173648178,0.0,0.984807753));
#16138=DIRECTION('',(0.984556829,0.022572657,0.173603933));
#16139=MANIFOLD_SOLID_BREP('',#16140);
#16140=CLOSED_SHELL('',(#16141,#16185,#16251,#16276,#16335,#16353,#16371,#16389,#16407,#16425));
#16141=ADVANCED_FACE('',(#16142),#16180,.T.);
#16142=FACE_BOUND('',#16143,.T.);
#16143=EDGE_LOOP('',(#16144,#16155,#16164,#16173));
#16144=ORIENTED_EDGE('',*,*,#16145,.T.);
#16145=EDGE_CURVE('',#16146,#16148,#16150,.T.);
#16146=VERTEX_POINT('',#16147);
#16147=CARTESIAN_POINT('',(10.388606152,8.6868,1.036370387));
#16148=VERTEX_POINT('',#16149);
#16149=CARTESIAN_POINT('',(10.410743711,8.6868,0.783336934));
#16150=CIRCLE('',#16151,0.127);
#16151=AXIS2_PLACEMENT_3D('',#16152,#16153,#16154);
#16152=CARTESIAN_POINT('',(10.399674931,8.6868,0.909853661));
#16153=DIRECTION('',(0.0,1.0,0.0));
#16154=DIRECTION('',(-0.087155743,0.0,0.996194698));
#16155=ORIENTED_EDGE('',*,*,#16156,.T.);
#16156=EDGE_CURVE('',#16148,#16157,#16159,.F.);
#16157=VERTEX_POINT('',#16158);
#16158=CARTESIAN_POINT('',(9.272093171,9.8298,0.68371792));
#16159=CIRCLE('',#16160,1.143);
#16160=AXIS2_PLACEMENT_3D('',#16161,#16162,#16163);
#16161=CARTESIAN_POINT('',(9.272093171,8.6868,0.68371792));
#16162=DIRECTION('',(0.087155743,0.0,-0.996194698));
#16163=DIRECTION('',(0.0,1.0,0.0));
#16164=ORIENTED_EDGE('',*,*,#16165,.T.);
#16165=EDGE_CURVE('',#16157,#16166,#16168,.T.);
#16166=VERTEX_POINT('',#16167);
#16167=CARTESIAN_POINT('',(9.249955612,9.8298,0.936751374));
#16168=CIRCLE('',#16169,0.127);
#16169=AXIS2_PLACEMENT_3D('',#16170,#16171,#16172);
#16170=CARTESIAN_POINT('',(9.261024391,9.8298,0.810234647));
#16171=DIRECTION('',(0.996194698,0.0,0.087155743));
#16172=DIRECTION('',(0.087155743,0.0,-0.996194698));
#16173=ORIENTED_EDGE('',*,*,#16174,.T.);
#16174=EDGE_CURVE('',#16166,#16146,#16175,.F.);
#16175=CIRCLE('',#16176,1.143);
#16176=AXIS2_PLACEMENT_3D('',#16177,#16178,#16179);
#16177=CARTESIAN_POINT('',(9.249955612,8.6868,0.936751374));
#16178=DIRECTION('',(-0.087155743,0.0,0.996194698));
#16179=DIRECTION('',(0.996194698,-1.850371708E-14,0.087155743));
#16180=TOROIDAL_SURFACE('',#16181,1.143,0.127);
#16181=AXIS2_PLACEMENT_3D('',#16182,#16183,#16184);
#16182=CARTESIAN_POINT('',(9.261024391,8.6868,0.810234647));
#16183=DIRECTION('',(0.087155743,0.0,-0.996194698));
#16184=DIRECTION('',(-0.015830232,0.999873735,-0.001384966));
#16185=ADVANCED_FACE('',(#16186),#16246,.T.);
#16186=FACE_BOUND('',#16187,.T.);
#16187=EDGE_LOOP('',(#16188,#16189,#16197,#16206,#16214,#16223,#16231,#16240));
#16188=ORIENTED_EDGE('',*,*,#16174,.F.);
#16189=ORIENTED_EDGE('',*,*,#16190,.T.);
#16190=EDGE_CURVE('',#16166,#16191,#16193,.T.);
#16191=VERTEX_POINT('',#16192);
#16192=CARTESIAN_POINT('',(7.984788345,9.8298,0.82606358));
#16193=LINE('',#16194,#16195);
#16194=CARTESIAN_POINT('',(9.249955612,9.8298,0.936751374));
#16195=VECTOR('',#16196,1.0);
#16196=DIRECTION('',(-0.996194698,0.0,-0.087155743));
#16197=ORIENTED_EDGE('',*,*,#16198,.T.);
#16198=EDGE_CURVE('',#16191,#16199,#16201,.T.);
#16199=VERTEX_POINT('',#16200);
#16200=CARTESIAN_POINT('',(6.846137806,8.6868,0.726444566));
#16201=CIRCLE('',#16202,1.143);
#16202=AXIS2_PLACEMENT_3D('',#16203,#16204,#16205);
#16203=CARTESIAN_POINT('',(7.984788345,8.6868,0.82606358));
#16204=DIRECTION('',(-0.087155743,0.0,0.996194698));
#16205=DIRECTION('',(-1.591473915E-14,1.0,-1.392359259E-15));
#16206=ORIENTED_EDGE('',*,*,#16207,.T.);
#16207=EDGE_CURVE('',#16199,#16208,#16210,.T.);
#16208=VERTEX_POINT('',#16209);
#16209=CARTESIAN_POINT('',(6.846137806,1.27,0.726444566));
#16210=LINE('',#16211,#16212);
#16211=CARTESIAN_POINT('',(6.846137806,8.6868,0.726444566));
#16212=VECTOR('',#16213,1.0);
#16213=DIRECTION('',(0.0,-1.0,0.0));
#16214=ORIENTED_EDGE('',*,*,#16215,.T.);
#16215=EDGE_CURVE('',#16208,#16216,#16218,.T.);
#16216=VERTEX_POINT('',#16217);
#16217=CARTESIAN_POINT('',(7.984788345,0.127,0.82606358));
#16218=CIRCLE('',#16219,1.143);
#16219=AXIS2_PLACEMENT_3D('',#16220,#16221,#16222);
#16220=CARTESIAN_POINT('',(7.984788345,1.27,0.82606358));
#16221=DIRECTION('',(-0.087155743,0.0,0.996194698));
#16222=DIRECTION('',(-0.996194698,0.0,-0.087155743));
#16223=ORIENTED_EDGE('',*,*,#16224,.T.);
#16224=EDGE_CURVE('',#16216,#16225,#16227,.T.);
#16225=VERTEX_POINT('',#16226);
#16226=CARTESIAN_POINT('',(9.249955612,0.127,0.936751374));
#16227=LINE('',#16228,#16229);
#16228=CARTESIAN_POINT('',(7.984788345,0.127,0.82606358));
#16229=VECTOR('',#16230,1.0);
#16230=DIRECTION('',(0.996194698,0.0,0.087155743));
#16231=ORIENTED_EDGE('',*,*,#16232,.T.);
#16232=EDGE_CURVE('',#16225,#16233,#16235,.T.);
#16233=VERTEX_POINT('',#16234);
#16234=CARTESIAN_POINT('',(10.388606152,1.27,1.036370387));
#16235=CIRCLE('',#16236,1.143);
#16236=AXIS2_PLACEMENT_3D('',#16237,#16238,#16239);
#16237=CARTESIAN_POINT('',(9.249955612,1.27,0.936751374));
#16238=DIRECTION('',(-0.087155743,0.0,0.996194698));
#16239=DIRECTION('',(0.0,-1.0,0.0));
#16240=ORIENTED_EDGE('',*,*,#16241,.T.);
#16241=EDGE_CURVE('',#16233,#16146,#16242,.T.);
#16242=LINE('',#16243,#16244);
#16243=CARTESIAN_POINT('',(10.388606152,1.27,1.036370387));
#16244=VECTOR('',#16245,1.0);
#16245=DIRECTION('',(0.0,1.0,0.0));
#16246=PLANE('',#16247);
#16247=AXIS2_PLACEMENT_3D('',#16248,#16249,#16250);
#16248=CARTESIAN_POINT('',(6.719621079,0.0,0.715375787));
#16249=DIRECTION('',(-0.087155743,0.0,0.996194698));
#16250=DIRECTION('',(0.996194698,0.0,0.087155743));
#16251=ADVANCED_FACE('',(#16252),#16271,.T.);
#16252=FACE_BOUND('',#16253,.T.);
#16253=EDGE_LOOP('',(#16254,#16263,#16269,#16270));
#16254=ORIENTED_EDGE('',*,*,#16255,.T.);
#16255=EDGE_CURVE('',#16233,#16256,#16258,.F.);
#16256=VERTEX_POINT('',#16257);
#16257=CARTESIAN_POINT('',(10.410743711,1.27,0.783336934));
#16258=CIRCLE('',#16259,0.127);
#16259=AXIS2_PLACEMENT_3D('',#16260,#16261,#16262);
#16260=CARTESIAN_POINT('',(10.399674931,1.27,0.909853661));
#16261=DIRECTION('',(0.0,-1.0,0.0));
#16262=DIRECTION('',(0.087155743,0.0,-0.996194698));
#16263=ORIENTED_EDGE('',*,*,#16264,.T.);
#16264=EDGE_CURVE('',#16256,#16148,#16265,.F.);
#16265=LINE('',#16266,#16267);
#16266=CARTESIAN_POINT('',(10.410743711,8.6868,0.783336934));
#16267=VECTOR('',#16268,1.0);
#16268=DIRECTION('',(0.0,-1.0,0.0));
#16269=ORIENTED_EDGE('',*,*,#16145,.F.);
#16270=ORIENTED_EDGE('',*,*,#16241,.F.);
#16271=CYLINDRICAL_SURFACE('',#16272,0.127);
#16272=AXIS2_PLACEMENT_3D('',#16273,#16274,#16275);
#16273=CARTESIAN_POINT('',(10.399674931,8.717093534,0.909853661));
#16274=DIRECTION('',(0.0,-1.0,0.0));
#16275=DIRECTION('',(0.087155743,0.0,-0.996194698));
#16276=ADVANCED_FACE('',(#16277),#16330,.T.);
#16277=FACE_BOUND('',#16278,.T.);
#16278=EDGE_LOOP('',(#16279,#16288,#16296,#16305,#16313,#16322,#16328,#16329));
#16279=ORIENTED_EDGE('',*,*,#16280,.T.);
#16280=EDGE_CURVE('',#16256,#16281,#16283,.T.);
#16281=VERTEX_POINT('',#16282);
#16282=CARTESIAN_POINT('',(9.272093171,0.127,0.68371792));
#16283=CIRCLE('',#16284,1.143);
#16284=AXIS2_PLACEMENT_3D('',#16285,#16286,#16287);
#16285=CARTESIAN_POINT('',(9.272093171,1.27,0.68371792));
#16286=DIRECTION('',(0.087155743,0.0,-0.996194698));
#16287=DIRECTION('',(0.996194698,1.002284675E-14,0.087155743));
#16288=ORIENTED_EDGE('',*,*,#16289,.T.);
#16289=EDGE_CURVE('',#16281,#16290,#16292,.T.);
#16290=VERTEX_POINT('',#16291);
#16291=CARTESIAN_POINT('',(8.006925904,0.127,0.573030127));
#16292=LINE('',#16293,#16294);
#16293=CARTESIAN_POINT('',(9.272093171,0.127,0.68371792));
#16294=VECTOR('',#16295,1.0);
#16295=DIRECTION('',(-0.996194698,0.0,-0.087155743));
#16296=ORIENTED_EDGE('',*,*,#16297,.T.);
#16297=EDGE_CURVE('',#16290,#16298,#16300,.T.);
#16298=VERTEX_POINT('',#16299);
#16299=CARTESIAN_POINT('',(6.868275364,1.27,0.473411113));
#16300=CIRCLE('',#16301,1.143);
#16301=AXIS2_PLACEMENT_3D('',#16302,#16303,#16304);
#16302=CARTESIAN_POINT('',(8.006925904,1.27,0.573030127));
#16303=DIRECTION('',(0.087155743,0.0,-0.996194698));
#16304=DIRECTION('',(0.0,-1.0,0.0));
#16305=ORIENTED_EDGE('',*,*,#16306,.T.);
#16306=EDGE_CURVE('',#16298,#16307,#16309,.T.);
#16307=VERTEX_POINT('',#16308);
#16308=CARTESIAN_POINT('',(6.868275364,8.6868,0.473411113));
#16309=LINE('',#16310,#16311);
#16310=CARTESIAN_POINT('',(6.868275364,1.27,0.473411113));
#16311=VECTOR('',#16312,1.0);
#16312=DIRECTION('',(0.0,1.0,0.0));
#16313=ORIENTED_EDGE('',*,*,#16314,.T.);
#16314=EDGE_CURVE('',#16307,#16315,#16317,.T.);
#16315=VERTEX_POINT('',#16316);
#16316=CARTESIAN_POINT('',(8.006925904,9.8298,0.573030127));
#16317=CIRCLE('',#16318,1.143);
#16318=AXIS2_PLACEMENT_3D('',#16319,#16320,#16321);
#16319=CARTESIAN_POINT('',(8.006925904,8.6868,0.573030127));
#16320=DIRECTION('',(0.087155743,0.0,-0.996194698));
#16321=DIRECTION('',(-0.996194698,0.0,-0.087155743));
#16322=ORIENTED_EDGE('',*,*,#16323,.T.);
#16323=EDGE_CURVE('',#16315,#16157,#16324,.T.);
#16324=LINE('',#16325,#16326);
#16325=CARTESIAN_POINT('',(8.006925904,9.8298,0.573030127));
#16326=VECTOR('',#16327,1.0);
#16327=DIRECTION('',(0.996194698,0.0,0.087155743));
#16328=ORIENTED_EDGE('',*,*,#16156,.F.);
#16329=ORIENTED_EDGE('',*,*,#16264,.F.);
#16330=PLANE('',#16331);
#16331=AXIS2_PLACEMENT_3D('',#16332,#16333,#16334);
#16332=CARTESIAN_POINT('',(10.537260437,0.0,0.794405714));
#16333=DIRECTION('',(0.087155743,0.0,-0.996194698));
#16334=DIRECTION('',(-0.996194698,0.0,-0.087155743));
#16335=ADVANCED_FACE('',(#16336),#16348,.T.);
#16336=FACE_BOUND('',#16337,.T.);
#16337=EDGE_LOOP('',(#16338,#16339,#16340,#16347));
#16338=ORIENTED_EDGE('',*,*,#16165,.F.);
#16339=ORIENTED_EDGE('',*,*,#16323,.F.);
#16340=ORIENTED_EDGE('',*,*,#16341,.T.);
#16341=EDGE_CURVE('',#16315,#16191,#16342,.T.);
#16342=CIRCLE('',#16343,0.127);
#16343=AXIS2_PLACEMENT_3D('',#16344,#16345,#16346);
#16344=CARTESIAN_POINT('',(7.995857125,9.8298,0.699546854));
#16345=DIRECTION('',(0.996194698,0.0,0.087155743));
#16346=DIRECTION('',(0.087155743,0.0,-0.996194698));
#16347=ORIENTED_EDGE('',*,*,#16190,.F.);
#16348=CYLINDRICAL_SURFACE('',#16349,0.127);
#16349=AXIS2_PLACEMENT_3D('',#16350,#16351,#16352);
#16350=CARTESIAN_POINT('',(7.978375262,9.8298,0.698017389));
#16351=DIRECTION('',(0.996194698,0.0,0.087155743));
#16352=DIRECTION('',(0.087155743,0.0,-0.996194698));
#16353=ADVANCED_FACE('',(#16354),#16366,.T.);
#16354=FACE_BOUND('',#16355,.T.);
#16355=EDGE_LOOP('',(#16356,#16357,#16358,#16365));
#16356=ORIENTED_EDGE('',*,*,#16341,.F.);
#16357=ORIENTED_EDGE('',*,*,#16314,.F.);
#16358=ORIENTED_EDGE('',*,*,#16359,.T.);
#16359=EDGE_CURVE('',#16307,#16199,#16360,.T.);
#16360=CIRCLE('',#16361,0.127);
#16361=AXIS2_PLACEMENT_3D('',#16362,#16363,#16364);
#16362=CARTESIAN_POINT('',(6.857206585,8.6868,0.59992784));
#16363=DIRECTION('',(0.0,1.0,0.0));
#16364=DIRECTION('',(0.087155743,0.0,-0.996194698));
#16365=ORIENTED_EDGE('',*,*,#16198,.F.);
#16366=TOROIDAL_SURFACE('',#16367,1.143,0.127);
#16367=AXIS2_PLACEMENT_3D('',#16368,#16369,#16370);
#16368=CARTESIAN_POINT('',(7.995857125,8.6868,0.699546854));
#16369=DIRECTION('',(-0.087155743,0.0,0.996194698));
#16370=DIRECTION('',(-0.995940873,-0.022572657,-0.087133536));
#16371=ADVANCED_FACE('',(#16372),#16384,.T.);
#16372=FACE_BOUND('',#16373,.T.);
#16373=EDGE_LOOP('',(#16374,#16375,#16376,#16383));
#16374=ORIENTED_EDGE('',*,*,#16359,.F.);
#16375=ORIENTED_EDGE('',*,*,#16306,.F.);
#16376=ORIENTED_EDGE('',*,*,#16377,.T.);
#16377=EDGE_CURVE('',#16298,#16208,#16378,.T.);
#16378=CIRCLE('',#16379,0.127);
#16379=AXIS2_PLACEMENT_3D('',#16380,#16381,#16382);
#16380=CARTESIAN_POINT('',(6.857206585,1.27,0.59992784));
#16381=DIRECTION('',(0.0,1.0,0.0));
#16382=DIRECTION('',(0.087155743,0.0,-0.996194698));
#16383=ORIENTED_EDGE('',*,*,#16207,.F.);
#16384=CYLINDRICAL_SURFACE('',#16385,0.127);
#16385=AXIS2_PLACEMENT_3D('',#16386,#16387,#16388);
#16386=CARTESIAN_POINT('',(6.857206585,1.252451359,0.59992784));
#16387=DIRECTION('',(0.0,1.0,0.0));
#16388=DIRECTION('',(0.087155743,0.0,-0.996194698));
#16389=ADVANCED_FACE('',(#16390),#16402,.T.);
#16390=FACE_BOUND('',#16391,.T.);
#16391=EDGE_LOOP('',(#16392,#16393,#16394,#16401));
#16392=ORIENTED_EDGE('',*,*,#16377,.F.);
#16393=ORIENTED_EDGE('',*,*,#16297,.F.);
#16394=ORIENTED_EDGE('',*,*,#16395,.T.);
#16395=EDGE_CURVE('',#16290,#16216,#16396,.T.);
#16396=CIRCLE('',#16397,0.127);
#16397=AXIS2_PLACEMENT_3D('',#16398,#16399,#16400);
#16398=CARTESIAN_POINT('',(7.995857125,0.127,0.699546854));
#16399=DIRECTION('',(-0.996194698,0.0,-0.087155743));
#16400=DIRECTION('',(0.087155743,0.0,-0.996194698));
#16401=ORIENTED_EDGE('',*,*,#16215,.F.);
#16402=TOROIDAL_SURFACE('',#16403,1.143,0.127);
#16403=AXIS2_PLACEMENT_3D('',#16404,#16405,#16406);
#16404=CARTESIAN_POINT('',(7.995857125,1.27,0.699546854));
#16405=DIRECTION('',(0.087155743,0.0,-0.996194698));
#16406=DIRECTION('',(0.015830232,-0.999873735,0.001384966));
#16407=ADVANCED_FACE('',(#16408),#16420,.T.);
#16408=FACE_BOUND('',#16409,.T.);
#16409=EDGE_LOOP('',(#16410,#16411,#16412,#16419));
#16410=ORIENTED_EDGE('',*,*,#16395,.F.);
#16411=ORIENTED_EDGE('',*,*,#16289,.F.);
#16412=ORIENTED_EDGE('',*,*,#16413,.T.);
#16413=EDGE_CURVE('',#16281,#16225,#16414,.T.);
#16414=CIRCLE('',#16415,0.127);
#16415=AXIS2_PLACEMENT_3D('',#16416,#16417,#16418);
#16416=CARTESIAN_POINT('',(9.261024391,0.127,0.810234647));
#16417=DIRECTION('',(-0.996194698,0.0,-0.087155743));
#16418=DIRECTION('',(0.087155743,0.0,-0.996194698));
#16419=ORIENTED_EDGE('',*,*,#16224,.F.);
#16420=CYLINDRICAL_SURFACE('',#16421,0.127);
#16421=AXIS2_PLACEMENT_3D('',#16422,#16423,#16424);
#16422=CARTESIAN_POINT('',(9.291202649,0.127,0.812874902));
#16423=DIRECTION('',(-0.996194698,0.0,-0.087155743));
#16424=DIRECTION('',(0.087155743,0.0,-0.996194698));
#16425=ADVANCED_FACE('',(#16426),#16432,.T.);
#16426=FACE_BOUND('',#16427,.T.);
#16427=EDGE_LOOP('',(#16428,#16429,#16430,#16431));
#16428=ORIENTED_EDGE('',*,*,#16413,.F.);
#16429=ORIENTED_EDGE('',*,*,#16280,.F.);
#16430=ORIENTED_EDGE('',*,*,#16255,.F.);
#16431=ORIENTED_EDGE('',*,*,#16232,.F.);
#16432=TOROIDAL_SURFACE('',#16433,1.143,0.127);
#16433=AXIS2_PLACEMENT_3D('',#16434,#16435,#16436);
#16434=CARTESIAN_POINT('',(9.261024391,1.27,0.810234647));
#16435=DIRECTION('',(-0.087155743,0.0,0.996194698));
#16436=DIRECTION('',(0.995940873,0.022572657,0.087133536));
#16437=MANIFOLD_SOLID_BREP('',#16438);
#16438=CLOSED_SHELL('',(#16439,#16483,#16549,#16574,#16633,#16651,#16669,#16687,#16705,#16723));
#16439=ADVANCED_FACE('',(#16440),#16478,.T.);
#16440=FACE_BOUND('',#16441,.T.);
#16441=EDGE_LOOP('',(#16442,#16453,#16462,#16471));
#16442=ORIENTED_EDGE('',*,*,#16443,.T.);
#16443=EDGE_CURVE('',#16444,#16446,#16448,.T.);
#16444=VERTEX_POINT('',#16445);
#16445=CARTESIAN_POINT('',(10.4394,8.6868,0.127));
#16446=VERTEX_POINT('',#16447);
#16447=CARTESIAN_POINT('',(10.4394,8.6868,-0.127));
#16448=CIRCLE('',#16449,0.127);
#16449=AXIS2_PLACEMENT_3D('',#16450,#16451,#16452);
#16450=CARTESIAN_POINT('',(10.4394,8.6868,0.0));
#16451=DIRECTION('',(0.0,1.0,0.0));
#16452=DIRECTION('',(0.0,0.0,1.0));
#16453=ORIENTED_EDGE('',*,*,#16454,.T.);
#16454=EDGE_CURVE('',#16446,#16455,#16457,.F.);
#16455=VERTEX_POINT('',#16456);
#16456=CARTESIAN_POINT('',(9.2964,9.8298,-0.127));
#16457=CIRCLE('',#16458,1.143);
#16458=AXIS2_PLACEMENT_3D('',#16459,#16460,#16461);
#16459=CARTESIAN_POINT('',(9.2964,8.6868,-0.127));
#16460=DIRECTION('',(0.0,0.0,-1.0));
#16461=DIRECTION('',(0.0,1.0,0.0));
#16462=ORIENTED_EDGE('',*,*,#16463,.T.);
#16463=EDGE_CURVE('',#16455,#16464,#16466,.T.);
#16464=VERTEX_POINT('',#16465);
#16465=CARTESIAN_POINT('',(9.2964,9.8298,0.127));
#16466=CIRCLE('',#16467,0.127);
#16467=AXIS2_PLACEMENT_3D('',#16468,#16469,#16470);
#16468=CARTESIAN_POINT('',(9.2964,9.8298,0.0));
#16469=DIRECTION('',(1.0,0.0,0.0));
#16470=DIRECTION('',(0.0,0.0,-1.0));
#16471=ORIENTED_EDGE('',*,*,#16472,.T.);
#16472=EDGE_CURVE('',#16464,#16444,#16473,.F.);
#16473=CIRCLE('',#16474,1.143);
#16474=AXIS2_PLACEMENT_3D('',#16475,#16476,#16477);
#16475=CARTESIAN_POINT('',(9.2964,8.6868,0.127));
#16476=DIRECTION('',(0.0,0.0,1.0));
#16477=DIRECTION('',(1.0,0.0,0.0));
#16478=TOROIDAL_SURFACE('',#16479,1.143,0.127);
#16479=AXIS2_PLACEMENT_3D('',#16480,#16481,#16482);
#16480=CARTESIAN_POINT('',(9.2964,8.6868,0.0));
#16481=DIRECTION('',(0.0,0.0,-1.0));
#16482=DIRECTION('',(-0.015890701,0.999873735,0.0));
#16483=ADVANCED_FACE('',(#16484),#16544,.T.);
#16484=FACE_BOUND('',#16485,.T.);
#16485=EDGE_LOOP('',(#16486,#16487,#16495,#16504,#16512,#16521,#16529,#16538));
#16486=ORIENTED_EDGE('',*,*,#16472,.F.);
#16487=ORIENTED_EDGE('',*,*,#16488,.T.);
#16488=EDGE_CURVE('',#16464,#16489,#16491,.T.);
#16489=VERTEX_POINT('',#16490);
#16490=CARTESIAN_POINT('',(8.0264,9.8298,0.127));
#16491=LINE('',#16492,#16493);
#16492=CARTESIAN_POINT('',(9.2964,9.8298,0.127));
#16493=VECTOR('',#16494,1.0);
#16494=DIRECTION('',(-1.0,0.0,0.0));
#16495=ORIENTED_EDGE('',*,*,#16496,.T.);
#16496=EDGE_CURVE('',#16489,#16497,#16499,.T.);
#16497=VERTEX_POINT('',#16498);
#16498=CARTESIAN_POINT('',(6.8834,8.6868,0.127));
#16499=CIRCLE('',#16500,1.143);
#16500=AXIS2_PLACEMENT_3D('',#16501,#16502,#16503);
#16501=CARTESIAN_POINT('',(8.0264,8.6868,0.127));
#16502=DIRECTION('',(0.0,0.0,1.0));
#16503=DIRECTION('',(0.0,1.0,0.0));
#16504=ORIENTED_EDGE('',*,*,#16505,.T.);
#16505=EDGE_CURVE('',#16497,#16506,#16508,.T.);
#16506=VERTEX_POINT('',#16507);
#16507=CARTESIAN_POINT('',(6.8834,1.27,0.127));
#16508=LINE('',#16509,#16510);
#16509=CARTESIAN_POINT('',(6.8834,8.6868,0.127));
#16510=VECTOR('',#16511,1.0);
#16511=DIRECTION('',(0.0,-1.0,0.0));
#16512=ORIENTED_EDGE('',*,*,#16513,.T.);
#16513=EDGE_CURVE('',#16506,#16514,#16516,.T.);
#16514=VERTEX_POINT('',#16515);
#16515=CARTESIAN_POINT('',(8.0264,0.127,0.127));
#16516=CIRCLE('',#16517,1.143);
#16517=AXIS2_PLACEMENT_3D('',#16518,#16519,#16520);
#16518=CARTESIAN_POINT('',(8.0264,1.27,0.127));
#16519=DIRECTION('',(0.0,0.0,1.0));
#16520=DIRECTION('',(-1.0,0.0,0.0));
#16521=ORIENTED_EDGE('',*,*,#16522,.T.);
#16522=EDGE_CURVE('',#16514,#16523,#16525,.T.);
#16523=VERTEX_POINT('',#16524);
#16524=CARTESIAN_POINT('',(9.2964,0.127,0.127));
#16525=LINE('',#16526,#16527);
#16526=CARTESIAN_POINT('',(8.0264,0.127,0.127));
#16527=VECTOR('',#16528,1.0);
#16528=DIRECTION('',(1.0,0.0,0.0));
#16529=ORIENTED_EDGE('',*,*,#16530,.T.);
#16530=EDGE_CURVE('',#16523,#16531,#16533,.T.);
#16531=VERTEX_POINT('',#16532);
#16532=CARTESIAN_POINT('',(10.4394,1.27,0.127));
#16533=CIRCLE('',#16534,1.143);
#16534=AXIS2_PLACEMENT_3D('',#16535,#16536,#16537);
#16535=CARTESIAN_POINT('',(9.2964,1.27,0.127));
#16536=DIRECTION('',(0.0,0.0,1.0));
#16537=DIRECTION('',(0.0,-1.0,0.0));
#16538=ORIENTED_EDGE('',*,*,#16539,.T.);
#16539=EDGE_CURVE('',#16531,#16444,#16540,.T.);
#16540=LINE('',#16541,#16542);
#16541=CARTESIAN_POINT('',(10.4394,1.27,0.127));
#16542=VECTOR('',#16543,1.0);
#16543=DIRECTION('',(0.0,1.0,0.0));
#16544=PLANE('',#16545);
#16545=AXIS2_PLACEMENT_3D('',#16546,#16547,#16548);
#16546=CARTESIAN_POINT('',(6.7564,0.0,0.127));
#16547=DIRECTION('',(0.0,0.0,1.0));
#16548=DIRECTION('',(1.0,0.0,0.0));
#16549=ADVANCED_FACE('',(#16550),#16569,.T.);
#16550=FACE_BOUND('',#16551,.T.);
#16551=EDGE_LOOP('',(#16552,#16561,#16567,#16568));
#16552=ORIENTED_EDGE('',*,*,#16553,.T.);
#16553=EDGE_CURVE('',#16531,#16554,#16556,.F.);
#16554=VERTEX_POINT('',#16555);
#16555=CARTESIAN_POINT('',(10.4394,1.27,-0.127));
#16556=CIRCLE('',#16557,0.127);
#16557=AXIS2_PLACEMENT_3D('',#16558,#16559,#16560);
#16558=CARTESIAN_POINT('',(10.4394,1.27,0.0));
#16559=DIRECTION('',(0.0,-1.0,0.0));
#16560=DIRECTION('',(0.0,0.0,-1.0));
#16561=ORIENTED_EDGE('',*,*,#16562,.T.);
#16562=EDGE_CURVE('',#16554,#16446,#16563,.F.);
#16563=LINE('',#16564,#16565);
#16564=CARTESIAN_POINT('',(10.4394,8.6868,-0.127));
#16565=VECTOR('',#16566,1.0);
#16566=DIRECTION('',(0.0,-1.0,0.0));
#16567=ORIENTED_EDGE('',*,*,#16443,.F.);
#16568=ORIENTED_EDGE('',*,*,#16539,.F.);
#16569=CYLINDRICAL_SURFACE('',#16570,0.127);
#16570=AXIS2_PLACEMENT_3D('',#16571,#16572,#16573);
#16571=CARTESIAN_POINT('',(10.4394,8.717093534,0.0));
#16572=DIRECTION('',(0.0,-1.0,0.0));
#16573=DIRECTION('',(0.0,0.0,-1.0));
#16574=ADVANCED_FACE('',(#16575),#16628,.T.);
#16575=FACE_BOUND('',#16576,.T.);
#16576=EDGE_LOOP('',(#16577,#16586,#16594,#16603,#16611,#16620,#16626,#16627));
#16577=ORIENTED_EDGE('',*,*,#16578,.T.);
#16578=EDGE_CURVE('',#16554,#16579,#16581,.T.);
#16579=VERTEX_POINT('',#16580);
#16580=CARTESIAN_POINT('',(9.2964,0.127,-0.127));
#16581=CIRCLE('',#16582,1.143);
#16582=AXIS2_PLACEMENT_3D('',#16583,#16584,#16585);
#16583=CARTESIAN_POINT('',(9.2964,1.27,-0.127));
#16584=DIRECTION('',(0.0,0.0,-1.0));
#16585=DIRECTION('',(1.0,0.0,0.0));
#16586=ORIENTED_EDGE('',*,*,#16587,.T.);
#16587=EDGE_CURVE('',#16579,#16588,#16590,.T.);
#16588=VERTEX_POINT('',#16589);
#16589=CARTESIAN_POINT('',(8.0264,0.127,-0.127));
#16590=LINE('',#16591,#16592);
#16591=CARTESIAN_POINT('',(9.2964,0.127,-0.127));
#16592=VECTOR('',#16593,1.0);
#16593=DIRECTION('',(-1.0,0.0,0.0));
#16594=ORIENTED_EDGE('',*,*,#16595,.T.);
#16595=EDGE_CURVE('',#16588,#16596,#16598,.T.);
#16596=VERTEX_POINT('',#16597);
#16597=CARTESIAN_POINT('',(6.8834,1.27,-0.127));
#16598=CIRCLE('',#16599,1.143);
#16599=AXIS2_PLACEMENT_3D('',#16600,#16601,#16602);
#16600=CARTESIAN_POINT('',(8.0264,1.27,-0.127));
#16601=DIRECTION('',(0.0,0.0,-1.0));
#16602=DIRECTION('',(0.0,-1.0,0.0));
#16603=ORIENTED_EDGE('',*,*,#16604,.T.);
#16604=EDGE_CURVE('',#16596,#16605,#16607,.T.);
#16605=VERTEX_POINT('',#16606);
#16606=CARTESIAN_POINT('',(6.8834,8.6868,-0.127));
#16607=LINE('',#16608,#16609);
#16608=CARTESIAN_POINT('',(6.8834,1.27,-0.127));
#16609=VECTOR('',#16610,1.0);
#16610=DIRECTION('',(0.0,1.0,0.0));
#16611=ORIENTED_EDGE('',*,*,#16612,.T.);
#16612=EDGE_CURVE('',#16605,#16613,#16615,.T.);
#16613=VERTEX_POINT('',#16614);
#16614=CARTESIAN_POINT('',(8.0264,9.8298,-0.127));
#16615=CIRCLE('',#16616,1.143);
#16616=AXIS2_PLACEMENT_3D('',#16617,#16618,#16619);
#16617=CARTESIAN_POINT('',(8.0264,8.6868,-0.127));
#16618=DIRECTION('',(0.0,0.0,-1.0));
#16619=DIRECTION('',(-1.0,0.0,0.0));
#16620=ORIENTED_EDGE('',*,*,#16621,.T.);
#16621=EDGE_CURVE('',#16613,#16455,#16622,.T.);
#16622=LINE('',#16623,#16624);
#16623=CARTESIAN_POINT('',(8.0264,9.8298,-0.127));
#16624=VECTOR('',#16625,1.0);
#16625=DIRECTION('',(1.0,0.0,0.0));
#16626=ORIENTED_EDGE('',*,*,#16454,.F.);
#16627=ORIENTED_EDGE('',*,*,#16562,.F.);
#16628=PLANE('',#16629);
#16629=AXIS2_PLACEMENT_3D('',#16630,#16631,#16632);
#16630=CARTESIAN_POINT('',(10.5664,0.0,-0.127));
#16631=DIRECTION('',(0.0,0.0,-1.0));
#16632=DIRECTION('',(-1.0,0.0,0.0));
#16633=ADVANCED_FACE('',(#16634),#16646,.T.);
#16634=FACE_BOUND('',#16635,.T.);
#16635=EDGE_LOOP('',(#16636,#16637,#16638,#16645));
#16636=ORIENTED_EDGE('',*,*,#16463,.F.);
#16637=ORIENTED_EDGE('',*,*,#16621,.F.);
#16638=ORIENTED_EDGE('',*,*,#16639,.T.);
#16639=EDGE_CURVE('',#16613,#16489,#16640,.T.);
#16640=CIRCLE('',#16641,0.127);
#16641=AXIS2_PLACEMENT_3D('',#16642,#16643,#16644);
#16642=CARTESIAN_POINT('',(8.0264,9.8298,0.0));
#16643=DIRECTION('',(1.0,0.0,0.0));
#16644=DIRECTION('',(0.0,0.0,-1.0));
#16645=ORIENTED_EDGE('',*,*,#16488,.F.);
#16646=CYLINDRICAL_SURFACE('',#16647,0.127);
#16647=AXIS2_PLACEMENT_3D('',#16648,#16649,#16650);
#16648=CARTESIAN_POINT('',(8.008851359,9.8298,0.0));
#16649=DIRECTION('',(1.0,0.0,0.0));
#16650=DIRECTION('',(0.0,0.0,-1.0));
#16651=ADVANCED_FACE('',(#16652),#16664,.T.);
#16652=FACE_BOUND('',#16653,.T.);
#16653=EDGE_LOOP('',(#16654,#16655,#16656,#16663));
#16654=ORIENTED_EDGE('',*,*,#16639,.F.);
#16655=ORIENTED_EDGE('',*,*,#16612,.F.);
#16656=ORIENTED_EDGE('',*,*,#16657,.T.);
#16657=EDGE_CURVE('',#16605,#16497,#16658,.T.);
#16658=CIRCLE('',#16659,0.127);
#16659=AXIS2_PLACEMENT_3D('',#16660,#16661,#16662);
#16660=CARTESIAN_POINT('',(6.8834,8.6868,0.0));
#16661=DIRECTION('',(0.0,1.0,0.0));
#16662=DIRECTION('',(0.0,0.0,-1.0));
#16663=ORIENTED_EDGE('',*,*,#16496,.F.);
#16664=TOROIDAL_SURFACE('',#16665,1.143,0.127);
#16665=AXIS2_PLACEMENT_3D('',#16666,#16667,#16668);
#16666=CARTESIAN_POINT('',(8.0264,8.6868,0.0));
#16667=DIRECTION('',(0.0,0.0,1.0));
#16668=DIRECTION('',(-0.999745205,-0.022572657,0.0));
#16669=ADVANCED_FACE('',(#16670),#16682,.T.);
#16670=FACE_BOUND('',#16671,.T.);
#16671=EDGE_LOOP('',(#16672,#16673,#16674,#16681));
#16672=ORIENTED_EDGE('',*,*,#16657,.F.);
#16673=ORIENTED_EDGE('',*,*,#16604,.F.);
#16674=ORIENTED_EDGE('',*,*,#16675,.T.);
#16675=EDGE_CURVE('',#16596,#16506,#16676,.T.);
#16676=CIRCLE('',#16677,0.127);
#16677=AXIS2_PLACEMENT_3D('',#16678,#16679,#16680);
#16678=CARTESIAN_POINT('',(6.8834,1.27,0.0));
#16679=DIRECTION('',(0.0,1.0,0.0));
#16680=DIRECTION('',(1.110223025E-14,0.0,-1.0));
#16681=ORIENTED_EDGE('',*,*,#16505,.F.);
#16682=CYLINDRICAL_SURFACE('',#16683,0.127);
#16683=AXIS2_PLACEMENT_3D('',#16684,#16685,#16686);
#16684=CARTESIAN_POINT('',(6.8834,1.252451359,0.0));
#16685=DIRECTION('',(0.0,1.0,0.0));
#16686=DIRECTION('',(-1.110223025E-14,0.0,-1.0));
#16687=ADVANCED_FACE('',(#16688),#16700,.T.);
#16688=FACE_BOUND('',#16689,.T.);
#16689=EDGE_LOOP('',(#16690,#16691,#16692,#16699));
#16690=ORIENTED_EDGE('',*,*,#16675,.F.);
#16691=ORIENTED_EDGE('',*,*,#16595,.F.);
#16692=ORIENTED_EDGE('',*,*,#16693,.T.);
#16693=EDGE_CURVE('',#16588,#16514,#16694,.T.);
#16694=CIRCLE('',#16695,0.127);
#16695=AXIS2_PLACEMENT_3D('',#16696,#16697,#16698);
#16696=CARTESIAN_POINT('',(8.0264,0.127,0.0));
#16697=DIRECTION('',(-1.0,0.0,0.0));
#16698=DIRECTION('',(0.0,0.0,-1.0));
#16699=ORIENTED_EDGE('',*,*,#16513,.F.);
#16700=TOROIDAL_SURFACE('',#16701,1.143,0.127);
#16701=AXIS2_PLACEMENT_3D('',#16702,#16703,#16704);
#16702=CARTESIAN_POINT('',(8.0264,1.27,0.0));
#16703=DIRECTION('',(0.0,0.0,-1.0));
#16704=DIRECTION('',(0.015890701,-0.999873735,0.0));
#16705=ADVANCED_FACE('',(#16706),#16718,.T.);
#16706=FACE_BOUND('',#16707,.T.);
#16707=EDGE_LOOP('',(#16708,#16709,#16710,#16717));
#16708=ORIENTED_EDGE('',*,*,#16693,.F.);
#16709=ORIENTED_EDGE('',*,*,#16587,.F.);
#16710=ORIENTED_EDGE('',*,*,#16711,.T.);
#16711=EDGE_CURVE('',#16579,#16523,#16712,.T.);
#16712=CIRCLE('',#16713,0.127);
#16713=AXIS2_PLACEMENT_3D('',#16714,#16715,#16716);
#16714=CARTESIAN_POINT('',(9.2964,0.127,0.0));
#16715=DIRECTION('',(-1.0,0.0,0.0));
#16716=DIRECTION('',(0.0,0.0,-1.0));
#16717=ORIENTED_EDGE('',*,*,#16522,.F.);
#16718=CYLINDRICAL_SURFACE('',#16719,0.127);
#16719=AXIS2_PLACEMENT_3D('',#16720,#16721,#16722);
#16720=CARTESIAN_POINT('',(9.326693534,0.127,0.0));
#16721=DIRECTION('',(-1.0,0.0,0.0));
#16722=DIRECTION('',(0.0,0.0,-1.0));
#16723=ADVANCED_FACE('',(#16724),#16730,.T.);
#16724=FACE_BOUND('',#16725,.T.);
#16725=EDGE_LOOP('',(#16726,#16727,#16728,#16729));
#16726=ORIENTED_EDGE('',*,*,#16711,.F.);
#16727=ORIENTED_EDGE('',*,*,#16578,.F.);
#16728=ORIENTED_EDGE('',*,*,#16553,.F.);
#16729=ORIENTED_EDGE('',*,*,#16530,.F.);
#16730=TOROIDAL_SURFACE('',#16731,1.143,0.127);
#16731=AXIS2_PLACEMENT_3D('',#16732,#16733,#16734);
#16732=CARTESIAN_POINT('',(9.2964,1.27,0.0));
#16733=DIRECTION('',(0.0,0.0,1.0));
#16734=DIRECTION('',(0.999745205,0.022572657,0.0));
#16735=MANIFOLD_SOLID_BREP('',#16736);
#16736=CLOSED_SHELL('',(#16737,#16781,#16847,#16872,#16931,#16949,#16967,#16985,#17003,#17021));
#16737=ADVANCED_FACE('',(#16738),#16776,.T.);
#16738=FACE_BOUND('',#16739,.T.);
#16739=EDGE_LOOP('',(#16740,#16751,#16760,#16769));
#16740=ORIENTED_EDGE('',*,*,#16741,.T.);
#16741=EDGE_CURVE('',#16742,#16744,#16746,.T.);
#16742=VERTEX_POINT('',#16743);
#16743=CARTESIAN_POINT('',(10.410743711,8.6868,-0.783336934));
#16744=VERTEX_POINT('',#16745);
#16745=CARTESIAN_POINT('',(10.388606152,8.6868,-1.036370387));
#16746=CIRCLE('',#16747,0.127);
#16747=AXIS2_PLACEMENT_3D('',#16748,#16749,#16750);
#16748=CARTESIAN_POINT('',(10.399674931,8.6868,-0.909853661));
#16749=DIRECTION('',(0.0,1.0,0.0));
#16750=DIRECTION('',(0.087155743,0.0,0.996194698));
#16751=ORIENTED_EDGE('',*,*,#16752,.T.);
#16752=EDGE_CURVE('',#16744,#16753,#16755,.F.);
#16753=VERTEX_POINT('',#16754);
#16754=CARTESIAN_POINT('',(9.249955612,9.8298,-0.936751374));
#16755=CIRCLE('',#16756,1.143);
#16756=AXIS2_PLACEMENT_3D('',#16757,#16758,#16759);
#16757=CARTESIAN_POINT('',(9.249955612,8.6868,-0.936751374));
#16758=DIRECTION('',(-0.087155743,0.0,-0.996194698));
#16759=DIRECTION('',(0.0,1.0,0.0));
#16760=ORIENTED_EDGE('',*,*,#16761,.T.);
#16761=EDGE_CURVE('',#16753,#16762,#16764,.T.);
#16762=VERTEX_POINT('',#16763);
#16763=CARTESIAN_POINT('',(9.272093171,9.8298,-0.68371792));
#16764=CIRCLE('',#16765,0.127);
#16765=AXIS2_PLACEMENT_3D('',#16766,#16767,#16768);
#16766=CARTESIAN_POINT('',(9.261024391,9.8298,-0.810234647));
#16767=DIRECTION('',(0.996194698,0.0,-0.087155743));
#16768=DIRECTION('',(-0.087155743,0.0,-0.996194698));
#16769=ORIENTED_EDGE('',*,*,#16770,.T.);
#16770=EDGE_CURVE('',#16762,#16742,#16771,.F.);
#16771=CIRCLE('',#16772,1.143);
#16772=AXIS2_PLACEMENT_3D('',#16773,#16774,#16775);
#16773=CARTESIAN_POINT('',(9.272093171,8.6868,-0.68371792));
#16774=DIRECTION('',(0.087155743,0.0,0.996194698));
#16775=DIRECTION('',(0.996194698,0.0,-0.087155743));
#16776=TOROIDAL_SURFACE('',#16777,1.143,0.127);
#16777=AXIS2_PLACEMENT_3D('',#16778,#16779,#16780);
#16778=CARTESIAN_POINT('',(9.261024391,8.6868,-0.810234647));
#16779=DIRECTION('',(-0.087155743,0.0,-0.996194698));
#16780=DIRECTION('',(-0.015830232,0.999873735,0.001384966));
#16781=ADVANCED_FACE('',(#16782),#16842,.T.);
#16782=FACE_BOUND('',#16783,.T.);
#16783=EDGE_LOOP('',(#16784,#16785,#16793,#16802,#16810,#16819,#16827,#16836));
#16784=ORIENTED_EDGE('',*,*,#16770,.F.);
#16785=ORIENTED_EDGE('',*,*,#16786,.T.);
#16786=EDGE_CURVE('',#16762,#16787,#16789,.T.);
#16787=VERTEX_POINT('',#16788);
#16788=CARTESIAN_POINT('',(8.006925904,9.8298,-0.573030127));
#16789=LINE('',#16790,#16791);
#16790=CARTESIAN_POINT('',(9.272093171,9.8298,-0.68371792));
#16791=VECTOR('',#16792,1.0);
#16792=DIRECTION('',(-0.996194698,0.0,0.087155743));
#16793=ORIENTED_EDGE('',*,*,#16794,.T.);
#16794=EDGE_CURVE('',#16787,#16795,#16797,.T.);
#16795=VERTEX_POINT('',#16796);
#16796=CARTESIAN_POINT('',(6.868275364,8.6868,-0.473411113));
#16797=CIRCLE('',#16798,1.143);
#16798=AXIS2_PLACEMENT_3D('',#16799,#16800,#16801);
#16799=CARTESIAN_POINT('',(8.006925904,8.6868,-0.573030127));
#16800=DIRECTION('',(0.087155743,0.0,0.996194698));
#16801=DIRECTION('',(0.0,1.0,0.0));
#16802=ORIENTED_EDGE('',*,*,#16803,.T.);
#16803=EDGE_CURVE('',#16795,#16804,#16806,.T.);
#16804=VERTEX_POINT('',#16805);
#16805=CARTESIAN_POINT('',(6.868275364,1.27,-0.473411113));
#16806=LINE('',#16807,#16808);
#16807=CARTESIAN_POINT('',(6.868275364,8.6868,-0.473411113));
#16808=VECTOR('',#16809,1.0);
#16809=DIRECTION('',(0.0,-1.0,0.0));
#16810=ORIENTED_EDGE('',*,*,#16811,.T.);
#16811=EDGE_CURVE('',#16804,#16812,#16814,.T.);
#16812=VERTEX_POINT('',#16813);
#16813=CARTESIAN_POINT('',(8.006925904,0.127,-0.573030127));
#16814=CIRCLE('',#16815,1.143);
#16815=AXIS2_PLACEMENT_3D('',#16816,#16817,#16818);
#16816=CARTESIAN_POINT('',(8.006925904,1.27,-0.573030127));
#16817=DIRECTION('',(0.087155743,0.0,0.996194698));
#16818=DIRECTION('',(-0.996194698,-1.141062553E-14,0.087155743));
#16819=ORIENTED_EDGE('',*,*,#16820,.T.);
#16820=EDGE_CURVE('',#16812,#16821,#16823,.T.);
#16821=VERTEX_POINT('',#16822);
#16822=CARTESIAN_POINT('',(9.272093171,0.127,-0.68371792));
#16823=LINE('',#16824,#16825);
#16824=CARTESIAN_POINT('',(8.006925904,0.127,-0.573030127));
#16825=VECTOR('',#16826,1.0);
#16826=DIRECTION('',(0.996194698,0.0,-0.087155743));
#16827=ORIENTED_EDGE('',*,*,#16828,.T.);
#16828=EDGE_CURVE('',#16821,#16829,#16831,.T.);
#16829=VERTEX_POINT('',#16830);
#16830=CARTESIAN_POINT('',(10.410743711,1.27,-0.783336934));
#16831=CIRCLE('',#16832,1.143);
#16832=AXIS2_PLACEMENT_3D('',#16833,#16834,#16835);
#16833=CARTESIAN_POINT('',(9.272093171,1.27,-0.68371792));
#16834=DIRECTION('',(0.087155743,0.0,0.996194698));
#16835=DIRECTION('',(0.0,-1.0,0.0));
#16836=ORIENTED_EDGE('',*,*,#16837,.T.);
#16837=EDGE_CURVE('',#16829,#16742,#16838,.T.);
#16838=LINE('',#16839,#16840);
#16839=CARTESIAN_POINT('',(10.410743711,1.27,-0.783336934));
#16840=VECTOR('',#16841,1.0);
#16841=DIRECTION('',(0.0,1.0,0.0));
#16842=PLANE('',#16843);
#16843=AXIS2_PLACEMENT_3D('',#16844,#16845,#16846);
#16844=CARTESIAN_POINT('',(6.741758638,0.0,-0.462342334));
#16845=DIRECTION('',(0.087155743,0.0,0.996194698));
#16846=DIRECTION('',(0.996194698,0.0,-0.087155743));
#16847=ADVANCED_FACE('',(#16848),#16867,.T.);
#16848=FACE_BOUND('',#16849,.T.);
#16849=EDGE_LOOP('',(#16850,#16859,#16865,#16866));
#16850=ORIENTED_EDGE('',*,*,#16851,.T.);
#16851=EDGE_CURVE('',#16829,#16852,#16854,.F.);
#16852=VERTEX_POINT('',#16853);
#16853=CARTESIAN_POINT('',(10.388606152,1.27,-1.036370387));
#16854=CIRCLE('',#16855,0.127);
#16855=AXIS2_PLACEMENT_3D('',#16856,#16857,#16858);
#16856=CARTESIAN_POINT('',(10.399674931,1.27,-0.909853661));
#16857=DIRECTION('',(0.0,-1.0,0.0));
#16858=DIRECTION('',(-0.087155743,0.0,-0.996194698));
#16859=ORIENTED_EDGE('',*,*,#16860,.T.);
#16860=EDGE_CURVE('',#16852,#16744,#16861,.F.);
#16861=LINE('',#16862,#16863);
#16862=CARTESIAN_POINT('',(10.388606152,8.6868,-1.036370387));
#16863=VECTOR('',#16864,1.0);
#16864=DIRECTION('',(0.0,-1.0,0.0));
#16865=ORIENTED_EDGE('',*,*,#16741,.F.);
#16866=ORIENTED_EDGE('',*,*,#16837,.F.);
#16867=CYLINDRICAL_SURFACE('',#16868,0.127);
#16868=AXIS2_PLACEMENT_3D('',#16869,#16870,#16871);
#16869=CARTESIAN_POINT('',(10.399674931,8.717093534,-0.909853661));
#16870=DIRECTION('',(0.0,-1.0,0.0));
#16871=DIRECTION('',(-0.087155743,0.0,-0.996194698));
#16872=ADVANCED_FACE('',(#16873),#16926,.T.);
#16873=FACE_BOUND('',#16874,.T.);
#16874=EDGE_LOOP('',(#16875,#16884,#16892,#16901,#16909,#16918,#16924,#16925));
#16875=ORIENTED_EDGE('',*,*,#16876,.T.);
#16876=EDGE_CURVE('',#16852,#16877,#16879,.T.);
#16877=VERTEX_POINT('',#16878);
#16878=CARTESIAN_POINT('',(9.249955612,0.127,-0.936751374));
#16879=CIRCLE('',#16880,1.143);
#16880=AXIS2_PLACEMENT_3D('',#16881,#16882,#16883);
#16881=CARTESIAN_POINT('',(9.249955612,1.27,-0.936751374));
#16882=DIRECTION('',(-0.087155743,0.0,-0.996194698));
#16883=DIRECTION('',(0.996194698,1.804112415E-14,-0.087155743));
#16884=ORIENTED_EDGE('',*,*,#16885,.T.);
#16885=EDGE_CURVE('',#16877,#16886,#16888,.T.);
#16886=VERTEX_POINT('',#16887);
#16887=CARTESIAN_POINT('',(7.984788345,0.127,-0.82606358));
#16888=LINE('',#16889,#16890);
#16889=CARTESIAN_POINT('',(9.249955612,0.127,-0.936751374));
#16890=VECTOR('',#16891,1.0);
#16891=DIRECTION('',(-0.996194698,0.0,0.087155743));
#16892=ORIENTED_EDGE('',*,*,#16893,.T.);
#16893=EDGE_CURVE('',#16886,#16894,#16896,.T.);
#16894=VERTEX_POINT('',#16895);
#16895=CARTESIAN_POINT('',(6.846137806,1.27,-0.726444566));
#16896=CIRCLE('',#16897,1.143);
#16897=AXIS2_PLACEMENT_3D('',#16898,#16899,#16900);
#16898=CARTESIAN_POINT('',(7.984788345,1.27,-0.82606358));
#16899=DIRECTION('',(-0.087155743,0.0,-0.996194698));
#16900=DIRECTION('',(0.0,-1.0,0.0));
#16901=ORIENTED_EDGE('',*,*,#16902,.T.);
#16902=EDGE_CURVE('',#16894,#16903,#16905,.T.);
#16903=VERTEX_POINT('',#16904);
#16904=CARTESIAN_POINT('',(6.846137806,8.6868,-0.726444566));
#16905=LINE('',#16906,#16907);
#16906=CARTESIAN_POINT('',(6.846137806,1.27,-0.726444566));
#16907=VECTOR('',#16908,1.0);
#16908=DIRECTION('',(0.0,1.0,0.0));
#16909=ORIENTED_EDGE('',*,*,#16910,.T.);
#16910=EDGE_CURVE('',#16903,#16911,#16913,.T.);
#16911=VERTEX_POINT('',#16912);
#16912=CARTESIAN_POINT('',(7.984788345,9.8298,-0.82606358));
#16913=CIRCLE('',#16914,1.143);
#16914=AXIS2_PLACEMENT_3D('',#16915,#16916,#16917);
#16915=CARTESIAN_POINT('',(7.984788345,8.6868,-0.82606358));
#16916=DIRECTION('',(-0.087155743,0.0,-0.996194698));
#16917=DIRECTION('',(-0.996194698,-1.727013594E-14,0.087155743));
#16918=ORIENTED_EDGE('',*,*,#16919,.T.);
#16919=EDGE_CURVE('',#16911,#16753,#16920,.T.);
#16920=LINE('',#16921,#16922);
#16921=CARTESIAN_POINT('',(7.984788345,9.8298,-0.82606358));
#16922=VECTOR('',#16923,1.0);
#16923=DIRECTION('',(0.996194698,0.0,-0.087155743));
#16924=ORIENTED_EDGE('',*,*,#16752,.F.);
#16925=ORIENTED_EDGE('',*,*,#16860,.F.);
#16926=PLANE('',#16927);
#16927=AXIS2_PLACEMENT_3D('',#16928,#16929,#16930);
#16928=CARTESIAN_POINT('',(10.515122879,0.0,-1.047439167));
#16929=DIRECTION('',(-0.087155743,0.0,-0.996194698));
#16930=DIRECTION('',(-0.996194698,0.0,0.087155743));
#16931=ADVANCED_FACE('',(#16932),#16944,.T.);
#16932=FACE_BOUND('',#16933,.T.);
#16933=EDGE_LOOP('',(#16934,#16935,#16936,#16943));
#16934=ORIENTED_EDGE('',*,*,#16761,.F.);
#16935=ORIENTED_EDGE('',*,*,#16919,.F.);
#16936=ORIENTED_EDGE('',*,*,#16937,.T.);
#16937=EDGE_CURVE('',#16911,#16787,#16938,.T.);
#16938=CIRCLE('',#16939,0.127);
#16939=AXIS2_PLACEMENT_3D('',#16940,#16941,#16942);
#16940=CARTESIAN_POINT('',(7.995857125,9.8298,-0.699546854));
#16941=DIRECTION('',(0.996194698,0.0,-0.087155743));
#16942=DIRECTION('',(-0.087155743,0.0,-0.996194698));
#16943=ORIENTED_EDGE('',*,*,#16786,.F.);
#16944=CYLINDRICAL_SURFACE('',#16945,0.127);
#16945=AXIS2_PLACEMENT_3D('',#16946,#16947,#16948);
#16946=CARTESIAN_POINT('',(7.978375262,9.8298,-0.698017389));
#16947=DIRECTION('',(0.996194698,0.0,-0.087155743));
#16948=DIRECTION('',(-0.087155743,0.0,-0.996194698));
#16949=ADVANCED_FACE('',(#16950),#16962,.T.);
#16950=FACE_BOUND('',#16951,.T.);
#16951=EDGE_LOOP('',(#16952,#16953,#16954,#16961));
#16952=ORIENTED_EDGE('',*,*,#16937,.F.);
#16953=ORIENTED_EDGE('',*,*,#16910,.F.);
#16954=ORIENTED_EDGE('',*,*,#16955,.T.);
#16955=EDGE_CURVE('',#16903,#16795,#16956,.T.);
#16956=CIRCLE('',#16957,0.127);
#16957=AXIS2_PLACEMENT_3D('',#16958,#16959,#16960);
#16958=CARTESIAN_POINT('',(6.857206585,8.6868,-0.59992784));
#16959=DIRECTION('',(0.0,1.0,0.0));
#16960=DIRECTION('',(-0.087155743,0.0,-0.996194698));
#16961=ORIENTED_EDGE('',*,*,#16794,.F.);
#16962=TOROIDAL_SURFACE('',#16963,1.143,0.127);
#16963=AXIS2_PLACEMENT_3D('',#16964,#16965,#16966);
#16964=CARTESIAN_POINT('',(7.995857125,8.6868,-0.699546854));
#16965=DIRECTION('',(0.087155743,0.0,0.996194698));
#16966=DIRECTION('',(-0.995940873,-0.022572657,0.087133536));
#16967=ADVANCED_FACE('',(#16968),#16980,.T.);
#16968=FACE_BOUND('',#16969,.T.);
#16969=EDGE_LOOP('',(#16970,#16971,#16972,#16979));
#16970=ORIENTED_EDGE('',*,*,#16955,.F.);
#16971=ORIENTED_EDGE('',*,*,#16902,.F.);
#16972=ORIENTED_EDGE('',*,*,#16973,.T.);
#16973=EDGE_CURVE('',#16894,#16804,#16974,.T.);
#16974=CIRCLE('',#16975,0.127);
#16975=AXIS2_PLACEMENT_3D('',#16976,#16977,#16978);
#16976=CARTESIAN_POINT('',(6.857206585,1.27,-0.59992784));
#16977=DIRECTION('',(0.0,1.0,0.0));
#16978=DIRECTION('',(-0.087155743,0.0,-0.996194698));
#16979=ORIENTED_EDGE('',*,*,#16803,.F.);
#16980=CYLINDRICAL_SURFACE('',#16981,0.127);
#16981=AXIS2_PLACEMENT_3D('',#16982,#16983,#16984);
#16982=CARTESIAN_POINT('',(6.857206585,1.252451359,-0.59992784));
#16983=DIRECTION('',(0.0,1.0,0.0));
#16984=DIRECTION('',(-0.087155743,0.0,-0.996194698));
#16985=ADVANCED_FACE('',(#16986),#16998,.T.);
#16986=FACE_BOUND('',#16987,.T.);
#16987=EDGE_LOOP('',(#16988,#16989,#16990,#16997));
#16988=ORIENTED_EDGE('',*,*,#16973,.F.);
#16989=ORIENTED_EDGE('',*,*,#16893,.F.);
#16990=ORIENTED_EDGE('',*,*,#16991,.T.);
#16991=EDGE_CURVE('',#16886,#16812,#16992,.T.);
#16992=CIRCLE('',#16993,0.127);
#16993=AXIS2_PLACEMENT_3D('',#16994,#16995,#16996);
#16994=CARTESIAN_POINT('',(7.995857125,0.127,-0.699546854));
#16995=DIRECTION('',(-0.996194698,0.0,0.087155743));
#16996=DIRECTION('',(-0.087155743,0.0,-0.996194698));
#16997=ORIENTED_EDGE('',*,*,#16811,.F.);
#16998=TOROIDAL_SURFACE('',#16999,1.143,0.127);
#16999=AXIS2_PLACEMENT_3D('',#17000,#17001,#17002);
#17000=CARTESIAN_POINT('',(7.995857125,1.27,-0.699546854));
#17001=DIRECTION('',(-0.087155743,0.0,-0.996194698));
#17002=DIRECTION('',(0.015830232,-0.999873735,-0.001384966));
#17003=ADVANCED_FACE('',(#17004),#17016,.T.);
#17004=FACE_BOUND('',#17005,.T.);
#17005=EDGE_LOOP('',(#17006,#17007,#17008,#17015));
#17006=ORIENTED_EDGE('',*,*,#16991,.F.);
#17007=ORIENTED_EDGE('',*,*,#16885,.F.);
#17008=ORIENTED_EDGE('',*,*,#17009,.T.);
#17009=EDGE_CURVE('',#16877,#16821,#17010,.T.);
#17010=CIRCLE('',#17011,0.127);
#17011=AXIS2_PLACEMENT_3D('',#17012,#17013,#17014);
#17012=CARTESIAN_POINT('',(9.261024391,0.127,-0.810234647));
#17013=DIRECTION('',(-0.996194698,0.0,0.087155743));
#17014=DIRECTION('',(-0.087155743,0.0,-0.996194698));
#17015=ORIENTED_EDGE('',*,*,#16820,.F.);
#17016=CYLINDRICAL_SURFACE('',#17017,0.127);
#17017=AXIS2_PLACEMENT_3D('',#17018,#17019,#17020);
#17018=CARTESIAN_POINT('',(9.291202649,0.127,-0.812874902));
#17019=DIRECTION('',(-0.996194698,0.0,0.087155743));
#17020=DIRECTION('',(-0.087155743,0.0,-0.996194698));
#17021=ADVANCED_FACE('',(#17022),#17028,.T.);
#17022=FACE_BOUND('',#17023,.T.);
#17023=EDGE_LOOP('',(#17024,#17025,#17026,#17027));
#17024=ORIENTED_EDGE('',*,*,#17009,.F.);
#17025=ORIENTED_EDGE('',*,*,#16876,.F.);
#17026=ORIENTED_EDGE('',*,*,#16851,.F.);
#17027=ORIENTED_EDGE('',*,*,#16828,.F.);
#17028=TOROIDAL_SURFACE('',#17029,1.143,0.127);
#17029=AXIS2_PLACEMENT_3D('',#17030,#17031,#17032);
#17030=CARTESIAN_POINT('',(9.261024391,1.27,-0.810234647));
#17031=DIRECTION('',(0.087155743,0.0,0.996194698));
#17032=DIRECTION('',(0.995940873,0.022572657,-0.087133536));
#17033=MANIFOLD_SOLID_BREP('',#17034);
#17034=CLOSED_SHELL('',(#17035,#17079,#17145,#17170,#17229,#17247,#17265,#17283,#17301,#17319));
#17035=ADVANCED_FACE('',(#17036),#17074,.T.);
#17036=FACE_BOUND('',#17037,.T.);
#17037=EDGE_LOOP('',(#17038,#17049,#17058,#17067));
#17038=ORIENTED_EDGE('',*,*,#17039,.T.);
#17039=EDGE_CURVE('',#17040,#17042,#17044,.T.);
#17040=VERTEX_POINT('',#17041);
#17041=CARTESIAN_POINT('',(10.302855375,8.6868,-1.687712201));
#17042=VERTEX_POINT('',#17043);
#17043=CARTESIAN_POINT('',(10.258748738,8.6868,-1.937853371));
#17044=CIRCLE('',#17045,0.127);
#17045=AXIS2_PLACEMENT_3D('',#17046,#17047,#17048);
#17046=CARTESIAN_POINT('',(10.280802057,8.6868,-1.812782786));
#17047=DIRECTION('',(0.0,1.0,0.0));
#17048=DIRECTION('',(0.173648178,0.0,0.984807753));
#17049=ORIENTED_EDGE('',*,*,#17050,.T.);
#17050=EDGE_CURVE('',#17042,#17051,#17053,.F.);
#17051=VERTEX_POINT('',#17052);
#17052=CARTESIAN_POINT('',(9.133113477,9.8298,-1.739373503));
#17053=CIRCLE('',#17054,1.143);
#17054=AXIS2_PLACEMENT_3D('',#17055,#17056,#17057);
#17055=CARTESIAN_POINT('',(9.133113477,8.6868,-1.739373503));
#17056=DIRECTION('',(-0.173648178,0.0,-0.984807753));
#17057=DIRECTION('',(0.0,1.0,0.0));
#17058=ORIENTED_EDGE('',*,*,#17059,.T.);
#17059=EDGE_CURVE('',#17051,#17060,#17062,.T.);
#17060=VERTEX_POINT('',#17061);
#17061=CARTESIAN_POINT('',(9.177220114,9.8298,-1.489232334));
#17062=CIRCLE('',#17063,0.127);
#17063=AXIS2_PLACEMENT_3D('',#17064,#17065,#17066);
#17064=CARTESIAN_POINT('',(9.155166795,9.8298,-1.614302919));
#17065=DIRECTION('',(0.984807753,0.0,-0.173648178));
#17066=DIRECTION('',(-0.173648178,1.110223025E-14,-0.984807753));
#17067=ORIENTED_EDGE('',*,*,#17068,.T.);
#17068=EDGE_CURVE('',#17060,#17040,#17069,.F.);
#17069=CIRCLE('',#17070,1.143);
#17070=AXIS2_PLACEMENT_3D('',#17071,#17072,#17073);
#17071=CARTESIAN_POINT('',(9.177220114,8.6868,-1.489232334));
#17072=DIRECTION('',(0.173648178,0.0,0.984807753));
#17073=DIRECTION('',(0.984807753,0.0,-0.173648178));
#17074=TOROIDAL_SURFACE('',#17075,1.143,0.127);
#17075=AXIS2_PLACEMENT_3D('',#17076,#17077,#17078);
#17076=CARTESIAN_POINT('',(9.155166795,8.6868,-1.614302919));
#17077=DIRECTION('',(-0.173648178,0.0,-0.984807753));
#17078=DIRECTION('',(-0.015649285,0.999873735,0.002759391));
#17079=ADVANCED_FACE('',(#17080),#17140,.T.);
#17080=FACE_BOUND('',#17081,.T.);
#17081=EDGE_LOOP('',(#17082,#17083,#17091,#17100,#17108,#17117,#17125,#17134));
#17082=ORIENTED_EDGE('',*,*,#17068,.F.);
#17083=ORIENTED_EDGE('',*,*,#17084,.T.);
#17084=EDGE_CURVE('',#17060,#17085,#17087,.T.);
#17085=VERTEX_POINT('',#17086);
#17086=CARTESIAN_POINT('',(7.926514267,9.8298,-1.268699149));
#17087=LINE('',#17088,#17089);
#17088=CARTESIAN_POINT('',(9.177220114,9.8298,-1.489232334));
#17089=VECTOR('',#17090,1.0);
#17090=DIRECTION('',(-0.984807753,0.0,0.173648178));
#17091=ORIENTED_EDGE('',*,*,#17092,.T.);
#17092=EDGE_CURVE('',#17085,#17093,#17095,.T.);
#17093=VERTEX_POINT('',#17094);
#17094=CARTESIAN_POINT('',(6.800879006,8.6868,-1.070219282));
#17095=CIRCLE('',#17096,1.143);
#17096=AXIS2_PLACEMENT_3D('',#17097,#17098,#17099);
#17097=CARTESIAN_POINT('',(7.926514267,8.6868,-1.268699149));
#17098=DIRECTION('',(0.173648178,0.0,0.984807753));
#17099=DIRECTION('',(0.0,1.0,0.0));
#17100=ORIENTED_EDGE('',*,*,#17101,.T.);
#17101=EDGE_CURVE('',#17093,#17102,#17104,.T.);
#17102=VERTEX_POINT('',#17103);
#17103=CARTESIAN_POINT('',(6.800879006,1.27,-1.070219282));
#17104=LINE('',#17105,#17106);
#17105=CARTESIAN_POINT('',(6.800879006,8.6868,-1.070219282));
#17106=VECTOR('',#17107,1.0);
#17107=DIRECTION('',(0.0,-1.0,0.0));
#17108=ORIENTED_EDGE('',*,*,#17109,.T.);
#17109=EDGE_CURVE('',#17102,#17110,#17112,.T.);
#17110=VERTEX_POINT('',#17111);
#17111=CARTESIAN_POINT('',(7.926514267,0.127,-1.268699149));
#17112=CIRCLE('',#17113,1.143);
#17113=AXIS2_PLACEMENT_3D('',#17114,#17115,#17116);
#17114=CARTESIAN_POINT('',(7.926514267,1.27,-1.268699149));
#17115=DIRECTION('',(0.173648178,0.0,0.984807753));
#17116=DIRECTION('',(-0.984807753,-1.511136895E-14,0.173648178));
#17117=ORIENTED_EDGE('',*,*,#17118,.T.);
#17118=EDGE_CURVE('',#17110,#17119,#17121,.T.);
#17119=VERTEX_POINT('',#17120);
#17120=CARTESIAN_POINT('',(9.177220114,0.127,-1.489232334));
#17121=LINE('',#17122,#17123);
#17122=CARTESIAN_POINT('',(7.926514267,0.127,-1.268699149));
#17123=VECTOR('',#17124,1.0);
#17124=DIRECTION('',(0.984807753,0.0,-0.173648178));
#17125=ORIENTED_EDGE('',*,*,#17126,.T.);
#17126=EDGE_CURVE('',#17119,#17127,#17129,.T.);
#17127=VERTEX_POINT('',#17128);
#17128=CARTESIAN_POINT('',(10.302855375,1.27,-1.687712201));
#17129=CIRCLE('',#17130,1.143);
#17130=AXIS2_PLACEMENT_3D('',#17131,#17132,#17133);
#17131=CARTESIAN_POINT('',(9.177220114,1.27,-1.489232334));
#17132=DIRECTION('',(0.173648178,0.0,0.984807753));
#17133=DIRECTION('',(0.0,-1.0,0.0));
#17134=ORIENTED_EDGE('',*,*,#17135,.T.);
#17135=EDGE_CURVE('',#17127,#17040,#17136,.T.);
#17136=LINE('',#17137,#17138);
#17137=CARTESIAN_POINT('',(10.302855375,1.27,-1.687712201));
#17138=VECTOR('',#17139,1.0);
#17139=DIRECTION('',(0.0,1.0,0.0));
#17140=PLANE('',#17141);
#17141=AXIS2_PLACEMENT_3D('',#17142,#17143,#17144);
#17142=CARTESIAN_POINT('',(6.675808421,0.0,-1.048165963));
#17143=DIRECTION('',(0.173648178,0.0,0.984807753));
#17144=DIRECTION('',(0.984807753,0.0,-0.173648178));
#17145=ADVANCED_FACE('',(#17146),#17165,.T.);
#17146=FACE_BOUND('',#17147,.T.);
#17147=EDGE_LOOP('',(#17148,#17157,#17163,#17164));
#17148=ORIENTED_EDGE('',*,*,#17149,.T.);
#17149=EDGE_CURVE('',#17127,#17150,#17152,.F.);
#17150=VERTEX_POINT('',#17151);
#17151=CARTESIAN_POINT('',(10.258748738,1.27,-1.937853371));
#17152=CIRCLE('',#17153,0.127);
#17153=AXIS2_PLACEMENT_3D('',#17154,#17155,#17156);
#17154=CARTESIAN_POINT('',(10.280802057,1.27,-1.812782786));
#17155=DIRECTION('',(0.0,-1.0,0.0));
#17156=DIRECTION('',(-0.173648178,0.0,-0.984807753));
#17157=ORIENTED_EDGE('',*,*,#17158,.T.);
#17158=EDGE_CURVE('',#17150,#17042,#17159,.F.);
#17159=LINE('',#17160,#17161);
#17160=CARTESIAN_POINT('',(10.258748738,8.6868,-1.937853371));
#17161=VECTOR('',#17162,1.0);
#17162=DIRECTION('',(0.0,-1.0,0.0));
#17163=ORIENTED_EDGE('',*,*,#17039,.F.);
#17164=ORIENTED_EDGE('',*,*,#17135,.F.);
#17165=CYLINDRICAL_SURFACE('',#17166,0.127);
#17166=AXIS2_PLACEMENT_3D('',#17167,#17168,#17169);
#17167=CARTESIAN_POINT('',(10.280802057,8.717093534,-1.812782786));
#17168=DIRECTION('',(0.0,-1.0,0.0));
#17169=DIRECTION('',(-0.173648178,0.0,-0.984807753));
#17170=ADVANCED_FACE('',(#17171),#17224,.T.);
#17171=FACE_BOUND('',#17172,.T.);
#17172=EDGE_LOOP('',(#17173,#17182,#17190,#17199,#17207,#17216,#17222,#17223));
#17173=ORIENTED_EDGE('',*,*,#17174,.T.);
#17174=EDGE_CURVE('',#17150,#17175,#17177,.T.);
#17175=VERTEX_POINT('',#17176);
#17176=CARTESIAN_POINT('',(9.133113477,0.127,-1.739373503));
#17177=CIRCLE('',#17178,1.143);
#17178=AXIS2_PLACEMENT_3D('',#17179,#17180,#17181);
#17179=CARTESIAN_POINT('',(9.133113477,1.27,-1.739373503));
#17180=DIRECTION('',(-0.173648178,0.0,-0.984807753));
#17181=DIRECTION('',(0.984807753,0.0,-0.173648178));
#17182=ORIENTED_EDGE('',*,*,#17183,.T.);
#17183=EDGE_CURVE('',#17175,#17184,#17186,.T.);
#17184=VERTEX_POINT('',#17185);
#17185=CARTESIAN_POINT('',(7.88240763,0.127,-1.518840318));
#17186=LINE('',#17187,#17188);
#17187=CARTESIAN_POINT('',(9.133113477,0.127,-1.739373503));
#17188=VECTOR('',#17189,1.0);
#17189=DIRECTION('',(-0.984807753,0.0,0.173648178));
#17190=ORIENTED_EDGE('',*,*,#17191,.T.);
#17191=EDGE_CURVE('',#17184,#17192,#17194,.T.);
#17192=VERTEX_POINT('',#17193);
#17193=CARTESIAN_POINT('',(6.756772369,1.27,-1.320360451));
#17194=CIRCLE('',#17195,1.143);
#17195=AXIS2_PLACEMENT_3D('',#17196,#17197,#17198);
#17196=CARTESIAN_POINT('',(7.88240763,1.27,-1.518840318));
#17197=DIRECTION('',(-0.173648178,0.0,-0.984807753));
#17198=DIRECTION('',(0.0,-1.0,0.0));
#17199=ORIENTED_EDGE('',*,*,#17200,.T.);
#17200=EDGE_CURVE('',#17192,#17201,#17203,.T.);
#17201=VERTEX_POINT('',#17202);
#17202=CARTESIAN_POINT('',(6.756772369,8.6868,-1.320360451));
#17203=LINE('',#17204,#17205);
#17204=CARTESIAN_POINT('',(6.756772369,1.27,-1.320360451));
#17205=VECTOR('',#17206,1.0);
#17206=DIRECTION('',(0.0,1.0,0.0));
#17207=ORIENTED_EDGE('',*,*,#17208,.T.);
#17208=EDGE_CURVE('',#17201,#17209,#17211,.T.);
#17209=VERTEX_POINT('',#17210);
#17210=CARTESIAN_POINT('',(7.88240763,9.8298,-1.518840318));
#17211=CIRCLE('',#17212,1.143);
#17212=AXIS2_PLACEMENT_3D('',#17213,#17214,#17215);
#17213=CARTESIAN_POINT('',(7.88240763,8.6868,-1.518840318));
#17214=DIRECTION('',(-0.173648178,0.0,-0.984807753));
#17215=DIRECTION('',(-0.984807753,0.0,0.173648178));
#17216=ORIENTED_EDGE('',*,*,#17217,.T.);
#17217=EDGE_CURVE('',#17209,#17051,#17218,.T.);
#17218=LINE('',#17219,#17220);
#17219=CARTESIAN_POINT('',(7.88240763,9.8298,-1.518840318));
#17220=VECTOR('',#17221,1.0);
#17221=DIRECTION('',(0.984807753,0.0,-0.173648178));
#17222=ORIENTED_EDGE('',*,*,#17050,.F.);
#17223=ORIENTED_EDGE('',*,*,#17158,.F.);
#17224=PLANE('',#17225);
#17225=AXIS2_PLACEMENT_3D('',#17226,#17227,#17228);
#17226=CARTESIAN_POINT('',(10.383819323,0.0,-1.959906689));
#17227=DIRECTION('',(-0.173648178,0.0,-0.984807753));
#17228=DIRECTION('',(-0.984807753,0.0,0.173648178));
#17229=ADVANCED_FACE('',(#17230),#17242,.T.);
#17230=FACE_BOUND('',#17231,.T.);
#17231=EDGE_LOOP('',(#17232,#17233,#17234,#17241));
#17232=ORIENTED_EDGE('',*,*,#17059,.F.);
#17233=ORIENTED_EDGE('',*,*,#17217,.F.);
#17234=ORIENTED_EDGE('',*,*,#17235,.T.);
#17235=EDGE_CURVE('',#17209,#17085,#17236,.T.);
#17236=CIRCLE('',#17237,0.127);
#17237=AXIS2_PLACEMENT_3D('',#17238,#17239,#17240);
#17238=CARTESIAN_POINT('',(7.904460949,9.8298,-1.393769733));
#17239=DIRECTION('',(0.984807753,0.0,-0.173648178));
#17240=DIRECTION('',(-0.173648178,0.0,-0.984807753));
#17241=ORIENTED_EDGE('',*,*,#17084,.F.);
#17242=CYLINDRICAL_SURFACE('',#17243,0.127);
#17243=AXIS2_PLACEMENT_3D('',#17244,#17245,#17246);
#17244=CARTESIAN_POINT('',(7.887178911,9.8298,-1.390722444));
#17245=DIRECTION('',(0.984807753,0.0,-0.173648178));
#17246=DIRECTION('',(-0.173648178,0.0,-0.984807753));
#17247=ADVANCED_FACE('',(#17248),#17260,.T.);
#17248=FACE_BOUND('',#17249,.T.);
#17249=EDGE_LOOP('',(#17250,#17251,#17252,#17259));
#17250=ORIENTED_EDGE('',*,*,#17235,.F.);
#17251=ORIENTED_EDGE('',*,*,#17208,.F.);
#17252=ORIENTED_EDGE('',*,*,#17253,.T.);
#17253=EDGE_CURVE('',#17201,#17093,#17254,.T.);
#17254=CIRCLE('',#17255,0.127);
#17255=AXIS2_PLACEMENT_3D('',#17256,#17257,#17258);
#17256=CARTESIAN_POINT('',(6.778825687,8.6868,-1.195289866));
#17257=DIRECTION('',(0.0,1.0,0.0));
#17258=DIRECTION('',(-0.173648178,0.0,-0.984807753));
#17259=ORIENTED_EDGE('',*,*,#17092,.F.);
#17260=TOROIDAL_SURFACE('',#17261,1.143,0.127);
#17261=AXIS2_PLACEMENT_3D('',#17262,#17263,#17264);
#17262=CARTESIAN_POINT('',(7.904460949,8.6868,-1.393769733));
#17263=DIRECTION('',(0.173648178,0.0,0.984807753));
#17264=DIRECTION('',(-0.984556829,-0.022572657,0.173603933));
#17265=ADVANCED_FACE('',(#17266),#17278,.T.);
#17266=FACE_BOUND('',#17267,.T.);
#17267=EDGE_LOOP('',(#17268,#17269,#17270,#17277));
#17268=ORIENTED_EDGE('',*,*,#17253,.F.);
#17269=ORIENTED_EDGE('',*,*,#17200,.F.);
#17270=ORIENTED_EDGE('',*,*,#17271,.T.);
#17271=EDGE_CURVE('',#17192,#17102,#17272,.T.);
#17272=CIRCLE('',#17273,0.127);
#17273=AXIS2_PLACEMENT_3D('',#17274,#17275,#17276);
#17274=CARTESIAN_POINT('',(6.778825687,1.27,-1.195289866));
#17275=DIRECTION('',(0.0,1.0,0.0));
#17276=DIRECTION('',(-0.173648178,0.0,-0.984807753));
#17277=ORIENTED_EDGE('',*,*,#17101,.F.);
#17278=CYLINDRICAL_SURFACE('',#17279,0.127);
#17279=AXIS2_PLACEMENT_3D('',#17280,#17281,#17282);
#17280=CARTESIAN_POINT('',(6.778825687,1.252451359,-1.195289866));
#17281=DIRECTION('',(0.0,1.0,0.0));
#17282=DIRECTION('',(-0.173648178,0.0,-0.984807753));
#17283=ADVANCED_FACE('',(#17284),#17296,.T.);
#17284=FACE_BOUND('',#17285,.T.);
#17285=EDGE_LOOP('',(#17286,#17287,#17288,#17295));
#17286=ORIENTED_EDGE('',*,*,#17271,.F.);
#17287=ORIENTED_EDGE('',*,*,#17191,.F.);
#17288=ORIENTED_EDGE('',*,*,#17289,.T.);
#17289=EDGE_CURVE('',#17184,#17110,#17290,.T.);
#17290=CIRCLE('',#17291,0.127);
#17291=AXIS2_PLACEMENT_3D('',#17292,#17293,#17294);
#17292=CARTESIAN_POINT('',(7.904460949,0.127,-1.393769733));
#17293=DIRECTION('',(-0.984807753,0.0,0.173648178));
#17294=DIRECTION('',(-0.173648178,0.0,-0.984807753));
#17295=ORIENTED_EDGE('',*,*,#17109,.F.);
#17296=TOROIDAL_SURFACE('',#17297,1.143,0.127);
#17297=AXIS2_PLACEMENT_3D('',#17298,#17299,#17300);
#17298=CARTESIAN_POINT('',(7.904460949,1.27,-1.393769733));
#17299=DIRECTION('',(-0.173648178,0.0,-0.984807753));
#17300=DIRECTION('',(0.015649285,-0.999873735,-0.002759391));
#17301=ADVANCED_FACE('',(#17302),#17314,.T.);
#17302=FACE_BOUND('',#17303,.T.);
#17303=EDGE_LOOP('',(#17304,#17305,#17306,#17313));
#17304=ORIENTED_EDGE('',*,*,#17289,.F.);
#17305=ORIENTED_EDGE('',*,*,#17183,.F.);
#17306=ORIENTED_EDGE('',*,*,#17307,.T.);
#17307=EDGE_CURVE('',#17175,#17119,#17308,.T.);
#17308=CIRCLE('',#17309,0.127);
#17309=AXIS2_PLACEMENT_3D('',#17310,#17311,#17312);
#17310=CARTESIAN_POINT('',(9.155166795,0.127,-1.614302919));
#17311=DIRECTION('',(-0.984807753,0.0,0.173648178));
#17312=DIRECTION('',(-0.173648178,0.0,-0.984807753));
#17313=ORIENTED_EDGE('',*,*,#17118,.F.);
#17314=CYLINDRICAL_SURFACE('',#17315,0.127);
#17315=AXIS2_PLACEMENT_3D('',#17316,#17317,#17318);
#17316=CARTESIAN_POINT('',(9.185000102,0.127,-1.619563336));
#17317=DIRECTION('',(-0.984807753,0.0,0.173648178));
#17318=DIRECTION('',(-0.173648178,0.0,-0.984807753));
#17319=ADVANCED_FACE('',(#17320),#17326,.T.);
#17320=FACE_BOUND('',#17321,.T.);
#17321=EDGE_LOOP('',(#17322,#17323,#17324,#17325));
#17322=ORIENTED_EDGE('',*,*,#17307,.F.);
#17323=ORIENTED_EDGE('',*,*,#17174,.F.);
#17324=ORIENTED_EDGE('',*,*,#17149,.F.);
#17325=ORIENTED_EDGE('',*,*,#17126,.F.);
#17326=TOROIDAL_SURFACE('',#17327,1.143,0.127);
#17327=AXIS2_PLACEMENT_3D('',#17328,#17329,#17330);
#17328=CARTESIAN_POINT('',(9.155166795,1.27,-1.614302919));
#17329=DIRECTION('',(0.173648178,0.0,0.984807753));
#17330=DIRECTION('',(0.984556829,0.022572657,-0.173603933));
#17331=MANIFOLD_SOLID_BREP('',#17332);
#17332=CLOSED_SHELL('',(#17333,#17377,#17443,#17468,#17527,#17545,#17563,#17581,#17599,#17617));
#17333=ADVANCED_FACE('',(#17334),#17372,.T.);
#17334=FACE_BOUND('',#17335,.T.);
#17335=EDGE_LOOP('',(#17336,#17347,#17356,#17365));
#17336=ORIENTED_EDGE('',*,*,#17337,.T.);
#17337=EDGE_CURVE('',#17338,#17340,#17342,.T.);
#17338=VERTEX_POINT('',#17339);
#17339=CARTESIAN_POINT('',(10.11655609,8.6868,-2.57924296));
#17340=VERTEX_POINT('',#17341);
#17341=CARTESIAN_POINT('',(10.050816052,8.6868,-2.824588119));
#17342=CIRCLE('',#17343,0.127);
#17343=AXIS2_PLACEMENT_3D('',#17344,#17345,#17346);
#17344=CARTESIAN_POINT('',(10.083686071,8.6868,-2.701915539));
#17345=DIRECTION('',(0.0,1.0,0.0));
#17346=DIRECTION('',(0.258819045,0.0,0.965925826));
#17347=ORIENTED_EDGE('',*,*,#17348,.T.);
#17348=EDGE_CURVE('',#17340,#17349,#17351,.F.);
#17349=VERTEX_POINT('',#17350);
#17350=CARTESIAN_POINT('',(8.946762833,9.8298,-2.528757951));
#17351=CIRCLE('',#17352,1.143);
#17352=AXIS2_PLACEMENT_3D('',#17353,#17354,#17355);
#17353=CARTESIAN_POINT('',(8.946762833,8.6868,-2.528757951));
#17354=DIRECTION('',(-0.258819045,0.0,-0.965925826));
#17355=DIRECTION('',(0.0,1.0,0.0));
#17356=ORIENTED_EDGE('',*,*,#17357,.T.);
#17357=EDGE_CURVE('',#17349,#17358,#17360,.T.);
#17358=VERTEX_POINT('',#17359);
#17359=CARTESIAN_POINT('',(9.01250287,9.8298,-2.283412791));
#17360=CIRCLE('',#17361,0.127);
#17361=AXIS2_PLACEMENT_3D('',#17362,#17363,#17364);
#17362=CARTESIAN_POINT('',(8.979632852,9.8298,-2.406085371));
#17363=DIRECTION('',(0.965925826,0.0,-0.258819045));
#17364=DIRECTION('',(-0.258819045,0.0,-0.965925826));
#17365=ORIENTED_EDGE('',*,*,#17366,.T.);
#17366=EDGE_CURVE('',#17358,#17338,#17367,.F.);
#17367=CIRCLE('',#17368,1.143);
#17368=AXIS2_PLACEMENT_3D('',#17369,#17370,#17371);
#17369=CARTESIAN_POINT('',(9.01250287,8.6868,-2.283412791));
#17370=DIRECTION('',(0.258819045,0.0,0.965925826));
#17371=DIRECTION('',(0.965925826,-2.590520391E-14,-0.258819045));
#17372=TOROIDAL_SURFACE('',#17373,1.143,0.127);
#17373=AXIS2_PLACEMENT_3D('',#17374,#17375,#17376);
#17374=CARTESIAN_POINT('',(8.979632852,8.6868,-2.406085371));
#17375=DIRECTION('',(-0.258819045,0.0,-0.965925826));
#17376=DIRECTION('',(-0.015349238,0.999873735,0.004112816));
#17377=ADVANCED_FACE('',(#17378),#17438,.T.);
#17378=FACE_BOUND('',#17379,.T.);
#17379=EDGE_LOOP('',(#17380,#17381,#17389,#17398,#17406,#17415,#17423,#17432));
#17380=ORIENTED_EDGE('',*,*,#17366,.F.);
#17381=ORIENTED_EDGE('',*,*,#17382,.T.);
#17382=EDGE_CURVE('',#17358,#17383,#17385,.T.);
#17383=VERTEX_POINT('',#17384);
#17384=CARTESIAN_POINT('',(7.785777071,9.8298,-1.954712604));
#17385=LINE('',#17386,#17387);
#17386=CARTESIAN_POINT('',(9.01250287,9.8298,-2.283412791));
#17387=VECTOR('',#17388,1.0);
#17388=DIRECTION('',(-0.965925826,0.0,0.258819045));
#17389=ORIENTED_EDGE('',*,*,#17390,.T.);
#17390=EDGE_CURVE('',#17383,#17391,#17393,.T.);
#17391=VERTEX_POINT('',#17392);
#17392=CARTESIAN_POINT('',(6.681723851,8.6868,-1.658882435));
#17393=CIRCLE('',#17394,1.143);
#17394=AXIS2_PLACEMENT_3D('',#17395,#17396,#17397);
#17395=CARTESIAN_POINT('',(7.785777071,8.6868,-1.954712604));
#17396=DIRECTION('',(0.258819045,0.0,0.965925826));
#17397=DIRECTION('',(0.0,1.0,0.0));
#17398=ORIENTED_EDGE('',*,*,#17399,.T.);
#17399=EDGE_CURVE('',#17391,#17400,#17402,.T.);
#17400=VERTEX_POINT('',#17401);
#17401=CARTESIAN_POINT('',(6.681723851,1.27,-1.658882435));
#17402=LINE('',#17403,#17404);
#17403=CARTESIAN_POINT('',(6.681723851,8.6868,-1.658882435));
#17404=VECTOR('',#17405,1.0);
#17405=DIRECTION('',(0.0,-1.0,0.0));
#17406=ORIENTED_EDGE('',*,*,#17407,.T.);
#17407=EDGE_CURVE('',#17400,#17408,#17410,.T.);
#17408=VERTEX_POINT('',#17409);
#17409=CARTESIAN_POINT('',(7.785777071,0.127,-1.954712604));
#17410=CIRCLE('',#17411,1.143);
#17411=AXIS2_PLACEMENT_3D('',#17412,#17413,#17414);
#17412=CARTESIAN_POINT('',(7.785777071,1.27,-1.954712604));
#17413=DIRECTION('',(0.258819045,0.0,0.965925826));
#17414=DIRECTION('',(-0.965925826,1.249000903E-14,0.258819045));
#17415=ORIENTED_EDGE('',*,*,#17416,.T.);
#17416=EDGE_CURVE('',#17408,#17417,#17419,.T.);
#17417=VERTEX_POINT('',#17418);
#17418=CARTESIAN_POINT('',(9.01250287,0.127,-2.283412791));
#17419=LINE('',#17420,#17421);
#17420=CARTESIAN_POINT('',(7.785777071,0.127,-1.954712604));
#17421=VECTOR('',#17422,1.0);
#17422=DIRECTION('',(0.965925826,0.0,-0.258819045));
#17423=ORIENTED_EDGE('',*,*,#17424,.T.);
#17424=EDGE_CURVE('',#17417,#17425,#17427,.T.);
#17425=VERTEX_POINT('',#17426);
#17426=CARTESIAN_POINT('',(10.11655609,1.27,-2.57924296));
#17427=CIRCLE('',#17428,1.143);
#17428=AXIS2_PLACEMENT_3D('',#17429,#17430,#17431);
#17429=CARTESIAN_POINT('',(9.01250287,1.27,-2.283412791));
#17430=DIRECTION('',(0.258819045,0.0,0.965925826));
#17431=DIRECTION('',(0.0,-1.0,0.0));
#17432=ORIENTED_EDGE('',*,*,#17433,.T.);
#17433=EDGE_CURVE('',#17425,#17338,#17434,.T.);
#17434=LINE('',#17435,#17436);
#17435=CARTESIAN_POINT('',(10.11655609,1.27,-2.57924296));
#17436=VECTOR('',#17437,1.0);
#17437=DIRECTION('',(0.0,1.0,0.0));
#17438=PLANE('',#17439);
#17439=AXIS2_PLACEMENT_3D('',#17440,#17441,#17442);
#17440=CARTESIAN_POINT('',(6.559051271,0.0,-1.626012416));
#17441=DIRECTION('',(0.258819045,0.0,0.965925826));
#17442=DIRECTION('',(0.965925826,0.0,-0.258819045));
#17443=ADVANCED_FACE('',(#17444),#17463,.T.);
#17444=FACE_BOUND('',#17445,.T.);
#17445=EDGE_LOOP('',(#17446,#17455,#17461,#17462));
#17446=ORIENTED_EDGE('',*,*,#17447,.T.);
#17447=EDGE_CURVE('',#17425,#17448,#17450,.F.);
#17448=VERTEX_POINT('',#17449);
#17449=CARTESIAN_POINT('',(10.050816052,1.27,-2.824588119));
#17450=CIRCLE('',#17451,0.127);
#17451=AXIS2_PLACEMENT_3D('',#17452,#17453,#17454);
#17452=CARTESIAN_POINT('',(10.083686071,1.27,-2.701915539));
#17453=DIRECTION('',(0.0,-1.0,0.0));
#17454=DIRECTION('',(-0.258819045,0.0,-0.965925826));
#17455=ORIENTED_EDGE('',*,*,#17456,.T.);
#17456=EDGE_CURVE('',#17448,#17340,#17457,.F.);
#17457=LINE('',#17458,#17459);
#17458=CARTESIAN_POINT('',(10.050816052,8.6868,-2.824588119));
#17459=VECTOR('',#17460,1.0);
#17460=DIRECTION('',(0.0,-1.0,0.0));
#17461=ORIENTED_EDGE('',*,*,#17337,.F.);
#17462=ORIENTED_EDGE('',*,*,#17433,.F.);
#17463=CYLINDRICAL_SURFACE('',#17464,0.127);
#17464=AXIS2_PLACEMENT_3D('',#17465,#17466,#17467);
#17465=CARTESIAN_POINT('',(10.083686071,8.717093534,-2.701915539));
#17466=DIRECTION('',(0.0,-1.0,0.0));
#17467=DIRECTION('',(-0.258819045,0.0,-0.965925826));
#17468=ADVANCED_FACE('',(#17469),#17522,.T.);
#17469=FACE_BOUND('',#17470,.T.);
#17470=EDGE_LOOP('',(#17471,#17480,#17488,#17497,#17505,#17514,#17520,#17521));
#17471=ORIENTED_EDGE('',*,*,#17472,.T.);
#17472=EDGE_CURVE('',#17448,#17473,#17475,.T.);
#17473=VERTEX_POINT('',#17474);
#17474=CARTESIAN_POINT('',(8.946762833,0.127,-2.528757951));
#17475=CIRCLE('',#17476,1.143);
#17476=AXIS2_PLACEMENT_3D('',#17477,#17478,#17479);
#17477=CARTESIAN_POINT('',(8.946762833,1.27,-2.528757951));
#17478=DIRECTION('',(-0.258819045,0.0,-0.965925826));
#17479=DIRECTION('',(0.965925826,0.0,-0.258819045));
#17480=ORIENTED_EDGE('',*,*,#17481,.T.);
#17481=EDGE_CURVE('',#17473,#17482,#17484,.T.);
#17482=VERTEX_POINT('',#17483);
#17483=CARTESIAN_POINT('',(7.720037033,0.127,-2.200057764));
#17484=LINE('',#17485,#17486);
#17485=CARTESIAN_POINT('',(8.946762833,0.127,-2.528757951));
#17486=VECTOR('',#17487,1.0);
#17487=DIRECTION('',(-0.965925826,0.0,0.258819045));
#17488=ORIENTED_EDGE('',*,*,#17489,.T.);
#17489=EDGE_CURVE('',#17482,#17490,#17492,.T.);
#17490=VERTEX_POINT('',#17491);
#17491=CARTESIAN_POINT('',(6.615983814,1.27,-1.904227595));
#17492=CIRCLE('',#17493,1.143);
#17493=AXIS2_PLACEMENT_3D('',#17494,#17495,#17496);
#17494=CARTESIAN_POINT('',(7.720037033,1.27,-2.200057764));
#17495=DIRECTION('',(-0.258819045,0.0,-0.965925826));
#17496=DIRECTION('',(0.0,-1.0,0.0));
#17497=ORIENTED_EDGE('',*,*,#17498,.T.);
#17498=EDGE_CURVE('',#17490,#17499,#17501,.T.);
#17499=VERTEX_POINT('',#17500);
#17500=CARTESIAN_POINT('',(6.615983814,8.6868,-1.904227595));
#17501=LINE('',#17502,#17503);
#17502=CARTESIAN_POINT('',(6.615983814,1.27,-1.904227595));
#17503=VECTOR('',#17504,1.0);
#17504=DIRECTION('',(0.0,1.0,0.0));
#17505=ORIENTED_EDGE('',*,*,#17506,.T.);
#17506=EDGE_CURVE('',#17499,#17507,#17509,.T.);
#17507=VERTEX_POINT('',#17508);
#17508=CARTESIAN_POINT('',(7.720037033,9.8298,-2.200057764));
#17509=CIRCLE('',#17510,1.143);
#17510=AXIS2_PLACEMENT_3D('',#17511,#17512,#17513);
#17511=CARTESIAN_POINT('',(7.720037033,8.6868,-2.200057764));
#17512=DIRECTION('',(-0.258819045,0.0,-0.965925826));
#17513=DIRECTION('',(-0.965925826,2.590520391E-14,0.258819045));
#17514=ORIENTED_EDGE('',*,*,#17515,.T.);
#17515=EDGE_CURVE('',#17507,#17349,#17516,.T.);
#17516=LINE('',#17517,#17518);
#17517=CARTESIAN_POINT('',(7.720037033,9.8298,-2.200057764));
#17518=VECTOR('',#17519,1.0);
#17519=DIRECTION('',(0.965925826,0.0,-0.258819045));
#17520=ORIENTED_EDGE('',*,*,#17348,.F.);
#17521=ORIENTED_EDGE('',*,*,#17456,.F.);
#17522=PLANE('',#17523);
#17523=AXIS2_PLACEMENT_3D('',#17524,#17525,#17526);
#17524=CARTESIAN_POINT('',(10.173488632,0.0,-2.857458138));
#17525=DIRECTION('',(-0.258819045,0.0,-0.965925826));
#17526=DIRECTION('',(-0.965925826,0.0,0.258819045));
#17527=ADVANCED_FACE('',(#17528),#17540,.T.);
#17528=FACE_BOUND('',#17529,.T.);
#17529=EDGE_LOOP('',(#17530,#17531,#17532,#17539));
#17530=ORIENTED_EDGE('',*,*,#17357,.F.);
#17531=ORIENTED_EDGE('',*,*,#17515,.F.);
#17532=ORIENTED_EDGE('',*,*,#17533,.T.);
#17533=EDGE_CURVE('',#17507,#17383,#17534,.T.);
#17534=CIRCLE('',#17535,0.127);
#17535=AXIS2_PLACEMENT_3D('',#17536,#17537,#17538);
#17536=CARTESIAN_POINT('',(7.752907052,9.8298,-2.077385184));
#17537=DIRECTION('',(0.965925826,0.0,-0.258819045));
#17538=DIRECTION('',(-0.258819045,0.0,-0.965925826));
#17539=ORIENTED_EDGE('',*,*,#17382,.F.);
#17540=CYLINDRICAL_SURFACE('',#17541,0.127);
#17541=AXIS2_PLACEMENT_3D('',#17542,#17543,#17544);
#17542=CARTESIAN_POINT('',(7.735956367,9.8298,-2.072843261));
#17543=DIRECTION('',(0.965925826,0.0,-0.258819045));
#17544=DIRECTION('',(-0.258819045,0.0,-0.965925826));
#17545=ADVANCED_FACE('',(#17546),#17558,.T.);
#17546=FACE_BOUND('',#17547,.T.);
#17547=EDGE_LOOP('',(#17548,#17549,#17550,#17557));
#17548=ORIENTED_EDGE('',*,*,#17533,.F.);
#17549=ORIENTED_EDGE('',*,*,#17506,.F.);
#17550=ORIENTED_EDGE('',*,*,#17551,.T.);
#17551=EDGE_CURVE('',#17499,#17391,#17552,.T.);
#17552=CIRCLE('',#17553,0.127);
#17553=AXIS2_PLACEMENT_3D('',#17554,#17555,#17556);
#17554=CARTESIAN_POINT('',(6.648853833,8.6868,-1.781555015));
#17555=DIRECTION('',(0.0,1.0,0.0));
#17556=DIRECTION('',(-0.258819045,0.0,-0.965925826));
#17557=ORIENTED_EDGE('',*,*,#17390,.F.);
#17558=TOROIDAL_SURFACE('',#17559,1.143,0.127);
#17559=AXIS2_PLACEMENT_3D('',#17560,#17561,#17562);
#17560=CARTESIAN_POINT('',(7.752907052,8.6868,-2.077385184));
#17561=DIRECTION('',(0.258819045,0.0,0.965925826));
#17562=DIRECTION('',(-0.965679713,-0.022572657,0.258753099));
#17563=ADVANCED_FACE('',(#17564),#17576,.T.);
#17564=FACE_BOUND('',#17565,.T.);
#17565=EDGE_LOOP('',(#17566,#17567,#17568,#17575));
#17566=ORIENTED_EDGE('',*,*,#17551,.F.);
#17567=ORIENTED_EDGE('',*,*,#17498,.F.);
#17568=ORIENTED_EDGE('',*,*,#17569,.T.);
#17569=EDGE_CURVE('',#17490,#17400,#17570,.T.);
#17570=CIRCLE('',#17571,0.127);
#17571=AXIS2_PLACEMENT_3D('',#17572,#17573,#17574);
#17572=CARTESIAN_POINT('',(6.648853833,1.27,-1.781555015));
#17573=DIRECTION('',(0.0,1.0,0.0));
#17574=DIRECTION('',(-0.258819045,0.0,-0.965925826));
#17575=ORIENTED_EDGE('',*,*,#17399,.F.);
#17576=CYLINDRICAL_SURFACE('',#17577,0.127);
#17577=AXIS2_PLACEMENT_3D('',#17578,#17579,#17580);
#17578=CARTESIAN_POINT('',(6.648853833,1.252451359,-1.781555015));
#17579=DIRECTION('',(0.0,1.0,0.0));
#17580=DIRECTION('',(-0.258819045,0.0,-0.965925826));
#17581=ADVANCED_FACE('',(#17582),#17594,.T.);
#17582=FACE_BOUND('',#17583,.T.);
#17583=EDGE_LOOP('',(#17584,#17585,#17586,#17593));
#17584=ORIENTED_EDGE('',*,*,#17569,.F.);
#17585=ORIENTED_EDGE('',*,*,#17489,.F.);
#17586=ORIENTED_EDGE('',*,*,#17587,.T.);
#17587=EDGE_CURVE('',#17482,#17408,#17588,.T.);
#17588=CIRCLE('',#17589,0.127);
#17589=AXIS2_PLACEMENT_3D('',#17590,#17591,#17592);
#17590=CARTESIAN_POINT('',(7.752907052,0.127,-2.077385184));
#17591=DIRECTION('',(-0.965925826,0.0,0.258819045));
#17592=DIRECTION('',(-0.258819045,0.0,-0.965925826));
#17593=ORIENTED_EDGE('',*,*,#17407,.F.);
#17594=TOROIDAL_SURFACE('',#17595,1.143,0.127);
#17595=AXIS2_PLACEMENT_3D('',#17596,#17597,#17598);
#17596=CARTESIAN_POINT('',(7.752907052,1.27,-2.077385184));
#17597=DIRECTION('',(-0.258819045,0.0,-0.965925826));
#17598=DIRECTION('',(0.015349238,-0.999873735,-0.004112816));
#17599=ADVANCED_FACE('',(#17600),#17612,.T.);
#17600=FACE_BOUND('',#17601,.T.);
#17601=EDGE_LOOP('',(#17602,#17603,#17604,#17611));
#17602=ORIENTED_EDGE('',*,*,#17587,.F.);
#17603=ORIENTED_EDGE('',*,*,#17481,.F.);
#17604=ORIENTED_EDGE('',*,*,#17605,.T.);
#17605=EDGE_CURVE('',#17473,#17417,#17606,.T.);
#17606=CIRCLE('',#17607,0.127);
#17607=AXIS2_PLACEMENT_3D('',#17608,#17609,#17610);
#17608=CARTESIAN_POINT('',(8.979632852,0.127,-2.406085371));
#17609=DIRECTION('',(-0.965925826,0.0,0.258819045));
#17610=DIRECTION('',(-0.258819045,0.0,-0.965925826));
#17611=ORIENTED_EDGE('',*,*,#17416,.F.);
#17612=CYLINDRICAL_SURFACE('',#17613,0.127);
#17613=AXIS2_PLACEMENT_3D('',#17614,#17615,#17616);
#17614=CARTESIAN_POINT('',(9.008894158,0.127,-2.413925914));
#17615=DIRECTION('',(-0.965925826,0.0,0.258819045));
#17616=DIRECTION('',(-0.258819045,0.0,-0.965925826));
#17617=ADVANCED_FACE('',(#17618),#17624,.T.);
#17618=FACE_BOUND('',#17619,.T.);
#17619=EDGE_LOOP('',(#17620,#17621,#17622,#17623));
#17620=ORIENTED_EDGE('',*,*,#17605,.F.);
#17621=ORIENTED_EDGE('',*,*,#17472,.F.);
#17622=ORIENTED_EDGE('',*,*,#17447,.F.);
#17623=ORIENTED_EDGE('',*,*,#17424,.F.);
#17624=TOROIDAL_SURFACE('',#17625,1.143,0.127);
#17625=AXIS2_PLACEMENT_3D('',#17626,#17627,#17628);
#17626=CARTESIAN_POINT('',(8.979632852,1.27,-2.406085371));
#17627=DIRECTION('',(0.258819045,0.0,0.965925826));
#17628=DIRECTION('',(0.965679713,0.022572657,-0.258753099));
#17629=MANIFOLD_SOLID_BREP('',#17630);
#17630=CLOSED_SHELL('',(#17631,#17675,#17741,#17766,#17825,#17843,#17861,#17879,#17897,#17915));
#17631=ADVANCED_FACE('',(#17632),#17670,.T.);
#17632=FACE_BOUND('',#17633,.T.);
#17633=EDGE_LOOP('',(#17634,#17645,#17654,#17663));
#17634=ORIENTED_EDGE('',*,*,#17635,.T.);
#17635=EDGE_CURVE('',#17636,#17638,#17640,.T.);
#17636=VERTEX_POINT('',#17637);
#17637=CARTESIAN_POINT('',(9.853263704,8.6868,-3.451144121));
#17638=VERTEX_POINT('',#17639);
#17639=CARTESIAN_POINT('',(9.766390587,8.6868,-3.689826047));
#17640=CIRCLE('',#17641,0.127);
#17641=AXIS2_PLACEMENT_3D('',#17642,#17643,#17644);
#17642=CARTESIAN_POINT('',(9.809827145,8.6868,-3.570485084));
#17643=DIRECTION('',(0.0,1.0,0.0));
#17644=DIRECTION('',(0.342020143,0.0,0.939692621));
#17645=ORIENTED_EDGE('',*,*,#17646,.T.);
#17646=EDGE_CURVE('',#17638,#17647,#17649,.F.);
#17647=VERTEX_POINT('',#17648);
#17648=CARTESIAN_POINT('',(8.692321922,9.8298,-3.298897023));
#17649=CIRCLE('',#17650,1.143);
#17650=AXIS2_PLACEMENT_3D('',#17651,#17652,#17653);
#17651=CARTESIAN_POINT('',(8.692321922,8.6868,-3.298897023));
#17652=DIRECTION('',(-0.342020143,0.0,-0.939692621));
#17653=DIRECTION('',(0.0,1.0,0.0));
#17654=ORIENTED_EDGE('',*,*,#17655,.T.);
#17655=EDGE_CURVE('',#17647,#17656,#17658,.T.);
#17656=VERTEX_POINT('',#17657);
#17657=CARTESIAN_POINT('',(8.779195038,9.8298,-3.060215098));
#17658=CIRCLE('',#17659,0.127);
#17659=AXIS2_PLACEMENT_3D('',#17660,#17661,#17662);
#17660=CARTESIAN_POINT('',(8.73575848,9.8298,-3.17955606));
#17661=DIRECTION('',(0.939692621,0.0,-0.342020143));
#17662=DIRECTION('',(-0.342020143,1.110223025E-14,-0.939692621));
#17663=ORIENTED_EDGE('',*,*,#17664,.T.);
#17664=EDGE_CURVE('',#17656,#17636,#17665,.F.);
#17665=CIRCLE('',#17666,1.143);
#17666=AXIS2_PLACEMENT_3D('',#17667,#17668,#17669);
#17667=CARTESIAN_POINT('',(8.779195038,8.6868,-3.060215098));
#17668=DIRECTION('',(0.342020143,0.0,0.939692621));
#17669=DIRECTION('',(0.939692621,0.0,-0.342020143));
#17670=TOROIDAL_SURFACE('',#17671,1.143,0.127);
#17671=AXIS2_PLACEMENT_3D('',#17672,#17673,#17674);
#17672=CARTESIAN_POINT('',(8.73575848,8.6868,-3.17955606));
#17673=DIRECTION('',(-0.342020143,0.0,-0.939692621));
#17674=DIRECTION('',(-0.014932374,0.999873735,0.00543494));
#17675=ADVANCED_FACE('',(#17676),#17736,.T.);
#17676=FACE_BOUND('',#17677,.T.);
#17677=EDGE_LOOP('',(#17678,#17679,#17687,#17696,#17704,#17713,#17721,#17730));
#17678=ORIENTED_EDGE('',*,*,#17664,.F.);
#17679=ORIENTED_EDGE('',*,*,#17680,.T.);
#17680=EDGE_CURVE('',#17656,#17681,#17683,.T.);
#17681=VERTEX_POINT('',#17682);
#17682=CARTESIAN_POINT('',(7.58578541,9.8298,-2.625849516));
#17683=LINE('',#17684,#17685);
#17684=CARTESIAN_POINT('',(8.779195038,9.8298,-3.060215098));
#17685=VECTOR('',#17686,1.0);
#17686=DIRECTION('',(-0.939692621,0.0,0.342020143));
#17687=ORIENTED_EDGE('',*,*,#17688,.T.);
#17688=EDGE_CURVE('',#17681,#17689,#17691,.T.);
#17689=VERTEX_POINT('',#17690);
#17690=CARTESIAN_POINT('',(6.511716744,8.6868,-2.234920492));
#17691=CIRCLE('',#17692,1.143);
#17692=AXIS2_PLACEMENT_3D('',#17693,#17694,#17695);
#17693=CARTESIAN_POINT('',(7.58578541,8.6868,-2.625849516));
#17694=DIRECTION('',(0.342020143,0.0,0.939692621));
#17695=DIRECTION('',(0.0,1.0,0.0));
#17696=ORIENTED_EDGE('',*,*,#17697,.T.);
#17697=EDGE_CURVE('',#17689,#17698,#17700,.T.);
#17698=VERTEX_POINT('',#17699);
#17699=CARTESIAN_POINT('',(6.511716744,1.27,-2.234920492));
#17700=LINE('',#17701,#17702);
#17701=CARTESIAN_POINT('',(6.511716744,8.6868,-2.234920492));
#17702=VECTOR('',#17703,1.0);
#17703=DIRECTION('',(0.0,-1.0,0.0));
#17704=ORIENTED_EDGE('',*,*,#17705,.T.);
#17705=EDGE_CURVE('',#17698,#17706,#17708,.T.);
#17706=VERTEX_POINT('',#17707);
#17707=CARTESIAN_POINT('',(7.58578541,0.127,-2.625849516));
#17708=CIRCLE('',#17709,1.143);
#17709=AXIS2_PLACEMENT_3D('',#17710,#17711,#17712);
#17710=CARTESIAN_POINT('',(7.58578541,1.27,-2.625849516));
#17711=DIRECTION('',(0.342020143,0.0,0.939692621));
#17712=DIRECTION('',(-0.939692621,0.0,0.342020143));
#17713=ORIENTED_EDGE('',*,*,#17714,.T.);
#17714=EDGE_CURVE('',#17706,#17715,#17717,.T.);
#17715=VERTEX_POINT('',#17716);
#17716=CARTESIAN_POINT('',(8.779195038,0.127,-3.060215098));
#17717=LINE('',#17718,#17719);
#17718=CARTESIAN_POINT('',(7.58578541,0.127,-2.625849516));
#17719=VECTOR('',#17720,1.0);
#17720=DIRECTION('',(0.939692621,0.0,-0.342020143));
#17721=ORIENTED_EDGE('',*,*,#17722,.T.);
#17722=EDGE_CURVE('',#17715,#17723,#17725,.T.);
#17723=VERTEX_POINT('',#17724);
#17724=CARTESIAN_POINT('',(9.853263704,1.27,-3.451144121));
#17725=CIRCLE('',#17726,1.143);
#17726=AXIS2_PLACEMENT_3D('',#17727,#17728,#17729);
#17727=CARTESIAN_POINT('',(8.779195038,1.27,-3.060215098));
#17728=DIRECTION('',(0.342020143,0.0,0.939692621));
#17729=DIRECTION('',(0.0,-1.0,0.0));
#17730=ORIENTED_EDGE('',*,*,#17731,.T.);
#17731=EDGE_CURVE('',#17723,#17636,#17732,.T.);
#17732=LINE('',#17733,#17734);
#17733=CARTESIAN_POINT('',(9.853263704,1.27,-3.451144121));
#17734=VECTOR('',#17735,1.0);
#17735=DIRECTION('',(0.0,1.0,0.0));
#17736=PLANE('',#17737);
#17737=AXIS2_PLACEMENT_3D('',#17738,#17739,#17740);
#17738=CARTESIAN_POINT('',(6.392375781,0.0,-2.191483934));
#17739=DIRECTION('',(0.342020143,0.0,0.939692621));
#17740=DIRECTION('',(0.939692621,0.0,-0.342020143));
#17741=ADVANCED_FACE('',(#17742),#17761,.T.);
#17742=FACE_BOUND('',#17743,.T.);
#17743=EDGE_LOOP('',(#17744,#17753,#17759,#17760));
#17744=ORIENTED_EDGE('',*,*,#17745,.T.);
#17745=EDGE_CURVE('',#17723,#17746,#17748,.F.);
#17746=VERTEX_POINT('',#17747);
#17747=CARTESIAN_POINT('',(9.766390587,1.27,-3.689826047));
#17748=CIRCLE('',#17749,0.127);
#17749=AXIS2_PLACEMENT_3D('',#17750,#17751,#17752);
#17750=CARTESIAN_POINT('',(9.809827145,1.27,-3.570485084));
#17751=DIRECTION('',(0.0,-1.0,0.0));
#17752=DIRECTION('',(-0.342020143,0.0,-0.939692621));
#17753=ORIENTED_EDGE('',*,*,#17754,.T.);
#17754=EDGE_CURVE('',#17746,#17638,#17755,.F.);
#17755=LINE('',#17756,#17757);
#17756=CARTESIAN_POINT('',(9.766390587,8.6868,-3.689826047));
#17757=VECTOR('',#17758,1.0);
#17758=DIRECTION('',(0.0,-1.0,0.0));
#17759=ORIENTED_EDGE('',*,*,#17635,.F.);
#17760=ORIENTED_EDGE('',*,*,#17731,.F.);
#17761=CYLINDRICAL_SURFACE('',#17762,0.127);
#17762=AXIS2_PLACEMENT_3D('',#17763,#17764,#17765);
#17763=CARTESIAN_POINT('',(9.809827145,8.717093534,-3.570485084));
#17764=DIRECTION('',(0.0,-1.0,0.0));
#17765=DIRECTION('',(-0.342020143,0.0,-0.939692621));
#17766=ADVANCED_FACE('',(#17767),#17820,.T.);
#17767=FACE_BOUND('',#17768,.T.);
#17768=EDGE_LOOP('',(#17769,#17778,#17786,#17795,#17803,#17812,#17818,#17819));
#17769=ORIENTED_EDGE('',*,*,#17770,.T.);
#17770=EDGE_CURVE('',#17746,#17771,#17773,.T.);
#17771=VERTEX_POINT('',#17772);
#17772=CARTESIAN_POINT('',(8.692321922,0.127,-3.298897023));
#17773=CIRCLE('',#17774,1.143);
#17774=AXIS2_PLACEMENT_3D('',#17775,#17776,#17777);
#17775=CARTESIAN_POINT('',(8.692321922,1.27,-3.298897023));
#17776=DIRECTION('',(-0.342020143,0.0,-0.939692621));
#17777=DIRECTION('',(0.939692621,0.0,-0.342020143));
#17778=ORIENTED_EDGE('',*,*,#17779,.T.);
#17779=EDGE_CURVE('',#17771,#17780,#17782,.T.);
#17780=VERTEX_POINT('',#17781);
#17781=CARTESIAN_POINT('',(7.498912293,0.127,-2.864531441));
#17782=LINE('',#17783,#17784);
#17783=CARTESIAN_POINT('',(8.692321922,0.127,-3.298897023));
#17784=VECTOR('',#17785,1.0);
#17785=DIRECTION('',(-0.939692621,0.0,0.342020143));
#17786=ORIENTED_EDGE('',*,*,#17787,.T.);
#17787=EDGE_CURVE('',#17780,#17788,#17790,.T.);
#17788=VERTEX_POINT('',#17789);
#17789=CARTESIAN_POINT('',(6.424843628,1.27,-2.473602417));
#17790=CIRCLE('',#17791,1.143);
#17791=AXIS2_PLACEMENT_3D('',#17792,#17793,#17794);
#17792=CARTESIAN_POINT('',(7.498912293,1.27,-2.864531441));
#17793=DIRECTION('',(-0.342020143,0.0,-0.939692621));
#17794=DIRECTION('',(0.0,-1.0,0.0));
#17795=ORIENTED_EDGE('',*,*,#17796,.T.);
#17796=EDGE_CURVE('',#17788,#17797,#17799,.T.);
#17797=VERTEX_POINT('',#17798);
#17798=CARTESIAN_POINT('',(6.424843628,8.6868,-2.473602417));
#17799=LINE('',#17800,#17801);
#17800=CARTESIAN_POINT('',(6.424843628,1.27,-2.473602417));
#17801=VECTOR('',#17802,1.0);
#17802=DIRECTION('',(0.0,1.0,0.0));
#17803=ORIENTED_EDGE('',*,*,#17804,.T.);
#17804=EDGE_CURVE('',#17797,#17805,#17807,.T.);
#17805=VERTEX_POINT('',#17806);
#17806=CARTESIAN_POINT('',(7.498912293,9.8298,-2.864531441));
#17807=CIRCLE('',#17808,1.143);
#17808=AXIS2_PLACEMENT_3D('',#17809,#17810,#17811);
#17809=CARTESIAN_POINT('',(7.498912293,8.6868,-2.864531441));
#17810=DIRECTION('',(-0.342020143,0.0,-0.939692621));
#17811=DIRECTION('',(-0.939692621,0.0,0.342020143));
#17812=ORIENTED_EDGE('',*,*,#17813,.T.);
#17813=EDGE_CURVE('',#17805,#17647,#17814,.T.);
#17814=LINE('',#17815,#17816);
#17815=CARTESIAN_POINT('',(7.498912293,9.8298,-2.864531441));
#17816=VECTOR('',#17817,1.0);
#17817=DIRECTION('',(0.939692621,0.0,-0.342020143));
#17818=ORIENTED_EDGE('',*,*,#17646,.F.);
#17819=ORIENTED_EDGE('',*,*,#17754,.F.);
#17820=PLANE('',#17821);
#17821=AXIS2_PLACEMENT_3D('',#17822,#17823,#17824);
#17822=CARTESIAN_POINT('',(9.88573155,0.0,-3.733262605));
#17823=DIRECTION('',(-0.342020143,0.0,-0.939692621));
#17824=DIRECTION('',(-0.939692621,0.0,0.342020143));
#17825=ADVANCED_FACE('',(#17826),#17838,.T.);
#17826=FACE_BOUND('',#17827,.T.);
#17827=EDGE_LOOP('',(#17828,#17829,#17830,#17837));
#17828=ORIENTED_EDGE('',*,*,#17655,.F.);
#17829=ORIENTED_EDGE('',*,*,#17813,.F.);
#17830=ORIENTED_EDGE('',*,*,#17831,.T.);
#17831=EDGE_CURVE('',#17805,#17681,#17832,.T.);
#17832=CIRCLE('',#17833,0.127);
#17833=AXIS2_PLACEMENT_3D('',#17834,#17835,#17836);
#17834=CARTESIAN_POINT('',(7.542348851,9.8298,-2.745190478));
#17835=DIRECTION('',(0.939692621,0.0,-0.342020143));
#17836=DIRECTION('',(-0.342020143,1.110223025E-14,-0.939692621));
#17837=ORIENTED_EDGE('',*,*,#17680,.F.);
#17838=CYLINDRICAL_SURFACE('',#17839,0.127);
#17839=AXIS2_PLACEMENT_3D('',#17840,#17841,#17842);
#17840=CARTESIAN_POINT('',(7.525858523,9.8298,-2.73918849));
#17841=DIRECTION('',(0.939692621,0.0,-0.342020143));
#17842=DIRECTION('',(-0.342020143,0.0,-0.939692621));
#17843=ADVANCED_FACE('',(#17844),#17856,.T.);
#17844=FACE_BOUND('',#17845,.T.);
#17845=EDGE_LOOP('',(#17846,#17847,#17848,#17855));
#17846=ORIENTED_EDGE('',*,*,#17831,.F.);
#17847=ORIENTED_EDGE('',*,*,#17804,.F.);
#17848=ORIENTED_EDGE('',*,*,#17849,.T.);
#17849=EDGE_CURVE('',#17797,#17689,#17850,.T.);
#17850=CIRCLE('',#17851,0.127);
#17851=AXIS2_PLACEMENT_3D('',#17852,#17853,#17854);
#17852=CARTESIAN_POINT('',(6.468280186,8.6868,-2.354261455));
#17853=DIRECTION('',(0.0,1.0,0.0));
#17854=DIRECTION('',(-0.342020143,0.0,-0.939692621));
#17855=ORIENTED_EDGE('',*,*,#17688,.F.);
#17856=TOROIDAL_SURFACE('',#17857,1.143,0.127);
#17857=AXIS2_PLACEMENT_3D('',#17858,#17859,#17860);
#17858=CARTESIAN_POINT('',(7.542348851,8.6868,-2.745190478));
#17859=DIRECTION('',(0.342020143,0.0,0.939692621));
#17860=DIRECTION('',(-0.939453192,-0.022572657,0.341932998));
#17861=ADVANCED_FACE('',(#17862),#17874,.T.);
#17862=FACE_BOUND('',#17863,.T.);
#17863=EDGE_LOOP('',(#17864,#17865,#17866,#17873));
#17864=ORIENTED_EDGE('',*,*,#17849,.F.);
#17865=ORIENTED_EDGE('',*,*,#17796,.F.);
#17866=ORIENTED_EDGE('',*,*,#17867,.T.);
#17867=EDGE_CURVE('',#17788,#17698,#17868,.T.);
#17868=CIRCLE('',#17869,0.127);
#17869=AXIS2_PLACEMENT_3D('',#17870,#17871,#17872);
#17870=CARTESIAN_POINT('',(6.468280186,1.27,-2.354261455));
#17871=DIRECTION('',(0.0,1.0,0.0));
#17872=DIRECTION('',(-0.342020143,0.0,-0.939692621));
#17873=ORIENTED_EDGE('',*,*,#17697,.F.);
#17874=CYLINDRICAL_SURFACE('',#17875,0.127);
#17875=AXIS2_PLACEMENT_3D('',#17876,#17877,#17878);
#17876=CARTESIAN_POINT('',(6.468280186,1.252451359,-2.354261455));
#17877=DIRECTION('',(0.0,1.0,0.0));
#17878=DIRECTION('',(-0.342020143,0.0,-0.939692621));
#17879=ADVANCED_FACE('',(#17880),#17892,.T.);
#17880=FACE_BOUND('',#17881,.T.);
#17881=EDGE_LOOP('',(#17882,#17883,#17884,#17891));
#17882=ORIENTED_EDGE('',*,*,#17867,.F.);
#17883=ORIENTED_EDGE('',*,*,#17787,.F.);
#17884=ORIENTED_EDGE('',*,*,#17885,.T.);
#17885=EDGE_CURVE('',#17780,#17706,#17886,.T.);
#17886=CIRCLE('',#17887,0.127);
#17887=AXIS2_PLACEMENT_3D('',#17888,#17889,#17890);
#17888=CARTESIAN_POINT('',(7.542348851,0.127,-2.745190478));
#17889=DIRECTION('',(-0.939692621,0.0,0.342020143));
#17890=DIRECTION('',(-0.342020143,0.0,-0.939692621));
#17891=ORIENTED_EDGE('',*,*,#17705,.F.);
#17892=TOROIDAL_SURFACE('',#17893,1.143,0.127);
#17893=AXIS2_PLACEMENT_3D('',#17894,#17895,#17896);
#17894=CARTESIAN_POINT('',(7.542348851,1.27,-2.745190478));
#17895=DIRECTION('',(-0.342020143,0.0,-0.939692621));
#17896=DIRECTION('',(0.014932374,-0.999873735,-0.00543494));
#17897=ADVANCED_FACE('',(#17898),#17910,.T.);
#17898=FACE_BOUND('',#17899,.T.);
#17899=EDGE_LOOP('',(#17900,#17901,#17902,#17909));
#17900=ORIENTED_EDGE('',*,*,#17885,.F.);
#17901=ORIENTED_EDGE('',*,*,#17779,.F.);
#17902=ORIENTED_EDGE('',*,*,#17903,.T.);
#17903=EDGE_CURVE('',#17771,#17715,#17904,.T.);
#17904=CIRCLE('',#17905,0.127);
#17905=AXIS2_PLACEMENT_3D('',#17906,#17907,#17908);
#17906=CARTESIAN_POINT('',(8.73575848,0.127,-3.17955606));
#17907=DIRECTION('',(-0.939692621,0.0,0.342020143));
#17908=DIRECTION('',(-0.342020143,0.0,-0.939692621));
#17909=ORIENTED_EDGE('',*,*,#17714,.F.);
#17910=CYLINDRICAL_SURFACE('',#17911,0.127);
#17911=AXIS2_PLACEMENT_3D('',#17912,#17913,#17914);
#17912=CARTESIAN_POINT('',(8.76422509,0.127,-3.189917059));
#17913=DIRECTION('',(-0.939692621,0.0,0.342020143));
#17914=DIRECTION('',(-0.342020143,0.0,-0.939692621));
#17915=ADVANCED_FACE('',(#17916),#17922,.T.);
#17916=FACE_BOUND('',#17917,.T.);
#17917=EDGE_LOOP('',(#17918,#17919,#17920,#17921));
#17918=ORIENTED_EDGE('',*,*,#17903,.F.);
#17919=ORIENTED_EDGE('',*,*,#17770,.F.);
#17920=ORIENTED_EDGE('',*,*,#17745,.F.);
#17921=ORIENTED_EDGE('',*,*,#17722,.F.);
#17922=TOROIDAL_SURFACE('',#17923,1.143,0.127);
#17923=AXIS2_PLACEMENT_3D('',#17924,#17925,#17926);
#17924=CARTESIAN_POINT('',(8.73575848,1.27,-3.17955606));
#17925=DIRECTION('',(0.342020143,0.0,0.939692621));
#17926=DIRECTION('',(0.939453192,0.022572657,-0.341932998));
#17927=MANIFOLD_SOLID_BREP('',#17928);
#17928=CLOSED_SHELL('',(#17929,#17973,#18039,#18064,#18123,#18141,#18159,#18177,#18195,#18213));
#17929=ADVANCED_FACE('',(#17930),#17968,.T.);
#17930=FACE_BOUND('',#17931,.T.);
#17931=EDGE_LOOP('',(#17932,#17943,#17952,#17961));
#17932=ORIENTED_EDGE('',*,*,#17933,.T.);
#17933=EDGE_CURVE('',#17934,#17936,#17938,.T.);
#17934=VERTEX_POINT('',#17935);
#17935=CARTESIAN_POINT('',(9.514982031,8.6868,-4.296779993));
#17936=VERTEX_POINT('',#17937);
#17937=CARTESIAN_POINT('',(9.407636993,8.6868,-4.526982171));
#17938=CIRCLE('',#17939,0.127);
#17939=AXIS2_PLACEMENT_3D('',#17940,#17941,#17942);
#17940=CARTESIAN_POINT('',(9.461309512,8.6868,-4.411881082));
#17941=DIRECTION('',(0.0,1.0,0.0));
#17942=DIRECTION('',(0.422618262,0.0,0.906307787));
#17943=ORIENTED_EDGE('',*,*,#17944,.T.);
#17944=EDGE_CURVE('',#17936,#17945,#17947,.F.);
#17945=VERTEX_POINT('',#17946);
#17946=CARTESIAN_POINT('',(8.371727192,9.8298,-4.043929497));
#17947=CIRCLE('',#17948,1.143);
#17948=AXIS2_PLACEMENT_3D('',#17949,#17950,#17951);
#17949=CARTESIAN_POINT('',(8.371727192,8.6868,-4.043929497));
#17950=DIRECTION('',(-0.422618262,0.0,-0.906307787));
#17951=DIRECTION('',(0.0,1.0,0.0));
#17952=ORIENTED_EDGE('',*,*,#17953,.T.);
#17953=EDGE_CURVE('',#17945,#17954,#17956,.T.);
#17954=VERTEX_POINT('',#17955);
#17955=CARTESIAN_POINT('',(8.479072231,9.8298,-3.813727319));
#17956=CIRCLE('',#17957,0.127);
#17957=AXIS2_PLACEMENT_3D('',#17958,#17959,#17960);
#17958=CARTESIAN_POINT('',(8.425399711,9.8298,-3.928828408));
#17959=DIRECTION('',(0.906307787,0.0,-0.422618262));
#17960=DIRECTION('',(-0.422618262,0.0,-0.906307787));
#17961=ORIENTED_EDGE('',*,*,#17962,.T.);
#17962=EDGE_CURVE('',#17954,#17934,#17963,.F.);
#17963=CIRCLE('',#17964,1.143);
#17964=AXIS2_PLACEMENT_3D('',#17965,#17966,#17967);
#17965=CARTESIAN_POINT('',(8.479072231,8.6868,-3.813727319));
#17966=DIRECTION('',(0.422618262,0.0,0.906307787));
#17967=DIRECTION('',(0.906307787,0.0,-0.422618262));
#17968=TOROIDAL_SURFACE('',#17969,1.143,0.127);
#17969=AXIS2_PLACEMENT_3D('',#17970,#17971,#17972);
#17970=CARTESIAN_POINT('',(8.425399711,8.6868,-3.928828408));
#17971=DIRECTION('',(-0.422618262,0.0,-0.906307787));
#17972=DIRECTION('',(-0.014401866,0.999873735,0.0067157));
#17973=ADVANCED_FACE('',(#17974),#18034,.T.);
#17974=FACE_BOUND('',#17975,.T.);
#17975=EDGE_LOOP('',(#17976,#17977,#17985,#17994,#18002,#18011,#18019,#18028));
#17976=ORIENTED_EDGE('',*,*,#17962,.F.);
#17977=ORIENTED_EDGE('',*,*,#17978,.T.);
#17978=EDGE_CURVE('',#17954,#17979,#17981,.T.);
#17979=VERTEX_POINT('',#17980);
#17980=CARTESIAN_POINT('',(7.328061341,9.8298,-3.277002127));
#17981=LINE('',#17982,#17983);
#17982=CARTESIAN_POINT('',(8.479072231,9.8298,-3.813727319));
#17983=VECTOR('',#17984,1.0);
#17984=DIRECTION('',(-0.906307787,0.0,0.422618262));
#17985=ORIENTED_EDGE('',*,*,#17986,.T.);
#17986=EDGE_CURVE('',#17979,#17987,#17989,.T.);
#17987=VERTEX_POINT('',#17988);
#17988=CARTESIAN_POINT('',(6.292151541,8.6868,-2.793949454));
#17989=CIRCLE('',#17990,1.143);
#17990=AXIS2_PLACEMENT_3D('',#17991,#17992,#17993);
#17991=CARTESIAN_POINT('',(7.328061341,8.6868,-3.277002127));
#17992=DIRECTION('',(0.422618262,0.0,0.906307787));
#17993=DIRECTION('',(0.0,1.0,0.0));
#17994=ORIENTED_EDGE('',*,*,#17995,.T.);
#17995=EDGE_CURVE('',#17987,#17996,#17998,.T.);
#17996=VERTEX_POINT('',#17997);
#17997=CARTESIAN_POINT('',(6.292151541,1.27,-2.793949454));
#17998=LINE('',#17999,#18000);
#17999=CARTESIAN_POINT('',(6.292151541,8.6868,-2.793949454));
#18000=VECTOR('',#18001,1.0);
#18001=DIRECTION('',(0.0,-1.0,0.0));
#18002=ORIENTED_EDGE('',*,*,#18003,.T.);
#18003=EDGE_CURVE('',#17996,#18004,#18006,.T.);
#18004=VERTEX_POINT('',#18005);
#18005=CARTESIAN_POINT('',(7.328061341,0.127,-3.277002127));
#18006=CIRCLE('',#18007,1.143);
#18007=AXIS2_PLACEMENT_3D('',#18008,#18009,#18010);
#18008=CARTESIAN_POINT('',(7.328061341,1.27,-3.277002127));
#18009=DIRECTION('',(0.422618262,0.0,0.906307787));
#18010=DIRECTION('',(-0.906307787,0.0,0.422618262));
#18011=ORIENTED_EDGE('',*,*,#18012,.T.);
#18012=EDGE_CURVE('',#18004,#18013,#18015,.T.);
#18013=VERTEX_POINT('',#18014);
#18014=CARTESIAN_POINT('',(8.479072231,0.127,-3.813727319));
#18015=LINE('',#18016,#18017);
#18016=CARTESIAN_POINT('',(7.328061341,0.127,-3.277002127));
#18017=VECTOR('',#18018,1.0);
#18018=DIRECTION('',(0.906307787,0.0,-0.422618262));
#18019=ORIENTED_EDGE('',*,*,#18020,.T.);
#18020=EDGE_CURVE('',#18013,#18021,#18023,.T.);
#18021=VERTEX_POINT('',#18022);
#18022=CARTESIAN_POINT('',(9.514982031,1.27,-4.296779993));
#18023=CIRCLE('',#18024,1.143);
#18024=AXIS2_PLACEMENT_3D('',#18025,#18026,#18027);
#18025=CARTESIAN_POINT('',(8.479072231,1.27,-3.813727319));
#18026=DIRECTION('',(0.422618262,0.0,0.906307787));
#18027=DIRECTION('',(0.0,-1.0,0.0));
#18028=ORIENTED_EDGE('',*,*,#18029,.T.);
#18029=EDGE_CURVE('',#18021,#17934,#18030,.T.);
#18030=LINE('',#18031,#18032);
#18031=CARTESIAN_POINT('',(9.514982031,1.27,-4.296779993));
#18032=VECTOR('',#18033,1.0);
#18033=DIRECTION('',(0.0,1.0,0.0));
#18034=PLANE('',#18035);
#18035=AXIS2_PLACEMENT_3D('',#18036,#18037,#18038);
#18036=CARTESIAN_POINT('',(6.177050452,0.0,-2.740276935));
#18037=DIRECTION('',(0.422618262,0.0,0.906307787));
#18038=DIRECTION('',(0.906307787,0.0,-0.422618262));
#18039=ADVANCED_FACE('',(#18040),#18059,.T.);
#18040=FACE_BOUND('',#18041,.T.);
#18041=EDGE_LOOP('',(#18042,#18051,#18057,#18058));
#18042=ORIENTED_EDGE('',*,*,#18043,.T.);
#18043=EDGE_CURVE('',#18021,#18044,#18046,.F.);
#18044=VERTEX_POINT('',#18045);
#18045=CARTESIAN_POINT('',(9.407636993,1.27,-4.526982171));
#18046=CIRCLE('',#18047,0.127);
#18047=AXIS2_PLACEMENT_3D('',#18048,#18049,#18050);
#18048=CARTESIAN_POINT('',(9.461309512,1.27,-4.411881082));
#18049=DIRECTION('',(0.0,-1.0,0.0));
#18050=DIRECTION('',(-0.422618262,0.0,-0.906307787));
#18051=ORIENTED_EDGE('',*,*,#18052,.T.);
#18052=EDGE_CURVE('',#18044,#17936,#18053,.F.);
#18053=LINE('',#18054,#18055);
#18054=CARTESIAN_POINT('',(9.407636993,8.6868,-4.526982171));
#18055=VECTOR('',#18056,1.0);
#18056=DIRECTION('',(0.0,-1.0,0.0));
#18057=ORIENTED_EDGE('',*,*,#17933,.F.);
#18058=ORIENTED_EDGE('',*,*,#18029,.F.);
#18059=CYLINDRICAL_SURFACE('',#18060,0.127);
#18060=AXIS2_PLACEMENT_3D('',#18061,#18062,#18063);
#18061=CARTESIAN_POINT('',(9.461309512,8.717093534,-4.411881082));
#18062=DIRECTION('',(0.0,-1.0,0.0));
#18063=DIRECTION('',(-0.422618262,0.0,-0.906307787));
#18064=ADVANCED_FACE('',(#18065),#18118,.T.);
#18065=FACE_BOUND('',#18066,.T.);
#18066=EDGE_LOOP('',(#18067,#18076,#18084,#18093,#18101,#18110,#18116,#18117));
#18067=ORIENTED_EDGE('',*,*,#18068,.T.);
#18068=EDGE_CURVE('',#18044,#18069,#18071,.T.);
#18069=VERTEX_POINT('',#18070);
#18070=CARTESIAN_POINT('',(8.371727192,0.127,-4.043929497));
#18071=CIRCLE('',#18072,1.143);
#18072=AXIS2_PLACEMENT_3D('',#18073,#18074,#18075);
#18073=CARTESIAN_POINT('',(8.371727192,1.27,-4.043929497));
#18074=DIRECTION('',(-0.422618262,0.0,-0.906307787));
#18075=DIRECTION('',(0.906307787,0.0,-0.422618262));
#18076=ORIENTED_EDGE('',*,*,#18077,.T.);
#18077=EDGE_CURVE('',#18069,#18078,#18080,.T.);
#18078=VERTEX_POINT('',#18079);
#18079=CARTESIAN_POINT('',(7.220716303,0.127,-3.507204305));
#18080=LINE('',#18081,#18082);
#18081=CARTESIAN_POINT('',(8.371727192,0.127,-4.043929497));
#18082=VECTOR('',#18083,1.0);
#18083=DIRECTION('',(-0.906307787,0.0,0.422618262));
#18084=ORIENTED_EDGE('',*,*,#18085,.T.);
#18085=EDGE_CURVE('',#18078,#18086,#18088,.T.);
#18086=VERTEX_POINT('',#18087);
#18087=CARTESIAN_POINT('',(6.184806502,1.27,-3.024151632));
#18088=CIRCLE('',#18089,1.143);
#18089=AXIS2_PLACEMENT_3D('',#18090,#18091,#18092);
#18090=CARTESIAN_POINT('',(7.220716303,1.27,-3.507204305));
#18091=DIRECTION('',(-0.422618262,0.0,-0.906307787));
#18092=DIRECTION('',(0.0,-1.0,0.0));
#18093=ORIENTED_EDGE('',*,*,#18094,.T.);
#18094=EDGE_CURVE('',#18086,#18095,#18097,.T.);
#18095=VERTEX_POINT('',#18096);
#18096=CARTESIAN_POINT('',(6.184806502,8.6868,-3.024151632));
#18097=LINE('',#18098,#18099);
#18098=CARTESIAN_POINT('',(6.184806502,1.27,-3.024151632));
#18099=VECTOR('',#18100,1.0);
#18100=DIRECTION('',(0.0,1.0,0.0));
#18101=ORIENTED_EDGE('',*,*,#18102,.T.);
#18102=EDGE_CURVE('',#18095,#18103,#18105,.T.);
#18103=VERTEX_POINT('',#18104);
#18104=CARTESIAN_POINT('',(7.220716303,9.8298,-3.507204305));
#18105=CIRCLE('',#18106,1.143);
#18106=AXIS2_PLACEMENT_3D('',#18107,#18108,#18109);
#18107=CARTESIAN_POINT('',(7.220716303,8.6868,-3.507204305));
#18108=DIRECTION('',(-0.422618262,0.0,-0.906307787));
#18109=DIRECTION('',(-0.906307787,0.0,0.422618262));
#18110=ORIENTED_EDGE('',*,*,#18111,.T.);
#18111=EDGE_CURVE('',#18103,#17945,#18112,.T.);
#18112=LINE('',#18113,#18114);
#18113=CARTESIAN_POINT('',(7.220716303,9.8298,-3.507204305));
#18114=VECTOR('',#18115,1.0);
#18115=DIRECTION('',(0.906307787,0.0,-0.422618262));
#18116=ORIENTED_EDGE('',*,*,#17944,.F.);
#18117=ORIENTED_EDGE('',*,*,#18052,.F.);
#18118=PLANE('',#18119);
#18119=AXIS2_PLACEMENT_3D('',#18120,#18121,#18122);
#18120=CARTESIAN_POINT('',(9.522738082,0.0,-4.58065469));
#18121=DIRECTION('',(-0.422618262,0.0,-0.906307787));
#18122=DIRECTION('',(-0.906307787,0.0,0.422618262));
#18123=ADVANCED_FACE('',(#18124),#18136,.T.);
#18124=FACE_BOUND('',#18125,.T.);
#18125=EDGE_LOOP('',(#18126,#18127,#18128,#18135));
#18126=ORIENTED_EDGE('',*,*,#17953,.F.);
#18127=ORIENTED_EDGE('',*,*,#18111,.F.);
#18128=ORIENTED_EDGE('',*,*,#18129,.T.);
#18129=EDGE_CURVE('',#18103,#17979,#18130,.T.);
#18130=CIRCLE('',#18131,0.127);
#18131=AXIS2_PLACEMENT_3D('',#18132,#18133,#18134);
#18132=CARTESIAN_POINT('',(7.274388822,9.8298,-3.392103216));
#18133=DIRECTION('',(0.906307787,0.0,-0.422618262));
#18134=DIRECTION('',(-0.422618262,0.0,-0.906307787));
#18135=ORIENTED_EDGE('',*,*,#17978,.F.);
#18136=CYLINDRICAL_SURFACE('',#18137,0.127);
#18137=AXIS2_PLACEMENT_3D('',#18138,#18139,#18140);
#18138=CARTESIAN_POINT('',(7.258484352,9.8298,-3.38468684));
#18139=DIRECTION('',(0.906307787,0.0,-0.422618262));
#18140=DIRECTION('',(-0.422618262,0.0,-0.906307787));
#18141=ADVANCED_FACE('',(#18142),#18154,.T.);
#18142=FACE_BOUND('',#18143,.T.);
#18143=EDGE_LOOP('',(#18144,#18145,#18146,#18153));
#18144=ORIENTED_EDGE('',*,*,#18129,.F.);
#18145=ORIENTED_EDGE('',*,*,#18102,.F.);
#18146=ORIENTED_EDGE('',*,*,#18147,.T.);
#18147=EDGE_CURVE('',#18095,#17987,#18148,.T.);
#18148=CIRCLE('',#18149,0.127);
#18149=AXIS2_PLACEMENT_3D('',#18150,#18151,#18152);
#18150=CARTESIAN_POINT('',(6.238479021,8.6868,-2.909050543));
#18151=DIRECTION('',(0.0,1.0,0.0));
#18152=DIRECTION('',(-0.422618262,0.0,-0.906307787));
#18153=ORIENTED_EDGE('',*,*,#17986,.F.);
#18154=TOROIDAL_SURFACE('',#18155,1.143,0.127);
#18155=AXIS2_PLACEMENT_3D('',#18156,#18157,#18158);
#18156=CARTESIAN_POINT('',(7.274388822,8.6868,-3.392103216));
#18157=DIRECTION('',(0.422618262,0.0,0.906307787));
#18158=DIRECTION('',(-0.906076864,-0.022572657,0.422510581));
#18159=ADVANCED_FACE('',(#18160),#18172,.T.);
#18160=FACE_BOUND('',#18161,.T.);
#18161=EDGE_LOOP('',(#18162,#18163,#18164,#18171));
#18162=ORIENTED_EDGE('',*,*,#18147,.F.);
#18163=ORIENTED_EDGE('',*,*,#18094,.F.);
#18164=ORIENTED_EDGE('',*,*,#18165,.T.);
#18165=EDGE_CURVE('',#18086,#17996,#18166,.T.);
#18166=CIRCLE('',#18167,0.127);
#18167=AXIS2_PLACEMENT_3D('',#18168,#18169,#18170);
#18168=CARTESIAN_POINT('',(6.238479021,1.27,-2.909050543));
#18169=DIRECTION('',(0.0,1.0,0.0));
#18170=DIRECTION('',(-0.422618262,0.0,-0.906307787));
#18171=ORIENTED_EDGE('',*,*,#17995,.F.);
#18172=CYLINDRICAL_SURFACE('',#18173,0.127);
#18173=AXIS2_PLACEMENT_3D('',#18174,#18175,#18176);
#18174=CARTESIAN_POINT('',(6.238479021,1.252451359,-2.909050543));
#18175=DIRECTION('',(0.0,1.0,0.0));
#18176=DIRECTION('',(-0.422618262,0.0,-0.906307787));
#18177=ADVANCED_FACE('',(#18178),#18190,.T.);
#18178=FACE_BOUND('',#18179,.T.);
#18179=EDGE_LOOP('',(#18180,#18181,#18182,#18189));
#18180=ORIENTED_EDGE('',*,*,#18165,.F.);
#18181=ORIENTED_EDGE('',*,*,#18085,.F.);
#18182=ORIENTED_EDGE('',*,*,#18183,.T.);
#18183=EDGE_CURVE('',#18078,#18004,#18184,.T.);
#18184=CIRCLE('',#18185,0.127);
#18185=AXIS2_PLACEMENT_3D('',#18186,#18187,#18188);
#18186=CARTESIAN_POINT('',(7.274388822,0.127,-3.392103216));
#18187=DIRECTION('',(-0.906307787,0.0,0.422618262));
#18188=DIRECTION('',(-0.422618262,0.0,-0.906307787));
#18189=ORIENTED_EDGE('',*,*,#18003,.F.);
#18190=TOROIDAL_SURFACE('',#18191,1.143,0.127);
#18191=AXIS2_PLACEMENT_3D('',#18192,#18193,#18194);
#18192=CARTESIAN_POINT('',(7.274388822,1.27,-3.392103216));
#18193=DIRECTION('',(-0.422618262,0.0,-0.906307787));
#18194=DIRECTION('',(0.014401866,-0.999873735,-0.0067157));
#18195=ADVANCED_FACE('',(#18196),#18208,.T.);
#18196=FACE_BOUND('',#18197,.T.);
#18197=EDGE_LOOP('',(#18198,#18199,#18200,#18207));
#18198=ORIENTED_EDGE('',*,*,#18183,.F.);
#18199=ORIENTED_EDGE('',*,*,#18077,.F.);
#18200=ORIENTED_EDGE('',*,*,#18201,.T.);
#18201=EDGE_CURVE('',#18069,#18013,#18202,.T.);
#18202=CIRCLE('',#18203,0.127);
#18203=AXIS2_PLACEMENT_3D('',#18204,#18205,#18206);
#18204=CARTESIAN_POINT('',(8.425399711,0.127,-3.928828408));
#18205=DIRECTION('',(-0.906307787,0.0,0.422618262));
#18206=DIRECTION('',(-0.422618262,0.0,-0.906307787));
#18207=ORIENTED_EDGE('',*,*,#18012,.F.);
#18208=CYLINDRICAL_SURFACE('',#18209,0.127);
#18209=AXIS2_PLACEMENT_3D('',#18210,#18211,#18212);
#18210=CARTESIAN_POINT('',(8.452854977,0.127,-3.941631009));
#18211=DIRECTION('',(-0.906307787,0.0,0.422618262));
#18212=DIRECTION('',(-0.422618262,0.0,-0.906307787));
#18213=ADVANCED_FACE('',(#18214),#18220,.T.);
#18214=FACE_BOUND('',#18215,.T.);
#18215=EDGE_LOOP('',(#18216,#18217,#18218,#18219));
#18216=ORIENTED_EDGE('',*,*,#18201,.F.);
#18217=ORIENTED_EDGE('',*,*,#18068,.F.);
#18218=ORIENTED_EDGE('',*,*,#18043,.F.);
#18219=ORIENTED_EDGE('',*,*,#18020,.F.);
#18220=TOROIDAL_SURFACE('',#18221,1.143,0.127);
#18221=AXIS2_PLACEMENT_3D('',#18222,#18223,#18224);
#18222=CARTESIAN_POINT('',(8.425399711,1.27,-3.928828408));
#18223=DIRECTION('',(0.422618262,0.0,0.906307787));
#18224=DIRECTION('',(0.906076864,0.022572657,-0.422510581));
#18225=MANIFOLD_SOLID_BREP('',#18226);
#18226=CLOSED_SHELL('',(#18227,#18271,#18337,#18362,#18421,#18439,#18457,#18475,#18493,#18511));
#18227=ADVANCED_FACE('',(#18228),#18266,.T.);
#18228=FACE_BOUND('',#18229,.T.);
#18229=EDGE_LOOP('',(#18230,#18241,#18250,#18259));
#18230=ORIENTED_EDGE('',*,*,#18231,.T.);
#18231=EDGE_CURVE('',#18232,#18234,#18236,.T.);
#18232=VERTEX_POINT('',#18233);
#18233=CARTESIAN_POINT('',(9.1042856,8.6868,-5.109714774));
#18234=VERTEX_POINT('',#18235);
#18235=CARTESIAN_POINT('',(8.9772856,8.6868,-5.329685226));
#18236=CIRCLE('',#18237,0.127);
#18237=AXIS2_PLACEMENT_3D('',#18238,#18239,#18240);
#18238=CARTESIAN_POINT('',(9.0407856,8.6868,-5.2197));
#18239=DIRECTION('',(0.0,1.0,0.0));
#18240=DIRECTION('',(0.5,0.0,0.866025404));
#18241=ORIENTED_EDGE('',*,*,#18242,.T.);
#18242=EDGE_CURVE('',#18234,#18243,#18245,.F.);
#18243=VERTEX_POINT('',#18244);
#18244=CARTESIAN_POINT('',(7.987418564,9.8298,-4.758185226));
#18245=CIRCLE('',#18246,1.143);
#18246=AXIS2_PLACEMENT_3D('',#18247,#18248,#18249);
#18247=CARTESIAN_POINT('',(7.987418564,8.6868,-4.758185226));
#18248=DIRECTION('',(-0.5,0.0,-0.866025404));
#18249=DIRECTION('',(0.0,1.0,0.0));
#18250=ORIENTED_EDGE('',*,*,#18251,.T.);
#18251=EDGE_CURVE('',#18243,#18252,#18254,.T.);
#18252=VERTEX_POINT('',#18253);
#18253=CARTESIAN_POINT('',(8.114418564,9.8298,-4.538214774));
#18254=CIRCLE('',#18255,0.127);
#18255=AXIS2_PLACEMENT_3D('',#18256,#18257,#18258);
#18256=CARTESIAN_POINT('',(8.050918564,9.8298,-4.6482));
#18257=DIRECTION('',(0.866025404,0.0,-0.5));
#18258=DIRECTION('',(-0.5,0.0,-0.866025404));
#18259=ORIENTED_EDGE('',*,*,#18260,.T.);
#18260=EDGE_CURVE('',#18252,#18232,#18261,.F.);
#18261=CIRCLE('',#18262,1.143);
#18262=AXIS2_PLACEMENT_3D('',#18263,#18264,#18265);
#18263=CARTESIAN_POINT('',(8.114418564,8.6868,-4.538214774));
#18264=DIRECTION('',(0.5,0.0,0.866025404));
#18265=DIRECTION('',(0.866025404,0.0,-0.5));
#18266=TOROIDAL_SURFACE('',#18267,1.143,0.127);
#18267=AXIS2_PLACEMENT_3D('',#18268,#18269,#18270);
#18268=CARTESIAN_POINT('',(8.050918564,8.6868,-4.6482));
#18269=DIRECTION('',(-0.5,0.0,-0.866025404));
#18270=DIRECTION('',(-0.013761751,0.999873735,0.00794535));
#18271=ADVANCED_FACE('',(#18272),#18332,.T.);
#18272=FACE_BOUND('',#18273,.T.);
#18273=EDGE_LOOP('',(#18274,#18275,#18283,#18292,#18300,#18309,#18317,#18326));
#18274=ORIENTED_EDGE('',*,*,#18260,.F.);
#18275=ORIENTED_EDGE('',*,*,#18276,.T.);
#18276=EDGE_CURVE('',#18252,#18277,#18279,.T.);
#18277=VERTEX_POINT('',#18278);
#18278=CARTESIAN_POINT('',(7.014566301,9.8298,-3.903214774));
#18279=LINE('',#18280,#18281);
#18280=CARTESIAN_POINT('',(8.114418564,9.8298,-4.538214774));
#18281=VECTOR('',#18282,1.0);
#18282=DIRECTION('',(-0.866025404,0.0,0.5));
#18283=ORIENTED_EDGE('',*,*,#18284,.T.);
#18284=EDGE_CURVE('',#18277,#18285,#18287,.T.);
#18285=VERTEX_POINT('',#18286);
#18286=CARTESIAN_POINT('',(6.024699264,8.6868,-3.331714774));
#18287=CIRCLE('',#18288,1.143);
#18288=AXIS2_PLACEMENT_3D('',#18289,#18290,#18291);
#18289=CARTESIAN_POINT('',(7.014566301,8.6868,-3.903214774));
#18290=DIRECTION('',(0.5,0.0,0.866025404));
#18291=DIRECTION('',(0.0,1.0,0.0));
#18292=ORIENTED_EDGE('',*,*,#18293,.T.);
#18293=EDGE_CURVE('',#18285,#18294,#18296,.T.);
#18294=VERTEX_POINT('',#18295);
#18295=CARTESIAN_POINT('',(6.024699264,1.27,-3.331714774));
#18296=LINE('',#18297,#18298);
#18297=CARTESIAN_POINT('',(6.024699264,8.6868,-3.331714774));
#18298=VECTOR('',#18299,1.0);
#18299=DIRECTION('',(0.0,-1.0,0.0));
#18300=ORIENTED_EDGE('',*,*,#18301,.T.);
#18301=EDGE_CURVE('',#18294,#18302,#18304,.T.);
#18302=VERTEX_POINT('',#18303);
#18303=CARTESIAN_POINT('',(7.014566301,0.127,-3.903214774));
#18304=CIRCLE('',#18305,1.143);
#18305=AXIS2_PLACEMENT_3D('',#18306,#18307,#18308);
#18306=CARTESIAN_POINT('',(7.014566301,1.27,-3.903214774));
#18307=DIRECTION('',(0.5,0.0,0.866025404));
#18308=DIRECTION('',(-0.866025404,0.0,0.5));
#18309=ORIENTED_EDGE('',*,*,#18310,.T.);
#18310=EDGE_CURVE('',#18302,#18311,#18313,.T.);
#18311=VERTEX_POINT('',#18312);
#18312=CARTESIAN_POINT('',(8.114418564,0.127,-4.538214774));
#18313=LINE('',#18314,#18315);
#18314=CARTESIAN_POINT('',(7.014566301,0.127,-3.903214774));
#18315=VECTOR('',#18316,1.0);
#18316=DIRECTION('',(0.866025404,0.0,-0.5));
#18317=ORIENTED_EDGE('',*,*,#18318,.T.);
#18318=EDGE_CURVE('',#18311,#18319,#18321,.T.);
#18319=VERTEX_POINT('',#18320);
#18320=CARTESIAN_POINT('',(9.1042856,1.27,-5.109714774));
#18321=CIRCLE('',#18322,1.143);
#18322=AXIS2_PLACEMENT_3D('',#18323,#18324,#18325);
#18323=CARTESIAN_POINT('',(8.114418564,1.27,-4.538214774));
#18324=DIRECTION('',(0.5,0.0,0.866025404));
#18325=DIRECTION('',(0.0,-1.0,0.0));
#18326=ORIENTED_EDGE('',*,*,#18327,.T.);
#18327=EDGE_CURVE('',#18319,#18232,#18328,.T.);
#18328=LINE('',#18329,#18330);
#18329=CARTESIAN_POINT('',(9.1042856,1.27,-5.109714774));
#18330=VECTOR('',#18331,1.0);
#18331=DIRECTION('',(0.0,1.0,0.0));
#18332=PLANE('',#18333);
#18333=AXIS2_PLACEMENT_3D('',#18334,#18335,#18336);
#18334=CARTESIAN_POINT('',(5.914714038,0.0,-3.268214774));
#18335=DIRECTION('',(0.5,0.0,0.866025404));
#18336=DIRECTION('',(0.866025404,0.0,-0.5));
#18337=ADVANCED_FACE('',(#18338),#18357,.T.);
#18338=FACE_BOUND('',#18339,.T.);
#18339=EDGE_LOOP('',(#18340,#18349,#18355,#18356));
#18340=ORIENTED_EDGE('',*,*,#18341,.T.);
#18341=EDGE_CURVE('',#18319,#18342,#18344,.F.);
#18342=VERTEX_POINT('',#18343);
#18343=CARTESIAN_POINT('',(8.9772856,1.27,-5.329685226));
#18344=CIRCLE('',#18345,0.127);
#18345=AXIS2_PLACEMENT_3D('',#18346,#18347,#18348);
#18346=CARTESIAN_POINT('',(9.0407856,1.27,-5.2197));
#18347=DIRECTION('',(0.0,-1.0,0.0));
#18348=DIRECTION('',(-0.5,0.0,-0.866025404));
#18349=ORIENTED_EDGE('',*,*,#18350,.T.);
#18350=EDGE_CURVE('',#18342,#18234,#18351,.F.);
#18351=LINE('',#18352,#18353);
#18352=CARTESIAN_POINT('',(8.9772856,8.6868,-5.329685226));
#18353=VECTOR('',#18354,1.0);
#18354=DIRECTION('',(0.0,-1.0,0.0));
#18355=ORIENTED_EDGE('',*,*,#18231,.F.);
#18356=ORIENTED_EDGE('',*,*,#18327,.F.);
#18357=CYLINDRICAL_SURFACE('',#18358,0.127);
#18358=AXIS2_PLACEMENT_3D('',#18359,#18360,#18361);
#18359=CARTESIAN_POINT('',(9.0407856,8.717093534,-5.2197));
#18360=DIRECTION('',(0.0,-1.0,0.0));
#18361=DIRECTION('',(-0.5,0.0,-0.866025404));
#18362=ADVANCED_FACE('',(#18363),#18416,.T.);
#18363=FACE_BOUND('',#18364,.T.);
#18364=EDGE_LOOP('',(#18365,#18374,#18382,#18391,#18399,#18408,#18414,#18415));
#18365=ORIENTED_EDGE('',*,*,#18366,.T.);
#18366=EDGE_CURVE('',#18342,#18367,#18369,.T.);
#18367=VERTEX_POINT('',#18368);
#18368=CARTESIAN_POINT('',(7.987418564,0.127,-4.758185226));
#18369=CIRCLE('',#18370,1.143);
#18370=AXIS2_PLACEMENT_3D('',#18371,#18372,#18373);
#18371=CARTESIAN_POINT('',(7.987418564,1.27,-4.758185226));
#18372=DIRECTION('',(-0.5,0.0,-0.866025404));
#18373=DIRECTION('',(0.866025404,0.0,-0.5));
#18374=ORIENTED_EDGE('',*,*,#18375,.T.);
#18375=EDGE_CURVE('',#18367,#18376,#18378,.T.);
#18376=VERTEX_POINT('',#18377);
#18377=CARTESIAN_POINT('',(6.887566301,0.127,-4.123185226));
#18378=LINE('',#18379,#18380);
#18379=CARTESIAN_POINT('',(7.987418564,0.127,-4.758185226));
#18380=VECTOR('',#18381,1.0);
#18381=DIRECTION('',(-0.866025404,0.0,0.5));
#18382=ORIENTED_EDGE('',*,*,#18383,.T.);
#18383=EDGE_CURVE('',#18376,#18384,#18386,.T.);
#18384=VERTEX_POINT('',#18385);
#18385=CARTESIAN_POINT('',(5.897699264,1.27,-3.551685226));
#18386=CIRCLE('',#18387,1.143);
#18387=AXIS2_PLACEMENT_3D('',#18388,#18389,#18390);
#18388=CARTESIAN_POINT('',(6.887566301,1.27,-4.123185226));
#18389=DIRECTION('',(-0.5,0.0,-0.866025404));
#18390=DIRECTION('',(0.0,-1.0,0.0));
#18391=ORIENTED_EDGE('',*,*,#18392,.T.);
#18392=EDGE_CURVE('',#18384,#18393,#18395,.T.);
#18393=VERTEX_POINT('',#18394);
#18394=CARTESIAN_POINT('',(5.897699264,8.6868,-3.551685226));
#18395=LINE('',#18396,#18397);
#18396=CARTESIAN_POINT('',(5.897699264,1.27,-3.551685226));
#18397=VECTOR('',#18398,1.0);
#18398=DIRECTION('',(0.0,1.0,0.0));
#18399=ORIENTED_EDGE('',*,*,#18400,.T.);
#18400=EDGE_CURVE('',#18393,#18401,#18403,.T.);
#18401=VERTEX_POINT('',#18402);
#18402=CARTESIAN_POINT('',(6.887566301,9.8298,-4.123185226));
#18403=CIRCLE('',#18404,1.143);
#18404=AXIS2_PLACEMENT_3D('',#18405,#18406,#18407);
#18405=CARTESIAN_POINT('',(6.887566301,8.6868,-4.123185226));
#18406=DIRECTION('',(-0.5,0.0,-0.866025404));
#18407=DIRECTION('',(-0.866025404,0.0,0.5));
#18408=ORIENTED_EDGE('',*,*,#18409,.T.);
#18409=EDGE_CURVE('',#18401,#18243,#18410,.T.);
#18410=LINE('',#18411,#18412);
#18411=CARTESIAN_POINT('',(6.887566301,9.8298,-4.123185226));
#18412=VECTOR('',#18413,1.0);
#18413=DIRECTION('',(0.866025404,0.0,-0.5));
#18414=ORIENTED_EDGE('',*,*,#18242,.F.);
#18415=ORIENTED_EDGE('',*,*,#18350,.F.);
#18416=PLANE('',#18417);
#18417=AXIS2_PLACEMENT_3D('',#18418,#18419,#18420);
#18418=CARTESIAN_POINT('',(9.087270827,0.0,-5.393185226));
#18419=DIRECTION('',(-0.5,0.0,-0.866025404));
#18420=DIRECTION('',(-0.866025404,0.0,0.5));
#18421=ADVANCED_FACE('',(#18422),#18434,.T.);
#18422=FACE_BOUND('',#18423,.T.);
#18423=EDGE_LOOP('',(#18424,#18425,#18426,#18433));
#18424=ORIENTED_EDGE('',*,*,#18251,.F.);
#18425=ORIENTED_EDGE('',*,*,#18409,.F.);
#18426=ORIENTED_EDGE('',*,*,#18427,.T.);
#18427=EDGE_CURVE('',#18401,#18277,#18428,.T.);
#18428=CIRCLE('',#18429,0.127);
#18429=AXIS2_PLACEMENT_3D('',#18430,#18431,#18432);
#18430=CARTESIAN_POINT('',(6.951066301,9.8298,-4.0132));
#18431=DIRECTION('',(0.866025404,0.0,-0.5));
#18432=DIRECTION('',(-0.5,0.0,-0.866025404));
#18433=ORIENTED_EDGE('',*,*,#18276,.F.);
#18434=CYLINDRICAL_SURFACE('',#18435,0.127);
#18435=AXIS2_PLACEMENT_3D('',#18436,#18437,#18438);
#18436=CARTESIAN_POINT('',(6.935868732,9.8298,-4.00442568));
#18437=DIRECTION('',(0.866025404,0.0,-0.5));
#18438=DIRECTION('',(-0.5,0.0,-0.866025404));
#18439=ADVANCED_FACE('',(#18440),#18452,.T.);
#18440=FACE_BOUND('',#18441,.T.);
#18441=EDGE_LOOP('',(#18442,#18443,#18444,#18451));
#18442=ORIENTED_EDGE('',*,*,#18427,.F.);
#18443=ORIENTED_EDGE('',*,*,#18400,.F.);
#18444=ORIENTED_EDGE('',*,*,#18445,.T.);
#18445=EDGE_CURVE('',#18393,#18285,#18446,.T.);
#18446=CIRCLE('',#18447,0.127);
#18447=AXIS2_PLACEMENT_3D('',#18448,#18449,#18450);
#18448=CARTESIAN_POINT('',(5.961199264,8.6868,-3.4417));
#18449=DIRECTION('',(0.0,1.0,0.0));
#18450=DIRECTION('',(-0.5,0.0,-0.866025404));
#18451=ORIENTED_EDGE('',*,*,#18284,.F.);
#18452=TOROIDAL_SURFACE('',#18453,1.143,0.127);
#18453=AXIS2_PLACEMENT_3D('',#18454,#18455,#18456);
#18454=CARTESIAN_POINT('',(6.951066301,8.6868,-4.0132));
#18455=DIRECTION('',(0.5,0.0,0.866025404));
#18456=DIRECTION('',(-0.865804745,-0.022572657,0.499872603));
#18457=ADVANCED_FACE('',(#18458),#18470,.T.);
#18458=FACE_BOUND('',#18459,.T.);
#18459=EDGE_LOOP('',(#18460,#18461,#18462,#18469));
#18460=ORIENTED_EDGE('',*,*,#18445,.F.);
#18461=ORIENTED_EDGE('',*,*,#18392,.F.);
#18462=ORIENTED_EDGE('',*,*,#18463,.T.);
#18463=EDGE_CURVE('',#18384,#18294,#18464,.T.);
#18464=CIRCLE('',#18465,0.127);
#18465=AXIS2_PLACEMENT_3D('',#18466,#18467,#18468);
#18466=CARTESIAN_POINT('',(5.961199264,1.27,-3.4417));
#18467=DIRECTION('',(0.0,1.0,0.0));
#18468=DIRECTION('',(-0.5,0.0,-0.866025404));
#18469=ORIENTED_EDGE('',*,*,#18293,.F.);
#18470=CYLINDRICAL_SURFACE('',#18471,0.127);
#18471=AXIS2_PLACEMENT_3D('',#18472,#18473,#18474);
#18472=CARTESIAN_POINT('',(5.961199264,1.252451359,-3.4417));
#18473=DIRECTION('',(0.0,1.0,0.0));
#18474=DIRECTION('',(-0.5,0.0,-0.866025404));
#18475=ADVANCED_FACE('',(#18476),#18488,.T.);
#18476=FACE_BOUND('',#18477,.T.);
#18477=EDGE_LOOP('',(#18478,#18479,#18480,#18487));
#18478=ORIENTED_EDGE('',*,*,#18463,.F.);
#18479=ORIENTED_EDGE('',*,*,#18383,.F.);
#18480=ORIENTED_EDGE('',*,*,#18481,.T.);
#18481=EDGE_CURVE('',#18376,#18302,#18482,.T.);
#18482=CIRCLE('',#18483,0.127);
#18483=AXIS2_PLACEMENT_3D('',#18484,#18485,#18486);
#18484=CARTESIAN_POINT('',(6.951066301,0.127,-4.0132));
#18485=DIRECTION('',(-0.866025404,0.0,0.5));
#18486=DIRECTION('',(-0.5,0.0,-0.866025404));
#18487=ORIENTED_EDGE('',*,*,#18301,.F.);
#18488=TOROIDAL_SURFACE('',#18489,1.143,0.127);
#18489=AXIS2_PLACEMENT_3D('',#18490,#18491,#18492);
#18490=CARTESIAN_POINT('',(6.951066301,1.27,-4.0132));
#18491=DIRECTION('',(-0.5,0.0,-0.866025404));
#18492=DIRECTION('',(0.013761751,-0.999873735,-0.00794535));
#18493=ADVANCED_FACE('',(#18494),#18506,.T.);
#18494=FACE_BOUND('',#18495,.T.);
#18495=EDGE_LOOP('',(#18496,#18497,#18498,#18505));
#18496=ORIENTED_EDGE('',*,*,#18481,.F.);
#18497=ORIENTED_EDGE('',*,*,#18375,.F.);
#18498=ORIENTED_EDGE('',*,*,#18499,.T.);
#18499=EDGE_CURVE('',#18367,#18311,#18500,.T.);
#18500=CIRCLE('',#18501,0.127);
#18501=AXIS2_PLACEMENT_3D('',#18502,#18503,#18504);
#18502=CARTESIAN_POINT('',(8.050918564,0.127,-4.6482));
#18503=DIRECTION('',(-0.866025404,0.0,0.5));
#18504=DIRECTION('',(-0.5,0.0,-0.866025404));
#18505=ORIENTED_EDGE('',*,*,#18310,.F.);
#18506=CYLINDRICAL_SURFACE('',#18507,0.127);
#18507=AXIS2_PLACEMENT_3D('',#18508,#18509,#18510);
#18508=CARTESIAN_POINT('',(8.077153534,0.127,-4.663346767));
#18509=DIRECTION('',(-0.866025404,0.0,0.5));
#18510=DIRECTION('',(-0.5,0.0,-0.866025404));
#18511=ADVANCED_FACE('',(#18512),#18518,.T.);
#18512=FACE_BOUND('',#18513,.T.);
#18513=EDGE_LOOP('',(#18514,#18515,#18516,#18517));
#18514=ORIENTED_EDGE('',*,*,#18499,.F.);
#18515=ORIENTED_EDGE('',*,*,#18366,.F.);
#18516=ORIENTED_EDGE('',*,*,#18341,.F.);
#18517=ORIENTED_EDGE('',*,*,#18318,.F.);
#18518=TOROIDAL_SURFACE('',#18519,1.143,0.127);
#18519=AXIS2_PLACEMENT_3D('',#18520,#18521,#18522);
#18520=CARTESIAN_POINT('',(8.050918564,1.27,-4.6482));
#18521=DIRECTION('',(0.5,0.0,0.866025404));
#18522=DIRECTION('',(0.865804745,0.022572657,-0.499872603));
#18523=MANIFOLD_SOLID_BREP('',#18524);
#18524=CLOSED_SHELL('',(#18525,#18569,#18635,#18660,#18719,#18737,#18755,#18773,#18791,#18809));
#18525=ADVANCED_FACE('',(#18526),#18564,.T.);
#18526=FACE_BOUND('',#18527,.T.);
#18527=EDGE_LOOP('',(#18528,#18539,#18548,#18557));
#18528=ORIENTED_EDGE('',*,*,#18529,.T.);
#18529=EDGE_CURVE('',#18530,#18532,#18534,.T.);
#18530=VERTEX_POINT('',#18531);
#18531=CARTESIAN_POINT('',(8.624300059,8.6868,-5.88376154));
#18532=VERTEX_POINT('',#18533);
#18533=CARTESIAN_POINT('',(8.478611644,8.6868,-6.091826159));
#18534=CIRCLE('',#18535,0.127);
#18535=AXIS2_PLACEMENT_3D('',#18536,#18537,#18538);
#18536=CARTESIAN_POINT('',(8.551455851,8.6868,-5.98779385));
#18537=DIRECTION('',(0.0,1.0,0.0));
#18538=DIRECTION('',(0.573576436,0.0,0.819152044));
#18539=ORIENTED_EDGE('',*,*,#18540,.T.);
#18540=EDGE_CURVE('',#18532,#18541,#18543,.F.);
#18541=VERTEX_POINT('',#18542);
#18542=CARTESIAN_POINT('',(7.542320857,9.8298,-5.436228293));
#18543=CIRCLE('',#18544,1.143);
#18544=AXIS2_PLACEMENT_3D('',#18545,#18546,#18547);
#18545=CARTESIAN_POINT('',(7.542320857,8.6868,-5.436228293));
#18546=DIRECTION('',(-0.573576436,0.0,-0.819152044));
#18547=DIRECTION('',(0.0,1.0,0.0));
#18548=ORIENTED_EDGE('',*,*,#18549,.T.);
#18549=EDGE_CURVE('',#18541,#18550,#18552,.T.);
#18550=VERTEX_POINT('',#18551);
#18551=CARTESIAN_POINT('',(7.688009272,9.8298,-5.228163673));
#18552=CIRCLE('',#18553,0.127);
#18553=AXIS2_PLACEMENT_3D('',#18554,#18555,#18556);
#18554=CARTESIAN_POINT('',(7.615165065,9.8298,-5.332195983));
#18555=DIRECTION('',(0.819152044,0.0,-0.573576436));
#18556=DIRECTION('',(-0.573576436,-1.110223025E-14,-0.819152044));
#18557=ORIENTED_EDGE('',*,*,#18558,.T.);
#18558=EDGE_CURVE('',#18550,#18530,#18559,.F.);
#18559=CIRCLE('',#18560,1.143);
#18560=AXIS2_PLACEMENT_3D('',#18561,#18562,#18563);
#18561=CARTESIAN_POINT('',(7.688009272,8.6868,-5.228163673));
#18562=DIRECTION('',(0.573576436,0.0,0.819152044));
#18563=DIRECTION('',(0.819152044,0.0,-0.573576436));
#18564=TOROIDAL_SURFACE('',#18565,1.143,0.127);
#18565=AXIS2_PLACEMENT_3D('',#18566,#18567,#18568);
#18566=CARTESIAN_POINT('',(7.615165065,8.6868,-5.332195983));
#18567=DIRECTION('',(-0.573576436,0.0,-0.819152044));
#18568=DIRECTION('',(-0.0130169,0.999873735,0.009114531));
#18569=ADVANCED_FACE('',(#18570),#18630,.T.);
#18570=FACE_BOUND('',#18571,.T.);
#18571=EDGE_LOOP('',(#18572,#18573,#18581,#18590,#18598,#18607,#18615,#18624));
#18572=ORIENTED_EDGE('',*,*,#18558,.F.);
#18573=ORIENTED_EDGE('',*,*,#18574,.T.);
#18574=EDGE_CURVE('',#18550,#18575,#18577,.T.);
#18575=VERTEX_POINT('',#18576);
#18576=CARTESIAN_POINT('',(6.647686176,9.8298,-4.499721599));
#18577=LINE('',#18578,#18579);
#18578=CARTESIAN_POINT('',(7.688009272,9.8298,-5.228163673));
#18579=VECTOR('',#18580,1.0);
#18580=DIRECTION('',(-0.819152044,0.0,0.573576436));
#18581=ORIENTED_EDGE('',*,*,#18582,.T.);
#18582=EDGE_CURVE('',#18575,#18583,#18585,.T.);
#18583=VERTEX_POINT('',#18584);
#18584=CARTESIAN_POINT('',(5.711395389,8.6868,-3.844123732));
#18585=CIRCLE('',#18586,1.143);
#18586=AXIS2_PLACEMENT_3D('',#18587,#18588,#18589);
#18587=CARTESIAN_POINT('',(6.647686176,8.6868,-4.499721599));
#18588=DIRECTION('',(0.573576436,0.0,0.819152044));
#18589=DIRECTION('',(0.0,1.0,0.0));
#18590=ORIENTED_EDGE('',*,*,#18591,.T.);
#18591=EDGE_CURVE('',#18583,#18592,#18594,.T.);
#18592=VERTEX_POINT('',#18593);
#18593=CARTESIAN_POINT('',(5.711395389,1.27,-3.844123732));
#18594=LINE('',#18595,#18596);
#18595=CARTESIAN_POINT('',(5.711395389,8.6868,-3.844123732));
#18596=VECTOR('',#18597,1.0);
#18597=DIRECTION('',(0.0,-1.0,0.0));
#18598=ORIENTED_EDGE('',*,*,#18599,.T.);
#18599=EDGE_CURVE('',#18592,#18600,#18602,.T.);
#18600=VERTEX_POINT('',#18601);
#18601=CARTESIAN_POINT('',(6.647686176,0.127,-4.499721599));
#18602=CIRCLE('',#18603,1.143);
#18603=AXIS2_PLACEMENT_3D('',#18604,#18605,#18606);
#18604=CARTESIAN_POINT('',(6.647686176,1.27,-4.499721599));
#18605=DIRECTION('',(0.573576436,0.0,0.819152044));
#18606=DIRECTION('',(-0.819152044,0.0,0.573576436));
#18607=ORIENTED_EDGE('',*,*,#18608,.T.);
#18608=EDGE_CURVE('',#18600,#18609,#18611,.T.);
#18609=VERTEX_POINT('',#18610);
#18610=CARTESIAN_POINT('',(7.688009272,0.127,-5.228163673));
#18611=LINE('',#18612,#18613);
#18612=CARTESIAN_POINT('',(6.647686176,0.127,-4.499721599));
#18613=VECTOR('',#18614,1.0);
#18614=DIRECTION('',(0.819152044,0.0,-0.573576436));
#18615=ORIENTED_EDGE('',*,*,#18616,.T.);
#18616=EDGE_CURVE('',#18609,#18617,#18619,.T.);
#18617=VERTEX_POINT('',#18618);
#18618=CARTESIAN_POINT('',(8.624300059,1.27,-5.88376154));
#18619=CIRCLE('',#18620,1.143);
#18620=AXIS2_PLACEMENT_3D('',#18621,#18622,#18623);
#18621=CARTESIAN_POINT('',(7.688009272,1.27,-5.228163673));
#18622=DIRECTION('',(0.573576436,0.0,0.819152044));
#18623=DIRECTION('',(0.0,-1.0,0.0));
#18624=ORIENTED_EDGE('',*,*,#18625,.T.);
#18625=EDGE_CURVE('',#18617,#18530,#18626,.T.);
#18626=LINE('',#18627,#18628);
#18627=CARTESIAN_POINT('',(8.624300059,1.27,-5.88376154));
#18628=VECTOR('',#18629,1.0);
#18629=DIRECTION('',(0.0,1.0,0.0));
#18630=PLANE('',#18631);
#18631=AXIS2_PLACEMENT_3D('',#18632,#18633,#18634);
#18632=CARTESIAN_POINT('',(5.607363079,0.0,-3.771279525));
#18633=DIRECTION('',(0.573576436,0.0,0.819152044));
#18634=DIRECTION('',(0.819152044,0.0,-0.573576436));
#18635=ADVANCED_FACE('',(#18636),#18655,.T.);
#18636=FACE_BOUND('',#18637,.T.);
#18637=EDGE_LOOP('',(#18638,#18647,#18653,#18654));
#18638=ORIENTED_EDGE('',*,*,#18639,.T.);
#18639=EDGE_CURVE('',#18617,#18640,#18642,.F.);
#18640=VERTEX_POINT('',#18641);
#18641=CARTESIAN_POINT('',(8.478611644,1.27,-6.091826159));
#18642=CIRCLE('',#18643,0.127);
#18643=AXIS2_PLACEMENT_3D('',#18644,#18645,#18646);
#18644=CARTESIAN_POINT('',(8.551455851,1.27,-5.98779385));
#18645=DIRECTION('',(0.0,-1.0,0.0));
#18646=DIRECTION('',(-0.573576436,0.0,-0.819152044));
#18647=ORIENTED_EDGE('',*,*,#18648,.T.);
#18648=EDGE_CURVE('',#18640,#18532,#18649,.F.);
#18649=LINE('',#18650,#18651);
#18650=CARTESIAN_POINT('',(8.478611644,8.6868,-6.091826159));
#18651=VECTOR('',#18652,1.0);
#18652=DIRECTION('',(0.0,-1.0,0.0));
#18653=ORIENTED_EDGE('',*,*,#18529,.F.);
#18654=ORIENTED_EDGE('',*,*,#18625,.F.);
#18655=CYLINDRICAL_SURFACE('',#18656,0.127);
#18656=AXIS2_PLACEMENT_3D('',#18657,#18658,#18659);
#18657=CARTESIAN_POINT('',(8.551455851,8.717093534,-5.98779385));
#18658=DIRECTION('',(0.0,-1.0,0.0));
#18659=DIRECTION('',(-0.573576436,0.0,-0.819152044));
#18660=ADVANCED_FACE('',(#18661),#18714,.T.);
#18661=FACE_BOUND('',#18662,.T.);
#18662=EDGE_LOOP('',(#18663,#18672,#18680,#18689,#18697,#18706,#18712,#18713));
#18663=ORIENTED_EDGE('',*,*,#18664,.T.);
#18664=EDGE_CURVE('',#18640,#18665,#18667,.T.);
#18665=VERTEX_POINT('',#18666);
#18666=CARTESIAN_POINT('',(7.542320857,0.127,-5.436228293));
#18667=CIRCLE('',#18668,1.143);
#18668=AXIS2_PLACEMENT_3D('',#18669,#18670,#18671);
#18669=CARTESIAN_POINT('',(7.542320857,1.27,-5.436228293));
#18670=DIRECTION('',(-0.573576436,0.0,-0.819152044));
#18671=DIRECTION('',(0.819152044,-1.541976423E-14,-0.573576436));
#18672=ORIENTED_EDGE('',*,*,#18673,.T.);
#18673=EDGE_CURVE('',#18665,#18674,#18676,.T.);
#18674=VERTEX_POINT('',#18675);
#18675=CARTESIAN_POINT('',(6.501997761,0.127,-4.707786218));
#18676=LINE('',#18677,#18678);
#18677=CARTESIAN_POINT('',(7.542320857,0.127,-5.436228293));
#18678=VECTOR('',#18679,1.0);
#18679=DIRECTION('',(-0.819152044,0.0,0.573576436));
#18680=ORIENTED_EDGE('',*,*,#18681,.T.);
#18681=EDGE_CURVE('',#18674,#18682,#18684,.T.);
#18682=VERTEX_POINT('',#18683);
#18683=CARTESIAN_POINT('',(5.565706974,1.27,-4.052188352));
#18684=CIRCLE('',#18685,1.143);
#18685=AXIS2_PLACEMENT_3D('',#18686,#18687,#18688);
#18686=CARTESIAN_POINT('',(6.501997761,1.27,-4.707786218));
#18687=DIRECTION('',(-0.573576436,0.0,-0.819152044));
#18688=DIRECTION('',(0.0,-1.0,0.0));
#18689=ORIENTED_EDGE('',*,*,#18690,.T.);
#18690=EDGE_CURVE('',#18682,#18691,#18693,.T.);
#18691=VERTEX_POINT('',#18692);
#18692=CARTESIAN_POINT('',(5.565706974,8.6868,-4.052188352));
#18693=LINE('',#18694,#18695);
#18694=CARTESIAN_POINT('',(5.565706974,1.27,-4.052188352));
#18695=VECTOR('',#18696,1.0);
#18696=DIRECTION('',(0.0,1.0,0.0));
#18697=ORIENTED_EDGE('',*,*,#18698,.T.);
#18698=EDGE_CURVE('',#18691,#18699,#18701,.T.);
#18699=VERTEX_POINT('',#18700);
#18700=CARTESIAN_POINT('',(6.501997761,9.8298,-4.707786218));
#18701=CIRCLE('',#18702,1.143);
#18702=AXIS2_PLACEMENT_3D('',#18703,#18704,#18705);
#18703=CARTESIAN_POINT('',(6.501997761,8.6868,-4.707786218));
#18704=DIRECTION('',(-0.573576436,0.0,-0.819152044));
#18705=DIRECTION('',(-0.819152044,0.0,0.573576436));
#18706=ORIENTED_EDGE('',*,*,#18707,.T.);
#18707=EDGE_CURVE('',#18699,#18541,#18708,.T.);
#18708=LINE('',#18709,#18710);
#18709=CARTESIAN_POINT('',(6.501997761,9.8298,-4.707786218));
#18710=VECTOR('',#18711,1.0);
#18711=DIRECTION('',(0.819152044,0.0,-0.573576436));
#18712=ORIENTED_EDGE('',*,*,#18540,.F.);
#18713=ORIENTED_EDGE('',*,*,#18648,.F.);
#18714=PLANE('',#18715);
#18715=AXIS2_PLACEMENT_3D('',#18716,#18717,#18718);
#18716=CARTESIAN_POINT('',(8.582643953,0.0,-6.164670367));
#18717=DIRECTION('',(-0.573576436,0.0,-0.819152044));
#18718=DIRECTION('',(-0.819152044,0.0,0.573576436));
#18719=ADVANCED_FACE('',(#18720),#18732,.T.);
#18720=FACE_BOUND('',#18721,.T.);
#18721=EDGE_LOOP('',(#18722,#18723,#18724,#18731));
#18722=ORIENTED_EDGE('',*,*,#18549,.F.);
#18723=ORIENTED_EDGE('',*,*,#18707,.F.);
#18724=ORIENTED_EDGE('',*,*,#18725,.T.);
#18725=EDGE_CURVE('',#18699,#18575,#18726,.T.);
#18726=CIRCLE('',#18727,0.127);
#18727=AXIS2_PLACEMENT_3D('',#18728,#18729,#18730);
#18728=CARTESIAN_POINT('',(6.574841968,9.8298,-4.603753909));
#18729=DIRECTION('',(0.819152044,0.0,-0.573576436));
#18730=DIRECTION('',(-0.573576436,0.0,-0.819152044));
#18731=ORIENTED_EDGE('',*,*,#18574,.F.);
#18732=CYLINDRICAL_SURFACE('',#18733,0.127);
#18733=AXIS2_PLACEMENT_3D('',#18734,#18735,#18736);
#18734=CARTESIAN_POINT('',(6.560466963,9.8298,-4.593688422));
#18735=DIRECTION('',(0.819152044,0.0,-0.573576436));
#18736=DIRECTION('',(-0.573576436,0.0,-0.819152044));
#18737=ADVANCED_FACE('',(#18738),#18750,.T.);
#18738=FACE_BOUND('',#18739,.T.);
#18739=EDGE_LOOP('',(#18740,#18741,#18742,#18749));
#18740=ORIENTED_EDGE('',*,*,#18725,.F.);
#18741=ORIENTED_EDGE('',*,*,#18698,.F.);
#18742=ORIENTED_EDGE('',*,*,#18743,.T.);
#18743=EDGE_CURVE('',#18691,#18583,#18744,.T.);
#18744=CIRCLE('',#18745,0.127);
#18745=AXIS2_PLACEMENT_3D('',#18746,#18747,#18748);
#18746=CARTESIAN_POINT('',(5.638551182,8.6868,-3.948156042));
#18747=DIRECTION('',(0.0,1.0,0.0));
#18748=DIRECTION('',(-0.573576436,0.0,-0.819152044));
#18749=ORIENTED_EDGE('',*,*,#18582,.F.);
#18750=TOROIDAL_SURFACE('',#18751,1.143,0.127);
#18751=AXIS2_PLACEMENT_3D('',#18752,#18753,#18754);
#18752=CARTESIAN_POINT('',(6.574841968,8.6868,-4.603753909));
#18753=DIRECTION('',(0.573576436,0.0,0.819152044));
#18754=DIRECTION('',(-0.818943329,-0.022572657,0.573430292));
#18755=ADVANCED_FACE('',(#18756),#18768,.T.);
#18756=FACE_BOUND('',#18757,.T.);
#18757=EDGE_LOOP('',(#18758,#18759,#18760,#18767));
#18758=ORIENTED_EDGE('',*,*,#18743,.F.);
#18759=ORIENTED_EDGE('',*,*,#18690,.F.);
#18760=ORIENTED_EDGE('',*,*,#18761,.T.);
#18761=EDGE_CURVE('',#18682,#18592,#18762,.T.);
#18762=CIRCLE('',#18763,0.127);
#18763=AXIS2_PLACEMENT_3D('',#18764,#18765,#18766);
#18764=CARTESIAN_POINT('',(5.638551182,1.27,-3.948156042));
#18765=DIRECTION('',(0.0,1.0,0.0));
#18766=DIRECTION('',(-0.573576436,0.0,-0.819152044));
#18767=ORIENTED_EDGE('',*,*,#18591,.F.);
#18768=CYLINDRICAL_SURFACE('',#18769,0.127);
#18769=AXIS2_PLACEMENT_3D('',#18770,#18771,#18772);
#18770=CARTESIAN_POINT('',(5.638551182,1.252451359,-3.948156042));
#18771=DIRECTION('',(0.0,1.0,0.0));
#18772=DIRECTION('',(-0.573576436,0.0,-0.819152044));
#18773=ADVANCED_FACE('',(#18774),#18786,.T.);
#18774=FACE_BOUND('',#18775,.T.);
#18775=EDGE_LOOP('',(#18776,#18777,#18778,#18785));
#18776=ORIENTED_EDGE('',*,*,#18761,.F.);
#18777=ORIENTED_EDGE('',*,*,#18681,.F.);
#18778=ORIENTED_EDGE('',*,*,#18779,.T.);
#18779=EDGE_CURVE('',#18674,#18600,#18780,.T.);
#18780=CIRCLE('',#18781,0.127);
#18781=AXIS2_PLACEMENT_3D('',#18782,#18783,#18784);
#18782=CARTESIAN_POINT('',(6.574841968,0.127,-4.603753909));
#18783=DIRECTION('',(-0.819152044,0.0,0.573576436));
#18784=DIRECTION('',(-0.573576436,0.0,-0.819152044));
#18785=ORIENTED_EDGE('',*,*,#18599,.F.);
#18786=TOROIDAL_SURFACE('',#18787,1.143,0.127);
#18787=AXIS2_PLACEMENT_3D('',#18788,#18789,#18790);
#18788=CARTESIAN_POINT('',(6.574841968,1.27,-4.603753909));
#18789=DIRECTION('',(-0.573576436,0.0,-0.819152044));
#18790=DIRECTION('',(0.0130169,-0.999873735,-0.009114531));
#18791=ADVANCED_FACE('',(#18792),#18804,.T.);
#18792=FACE_BOUND('',#18793,.T.);
#18793=EDGE_LOOP('',(#18794,#18795,#18796,#18803));
#18794=ORIENTED_EDGE('',*,*,#18779,.F.);
#18795=ORIENTED_EDGE('',*,*,#18673,.F.);
#18796=ORIENTED_EDGE('',*,*,#18797,.T.);
#18797=EDGE_CURVE('',#18665,#18609,#18798,.T.);
#18798=CIRCLE('',#18799,0.127);
#18799=AXIS2_PLACEMENT_3D('',#18800,#18801,#18802);
#18800=CARTESIAN_POINT('',(7.615165065,0.127,-5.332195983));
#18801=DIRECTION('',(-0.819152044,0.0,0.573576436));
#18802=DIRECTION('',(-0.573576436,0.0,-0.819152044));
#18803=ORIENTED_EDGE('',*,*,#18608,.F.);
#18804=CYLINDRICAL_SURFACE('',#18805,0.127);
#18805=AXIS2_PLACEMENT_3D('',#18806,#18807,#18808);
#18806=CARTESIAN_POINT('',(7.639980075,0.127,-5.34957164));
#18807=DIRECTION('',(-0.819152044,0.0,0.573576436));
#18808=DIRECTION('',(-0.573576436,0.0,-0.819152044));
#18809=ADVANCED_FACE('',(#18810),#18816,.T.);
#18810=FACE_BOUND('',#18811,.T.);
#18811=EDGE_LOOP('',(#18812,#18813,#18814,#18815));
#18812=ORIENTED_EDGE('',*,*,#18797,.F.);
#18813=ORIENTED_EDGE('',*,*,#18664,.F.);
#18814=ORIENTED_EDGE('',*,*,#18639,.F.);
#18815=ORIENTED_EDGE('',*,*,#18616,.F.);
#18816=TOROIDAL_SURFACE('',#18817,1.143,0.127);
#18817=AXIS2_PLACEMENT_3D('',#18818,#18819,#18820);
#18818=CARTESIAN_POINT('',(7.615165065,1.27,-5.332195983));
#18819=DIRECTION('',(0.573576436,0.0,0.819152044));
#18820=DIRECTION('',(0.818943329,0.022572657,-0.573430292));
#18821=MANIFOLD_SOLID_BREP('',#18822);
#18822=CLOSED_SHELL('',(#18823,#18867,#18933,#18958,#19017,#19035,#19053,#19071,#19089,#19107));
#18823=ADVANCED_FACE('',(#18824),#18862,.T.);
#18824=FACE_BOUND('',#18825,.T.);
#18825=EDGE_LOOP('',(#18826,#18837,#18846,#18855));
#18826=ORIENTED_EDGE('',*,*,#18827,.T.);
#18827=EDGE_CURVE('',#18828,#18830,#18832,.T.);
#18828=VERTEX_POINT('',#18829);
#18829=CARTESIAN_POINT('',(8.078678386,8.6868,-6.613029328));
#18830=VERTEX_POINT('',#18831);
#18831=CARTESIAN_POINT('',(7.915410333,8.6868,-6.807604617));
#18832=CIRCLE('',#18833,0.127);
#18833=AXIS2_PLACEMENT_3D('',#18834,#18835,#18836);
#18834=CARTESIAN_POINT('',(7.997044359,8.6868,-6.710316973));
#18835=DIRECTION('',(0.0,1.0,0.0));
#18836=DIRECTION('',(0.64278761,0.0,0.766044443));
#18837=ORIENTED_EDGE('',*,*,#18838,.T.);
#18838=EDGE_CURVE('',#18830,#18839,#18841,.F.);
#18839=VERTEX_POINT('',#18840);
#18840=CARTESIAN_POINT('',(7.039821535,9.8298,-6.072898379));
#18841=CIRCLE('',#18842,1.143);
#18842=AXIS2_PLACEMENT_3D('',#18843,#18844,#18845);
#18843=CARTESIAN_POINT('',(7.039821535,8.6868,-6.072898379));
#18844=DIRECTION('',(-0.64278761,0.0,-0.766044443));
#18845=DIRECTION('',(0.0,1.0,0.0));
#18846=ORIENTED_EDGE('',*,*,#18847,.T.);
#18847=EDGE_CURVE('',#18839,#18848,#18850,.T.);
#18848=VERTEX_POINT('',#18849);
#18849=CARTESIAN_POINT('',(7.203089587,9.8298,-5.87832309));
#18850=CIRCLE('',#18851,0.127);
#18851=AXIS2_PLACEMENT_3D('',#18852,#18853,#18854);
#18852=CARTESIAN_POINT('',(7.121455561,9.8298,-5.975610735));
#18853=DIRECTION('',(0.766044443,0.0,-0.64278761));
#18854=DIRECTION('',(-0.64278761,0.0,-0.766044443));
#18855=ORIENTED_EDGE('',*,*,#18856,.T.);
#18856=EDGE_CURVE('',#18848,#18828,#18857,.F.);
#18857=CIRCLE('',#18858,1.143);
#18858=AXIS2_PLACEMENT_3D('',#18859,#18860,#18861);
#18859=CARTESIAN_POINT('',(7.203089587,8.6868,-5.87832309));
#18860=DIRECTION('',(0.64278761,0.0,0.766044443));
#18861=DIRECTION('',(0.766044443,0.0,-0.64278761));
#18862=TOROIDAL_SURFACE('',#18863,1.143,0.127);
#18863=AXIS2_PLACEMENT_3D('',#18864,#18865,#18866);
#18864=CARTESIAN_POINT('',(7.121455561,8.6868,-5.975610735));
#18865=DIRECTION('',(-0.64278761,0.0,-0.766044443));
#18866=DIRECTION('',(-0.012172983,0.999873735,0.010214346));
#18867=ADVANCED_FACE('',(#18868),#18928,.T.);
#18868=FACE_BOUND('',#18869,.T.);
#18869=EDGE_LOOP('',(#18870,#18871,#18879,#18888,#18896,#18905,#18913,#18922));
#18870=ORIENTED_EDGE('',*,*,#18856,.F.);
#18871=ORIENTED_EDGE('',*,*,#18872,.T.);
#18872=EDGE_CURVE('',#18848,#18873,#18875,.T.);
#18873=VERTEX_POINT('',#18874);
#18874=CARTESIAN_POINT('',(6.230213145,9.8298,-5.061982826));
#18875=LINE('',#18876,#18877);
#18876=CARTESIAN_POINT('',(7.203089587,9.8298,-5.87832309));
#18877=VECTOR('',#18878,1.0);
#18878=DIRECTION('',(-0.766044443,0.0,0.64278761));
#18879=ORIENTED_EDGE('',*,*,#18880,.T.);
#18880=EDGE_CURVE('',#18873,#18881,#18883,.T.);
#18881=VERTEX_POINT('',#18882);
#18882=CARTESIAN_POINT('',(5.354624346,8.6868,-4.327276588));
#18883=CIRCLE('',#18884,1.143);
#18884=AXIS2_PLACEMENT_3D('',#18885,#18886,#18887);
#18885=CARTESIAN_POINT('',(6.230213145,8.6868,-5.061982826));
#18886=DIRECTION('',(0.64278761,0.0,0.766044443));
#18887=DIRECTION('',(0.0,1.0,0.0));
#18888=ORIENTED_EDGE('',*,*,#18889,.T.);
#18889=EDGE_CURVE('',#18881,#18890,#18892,.T.);
#18890=VERTEX_POINT('',#18891);
#18891=CARTESIAN_POINT('',(5.354624346,1.27,-4.327276588));
#18892=LINE('',#18893,#18894);
#18893=CARTESIAN_POINT('',(5.354624346,8.6868,-4.327276588));
#18894=VECTOR('',#18895,1.0);
#18895=DIRECTION('',(0.0,-1.0,0.0));
#18896=ORIENTED_EDGE('',*,*,#18897,.T.);
#18897=EDGE_CURVE('',#18890,#18898,#18900,.T.);
#18898=VERTEX_POINT('',#18899);
#18899=CARTESIAN_POINT('',(6.230213145,0.127,-5.061982826));
#18900=CIRCLE('',#18901,1.143);
#18901=AXIS2_PLACEMENT_3D('',#18902,#18903,#18904);
#18902=CARTESIAN_POINT('',(6.230213145,1.27,-5.061982826));
#18903=DIRECTION('',(0.64278761,0.0,0.766044443));
#18904=DIRECTION('',(-0.766044443,-4.055397993E-14,0.64278761));
#18905=ORIENTED_EDGE('',*,*,#18906,.T.);
#18906=EDGE_CURVE('',#18898,#18907,#18909,.T.);
#18907=VERTEX_POINT('',#18908);
#18908=CARTESIAN_POINT('',(7.203089587,0.127,-5.87832309));
#18909=LINE('',#18910,#18911);
#18910=CARTESIAN_POINT('',(6.230213145,0.127,-5.061982826));
#18911=VECTOR('',#18912,1.0);
#18912=DIRECTION('',(0.766044443,0.0,-0.64278761));
#18913=ORIENTED_EDGE('',*,*,#18914,.T.);
#18914=EDGE_CURVE('',#18907,#18915,#18917,.T.);
#18915=VERTEX_POINT('',#18916);
#18916=CARTESIAN_POINT('',(8.078678386,1.27,-6.613029328));
#18917=CIRCLE('',#18918,1.143);
#18918=AXIS2_PLACEMENT_3D('',#18919,#18920,#18921);
#18919=CARTESIAN_POINT('',(7.203089587,1.27,-5.87832309));
#18920=DIRECTION('',(0.64278761,0.0,0.766044443));
#18921=DIRECTION('',(0.0,-1.0,0.0));
#18922=ORIENTED_EDGE('',*,*,#18923,.T.);
#18923=EDGE_CURVE('',#18915,#18828,#18924,.T.);
#18924=LINE('',#18925,#18926);
#18925=CARTESIAN_POINT('',(8.078678386,1.27,-6.613029328));
#18926=VECTOR('',#18927,1.0);
#18927=DIRECTION('',(0.0,1.0,0.0));
#18928=PLANE('',#18929);
#18929=AXIS2_PLACEMENT_3D('',#18930,#18931,#18932);
#18930=CARTESIAN_POINT('',(5.257336702,0.0,-4.245642562));
#18931=DIRECTION('',(0.64278761,0.0,0.766044443));
#18932=DIRECTION('',(0.766044443,0.0,-0.64278761));
#18933=ADVANCED_FACE('',(#18934),#18953,.T.);
#18934=FACE_BOUND('',#18935,.T.);
#18935=EDGE_LOOP('',(#18936,#18945,#18951,#18952));
#18936=ORIENTED_EDGE('',*,*,#18937,.T.);
#18937=EDGE_CURVE('',#18915,#18938,#18940,.F.);
#18938=VERTEX_POINT('',#18939);
#18939=CARTESIAN_POINT('',(7.915410333,1.27,-6.807604617));
#18940=CIRCLE('',#18941,0.127);
#18941=AXIS2_PLACEMENT_3D('',#18942,#18943,#18944);
#18942=CARTESIAN_POINT('',(7.997044359,1.27,-6.710316973));
#18943=DIRECTION('',(0.0,-1.0,0.0));
#18944=DIRECTION('',(-0.64278761,0.0,-0.766044443));
#18945=ORIENTED_EDGE('',*,*,#18946,.T.);
#18946=EDGE_CURVE('',#18938,#18830,#18947,.F.);
#18947=LINE('',#18948,#18949);
#18948=CARTESIAN_POINT('',(7.915410333,8.6868,-6.807604617));
#18949=VECTOR('',#18950,1.0);
#18950=DIRECTION('',(0.0,-1.0,0.0));
#18951=ORIENTED_EDGE('',*,*,#18827,.F.);
#18952=ORIENTED_EDGE('',*,*,#18923,.F.);
#18953=CYLINDRICAL_SURFACE('',#18954,0.127);
#18954=AXIS2_PLACEMENT_3D('',#18955,#18956,#18957);
#18955=CARTESIAN_POINT('',(7.997044359,8.717093534,-6.710316973));
#18956=DIRECTION('',(0.0,-1.0,0.0));
#18957=DIRECTION('',(-0.64278761,0.0,-0.766044443));
#18958=ADVANCED_FACE('',(#18959),#19012,.T.);
#18959=FACE_BOUND('',#18960,.T.);
#18960=EDGE_LOOP('',(#18961,#18970,#18978,#18987,#18995,#19004,#19010,#19011));
#18961=ORIENTED_EDGE('',*,*,#18962,.T.);
#18962=EDGE_CURVE('',#18938,#18963,#18965,.T.);
#18963=VERTEX_POINT('',#18964);
#18964=CARTESIAN_POINT('',(7.039821535,0.127,-6.072898379));
#18965=CIRCLE('',#18966,1.143);
#18966=AXIS2_PLACEMENT_3D('',#18967,#18968,#18969);
#18967=CARTESIAN_POINT('',(7.039821535,1.27,-6.072898379));
#18968=DIRECTION('',(-0.64278761,0.0,-0.766044443));
#18969=DIRECTION('',(0.766044443,-1.927470529E-14,-0.64278761));
#18970=ORIENTED_EDGE('',*,*,#18971,.T.);
#18971=EDGE_CURVE('',#18963,#18972,#18974,.T.);
#18972=VERTEX_POINT('',#18973);
#18973=CARTESIAN_POINT('',(6.066945092,0.127,-5.256558115));
#18974=LINE('',#18975,#18976);
#18975=CARTESIAN_POINT('',(7.039821535,0.127,-6.072898379));
#18976=VECTOR('',#18977,1.0);
#18977=DIRECTION('',(-0.766044443,0.0,0.64278761));
#18978=ORIENTED_EDGE('',*,*,#18979,.T.);
#18979=EDGE_CURVE('',#18972,#18980,#18982,.T.);
#18980=VERTEX_POINT('',#18981);
#18981=CARTESIAN_POINT('',(5.191356293,1.27,-4.521851877));
#18982=CIRCLE('',#18983,1.143);
#18983=AXIS2_PLACEMENT_3D('',#18984,#18985,#18986);
#18984=CARTESIAN_POINT('',(6.066945092,1.27,-5.256558115));
#18985=DIRECTION('',(-0.64278761,0.0,-0.766044443));
#18986=DIRECTION('',(0.0,-1.0,0.0));
#18987=ORIENTED_EDGE('',*,*,#18988,.T.);
#18988=EDGE_CURVE('',#18980,#18989,#18991,.T.);
#18989=VERTEX_POINT('',#18990);
#18990=CARTESIAN_POINT('',(5.191356293,8.6868,-4.521851877));
#18991=LINE('',#18992,#18993);
#18992=CARTESIAN_POINT('',(5.191356293,1.27,-4.521851877));
#18993=VECTOR('',#18994,1.0);
#18994=DIRECTION('',(0.0,1.0,0.0));
#18995=ORIENTED_EDGE('',*,*,#18996,.T.);
#18996=EDGE_CURVE('',#18989,#18997,#18999,.T.);
#18997=VERTEX_POINT('',#18998);
#18998=CARTESIAN_POINT('',(6.066945092,9.8298,-5.256558115));
#18999=CIRCLE('',#19000,1.143);
#19000=AXIS2_PLACEMENT_3D('',#19001,#19002,#19003);
#19001=CARTESIAN_POINT('',(6.066945092,8.6868,-5.256558115));
#19002=DIRECTION('',(-0.64278761,0.0,-0.766044443));
#19003=DIRECTION('',(-0.766044443,0.0,0.64278761));
#19004=ORIENTED_EDGE('',*,*,#19005,.T.);
#19005=EDGE_CURVE('',#18997,#18839,#19006,.T.);
#19006=LINE('',#19007,#19008);
#19007=CARTESIAN_POINT('',(6.066945092,9.8298,-5.256558115));
#19008=VECTOR('',#19009,1.0);
#19009=DIRECTION('',(0.766044443,0.0,-0.64278761));
#19010=ORIENTED_EDGE('',*,*,#18838,.F.);
#19011=ORIENTED_EDGE('',*,*,#18946,.F.);
#19012=PLANE('',#19013);
#19013=AXIS2_PLACEMENT_3D('',#19014,#19015,#19016);
#19014=CARTESIAN_POINT('',(8.012697977,0.0,-6.889238643));
#19015=DIRECTION('',(-0.64278761,0.0,-0.766044443));
#19016=DIRECTION('',(-0.766044443,0.0,0.64278761));
#19017=ADVANCED_FACE('',(#19018),#19030,.T.);
#19018=FACE_BOUND('',#19019,.T.);
#19019=EDGE_LOOP('',(#19020,#19021,#19022,#19029));
#19020=ORIENTED_EDGE('',*,*,#18847,.F.);
#19021=ORIENTED_EDGE('',*,*,#19005,.F.);
#19022=ORIENTED_EDGE('',*,*,#19023,.T.);
#19023=EDGE_CURVE('',#18997,#18873,#19024,.T.);
#19024=CIRCLE('',#19025,0.127);
#19025=AXIS2_PLACEMENT_3D('',#19026,#19027,#19028);
#19026=CARTESIAN_POINT('',(6.148579118,9.8298,-5.15927047));
#19027=DIRECTION('',(0.766044443,0.0,-0.64278761));
#19028=DIRECTION('',(-0.64278761,-1.110223025E-14,-0.766044443));
#19029=ORIENTED_EDGE('',*,*,#18872,.F.);
#19030=CYLINDRICAL_SURFACE('',#19031,0.127);
#19031=AXIS2_PLACEMENT_3D('',#19032,#19033,#19034);
#19032=CARTESIAN_POINT('',(6.13513608,9.8298,-5.147990422));
#19033=DIRECTION('',(0.766044443,0.0,-0.64278761));
#19034=DIRECTION('',(-0.64278761,0.0,-0.766044443));
#19035=ADVANCED_FACE('',(#19036),#19048,.T.);
#19036=FACE_BOUND('',#19037,.T.);
#19037=EDGE_LOOP('',(#19038,#19039,#19040,#19047));
#19038=ORIENTED_EDGE('',*,*,#19023,.F.);
#19039=ORIENTED_EDGE('',*,*,#18996,.F.);
#19040=ORIENTED_EDGE('',*,*,#19041,.T.);
#19041=EDGE_CURVE('',#18989,#18881,#19042,.T.);
#19042=CIRCLE('',#19043,0.127);
#19043=AXIS2_PLACEMENT_3D('',#19044,#19045,#19046);
#19044=CARTESIAN_POINT('',(5.27299032,8.6868,-4.424564233));
#19045=DIRECTION('',(0.0,1.0,0.0));
#19046=DIRECTION('',(-0.64278761,0.0,-0.766044443));
#19047=ORIENTED_EDGE('',*,*,#18880,.F.);
#19048=TOROIDAL_SURFACE('',#19049,1.143,0.127);
#19049=AXIS2_PLACEMENT_3D('',#19050,#19051,#19052);
#19050=CARTESIAN_POINT('',(6.148579118,8.6868,-5.15927047));
#19051=DIRECTION('',(0.64278761,0.0,0.766044443));
#19052=DIRECTION('',(-0.765849259,-0.022572657,0.642623831));
#19053=ADVANCED_FACE('',(#19054),#19066,.T.);
#19054=FACE_BOUND('',#19055,.T.);
#19055=EDGE_LOOP('',(#19056,#19057,#19058,#19065));
#19056=ORIENTED_EDGE('',*,*,#19041,.F.);
#19057=ORIENTED_EDGE('',*,*,#18988,.F.);
#19058=ORIENTED_EDGE('',*,*,#19059,.T.);
#19059=EDGE_CURVE('',#18980,#18890,#19060,.T.);
#19060=CIRCLE('',#19061,0.127);
#19061=AXIS2_PLACEMENT_3D('',#19062,#19063,#19064);
#19062=CARTESIAN_POINT('',(5.27299032,1.27,-4.424564233));
#19063=DIRECTION('',(0.0,1.0,0.0));
#19064=DIRECTION('',(-0.64278761,0.0,-0.766044443));
#19065=ORIENTED_EDGE('',*,*,#18889,.F.);
#19066=CYLINDRICAL_SURFACE('',#19067,0.127);
#19067=AXIS2_PLACEMENT_3D('',#19068,#19069,#19070);
#19068=CARTESIAN_POINT('',(5.27299032,1.252451359,-4.424564233));
#19069=DIRECTION('',(0.0,1.0,0.0));
#19070=DIRECTION('',(-0.64278761,0.0,-0.766044443));
#19071=ADVANCED_FACE('',(#19072),#19084,.T.);
#19072=FACE_BOUND('',#19073,.T.);
#19073=EDGE_LOOP('',(#19074,#19075,#19076,#19083));
#19074=ORIENTED_EDGE('',*,*,#19059,.F.);
#19075=ORIENTED_EDGE('',*,*,#18979,.F.);
#19076=ORIENTED_EDGE('',*,*,#19077,.T.);
#19077=EDGE_CURVE('',#18972,#18898,#19078,.T.);
#19078=CIRCLE('',#19079,0.127);
#19079=AXIS2_PLACEMENT_3D('',#19080,#19081,#19082);
#19080=CARTESIAN_POINT('',(6.148579118,0.127,-5.15927047));
#19081=DIRECTION('',(-0.766044443,0.0,0.64278761));
#19082=DIRECTION('',(-0.64278761,0.0,-0.766044443));
#19083=ORIENTED_EDGE('',*,*,#18897,.F.);
#19084=TOROIDAL_SURFACE('',#19085,1.143,0.127);
#19085=AXIS2_PLACEMENT_3D('',#19086,#19087,#19088);
#19086=CARTESIAN_POINT('',(6.148579118,1.27,-5.15927047));
#19087=DIRECTION('',(-0.64278761,0.0,-0.766044443));
#19088=DIRECTION('',(0.012172983,-0.999873735,-0.010214346));
#19089=ADVANCED_FACE('',(#19090),#19102,.T.);
#19090=FACE_BOUND('',#19091,.T.);
#19091=EDGE_LOOP('',(#19092,#19093,#19094,#19101));
#19092=ORIENTED_EDGE('',*,*,#19077,.F.);
#19093=ORIENTED_EDGE('',*,*,#18971,.F.);
#19094=ORIENTED_EDGE('',*,*,#19095,.T.);
#19095=EDGE_CURVE('',#18963,#18907,#19096,.T.);
#19096=CIRCLE('',#19097,0.127);
#19097=AXIS2_PLACEMENT_3D('',#19098,#19099,#19100);
#19098=CARTESIAN_POINT('',(7.121455561,0.127,-5.975610735));
#19099=DIRECTION('',(-0.766044443,0.0,0.64278761));
#19100=DIRECTION('',(-0.64278761,1.994931997E-14,-0.766044443));
#19101=ORIENTED_EDGE('',*,*,#18906,.F.);
#19102=CYLINDRICAL_SURFACE('',#19103,0.127);
#19103=AXIS2_PLACEMENT_3D('',#19104,#19105,#19106);
#19104=CARTESIAN_POINT('',(7.144661754,0.127,-5.995083043));
#19105=DIRECTION('',(-0.766044443,0.0,0.64278761));
#19106=DIRECTION('',(-0.64278761,0.0,-0.766044443));
#19107=ADVANCED_FACE('',(#19108),#19114,.T.);
#19108=FACE_BOUND('',#19109,.T.);
#19109=EDGE_LOOP('',(#19110,#19111,#19112,#19113));
#19110=ORIENTED_EDGE('',*,*,#19095,.F.);
#19111=ORIENTED_EDGE('',*,*,#18962,.F.);
#19112=ORIENTED_EDGE('',*,*,#18937,.F.);
#19113=ORIENTED_EDGE('',*,*,#18914,.F.);
#19114=TOROIDAL_SURFACE('',#19115,1.143,0.127);
#19115=AXIS2_PLACEMENT_3D('',#19116,#19117,#19118);
#19116=CARTESIAN_POINT('',(7.121455561,1.27,-5.975610735));
#19117=DIRECTION('',(0.64278761,0.0,0.766044443));
#19118=DIRECTION('',(0.765849259,0.022572657,-0.642623831));
#19119=MANIFOLD_SOLID_BREP('',#19120);
#19120=CLOSED_SHELL('',(#19121,#19165,#19231,#19256,#19315,#19333,#19351,#19369,#19387,#19405));
#19121=ADVANCED_FACE('',(#19122),#19160,.T.);
#19122=FACE_BOUND('',#19123,.T.);
#19123=EDGE_LOOP('',(#19124,#19135,#19144,#19153));
#19124=ORIENTED_EDGE('',*,*,#19125,.T.);
#19125=EDGE_CURVE('',#19126,#19128,#19130,.T.);
#19126=VERTEX_POINT('',#19127);
#19127=CARTESIAN_POINT('',(7.471573093,8.6868,-7.29196797));
#19128=VERTEX_POINT('',#19129);
#19129=CARTESIAN_POINT('',(7.29196797,8.6868,-7.471573093));
#19130=CIRCLE('',#19131,0.127);
#19131=AXIS2_PLACEMENT_3D('',#19132,#19133,#19134);
#19132=CARTESIAN_POINT('',(7.381770532,8.6868,-7.381770532));
#19133=DIRECTION('',(0.0,1.0,0.0));
#19134=DIRECTION('',(0.707106781,0.0,0.707106781));
#19135=ORIENTED_EDGE('',*,*,#19136,.T.);
#19136=EDGE_CURVE('',#19128,#19137,#19139,.F.);
#19137=VERTEX_POINT('',#19138);
#19138=CARTESIAN_POINT('',(6.483744919,9.8298,-6.663350042));
#19139=CIRCLE('',#19140,1.143);
#19140=AXIS2_PLACEMENT_3D('',#19141,#19142,#19143);
#19141=CARTESIAN_POINT('',(6.483744919,8.6868,-6.663350042));
#19142=DIRECTION('',(-0.707106781,0.0,-0.707106781));
#19143=DIRECTION('',(0.0,1.0,0.0));
#19144=ORIENTED_EDGE('',*,*,#19145,.T.);
#19145=EDGE_CURVE('',#19137,#19146,#19148,.T.);
#19146=VERTEX_POINT('',#19147);
#19147=CARTESIAN_POINT('',(6.663350042,9.8298,-6.483744919));
#19148=CIRCLE('',#19149,0.127);
#19149=AXIS2_PLACEMENT_3D('',#19150,#19151,#19152);
#19150=CARTESIAN_POINT('',(6.573547481,9.8298,-6.573547481));
#19151=DIRECTION('',(0.707106781,0.0,-0.707106781));
#19152=DIRECTION('',(-0.707106781,-1.110223025E-14,-0.707106781));
#19153=ORIENTED_EDGE('',*,*,#19154,.T.);
#19154=EDGE_CURVE('',#19146,#19126,#19155,.F.);
#19155=CIRCLE('',#19156,1.143);
#19156=AXIS2_PLACEMENT_3D('',#19157,#19158,#19159);
#19157=CARTESIAN_POINT('',(6.663350042,8.6868,-6.483744919));
#19158=DIRECTION('',(0.707106781,0.0,0.707106781));
#19159=DIRECTION('',(0.707106781,0.0,-0.707106781));
#19160=TOROIDAL_SURFACE('',#19161,1.143,0.127);
#19161=AXIS2_PLACEMENT_3D('',#19162,#19163,#19164);
#19162=CARTESIAN_POINT('',(6.573547481,8.6868,-6.573547481));
#19163=DIRECTION('',(-0.707106781,0.0,-0.707106781));
#19164=DIRECTION('',(-0.011236422,0.999873735,0.011236422));
#19165=ADVANCED_FACE('',(#19166),#19226,.T.);
#19166=FACE_BOUND('',#19167,.T.);
#19167=EDGE_LOOP('',(#19168,#19169,#19177,#19186,#19194,#19203,#19211,#19220));
#19168=ORIENTED_EDGE('',*,*,#19154,.F.);
#19169=ORIENTED_EDGE('',*,*,#19170,.T.);
#19170=EDGE_CURVE('',#19146,#19171,#19173,.T.);
#19171=VERTEX_POINT('',#19172);
#19172=CARTESIAN_POINT('',(5.76532443,9.8298,-5.585719307));
#19173=LINE('',#19174,#19175);
#19174=CARTESIAN_POINT('',(6.663350042,9.8298,-6.483744919));
#19175=VECTOR('',#19176,1.0);
#19176=DIRECTION('',(-0.707106781,0.0,0.707106781));
#19177=ORIENTED_EDGE('',*,*,#19178,.T.);
#19178=EDGE_CURVE('',#19171,#19179,#19181,.T.);
#19179=VERTEX_POINT('',#19180);
#19180=CARTESIAN_POINT('',(4.957101379,8.6868,-4.777496256));
#19181=CIRCLE('',#19182,1.143);
#19182=AXIS2_PLACEMENT_3D('',#19183,#19184,#19185);
#19183=CARTESIAN_POINT('',(5.76532443,8.6868,-5.585719307));
#19184=DIRECTION('',(0.707106781,0.0,0.707106781));
#19185=DIRECTION('',(0.0,1.0,0.0));
#19186=ORIENTED_EDGE('',*,*,#19187,.T.);
#19187=EDGE_CURVE('',#19179,#19188,#19190,.T.);
#19188=VERTEX_POINT('',#19189);
#19189=CARTESIAN_POINT('',(4.957101379,1.27,-4.777496256));
#19190=LINE('',#19191,#19192);
#19191=CARTESIAN_POINT('',(4.957101379,8.6868,-4.777496256));
#19192=VECTOR('',#19193,1.0);
#19193=DIRECTION('',(0.0,-1.0,0.0));
#19194=ORIENTED_EDGE('',*,*,#19195,.T.);
#19195=EDGE_CURVE('',#19188,#19196,#19198,.T.);
#19196=VERTEX_POINT('',#19197);
#19197=CARTESIAN_POINT('',(5.76532443,0.127,-5.585719307));
#19198=CIRCLE('',#19199,1.143);
#19199=AXIS2_PLACEMENT_3D('',#19200,#19201,#19202);
#19200=CARTESIAN_POINT('',(5.76532443,1.27,-5.585719307));
#19201=DIRECTION('',(0.707106781,0.0,0.707106781));
#19202=DIRECTION('',(-0.707106781,0.0,0.707106781));
#19203=ORIENTED_EDGE('',*,*,#19204,.T.);
#19204=EDGE_CURVE('',#19196,#19205,#19207,.T.);
#19205=VERTEX_POINT('',#19206);
#19206=CARTESIAN_POINT('',(6.663350042,0.127,-6.483744919));
#19207=LINE('',#19208,#19209);
#19208=CARTESIAN_POINT('',(5.76532443,0.127,-5.585719307));
#19209=VECTOR('',#19210,1.0);
#19210=DIRECTION('',(0.707106781,0.0,-0.707106781));
#19211=ORIENTED_EDGE('',*,*,#19212,.T.);
#19212=EDGE_CURVE('',#19205,#19213,#19215,.T.);
#19213=VERTEX_POINT('',#19214);
#19214=CARTESIAN_POINT('',(7.471573093,1.27,-7.29196797));
#19215=CIRCLE('',#19216,1.143);
#19216=AXIS2_PLACEMENT_3D('',#19217,#19218,#19219);
#19217=CARTESIAN_POINT('',(6.663350042,1.27,-6.483744919));
#19218=DIRECTION('',(0.707106781,0.0,0.707106781));
#19219=DIRECTION('',(0.0,-1.0,0.0));
#19220=ORIENTED_EDGE('',*,*,#19221,.T.);
#19221=EDGE_CURVE('',#19213,#19126,#19222,.T.);
#19222=LINE('',#19223,#19224);
#19223=CARTESIAN_POINT('',(7.471573093,1.27,-7.29196797));
#19224=VECTOR('',#19225,1.0);
#19225=DIRECTION('',(0.0,1.0,0.0));
#19226=PLANE('',#19227);
#19227=AXIS2_PLACEMENT_3D('',#19228,#19229,#19230);
#19228=CARTESIAN_POINT('',(4.867298818,0.0,-4.687693695));
#19229=DIRECTION('',(0.707106781,0.0,0.707106781));
#19230=DIRECTION('',(0.707106781,0.0,-0.707106781));
#19231=ADVANCED_FACE('',(#19232),#19251,.T.);
#19232=FACE_BOUND('',#19233,.T.);
#19233=EDGE_LOOP('',(#19234,#19243,#19249,#19250));
#19234=ORIENTED_EDGE('',*,*,#19235,.T.);
#19235=EDGE_CURVE('',#19213,#19236,#19238,.F.);
#19236=VERTEX_POINT('',#19237);
#19237=CARTESIAN_POINT('',(7.29196797,1.27,-7.471573093));
#19238=CIRCLE('',#19239,0.127);
#19239=AXIS2_PLACEMENT_3D('',#19240,#19241,#19242);
#19240=CARTESIAN_POINT('',(7.381770532,1.27,-7.381770532));
#19241=DIRECTION('',(0.0,-1.0,0.0));
#19242=DIRECTION('',(-0.707106781,0.0,-0.707106781));
#19243=ORIENTED_EDGE('',*,*,#19244,.T.);
#19244=EDGE_CURVE('',#19236,#19128,#19245,.F.);
#19245=LINE('',#19246,#19247);
#19246=CARTESIAN_POINT('',(7.29196797,8.6868,-7.471573093));
#19247=VECTOR('',#19248,1.0);
#19248=DIRECTION('',(0.0,-1.0,0.0));
#19249=ORIENTED_EDGE('',*,*,#19125,.F.);
#19250=ORIENTED_EDGE('',*,*,#19221,.F.);
#19251=CYLINDRICAL_SURFACE('',#19252,0.127);
#19252=AXIS2_PLACEMENT_3D('',#19253,#19254,#19255);
#19253=CARTESIAN_POINT('',(7.381770532,8.717093534,-7.381770532));
#19254=DIRECTION('',(0.0,-1.0,0.0));
#19255=DIRECTION('',(-0.707106781,0.0,-0.707106781));
#19256=ADVANCED_FACE('',(#19257),#19310,.T.);
#19257=FACE_BOUND('',#19258,.T.);
#19258=EDGE_LOOP('',(#19259,#19268,#19276,#19285,#19293,#19302,#19308,#19309));
#19259=ORIENTED_EDGE('',*,*,#19260,.T.);
#19260=EDGE_CURVE('',#19236,#19261,#19263,.T.);
#19261=VERTEX_POINT('',#19262);
#19262=CARTESIAN_POINT('',(6.483744919,0.127,-6.663350042));
#19263=CIRCLE('',#19264,1.143);
#19264=AXIS2_PLACEMENT_3D('',#19265,#19266,#19267);
#19265=CARTESIAN_POINT('',(6.483744919,1.27,-6.663350042));
#19266=DIRECTION('',(-0.707106781,0.0,-0.707106781));
#19267=DIRECTION('',(0.707106781,0.0,-0.707106781));
#19268=ORIENTED_EDGE('',*,*,#19269,.T.);
#19269=EDGE_CURVE('',#19261,#19270,#19272,.T.);
#19270=VERTEX_POINT('',#19271);
#19271=CARTESIAN_POINT('',(5.585719307,0.127,-5.76532443));
#19272=LINE('',#19273,#19274);
#19273=CARTESIAN_POINT('',(6.483744919,0.127,-6.663350042));
#19274=VECTOR('',#19275,1.0);
#19275=DIRECTION('',(-0.707106781,0.0,0.707106781));
#19276=ORIENTED_EDGE('',*,*,#19277,.T.);
#19277=EDGE_CURVE('',#19270,#19278,#19280,.T.);
#19278=VERTEX_POINT('',#19279);
#19279=CARTESIAN_POINT('',(4.777496256,1.27,-4.957101379));
#19280=CIRCLE('',#19281,1.143);
#19281=AXIS2_PLACEMENT_3D('',#19282,#19283,#19284);
#19282=CARTESIAN_POINT('',(5.585719307,1.27,-5.76532443));
#19283=DIRECTION('',(-0.707106781,0.0,-0.707106781));
#19284=DIRECTION('',(0.0,-1.0,0.0));
#19285=ORIENTED_EDGE('',*,*,#19286,.T.);
#19286=EDGE_CURVE('',#19278,#19287,#19289,.T.);
#19287=VERTEX_POINT('',#19288);
#19288=CARTESIAN_POINT('',(4.777496256,8.6868,-4.957101379));
#19289=LINE('',#19290,#19291);
#19290=CARTESIAN_POINT('',(4.777496256,1.27,-4.957101379));
#19291=VECTOR('',#19292,1.0);
#19292=DIRECTION('',(0.0,1.0,0.0));
#19293=ORIENTED_EDGE('',*,*,#19294,.T.);
#19294=EDGE_CURVE('',#19287,#19295,#19297,.T.);
#19295=VERTEX_POINT('',#19296);
#19296=CARTESIAN_POINT('',(5.585719307,9.8298,-5.76532443));
#19297=CIRCLE('',#19298,1.143);
#19298=AXIS2_PLACEMENT_3D('',#19299,#19300,#19301);
#19299=CARTESIAN_POINT('',(5.585719307,8.6868,-5.76532443));
#19300=DIRECTION('',(-0.707106781,0.0,-0.707106781));
#19301=DIRECTION('',(-0.707106781,0.0,0.707106781));
#19302=ORIENTED_EDGE('',*,*,#19303,.T.);
#19303=EDGE_CURVE('',#19295,#19137,#19304,.T.);
#19304=LINE('',#19305,#19306);
#19305=CARTESIAN_POINT('',(5.585719307,9.8298,-5.76532443));
#19306=VECTOR('',#19307,1.0);
#19307=DIRECTION('',(0.707106781,0.0,-0.707106781));
#19308=ORIENTED_EDGE('',*,*,#19136,.F.);
#19309=ORIENTED_EDGE('',*,*,#19244,.F.);
#19310=PLANE('',#19311);
#19311=AXIS2_PLACEMENT_3D('',#19312,#19313,#19314);
#19312=CARTESIAN_POINT('',(7.381770532,0.0,-7.561375654));
#19313=DIRECTION('',(-0.707106781,0.0,-0.707106781));
#19314=DIRECTION('',(-0.707106781,0.0,0.707106781));
#19315=ADVANCED_FACE('',(#19316),#19328,.T.);
#19316=FACE_BOUND('',#19317,.T.);
#19317=EDGE_LOOP('',(#19318,#19319,#19320,#19327));
#19318=ORIENTED_EDGE('',*,*,#19145,.F.);
#19319=ORIENTED_EDGE('',*,*,#19303,.F.);
#19320=ORIENTED_EDGE('',*,*,#19321,.T.);
#19321=EDGE_CURVE('',#19295,#19171,#19322,.T.);
#19322=CIRCLE('',#19323,0.127);
#19323=AXIS2_PLACEMENT_3D('',#19324,#19325,#19326);
#19324=CARTESIAN_POINT('',(5.675521869,9.8298,-5.675521869));
#19325=DIRECTION('',(0.707106781,0.0,-0.707106781));
#19326=DIRECTION('',(-0.707106781,0.0,-0.707106781));
#19327=ORIENTED_EDGE('',*,*,#19170,.F.);
#19328=CYLINDRICAL_SURFACE('',#19329,0.127);
#19329=AXIS2_PLACEMENT_3D('',#19330,#19331,#19332);
#19330=CARTESIAN_POINT('',(5.663113106,9.8298,-5.663113106));
#19331=DIRECTION('',(0.707106781,0.0,-0.707106781));
#19332=DIRECTION('',(-0.707106781,0.0,-0.707106781));
#19333=ADVANCED_FACE('',(#19334),#19346,.T.);
#19334=FACE_BOUND('',#19335,.T.);
#19335=EDGE_LOOP('',(#19336,#19337,#19338,#19345));
#19336=ORIENTED_EDGE('',*,*,#19321,.F.);
#19337=ORIENTED_EDGE('',*,*,#19294,.F.);
#19338=ORIENTED_EDGE('',*,*,#19339,.T.);
#19339=EDGE_CURVE('',#19287,#19179,#19340,.T.);
#19340=CIRCLE('',#19341,0.127);
#19341=AXIS2_PLACEMENT_3D('',#19342,#19343,#19344);
#19342=CARTESIAN_POINT('',(4.867298818,8.6868,-4.867298818));
#19343=DIRECTION('',(0.0,1.0,0.0));
#19344=DIRECTION('',(-0.707106781,0.0,-0.707106781));
#19345=ORIENTED_EDGE('',*,*,#19178,.F.);
#19346=TOROIDAL_SURFACE('',#19347,1.143,0.127);
#19347=AXIS2_PLACEMENT_3D('',#19348,#19349,#19350);
#19348=CARTESIAN_POINT('',(5.675521869,8.6868,-5.675521869));
#19349=DIRECTION('',(0.707106781,0.0,0.707106781));
#19350=DIRECTION('',(-0.706926614,-0.022572657,0.706926614));
#19351=ADVANCED_FACE('',(#19352),#19364,.T.);
#19352=FACE_BOUND('',#19353,.T.);
#19353=EDGE_LOOP('',(#19354,#19355,#19356,#19363));
#19354=ORIENTED_EDGE('',*,*,#19339,.F.);
#19355=ORIENTED_EDGE('',*,*,#19286,.F.);
#19356=ORIENTED_EDGE('',*,*,#19357,.T.);
#19357=EDGE_CURVE('',#19278,#19188,#19358,.T.);
#19358=CIRCLE('',#19359,0.127);
#19359=AXIS2_PLACEMENT_3D('',#19360,#19361,#19362);
#19360=CARTESIAN_POINT('',(4.867298818,1.27,-4.867298818));
#19361=DIRECTION('',(0.0,1.0,0.0));
#19362=DIRECTION('',(-0.707106781,0.0,-0.707106781));
#19363=ORIENTED_EDGE('',*,*,#19187,.F.);
#19364=CYLINDRICAL_SURFACE('',#19365,0.127);
#19365=AXIS2_PLACEMENT_3D('',#19366,#19367,#19368);
#19366=CARTESIAN_POINT('',(4.867298818,1.252451359,-4.867298818));
#19367=DIRECTION('',(0.0,1.0,0.0));
#19368=DIRECTION('',(-0.707106781,0.0,-0.707106781));
#19369=ADVANCED_FACE('',(#19370),#19382,.T.);
#19370=FACE_BOUND('',#19371,.T.);
#19371=EDGE_LOOP('',(#19372,#19373,#19374,#19381));
#19372=ORIENTED_EDGE('',*,*,#19357,.F.);
#19373=ORIENTED_EDGE('',*,*,#19277,.F.);
#19374=ORIENTED_EDGE('',*,*,#19375,.T.);
#19375=EDGE_CURVE('',#19270,#19196,#19376,.T.);
#19376=CIRCLE('',#19377,0.127);
#19377=AXIS2_PLACEMENT_3D('',#19378,#19379,#19380);
#19378=CARTESIAN_POINT('',(5.675521869,0.127,-5.675521869));
#19379=DIRECTION('',(-0.707106781,0.0,0.707106781));
#19380=DIRECTION('',(-0.707106781,0.0,-0.707106781));
#19381=ORIENTED_EDGE('',*,*,#19195,.F.);
#19382=TOROIDAL_SURFACE('',#19383,1.143,0.127);
#19383=AXIS2_PLACEMENT_3D('',#19384,#19385,#19386);
#19384=CARTESIAN_POINT('',(5.675521869,1.27,-5.675521869));
#19385=DIRECTION('',(-0.707106781,0.0,-0.707106781));
#19386=DIRECTION('',(0.011236422,-0.999873735,-0.011236422));
#19387=ADVANCED_FACE('',(#19388),#19400,.T.);
#19388=FACE_BOUND('',#19389,.T.);
#19389=EDGE_LOOP('',(#19390,#19391,#19392,#19399));
#19390=ORIENTED_EDGE('',*,*,#19375,.F.);
#19391=ORIENTED_EDGE('',*,*,#19269,.F.);
#19392=ORIENTED_EDGE('',*,*,#19393,.T.);
#19393=EDGE_CURVE('',#19261,#19205,#19394,.T.);
#19394=CIRCLE('',#19395,0.127);
#19395=AXIS2_PLACEMENT_3D('',#19396,#19397,#19398);
#19396=CARTESIAN_POINT('',(6.573547481,0.127,-6.573547481));
#19397=DIRECTION('',(-0.707106781,0.0,0.707106781));
#19398=DIRECTION('',(-0.707106781,-3.97251676E-14,-0.707106781));
#19399=ORIENTED_EDGE('',*,*,#19204,.F.);
#19400=CYLINDRICAL_SURFACE('',#19401,0.127);
#19401=AXIS2_PLACEMENT_3D('',#19402,#19403,#19404);
#19402=CARTESIAN_POINT('',(6.594968244,0.127,-6.594968244));
#19403=DIRECTION('',(-0.707106781,0.0,0.707106781));
#19404=DIRECTION('',(-0.707106781,0.0,-0.707106781));
#19405=ADVANCED_FACE('',(#19406),#19412,.T.);
#19406=FACE_BOUND('',#19407,.T.);
#19407=EDGE_LOOP('',(#19408,#19409,#19410,#19411));
#19408=ORIENTED_EDGE('',*,*,#19393,.F.);
#19409=ORIENTED_EDGE('',*,*,#19260,.F.);
#19410=ORIENTED_EDGE('',*,*,#19235,.F.);
#19411=ORIENTED_EDGE('',*,*,#19212,.F.);
#19412=TOROIDAL_SURFACE('',#19413,1.143,0.127);
#19413=AXIS2_PLACEMENT_3D('',#19414,#19415,#19416);
#19414=CARTESIAN_POINT('',(6.573547481,1.27,-6.573547481));
#19415=DIRECTION('',(0.707106781,0.0,0.707106781));
#19416=DIRECTION('',(0.706926614,0.022572657,-0.706926614));
#19417=MANIFOLD_SOLID_BREP('',#19418);
#19418=CLOSED_SHELL('',(#19419,#19463,#19529,#19554,#19613,#19631,#19649,#19667,#19685,#19703));
#19419=ADVANCED_FACE('',(#19420),#19458,.T.);
#19420=FACE_BOUND('',#19421,.T.);
#19421=EDGE_LOOP('',(#19422,#19433,#19442,#19451));
#19422=ORIENTED_EDGE('',*,*,#19423,.T.);
#19423=EDGE_CURVE('',#19424,#19426,#19428,.T.);
#19424=VERTEX_POINT('',#19425);
#19425=CARTESIAN_POINT('',(6.807604617,8.6868,-7.915410333));
#19426=VERTEX_POINT('',#19427);
#19427=CARTESIAN_POINT('',(6.613029328,8.6868,-8.078678386));
#19428=CIRCLE('',#19429,0.127);
#19429=AXIS2_PLACEMENT_3D('',#19430,#19431,#19432);
#19430=CARTESIAN_POINT('',(6.710316973,8.6868,-7.997044359));
#19431=DIRECTION('',(0.0,1.0,0.0));
#19432=DIRECTION('',(0.766044443,0.0,0.64278761));
#19433=ORIENTED_EDGE('',*,*,#19434,.T.);
#19434=EDGE_CURVE('',#19426,#19435,#19437,.F.);
#19435=VERTEX_POINT('',#19436);
#19436=CARTESIAN_POINT('',(5.87832309,9.8298,-7.203089587));
#19437=CIRCLE('',#19438,1.143);
#19438=AXIS2_PLACEMENT_3D('',#19439,#19440,#19441);
#19439=CARTESIAN_POINT('',(5.87832309,8.6868,-7.203089587));
#19440=DIRECTION('',(-0.766044443,0.0,-0.64278761));
#19441=DIRECTION('',(0.0,1.0,0.0));
#19442=ORIENTED_EDGE('',*,*,#19443,.T.);
#19443=EDGE_CURVE('',#19435,#19444,#19446,.T.);
#19444=VERTEX_POINT('',#19445);
#19445=CARTESIAN_POINT('',(6.072898379,9.8298,-7.039821535));
#19446=CIRCLE('',#19447,0.127);
#19447=AXIS2_PLACEMENT_3D('',#19448,#19449,#19450);
#19448=CARTESIAN_POINT('',(5.975610735,9.8298,-7.121455561));
#19449=DIRECTION('',(0.64278761,0.0,-0.766044443));
#19450=DIRECTION('',(-0.766044443,0.0,-0.64278761));
#19451=ORIENTED_EDGE('',*,*,#19452,.T.);
#19452=EDGE_CURVE('',#19444,#19424,#19453,.F.);
#19453=CIRCLE('',#19454,1.143);
#19454=AXIS2_PLACEMENT_3D('',#19455,#19456,#19457);
#19455=CARTESIAN_POINT('',(6.072898379,8.6868,-7.039821535));
#19456=DIRECTION('',(0.766044443,0.0,0.64278761));
#19457=DIRECTION('',(0.64278761,0.0,-0.766044443));
#19458=TOROIDAL_SURFACE('',#19459,1.143,0.127);
#19459=AXIS2_PLACEMENT_3D('',#19460,#19461,#19462);
#19460=CARTESIAN_POINT('',(5.975610735,8.6868,-7.121455561));
#19461=DIRECTION('',(-0.766044443,0.0,-0.64278761));
#19462=DIRECTION('',(-0.010214346,0.999873735,0.012172983));
#19463=ADVANCED_FACE('',(#19464),#19524,.T.);
#19464=FACE_BOUND('',#19465,.T.);
#19465=EDGE_LOOP('',(#19466,#19467,#19475,#19484,#19492,#19501,#19509,#19518));
#19466=ORIENTED_EDGE('',*,*,#19452,.F.);
#19467=ORIENTED_EDGE('',*,*,#19468,.T.);
#19468=EDGE_CURVE('',#19444,#19469,#19471,.T.);
#19469=VERTEX_POINT('',#19470);
#19470=CARTESIAN_POINT('',(5.256558115,9.8298,-6.066945092));
#19471=LINE('',#19472,#19473);
#19472=CARTESIAN_POINT('',(6.072898379,9.8298,-7.039821535));
#19473=VECTOR('',#19474,1.0);
#19474=DIRECTION('',(-0.64278761,0.0,0.766044443));
#19475=ORIENTED_EDGE('',*,*,#19476,.T.);
#19476=EDGE_CURVE('',#19469,#19477,#19479,.T.);
#19477=VERTEX_POINT('',#19478);
#19478=CARTESIAN_POINT('',(4.521851877,8.6868,-5.191356293));
#19479=CIRCLE('',#19480,1.143);
#19480=AXIS2_PLACEMENT_3D('',#19481,#19482,#19483);
#19481=CARTESIAN_POINT('',(5.256558115,8.6868,-6.066945092));
#19482=DIRECTION('',(0.766044443,0.0,0.64278761));
#19483=DIRECTION('',(0.0,1.0,0.0));
#19484=ORIENTED_EDGE('',*,*,#19485,.T.);
#19485=EDGE_CURVE('',#19477,#19486,#19488,.T.);
#19486=VERTEX_POINT('',#19487);
#19487=CARTESIAN_POINT('',(4.521851877,1.27,-5.191356293));
#19488=LINE('',#19489,#19490);
#19489=CARTESIAN_POINT('',(4.521851877,8.6868,-5.191356293));
#19490=VECTOR('',#19491,1.0);
#19491=DIRECTION('',(0.0,-1.0,0.0));
#19492=ORIENTED_EDGE('',*,*,#19493,.T.);
#19493=EDGE_CURVE('',#19486,#19494,#19496,.T.);
#19494=VERTEX_POINT('',#19495);
#19495=CARTESIAN_POINT('',(5.256558115,0.127,-6.066945092));
#19496=CIRCLE('',#19497,1.143);
#19497=AXIS2_PLACEMENT_3D('',#19498,#19499,#19500);
#19498=CARTESIAN_POINT('',(5.256558115,1.27,-6.066945092));
#19499=DIRECTION('',(0.766044443,0.0,0.64278761));
#19500=DIRECTION('',(-0.64278761,0.0,0.766044443));
#19501=ORIENTED_EDGE('',*,*,#19502,.T.);
#19502=EDGE_CURVE('',#19494,#19503,#19505,.T.);
#19503=VERTEX_POINT('',#19504);
#19504=CARTESIAN_POINT('',(6.072898379,0.127,-7.039821535));
#19505=LINE('',#19506,#19507);
#19506=CARTESIAN_POINT('',(5.256558115,0.127,-6.066945092));
#19507=VECTOR('',#19508,1.0);
#19508=DIRECTION('',(0.64278761,0.0,-0.766044443));
#19509=ORIENTED_EDGE('',*,*,#19510,.T.);
#19510=EDGE_CURVE('',#19503,#19511,#19513,.T.);
#19511=VERTEX_POINT('',#19512);
#19512=CARTESIAN_POINT('',(6.807604617,1.27,-7.915410333));
#19513=CIRCLE('',#19514,1.143);
#19514=AXIS2_PLACEMENT_3D('',#19515,#19516,#19517);
#19515=CARTESIAN_POINT('',(6.072898379,1.27,-7.039821535));
#19516=DIRECTION('',(0.766044443,0.0,0.64278761));
#19517=DIRECTION('',(0.0,-1.0,0.0));
#19518=ORIENTED_EDGE('',*,*,#19519,.T.);
#19519=EDGE_CURVE('',#19511,#19424,#19520,.T.);
#19520=LINE('',#19521,#19522);
#19521=CARTESIAN_POINT('',(6.807604617,1.27,-7.915410333));
#19522=VECTOR('',#19523,1.0);
#19523=DIRECTION('',(0.0,1.0,0.0));
#19524=PLANE('',#19525);
#19525=AXIS2_PLACEMENT_3D('',#19526,#19527,#19528);
#19526=CARTESIAN_POINT('',(4.44021785,0.0,-5.094068649));
#19527=DIRECTION('',(0.766044443,0.0,0.64278761));
#19528=DIRECTION('',(0.64278761,0.0,-0.766044443));
#19529=ADVANCED_FACE('',(#19530),#19549,.T.);
#19530=FACE_BOUND('',#19531,.T.);
#19531=EDGE_LOOP('',(#19532,#19541,#19547,#19548));
#19532=ORIENTED_EDGE('',*,*,#19533,.T.);
#19533=EDGE_CURVE('',#19511,#19534,#19536,.F.);
#19534=VERTEX_POINT('',#19535);
#19535=CARTESIAN_POINT('',(6.613029328,1.27,-8.078678386));
#19536=CIRCLE('',#19537,0.127);
#19537=AXIS2_PLACEMENT_3D('',#19538,#19539,#19540);
#19538=CARTESIAN_POINT('',(6.710316973,1.27,-7.997044359));
#19539=DIRECTION('',(0.0,-1.0,0.0));
#19540=DIRECTION('',(-0.766044443,0.0,-0.64278761));
#19541=ORIENTED_EDGE('',*,*,#19542,.T.);
#19542=EDGE_CURVE('',#19534,#19426,#19543,.F.);
#19543=LINE('',#19544,#19545);
#19544=CARTESIAN_POINT('',(6.613029328,8.6868,-8.078678386));
#19545=VECTOR('',#19546,1.0);
#19546=DIRECTION('',(0.0,-1.0,0.0));
#19547=ORIENTED_EDGE('',*,*,#19423,.F.);
#19548=ORIENTED_EDGE('',*,*,#19519,.F.);
#19549=CYLINDRICAL_SURFACE('',#19550,0.127);
#19550=AXIS2_PLACEMENT_3D('',#19551,#19552,#19553);
#19551=CARTESIAN_POINT('',(6.710316973,8.717093534,-7.997044359));
#19552=DIRECTION('',(0.0,-1.0,0.0));
#19553=DIRECTION('',(-0.766044443,0.0,-0.64278761));
#19554=ADVANCED_FACE('',(#19555),#19608,.T.);
#19555=FACE_BOUND('',#19556,.T.);
#19556=EDGE_LOOP('',(#19557,#19566,#19574,#19583,#19591,#19600,#19606,#19607));
#19557=ORIENTED_EDGE('',*,*,#19558,.T.);
#19558=EDGE_CURVE('',#19534,#19559,#19561,.T.);
#19559=VERTEX_POINT('',#19560);
#19560=CARTESIAN_POINT('',(5.87832309,0.127,-7.203089587));
#19561=CIRCLE('',#19562,1.143);
#19562=AXIS2_PLACEMENT_3D('',#19563,#19564,#19565);
#19563=CARTESIAN_POINT('',(5.87832309,1.27,-7.203089587));
#19564=DIRECTION('',(-0.766044443,0.0,-0.64278761));
#19565=DIRECTION('',(0.64278761,2.143347228E-14,-0.766044443));
#19566=ORIENTED_EDGE('',*,*,#19567,.T.);
#19567=EDGE_CURVE('',#19559,#19568,#19570,.T.);
#19568=VERTEX_POINT('',#19569);
#19569=CARTESIAN_POINT('',(5.061982826,0.127,-6.230213145));
#19570=LINE('',#19571,#19572);
#19571=CARTESIAN_POINT('',(5.87832309,0.127,-7.203089587));
#19572=VECTOR('',#19573,1.0);
#19573=DIRECTION('',(-0.64278761,0.0,0.766044443));
#19574=ORIENTED_EDGE('',*,*,#19575,.T.);
#19575=EDGE_CURVE('',#19568,#19576,#19578,.T.);
#19576=VERTEX_POINT('',#19577);
#19577=CARTESIAN_POINT('',(4.327276588,1.27,-5.354624346));
#19578=CIRCLE('',#19579,1.143);
#19579=AXIS2_PLACEMENT_3D('',#19580,#19581,#19582);
#19580=CARTESIAN_POINT('',(5.061982826,1.27,-6.230213145));
#19581=DIRECTION('',(-0.766044443,0.0,-0.64278761));
#19582=DIRECTION('',(0.0,-1.0,0.0));
#19583=ORIENTED_EDGE('',*,*,#19584,.T.);
#19584=EDGE_CURVE('',#19576,#19585,#19587,.T.);
#19585=VERTEX_POINT('',#19586);
#19586=CARTESIAN_POINT('',(4.327276588,8.6868,-5.354624346));
#19587=LINE('',#19588,#19589);
#19588=CARTESIAN_POINT('',(4.327276588,1.27,-5.354624346));
#19589=VECTOR('',#19590,1.0);
#19590=DIRECTION('',(0.0,1.0,0.0));
#19591=ORIENTED_EDGE('',*,*,#19592,.T.);
#19592=EDGE_CURVE('',#19585,#19593,#19595,.T.);
#19593=VERTEX_POINT('',#19594);
#19594=CARTESIAN_POINT('',(5.061982826,9.8298,-6.230213145));
#19595=CIRCLE('',#19596,1.143);
#19596=AXIS2_PLACEMENT_3D('',#19597,#19598,#19599);
#19597=CARTESIAN_POINT('',(5.061982826,8.6868,-6.230213145));
#19598=DIRECTION('',(-0.766044443,0.0,-0.64278761));
#19599=DIRECTION('',(-0.64278761,0.0,0.766044443));
#19600=ORIENTED_EDGE('',*,*,#19601,.T.);
#19601=EDGE_CURVE('',#19593,#19435,#19602,.T.);
#19602=LINE('',#19603,#19604);
#19603=CARTESIAN_POINT('',(5.061982826,9.8298,-6.230213145));
#19604=VECTOR('',#19605,1.0);
#19605=DIRECTION('',(0.64278761,0.0,-0.766044443));
#19606=ORIENTED_EDGE('',*,*,#19434,.F.);
#19607=ORIENTED_EDGE('',*,*,#19542,.F.);
#19608=PLANE('',#19609);
#19609=AXIS2_PLACEMENT_3D('',#19610,#19611,#19612);
#19610=CARTESIAN_POINT('',(6.694663355,0.0,-8.17596603));
#19611=DIRECTION('',(-0.766044443,0.0,-0.64278761));
#19612=DIRECTION('',(-0.64278761,0.0,0.766044443));
#19613=ADVANCED_FACE('',(#19614),#19626,.T.);
#19614=FACE_BOUND('',#19615,.T.);
#19615=EDGE_LOOP('',(#19616,#19617,#19618,#19625));
#19616=ORIENTED_EDGE('',*,*,#19443,.F.);
#19617=ORIENTED_EDGE('',*,*,#19601,.F.);
#19618=ORIENTED_EDGE('',*,*,#19619,.T.);
#19619=EDGE_CURVE('',#19593,#19469,#19620,.T.);
#19620=CIRCLE('',#19621,0.127);
#19621=AXIS2_PLACEMENT_3D('',#19622,#19623,#19624);
#19622=CARTESIAN_POINT('',(5.15927047,9.8298,-6.148579118));
#19623=DIRECTION('',(0.64278761,0.0,-0.766044443));
#19624=DIRECTION('',(-0.766044443,-1.110223025E-14,-0.64278761));
#19625=ORIENTED_EDGE('',*,*,#19468,.F.);
#19626=CYLINDRICAL_SURFACE('',#19627,0.127);
#19627=AXIS2_PLACEMENT_3D('',#19628,#19629,#19630);
#19628=CARTESIAN_POINT('',(5.147990422,9.8298,-6.13513608));
#19629=DIRECTION('',(0.64278761,0.0,-0.766044443));
#19630=DIRECTION('',(-0.766044443,0.0,-0.64278761));
#19631=ADVANCED_FACE('',(#19632),#19644,.T.);
#19632=FACE_BOUND('',#19633,.T.);
#19633=EDGE_LOOP('',(#19634,#19635,#19636,#19643));
#19634=ORIENTED_EDGE('',*,*,#19619,.F.);
#19635=ORIENTED_EDGE('',*,*,#19592,.F.);
#19636=ORIENTED_EDGE('',*,*,#19637,.T.);
#19637=EDGE_CURVE('',#19585,#19477,#19638,.T.);
#19638=CIRCLE('',#19639,0.127);
#19639=AXIS2_PLACEMENT_3D('',#19640,#19641,#19642);
#19640=CARTESIAN_POINT('',(4.424564233,8.6868,-5.27299032));
#19641=DIRECTION('',(0.0,1.0,0.0));
#19642=DIRECTION('',(-0.766044443,0.0,-0.64278761));
#19643=ORIENTED_EDGE('',*,*,#19476,.F.);
#19644=TOROIDAL_SURFACE('',#19645,1.143,0.127);
#19645=AXIS2_PLACEMENT_3D('',#19646,#19647,#19648);
#19646=CARTESIAN_POINT('',(5.15927047,8.6868,-6.148579118));
#19647=DIRECTION('',(0.766044443,0.0,0.64278761));
#19648=DIRECTION('',(-0.642623831,-0.022572657,0.765849259));
#19649=ADVANCED_FACE('',(#19650),#19662,.T.);
#19650=FACE_BOUND('',#19651,.T.);
#19651=EDGE_LOOP('',(#19652,#19653,#19654,#19661));
#19652=ORIENTED_EDGE('',*,*,#19637,.F.);
#19653=ORIENTED_EDGE('',*,*,#19584,.F.);
#19654=ORIENTED_EDGE('',*,*,#19655,.T.);
#19655=EDGE_CURVE('',#19576,#19486,#19656,.T.);
#19656=CIRCLE('',#19657,0.127);
#19657=AXIS2_PLACEMENT_3D('',#19658,#19659,#19660);
#19658=CARTESIAN_POINT('',(4.424564233,1.27,-5.27299032));
#19659=DIRECTION('',(0.0,1.0,0.0));
#19660=DIRECTION('',(-0.766044443,0.0,-0.64278761));
#19661=ORIENTED_EDGE('',*,*,#19485,.F.);
#19662=CYLINDRICAL_SURFACE('',#19663,0.127);
#19663=AXIS2_PLACEMENT_3D('',#19664,#19665,#19666);
#19664=CARTESIAN_POINT('',(4.424564233,1.252451359,-5.27299032));
#19665=DIRECTION('',(0.0,1.0,0.0));
#19666=DIRECTION('',(-0.766044443,0.0,-0.64278761));
#19667=ADVANCED_FACE('',(#19668),#19680,.T.);
#19668=FACE_BOUND('',#19669,.T.);
#19669=EDGE_LOOP('',(#19670,#19671,#19672,#19679));
#19670=ORIENTED_EDGE('',*,*,#19655,.F.);
#19671=ORIENTED_EDGE('',*,*,#19575,.F.);
#19672=ORIENTED_EDGE('',*,*,#19673,.T.);
#19673=EDGE_CURVE('',#19568,#19494,#19674,.T.);
#19674=CIRCLE('',#19675,0.127);
#19675=AXIS2_PLACEMENT_3D('',#19676,#19677,#19678);
#19676=CARTESIAN_POINT('',(5.15927047,0.127,-6.148579118));
#19677=DIRECTION('',(-0.64278761,0.0,0.766044443));
#19678=DIRECTION('',(-0.766044443,0.0,-0.64278761));
#19679=ORIENTED_EDGE('',*,*,#19493,.F.);
#19680=TOROIDAL_SURFACE('',#19681,1.143,0.127);
#19681=AXIS2_PLACEMENT_3D('',#19682,#19683,#19684);
#19682=CARTESIAN_POINT('',(5.15927047,1.27,-6.148579118));
#19683=DIRECTION('',(-0.766044443,0.0,-0.64278761));
#19684=DIRECTION('',(0.010214346,-0.999873735,-0.012172983));
#19685=ADVANCED_FACE('',(#19686),#19698,.T.);
#19686=FACE_BOUND('',#19687,.T.);
#19687=EDGE_LOOP('',(#19688,#19689,#19690,#19697));
#19688=ORIENTED_EDGE('',*,*,#19673,.F.);
#19689=ORIENTED_EDGE('',*,*,#19567,.F.);
#19690=ORIENTED_EDGE('',*,*,#19691,.T.);
#19691=EDGE_CURVE('',#19559,#19503,#19692,.T.);
#19692=CIRCLE('',#19693,0.127);
#19693=AXIS2_PLACEMENT_3D('',#19694,#19695,#19696);
#19694=CARTESIAN_POINT('',(5.975610735,0.127,-7.121455561));
#19695=DIRECTION('',(-0.64278761,0.0,0.766044443));
#19696=DIRECTION('',(-0.766044443,2.133709875E-14,-0.64278761));
#19697=ORIENTED_EDGE('',*,*,#19502,.F.);
#19698=CYLINDRICAL_SURFACE('',#19699,0.127);
#19699=AXIS2_PLACEMENT_3D('',#19700,#19701,#19702);
#19700=CARTESIAN_POINT('',(5.995083043,0.127,-7.144661754));
#19701=DIRECTION('',(-0.64278761,0.0,0.766044443));
#19702=DIRECTION('',(-0.766044443,0.0,-0.64278761));
#19703=ADVANCED_FACE('',(#19704),#19710,.T.);
#19704=FACE_BOUND('',#19705,.T.);
#19705=EDGE_LOOP('',(#19706,#19707,#19708,#19709));
#19706=ORIENTED_EDGE('',*,*,#19691,.F.);
#19707=ORIENTED_EDGE('',*,*,#19558,.F.);
#19708=ORIENTED_EDGE('',*,*,#19533,.F.);
#19709=ORIENTED_EDGE('',*,*,#19510,.F.);
#19710=TOROIDAL_SURFACE('',#19711,1.143,0.127);
#19711=AXIS2_PLACEMENT_3D('',#19712,#19713,#19714);
#19712=CARTESIAN_POINT('',(5.975610735,1.27,-7.121455561));
#19713=DIRECTION('',(0.766044443,0.0,0.64278761));
#19714=DIRECTION('',(0.642623831,0.022572657,-0.765849259));
#19715=MANIFOLD_SOLID_BREP('',#19716);
#19716=CLOSED_SHELL('',(#19717,#19761,#19827,#19852,#19911,#19929,#19947,#19965,#19983,#20001));
#19717=ADVANCED_FACE('',(#19718),#19756,.T.);
#19718=FACE_BOUND('',#19719,.T.);
#19719=EDGE_LOOP('',(#19720,#19731,#19740,#19749));
#19720=ORIENTED_EDGE('',*,*,#19721,.T.);
#19721=EDGE_CURVE('',#19722,#19724,#19726,.T.);
#19722=VERTEX_POINT('',#19723);
#19723=CARTESIAN_POINT('',(6.091826159,8.6868,-8.478611644));
#19724=VERTEX_POINT('',#19725);
#19725=CARTESIAN_POINT('',(5.88376154,8.6868,-8.624300059));
#19726=CIRCLE('',#19727,0.127);
#19727=AXIS2_PLACEMENT_3D('',#19728,#19729,#19730);
#19728=CARTESIAN_POINT('',(5.98779385,8.6868,-8.551455851));
#19729=DIRECTION('',(0.0,1.0,0.0));
#19730=DIRECTION('',(0.819152044,0.0,0.573576436));
#19731=ORIENTED_EDGE('',*,*,#19732,.T.);
#19732=EDGE_CURVE('',#19724,#19733,#19735,.F.);
#19733=VERTEX_POINT('',#19734);
#19734=CARTESIAN_POINT('',(5.228163673,9.8298,-7.688009272));
#19735=CIRCLE('',#19736,1.143);
#19736=AXIS2_PLACEMENT_3D('',#19737,#19738,#19739);
#19737=CARTESIAN_POINT('',(5.228163673,8.6868,-7.688009272));
#19738=DIRECTION('',(-0.819152044,0.0,-0.573576436));
#19739=DIRECTION('',(0.0,1.0,0.0));
#19740=ORIENTED_EDGE('',*,*,#19741,.T.);
#19741=EDGE_CURVE('',#19733,#19742,#19744,.T.);
#19742=VERTEX_POINT('',#19743);
#19743=CARTESIAN_POINT('',(5.436228293,9.8298,-7.542320857));
#19744=CIRCLE('',#19745,0.127);
#19745=AXIS2_PLACEMENT_3D('',#19746,#19747,#19748);
#19746=CARTESIAN_POINT('',(5.332195983,9.8298,-7.615165065));
#19747=DIRECTION('',(0.573576436,0.0,-0.819152044));
#19748=DIRECTION('',(-0.819152044,0.0,-0.573576436));
#19749=ORIENTED_EDGE('',*,*,#19750,.T.);
#19750=EDGE_CURVE('',#19742,#19722,#19751,.F.);
#19751=CIRCLE('',#19752,1.143);
#19752=AXIS2_PLACEMENT_3D('',#19753,#19754,#19755);
#19753=CARTESIAN_POINT('',(5.436228293,8.6868,-7.542320857));
#19754=DIRECTION('',(0.819152044,0.0,0.573576436));
#19755=DIRECTION('',(0.573576436,-2.590520391E-14,-0.819152044));
#19756=TOROIDAL_SURFACE('',#19757,1.143,0.127);
#19757=AXIS2_PLACEMENT_3D('',#19758,#19759,#19760);
#19758=CARTESIAN_POINT('',(5.332195983,8.6868,-7.615165065));
#19759=DIRECTION('',(-0.819152044,0.0,-0.573576436));
#19760=DIRECTION('',(-0.009114531,0.999873735,0.0130169));
#19761=ADVANCED_FACE('',(#19762),#19822,.T.);
#19762=FACE_BOUND('',#19763,.T.);
#19763=EDGE_LOOP('',(#19764,#19765,#19773,#19782,#19790,#19799,#19807,#19816));
#19764=ORIENTED_EDGE('',*,*,#19750,.F.);
#19765=ORIENTED_EDGE('',*,*,#19766,.T.);
#19766=EDGE_CURVE('',#19742,#19767,#19769,.T.);
#19767=VERTEX_POINT('',#19768);
#19768=CARTESIAN_POINT('',(4.707786218,9.8298,-6.501997761));
#19769=LINE('',#19770,#19771);
#19770=CARTESIAN_POINT('',(5.436228293,9.8298,-7.542320857));
#19771=VECTOR('',#19772,1.0);
#19772=DIRECTION('',(-0.573576436,0.0,0.819152044));
#19773=ORIENTED_EDGE('',*,*,#19774,.T.);
#19774=EDGE_CURVE('',#19767,#19775,#19777,.T.);
#19775=VERTEX_POINT('',#19776);
#19776=CARTESIAN_POINT('',(4.052188352,8.6868,-5.565706974));
#19777=CIRCLE('',#19778,1.143);
#19778=AXIS2_PLACEMENT_3D('',#19779,#19780,#19781);
#19779=CARTESIAN_POINT('',(4.707786218,8.6868,-6.501997761));
#19780=DIRECTION('',(0.819152044,0.0,0.573576436));
#19781=DIRECTION('',(0.0,1.0,0.0));
#19782=ORIENTED_EDGE('',*,*,#19783,.T.);
#19783=EDGE_CURVE('',#19775,#19784,#19786,.T.);
#19784=VERTEX_POINT('',#19785);
#19785=CARTESIAN_POINT('',(4.052188352,1.27,-5.565706974));
#19786=LINE('',#19787,#19788);
#19787=CARTESIAN_POINT('',(4.052188352,8.6868,-5.565706974));
#19788=VECTOR('',#19789,1.0);
#19789=DIRECTION('',(0.0,-1.0,0.0));
#19790=ORIENTED_EDGE('',*,*,#19791,.T.);
#19791=EDGE_CURVE('',#19784,#19792,#19794,.T.);
#19792=VERTEX_POINT('',#19793);
#19793=CARTESIAN_POINT('',(4.707786218,0.127,-6.501997761));
#19794=CIRCLE('',#19795,1.143);
#19795=AXIS2_PLACEMENT_3D('',#19796,#19797,#19798);
#19796=CARTESIAN_POINT('',(4.707786218,1.27,-6.501997761));
#19797=DIRECTION('',(0.819152044,0.0,0.573576436));
#19798=DIRECTION('',(-0.573576436,0.0,0.819152044));
#19799=ORIENTED_EDGE('',*,*,#19800,.T.);
#19800=EDGE_CURVE('',#19792,#19801,#19803,.T.);
#19801=VERTEX_POINT('',#19802);
#19802=CARTESIAN_POINT('',(5.436228293,0.127,-7.542320857));
#19803=LINE('',#19804,#19805);
#19804=CARTESIAN_POINT('',(4.707786218,0.127,-6.501997761));
#19805=VECTOR('',#19806,1.0);
#19806=DIRECTION('',(0.573576436,0.0,-0.819152044));
#19807=ORIENTED_EDGE('',*,*,#19808,.T.);
#19808=EDGE_CURVE('',#19801,#19809,#19811,.T.);
#19809=VERTEX_POINT('',#19810);
#19810=CARTESIAN_POINT('',(6.091826159,1.27,-8.478611644));
#19811=CIRCLE('',#19812,1.143);
#19812=AXIS2_PLACEMENT_3D('',#19813,#19814,#19815);
#19813=CARTESIAN_POINT('',(5.436228293,1.27,-7.542320857));
#19814=DIRECTION('',(0.819152044,0.0,0.573576436));
#19815=DIRECTION('',(0.0,-1.0,0.0));
#19816=ORIENTED_EDGE('',*,*,#19817,.T.);
#19817=EDGE_CURVE('',#19809,#19722,#19818,.T.);
#19818=LINE('',#19819,#19820);
#19819=CARTESIAN_POINT('',(6.091826159,1.27,-8.478611644));
#19820=VECTOR('',#19821,1.0);
#19821=DIRECTION('',(0.0,1.0,0.0));
#19822=PLANE('',#19823);
#19823=AXIS2_PLACEMENT_3D('',#19824,#19825,#19826);
#19824=CARTESIAN_POINT('',(3.979344144,0.0,-5.461674665));
#19825=DIRECTION('',(0.819152044,0.0,0.573576436));
#19826=DIRECTION('',(0.573576436,0.0,-0.819152044));
#19827=ADVANCED_FACE('',(#19828),#19847,.T.);
#19828=FACE_BOUND('',#19829,.T.);
#19829=EDGE_LOOP('',(#19830,#19839,#19845,#19846));
#19830=ORIENTED_EDGE('',*,*,#19831,.T.);
#19831=EDGE_CURVE('',#19809,#19832,#19834,.F.);
#19832=VERTEX_POINT('',#19833);
#19833=CARTESIAN_POINT('',(5.88376154,1.27,-8.624300059));
#19834=CIRCLE('',#19835,0.127);
#19835=AXIS2_PLACEMENT_3D('',#19836,#19837,#19838);
#19836=CARTESIAN_POINT('',(5.98779385,1.27,-8.551455851));
#19837=DIRECTION('',(0.0,-1.0,0.0));
#19838=DIRECTION('',(-0.819152044,0.0,-0.573576436));
#19839=ORIENTED_EDGE('',*,*,#19840,.T.);
#19840=EDGE_CURVE('',#19832,#19724,#19841,.F.);
#19841=LINE('',#19842,#19843);
#19842=CARTESIAN_POINT('',(5.88376154,8.6868,-8.624300059));
#19843=VECTOR('',#19844,1.0);
#19844=DIRECTION('',(0.0,-1.0,0.0));
#19845=ORIENTED_EDGE('',*,*,#19721,.F.);
#19846=ORIENTED_EDGE('',*,*,#19817,.F.);
#19847=CYLINDRICAL_SURFACE('',#19848,0.127);
#19848=AXIS2_PLACEMENT_3D('',#19849,#19850,#19851);
#19849=CARTESIAN_POINT('',(5.98779385,8.717093534,-8.551455851));
#19850=DIRECTION('',(0.0,-1.0,0.0));
#19851=DIRECTION('',(-0.819152044,0.0,-0.573576436));
#19852=ADVANCED_FACE('',(#19853),#19906,.T.);
#19853=FACE_BOUND('',#19854,.T.);
#19854=EDGE_LOOP('',(#19855,#19864,#19872,#19881,#19889,#19898,#19904,#19905));
#19855=ORIENTED_EDGE('',*,*,#19856,.T.);
#19856=EDGE_CURVE('',#19832,#19857,#19859,.T.);
#19857=VERTEX_POINT('',#19858);
#19858=CARTESIAN_POINT('',(5.228163673,0.127,-7.688009272));
#19859=CIRCLE('',#19860,1.143);
#19860=AXIS2_PLACEMENT_3D('',#19861,#19862,#19863);
#19861=CARTESIAN_POINT('',(5.228163673,1.27,-7.688009272));
#19862=DIRECTION('',(-0.819152044,0.0,-0.573576436));
#19863=DIRECTION('',(0.573576436,0.0,-0.819152044));
#19864=ORIENTED_EDGE('',*,*,#19865,.T.);
#19865=EDGE_CURVE('',#19857,#19866,#19868,.T.);
#19866=VERTEX_POINT('',#19867);
#19867=CARTESIAN_POINT('',(4.499721599,0.127,-6.647686176));
#19868=LINE('',#19869,#19870);
#19869=CARTESIAN_POINT('',(5.228163673,0.127,-7.688009272));
#19870=VECTOR('',#19871,1.0);
#19871=DIRECTION('',(-0.573576436,0.0,0.819152044));
#19872=ORIENTED_EDGE('',*,*,#19873,.T.);
#19873=EDGE_CURVE('',#19866,#19874,#19876,.T.);
#19874=VERTEX_POINT('',#19875);
#19875=CARTESIAN_POINT('',(3.844123732,1.27,-5.711395389));
#19876=CIRCLE('',#19877,1.143);
#19877=AXIS2_PLACEMENT_3D('',#19878,#19879,#19880);
#19878=CARTESIAN_POINT('',(4.499721599,1.27,-6.647686176));
#19879=DIRECTION('',(-0.819152044,0.0,-0.573576436));
#19880=DIRECTION('',(0.0,-1.0,0.0));
#19881=ORIENTED_EDGE('',*,*,#19882,.T.);
#19882=EDGE_CURVE('',#19874,#19883,#19885,.T.);
#19883=VERTEX_POINT('',#19884);
#19884=CARTESIAN_POINT('',(3.844123732,8.6868,-5.711395389));
#19885=LINE('',#19886,#19887);
#19886=CARTESIAN_POINT('',(3.844123732,1.27,-5.711395389));
#19887=VECTOR('',#19888,1.0);
#19888=DIRECTION('',(0.0,1.0,0.0));
#19889=ORIENTED_EDGE('',*,*,#19890,.T.);
#19890=EDGE_CURVE('',#19883,#19891,#19893,.T.);
#19891=VERTEX_POINT('',#19892);
#19892=CARTESIAN_POINT('',(4.499721599,9.8298,-6.647686176));
#19893=CIRCLE('',#19894,1.143);
#19894=AXIS2_PLACEMENT_3D('',#19895,#19896,#19897);
#19895=CARTESIAN_POINT('',(4.499721599,8.6868,-6.647686176));
#19896=DIRECTION('',(-0.819152044,0.0,-0.573576436));
#19897=DIRECTION('',(-0.573576436,0.0,0.819152044));
#19898=ORIENTED_EDGE('',*,*,#19899,.T.);
#19899=EDGE_CURVE('',#19891,#19733,#19900,.T.);
#19900=LINE('',#19901,#19902);
#19901=CARTESIAN_POINT('',(4.499721599,9.8298,-6.647686176));
#19902=VECTOR('',#19903,1.0);
#19903=DIRECTION('',(0.573576436,0.0,-0.819152044));
#19904=ORIENTED_EDGE('',*,*,#19732,.F.);
#19905=ORIENTED_EDGE('',*,*,#19840,.F.);
#19906=PLANE('',#19907);
#19907=AXIS2_PLACEMENT_3D('',#19908,#19909,#19910);
#19908=CARTESIAN_POINT('',(5.956605747,0.0,-8.728332368));
#19909=DIRECTION('',(-0.819152044,0.0,-0.573576436));
#19910=DIRECTION('',(-0.573576436,0.0,0.819152044));
#19911=ADVANCED_FACE('',(#19912),#19924,.T.);
#19912=FACE_BOUND('',#19913,.T.);
#19913=EDGE_LOOP('',(#19914,#19915,#19916,#19923));
#19914=ORIENTED_EDGE('',*,*,#19741,.F.);
#19915=ORIENTED_EDGE('',*,*,#19899,.F.);
#19916=ORIENTED_EDGE('',*,*,#19917,.T.);
#19917=EDGE_CURVE('',#19891,#19767,#19918,.T.);
#19918=CIRCLE('',#19919,0.127);
#19919=AXIS2_PLACEMENT_3D('',#19920,#19921,#19922);
#19920=CARTESIAN_POINT('',(4.603753909,9.8298,-6.574841968));
#19921=DIRECTION('',(0.573576436,0.0,-0.819152044));
#19922=DIRECTION('',(-0.819152044,-2.220446049E-14,-0.573576436));
#19923=ORIENTED_EDGE('',*,*,#19766,.F.);
#19924=CYLINDRICAL_SURFACE('',#19925,0.127);
#19925=AXIS2_PLACEMENT_3D('',#19926,#19927,#19928);
#19926=CARTESIAN_POINT('',(4.593688422,9.8298,-6.560466963));
#19927=DIRECTION('',(0.573576436,0.0,-0.819152044));
#19928=DIRECTION('',(-0.819152044,0.0,-0.573576436));
#19929=ADVANCED_FACE('',(#19930),#19942,.T.);
#19930=FACE_BOUND('',#19931,.T.);
#19931=EDGE_LOOP('',(#19932,#19933,#19934,#19941));
#19932=ORIENTED_EDGE('',*,*,#19917,.F.);
#19933=ORIENTED_EDGE('',*,*,#19890,.F.);
#19934=ORIENTED_EDGE('',*,*,#19935,.T.);
#19935=EDGE_CURVE('',#19883,#19775,#19936,.T.);
#19936=CIRCLE('',#19937,0.127);
#19937=AXIS2_PLACEMENT_3D('',#19938,#19939,#19940);
#19938=CARTESIAN_POINT('',(3.948156042,8.6868,-5.638551182));
#19939=DIRECTION('',(0.0,1.0,0.0));
#19940=DIRECTION('',(-0.819152044,0.0,-0.573576436));
#19941=ORIENTED_EDGE('',*,*,#19774,.F.);
#19942=TOROIDAL_SURFACE('',#19943,1.143,0.127);
#19943=AXIS2_PLACEMENT_3D('',#19944,#19945,#19946);
#19944=CARTESIAN_POINT('',(4.603753909,8.6868,-6.574841968));
#19945=DIRECTION('',(0.819152044,0.0,0.573576436));
#19946=DIRECTION('',(-0.573430292,-0.022572657,0.818943329));
#19947=ADVANCED_FACE('',(#19948),#19960,.T.);
#19948=FACE_BOUND('',#19949,.T.);
#19949=EDGE_LOOP('',(#19950,#19951,#19952,#19959));
#19950=ORIENTED_EDGE('',*,*,#19935,.F.);
#19951=ORIENTED_EDGE('',*,*,#19882,.F.);
#19952=ORIENTED_EDGE('',*,*,#19953,.T.);
#19953=EDGE_CURVE('',#19874,#19784,#19954,.T.);
#19954=CIRCLE('',#19955,0.127);
#19955=AXIS2_PLACEMENT_3D('',#19956,#19957,#19958);
#19956=CARTESIAN_POINT('',(3.948156042,1.27,-5.638551182));
#19957=DIRECTION('',(0.0,1.0,0.0));
#19958=DIRECTION('',(-0.819152044,0.0,-0.573576436));
#19959=ORIENTED_EDGE('',*,*,#19783,.F.);
#19960=CYLINDRICAL_SURFACE('',#19961,0.127);
#19961=AXIS2_PLACEMENT_3D('',#19962,#19963,#19964);
#19962=CARTESIAN_POINT('',(3.948156042,1.252451359,-5.638551182));
#19963=DIRECTION('',(0.0,1.0,0.0));
#19964=DIRECTION('',(-0.819152044,0.0,-0.573576436));
#19965=ADVANCED_FACE('',(#19966),#19978,.T.);
#19966=FACE_BOUND('',#19967,.T.);
#19967=EDGE_LOOP('',(#19968,#19969,#19970,#19977));
#19968=ORIENTED_EDGE('',*,*,#19953,.F.);
#19969=ORIENTED_EDGE('',*,*,#19873,.F.);
#19970=ORIENTED_EDGE('',*,*,#19971,.T.);
#19971=EDGE_CURVE('',#19866,#19792,#19972,.T.);
#19972=CIRCLE('',#19973,0.127);
#19973=AXIS2_PLACEMENT_3D('',#19974,#19975,#19976);
#19974=CARTESIAN_POINT('',(4.603753909,0.127,-6.574841968));
#19975=DIRECTION('',(-0.573576436,0.0,0.819152044));
#19976=DIRECTION('',(-0.819152044,0.0,-0.573576436));
#19977=ORIENTED_EDGE('',*,*,#19791,.F.);
#19978=TOROIDAL_SURFACE('',#19979,1.143,0.127);
#19979=AXIS2_PLACEMENT_3D('',#19980,#19981,#19982);
#19980=CARTESIAN_POINT('',(4.603753909,1.27,-6.574841968));
#19981=DIRECTION('',(-0.819152044,0.0,-0.573576436));
#19982=DIRECTION('',(0.009114531,-0.999873735,-0.0130169));
#19983=ADVANCED_FACE('',(#19984),#19996,.T.);
#19984=FACE_BOUND('',#19985,.T.);
#19985=EDGE_LOOP('',(#19986,#19987,#19988,#19995));
#19986=ORIENTED_EDGE('',*,*,#19971,.F.);
#19987=ORIENTED_EDGE('',*,*,#19865,.F.);
#19988=ORIENTED_EDGE('',*,*,#19989,.T.);
#19989=EDGE_CURVE('',#19857,#19801,#19990,.T.);
#19990=CIRCLE('',#19991,0.127);
#19991=AXIS2_PLACEMENT_3D('',#19992,#19993,#19994);
#19992=CARTESIAN_POINT('',(5.332195983,0.127,-7.615165065));
#19993=DIRECTION('',(-0.573576436,0.0,0.819152044));
#19994=DIRECTION('',(-0.819152044,0.0,-0.573576436));
#19995=ORIENTED_EDGE('',*,*,#19800,.F.);
#19996=CYLINDRICAL_SURFACE('',#19997,0.127);
#19997=AXIS2_PLACEMENT_3D('',#19998,#19999,#20000);
#19998=CARTESIAN_POINT('',(5.34957164,0.127,-7.639980075));
#19999=DIRECTION('',(-0.573576436,0.0,0.819152044));
#20000=DIRECTION('',(-0.819152044,0.0,-0.573576436));
#20001=ADVANCED_FACE('',(#20002),#20008,.T.);
#20002=FACE_BOUND('',#20003,.T.);
#20003=EDGE_LOOP('',(#20004,#20005,#20006,#20007));
#20004=ORIENTED_EDGE('',*,*,#19989,.F.);
#20005=ORIENTED_EDGE('',*,*,#19856,.F.);
#20006=ORIENTED_EDGE('',*,*,#19831,.F.);
#20007=ORIENTED_EDGE('',*,*,#19808,.F.);
#20008=TOROIDAL_SURFACE('',#20009,1.143,0.127);
#20009=AXIS2_PLACEMENT_3D('',#20010,#20011,#20012);
#20010=CARTESIAN_POINT('',(5.332195983,1.27,-7.615165065));
#20011=DIRECTION('',(0.819152044,0.0,0.573576436));
#20012=DIRECTION('',(0.573430292,0.022572657,-0.818943329));
#20013=MANIFOLD_SOLID_BREP('',#20014);
#20014=CLOSED_SHELL('',(#20015,#20059,#20125,#20150,#20209,#20227,#20245,#20263,#20281,#20299));
#20015=ADVANCED_FACE('',(#20016),#20054,.T.);
#20016=FACE_BOUND('',#20017,.T.);
#20017=EDGE_LOOP('',(#20018,#20029,#20038,#20047));
#20018=ORIENTED_EDGE('',*,*,#20019,.T.);
#20019=EDGE_CURVE('',#20020,#20022,#20024,.T.);
#20020=VERTEX_POINT('',#20021);
#20021=CARTESIAN_POINT('',(5.329685226,8.6868,-8.9772856));
#20022=VERTEX_POINT('',#20023);
#20023=CARTESIAN_POINT('',(5.109714774,8.6868,-9.1042856));
#20024=CIRCLE('',#20025,0.127);
#20025=AXIS2_PLACEMENT_3D('',#20026,#20027,#20028);
#20026=CARTESIAN_POINT('',(5.2197,8.6868,-9.0407856));
#20027=DIRECTION('',(0.0,1.0,0.0));
#20028=DIRECTION('',(0.866025404,0.0,0.5));
#20029=ORIENTED_EDGE('',*,*,#20030,.T.);
#20030=EDGE_CURVE('',#20022,#20031,#20033,.F.);
#20031=VERTEX_POINT('',#20032);
#20032=CARTESIAN_POINT('',(4.538214774,9.8298,-8.114418564));
#20033=CIRCLE('',#20034,1.143);
#20034=AXIS2_PLACEMENT_3D('',#20035,#20036,#20037);
#20035=CARTESIAN_POINT('',(4.538214774,8.6868,-8.114418564));
#20036=DIRECTION('',(-0.866025404,0.0,-0.5));
#20037=DIRECTION('',(0.0,1.0,0.0));
#20038=ORIENTED_EDGE('',*,*,#20039,.T.);
#20039=EDGE_CURVE('',#20031,#20040,#20042,.T.);
#20040=VERTEX_POINT('',#20041);
#20041=CARTESIAN_POINT('',(4.758185226,9.8298,-7.987418564));
#20042=CIRCLE('',#20043,0.127);
#20043=AXIS2_PLACEMENT_3D('',#20044,#20045,#20046);
#20044=CARTESIAN_POINT('',(4.6482,9.8298,-8.050918564));
#20045=DIRECTION('',(0.5,0.0,-0.866025404));
#20046=DIRECTION('',(-0.866025404,0.0,-0.5));
#20047=ORIENTED_EDGE('',*,*,#20048,.T.);
#20048=EDGE_CURVE('',#20040,#20020,#20049,.F.);
#20049=CIRCLE('',#20050,1.143);
#20050=AXIS2_PLACEMENT_3D('',#20051,#20052,#20053);
#20051=CARTESIAN_POINT('',(4.758185226,8.6868,-7.987418564));
#20052=DIRECTION('',(0.866025404,0.0,0.5));
#20053=DIRECTION('',(0.5,0.0,-0.866025404));
#20054=TOROIDAL_SURFACE('',#20055,1.143,0.127);
#20055=AXIS2_PLACEMENT_3D('',#20056,#20057,#20058);
#20056=CARTESIAN_POINT('',(4.6482,8.6868,-8.050918564));
#20057=DIRECTION('',(-0.866025404,0.0,-0.5));
#20058=DIRECTION('',(-0.00794535,0.999873735,0.013761751));
#20059=ADVANCED_FACE('',(#20060),#20120,.T.);
#20060=FACE_BOUND('',#20061,.T.);
#20061=EDGE_LOOP('',(#20062,#20063,#20071,#20080,#20088,#20097,#20105,#20114));
#20062=ORIENTED_EDGE('',*,*,#20048,.F.);
#20063=ORIENTED_EDGE('',*,*,#20064,.T.);
#20064=EDGE_CURVE('',#20040,#20065,#20067,.T.);
#20065=VERTEX_POINT('',#20066);
#20066=CARTESIAN_POINT('',(4.123185226,9.8298,-6.887566301));
#20067=LINE('',#20068,#20069);
#20068=CARTESIAN_POINT('',(4.758185226,9.8298,-7.987418564));
#20069=VECTOR('',#20070,1.0);
#20070=DIRECTION('',(-0.5,0.0,0.866025404));
#20071=ORIENTED_EDGE('',*,*,#20072,.T.);
#20072=EDGE_CURVE('',#20065,#20073,#20075,.T.);
#20073=VERTEX_POINT('',#20074);
#20074=CARTESIAN_POINT('',(3.551685226,8.6868,-5.897699264));
#20075=CIRCLE('',#20076,1.143);
#20076=AXIS2_PLACEMENT_3D('',#20077,#20078,#20079);
#20077=CARTESIAN_POINT('',(4.123185226,8.6868,-6.887566301));
#20078=DIRECTION('',(0.866025404,0.0,0.5));
#20079=DIRECTION('',(0.0,1.0,0.0));
#20080=ORIENTED_EDGE('',*,*,#20081,.T.);
#20081=EDGE_CURVE('',#20073,#20082,#20084,.T.);
#20082=VERTEX_POINT('',#20083);
#20083=CARTESIAN_POINT('',(3.551685226,1.27,-5.897699264));
#20084=LINE('',#20085,#20086);
#20085=CARTESIAN_POINT('',(3.551685226,8.6868,-5.897699264));
#20086=VECTOR('',#20087,1.0);
#20087=DIRECTION('',(0.0,-1.0,0.0));
#20088=ORIENTED_EDGE('',*,*,#20089,.T.);
#20089=EDGE_CURVE('',#20082,#20090,#20092,.T.);
#20090=VERTEX_POINT('',#20091);
#20091=CARTESIAN_POINT('',(4.123185226,0.127,-6.887566301));
#20092=CIRCLE('',#20093,1.143);
#20093=AXIS2_PLACEMENT_3D('',#20094,#20095,#20096);
#20094=CARTESIAN_POINT('',(4.123185226,1.27,-6.887566301));
#20095=DIRECTION('',(0.866025404,0.0,0.5));
#20096=DIRECTION('',(-0.5,0.0,0.866025404));
#20097=ORIENTED_EDGE('',*,*,#20098,.T.);
#20098=EDGE_CURVE('',#20090,#20099,#20101,.T.);
#20099=VERTEX_POINT('',#20100);
#20100=CARTESIAN_POINT('',(4.758185226,0.127,-7.987418564));
#20101=LINE('',#20102,#20103);
#20102=CARTESIAN_POINT('',(4.123185226,0.127,-6.887566301));
#20103=VECTOR('',#20104,1.0);
#20104=DIRECTION('',(0.5,0.0,-0.866025404));
#20105=ORIENTED_EDGE('',*,*,#20106,.T.);
#20106=EDGE_CURVE('',#20099,#20107,#20109,.T.);
#20107=VERTEX_POINT('',#20108);
#20108=CARTESIAN_POINT('',(5.329685226,1.27,-8.9772856));
#20109=CIRCLE('',#20110,1.143);
#20110=AXIS2_PLACEMENT_3D('',#20111,#20112,#20113);
#20111=CARTESIAN_POINT('',(4.758185226,1.27,-7.987418564));
#20112=DIRECTION('',(0.866025404,0.0,0.5));
#20113=DIRECTION('',(0.0,-1.0,0.0));
#20114=ORIENTED_EDGE('',*,*,#20115,.T.);
#20115=EDGE_CURVE('',#20107,#20020,#20116,.T.);
#20116=LINE('',#20117,#20118);
#20117=CARTESIAN_POINT('',(5.329685226,1.27,-8.9772856));
#20118=VECTOR('',#20119,1.0);
#20119=DIRECTION('',(0.0,1.0,0.0));
#20120=PLANE('',#20121);
#20121=AXIS2_PLACEMENT_3D('',#20122,#20123,#20124);
#20122=CARTESIAN_POINT('',(3.488185226,0.0,-5.787714038));
#20123=DIRECTION('',(0.866025404,0.0,0.5));
#20124=DIRECTION('',(0.5,0.0,-0.866025404));
#20125=ADVANCED_FACE('',(#20126),#20145,.T.);
#20126=FACE_BOUND('',#20127,.T.);
#20127=EDGE_LOOP('',(#20128,#20137,#20143,#20144));
#20128=ORIENTED_EDGE('',*,*,#20129,.T.);
#20129=EDGE_CURVE('',#20107,#20130,#20132,.F.);
#20130=VERTEX_POINT('',#20131);
#20131=CARTESIAN_POINT('',(5.109714774,1.27,-9.1042856));
#20132=CIRCLE('',#20133,0.127);
#20133=AXIS2_PLACEMENT_3D('',#20134,#20135,#20136);
#20134=CARTESIAN_POINT('',(5.2197,1.27,-9.0407856));
#20135=DIRECTION('',(0.0,-1.0,0.0));
#20136=DIRECTION('',(-0.866025404,0.0,-0.5));
#20137=ORIENTED_EDGE('',*,*,#20138,.T.);
#20138=EDGE_CURVE('',#20130,#20022,#20139,.F.);
#20139=LINE('',#20140,#20141);
#20140=CARTESIAN_POINT('',(5.109714774,8.6868,-9.1042856));
#20141=VECTOR('',#20142,1.0);
#20142=DIRECTION('',(0.0,-1.0,0.0));
#20143=ORIENTED_EDGE('',*,*,#20019,.F.);
#20144=ORIENTED_EDGE('',*,*,#20115,.F.);
#20145=CYLINDRICAL_SURFACE('',#20146,0.127);
#20146=AXIS2_PLACEMENT_3D('',#20147,#20148,#20149);
#20147=CARTESIAN_POINT('',(5.2197,8.717093534,-9.0407856));
#20148=DIRECTION('',(0.0,-1.0,0.0));
#20149=DIRECTION('',(-0.866025404,0.0,-0.5));
#20150=ADVANCED_FACE('',(#20151),#20204,.T.);
#20151=FACE_BOUND('',#20152,.T.);
#20152=EDGE_LOOP('',(#20153,#20162,#20170,#20179,#20187,#20196,#20202,#20203));
#20153=ORIENTED_EDGE('',*,*,#20154,.T.);
#20154=EDGE_CURVE('',#20130,#20155,#20157,.T.);
#20155=VERTEX_POINT('',#20156);
#20156=CARTESIAN_POINT('',(4.538214774,0.127,-8.114418564));
#20157=CIRCLE('',#20158,1.143);
#20158=AXIS2_PLACEMENT_3D('',#20159,#20160,#20161);
#20159=CARTESIAN_POINT('',(4.538214774,1.27,-8.114418564));
#20160=DIRECTION('',(-0.866025404,0.0,-0.5));
#20161=DIRECTION('',(0.5,0.0,-0.866025404));
#20162=ORIENTED_EDGE('',*,*,#20163,.T.);
#20163=EDGE_CURVE('',#20155,#20164,#20166,.T.);
#20164=VERTEX_POINT('',#20165);
#20165=CARTESIAN_POINT('',(3.903214774,0.127,-7.014566301));
#20166=LINE('',#20167,#20168);
#20167=CARTESIAN_POINT('',(4.538214774,0.127,-8.114418564));
#20168=VECTOR('',#20169,1.0);
#20169=DIRECTION('',(-0.5,0.0,0.866025404));
#20170=ORIENTED_EDGE('',*,*,#20171,.T.);
#20171=EDGE_CURVE('',#20164,#20172,#20174,.T.);
#20172=VERTEX_POINT('',#20173);
#20173=CARTESIAN_POINT('',(3.331714774,1.27,-6.024699264));
#20174=CIRCLE('',#20175,1.143);
#20175=AXIS2_PLACEMENT_3D('',#20176,#20177,#20178);
#20176=CARTESIAN_POINT('',(3.903214774,1.27,-7.014566301));
#20177=DIRECTION('',(-0.866025404,0.0,-0.5));
#20178=DIRECTION('',(0.0,-1.0,0.0));
#20179=ORIENTED_EDGE('',*,*,#20180,.T.);
#20180=EDGE_CURVE('',#20172,#20181,#20183,.T.);
#20181=VERTEX_POINT('',#20182);
#20182=CARTESIAN_POINT('',(3.331714774,8.6868,-6.024699264));
#20183=LINE('',#20184,#20185);
#20184=CARTESIAN_POINT('',(3.331714774,1.27,-6.024699264));
#20185=VECTOR('',#20186,1.0);
#20186=DIRECTION('',(0.0,1.0,0.0));
#20187=ORIENTED_EDGE('',*,*,#20188,.T.);
#20188=EDGE_CURVE('',#20181,#20189,#20191,.T.);
#20189=VERTEX_POINT('',#20190);
#20190=CARTESIAN_POINT('',(3.903214774,9.8298,-7.014566301));
#20191=CIRCLE('',#20192,1.143);
#20192=AXIS2_PLACEMENT_3D('',#20193,#20194,#20195);
#20193=CARTESIAN_POINT('',(3.903214774,8.6868,-7.014566301));
#20194=DIRECTION('',(-0.866025404,0.0,-0.5));
#20195=DIRECTION('',(-0.5,0.0,0.866025404));
#20196=ORIENTED_EDGE('',*,*,#20197,.T.);
#20197=EDGE_CURVE('',#20189,#20031,#20198,.T.);
#20198=LINE('',#20199,#20200);
#20199=CARTESIAN_POINT('',(3.903214774,9.8298,-7.014566301));
#20200=VECTOR('',#20201,1.0);
#20201=DIRECTION('',(0.5,0.0,-0.866025404));
#20202=ORIENTED_EDGE('',*,*,#20030,.F.);
#20203=ORIENTED_EDGE('',*,*,#20138,.F.);
#20204=PLANE('',#20205);
#20205=AXIS2_PLACEMENT_3D('',#20206,#20207,#20208);
#20206=CARTESIAN_POINT('',(5.173214774,0.0,-9.214270827));
#20207=DIRECTION('',(-0.866025404,0.0,-0.5));
#20208=DIRECTION('',(-0.5,0.0,0.866025404));
#20209=ADVANCED_FACE('',(#20210),#20222,.T.);
#20210=FACE_BOUND('',#20211,.T.);
#20211=EDGE_LOOP('',(#20212,#20213,#20214,#20221));
#20212=ORIENTED_EDGE('',*,*,#20039,.F.);
#20213=ORIENTED_EDGE('',*,*,#20197,.F.);
#20214=ORIENTED_EDGE('',*,*,#20215,.T.);
#20215=EDGE_CURVE('',#20189,#20065,#20216,.T.);
#20216=CIRCLE('',#20217,0.127);
#20217=AXIS2_PLACEMENT_3D('',#20218,#20219,#20220);
#20218=CARTESIAN_POINT('',(4.0132,9.8298,-6.951066301));
#20219=DIRECTION('',(0.5,0.0,-0.866025404));
#20220=DIRECTION('',(-0.866025404,0.0,-0.5));
#20221=ORIENTED_EDGE('',*,*,#20064,.F.);
#20222=CYLINDRICAL_SURFACE('',#20223,0.127);
#20223=AXIS2_PLACEMENT_3D('',#20224,#20225,#20226);
#20224=CARTESIAN_POINT('',(4.00442568,9.8298,-6.935868732));
#20225=DIRECTION('',(0.5,0.0,-0.866025404));
#20226=DIRECTION('',(-0.866025404,0.0,-0.5));
#20227=ADVANCED_FACE('',(#20228),#20240,.T.);
#20228=FACE_BOUND('',#20229,.T.);
#20229=EDGE_LOOP('',(#20230,#20231,#20232,#20239));
#20230=ORIENTED_EDGE('',*,*,#20215,.F.);
#20231=ORIENTED_EDGE('',*,*,#20188,.F.);
#20232=ORIENTED_EDGE('',*,*,#20233,.T.);
#20233=EDGE_CURVE('',#20181,#20073,#20234,.T.);
#20234=CIRCLE('',#20235,0.127);
#20235=AXIS2_PLACEMENT_3D('',#20236,#20237,#20238);
#20236=CARTESIAN_POINT('',(3.4417,8.6868,-5.961199264));
#20237=DIRECTION('',(0.0,1.0,0.0));
#20238=DIRECTION('',(-0.866025404,0.0,-0.5));
#20239=ORIENTED_EDGE('',*,*,#20072,.F.);
#20240=TOROIDAL_SURFACE('',#20241,1.143,0.127);
#20241=AXIS2_PLACEMENT_3D('',#20242,#20243,#20244);
#20242=CARTESIAN_POINT('',(4.0132,8.6868,-6.951066301));
#20243=DIRECTION('',(0.866025404,0.0,0.5));
#20244=DIRECTION('',(-0.499872603,-0.022572657,0.865804745));
#20245=ADVANCED_FACE('',(#20246),#20258,.T.);
#20246=FACE_BOUND('',#20247,.T.);
#20247=EDGE_LOOP('',(#20248,#20249,#20250,#20257));
#20248=ORIENTED_EDGE('',*,*,#20233,.F.);
#20249=ORIENTED_EDGE('',*,*,#20180,.F.);
#20250=ORIENTED_EDGE('',*,*,#20251,.T.);
#20251=EDGE_CURVE('',#20172,#20082,#20252,.T.);
#20252=CIRCLE('',#20253,0.127);
#20253=AXIS2_PLACEMENT_3D('',#20254,#20255,#20256);
#20254=CARTESIAN_POINT('',(3.4417,1.27,-5.961199264));
#20255=DIRECTION('',(0.0,1.0,0.0));
#20256=DIRECTION('',(-0.866025404,0.0,-0.5));
#20257=ORIENTED_EDGE('',*,*,#20081,.F.);
#20258=CYLINDRICAL_SURFACE('',#20259,0.127);
#20259=AXIS2_PLACEMENT_3D('',#20260,#20261,#20262);
#20260=CARTESIAN_POINT('',(3.4417,1.252451359,-5.961199264));
#20261=DIRECTION('',(0.0,1.0,0.0));
#20262=DIRECTION('',(-0.866025404,0.0,-0.5));
#20263=ADVANCED_FACE('',(#20264),#20276,.T.);
#20264=FACE_BOUND('',#20265,.T.);
#20265=EDGE_LOOP('',(#20266,#20267,#20268,#20275));
#20266=ORIENTED_EDGE('',*,*,#20251,.F.);
#20267=ORIENTED_EDGE('',*,*,#20171,.F.);
#20268=ORIENTED_EDGE('',*,*,#20269,.T.);
#20269=EDGE_CURVE('',#20164,#20090,#20270,.T.);
#20270=CIRCLE('',#20271,0.127);
#20271=AXIS2_PLACEMENT_3D('',#20272,#20273,#20274);
#20272=CARTESIAN_POINT('',(4.0132,0.127,-6.951066301));
#20273=DIRECTION('',(-0.5,0.0,0.866025404));
#20274=DIRECTION('',(-0.866025404,0.0,-0.5));
#20275=ORIENTED_EDGE('',*,*,#20089,.F.);
#20276=TOROIDAL_SURFACE('',#20277,1.143,0.127);
#20277=AXIS2_PLACEMENT_3D('',#20278,#20279,#20280);
#20278=CARTESIAN_POINT('',(4.0132,1.27,-6.951066301));
#20279=DIRECTION('',(-0.866025404,0.0,-0.5));
#20280=DIRECTION('',(0.00794535,-0.999873735,-0.013761751));
#20281=ADVANCED_FACE('',(#20282),#20294,.T.);
#20282=FACE_BOUND('',#20283,.T.);
#20283=EDGE_LOOP('',(#20284,#20285,#20286,#20293));
#20284=ORIENTED_EDGE('',*,*,#20269,.F.);
#20285=ORIENTED_EDGE('',*,*,#20163,.F.);
#20286=ORIENTED_EDGE('',*,*,#20287,.T.);
#20287=EDGE_CURVE('',#20155,#20099,#20288,.T.);
#20288=CIRCLE('',#20289,0.127);
#20289=AXIS2_PLACEMENT_3D('',#20290,#20291,#20292);
#20290=CARTESIAN_POINT('',(4.6482,0.127,-8.050918564));
#20291=DIRECTION('',(-0.5,0.0,0.866025404));
#20292=DIRECTION('',(-0.866025404,0.0,-0.5));
#20293=ORIENTED_EDGE('',*,*,#20098,.F.);
#20294=CYLINDRICAL_SURFACE('',#20295,0.127);
#20295=AXIS2_PLACEMENT_3D('',#20296,#20297,#20298);
#20296=CARTESIAN_POINT('',(4.663346767,0.127,-8.077153534));
#20297=DIRECTION('',(-0.5,0.0,0.866025404));
#20298=DIRECTION('',(-0.866025404,0.0,-0.5));
#20299=ADVANCED_FACE('',(#20300),#20306,.T.);
#20300=FACE_BOUND('',#20301,.T.);
#20301=EDGE_LOOP('',(#20302,#20303,#20304,#20305));
#20302=ORIENTED_EDGE('',*,*,#20287,.F.);
#20303=ORIENTED_EDGE('',*,*,#20154,.F.);
#20304=ORIENTED_EDGE('',*,*,#20129,.F.);
#20305=ORIENTED_EDGE('',*,*,#20106,.F.);
#20306=TOROIDAL_SURFACE('',#20307,1.143,0.127);
#20307=AXIS2_PLACEMENT_3D('',#20308,#20309,#20310);
#20308=CARTESIAN_POINT('',(4.6482,1.27,-8.050918564));
#20309=DIRECTION('',(0.866025404,0.0,0.5));
#20310=DIRECTION('',(0.499872603,0.022572657,-0.865804745));
#20311=MANIFOLD_SOLID_BREP('',#20312);
#20312=CLOSED_SHELL('',(#20313,#20357,#20423,#20448,#20507,#20525,#20543,#20561,#20579,#20597));
#20313=ADVANCED_FACE('',(#20314),#20352,.T.);
#20314=FACE_BOUND('',#20315,.T.);
#20315=EDGE_LOOP('',(#20316,#20327,#20336,#20345));
#20316=ORIENTED_EDGE('',*,*,#20317,.T.);
#20317=EDGE_CURVE('',#20318,#20320,#20322,.T.);
#20318=VERTEX_POINT('',#20319);
#20319=CARTESIAN_POINT('',(4.526982171,8.6868,-9.407636993));
#20320=VERTEX_POINT('',#20321);
#20321=CARTESIAN_POINT('',(4.296779993,8.6868,-9.514982031));
#20322=CIRCLE('',#20323,0.127);
#20323=AXIS2_PLACEMENT_3D('',#20324,#20325,#20326);
#20324=CARTESIAN_POINT('',(4.411881082,8.6868,-9.461309512));
#20325=DIRECTION('',(0.0,1.0,0.0));
#20326=DIRECTION('',(0.906307787,0.0,0.422618262));
#20327=ORIENTED_EDGE('',*,*,#20328,.T.);
#20328=EDGE_CURVE('',#20320,#20329,#20331,.F.);
#20329=VERTEX_POINT('',#20330);
#20330=CARTESIAN_POINT('',(3.813727319,9.8298,-8.479072231));
#20331=CIRCLE('',#20332,1.143);
#20332=AXIS2_PLACEMENT_3D('',#20333,#20334,#20335);
#20333=CARTESIAN_POINT('',(3.813727319,8.6868,-8.479072231));
#20334=DIRECTION('',(-0.906307787,0.0,-0.422618262));
#20335=DIRECTION('',(0.0,1.0,0.0));
#20336=ORIENTED_EDGE('',*,*,#20337,.T.);
#20337=EDGE_CURVE('',#20329,#20338,#20340,.T.);
#20338=VERTEX_POINT('',#20339);
#20339=CARTESIAN_POINT('',(4.043929497,9.8298,-8.371727192));
#20340=CIRCLE('',#20341,0.127);
#20341=AXIS2_PLACEMENT_3D('',#20342,#20343,#20344);
#20342=CARTESIAN_POINT('',(3.928828408,9.8298,-8.425399711));
#20343=DIRECTION('',(0.422618262,0.0,-0.906307787));
#20344=DIRECTION('',(-0.906307787,0.0,-0.422618262));
#20345=ORIENTED_EDGE('',*,*,#20346,.T.);
#20346=EDGE_CURVE('',#20338,#20318,#20347,.F.);
#20347=CIRCLE('',#20348,1.143);
#20348=AXIS2_PLACEMENT_3D('',#20349,#20350,#20351);
#20349=CARTESIAN_POINT('',(4.043929497,8.6868,-8.371727192));
#20350=DIRECTION('',(0.906307787,0.0,0.422618262));
#20351=DIRECTION('',(0.422618262,1.727013594E-14,-0.906307787));
#20352=TOROIDAL_SURFACE('',#20353,1.143,0.127);
#20353=AXIS2_PLACEMENT_3D('',#20354,#20355,#20356);
#20354=CARTESIAN_POINT('',(3.928828408,8.6868,-8.425399711));
#20355=DIRECTION('',(-0.906307787,0.0,-0.422618262));
#20356=DIRECTION('',(-0.0067157,0.999873735,0.014401866));
#20357=ADVANCED_FACE('',(#20358),#20418,.T.);
#20358=FACE_BOUND('',#20359,.T.);
#20359=EDGE_LOOP('',(#20360,#20361,#20369,#20378,#20386,#20395,#20403,#20412));
#20360=ORIENTED_EDGE('',*,*,#20346,.F.);
#20361=ORIENTED_EDGE('',*,*,#20362,.T.);
#20362=EDGE_CURVE('',#20338,#20363,#20365,.T.);
#20363=VERTEX_POINT('',#20364);
#20364=CARTESIAN_POINT('',(3.507204305,9.8298,-7.220716303));
#20365=LINE('',#20366,#20367);
#20366=CARTESIAN_POINT('',(4.043929497,9.8298,-8.371727192));
#20367=VECTOR('',#20368,1.0);
#20368=DIRECTION('',(-0.422618262,0.0,0.906307787));
#20369=ORIENTED_EDGE('',*,*,#20370,.T.);
#20370=EDGE_CURVE('',#20363,#20371,#20373,.T.);
#20371=VERTEX_POINT('',#20372);
#20372=CARTESIAN_POINT('',(3.024151632,8.6868,-6.184806502));
#20373=CIRCLE('',#20374,1.143);
#20374=AXIS2_PLACEMENT_3D('',#20375,#20376,#20377);
#20375=CARTESIAN_POINT('',(3.507204305,8.6868,-7.220716303));
#20376=DIRECTION('',(0.906307787,0.0,0.422618262));
#20377=DIRECTION('',(0.0,1.0,0.0));
#20378=ORIENTED_EDGE('',*,*,#20379,.T.);
#20379=EDGE_CURVE('',#20371,#20380,#20382,.T.);
#20380=VERTEX_POINT('',#20381);
#20381=CARTESIAN_POINT('',(3.024151632,1.27,-6.184806502));
#20382=LINE('',#20383,#20384);
#20383=CARTESIAN_POINT('',(3.024151632,8.6868,-6.184806502));
#20384=VECTOR('',#20385,1.0);
#20385=DIRECTION('',(0.0,-1.0,0.0));
#20386=ORIENTED_EDGE('',*,*,#20387,.T.);
#20387=EDGE_CURVE('',#20380,#20388,#20390,.T.);
#20388=VERTEX_POINT('',#20389);
#20389=CARTESIAN_POINT('',(3.507204305,0.127,-7.220716303));
#20390=CIRCLE('',#20391,1.143);
#20391=AXIS2_PLACEMENT_3D('',#20392,#20393,#20394);
#20392=CARTESIAN_POINT('',(3.507204305,1.27,-7.220716303));
#20393=DIRECTION('',(0.906307787,0.0,0.422618262));
#20394=DIRECTION('',(-0.422618262,0.0,0.906307787));
#20395=ORIENTED_EDGE('',*,*,#20396,.T.);
#20396=EDGE_CURVE('',#20388,#20397,#20399,.T.);
#20397=VERTEX_POINT('',#20398);
#20398=CARTESIAN_POINT('',(4.043929497,0.127,-8.371727192));
#20399=LINE('',#20400,#20401);
#20400=CARTESIAN_POINT('',(3.507204305,0.127,-7.220716303));
#20401=VECTOR('',#20402,1.0);
#20402=DIRECTION('',(0.422618262,0.0,-0.906307787));
#20403=ORIENTED_EDGE('',*,*,#20404,.T.);
#20404=EDGE_CURVE('',#20397,#20405,#20407,.T.);
#20405=VERTEX_POINT('',#20406);
#20406=CARTESIAN_POINT('',(4.526982171,1.27,-9.407636993));
#20407=CIRCLE('',#20408,1.143);
#20408=AXIS2_PLACEMENT_3D('',#20409,#20410,#20411);
#20409=CARTESIAN_POINT('',(4.043929497,1.27,-8.371727192));
#20410=DIRECTION('',(0.906307787,0.0,0.422618262));
#20411=DIRECTION('',(0.0,-1.0,0.0));
#20412=ORIENTED_EDGE('',*,*,#20413,.T.);
#20413=EDGE_CURVE('',#20405,#20318,#20414,.T.);
#20414=LINE('',#20415,#20416);
#20415=CARTESIAN_POINT('',(4.526982171,1.27,-9.407636993));
#20416=VECTOR('',#20417,1.0);
#20417=DIRECTION('',(0.0,1.0,0.0));
#20418=PLANE('',#20419);
#20419=AXIS2_PLACEMENT_3D('',#20420,#20421,#20422);
#20420=CARTESIAN_POINT('',(2.970479113,0.0,-6.069705413));
#20421=DIRECTION('',(0.906307787,0.0,0.422618262));
#20422=DIRECTION('',(0.422618262,0.0,-0.906307787));
#20423=ADVANCED_FACE('',(#20424),#20443,.T.);
#20424=FACE_BOUND('',#20425,.T.);
#20425=EDGE_LOOP('',(#20426,#20435,#20441,#20442));
#20426=ORIENTED_EDGE('',*,*,#20427,.T.);
#20427=EDGE_CURVE('',#20405,#20428,#20430,.F.);
#20428=VERTEX_POINT('',#20429);
#20429=CARTESIAN_POINT('',(4.296779993,1.27,-9.514982031));
#20430=CIRCLE('',#20431,0.127);
#20431=AXIS2_PLACEMENT_3D('',#20432,#20433,#20434);
#20432=CARTESIAN_POINT('',(4.411881082,1.27,-9.461309512));
#20433=DIRECTION('',(0.0,-1.0,0.0));
#20434=DIRECTION('',(-0.906307787,0.0,-0.422618262));
#20435=ORIENTED_EDGE('',*,*,#20436,.T.);
#20436=EDGE_CURVE('',#20428,#20320,#20437,.F.);
#20437=LINE('',#20438,#20439);
#20438=CARTESIAN_POINT('',(4.296779993,8.6868,-9.514982031));
#20439=VECTOR('',#20440,1.0);
#20440=DIRECTION('',(0.0,-1.0,0.0));
#20441=ORIENTED_EDGE('',*,*,#20317,.F.);
#20442=ORIENTED_EDGE('',*,*,#20413,.F.);
#20443=CYLINDRICAL_SURFACE('',#20444,0.127);
#20444=AXIS2_PLACEMENT_3D('',#20445,#20446,#20447);
#20445=CARTESIAN_POINT('',(4.411881082,8.717093534,-9.461309512));
#20446=DIRECTION('',(0.0,-1.0,0.0));
#20447=DIRECTION('',(-0.906307787,0.0,-0.422618262));
#20448=ADVANCED_FACE('',(#20449),#20502,.T.);
#20449=FACE_BOUND('',#20450,.T.);
#20450=EDGE_LOOP('',(#20451,#20460,#20468,#20477,#20485,#20494,#20500,#20501));
#20451=ORIENTED_EDGE('',*,*,#20452,.T.);
#20452=EDGE_CURVE('',#20428,#20453,#20455,.T.);
#20453=VERTEX_POINT('',#20454);
#20454=CARTESIAN_POINT('',(3.813727319,0.127,-8.479072231));
#20455=CIRCLE('',#20456,1.143);
#20456=AXIS2_PLACEMENT_3D('',#20457,#20458,#20459);
#20457=CARTESIAN_POINT('',(3.813727319,1.27,-8.479072231));
#20458=DIRECTION('',(-0.906307787,0.0,-0.422618262));
#20459=DIRECTION('',(0.422618262,0.0,-0.906307787));
#20460=ORIENTED_EDGE('',*,*,#20461,.T.);
#20461=EDGE_CURVE('',#20453,#20462,#20464,.T.);
#20462=VERTEX_POINT('',#20463);
#20463=CARTESIAN_POINT('',(3.277002127,0.127,-7.328061341));
#20464=LINE('',#20465,#20466);
#20465=CARTESIAN_POINT('',(3.813727319,0.127,-8.479072231));
#20466=VECTOR('',#20467,1.0);
#20467=DIRECTION('',(-0.422618262,0.0,0.906307787));
#20468=ORIENTED_EDGE('',*,*,#20469,.T.);
#20469=EDGE_CURVE('',#20462,#20470,#20472,.T.);
#20470=VERTEX_POINT('',#20471);
#20471=CARTESIAN_POINT('',(2.793949454,1.27,-6.292151541));
#20472=CIRCLE('',#20473,1.143);
#20473=AXIS2_PLACEMENT_3D('',#20474,#20475,#20476);
#20474=CARTESIAN_POINT('',(3.277002127,1.27,-7.328061341));
#20475=DIRECTION('',(-0.906307787,0.0,-0.422618262));
#20476=DIRECTION('',(0.0,-1.0,0.0));
#20477=ORIENTED_EDGE('',*,*,#20478,.T.);
#20478=EDGE_CURVE('',#20470,#20479,#20481,.T.);
#20479=VERTEX_POINT('',#20480);
#20480=CARTESIAN_POINT('',(2.793949454,8.6868,-6.292151541));
#20481=LINE('',#20482,#20483);
#20482=CARTESIAN_POINT('',(2.793949454,1.27,-6.292151541));
#20483=VECTOR('',#20484,1.0);
#20484=DIRECTION('',(0.0,1.0,0.0));
#20485=ORIENTED_EDGE('',*,*,#20486,.T.);
#20486=EDGE_CURVE('',#20479,#20487,#20489,.T.);
#20487=VERTEX_POINT('',#20488);
#20488=CARTESIAN_POINT('',(3.277002127,9.8298,-7.328061341));
#20489=CIRCLE('',#20490,1.143);
#20490=AXIS2_PLACEMENT_3D('',#20491,#20492,#20493);
#20491=CARTESIAN_POINT('',(3.277002127,8.6868,-7.328061341));
#20492=DIRECTION('',(-0.906307787,0.0,-0.422618262));
#20493=DIRECTION('',(-0.422618262,0.0,0.906307787));
#20494=ORIENTED_EDGE('',*,*,#20495,.T.);
#20495=EDGE_CURVE('',#20487,#20329,#20496,.T.);
#20496=LINE('',#20497,#20498);
#20497=CARTESIAN_POINT('',(3.277002127,9.8298,-7.328061341));
#20498=VECTOR('',#20499,1.0);
#20499=DIRECTION('',(0.422618262,0.0,-0.906307787));
#20500=ORIENTED_EDGE('',*,*,#20328,.F.);
#20501=ORIENTED_EDGE('',*,*,#20436,.F.);
#20502=PLANE('',#20503);
#20503=AXIS2_PLACEMENT_3D('',#20504,#20505,#20506);
#20504=CARTESIAN_POINT('',(4.350452512,0.0,-9.63008312));
#20505=DIRECTION('',(-0.906307787,0.0,-0.422618262));
#20506=DIRECTION('',(-0.422618262,0.0,0.906307787));
#20507=ADVANCED_FACE('',(#20508),#20520,.T.);
#20508=FACE_BOUND('',#20509,.T.);
#20509=EDGE_LOOP('',(#20510,#20511,#20512,#20519));
#20510=ORIENTED_EDGE('',*,*,#20337,.F.);
#20511=ORIENTED_EDGE('',*,*,#20495,.F.);
#20512=ORIENTED_EDGE('',*,*,#20513,.T.);
#20513=EDGE_CURVE('',#20487,#20363,#20514,.T.);
#20514=CIRCLE('',#20515,0.127);
#20515=AXIS2_PLACEMENT_3D('',#20516,#20517,#20518);
#20516=CARTESIAN_POINT('',(3.392103216,9.8298,-7.274388822));
#20517=DIRECTION('',(0.422618262,0.0,-0.906307787));
#20518=DIRECTION('',(-0.906307787,0.0,-0.422618262));
#20519=ORIENTED_EDGE('',*,*,#20362,.F.);
#20520=CYLINDRICAL_SURFACE('',#20521,0.127);
#20521=AXIS2_PLACEMENT_3D('',#20522,#20523,#20524);
#20522=CARTESIAN_POINT('',(3.38468684,9.8298,-7.258484352));
#20523=DIRECTION('',(0.422618262,0.0,-0.906307787));
#20524=DIRECTION('',(-0.906307787,0.0,-0.422618262));
#20525=ADVANCED_FACE('',(#20526),#20538,.T.);
#20526=FACE_BOUND('',#20527,.T.);
#20527=EDGE_LOOP('',(#20528,#20529,#20530,#20537));
#20528=ORIENTED_EDGE('',*,*,#20513,.F.);
#20529=ORIENTED_EDGE('',*,*,#20486,.F.);
#20530=ORIENTED_EDGE('',*,*,#20531,.T.);
#20531=EDGE_CURVE('',#20479,#20371,#20532,.T.);
#20532=CIRCLE('',#20533,0.127);
#20533=AXIS2_PLACEMENT_3D('',#20534,#20535,#20536);
#20534=CARTESIAN_POINT('',(2.909050543,8.6868,-6.238479021));
#20535=DIRECTION('',(0.0,1.0,0.0));
#20536=DIRECTION('',(-0.906307787,0.0,-0.422618262));
#20537=ORIENTED_EDGE('',*,*,#20370,.F.);
#20538=TOROIDAL_SURFACE('',#20539,1.143,0.127);
#20539=AXIS2_PLACEMENT_3D('',#20540,#20541,#20542);
#20540=CARTESIAN_POINT('',(3.392103216,8.6868,-7.274388822));
#20541=DIRECTION('',(0.906307787,0.0,0.422618262));
#20542=DIRECTION('',(-0.422510581,-0.022572657,0.906076864));
#20543=ADVANCED_FACE('',(#20544),#20556,.T.);
#20544=FACE_BOUND('',#20545,.T.);
#20545=EDGE_LOOP('',(#20546,#20547,#20548,#20555));
#20546=ORIENTED_EDGE('',*,*,#20531,.F.);
#20547=ORIENTED_EDGE('',*,*,#20478,.F.);
#20548=ORIENTED_EDGE('',*,*,#20549,.T.);
#20549=EDGE_CURVE('',#20470,#20380,#20550,.T.);
#20550=CIRCLE('',#20551,0.127);
#20551=AXIS2_PLACEMENT_3D('',#20552,#20553,#20554);
#20552=CARTESIAN_POINT('',(2.909050543,1.27,-6.238479021));
#20553=DIRECTION('',(0.0,1.0,0.0));
#20554=DIRECTION('',(-0.906307787,0.0,-0.422618262));
#20555=ORIENTED_EDGE('',*,*,#20379,.F.);
#20556=CYLINDRICAL_SURFACE('',#20557,0.127);
#20557=AXIS2_PLACEMENT_3D('',#20558,#20559,#20560);
#20558=CARTESIAN_POINT('',(2.909050543,1.252451359,-6.238479021));
#20559=DIRECTION('',(0.0,1.0,0.0));
#20560=DIRECTION('',(-0.906307787,0.0,-0.422618262));
#20561=ADVANCED_FACE('',(#20562),#20574,.T.);
#20562=FACE_BOUND('',#20563,.T.);
#20563=EDGE_LOOP('',(#20564,#20565,#20566,#20573));
#20564=ORIENTED_EDGE('',*,*,#20549,.F.);
#20565=ORIENTED_EDGE('',*,*,#20469,.F.);
#20566=ORIENTED_EDGE('',*,*,#20567,.T.);
#20567=EDGE_CURVE('',#20462,#20388,#20568,.T.);
#20568=CIRCLE('',#20569,0.127);
#20569=AXIS2_PLACEMENT_3D('',#20570,#20571,#20572);
#20570=CARTESIAN_POINT('',(3.392103216,0.127,-7.274388822));
#20571=DIRECTION('',(-0.422618262,0.0,0.906307787));
#20572=DIRECTION('',(-0.906307787,0.0,-0.422618262));
#20573=ORIENTED_EDGE('',*,*,#20387,.F.);
#20574=TOROIDAL_SURFACE('',#20575,1.143,0.127);
#20575=AXIS2_PLACEMENT_3D('',#20576,#20577,#20578);
#20576=CARTESIAN_POINT('',(3.392103216,1.27,-7.274388822));
#20577=DIRECTION('',(-0.906307787,0.0,-0.422618262));
#20578=DIRECTION('',(0.0067157,-0.999873735,-0.014401866));
#20579=ADVANCED_FACE('',(#20580),#20592,.T.);
#20580=FACE_BOUND('',#20581,.T.);
#20581=EDGE_LOOP('',(#20582,#20583,#20584,#20591));
#20582=ORIENTED_EDGE('',*,*,#20567,.F.);
#20583=ORIENTED_EDGE('',*,*,#20461,.F.);
#20584=ORIENTED_EDGE('',*,*,#20585,.T.);
#20585=EDGE_CURVE('',#20453,#20397,#20586,.T.);
#20586=CIRCLE('',#20587,0.127);
#20587=AXIS2_PLACEMENT_3D('',#20588,#20589,#20590);
#20588=CARTESIAN_POINT('',(3.928828408,0.127,-8.425399711));
#20589=DIRECTION('',(-0.422618262,0.0,0.906307787));
#20590=DIRECTION('',(-0.906307787,0.0,-0.422618262));
#20591=ORIENTED_EDGE('',*,*,#20396,.F.);
#20592=CYLINDRICAL_SURFACE('',#20593,0.127);
#20593=AXIS2_PLACEMENT_3D('',#20594,#20595,#20596);
#20594=CARTESIAN_POINT('',(3.941631009,0.127,-8.452854977));
#20595=DIRECTION('',(-0.422618262,0.0,0.906307787));
#20596=DIRECTION('',(-0.906307787,0.0,-0.422618262));
#20597=ADVANCED_FACE('',(#20598),#20604,.T.);
#20598=FACE_BOUND('',#20599,.T.);
#20599=EDGE_LOOP('',(#20600,#20601,#20602,#20603));
#20600=ORIENTED_EDGE('',*,*,#20585,.F.);
#20601=ORIENTED_EDGE('',*,*,#20452,.F.);
#20602=ORIENTED_EDGE('',*,*,#20427,.F.);
#20603=ORIENTED_EDGE('',*,*,#20404,.F.);
#20604=TOROIDAL_SURFACE('',#20605,1.143,0.127);
#20605=AXIS2_PLACEMENT_3D('',#20606,#20607,#20608);
#20606=CARTESIAN_POINT('',(3.928828408,1.27,-8.425399711));
#20607=DIRECTION('',(0.906307787,0.0,0.422618262));
#20608=DIRECTION('',(0.422510581,0.022572657,-0.906076864));
#20609=MANIFOLD_SOLID_BREP('',#20610);
#20610=CLOSED_SHELL('',(#20611,#20655,#20721,#20746,#20805,#20823,#20841,#20859,#20877,#20895));
#20611=ADVANCED_FACE('',(#20612),#20650,.T.);
#20612=FACE_BOUND('',#20613,.T.);
#20613=EDGE_LOOP('',(#20614,#20625,#20634,#20643));
#20614=ORIENTED_EDGE('',*,*,#20615,.T.);
#20615=EDGE_CURVE('',#20616,#20618,#20620,.T.);
#20616=VERTEX_POINT('',#20617);
#20617=CARTESIAN_POINT('',(3.689826047,8.6868,-9.766390587));
#20618=VERTEX_POINT('',#20619);
#20619=CARTESIAN_POINT('',(3.451144121,8.6868,-9.853263704));
#20620=CIRCLE('',#20621,0.127);
#20621=AXIS2_PLACEMENT_3D('',#20622,#20623,#20624);
#20622=CARTESIAN_POINT('',(3.570485084,8.6868,-9.809827145));
#20623=DIRECTION('',(0.0,1.0,0.0));
#20624=DIRECTION('',(0.939692621,0.0,0.342020143));
#20625=ORIENTED_EDGE('',*,*,#20626,.T.);
#20626=EDGE_CURVE('',#20618,#20627,#20629,.F.);
#20627=VERTEX_POINT('',#20628);
#20628=CARTESIAN_POINT('',(3.060215098,9.8298,-8.779195038));
#20629=CIRCLE('',#20630,1.143);
#20630=AXIS2_PLACEMENT_3D('',#20631,#20632,#20633);
#20631=CARTESIAN_POINT('',(3.060215098,8.6868,-8.779195038));
#20632=DIRECTION('',(-0.939692621,0.0,-0.342020143));
#20633=DIRECTION('',(0.0,1.0,0.0));
#20634=ORIENTED_EDGE('',*,*,#20635,.T.);
#20635=EDGE_CURVE('',#20627,#20636,#20638,.T.);
#20636=VERTEX_POINT('',#20637);
#20637=CARTESIAN_POINT('',(3.298897023,9.8298,-8.692321922));
#20638=CIRCLE('',#20639,0.127);
#20639=AXIS2_PLACEMENT_3D('',#20640,#20641,#20642);
#20640=CARTESIAN_POINT('',(3.17955606,9.8298,-8.73575848));
#20641=DIRECTION('',(0.342020143,0.0,-0.939692621));
#20642=DIRECTION('',(-0.939692621,0.0,-0.342020143));
#20643=ORIENTED_EDGE('',*,*,#20644,.T.);
#20644=EDGE_CURVE('',#20636,#20616,#20645,.F.);
#20645=CIRCLE('',#20646,1.143);
#20646=AXIS2_PLACEMENT_3D('',#20647,#20648,#20649);
#20647=CARTESIAN_POINT('',(3.298897023,8.6868,-8.692321922));
#20648=DIRECTION('',(0.939692621,0.0,0.342020143));
#20649=DIRECTION('',(0.342020143,0.0,-0.939692621));
#20650=TOROIDAL_SURFACE('',#20651,1.143,0.127);
#20651=AXIS2_PLACEMENT_3D('',#20652,#20653,#20654);
#20652=CARTESIAN_POINT('',(3.17955606,8.6868,-8.73575848));
#20653=DIRECTION('',(-0.939692621,0.0,-0.342020143));
#20654=DIRECTION('',(-0.00543494,0.999873735,0.014932374));
#20655=ADVANCED_FACE('',(#20656),#20716,.T.);
#20656=FACE_BOUND('',#20657,.T.);
#20657=EDGE_LOOP('',(#20658,#20659,#20667,#20676,#20684,#20693,#20701,#20710));
#20658=ORIENTED_EDGE('',*,*,#20644,.F.);
#20659=ORIENTED_EDGE('',*,*,#20660,.T.);
#20660=EDGE_CURVE('',#20636,#20661,#20663,.T.);
#20661=VERTEX_POINT('',#20662);
#20662=CARTESIAN_POINT('',(2.864531441,9.8298,-7.498912293));
#20663=LINE('',#20664,#20665);
#20664=CARTESIAN_POINT('',(3.298897023,9.8298,-8.692321922));
#20665=VECTOR('',#20666,1.0);
#20666=DIRECTION('',(-0.342020143,0.0,0.939692621));
#20667=ORIENTED_EDGE('',*,*,#20668,.T.);
#20668=EDGE_CURVE('',#20661,#20669,#20671,.T.);
#20669=VERTEX_POINT('',#20670);
#20670=CARTESIAN_POINT('',(2.473602417,8.6868,-6.424843628));
#20671=CIRCLE('',#20672,1.143);
#20672=AXIS2_PLACEMENT_3D('',#20673,#20674,#20675);
#20673=CARTESIAN_POINT('',(2.864531441,8.6868,-7.498912293));
#20674=DIRECTION('',(0.939692621,0.0,0.342020143));
#20675=DIRECTION('',(0.0,1.0,0.0));
#20676=ORIENTED_EDGE('',*,*,#20677,.T.);
#20677=EDGE_CURVE('',#20669,#20678,#20680,.T.);
#20678=VERTEX_POINT('',#20679);
#20679=CARTESIAN_POINT('',(2.473602417,1.27,-6.424843628));
#20680=LINE('',#20681,#20682);
#20681=CARTESIAN_POINT('',(2.473602417,8.6868,-6.424843628));
#20682=VECTOR('',#20683,1.0);
#20683=DIRECTION('',(0.0,-1.0,0.0));
#20684=ORIENTED_EDGE('',*,*,#20685,.T.);
#20685=EDGE_CURVE('',#20678,#20686,#20688,.T.);
#20686=VERTEX_POINT('',#20687);
#20687=CARTESIAN_POINT('',(2.864531441,0.127,-7.498912293));
#20688=CIRCLE('',#20689,1.143);
#20689=AXIS2_PLACEMENT_3D('',#20690,#20691,#20692);
#20690=CARTESIAN_POINT('',(2.864531441,1.27,-7.498912293));
#20691=DIRECTION('',(0.939692621,0.0,0.342020143));
#20692=DIRECTION('',(-0.342020143,0.0,0.939692621));
#20693=ORIENTED_EDGE('',*,*,#20694,.T.);
#20694=EDGE_CURVE('',#20686,#20695,#20697,.T.);
#20695=VERTEX_POINT('',#20696);
#20696=CARTESIAN_POINT('',(3.298897023,0.127,-8.692321922));
#20697=LINE('',#20698,#20699);
#20698=CARTESIAN_POINT('',(2.864531441,0.127,-7.498912293));
#20699=VECTOR('',#20700,1.0);
#20700=DIRECTION('',(0.342020143,0.0,-0.939692621));
#20701=ORIENTED_EDGE('',*,*,#20702,.T.);
#20702=EDGE_CURVE('',#20695,#20703,#20705,.T.);
#20703=VERTEX_POINT('',#20704);
#20704=CARTESIAN_POINT('',(3.689826047,1.27,-9.766390587));
#20705=CIRCLE('',#20706,1.143);
#20706=AXIS2_PLACEMENT_3D('',#20707,#20708,#20709);
#20707=CARTESIAN_POINT('',(3.298897023,1.27,-8.692321922));
#20708=DIRECTION('',(0.939692621,0.0,0.342020143));
#20709=DIRECTION('',(0.0,-1.0,0.0));
#20710=ORIENTED_EDGE('',*,*,#20711,.T.);
#20711=EDGE_CURVE('',#20703,#20616,#20712,.T.);
#20712=LINE('',#20713,#20714);
#20713=CARTESIAN_POINT('',(3.689826047,1.27,-9.766390587));
#20714=VECTOR('',#20715,1.0);
#20715=DIRECTION('',(0.0,1.0,0.0));
#20716=PLANE('',#20717);
#20717=AXIS2_PLACEMENT_3D('',#20718,#20719,#20720);
#20718=CARTESIAN_POINT('',(2.430165859,0.0,-6.305502665));
#20719=DIRECTION('',(0.939692621,0.0,0.342020143));
#20720=DIRECTION('',(0.342020143,0.0,-0.939692621));
#20721=ADVANCED_FACE('',(#20722),#20741,.T.);
#20722=FACE_BOUND('',#20723,.T.);
#20723=EDGE_LOOP('',(#20724,#20733,#20739,#20740));
#20724=ORIENTED_EDGE('',*,*,#20725,.T.);
#20725=EDGE_CURVE('',#20703,#20726,#20728,.F.);
#20726=VERTEX_POINT('',#20727);
#20727=CARTESIAN_POINT('',(3.451144121,1.27,-9.853263704));
#20728=CIRCLE('',#20729,0.127);
#20729=AXIS2_PLACEMENT_3D('',#20730,#20731,#20732);
#20730=CARTESIAN_POINT('',(3.570485084,1.27,-9.809827145));
#20731=DIRECTION('',(0.0,-1.0,0.0));
#20732=DIRECTION('',(-0.939692621,0.0,-0.342020143));
#20733=ORIENTED_EDGE('',*,*,#20734,.T.);
#20734=EDGE_CURVE('',#20726,#20618,#20735,.F.);
#20735=LINE('',#20736,#20737);
#20736=CARTESIAN_POINT('',(3.451144121,8.6868,-9.853263704));
#20737=VECTOR('',#20738,1.0);
#20738=DIRECTION('',(0.0,-1.0,0.0));
#20739=ORIENTED_EDGE('',*,*,#20615,.F.);
#20740=ORIENTED_EDGE('',*,*,#20711,.F.);
#20741=CYLINDRICAL_SURFACE('',#20742,0.127);
#20742=AXIS2_PLACEMENT_3D('',#20743,#20744,#20745);
#20743=CARTESIAN_POINT('',(3.570485084,8.717093534,-9.809827145));
#20744=DIRECTION('',(0.0,-1.0,0.0));
#20745=DIRECTION('',(-0.939692621,0.0,-0.342020143));
#20746=ADVANCED_FACE('',(#20747),#20800,.T.);
#20747=FACE_BOUND('',#20748,.T.);
#20748=EDGE_LOOP('',(#20749,#20758,#20766,#20775,#20783,#20792,#20798,#20799));
#20749=ORIENTED_EDGE('',*,*,#20750,.T.);
#20750=EDGE_CURVE('',#20726,#20751,#20753,.T.);
#20751=VERTEX_POINT('',#20752);
#20752=CARTESIAN_POINT('',(3.060215098,0.127,-8.779195038));
#20753=CIRCLE('',#20754,1.143);
#20754=AXIS2_PLACEMENT_3D('',#20755,#20756,#20757);
#20755=CARTESIAN_POINT('',(3.060215098,1.27,-8.779195038));
#20756=DIRECTION('',(-0.939692621,0.0,-0.342020143));
#20757=DIRECTION('',(0.342020143,0.0,-0.939692621));
#20758=ORIENTED_EDGE('',*,*,#20759,.T.);
#20759=EDGE_CURVE('',#20751,#20760,#20762,.T.);
#20760=VERTEX_POINT('',#20761);
#20761=CARTESIAN_POINT('',(2.625849516,0.127,-7.58578541));
#20762=LINE('',#20763,#20764);
#20763=CARTESIAN_POINT('',(3.060215098,0.127,-8.779195038));
#20764=VECTOR('',#20765,1.0);
#20765=DIRECTION('',(-0.342020143,0.0,0.939692621));
#20766=ORIENTED_EDGE('',*,*,#20767,.T.);
#20767=EDGE_CURVE('',#20760,#20768,#20770,.T.);
#20768=VERTEX_POINT('',#20769);
#20769=CARTESIAN_POINT('',(2.234920492,1.27,-6.511716744));
#20770=CIRCLE('',#20771,1.143);
#20771=AXIS2_PLACEMENT_3D('',#20772,#20773,#20774);
#20772=CARTESIAN_POINT('',(2.625849516,1.27,-7.58578541));
#20773=DIRECTION('',(-0.939692621,0.0,-0.342020143));
#20774=DIRECTION('',(0.0,-1.0,0.0));
#20775=ORIENTED_EDGE('',*,*,#20776,.T.);
#20776=EDGE_CURVE('',#20768,#20777,#20779,.T.);
#20777=VERTEX_POINT('',#20778);
#20778=CARTESIAN_POINT('',(2.234920492,8.6868,-6.511716744));
#20779=LINE('',#20780,#20781);
#20780=CARTESIAN_POINT('',(2.234920492,1.27,-6.511716744));
#20781=VECTOR('',#20782,1.0);
#20782=DIRECTION('',(0.0,1.0,0.0));
#20783=ORIENTED_EDGE('',*,*,#20784,.T.);
#20784=EDGE_CURVE('',#20777,#20785,#20787,.T.);
#20785=VERTEX_POINT('',#20786);
#20786=CARTESIAN_POINT('',(2.625849516,9.8298,-7.58578541));
#20787=CIRCLE('',#20788,1.143);
#20788=AXIS2_PLACEMENT_3D('',#20789,#20790,#20791);
#20789=CARTESIAN_POINT('',(2.625849516,8.6868,-7.58578541));
#20790=DIRECTION('',(-0.939692621,0.0,-0.342020143));
#20791=DIRECTION('',(-0.342020143,0.0,0.939692621));
#20792=ORIENTED_EDGE('',*,*,#20793,.T.);
#20793=EDGE_CURVE('',#20785,#20627,#20794,.T.);
#20794=LINE('',#20795,#20796);
#20795=CARTESIAN_POINT('',(2.625849516,9.8298,-7.58578541));
#20796=VECTOR('',#20797,1.0);
#20797=DIRECTION('',(0.342020143,0.0,-0.939692621));
#20798=ORIENTED_EDGE('',*,*,#20626,.F.);
#20799=ORIENTED_EDGE('',*,*,#20734,.F.);
#20800=PLANE('',#20801);
#20801=AXIS2_PLACEMENT_3D('',#20802,#20803,#20804);
#20802=CARTESIAN_POINT('',(3.49458068,0.0,-9.972604666));
#20803=DIRECTION('',(-0.939692621,0.0,-0.342020143));
#20804=DIRECTION('',(-0.342020143,0.0,0.939692621));
#20805=ADVANCED_FACE('',(#20806),#20818,.T.);
#20806=FACE_BOUND('',#20807,.T.);
#20807=EDGE_LOOP('',(#20808,#20809,#20810,#20817));
#20808=ORIENTED_EDGE('',*,*,#20635,.F.);
#20809=ORIENTED_EDGE('',*,*,#20793,.F.);
#20810=ORIENTED_EDGE('',*,*,#20811,.T.);
#20811=EDGE_CURVE('',#20785,#20661,#20812,.T.);
#20812=CIRCLE('',#20813,0.127);
#20813=AXIS2_PLACEMENT_3D('',#20814,#20815,#20816);
#20814=CARTESIAN_POINT('',(2.745190478,9.8298,-7.542348851));
#20815=DIRECTION('',(0.342020143,0.0,-0.939692621));
#20816=DIRECTION('',(-0.939692621,-1.110223025E-14,-0.342020143));
#20817=ORIENTED_EDGE('',*,*,#20660,.F.);
#20818=CYLINDRICAL_SURFACE('',#20819,0.127);
#20819=AXIS2_PLACEMENT_3D('',#20820,#20821,#20822);
#20820=CARTESIAN_POINT('',(2.73918849,9.8298,-7.525858523));
#20821=DIRECTION('',(0.342020143,0.0,-0.939692621));
#20822=DIRECTION('',(-0.939692621,0.0,-0.342020143));
#20823=ADVANCED_FACE('',(#20824),#20836,.T.);
#20824=FACE_BOUND('',#20825,.T.);
#20825=EDGE_LOOP('',(#20826,#20827,#20828,#20835));
#20826=ORIENTED_EDGE('',*,*,#20811,.F.);
#20827=ORIENTED_EDGE('',*,*,#20784,.F.);
#20828=ORIENTED_EDGE('',*,*,#20829,.T.);
#20829=EDGE_CURVE('',#20777,#20669,#20830,.T.);
#20830=CIRCLE('',#20831,0.127);
#20831=AXIS2_PLACEMENT_3D('',#20832,#20833,#20834);
#20832=CARTESIAN_POINT('',(2.354261455,8.6868,-6.468280186));
#20833=DIRECTION('',(0.0,1.0,0.0));
#20834=DIRECTION('',(-0.939692621,0.0,-0.342020143));
#20835=ORIENTED_EDGE('',*,*,#20668,.F.);
#20836=TOROIDAL_SURFACE('',#20837,1.143,0.127);
#20837=AXIS2_PLACEMENT_3D('',#20838,#20839,#20840);
#20838=CARTESIAN_POINT('',(2.745190478,8.6868,-7.542348851));
#20839=DIRECTION('',(0.939692621,0.0,0.342020143));
#20840=DIRECTION('',(-0.341932998,-0.022572657,0.939453192));
#20841=ADVANCED_FACE('',(#20842),#20854,.T.);
#20842=FACE_BOUND('',#20843,.T.);
#20843=EDGE_LOOP('',(#20844,#20845,#20846,#20853));
#20844=ORIENTED_EDGE('',*,*,#20829,.F.);
#20845=ORIENTED_EDGE('',*,*,#20776,.F.);
#20846=ORIENTED_EDGE('',*,*,#20847,.T.);
#20847=EDGE_CURVE('',#20768,#20678,#20848,.T.);
#20848=CIRCLE('',#20849,0.127);
#20849=AXIS2_PLACEMENT_3D('',#20850,#20851,#20852);
#20850=CARTESIAN_POINT('',(2.354261455,1.27,-6.468280186));
#20851=DIRECTION('',(0.0,1.0,0.0));
#20852=DIRECTION('',(-0.939692621,0.0,-0.342020143));
#20853=ORIENTED_EDGE('',*,*,#20677,.F.);
#20854=CYLINDRICAL_SURFACE('',#20855,0.127);
#20855=AXIS2_PLACEMENT_3D('',#20856,#20857,#20858);
#20856=CARTESIAN_POINT('',(2.354261455,1.252451359,-6.468280186));
#20857=DIRECTION('',(0.0,1.0,0.0));
#20858=DIRECTION('',(-0.939692621,0.0,-0.342020143));
#20859=ADVANCED_FACE('',(#20860),#20872,.T.);
#20860=FACE_BOUND('',#20861,.T.);
#20861=EDGE_LOOP('',(#20862,#20863,#20864,#20871));
#20862=ORIENTED_EDGE('',*,*,#20847,.F.);
#20863=ORIENTED_EDGE('',*,*,#20767,.F.);
#20864=ORIENTED_EDGE('',*,*,#20865,.T.);
#20865=EDGE_CURVE('',#20760,#20686,#20866,.T.);
#20866=CIRCLE('',#20867,0.127);
#20867=AXIS2_PLACEMENT_3D('',#20868,#20869,#20870);
#20868=CARTESIAN_POINT('',(2.745190478,0.127,-7.542348851));
#20869=DIRECTION('',(-0.342020143,0.0,0.939692621));
#20870=DIRECTION('',(-0.939692621,0.0,-0.342020143));
#20871=ORIENTED_EDGE('',*,*,#20685,.F.);
#20872=TOROIDAL_SURFACE('',#20873,1.143,0.127);
#20873=AXIS2_PLACEMENT_3D('',#20874,#20875,#20876);
#20874=CARTESIAN_POINT('',(2.745190478,1.27,-7.542348851));
#20875=DIRECTION('',(-0.939692621,0.0,-0.342020143));
#20876=DIRECTION('',(0.00543494,-0.999873735,-0.014932374));
#20877=ADVANCED_FACE('',(#20878),#20890,.T.);
#20878=FACE_BOUND('',#20879,.T.);
#20879=EDGE_LOOP('',(#20880,#20881,#20882,#20889));
#20880=ORIENTED_EDGE('',*,*,#20865,.F.);
#20881=ORIENTED_EDGE('',*,*,#20759,.F.);
#20882=ORIENTED_EDGE('',*,*,#20883,.T.);
#20883=EDGE_CURVE('',#20751,#20695,#20884,.T.);
#20884=CIRCLE('',#20885,0.127);
#20885=AXIS2_PLACEMENT_3D('',#20886,#20887,#20888);
#20886=CARTESIAN_POINT('',(3.17955606,0.127,-8.73575848));
#20887=DIRECTION('',(-0.342020143,0.0,0.939692621));
#20888=DIRECTION('',(-0.939692621,0.0,-0.342020143));
#20889=ORIENTED_EDGE('',*,*,#20694,.F.);
#20890=CYLINDRICAL_SURFACE('',#20891,0.127);
#20891=AXIS2_PLACEMENT_3D('',#20892,#20893,#20894);
#20892=CARTESIAN_POINT('',(3.189917059,0.127,-8.76422509));
#20893=DIRECTION('',(-0.342020143,0.0,0.939692621));
#20894=DIRECTION('',(-0.939692621,0.0,-0.342020143));
#20895=ADVANCED_FACE('',(#20896),#20902,.T.);
#20896=FACE_BOUND('',#20897,.T.);
#20897=EDGE_LOOP('',(#20898,#20899,#20900,#20901));
#20898=ORIENTED_EDGE('',*,*,#20883,.F.);
#20899=ORIENTED_EDGE('',*,*,#20750,.F.);
#20900=ORIENTED_EDGE('',*,*,#20725,.F.);
#20901=ORIENTED_EDGE('',*,*,#20702,.F.);
#20902=TOROIDAL_SURFACE('',#20903,1.143,0.127);
#20903=AXIS2_PLACEMENT_3D('',#20904,#20905,#20906);
#20904=CARTESIAN_POINT('',(3.17955606,1.27,-8.73575848));
#20905=DIRECTION('',(0.939692621,0.0,0.342020143));
#20906=DIRECTION('',(0.341932998,0.022572657,-0.939453192));
#20907=MANIFOLD_SOLID_BREP('',#20908);
#20908=CLOSED_SHELL('',(#20909,#20953,#21019,#21044,#21103,#21121,#21139,#21157,#21175,#21193));
#20909=ADVANCED_FACE('',(#20910),#20948,.T.);
#20910=FACE_BOUND('',#20911,.T.);
#20911=EDGE_LOOP('',(#20912,#20923,#20932,#20941));
#20912=ORIENTED_EDGE('',*,*,#20913,.T.);
#20913=EDGE_CURVE('',#20914,#20916,#20918,.T.);
#20914=VERTEX_POINT('',#20915);
#20915=CARTESIAN_POINT('',(2.824588119,8.6868,-10.050816052));
#20916=VERTEX_POINT('',#20917);
#20917=CARTESIAN_POINT('',(2.57924296,8.6868,-10.11655609));
#20918=CIRCLE('',#20919,0.127);
#20919=AXIS2_PLACEMENT_3D('',#20920,#20921,#20922);
#20920=CARTESIAN_POINT('',(2.701915539,8.6868,-10.083686071));
#20921=DIRECTION('',(0.0,1.0,0.0));
#20922=DIRECTION('',(0.965925826,0.0,0.258819045));
#20923=ORIENTED_EDGE('',*,*,#20924,.T.);
#20924=EDGE_CURVE('',#20916,#20925,#20927,.F.);
#20925=VERTEX_POINT('',#20926);
#20926=CARTESIAN_POINT('',(2.283412791,9.8298,-9.01250287));
#20927=CIRCLE('',#20928,1.143);
#20928=AXIS2_PLACEMENT_3D('',#20929,#20930,#20931);
#20929=CARTESIAN_POINT('',(2.283412791,8.6868,-9.01250287));
#20930=DIRECTION('',(-0.965925826,0.0,-0.258819045));
#20931=DIRECTION('',(0.0,1.0,0.0));
#20932=ORIENTED_EDGE('',*,*,#20933,.T.);
#20933=EDGE_CURVE('',#20925,#20934,#20936,.T.);
#20934=VERTEX_POINT('',#20935);
#20935=CARTESIAN_POINT('',(2.528757951,9.8298,-8.946762833));
#20936=CIRCLE('',#20937,0.127);
#20937=AXIS2_PLACEMENT_3D('',#20938,#20939,#20940);
#20938=CARTESIAN_POINT('',(2.406085371,9.8298,-8.979632852));
#20939=DIRECTION('',(0.258819045,0.0,-0.965925826));
#20940=DIRECTION('',(-0.965925826,2.220446049E-14,-0.258819045));
#20941=ORIENTED_EDGE('',*,*,#20942,.T.);
#20942=EDGE_CURVE('',#20934,#20914,#20943,.F.);
#20943=CIRCLE('',#20944,1.143);
#20944=AXIS2_PLACEMENT_3D('',#20945,#20946,#20947);
#20945=CARTESIAN_POINT('',(2.528757951,8.6868,-8.946762833));
#20946=DIRECTION('',(0.965925826,0.0,0.258819045));
#20947=DIRECTION('',(0.258819045,0.0,-0.965925826));
#20948=TOROIDAL_SURFACE('',#20949,1.143,0.127);
#20949=AXIS2_PLACEMENT_3D('',#20950,#20951,#20952);
#20950=CARTESIAN_POINT('',(2.406085371,8.6868,-8.979632852));
#20951=DIRECTION('',(-0.965925826,0.0,-0.258819045));
#20952=DIRECTION('',(-0.004112816,0.999873735,0.015349238));
#20953=ADVANCED_FACE('',(#20954),#21014,.T.);
#20954=FACE_BOUND('',#20955,.T.);
#20955=EDGE_LOOP('',(#20956,#20957,#20965,#20974,#20982,#20991,#20999,#21008));
#20956=ORIENTED_EDGE('',*,*,#20942,.F.);
#20957=ORIENTED_EDGE('',*,*,#20958,.T.);
#20958=EDGE_CURVE('',#20934,#20959,#20961,.T.);
#20959=VERTEX_POINT('',#20960);
#20960=CARTESIAN_POINT('',(2.200057764,9.8298,-7.720037033));
#20961=LINE('',#20962,#20963);
#20962=CARTESIAN_POINT('',(2.528757951,9.8298,-8.946762833));
#20963=VECTOR('',#20964,1.0);
#20964=DIRECTION('',(-0.258819045,0.0,0.965925826));
#20965=ORIENTED_EDGE('',*,*,#20966,.T.);
#20966=EDGE_CURVE('',#20959,#20967,#20969,.T.);
#20967=VERTEX_POINT('',#20968);
#20968=CARTESIAN_POINT('',(1.904227595,8.6868,-6.615983814));
#20969=CIRCLE('',#20970,1.143);
#20970=AXIS2_PLACEMENT_3D('',#20971,#20972,#20973);
#20971=CARTESIAN_POINT('',(2.200057764,8.6868,-7.720037033));
#20972=DIRECTION('',(0.965925826,0.0,0.258819045));
#20973=DIRECTION('',(0.0,1.0,0.0));
#20974=ORIENTED_EDGE('',*,*,#20975,.T.);
#20975=EDGE_CURVE('',#20967,#20976,#20978,.T.);
#20976=VERTEX_POINT('',#20977);
#20977=CARTESIAN_POINT('',(1.904227595,1.27,-6.615983814));
#20978=LINE('',#20979,#20980);
#20979=CARTESIAN_POINT('',(1.904227595,8.6868,-6.615983814));
#20980=VECTOR('',#20981,1.0);
#20981=DIRECTION('',(0.0,-1.0,0.0));
#20982=ORIENTED_EDGE('',*,*,#20983,.T.);
#20983=EDGE_CURVE('',#20976,#20984,#20986,.T.);
#20984=VERTEX_POINT('',#20985);
#20985=CARTESIAN_POINT('',(2.200057764,0.127,-7.720037033));
#20986=CIRCLE('',#20987,1.143);
#20987=AXIS2_PLACEMENT_3D('',#20988,#20989,#20990);
#20988=CARTESIAN_POINT('',(2.200057764,1.27,-7.720037033));
#20989=DIRECTION('',(0.965925826,0.0,0.258819045));
#20990=DIRECTION('',(-0.258819045,0.0,0.965925826));
#20991=ORIENTED_EDGE('',*,*,#20992,.T.);
#20992=EDGE_CURVE('',#20984,#20993,#20995,.T.);
#20993=VERTEX_POINT('',#20994);
#20994=CARTESIAN_POINT('',(2.528757951,0.127,-8.946762833));
#20995=LINE('',#20996,#20997);
#20996=CARTESIAN_POINT('',(2.200057764,0.127,-7.720037033));
#20997=VECTOR('',#20998,1.0);
#20998=DIRECTION('',(0.258819045,0.0,-0.965925826));
#20999=ORIENTED_EDGE('',*,*,#21000,.T.);
#21000=EDGE_CURVE('',#20993,#21001,#21003,.T.);
#21001=VERTEX_POINT('',#21002);
#21002=CARTESIAN_POINT('',(2.824588119,1.27,-10.050816052));
#21003=CIRCLE('',#21004,1.143);
#21004=AXIS2_PLACEMENT_3D('',#21005,#21006,#21007);
#21005=CARTESIAN_POINT('',(2.528757951,1.27,-8.946762833));
#21006=DIRECTION('',(0.965925826,0.0,0.258819045));
#21007=DIRECTION('',(0.0,-1.0,0.0));
#21008=ORIENTED_EDGE('',*,*,#21009,.T.);
#21009=EDGE_CURVE('',#21001,#20914,#21010,.T.);
#21010=LINE('',#21011,#21012);
#21011=CARTESIAN_POINT('',(2.824588119,1.27,-10.050816052));
#21012=VECTOR('',#21013,1.0);
#21013=DIRECTION('',(0.0,1.0,0.0));
#21014=PLANE('',#21015);
#21015=AXIS2_PLACEMENT_3D('',#21016,#21017,#21018);
#21016=CARTESIAN_POINT('',(1.871357576,0.0,-6.493311234));
#21017=DIRECTION('',(0.965925826,0.0,0.258819045));
#21018=DIRECTION('',(0.258819045,0.0,-0.965925826));
#21019=ADVANCED_FACE('',(#21020),#21039,.T.);
#21020=FACE_BOUND('',#21021,.T.);
#21021=EDGE_LOOP('',(#21022,#21031,#21037,#21038));
#21022=ORIENTED_EDGE('',*,*,#21023,.T.);
#21023=EDGE_CURVE('',#21001,#21024,#21026,.F.);
#21024=VERTEX_POINT('',#21025);
#21025=CARTESIAN_POINT('',(2.57924296,1.27,-10.11655609));
#21026=CIRCLE('',#21027,0.127);
#21027=AXIS2_PLACEMENT_3D('',#21028,#21029,#21030);
#21028=CARTESIAN_POINT('',(2.701915539,1.27,-10.083686071));
#21029=DIRECTION('',(0.0,-1.0,0.0));
#21030=DIRECTION('',(-0.965925826,0.0,-0.258819045));
#21031=ORIENTED_EDGE('',*,*,#21032,.T.);
#21032=EDGE_CURVE('',#21024,#20916,#21033,.F.);
#21033=LINE('',#21034,#21035);
#21034=CARTESIAN_POINT('',(2.57924296,8.6868,-10.11655609));
#21035=VECTOR('',#21036,1.0);
#21036=DIRECTION('',(0.0,-1.0,0.0));
#21037=ORIENTED_EDGE('',*,*,#20913,.F.);
#21038=ORIENTED_EDGE('',*,*,#21009,.F.);
#21039=CYLINDRICAL_SURFACE('',#21040,0.127);
#21040=AXIS2_PLACEMENT_3D('',#21041,#21042,#21043);
#21041=CARTESIAN_POINT('',(2.701915539,8.717093534,-10.083686071));
#21042=DIRECTION('',(0.0,-1.0,0.0));
#21043=DIRECTION('',(-0.965925826,0.0,-0.258819045));
#21044=ADVANCED_FACE('',(#21045),#21098,.T.);
#21045=FACE_BOUND('',#21046,.T.);
#21046=EDGE_LOOP('',(#21047,#21056,#21064,#21073,#21081,#21090,#21096,#21097));
#21047=ORIENTED_EDGE('',*,*,#21048,.T.);
#21048=EDGE_CURVE('',#21024,#21049,#21051,.T.);
#21049=VERTEX_POINT('',#21050);
#21050=CARTESIAN_POINT('',(2.283412791,0.127,-9.01250287));
#21051=CIRCLE('',#21052,1.143);
#21052=AXIS2_PLACEMENT_3D('',#21053,#21054,#21055);
#21053=CARTESIAN_POINT('',(2.283412791,1.27,-9.01250287));
#21054=DIRECTION('',(-0.965925826,0.0,-0.258819045));
#21055=DIRECTION('',(0.258819045,0.0,-0.965925826));
#21056=ORIENTED_EDGE('',*,*,#21057,.T.);
#21057=EDGE_CURVE('',#21049,#21058,#21060,.T.);
#21058=VERTEX_POINT('',#21059);
#21059=CARTESIAN_POINT('',(1.954712604,0.127,-7.785777071));
#21060=LINE('',#21061,#21062);
#21061=CARTESIAN_POINT('',(2.283412791,0.127,-9.01250287));
#21062=VECTOR('',#21063,1.0);
#21063=DIRECTION('',(-0.258819045,0.0,0.965925826));
#21064=ORIENTED_EDGE('',*,*,#21065,.T.);
#21065=EDGE_CURVE('',#21058,#21066,#21068,.T.);
#21066=VERTEX_POINT('',#21067);
#21067=CARTESIAN_POINT('',(1.658882435,1.27,-6.681723851));
#21068=CIRCLE('',#21069,1.143);
#21069=AXIS2_PLACEMENT_3D('',#21070,#21071,#21072);
#21070=CARTESIAN_POINT('',(1.954712604,1.27,-7.785777071));
#21071=DIRECTION('',(-0.965925826,0.0,-0.258819045));
#21072=DIRECTION('',(0.0,-1.0,0.0));
#21073=ORIENTED_EDGE('',*,*,#21074,.T.);
#21074=EDGE_CURVE('',#21066,#21075,#21077,.T.);
#21075=VERTEX_POINT('',#21076);
#21076=CARTESIAN_POINT('',(1.658882435,8.6868,-6.681723851));
#21077=LINE('',#21078,#21079);
#21078=CARTESIAN_POINT('',(1.658882435,1.27,-6.681723851));
#21079=VECTOR('',#21080,1.0);
#21080=DIRECTION('',(0.0,1.0,0.0));
#21081=ORIENTED_EDGE('',*,*,#21082,.T.);
#21082=EDGE_CURVE('',#21075,#21083,#21085,.T.);
#21083=VERTEX_POINT('',#21084);
#21084=CARTESIAN_POINT('',(1.954712604,9.8298,-7.785777071));
#21085=CIRCLE('',#21086,1.143);
#21086=AXIS2_PLACEMENT_3D('',#21087,#21088,#21089);
#21087=CARTESIAN_POINT('',(1.954712604,8.6868,-7.785777071));
#21088=DIRECTION('',(-0.965925826,0.0,-0.258819045));
#21089=DIRECTION('',(-0.258819045,0.0,0.965925826));
#21090=ORIENTED_EDGE('',*,*,#21091,.T.);
#21091=EDGE_CURVE('',#21083,#20925,#21092,.T.);
#21092=LINE('',#21093,#21094);
#21093=CARTESIAN_POINT('',(1.954712604,9.8298,-7.785777071));
#21094=VECTOR('',#21095,1.0);
#21095=DIRECTION('',(0.258819045,0.0,-0.965925826));
#21096=ORIENTED_EDGE('',*,*,#20924,.F.);
#21097=ORIENTED_EDGE('',*,*,#21032,.F.);
#21098=PLANE('',#21099);
#21099=AXIS2_PLACEMENT_3D('',#21100,#21101,#21102);
#21100=CARTESIAN_POINT('',(2.612112978,0.0,-10.23922867));
#21101=DIRECTION('',(-0.965925826,0.0,-0.258819045));
#21102=DIRECTION('',(-0.258819045,0.0,0.965925826));
#21103=ADVANCED_FACE('',(#21104),#21116,.T.);
#21104=FACE_BOUND('',#21105,.T.);
#21105=EDGE_LOOP('',(#21106,#21107,#21108,#21115));
#21106=ORIENTED_EDGE('',*,*,#20933,.F.);
#21107=ORIENTED_EDGE('',*,*,#21091,.F.);
#21108=ORIENTED_EDGE('',*,*,#21109,.T.);
#21109=EDGE_CURVE('',#21083,#20959,#21110,.T.);
#21110=CIRCLE('',#21111,0.127);
#21111=AXIS2_PLACEMENT_3D('',#21112,#21113,#21114);
#21112=CARTESIAN_POINT('',(2.077385184,9.8298,-7.752907052));
#21113=DIRECTION('',(0.258819045,0.0,-0.965925826));
#21114=DIRECTION('',(-0.965925826,-1.110223025E-14,-0.258819045));
#21115=ORIENTED_EDGE('',*,*,#20958,.F.);
#21116=CYLINDRICAL_SURFACE('',#21117,0.127);
#21117=AXIS2_PLACEMENT_3D('',#21118,#21119,#21120);
#21118=CARTESIAN_POINT('',(2.072843261,9.8298,-7.735956367));
#21119=DIRECTION('',(0.258819045,0.0,-0.965925826));
#21120=DIRECTION('',(-0.965925826,0.0,-0.258819045));
#21121=ADVANCED_FACE('',(#21122),#21134,.T.);
#21122=FACE_BOUND('',#21123,.T.);
#21123=EDGE_LOOP('',(#21124,#21125,#21126,#21133));
#21124=ORIENTED_EDGE('',*,*,#21109,.F.);
#21125=ORIENTED_EDGE('',*,*,#21082,.F.);
#21126=ORIENTED_EDGE('',*,*,#21127,.T.);
#21127=EDGE_CURVE('',#21075,#20967,#21128,.T.);
#21128=CIRCLE('',#21129,0.127);
#21129=AXIS2_PLACEMENT_3D('',#21130,#21131,#21132);
#21130=CARTESIAN_POINT('',(1.781555015,8.6868,-6.648853833));
#21131=DIRECTION('',(0.0,1.0,0.0));
#21132=DIRECTION('',(-0.965925826,0.0,-0.258819045));
#21133=ORIENTED_EDGE('',*,*,#20966,.F.);
#21134=TOROIDAL_SURFACE('',#21135,1.143,0.127);
#21135=AXIS2_PLACEMENT_3D('',#21136,#21137,#21138);
#21136=CARTESIAN_POINT('',(2.077385184,8.6868,-7.752907052));
#21137=DIRECTION('',(0.965925826,0.0,0.258819045));
#21138=DIRECTION('',(-0.258753099,-0.022572657,0.965679713));
#21139=ADVANCED_FACE('',(#21140),#21152,.T.);
#21140=FACE_BOUND('',#21141,.T.);
#21141=EDGE_LOOP('',(#21142,#21143,#21144,#21151));
#21142=ORIENTED_EDGE('',*,*,#21127,.F.);
#21143=ORIENTED_EDGE('',*,*,#21074,.F.);
#21144=ORIENTED_EDGE('',*,*,#21145,.T.);
#21145=EDGE_CURVE('',#21066,#20976,#21146,.T.);
#21146=CIRCLE('',#21147,0.127);
#21147=AXIS2_PLACEMENT_3D('',#21148,#21149,#21150);
#21148=CARTESIAN_POINT('',(1.781555015,1.27,-6.648853833));
#21149=DIRECTION('',(0.0,1.0,0.0));
#21150=DIRECTION('',(-0.965925826,0.0,-0.258819045));
#21151=ORIENTED_EDGE('',*,*,#20975,.F.);
#21152=CYLINDRICAL_SURFACE('',#21153,0.127);
#21153=AXIS2_PLACEMENT_3D('',#21154,#21155,#21156);
#21154=CARTESIAN_POINT('',(1.781555015,1.252451359,-6.648853833));
#21155=DIRECTION('',(0.0,1.0,0.0));
#21156=DIRECTION('',(-0.965925826,0.0,-0.258819045));
#21157=ADVANCED_FACE('',(#21158),#21170,.T.);
#21158=FACE_BOUND('',#21159,.T.);
#21159=EDGE_LOOP('',(#21160,#21161,#21162,#21169));
#21160=ORIENTED_EDGE('',*,*,#21145,.F.);
#21161=ORIENTED_EDGE('',*,*,#21065,.F.);
#21162=ORIENTED_EDGE('',*,*,#21163,.T.);
#21163=EDGE_CURVE('',#21058,#20984,#21164,.T.);
#21164=CIRCLE('',#21165,0.127);
#21165=AXIS2_PLACEMENT_3D('',#21166,#21167,#21168);
#21166=CARTESIAN_POINT('',(2.077385184,0.127,-7.752907052));
#21167=DIRECTION('',(-0.258819045,0.0,0.965925826));
#21168=DIRECTION('',(-0.965925826,0.0,-0.258819045));
#21169=ORIENTED_EDGE('',*,*,#20983,.F.);
#21170=TOROIDAL_SURFACE('',#21171,1.143,0.127);
#21171=AXIS2_PLACEMENT_3D('',#21172,#21173,#21174);
#21172=CARTESIAN_POINT('',(2.077385184,1.27,-7.752907052));
#21173=DIRECTION('',(-0.965925826,0.0,-0.258819045));
#21174=DIRECTION('',(0.004112816,-0.999873735,-0.015349238));
#21175=ADVANCED_FACE('',(#21176),#21188,.T.);
#21176=FACE_BOUND('',#21177,.T.);
#21177=EDGE_LOOP('',(#21178,#21179,#21180,#21187));
#21178=ORIENTED_EDGE('',*,*,#21163,.F.);
#21179=ORIENTED_EDGE('',*,*,#21057,.F.);
#21180=ORIENTED_EDGE('',*,*,#21181,.T.);
#21181=EDGE_CURVE('',#21049,#20993,#21182,.T.);
#21182=CIRCLE('',#21183,0.127);
#21183=AXIS2_PLACEMENT_3D('',#21184,#21185,#21186);
#21184=CARTESIAN_POINT('',(2.406085371,0.127,-8.979632852));
#21185=DIRECTION('',(-0.258819045,0.0,0.965925826));
#21186=DIRECTION('',(-0.965925826,0.0,-0.258819045));
#21187=ORIENTED_EDGE('',*,*,#20992,.F.);
#21188=CYLINDRICAL_SURFACE('',#21189,0.127);
#21189=AXIS2_PLACEMENT_3D('',#21190,#21191,#21192);
#21190=CARTESIAN_POINT('',(2.413925914,0.127,-9.008894158));
#21191=DIRECTION('',(-0.258819045,0.0,0.965925826));
#21192=DIRECTION('',(-0.965925826,0.0,-0.258819045));
#21193=ADVANCED_FACE('',(#21194),#21200,.T.);
#21194=FACE_BOUND('',#21195,.T.);
#21195=EDGE_LOOP('',(#21196,#21197,#21198,#21199));
#21196=ORIENTED_EDGE('',*,*,#21181,.F.);
#21197=ORIENTED_EDGE('',*,*,#21048,.F.);
#21198=ORIENTED_EDGE('',*,*,#21023,.F.);
#21199=ORIENTED_EDGE('',*,*,#21000,.F.);
#21200=TOROIDAL_SURFACE('',#21201,1.143,0.127);
#21201=AXIS2_PLACEMENT_3D('',#21202,#21203,#21204);
#21202=CARTESIAN_POINT('',(2.406085371,1.27,-8.979632852));
#21203=DIRECTION('',(0.965925826,0.0,0.258819045));
#21204=DIRECTION('',(0.258753099,0.022572657,-0.965679713));
#21205=MANIFOLD_SOLID_BREP('',#21206);
#21206=CLOSED_SHELL('',(#21207,#21251,#21317,#21342,#21401,#21419,#21437,#21455,#21473,#21491));
#21207=ADVANCED_FACE('',(#21208),#21246,.T.);
#21208=FACE_BOUND('',#21209,.T.);
#21209=EDGE_LOOP('',(#21210,#21221,#21230,#21239));
#21210=ORIENTED_EDGE('',*,*,#21211,.T.);
#21211=EDGE_CURVE('',#21212,#21214,#21216,.T.);
#21212=VERTEX_POINT('',#21213);
#21213=CARTESIAN_POINT('',(1.937853371,8.6868,-10.258748738));
#21214=VERTEX_POINT('',#21215);
#21215=CARTESIAN_POINT('',(1.687712201,8.6868,-10.302855375));
#21216=CIRCLE('',#21217,0.127);
#21217=AXIS2_PLACEMENT_3D('',#21218,#21219,#21220);
#21218=CARTESIAN_POINT('',(1.812782786,8.6868,-10.280802057));
#21219=DIRECTION('',(0.0,1.0,0.0));
#21220=DIRECTION('',(0.984807753,0.0,0.173648178));
#21221=ORIENTED_EDGE('',*,*,#21222,.T.);
#21222=EDGE_CURVE('',#21214,#21223,#21225,.F.);
#21223=VERTEX_POINT('',#21224);
#21224=CARTESIAN_POINT('',(1.489232334,9.8298,-9.177220114));
#21225=CIRCLE('',#21226,1.143);
#21226=AXIS2_PLACEMENT_3D('',#21227,#21228,#21229);
#21227=CARTESIAN_POINT('',(1.489232334,8.6868,-9.177220114));
#21228=DIRECTION('',(-0.984807753,0.0,-0.173648178));
#21229=DIRECTION('',(0.0,1.0,0.0));
#21230=ORIENTED_EDGE('',*,*,#21231,.T.);
#21231=EDGE_CURVE('',#21223,#21232,#21234,.T.);
#21232=VERTEX_POINT('',#21233);
#21233=CARTESIAN_POINT('',(1.739373503,9.8298,-9.133113477));
#21234=CIRCLE('',#21235,0.127);
#21235=AXIS2_PLACEMENT_3D('',#21236,#21237,#21238);
#21236=CARTESIAN_POINT('',(1.614302919,9.8298,-9.155166795));
#21237=DIRECTION('',(0.173648178,0.0,-0.984807753));
#21238=DIRECTION('',(-0.984807753,-1.110223025E-14,-0.173648178));
#21239=ORIENTED_EDGE('',*,*,#21240,.T.);
#21240=EDGE_CURVE('',#21232,#21212,#21241,.F.);
#21241=CIRCLE('',#21242,1.143);
#21242=AXIS2_PLACEMENT_3D('',#21243,#21244,#21245);
#21243=CARTESIAN_POINT('',(1.739373503,8.6868,-9.133113477));
#21244=DIRECTION('',(0.984807753,0.0,0.173648178));
#21245=DIRECTION('',(0.173648178,-1.727013594E-14,-0.984807753));
#21246=TOROIDAL_SURFACE('',#21247,1.143,0.127);
#21247=AXIS2_PLACEMENT_3D('',#21248,#21249,#21250);
#21248=CARTESIAN_POINT('',(1.614302919,8.6868,-9.155166795));
#21249=DIRECTION('',(-0.984807753,0.0,-0.173648178));
#21250=DIRECTION('',(-0.002759391,0.999873735,0.015649285));
#21251=ADVANCED_FACE('',(#21252),#21312,.T.);
#21252=FACE_BOUND('',#21253,.T.);
#21253=EDGE_LOOP('',(#21254,#21255,#21263,#21272,#21280,#21289,#21297,#21306));
#21254=ORIENTED_EDGE('',*,*,#21240,.F.);
#21255=ORIENTED_EDGE('',*,*,#21256,.T.);
#21256=EDGE_CURVE('',#21232,#21257,#21259,.T.);
#21257=VERTEX_POINT('',#21258);
#21258=CARTESIAN_POINT('',(1.518840318,9.8298,-7.88240763));
#21259=LINE('',#21260,#21261);
#21260=CARTESIAN_POINT('',(1.739373503,9.8298,-9.133113477));
#21261=VECTOR('',#21262,1.0);
#21262=DIRECTION('',(-0.173648178,0.0,0.984807753));
#21263=ORIENTED_EDGE('',*,*,#21264,.T.);
#21264=EDGE_CURVE('',#21257,#21265,#21267,.T.);
#21265=VERTEX_POINT('',#21266);
#21266=CARTESIAN_POINT('',(1.320360451,8.6868,-6.756772369));
#21267=CIRCLE('',#21268,1.143);
#21268=AXIS2_PLACEMENT_3D('',#21269,#21270,#21271);
#21269=CARTESIAN_POINT('',(1.518840318,8.6868,-7.88240763));
#21270=DIRECTION('',(0.984807753,0.0,0.173648178));
#21271=DIRECTION('',(0.0,1.0,0.0));
#21272=ORIENTED_EDGE('',*,*,#21273,.T.);
#21273=EDGE_CURVE('',#21265,#21274,#21276,.T.);
#21274=VERTEX_POINT('',#21275);
#21275=CARTESIAN_POINT('',(1.320360451,1.27,-6.756772369));
#21276=LINE('',#21277,#21278);
#21277=CARTESIAN_POINT('',(1.320360451,8.6868,-6.756772369));
#21278=VECTOR('',#21279,1.0);
#21279=DIRECTION('',(0.0,-1.0,0.0));
#21280=ORIENTED_EDGE('',*,*,#21281,.T.);
#21281=EDGE_CURVE('',#21274,#21282,#21284,.T.);
#21282=VERTEX_POINT('',#21283);
#21283=CARTESIAN_POINT('',(1.518840318,0.127,-7.88240763));
#21284=CIRCLE('',#21285,1.143);
#21285=AXIS2_PLACEMENT_3D('',#21286,#21287,#21288);
#21286=CARTESIAN_POINT('',(1.518840318,1.27,-7.88240763));
#21287=DIRECTION('',(0.984807753,0.0,0.173648178));
#21288=DIRECTION('',(-0.173648178,0.0,0.984807753));
#21289=ORIENTED_EDGE('',*,*,#21290,.T.);
#21290=EDGE_CURVE('',#21282,#21291,#21293,.T.);
#21291=VERTEX_POINT('',#21292);
#21292=CARTESIAN_POINT('',(1.739373503,0.127,-9.133113477));
#21293=LINE('',#21294,#21295);
#21294=CARTESIAN_POINT('',(1.518840318,0.127,-7.88240763));
#21295=VECTOR('',#21296,1.0);
#21296=DIRECTION('',(0.173648178,0.0,-0.984807753));
#21297=ORIENTED_EDGE('',*,*,#21298,.T.);
#21298=EDGE_CURVE('',#21291,#21299,#21301,.T.);
#21299=VERTEX_POINT('',#21300);
#21300=CARTESIAN_POINT('',(1.937853371,1.27,-10.258748738));
#21301=CIRCLE('',#21302,1.143);
#21302=AXIS2_PLACEMENT_3D('',#21303,#21304,#21305);
#21303=CARTESIAN_POINT('',(1.739373503,1.27,-9.133113477));
#21304=DIRECTION('',(0.984807753,0.0,0.173648178));
#21305=DIRECTION('',(0.0,-1.0,0.0));
#21306=ORIENTED_EDGE('',*,*,#21307,.T.);
#21307=EDGE_CURVE('',#21299,#21212,#21308,.T.);
#21308=LINE('',#21309,#21310);
#21309=CARTESIAN_POINT('',(1.937853371,1.27,-10.258748738));
#21310=VECTOR('',#21311,1.0);
#21311=DIRECTION('',(0.0,1.0,0.0));
#21312=PLANE('',#21313);
#21313=AXIS2_PLACEMENT_3D('',#21314,#21315,#21316);
#21314=CARTESIAN_POINT('',(1.298307132,0.0,-6.631701784));
#21315=DIRECTION('',(0.984807753,0.0,0.173648178));
#21316=DIRECTION('',(0.173648178,0.0,-0.984807753));
#21317=ADVANCED_FACE('',(#21318),#21337,.T.);
#21318=FACE_BOUND('',#21319,.T.);
#21319=EDGE_LOOP('',(#21320,#21329,#21335,#21336));
#21320=ORIENTED_EDGE('',*,*,#21321,.T.);
#21321=EDGE_CURVE('',#21299,#21322,#21324,.F.);
#21322=VERTEX_POINT('',#21323);
#21323=CARTESIAN_POINT('',(1.687712201,1.27,-10.302855375));
#21324=CIRCLE('',#21325,0.127);
#21325=AXIS2_PLACEMENT_3D('',#21326,#21327,#21328);
#21326=CARTESIAN_POINT('',(1.812782786,1.27,-10.280802057));
#21327=DIRECTION('',(0.0,-1.0,0.0));
#21328=DIRECTION('',(-0.984807753,0.0,-0.173648178));
#21329=ORIENTED_EDGE('',*,*,#21330,.T.);
#21330=EDGE_CURVE('',#21322,#21214,#21331,.F.);
#21331=LINE('',#21332,#21333);
#21332=CARTESIAN_POINT('',(1.687712201,8.6868,-10.302855375));
#21333=VECTOR('',#21334,1.0);
#21334=DIRECTION('',(0.0,-1.0,0.0));
#21335=ORIENTED_EDGE('',*,*,#21211,.F.);
#21336=ORIENTED_EDGE('',*,*,#21307,.F.);
#21337=CYLINDRICAL_SURFACE('',#21338,0.127);
#21338=AXIS2_PLACEMENT_3D('',#21339,#21340,#21341);
#21339=CARTESIAN_POINT('',(1.812782786,8.717093534,-10.280802057));
#21340=DIRECTION('',(0.0,-1.0,0.0));
#21341=DIRECTION('',(-0.984807753,0.0,-0.173648178));
#21342=ADVANCED_FACE('',(#21343),#21396,.T.);
#21343=FACE_BOUND('',#21344,.T.);
#21344=EDGE_LOOP('',(#21345,#21354,#21362,#21371,#21379,#21388,#21394,#21395));
#21345=ORIENTED_EDGE('',*,*,#21346,.T.);
#21346=EDGE_CURVE('',#21322,#21347,#21349,.T.);
#21347=VERTEX_POINT('',#21348);
#21348=CARTESIAN_POINT('',(1.489232334,0.127,-9.177220114));
#21349=CIRCLE('',#21350,1.143);
#21350=AXIS2_PLACEMENT_3D('',#21351,#21352,#21353);
#21351=CARTESIAN_POINT('',(1.489232334,1.27,-9.177220114));
#21352=DIRECTION('',(-0.984807753,0.0,-0.173648178));
#21353=DIRECTION('',(0.173648178,0.0,-0.984807753));
#21354=ORIENTED_EDGE('',*,*,#21355,.T.);
#21355=EDGE_CURVE('',#21347,#21356,#21358,.T.);
#21356=VERTEX_POINT('',#21357);
#21357=CARTESIAN_POINT('',(1.268699149,0.127,-7.926514267));
#21358=LINE('',#21359,#21360);
#21359=CARTESIAN_POINT('',(1.489232334,0.127,-9.177220114));
#21360=VECTOR('',#21361,1.0);
#21361=DIRECTION('',(-0.173648178,0.0,0.984807753));
#21362=ORIENTED_EDGE('',*,*,#21363,.T.);
#21363=EDGE_CURVE('',#21356,#21364,#21366,.T.);
#21364=VERTEX_POINT('',#21365);
#21365=CARTESIAN_POINT('',(1.070219282,1.27,-6.800879006));
#21366=CIRCLE('',#21367,1.143);
#21367=AXIS2_PLACEMENT_3D('',#21368,#21369,#21370);
#21368=CARTESIAN_POINT('',(1.268699149,1.27,-7.926514267));
#21369=DIRECTION('',(-0.984807753,0.0,-0.173648178));
#21370=DIRECTION('',(0.0,-1.0,0.0));
#21371=ORIENTED_EDGE('',*,*,#21372,.T.);
#21372=EDGE_CURVE('',#21364,#21373,#21375,.T.);
#21373=VERTEX_POINT('',#21374);
#21374=CARTESIAN_POINT('',(1.070219282,8.6868,-6.800879006));
#21375=LINE('',#21376,#21377);
#21376=CARTESIAN_POINT('',(1.070219282,1.27,-6.800879006));
#21377=VECTOR('',#21378,1.0);
#21378=DIRECTION('',(0.0,1.0,0.0));
#21379=ORIENTED_EDGE('',*,*,#21380,.T.);
#21380=EDGE_CURVE('',#21373,#21381,#21383,.T.);
#21381=VERTEX_POINT('',#21382);
#21382=CARTESIAN_POINT('',(1.268699149,9.8298,-7.926514267));
#21383=CIRCLE('',#21384,1.143);
#21384=AXIS2_PLACEMENT_3D('',#21385,#21386,#21387);
#21385=CARTESIAN_POINT('',(1.268699149,8.6868,-7.926514267));
#21386=DIRECTION('',(-0.984807753,0.0,-0.173648178));
#21387=DIRECTION('',(-0.173648178,-2.590520391E-14,0.984807753));
#21388=ORIENTED_EDGE('',*,*,#21389,.T.);
#21389=EDGE_CURVE('',#21381,#21223,#21390,.T.);
#21390=LINE('',#21391,#21392);
#21391=CARTESIAN_POINT('',(1.268699149,9.8298,-7.926514267));
#21392=VECTOR('',#21393,1.0);
#21393=DIRECTION('',(0.173648178,0.0,-0.984807753));
#21394=ORIENTED_EDGE('',*,*,#21222,.F.);
#21395=ORIENTED_EDGE('',*,*,#21330,.F.);
#21396=PLANE('',#21397);
#21397=AXIS2_PLACEMENT_3D('',#21398,#21399,#21400);
#21398=CARTESIAN_POINT('',(1.70976552,0.0,-10.42792596));
#21399=DIRECTION('',(-0.984807753,0.0,-0.173648178));
#21400=DIRECTION('',(-0.173648178,0.0,0.984807753));
#21401=ADVANCED_FACE('',(#21402),#21414,.T.);
#21402=FACE_BOUND('',#21403,.T.);
#21403=EDGE_LOOP('',(#21404,#21405,#21406,#21413));
#21404=ORIENTED_EDGE('',*,*,#21231,.F.);
#21405=ORIENTED_EDGE('',*,*,#21389,.F.);
#21406=ORIENTED_EDGE('',*,*,#21407,.T.);
#21407=EDGE_CURVE('',#21381,#21257,#21408,.T.);
#21408=CIRCLE('',#21409,0.127);
#21409=AXIS2_PLACEMENT_3D('',#21410,#21411,#21412);
#21410=CARTESIAN_POINT('',(1.393769733,9.8298,-7.904460949));
#21411=DIRECTION('',(0.173648178,0.0,-0.984807753));
#21412=DIRECTION('',(-0.984807753,1.110223025E-14,-0.173648178));
#21413=ORIENTED_EDGE('',*,*,#21256,.F.);
#21414=CYLINDRICAL_SURFACE('',#21415,0.127);
#21415=AXIS2_PLACEMENT_3D('',#21416,#21417,#21418);
#21416=CARTESIAN_POINT('',(1.390722444,9.8298,-7.887178911));
#21417=DIRECTION('',(0.173648178,0.0,-0.984807753));
#21418=DIRECTION('',(-0.984807753,0.0,-0.173648178));
#21419=ADVANCED_FACE('',(#21420),#21432,.T.);
#21420=FACE_BOUND('',#21421,.T.);
#21421=EDGE_LOOP('',(#21422,#21423,#21424,#21431));
#21422=ORIENTED_EDGE('',*,*,#21407,.F.);
#21423=ORIENTED_EDGE('',*,*,#21380,.F.);
#21424=ORIENTED_EDGE('',*,*,#21425,.T.);
#21425=EDGE_CURVE('',#21373,#21265,#21426,.T.);
#21426=CIRCLE('',#21427,0.127);
#21427=AXIS2_PLACEMENT_3D('',#21428,#21429,#21430);
#21428=CARTESIAN_POINT('',(1.195289866,8.6868,-6.778825687));
#21429=DIRECTION('',(0.0,1.0,0.0));
#21430=DIRECTION('',(-0.984807753,0.0,-0.173648178));
#21431=ORIENTED_EDGE('',*,*,#21264,.F.);
#21432=TOROIDAL_SURFACE('',#21433,1.143,0.127);
#21433=AXIS2_PLACEMENT_3D('',#21434,#21435,#21436);
#21434=CARTESIAN_POINT('',(1.393769733,8.6868,-7.904460949));
#21435=DIRECTION('',(0.984807753,0.0,0.173648178));
#21436=DIRECTION('',(-0.173603933,-0.022572657,0.984556829));
#21437=ADVANCED_FACE('',(#21438),#21450,.T.);
#21438=FACE_BOUND('',#21439,.T.);
#21439=EDGE_LOOP('',(#21440,#21441,#21442,#21449));
#21440=ORIENTED_EDGE('',*,*,#21425,.F.);
#21441=ORIENTED_EDGE('',*,*,#21372,.F.);
#21442=ORIENTED_EDGE('',*,*,#21443,.T.);
#21443=EDGE_CURVE('',#21364,#21274,#21444,.T.);
#21444=CIRCLE('',#21445,0.127);
#21445=AXIS2_PLACEMENT_3D('',#21446,#21447,#21448);
#21446=CARTESIAN_POINT('',(1.195289866,1.27,-6.778825687));
#21447=DIRECTION('',(0.0,1.0,0.0));
#21448=DIRECTION('',(-0.984807753,0.0,-0.173648178));
#21449=ORIENTED_EDGE('',*,*,#21273,.F.);
#21450=CYLINDRICAL_SURFACE('',#21451,0.127);
#21451=AXIS2_PLACEMENT_3D('',#21452,#21453,#21454);
#21452=CARTESIAN_POINT('',(1.195289866,1.252451359,-6.778825687));
#21453=DIRECTION('',(0.0,1.0,0.0));
#21454=DIRECTION('',(-0.984807753,0.0,-0.173648178));
#21455=ADVANCED_FACE('',(#21456),#21468,.T.);
#21456=FACE_BOUND('',#21457,.T.);
#21457=EDGE_LOOP('',(#21458,#21459,#21460,#21467));
#21458=ORIENTED_EDGE('',*,*,#21443,.F.);
#21459=ORIENTED_EDGE('',*,*,#21363,.F.);
#21460=ORIENTED_EDGE('',*,*,#21461,.T.);
#21461=EDGE_CURVE('',#21356,#21282,#21462,.T.);
#21462=CIRCLE('',#21463,0.127);
#21463=AXIS2_PLACEMENT_3D('',#21464,#21465,#21466);
#21464=CARTESIAN_POINT('',(1.393769733,0.127,-7.904460949));
#21465=DIRECTION('',(-0.173648178,0.0,0.984807753));
#21466=DIRECTION('',(-0.984807753,0.0,-0.173648178));
#21467=ORIENTED_EDGE('',*,*,#21281,.F.);
#21468=TOROIDAL_SURFACE('',#21469,1.143,0.127);
#21469=AXIS2_PLACEMENT_3D('',#21470,#21471,#21472);
#21470=CARTESIAN_POINT('',(1.393769733,1.27,-7.904460949));
#21471=DIRECTION('',(-0.984807753,0.0,-0.173648178));
#21472=DIRECTION('',(0.002759391,-0.999873735,-0.015649285));
#21473=ADVANCED_FACE('',(#21474),#21486,.T.);
#21474=FACE_BOUND('',#21475,.T.);
#21475=EDGE_LOOP('',(#21476,#21477,#21478,#21485));
#21476=ORIENTED_EDGE('',*,*,#21461,.F.);
#21477=ORIENTED_EDGE('',*,*,#21355,.F.);
#21478=ORIENTED_EDGE('',*,*,#21479,.T.);
#21479=EDGE_CURVE('',#21347,#21291,#21480,.T.);
#21480=CIRCLE('',#21481,0.127);
#21481=AXIS2_PLACEMENT_3D('',#21482,#21483,#21484);
#21482=CARTESIAN_POINT('',(1.614302919,0.127,-9.155166795));
#21483=DIRECTION('',(-0.173648178,0.0,0.984807753));
#21484=DIRECTION('',(-0.984807753,0.0,-0.173648178));
#21485=ORIENTED_EDGE('',*,*,#21290,.F.);
#21486=CYLINDRICAL_SURFACE('',#21487,0.127);
#21487=AXIS2_PLACEMENT_3D('',#21488,#21489,#21490);
#21488=CARTESIAN_POINT('',(1.619563336,0.127,-9.185000102));
#21489=DIRECTION('',(-0.173648178,0.0,0.984807753));
#21490=DIRECTION('',(-0.984807753,0.0,-0.173648178));
#21491=ADVANCED_FACE('',(#21492),#21498,.T.);
#21492=FACE_BOUND('',#21493,.T.);
#21493=EDGE_LOOP('',(#21494,#21495,#21496,#21497));
#21494=ORIENTED_EDGE('',*,*,#21479,.F.);
#21495=ORIENTED_EDGE('',*,*,#21346,.F.);
#21496=ORIENTED_EDGE('',*,*,#21321,.F.);
#21497=ORIENTED_EDGE('',*,*,#21298,.F.);
#21498=TOROIDAL_SURFACE('',#21499,1.143,0.127);
#21499=AXIS2_PLACEMENT_3D('',#21500,#21501,#21502);
#21500=CARTESIAN_POINT('',(1.614302919,1.27,-9.155166795));
#21501=DIRECTION('',(0.984807753,0.0,0.173648178));
#21502=DIRECTION('',(0.173603933,0.022572657,-0.984556829));
#21503=MANIFOLD_SOLID_BREP('',#21504);
#21504=CLOSED_SHELL('',(#21505,#21549,#21615,#21640,#21699,#21717,#21735,#21753,#21771,#21789));
#21505=ADVANCED_FACE('',(#21506),#21544,.T.);
#21506=FACE_BOUND('',#21507,.T.);
#21507=EDGE_LOOP('',(#21508,#21519,#21528,#21537));
#21508=ORIENTED_EDGE('',*,*,#21509,.T.);
#21509=EDGE_CURVE('',#21510,#21512,#21514,.T.);
#21510=VERTEX_POINT('',#21511);
#21511=CARTESIAN_POINT('',(1.036370387,8.6868,-10.388606152));
#21512=VERTEX_POINT('',#21513);
#21513=CARTESIAN_POINT('',(0.783336934,8.6868,-10.410743711));
#21514=CIRCLE('',#21515,0.127);
#21515=AXIS2_PLACEMENT_3D('',#21516,#21517,#21518);
#21516=CARTESIAN_POINT('',(0.909853661,8.6868,-10.399674931));
#21517=DIRECTION('',(0.0,1.0,0.0));
#21518=DIRECTION('',(0.996194698,0.0,0.087155743));
#21519=ORIENTED_EDGE('',*,*,#21520,.T.);
#21520=EDGE_CURVE('',#21512,#21521,#21523,.F.);
#21521=VERTEX_POINT('',#21522);
#21522=CARTESIAN_POINT('',(0.68371792,9.8298,-9.272093171));
#21523=CIRCLE('',#21524,1.143);
#21524=AXIS2_PLACEMENT_3D('',#21525,#21526,#21527);
#21525=CARTESIAN_POINT('',(0.68371792,8.6868,-9.272093171));
#21526=DIRECTION('',(-0.996194698,0.0,-0.087155743));
#21527=DIRECTION('',(0.0,1.0,0.0));
#21528=ORIENTED_EDGE('',*,*,#21529,.T.);
#21529=EDGE_CURVE('',#21521,#21530,#21532,.T.);
#21530=VERTEX_POINT('',#21531);
#21531=CARTESIAN_POINT('',(0.936751374,9.8298,-9.249955612));
#21532=CIRCLE('',#21533,0.127);
#21533=AXIS2_PLACEMENT_3D('',#21534,#21535,#21536);
#21534=CARTESIAN_POINT('',(0.810234647,9.8298,-9.261024391));
#21535=DIRECTION('',(0.087155743,0.0,-0.996194698));
#21536=DIRECTION('',(-0.996194698,0.0,-0.087155743));
#21537=ORIENTED_EDGE('',*,*,#21538,.T.);
#21538=EDGE_CURVE('',#21530,#21510,#21539,.F.);
#21539=CIRCLE('',#21540,1.143);
#21540=AXIS2_PLACEMENT_3D('',#21541,#21542,#21543);
#21541=CARTESIAN_POINT('',(0.936751374,8.6868,-9.249955612));
#21542=DIRECTION('',(0.996194698,0.0,0.087155743));
#21543=DIRECTION('',(0.087155743,0.0,-0.996194698));
#21544=TOROIDAL_SURFACE('',#21545,1.143,0.127);
#21545=AXIS2_PLACEMENT_3D('',#21546,#21547,#21548);
#21546=CARTESIAN_POINT('',(0.810234647,8.6868,-9.261024391));
#21547=DIRECTION('',(-0.996194698,0.0,-0.087155743));
#21548=DIRECTION('',(-0.001384966,0.999873735,0.015830232));
#21549=ADVANCED_FACE('',(#21550),#21610,.T.);
#21550=FACE_BOUND('',#21551,.T.);
#21551=EDGE_LOOP('',(#21552,#21553,#21561,#21570,#21578,#21587,#21595,#21604));
#21552=ORIENTED_EDGE('',*,*,#21538,.F.);
#21553=ORIENTED_EDGE('',*,*,#21554,.T.);
#21554=EDGE_CURVE('',#21530,#21555,#21557,.T.);
#21555=VERTEX_POINT('',#21556);
#21556=CARTESIAN_POINT('',(0.82606358,9.8298,-7.984788345));
#21557=LINE('',#21558,#21559);
#21558=CARTESIAN_POINT('',(0.936751374,9.8298,-9.249955612));
#21559=VECTOR('',#21560,1.0);
#21560=DIRECTION('',(-0.087155743,0.0,0.996194698));
#21561=ORIENTED_EDGE('',*,*,#21562,.T.);
#21562=EDGE_CURVE('',#21555,#21563,#21565,.T.);
#21563=VERTEX_POINT('',#21564);
#21564=CARTESIAN_POINT('',(0.726444566,8.6868,-6.846137806));
#21565=CIRCLE('',#21566,1.143);
#21566=AXIS2_PLACEMENT_3D('',#21567,#21568,#21569);
#21567=CARTESIAN_POINT('',(0.82606358,8.6868,-7.984788345));
#21568=DIRECTION('',(0.996194698,0.0,0.087155743));
#21569=DIRECTION('',(0.0,1.0,0.0));
#21570=ORIENTED_EDGE('',*,*,#21571,.T.);
#21571=EDGE_CURVE('',#21563,#21572,#21574,.T.);
#21572=VERTEX_POINT('',#21573);
#21573=CARTESIAN_POINT('',(0.726444566,1.27,-6.846137806));
#21574=LINE('',#21575,#21576);
#21575=CARTESIAN_POINT('',(0.726444566,8.6868,-6.846137806));
#21576=VECTOR('',#21577,1.0);
#21577=DIRECTION('',(0.0,-1.0,0.0));
#21578=ORIENTED_EDGE('',*,*,#21579,.T.);
#21579=EDGE_CURVE('',#21572,#21580,#21582,.T.);
#21580=VERTEX_POINT('',#21581);
#21581=CARTESIAN_POINT('',(0.82606358,0.127,-7.984788345));
#21582=CIRCLE('',#21583,1.143);
#21583=AXIS2_PLACEMENT_3D('',#21584,#21585,#21586);
#21584=CARTESIAN_POINT('',(0.82606358,1.27,-7.984788345));
#21585=DIRECTION('',(0.996194698,0.0,0.087155743));
#21586=DIRECTION('',(-0.087155743,1.187321846E-14,0.996194698));
#21587=ORIENTED_EDGE('',*,*,#21588,.T.);
#21588=EDGE_CURVE('',#21580,#21589,#21591,.T.);
#21589=VERTEX_POINT('',#21590);
#21590=CARTESIAN_POINT('',(0.936751374,0.127,-9.249955612));
#21591=LINE('',#21592,#21593);
#21592=CARTESIAN_POINT('',(0.82606358,0.127,-7.984788345));
#21593=VECTOR('',#21594,1.0);
#21594=DIRECTION('',(0.087155743,0.0,-0.996194698));
#21595=ORIENTED_EDGE('',*,*,#21596,.T.);
#21596=EDGE_CURVE('',#21589,#21597,#21599,.T.);
#21597=VERTEX_POINT('',#21598);
#21598=CARTESIAN_POINT('',(1.036370387,1.27,-10.388606152));
#21599=CIRCLE('',#21600,1.143);
#21600=AXIS2_PLACEMENT_3D('',#21601,#21602,#21603);
#21601=CARTESIAN_POINT('',(0.936751374,1.27,-9.249955612));
#21602=DIRECTION('',(0.996194698,0.0,0.087155743));
#21603=DIRECTION('',(0.0,-1.0,0.0));
#21604=ORIENTED_EDGE('',*,*,#21605,.T.);
#21605=EDGE_CURVE('',#21597,#21510,#21606,.T.);
#21606=LINE('',#21607,#21608);
#21607=CARTESIAN_POINT('',(1.036370387,1.27,-10.388606152));
#21608=VECTOR('',#21609,1.0);
#21609=DIRECTION('',(0.0,1.0,0.0));
#21610=PLANE('',#21611);
#21611=AXIS2_PLACEMENT_3D('',#21612,#21613,#21614);
#21612=CARTESIAN_POINT('',(0.715375787,0.0,-6.719621079));
#21613=DIRECTION('',(0.996194698,0.0,0.087155743));
#21614=DIRECTION('',(0.087155743,0.0,-0.996194698));
#21615=ADVANCED_FACE('',(#21616),#21635,.T.);
#21616=FACE_BOUND('',#21617,.T.);
#21617=EDGE_LOOP('',(#21618,#21627,#21633,#21634));
#21618=ORIENTED_EDGE('',*,*,#21619,.T.);
#21619=EDGE_CURVE('',#21597,#21620,#21622,.F.);
#21620=VERTEX_POINT('',#21621);
#21621=CARTESIAN_POINT('',(0.783336934,1.27,-10.410743711));
#21622=CIRCLE('',#21623,0.127);
#21623=AXIS2_PLACEMENT_3D('',#21624,#21625,#21626);
#21624=CARTESIAN_POINT('',(0.909853661,1.27,-10.399674931));
#21625=DIRECTION('',(0.0,-1.0,0.0));
#21626=DIRECTION('',(-0.996194698,0.0,-0.087155743));
#21627=ORIENTED_EDGE('',*,*,#21628,.T.);
#21628=EDGE_CURVE('',#21620,#21512,#21629,.F.);
#21629=LINE('',#21630,#21631);
#21630=CARTESIAN_POINT('',(0.783336934,8.6868,-10.410743711));
#21631=VECTOR('',#21632,1.0);
#21632=DIRECTION('',(0.0,-1.0,0.0));
#21633=ORIENTED_EDGE('',*,*,#21509,.F.);
#21634=ORIENTED_EDGE('',*,*,#21605,.F.);
#21635=CYLINDRICAL_SURFACE('',#21636,0.127);
#21636=AXIS2_PLACEMENT_3D('',#21637,#21638,#21639);
#21637=CARTESIAN_POINT('',(0.909853661,8.717093534,-10.399674931));
#21638=DIRECTION('',(0.0,-1.0,0.0));
#21639=DIRECTION('',(-0.996194698,0.0,-0.087155743));
#21640=ADVANCED_FACE('',(#21641),#21694,.T.);
#21641=FACE_BOUND('',#21642,.T.);
#21642=EDGE_LOOP('',(#21643,#21652,#21660,#21669,#21677,#21686,#21692,#21693));
#21643=ORIENTED_EDGE('',*,*,#21644,.T.);
#21644=EDGE_CURVE('',#21620,#21645,#21647,.T.);
#21645=VERTEX_POINT('',#21646);
#21646=CARTESIAN_POINT('',(0.68371792,0.127,-9.272093171));
#21647=CIRCLE('',#21648,1.143);
#21648=AXIS2_PLACEMENT_3D('',#21649,#21650,#21651);
#21649=CARTESIAN_POINT('',(0.68371792,1.27,-9.272093171));
#21650=DIRECTION('',(-0.996194698,0.0,-0.087155743));
#21651=DIRECTION('',(0.087155743,0.0,-0.996194698));
#21652=ORIENTED_EDGE('',*,*,#21653,.T.);
#21653=EDGE_CURVE('',#21645,#21654,#21656,.T.);
#21654=VERTEX_POINT('',#21655);
#21655=CARTESIAN_POINT('',(0.573030127,0.127,-8.006925904));
#21656=LINE('',#21657,#21658);
#21657=CARTESIAN_POINT('',(0.68371792,0.127,-9.272093171));
#21658=VECTOR('',#21659,1.0);
#21659=DIRECTION('',(-0.087155743,0.0,0.996194698));
#21660=ORIENTED_EDGE('',*,*,#21661,.T.);
#21661=EDGE_CURVE('',#21654,#21662,#21664,.T.);
#21662=VERTEX_POINT('',#21663);
#21663=CARTESIAN_POINT('',(0.473411113,1.27,-6.868275364));
#21664=CIRCLE('',#21665,1.143);
#21665=AXIS2_PLACEMENT_3D('',#21666,#21667,#21668);
#21666=CARTESIAN_POINT('',(0.573030127,1.27,-8.006925904));
#21667=DIRECTION('',(-0.996194698,0.0,-0.087155743));
#21668=DIRECTION('',(0.0,-1.0,0.0));
#21669=ORIENTED_EDGE('',*,*,#21670,.T.);
#21670=EDGE_CURVE('',#21662,#21671,#21673,.T.);
#21671=VERTEX_POINT('',#21672);
#21672=CARTESIAN_POINT('',(0.473411113,8.6868,-6.868275364));
#21673=LINE('',#21674,#21675);
#21674=CARTESIAN_POINT('',(0.473411113,1.27,-6.868275364));
#21675=VECTOR('',#21676,1.0);
#21676=DIRECTION('',(0.0,1.0,0.0));
#21677=ORIENTED_EDGE('',*,*,#21678,.T.);
#21678=EDGE_CURVE('',#21671,#21679,#21681,.T.);
#21679=VERTEX_POINT('',#21680);
#21680=CARTESIAN_POINT('',(0.573030127,9.8298,-8.006925904));
#21681=CIRCLE('',#21682,1.143);
#21682=AXIS2_PLACEMENT_3D('',#21683,#21684,#21685);
#21683=CARTESIAN_POINT('',(0.573030127,8.6868,-8.006925904));
#21684=DIRECTION('',(-0.996194698,0.0,-0.087155743));
#21685=DIRECTION('',(-0.087155743,0.0,0.996194698));
#21686=ORIENTED_EDGE('',*,*,#21687,.T.);
#21687=EDGE_CURVE('',#21679,#21521,#21688,.T.);
#21688=LINE('',#21689,#21690);
#21689=CARTESIAN_POINT('',(0.573030127,9.8298,-8.006925904));
#21690=VECTOR('',#21691,1.0);
#21691=DIRECTION('',(0.087155743,0.0,-0.996194698));
#21692=ORIENTED_EDGE('',*,*,#21520,.F.);
#21693=ORIENTED_EDGE('',*,*,#21628,.F.);
#21694=PLANE('',#21695);
#21695=AXIS2_PLACEMENT_3D('',#21696,#21697,#21698);
#21696=CARTESIAN_POINT('',(0.794405714,0.0,-10.537260437));
#21697=DIRECTION('',(-0.996194698,0.0,-0.087155743));
#21698=DIRECTION('',(-0.087155743,0.0,0.996194698));
#21699=ADVANCED_FACE('',(#21700),#21712,.T.);
#21700=FACE_BOUND('',#21701,.T.);
#21701=EDGE_LOOP('',(#21702,#21703,#21704,#21711));
#21702=ORIENTED_EDGE('',*,*,#21529,.F.);
#21703=ORIENTED_EDGE('',*,*,#21687,.F.);
#21704=ORIENTED_EDGE('',*,*,#21705,.T.);
#21705=EDGE_CURVE('',#21679,#21555,#21706,.T.);
#21706=CIRCLE('',#21707,0.127);
#21707=AXIS2_PLACEMENT_3D('',#21708,#21709,#21710);
#21708=CARTESIAN_POINT('',(0.699546854,9.8298,-7.995857125));
#21709=DIRECTION('',(0.087155743,0.0,-0.996194698));
#21710=DIRECTION('',(-0.996194698,0.0,-0.087155743));
#21711=ORIENTED_EDGE('',*,*,#21554,.F.);
#21712=CYLINDRICAL_SURFACE('',#21713,0.127);
#21713=AXIS2_PLACEMENT_3D('',#21714,#21715,#21716);
#21714=CARTESIAN_POINT('',(0.698017389,9.8298,-7.978375262));
#21715=DIRECTION('',(0.087155743,0.0,-0.996194698));
#21716=DIRECTION('',(-0.996194698,0.0,-0.087155743));
#21717=ADVANCED_FACE('',(#21718),#21730,.T.);
#21718=FACE_BOUND('',#21719,.T.);
#21719=EDGE_LOOP('',(#21720,#21721,#21722,#21729));
#21720=ORIENTED_EDGE('',*,*,#21705,.F.);
#21721=ORIENTED_EDGE('',*,*,#21678,.F.);
#21722=ORIENTED_EDGE('',*,*,#21723,.T.);
#21723=EDGE_CURVE('',#21671,#21563,#21724,.T.);
#21724=CIRCLE('',#21725,0.127);
#21725=AXIS2_PLACEMENT_3D('',#21726,#21727,#21728);
#21726=CARTESIAN_POINT('',(0.59992784,8.6868,-6.857206585));
#21727=DIRECTION('',(0.0,1.0,0.0));
#21728=DIRECTION('',(-0.996194698,0.0,-0.087155743));
#21729=ORIENTED_EDGE('',*,*,#21562,.F.);
#21730=TOROIDAL_SURFACE('',#21731,1.143,0.127);
#21731=AXIS2_PLACEMENT_3D('',#21732,#21733,#21734);
#21732=CARTESIAN_POINT('',(0.699546854,8.6868,-7.995857125));
#21733=DIRECTION('',(0.996194698,0.0,0.087155743));
#21734=DIRECTION('',(-0.087133536,-0.022572657,0.995940873));
#21735=ADVANCED_FACE('',(#21736),#21748,.T.);
#21736=FACE_BOUND('',#21737,.T.);
#21737=EDGE_LOOP('',(#21738,#21739,#21740,#21747));
#21738=ORIENTED_EDGE('',*,*,#21723,.F.);
#21739=ORIENTED_EDGE('',*,*,#21670,.F.);
#21740=ORIENTED_EDGE('',*,*,#21741,.T.);
#21741=EDGE_CURVE('',#21662,#21572,#21742,.T.);
#21742=CIRCLE('',#21743,0.127);
#21743=AXIS2_PLACEMENT_3D('',#21744,#21745,#21746);
#21744=CARTESIAN_POINT('',(0.59992784,1.27,-6.857206585));
#21745=DIRECTION('',(0.0,1.0,0.0));
#21746=DIRECTION('',(-0.996194698,0.0,-0.087155743));
#21747=ORIENTED_EDGE('',*,*,#21571,.F.);
#21748=CYLINDRICAL_SURFACE('',#21749,0.127);
#21749=AXIS2_PLACEMENT_3D('',#21750,#21751,#21752);
#21750=CARTESIAN_POINT('',(0.59992784,1.252451359,-6.857206585));
#21751=DIRECTION('',(0.0,1.0,0.0));
#21752=DIRECTION('',(-0.996194698,0.0,-0.087155743));
#21753=ADVANCED_FACE('',(#21754),#21766,.T.);
#21754=FACE_BOUND('',#21755,.T.);
#21755=EDGE_LOOP('',(#21756,#21757,#21758,#21765));
#21756=ORIENTED_EDGE('',*,*,#21741,.F.);
#21757=ORIENTED_EDGE('',*,*,#21661,.F.);
#21758=ORIENTED_EDGE('',*,*,#21759,.T.);
#21759=EDGE_CURVE('',#21654,#21580,#21760,.T.);
#21760=CIRCLE('',#21761,0.127);
#21761=AXIS2_PLACEMENT_3D('',#21762,#21763,#21764);
#21762=CARTESIAN_POINT('',(0.699546854,0.127,-7.995857125));
#21763=DIRECTION('',(-0.087155743,0.0,0.996194698));
#21764=DIRECTION('',(-0.996194698,0.0,-0.087155743));
#21765=ORIENTED_EDGE('',*,*,#21579,.F.);
#21766=TOROIDAL_SURFACE('',#21767,1.143,0.127);
#21767=AXIS2_PLACEMENT_3D('',#21768,#21769,#21770);
#21768=CARTESIAN_POINT('',(0.699546854,1.27,-7.995857125));
#21769=DIRECTION('',(-0.996194698,0.0,-0.087155743));
#21770=DIRECTION('',(0.001384966,-0.999873735,-0.015830232));
#21771=ADVANCED_FACE('',(#21772),#21784,.T.);
#21772=FACE_BOUND('',#21773,.T.);
#21773=EDGE_LOOP('',(#21774,#21775,#21776,#21783));
#21774=ORIENTED_EDGE('',*,*,#21759,.F.);
#21775=ORIENTED_EDGE('',*,*,#21653,.F.);
#21776=ORIENTED_EDGE('',*,*,#21777,.T.);
#21777=EDGE_CURVE('',#21645,#21589,#21778,.T.);
#21778=CIRCLE('',#21779,0.127);
#21779=AXIS2_PLACEMENT_3D('',#21780,#21781,#21782);
#21780=CARTESIAN_POINT('',(0.810234647,0.127,-9.261024391));
#21781=DIRECTION('',(-0.087155743,0.0,0.996194698));
#21782=DIRECTION('',(-0.996194698,-1.474514955E-14,-0.087155743));
#21783=ORIENTED_EDGE('',*,*,#21588,.F.);
#21784=CYLINDRICAL_SURFACE('',#21785,0.127);
#21785=AXIS2_PLACEMENT_3D('',#21786,#21787,#21788);
#21786=CARTESIAN_POINT('',(0.812874902,0.127,-9.291202649));
#21787=DIRECTION('',(-0.087155743,0.0,0.996194698));
#21788=DIRECTION('',(-0.996194698,0.0,-0.087155743));
#21789=ADVANCED_FACE('',(#21790),#21796,.T.);
#21790=FACE_BOUND('',#21791,.T.);
#21791=EDGE_LOOP('',(#21792,#21793,#21794,#21795));
#21792=ORIENTED_EDGE('',*,*,#21777,.F.);
#21793=ORIENTED_EDGE('',*,*,#21644,.F.);
#21794=ORIENTED_EDGE('',*,*,#21619,.F.);
#21795=ORIENTED_EDGE('',*,*,#21596,.F.);
#21796=TOROIDAL_SURFACE('',#21797,1.143,0.127);
#21797=AXIS2_PLACEMENT_3D('',#21798,#21799,#21800);
#21798=CARTESIAN_POINT('',(0.810234647,1.27,-9.261024391));
#21799=DIRECTION('',(0.996194698,0.0,0.087155743));
#21800=DIRECTION('',(0.087133536,0.022572657,-0.995940873));
#21801=AXIS2_PLACEMENT_3D('',#21802,#21803,#21804);
#21802=CARTESIAN_POINT('',(0.0,0.0,0.0));
#21803=DIRECTION('',(0.0,0.0,1.0));
#21804=DIRECTION('',(1.0,0.0,0.0));
#21805=(GEOMETRIC_REPRESENTATION_CONTEXT(3)GLOBAL_UNCERTAINTY_ASSIGNED_CONTEXT((#21809))GLOBAL_UNIT_ASSIGNED_CONTEXT((#21806,#21807,#21808))REPRESENTATION_CONTEXT('',''));
#21806=(LENGTH_UNIT()NAMED_UNIT(*)SI_UNIT(.MILLI.,.METRE.));
#21807=(NAMED_UNIT(*)PLANE_ANGLE_UNIT()SI_UNIT($,.RADIAN.));
#21808=(NAMED_UNIT(*)SI_UNIT($,.STERADIAN.)SOLID_ANGLE_UNIT());
#21809=UNCERTAINTY_MEASURE_WITH_UNIT(LENGTH_MEASURE(1.187792039E-05),#21806,'','maximum tolerance');
#21810=ADVANCED_BREP_SHAPE_REPRESENTATION('',(#9,#307,#605,#903,#1201,#1499,#1797,#2095,#2393,#2691,#2989,#3287,#3585,#3883,#4181,#4479,#4777,#5075,#5373,#5671,#5969,#6267,#6565,#6863,#7161,#7459,#7757,#8055,#8353,#8651,#8949,#9247,#9545,#9843,#10141,#10439,#10737,#11371,#11669,#11967,#12265,#12563,#12861,#13159,#13457,#13755,#14053,#14351,#14649,#14947,#15245,#15543,#15841,#16139,#16437,#16735,#17033,#17331,#17629,#17927,#18225,#18523,#18821,#19119,#19417,#19715,#20013,#20311,#20609,#20907,#21205,#21503,#21801),#21805);
#21811=SHAPE_DEFINITION_REPRESENTATION(#8,#21810);
#21812=PRODUCT_RELATED_PRODUCT_CATEGORY('part',$,(#4));
ENDSEC;
END-ISO-10303-21;
