ISO-10303-21;
HEADER;
FILE_DESCRIPTION (( 'STEP AP214' ),
    '1' );
FILE_NAME ('MF-RHT050-2.STEP',
    '2026-07-29T14:08:58',
    ( '' ),
    ( '' ),
    'SwSTEP 2.0',
    'SolidWorks 2023',
    '' );
FILE_SCHEMA (( 'AUTOMOTIVE_DESIGN' ));
ENDSEC;

DATA;
#1 = VERTEX_POINT ( 'NONE', #1190 ) ;
#2 = VECTOR ( 'NONE', #1163, 1000.000000000000000 ) ;
#3 = STYLED_ITEM ( 'NONE', ( #987 ), #808 ) ;
#4 = PRESENTATION_STYLE_ASSIGNMENT (( #1631 ) ) ;
#5 = CARTESIAN_POINT ( 'NONE',  ( -2.475627909396532100, -2.710602993489875878, -0.6196170138357739443 ) ) ;
#6 = VERTEX_POINT ( 'NONE', #119 ) ;
#7 = SURFACE_STYLE_USAGE ( .BOTH. , #21 ) ;
#8 = DIRECTION ( 'NONE',  ( -1.000000000000000000, 0.000000000000000000, 0.000000000000000000 ) ) ;
#9 = CARTESIAN_POINT ( 'NONE',  ( -2.295000000000000373, -7.043970125629120282, -1.000000000000000000 ) ) ;
#10 = SURFACE_STYLE_USAGE ( .BOTH. , #1246 ) ;
#11 =( GEOMETRIC_REPRESENTATION_CONTEXT ( 3 ) GLOBAL_UNCERTAINTY_ASSIGNED_CONTEXT ( ( #787 ) ) GLOBAL_UNIT_ASSIGNED_CONTEXT ( ( #1885, #280, #1355 ) ) REPRESENTATION_CONTEXT ( 'NONE', 'WORKASPACE' ) );
#12 = COLOUR_RGB ( '',1.000000000000000000, 1.000000000000000000, 1.000000000000000000 ) ;
#13 = SURFACE_SIDE_STYLE ('',( #2200 ) ) ;
#14 = SURFACE_STYLE_FILL_AREA ( #1616 ) ;
#15 = SURFACE_STYLE_FILL_AREA ( #561 ) ;
#16 = AXIS2_PLACEMENT_3D ( 'NONE', #1721, #1687, #2064 ) ;
#17 = DIRECTION ( 'NONE',  ( 0.000000000000000000, 0.000000000000000000, 1.000000000000000000 ) ) ;
#18 = EDGE_CURVE ( 'NONE', #1118, #2039, #47, .T. ) ;
#19 = SURFACE_STYLE_FILL_AREA ( #1971 ) ;
#20 = VERTEX_POINT ( 'NONE', #1758 ) ;
#21 = SURFACE_SIDE_STYLE ('',( #1855 ) ) ;
#22 = COLOUR_RGB ( '',1.000000000000000000, 1.000000000000000000, 1.000000000000000000 ) ;
#23 = CARTESIAN_POINT ( 'NONE',  ( 2.344999999999999751, -9.299999999999998934, 1.000000000000000000 ) ) ;
#24 = CARTESIAN_POINT ( 'NONE',  ( -2.344999999999999751, -16.60000000000000142, -1.000000000000000000 ) ) ;
#25 = AXIS2_PLACEMENT_3D ( 'NONE', #598, #930, #1649 ) ;
#26 = LINE ( 'NONE', #568, #198 ) ;
#27 = ORIENTED_EDGE ( 'NONE', *, *, #1982, .F. ) ;
#28 = ADVANCED_FACE ( 'NONE', ( #1539 ), #277, .T. ) ;
#29 = CARTESIAN_POINT ( 'NONE',  ( 2.616825905948116482, -4.500000000000000888, 0.7447438418022888085 ) ) ;
#30 =( GEOMETRIC_REPRESENTATION_CONTEXT ( 3 ) GLOBAL_UNCERTAINTY_ASSIGNED_CONTEXT ( ( #1940 ) ) GLOBAL_UNIT_ASSIGNED_CONTEXT ( ( #849, #1966, #668 ) ) REPRESENTATION_CONTEXT ( 'NONE', 'WORKASPACE' ) );
#31 = CIRCLE ( 'NONE', #1170, 3.449999999999999734 ) ;
#32 = FACE_OUTER_BOUND ( 'NONE', #473, .T. ) ;
#33 = CARTESIAN_POINT ( 'NONE',  ( -2.715622285368184397, -1.008782789396529767, -0.7499999999999998890 ) ) ;
#34 = MECHANICAL_DESIGN_GEOMETRIC_PRESENTATION_REPRESENTATION (  '', ( #1775 ), #1929 ) ;
#35 = EDGE_LOOP ( 'NONE', ( #258, #111, #2075, #2236, #2044 ) ) ;
#36 = CARTESIAN_POINT ( 'NONE',  ( 2.550000000000000266, -1.267439118436029855, 1.000000000000000000 ) ) ;
#37 = UNCERTAINTY_MEASURE_WITH_UNIT (LENGTH_MEASURE( 1.000000000000000082E-05 ), #469, 'distance_accuracy_value', 'NONE');
#38 = TOROIDAL_SURFACE ( 'NONE', #1261, 3.449999999999999734, 0.2500000000000000000 ) ;
#39 = ORIENTED_EDGE ( 'NONE', *, *, #1993, .F. ) ;
#40 = CARTESIAN_POINT ( 'NONE',  ( -2.357659277414053456, -2.757509576412112029, -0.6755965187404915362 ) ) ;
#41 = AXIS2_PLACEMENT_3D ( 'NONE', #1877, #850, #1890 ) ;
#42 = UNCERTAINTY_MEASURE_WITH_UNIT (LENGTH_MEASURE( 1.000000000000000082E-05 ), #404, 'distance_accuracy_value', 'NONE');
#43 = VERTEX_POINT ( 'NONE', #1068 ) ;
#44 = UNCERTAINTY_MEASURE_WITH_UNIT (LENGTH_MEASURE( 1.000000000000000082E-05 ), #1703, 'distance_accuracy_value', 'NONE');
#45 = CARTESIAN_POINT ( 'NONE',  ( 2.777746411656065728, -4.500000000000001776, 0.8667596908536021605 ) ) ;
#46 = VERTEX_POINT ( 'NONE', #1792 ) ;
#47 = B_SPLINE_CURVE_WITH_KNOTS ( 'NONE', 3,
 ( #1552, #1585, #1564, #2270, #1200, #2305, #2073, #674, #1926, #855, #1574, #1011, #2111, #2093, #1893, #1732, #463, #1916, #2293 ),
 .UNSPECIFIED., .F., .F.,
 ( 4, 1, 1, 2, 2, 1, 2, 2, 2, 2, 4 ),
 ( 0.000000000000000000, 0.1249999999999990008, 0.1874999999999985290, 0.2187499999999983347, 0.2499999999999981126, 0.3750000000000018874, 0.4375000000000027756, 0.5000000000000036637, 0.7500000000000013323, 0.8750000000000006661, 1.000000000000000000 ),
 .UNSPECIFIED. ) ;
#48 = CARTESIAN_POINT ( 'NONE',  ( -2.784030597245886085, -1.025717792648975557, -0.7500000000000001110 ) ) ;
#49 = SURFACE_STYLE_USAGE ( .BOTH. , #227 ) ;
#50 = ADVANCED_FACE ( 'NONE', ( #330 ), #81, .T. ) ;
#51 = VERTEX_POINT ( 'NONE', #537 ) ;
#52 = SURFACE_SIDE_STYLE ('',( #776 ) ) ;
#53 = DIRECTION ( 'NONE',  ( 1.000000000000000000, 0.000000000000000000, 0.000000000000000000 ) ) ;
#54 =( LENGTH_UNIT ( ) NAMED_UNIT ( * ) SI_UNIT ( .MILLI., .METRE. ) );
#55 = MECHANICAL_DESIGN_GEOMETRIC_PRESENTATION_REPRESENTATION (  '', ( #1641 ), #2319 ) ;
#56 = COLOUR_RGB ( '',1.000000000000000000, 1.000000000000000000, 0.000000000000000000 ) ;
#57 = PRESENTATION_STYLE_ASSIGNMENT (( #1504 ) ) ;
#58 = ORIENTED_EDGE ( 'NONE', *, *, #310, .F. ) ;
#59 = CARTESIAN_POINT ( 'NONE',  ( -2.550000000000000266, -1.000000000000000000, -1.000000000000000000 ) ) ;
#60 = MECHANICAL_DESIGN_GEOMETRIC_PRESENTATION_REPRESENTATION (  '', ( #2024 ), #1813 ) ;
#61 = CARTESIAN_POINT ( 'NONE',  ( 2.304793425860923950, -2.744814178199181054, 0.7118341948123210194 ) ) ;
#62 = DIRECTION ( 'NONE',  ( 0.000000000000000000, 1.000000000000000000, 0.000000000000000000 ) ) ;
#63 = COLOUR_RGB ( '',1.000000000000000000, 1.000000000000000000, 1.000000000000000000 ) ;
#64 = TOROIDAL_SURFACE ( 'NONE', #1393, 0.3000000000000034861, 0.2550000000000000044 ) ;
#65 = VERTEX_POINT ( 'NONE', #958 ) ;
#66 = DIRECTION ( 'NONE',  ( 0.000000000000000000, 1.000000000000000000, 0.000000000000000000 ) ) ;
#67 = PRESENTATION_STYLE_ASSIGNMENT (( #1663 ) ) ;
#68 =( NAMED_UNIT ( * ) SI_UNIT ( $, .STERADIAN. ) SOLID_ANGLE_UNIT ( ) );
#69 = DIRECTION ( 'NONE',  ( 1.000000000000000000, 0.000000000000000000, 0.000000000000000000 ) ) ;
#70 = CARTESIAN_POINT ( 'NONE',  ( 2.600000000000000089, -16.60000000000000142, 1.000000000000000000 ) ) ;
#71 = ORIENTED_EDGE ( 'NONE', *, *, #1568, .T. ) ;
#72 = CARTESIAN_POINT ( 'NONE',  ( -2.929321393420510233, -1.654970912964504937, -0.7500000000000000000 ) ) ;
#73 = VERTEX_POINT ( 'NONE', #1059 ) ;
#74 = CARTESIAN_POINT ( 'NONE',  ( -2.961276754301704894, -1.267439118436029855, -0.7500000000000000000 ) ) ;
#75 = VECTOR ( 'NONE', #2288, 1000.000000000000000 ) ;
#76 = DIRECTION ( 'NONE',  ( 1.000000000000000000, 3.900237235043115343E-15, 0.000000000000000000 ) ) ;
#77 = AXIS2_PLACEMENT_3D ( 'NONE', #1835, #936, #764 ) ;
#78 = ORIENTED_EDGE ( 'NONE', *, *, #1322, .F. ) ;
#79 = CARTESIAN_POINT ( 'NONE',  ( 2.027613082046579862, -7.343970125629120993, 1.000000000000000000 ) ) ;
#80 = FILL_AREA_STYLE_COLOUR ( '', #1537 ) ;
#81 = TOROIDAL_SURFACE ( 'NONE', #274, 0.3000000000000034861, 0.2550000000000000044 ) ;
#82 =( NAMED_UNIT ( * ) PLANE_ANGLE_UNIT ( ) SI_UNIT ( $, .RADIAN. ) );
#83 = SURFACE_STYLE_FILL_AREA ( #1708 ) ;
#84 =( NAMED_UNIT ( * ) SI_UNIT ( $, .STERADIAN. ) SOLID_ANGLE_UNIT ( ) );
#85 = VERTEX_POINT ( 'NONE', #521 ) ;
#86 =( LENGTH_UNIT ( ) NAMED_UNIT ( * ) SI_UNIT ( .MILLI., .METRE. ) );
#87 = VECTOR ( 'NONE', #1030, 1000.000000000000114 ) ;
#88 = CARTESIAN_POINT ( 'NONE',  ( 2.276029052286355991, -2.704218687780964192, 0.7354485803549661860 ) ) ;
#89 = ORIENTED_EDGE ( 'NONE', *, *, #2129, .T. ) ;
#90 = DIRECTION ( 'NONE',  ( 0.000000000000000000, 0.000000000000000000, -1.000000000000000000 ) ) ;
#91 = CARTESIAN_POINT ( 'NONE',  ( -2.027613082046584747, -7.088970125629121100, -1.000000000000000000 ) ) ;
#92 = FILL_AREA_STYLE ('',( #2033 ) ) ;
#93 = DIRECTION ( 'NONE',  ( 0.000000000000000000, -1.000000000000000000, 0.000000000000000000 ) ) ;
#94 = DIRECTION ( 'NONE',  ( 3.401418580346680523E-15, -1.000000000000000000, 0.000000000000000000 ) ) ;
#95 = ORIENTED_EDGE ( 'NONE', *, *, #421, .F. ) ;
#96 = DIRECTION ( 'NONE',  ( -3.401418580346680523E-15, 1.000000000000000000, 0.000000000000000000 ) ) ;
#97 = MECHANICAL_DESIGN_GEOMETRIC_PRESENTATION_REPRESENTATION (  '', ( #1386 ), #578 ) ;
#98 = VERTEX_POINT ( 'NONE', #360 ) ;
#99 = EDGE_CURVE ( 'NONE', #1665, #2205, #342, .T. ) ;
#100 = CIRCLE ( 'NONE', #1422, 0.2550000000000000044 ) ;
#101 = ORIENTED_EDGE ( 'NONE', *, *, #301, .F. ) ;
#102 = DIRECTION ( 'NONE',  ( 0.000000000000000000, -1.000000000000000000, 0.000000000000000000 ) ) ;
#103 = CARTESIAN_POINT ( 'NONE',  ( 2.250000000000000000, -7.343970125629120993, 1.000000000000000000 ) ) ;
#104 = FACE_OUTER_BOUND ( 'NONE', #1416, .T. ) ;
#105 = PRESENTATION_LAYER_ASSIGNMENT (  '', '', ( #2330 ) ) ;
#106 = SURFACE_STYLE_FILL_AREA ( #307 ) ;
#107 = ORIENTED_EDGE ( 'NONE', *, *, #935, .F. ) ;
#108 = DIRECTION ( 'NONE',  ( 1.000000000000000000, 3.401418580346680129E-15, 0.000000000000000000 ) ) ;
#109 = CARTESIAN_POINT ( 'NONE',  ( -2.912870932250614775, -1.848697631320344925, -0.7500000000000000000 ) ) ;
#110 = ADVANCED_FACE ( 'NONE', ( #1991 ), #1027, .T. ) ;
#111 = ORIENTED_EDGE ( 'NONE', *, *, #754, .T. ) ;
#112 =( GEOMETRIC_REPRESENTATION_CONTEXT ( 3 ) GLOBAL_UNCERTAINTY_ASSIGNED_CONTEXT ( ( #1224 ) ) GLOBAL_UNIT_ASSIGNED_CONTEXT ( ( #1273, #197, #2133 ) ) REPRESENTATION_CONTEXT ( 'NONE', 'WORKASPACE' ) );
#113 = DIRECTION ( 'NONE',  ( 0.000000000000000000, 0.000000000000000000, 1.000000000000000000 ) ) ;
#114 = VECTOR ( 'NONE', #1196, 1000.000000000000000 ) ;
#115 = EDGE_CURVE ( 'NONE', #2141, #407, #155, .T. ) ;
#116 = AXIS2_PLACEMENT_3D ( 'NONE', #391, #588, #619 ) ;
#117 = DIRECTION ( 'NONE',  ( 1.000000000000000000, 0.000000000000000000, 0.000000000000000000 ) ) ;
#118 = CARTESIAN_POINT ( 'NONE',  ( 2.295000000000000373, -4.500000000000000000, 1.000000000000000000 ) ) ;
#119 = CARTESIAN_POINT ( 'NONE',  ( 2.027613082046579862, -7.088970125629121100, 1.000000000000000000 ) ) ;
#120 = DIRECTION ( 'NONE',  ( 1.000000000000000000, 0.000000000000000000, 0.000000000000000000 ) ) ;
#121 = AXIS2_PLACEMENT_3D ( 'NONE', #827, #90, #478 ) ;
#122 = ORIENTED_EDGE ( 'NONE', *, *, #2245, .T. ) ;
#123 = DIRECTION ( 'NONE',  ( 0.000000000000000000, 0.000000000000000000, 1.000000000000000000 ) ) ;
#124 = FILL_AREA_STYLE_COLOUR ( '', #761 ) ;
#125 = EDGE_CURVE ( 'NONE', #415, #2287, #1892, .T. ) ;
#126 = FACE_OUTER_BOUND ( 'NONE', #193, .T. ) ;
#127 = DIRECTION ( 'NONE',  ( 0.000000000000000000, -1.000000000000000000, 0.000000000000000000 ) ) ;
#128 = ORIENTED_EDGE ( 'NONE', *, *, #2051, .T. ) ;
#129 = DIRECTION ( 'NONE',  ( 1.000000000000000000, 0.000000000000000000, 0.000000000000000000 ) ) ;
#130 = MECHANICAL_DESIGN_GEOMETRIC_PRESENTATION_REPRESENTATION (  '', ( #853 ), #11 ) ;
#131 = MECHANICAL_DESIGN_GEOMETRIC_PRESENTATION_REPRESENTATION (  '', ( #2317 ), #925 ) ;
#132 = ORIENTED_EDGE ( 'NONE', *, *, #2308, .F. ) ;
#133 = EDGE_CURVE ( 'NONE', #597, #1244, #31, .T. ) ;
#134 =( GEOMETRIC_REPRESENTATION_CONTEXT ( 3 ) GLOBAL_UNCERTAINTY_ASSIGNED_CONTEXT ( ( #591 ) ) GLOBAL_UNIT_ASSIGNED_CONTEXT ( ( #781, #1339, #450 ) ) REPRESENTATION_CONTEXT ( 'NONE', 'WORKASPACE' ) );
#135 = PRESENTATION_LAYER_ASSIGNMENT (  '', '', ( #1511 ) ) ;
#136 = LINE ( 'NONE', #118, #509 ) ;
#137 = SURFACE_SIDE_STYLE ('',( #1939 ) ) ;
#138 =( NAMED_UNIT ( * ) SI_UNIT ( $, .STERADIAN. ) SOLID_ANGLE_UNIT ( ) );
#139 = COLOUR_RGB ( '',1.000000000000000000, 1.000000000000000000, 0.000000000000000000 ) ;
#140 = MECHANICAL_DESIGN_GEOMETRIC_PRESENTATION_REPRESENTATION (  '', ( #257 ), #2105 ) ;
#141 = UNCERTAINTY_MEASURE_WITH_UNIT (LENGTH_MEASURE( 1.000000000000000082E-05 ), #1974, 'distance_accuracy_value', 'NONE');
#142 = DIRECTION ( 'NONE',  ( 0.000000000000000000, 0.000000000000000000, 1.000000000000000000 ) ) ;
#143 = ORIENTED_EDGE ( 'NONE', *, *, #638, .T. ) ;
#144 = CYLINDRICAL_SURFACE ( 'NONE', #1553, 0.2550000000000000044 ) ;
#145 = LINE ( 'NONE', #326, #2054 ) ;
#146 =( LENGTH_UNIT ( ) NAMED_UNIT ( * ) SI_UNIT ( .MILLI., .METRE. ) );
#147 = COLOUR_RGB ( '',1.000000000000000000, 1.000000000000000000, 0.000000000000000000 ) ;
#148 = SURFACE_SIDE_STYLE ('',( #1769 ) ) ;
#149 = AXIS2_PLACEMENT_3D ( 'NONE', #1232, #1801, #177 ) ;
#150 = ORIENTED_EDGE ( 'NONE', *, *, #846, .F. ) ;
#151 = ORIENTED_EDGE ( 'NONE', *, *, #1544, .F. ) ;
#152 = SURFACE_STYLE_FILL_AREA ( #2120 ) ;
#153 = AXIS2_PLACEMENT_3D ( 'NONE', #649, #102, #1747 ) ;
#154 =( NAMED_UNIT ( * ) PLANE_ANGLE_UNIT ( ) SI_UNIT ( $, .RADIAN. ) );
#155 = LINE ( 'NONE', #2210, #426 ) ;
#156 = DIRECTION ( 'NONE',  ( -1.000000000000000000, 0.000000000000000000, 0.000000000000000000 ) ) ;
#157 = CARTESIAN_POINT ( 'NONE',  ( -2.299999999999999822, -8.744999999999999218, -1.000000000000000000 ) ) ;
#158 = ORIENTED_EDGE ( 'NONE', *, *, #1970, .F. ) ;
#159 = PRESENTATION_LAYER_ASSIGNMENT (  '', '', ( #1566 ) ) ;
#160 = EDGE_CURVE ( 'NONE', #1773, #597, #1239, .T. ) ;
#161 = CIRCLE ( 'NONE', #1252, 0.4812988350587849573 ) ;
#162 = MECHANICAL_DESIGN_GEOMETRIC_PRESENTATION_REPRESENTATION (  '', ( #774 ), #1071 ) ;
#163 = ORIENTED_EDGE ( 'NONE', *, *, #1568, .F. ) ;
#164 = DIRECTION ( 'NONE',  ( 0.000000000000000000, 1.000000000000000000, 0.000000000000000000 ) ) ;
#165 = DIRECTION ( 'NONE',  ( 0.000000000000000000, -1.000000000000000000, 0.000000000000000000 ) ) ;
#166 = SURFACE_SIDE_STYLE ('',( #1968 ) ) ;
#167 = CARTESIAN_POINT ( 'NONE',  ( 2.550000000000000266, -1.250000000000000000, 1.000000000000000000 ) ) ;
#168 = PRESENTATION_LAYER_ASSIGNMENT (  '', '', ( #2024 ) ) ;
#169 = COLOUR_RGB ( '',1.000000000000000000, 1.000000000000000000, 1.000000000000000000 ) ;
#170 = DIRECTION ( 'NONE',  ( 0.000000000000000000, 0.000000000000000000, 1.000000000000000000 ) ) ;
#171 = EDGE_LOOP ( 'NONE', ( #832, #826, #525, #172, #1424 ) ) ;
#172 = ORIENTED_EDGE ( 'NONE', *, *, #988, .F. ) ;
#173 = CARTESIAN_POINT ( 'NONE',  ( 2.253978461252793775, -1.054269985410394517, 0.7500000000000000000 ) ) ;
#174 = DIRECTION ( 'NONE',  ( -1.000000000000000000, 0.000000000000000000, 0.000000000000000000 ) ) ;
#175 = FACE_OUTER_BOUND ( 'NONE', #1965, .T. ) ;
#176 = DIRECTION ( 'NONE',  ( 1.000000000000000000, 0.000000000000000000, 0.000000000000000000 ) ) ;
#177 = DIRECTION ( 'NONE',  ( -1.000000000000000000, 0.000000000000000000, 0.000000000000000000 ) ) ;
#178 = SURFACE_SIDE_STYLE ('',( #1080 ) ) ;
#179 = COLOUR_RGB ( '',1.000000000000000000, 1.000000000000000000, 0.000000000000000000 ) ;
#180 = SURFACE_SIDE_STYLE ('',( #722 ) ) ;
#181 = AXIS2_PLACEMENT_3D ( 'NONE', #1841, #1105, #1817 ) ;
#182 = CARTESIAN_POINT ( 'NONE',  ( -2.183766658267680238, -1.114685958367485297, -0.7500000000000002220 ) ) ;
#183 = CARTESIAN_POINT ( 'NONE',  ( 2.365059564116982926, -1.012545771798379901, 0.7500000000000001110 ) ) ;
#184 = DIRECTION ( 'NONE',  ( 1.224646799147350002E-16, 1.000000000000000000, 0.000000000000000000 ) ) ;
#185 = FILL_AREA_STYLE_COLOUR ( '', #1368 ) ;
#186 = EDGE_CURVE ( 'NONE', #986, #1784, #1325, .T. ) ;
#187 = CARTESIAN_POINT ( 'NONE',  ( 2.550000000000140155, -2.642262343684085302, 0.6148381700687060025 ) ) ;
#188 = B_SPLINE_CURVE_WITH_KNOTS ( 'NONE', 3,
 ( #1321, #1525, #976, #763, #262, #2048 ),
 .UNSPECIFIED., .F., .F.,
 ( 4, 2, 4 ),
 ( 0.000000000000000000, 0.5000000000000000000, 1.000000000000000000 ),
 .UNSPECIFIED. ) ;
#189 = DIRECTION ( 'NONE',  ( -1.000000000000000000, 0.000000000000000000, 0.000000000000000000 ) ) ;
#190 =( LENGTH_UNIT ( ) NAMED_UNIT ( * ) SI_UNIT ( .MILLI., .METRE. ) );
#191 = AXIS2_PLACEMENT_3D ( 'NONE', #1426, #1580, #2142 ) ;
#192 = FILL_AREA_STYLE ('',( #707 ) ) ;
#193 = EDGE_LOOP ( 'NONE', ( #367, #1001, #2176, #2344 ) ) ;
#194 = CARTESIAN_POINT ( 'NONE',  ( -2.150612337754022718, -1.176514258156077464, -0.7500000000000001110 ) ) ;
#195 = DIRECTION ( 'NONE',  ( 0.000000000000000000, -1.000000000000000000, 0.000000000000000000 ) ) ;
#196 = CARTESIAN_POINT ( 'NONE',  ( 2.550000000000000266, -1.000000000000000000, 1.000000000000000000 ) ) ;
#197 =( NAMED_UNIT ( * ) PLANE_ANGLE_UNIT ( ) SI_UNIT ( $, .RADIAN. ) );
#198 = VECTOR ( 'NONE', #389, 1000.000000000000000 ) ;
#199 =( LENGTH_UNIT ( ) NAMED_UNIT ( * ) SI_UNIT ( .MILLI., .METRE. ) );
#200 = CARTESIAN_POINT ( 'NONE',  ( 2.299999999999999822, -8.744999999999999218, 1.000000000000000000 ) ) ;
#201 = AXIS2_PLACEMENT_3D ( 'NONE', #1365, #1512, #249 ) ;
#202 = VERTEX_POINT ( 'NONE', #1160 ) ;
#203 = EDGE_CURVE ( 'NONE', #2275, #320, #627, .T. ) ;
#204 = CARTESIAN_POINT ( 'NONE',  ( -2.254197260835980376, -2.611722555946469626, -0.7500000000000000000 ) ) ;
#205 = SURFACE_STYLE_USAGE ( .BOTH. , #449 ) ;
#206 = CARTESIAN_POINT ( 'NONE',  ( -2.256239947168758864, -2.634033378741161613, -0.7500000000000011102 ) ) ;
#207 = MECHANICAL_DESIGN_GEOMETRIC_PRESENTATION_REPRESENTATION (  '', ( #1511 ), #895 ) ;
#208 = CIRCLE ( 'NONE', #1917, 0.2550000000000000044 ) ;
#209 = CARTESIAN_POINT ( 'NONE',  ( -2.027613082046579862, -9.000000000000000000, -0.7449999999999999956 ) ) ;
#210 = MECHANICAL_DESIGN_GEOMETRIC_PRESENTATION_REPRESENTATION (  '', ( #2330 ), #457 ) ;
#211 = LINE ( 'NONE', #940, #530 ) ;
#212 = CARTESIAN_POINT ( 'NONE',  ( 2.414367417732665277, -2.748613389553986597, 0.6432523986233175117 ) ) ;
#213 = CARTESIAN_POINT ( 'NONE',  ( 2.294871920901139895, -4.500000000000000000, 1.000000000000000000 ) ) ;
#214 = LINE ( 'NONE', #1675, #2328 ) ;
#215 = CIRCLE ( 'NONE', #900, 0.2550000000000000044 ) ;
#216 = CARTESIAN_POINT ( 'NONE',  ( -2.550000000000000266, -7.043970125629120282, -1.000000000000000000 ) ) ;
#217 = DIRECTION ( 'NONE',  ( 1.000000000000000000, 0.000000000000000000, 0.000000000000000000 ) ) ;
#218 = CARTESIAN_POINT ( 'NONE',  ( -2.304793425860723222, -2.744814178198106802, -0.7118341948123941831 ) ) ;
#219 = VERTEX_POINT ( 'NONE', #1507 ) ;
#220 = EDGE_CURVE ( 'NONE', #998, #20, #2157, .T. ) ;
#221 = VERTEX_POINT ( 'NONE', #1296 ) ;
#222 = DIRECTION ( 'NONE',  ( 0.000000000000000000, 0.000000000000000000, -1.000000000000000000 ) ) ;
#223 =( GEOMETRIC_REPRESENTATION_CONTEXT ( 3 ) GLOBAL_UNCERTAINTY_ASSIGNED_CONTEXT ( ( #333 ) ) GLOBAL_UNIT_ASSIGNED_CONTEXT ( ( #1014, #255, #2263 ) ) REPRESENTATION_CONTEXT ( 'NONE', 'WORKASPACE' ) );
#224 =( GEOMETRIC_REPRESENTATION_CONTEXT ( 3 ) GLOBAL_UNCERTAINTY_ASSIGNED_CONTEXT ( ( #944 ) ) GLOBAL_UNIT_ASSIGNED_CONTEXT ( ( #1696, #2247, #634 ) ) REPRESENTATION_CONTEXT ( 'NONE', 'WORKASPACE' ) );
#225 = EDGE_LOOP ( 'NONE', ( #844, #451, #2242, #1425, #150 ) ) ;
#226 = CARTESIAN_POINT ( 'NONE',  ( 2.486745384888683574, -1.000655513168715816, 0.7500000000000000000 ) ) ;
#227 = SURFACE_SIDE_STYLE ('',( #1843 ) ) ;
#228 = ORIENTED_EDGE ( 'NONE', *, *, #780, .F. ) ;
#229 =( NAMED_UNIT ( * ) SI_UNIT ( $, .STERADIAN. ) SOLID_ANGLE_UNIT ( ) );
#230 = UNCERTAINTY_MEASURE_WITH_UNIT (LENGTH_MEASURE( 1.000000000000000082E-05 ), #260, 'distance_accuracy_value', 'NONE');
#231 = CIRCLE ( 'NONE', #1440, 0.2550000000000000044 ) ;
#232 = CARTESIAN_POINT ( 'NONE',  ( -2.743238294080240891, -2.416280961564356122, -0.6457390435675118834 ) ) ;
#233 = FILL_AREA_STYLE ('',( #1851 ) ) ;
#234 = UNCERTAINTY_MEASURE_WITH_UNIT (LENGTH_MEASURE( 1.000000000000000082E-05 ), #343, 'distance_accuracy_value', 'NONE');
#235 = ORIENTED_EDGE ( 'NONE', *, *, #984, .T. ) ;
#236 = ORIENTED_EDGE ( 'NONE', *, *, #301, .T. ) ;
#237 = UNCERTAINTY_MEASURE_WITH_UNIT (LENGTH_MEASURE( 1.000000000000000082E-05 ), #1240, 'distance_accuracy_value', 'NONE');
#238 = FILL_AREA_STYLE ('',( #1382 ) ) ;
#239 = ADVANCED_FACE ( 'NONE', ( #1679 ), #2060, .T. ) ;
#240 = DIRECTION ( 'NONE',  ( 1.000000000000000000, 1.876052785843699928E-16, 0.000000000000000000 ) ) ;
#241 = CARTESIAN_POINT ( 'NONE',  ( -2.616825905948124920, -4.500000000000000888, -1.255256158197711081 ) ) ;
#242 = VERTEX_POINT ( 'NONE', #963 ) ;
#243 = FILL_AREA_STYLE ('',( #1662 ) ) ;
#244 = AXIS2_PLACEMENT_3D ( 'NONE', #1090, #2174, #1462 ) ;
#245 = STYLED_ITEM ( 'NONE', ( #909 ), #1834 ) ;
#246 = B_SPLINE_CURVE_WITH_KNOTS ( 'NONE', 3,
 ( #1053, #1962, #2282, #2115 ),
 .UNSPECIFIED., .F., .F.,
 ( 4, 4 ),
 ( 0.006408758564856519707, 0.006996946633914549740 ),
 .UNSPECIFIED. ) ;
#247 = CIRCLE ( 'NONE', #541, 3.700000000000000178 ) ;
#248 = PRESENTATION_LAYER_ASSIGNMENT (  '', '', ( #774 ) ) ;
#249 = DIRECTION ( 'NONE',  ( 0.000000000000000000, 0.000000000000000000, 1.000000000000000000 ) ) ;
#250 = DIRECTION ( 'NONE',  ( 0.000000000000000000, 1.000000000000000000, 0.000000000000000000 ) ) ;
#251 = EDGE_CURVE ( 'NONE', #85, #1114, #994, .T. ) ;
#252 = ORIENTED_EDGE ( 'NONE', *, *, #443, .T. ) ;
#253 = PRESENTATION_STYLE_ASSIGNMENT (( #995 ) ) ;
#254 = ORIENTED_EDGE ( 'NONE', *, *, #2127, .T. ) ;
#255 =( NAMED_UNIT ( * ) PLANE_ANGLE_UNIT ( ) SI_UNIT ( $, .RADIAN. ) );
#256 = VECTOR ( 'NONE', #977, 1000.000000000000000 ) ;
#257 = STYLED_ITEM ( 'NONE', ( #830 ), #481 ) ;
#258 = ORIENTED_EDGE ( 'NONE', *, *, #490, .F. ) ;
#259 = SURFACE_STYLE_USAGE ( .BOTH. , #1900 ) ;
#260 =( LENGTH_UNIT ( ) NAMED_UNIT ( * ) SI_UNIT ( .MILLI., .METRE. ) );
#261 = CIRCLE ( 'NONE', #939, 0.2550000000000000044 ) ;
#262 = CARTESIAN_POINT ( 'NONE',  ( 2.805256158197722449, -4.500000000000000888, 1.066825905948090014 ) ) ;
#263 = SURFACE_STYLE_USAGE ( .BOTH. , #779 ) ;
#264 = SURFACE_SIDE_STYLE ('',( #620 ) ) ;
#265 = ORIENTED_EDGE ( 'NONE', *, *, #456, .T. ) ;
#266 = DIRECTION ( 'NONE',  ( 1.000000000000000000, 0.000000000000000000, 0.000000000000000000 ) ) ;
#267 = APPLICATION_PROTOCOL_DEFINITION ( 'draft international standard', 'automotive_design', 1998, #1295 ) ;
#268 = CARTESIAN_POINT ( 'NONE',  ( 2.344807372586342531, -2.757713609812317834, 0.6835904555575890162 ) ) ;
#269 = MECHANICAL_DESIGN_GEOMETRIC_PRESENTATION_REPRESENTATION (  '', ( #2112 ), #1025 ) ;
#270 = MECHANICAL_DESIGN_GEOMETRIC_PRESENTATION_REPRESENTATION (  '', ( #608 ), #1623 ) ;
#271 = EDGE_LOOP ( 'NONE', ( #732, #1527, #2107, #581, #1868 ) ) ;
#272 =( NAMED_UNIT ( * ) SI_UNIT ( $, .STERADIAN. ) SOLID_ANGLE_UNIT ( ) );
#273 = CARTESIAN_POINT ( 'NONE',  ( 2.912870932250859912, -1.848697631320494805, 0.7500000000000000000 ) ) ;
#274 = AXIS2_PLACEMENT_3D ( 'NONE', #897, #1263, #1617 ) ;
#275 = ADVANCED_FACE ( 'NONE', ( #572 ), #1320, .T. ) ;
#276 = CARTESIAN_POINT ( 'NONE',  ( -2.250000000000000000, -7.343970125629120993, -1.000000000000000000 ) ) ;
#277 = PLANE ( 'NONE',  #912 ) ;
#278 = CARTESIAN_POINT ( 'NONE',  ( 3.449999999999999734, 0.000000000000000000, -0.5000000000000000000 ) ) ;
#279 = ORIENTED_EDGE ( 'NONE', *, *, #1381, .F. ) ;
#280 =( NAMED_UNIT ( * ) PLANE_ANGLE_UNIT ( ) SI_UNIT ( $, .RADIAN. ) );
#281 = CIRCLE ( 'NONE', #1333, 0.2500000000000000000 ) ;
#282 = ORIENTED_EDGE ( 'NONE', *, *, #1618, .T. ) ;
#283 = CYLINDRICAL_SURFACE ( 'NONE', #841, 3.700000000000000178 ) ;
#284 = DIRECTION ( 'NONE',  ( 0.000000000000000000, 1.000000000000000000, 0.000000000000000000 ) ) ;
#285 = AXIS2_PLACEMENT_3D ( 'NONE', #167, #2146, #1087 ) ;
#286 = ORIENTED_EDGE ( 'NONE', *, *, #1132, .F. ) ;
#287 = CARTESIAN_POINT ( 'NONE',  ( 2.854999999999999982, -9.299999999999998934, 1.000000000000000000 ) ) ;
#288 = CIRCLE ( 'NONE', #544, 0.2550000000000000044 ) ;
#289 = PRESENTATION_STYLE_ASSIGNMENT (( #1897 ) ) ;
#290 = DIRECTION ( 'NONE',  ( -1.876052785843699928E-16, 1.000000000000000000, 0.000000000000000000 ) ) ;
#291 = EDGE_CURVE ( 'NONE', #407, #848, #1088, .T. ) ;
#292 = ORIENTED_EDGE ( 'NONE', *, *, #1154, .T. ) ;
#293 = DIRECTION ( 'NONE',  ( 0.000000000000000000, 0.000000000000000000, -1.000000000000000000 ) ) ;
#294 = STYLED_ITEM ( 'NONE', ( #1540 ), #1189 ) ;
#295 =( GEOMETRIC_REPRESENTATION_CONTEXT ( 3 ) GLOBAL_UNCERTAINTY_ASSIGNED_CONTEXT ( ( #2038 ) ) GLOBAL_UNIT_ASSIGNED_CONTEXT ( ( #1436, #1933, #1975 ) ) REPRESENTATION_CONTEXT ( 'NONE', 'WORKASPACE' ) );
#296 = CARTESIAN_POINT ( 'NONE',  ( 2.027613082046579862, -9.000000000000000000, 1.000000000000000000 ) ) ;
#297 = CARTESIAN_POINT ( 'NONE',  ( 2.550000000000000266, -1.000000000000000000, 1.231907822493830018 ) ) ;
#298 = VERTEX_POINT ( 'NONE', #1309 ) ;
#299 = DIRECTION ( 'NONE',  ( 1.000000000000000000, 0.000000000000000000, 0.000000000000000000 ) ) ;
#300 = CARTESIAN_POINT ( 'NONE',  ( 2.550000000000000266, -7.043970125629120282, 1.000000000000000000 ) ) ;
#301 = EDGE_CURVE ( 'NONE', #1016, #1665, #531, .T. ) ;
#302 = ORIENTED_EDGE ( 'NONE', *, *, #1272, .F. ) ;
#303 = LINE ( 'NONE', #2131, #75 ) ;
#304 = DIRECTION ( 'NONE',  ( 0.000000000000000000, 0.000000000000000000, 1.000000000000000000 ) ) ;
#305 = PRESENTATION_LAYER_ASSIGNMENT (  '', '', ( #608 ) ) ;
#306 = PRODUCT_DEFINITION_FORMATION_WITH_SPECIFIED_SOURCE ( 'ANY', '', #2284, .NOT_KNOWN. ) ;
#307 = FILL_AREA_STYLE ('',( #842 ) ) ;
#308 = ORIENTED_EDGE ( 'NONE', *, *, #780, .T. ) ;
#309 = CARTESIAN_POINT ( 'NONE',  ( -2.600000000000000089, -9.299999999999998934, -1.000000000000000000 ) ) ;
#310 = EDGE_CURVE ( 'NONE', #2021, #1046, #2152, .T. ) ;
#311 =( GEOMETRIC_REPRESENTATION_CONTEXT ( 3 ) GLOBAL_UNCERTAINTY_ASSIGNED_CONTEXT ( ( #37 ) ) GLOBAL_UNIT_ASSIGNED_CONTEXT ( ( #469, #2090, #272 ) ) REPRESENTATION_CONTEXT ( 'NONE', 'WORKASPACE' ) );
#312 = CIRCLE ( 'NONE', #41, 0.2319078224938294908 ) ;
#313 = PRODUCT_DEFINITION ( 'UNKNOWN', '', #306, #685 ) ;
#314 = ORIENTED_EDGE ( 'NONE', *, *, #1269, .T. ) ;
#315 = CARTESIAN_POINT ( 'NONE',  ( -2.600000000000000089, -9.299999999999998934, -1.000000000000000000 ) ) ;
#316 = DIRECTION ( 'NONE',  ( 0.000000000000000000, 0.000000000000000000, -1.000000000000000000 ) ) ;
#317 =( NAMED_UNIT ( * ) PLANE_ANGLE_UNIT ( ) SI_UNIT ( $, .RADIAN. ) );
#318 = FILL_AREA_STYLE_COLOUR ( '', #2158 ) ;
#319 = CARTESIAN_POINT ( 'NONE',  ( -2.294743841802299400, -4.500000000000000888, -1.066825905948156850 ) ) ;
#320 = VERTEX_POINT ( 'NONE', #1338 ) ;
#321 = CARTESIAN_POINT ( 'NONE',  ( 2.027613082046579862, -7.343970125629120993, 0.7449999999999999956 ) ) ;
#322 = COLOUR_RGB ( '',1.000000000000000000, 1.000000000000000000, 0.000000000000000000 ) ;
#323 = PRODUCT_DEFINITION_SHAPE ( 'NONE', 'NONE',  #313 ) ;
#324 = CIRCLE ( 'NONE', #16, 3.449999999999999734 ) ;
#325 = ORIENTED_EDGE ( 'NONE', *, *, #516, .F. ) ;
#326 = CARTESIAN_POINT ( 'NONE',  ( -2.854999999999999982, -9.299999999999998934, -1.000000000000000000 ) ) ;
#327 = AXIS2_PLACEMENT_3D ( 'NONE', #1960, #1023, #341 ) ;
#328 = PRESENTATION_STYLE_ASSIGNMENT (( #705 ) ) ;
#329 =( NAMED_UNIT ( * ) SI_UNIT ( $, .STERADIAN. ) SOLID_ANGLE_UNIT ( ) );
#330 = FACE_OUTER_BOUND ( 'NONE', #1992, .T. ) ;
#331 = FILL_AREA_STYLE_COLOUR ( '', #1188 ) ;
#332 = STYLED_ITEM ( 'NONE', ( #766 ), #1109 ) ;
#333 = UNCERTAINTY_MEASURE_WITH_UNIT (LENGTH_MEASURE( 1.000000000000000082E-05 ), #1014, 'distance_accuracy_value', 'NONE');
#334 = PRESENTATION_LAYER_ASSIGNMENT (  '', '', ( #1920 ) ) ;
#335 = ORIENTED_EDGE ( 'NONE', *, *, #580, .T. ) ;
#336 = CARTESIAN_POINT ( 'NONE',  ( 2.027613082046579862, -9.000000000000000000, 1.255000000000000115 ) ) ;
#337 = SURFACE_SIDE_STYLE ('',( #1959 ) ) ;
#338 =( NAMED_UNIT ( * ) PLANE_ANGLE_UNIT ( ) SI_UNIT ( $, .RADIAN. ) );
#339 = COLOUR_RGB ( '',1.000000000000000000, 1.000000000000000000, 1.000000000000000000 ) ;
#340 = ADVANCED_FACE ( 'NONE', ( #1487 ), #1928, .T. ) ;
#341 = DIRECTION ( 'NONE',  ( 1.000000000000000000, 0.000000000000000000, 0.000000000000000000 ) ) ;
#342 = CIRCLE ( 'NONE', #149, 0.04500000000000337064 ) ;
#343 =( LENGTH_UNIT ( ) NAMED_UNIT ( * ) SI_UNIT ( .MILLI., .METRE. ) );
#344 = B_SPLINE_CURVE_WITH_KNOTS ( 'NONE', 3,
 ( #1315, #1887, #2209, #957, #1495, #941, #427, #33, #997, #48, #758, #595, #967, #1689, #1531, #1357, #639, #2078, #813 ),
 .UNSPECIFIED., .F., .F.,
 ( 4, 1, 1, 2, 2, 1, 2, 2, 2, 2, 4 ),
 ( 0.000000000000000000, 0.1249999999999988343, 0.1874999999999982792, 0.2187499999999980294, 0.2499999999999977796, 0.3750000000000013878, 0.4375000000000021649, 0.5000000000000029976, 0.7500000000000003331, 0.8750000000000001110, 1.000000000000000000 ),
 .UNSPECIFIED. ) ;
#345 = ORIENTED_EDGE ( 'NONE', *, *, #952, .T. ) ;
#346 = SURFACE_STYLE_USAGE ( .BOTH. , #2300 ) ;
#347 = CARTESIAN_POINT ( 'NONE',  ( 2.550000000000000266, -1.267439118436029855, 1.481298835058786123 ) ) ;
#348 = CIRCLE ( 'NONE', #1285, 0.2550000000000000044 ) ;
#349 = DIRECTION ( 'NONE',  ( 1.000000000000000000, 0.000000000000000000, 0.000000000000000000 ) ) ;
#350 = CARTESIAN_POINT ( 'NONE',  ( 2.550000000000140155, -2.642262343684085302, 0.6148381700687060025 ) ) ;
#351 =( NAMED_UNIT ( * ) SI_UNIT ( $, .STERADIAN. ) SOLID_ANGLE_UNIT ( ) );
#352 = ADVANCED_FACE ( 'NONE', ( #692 ), #1459, .T. ) ;
#353 = ORIENTED_EDGE ( 'NONE', *, *, #2229, .F. ) ;
#354 = TOROIDAL_SURFACE ( 'NONE', #1724, 0.2999999999999999889, 0.2550000000000000044 ) ;
#355 = ORIENTED_EDGE ( 'NONE', *, *, #1640, .F. ) ;
#356 = DIRECTION ( 'NONE',  ( 0.000000000000000000, 0.000000000000000000, 1.000000000000000000 ) ) ;
#357 = ADVANCED_FACE ( 'NONE', ( #920 ), #1639, .T. ) ;
#358 = SURFACE_SIDE_STYLE ('',( #1766 ) ) ;
#359 = CARTESIAN_POINT ( 'NONE',  ( 2.780635589225346482, -2.350261117236765340, 0.6645671463928433109 ) ) ;
#360 = CARTESIAN_POINT ( 'NONE',  ( -2.294871920901139895, -4.500000000000000000, -1.000000000000039968 ) ) ;
#361 = CARTESIAN_POINT ( 'NONE',  ( -2.250000000000000000, -7.043970125629120282, -1.000000000000000000 ) ) ;
#362 = MANIFOLD_SOLID_BREP ( 'NONE', #1591 ) ;
#363 = B_SPLINE_CURVE_WITH_KNOTS ( 'NONE', 3,
 ( #1798, #413, #545, #384, #1074, #1083, #1116, #1094, #928, #173, #745, #1284, #1625, #2154, #183, #1825, #2007, #1256, #394, #371, #226, #2345 ),
 .UNSPECIFIED., .F., .F.,
 ( 4, 1, 2, 2, 1, 1, 2, 2, 1, 1, 1, 2, 2, 4 ),
 ( 0.000000000000000000, 0.1250000000000016376, 0.1875000000000021372, 0.2500000000000026645, 0.3750000000000034417, 0.4375000000000026090, 0.4687500000000031641, 0.5000000000000036637, 0.6250000000000116573, 0.6875000000000156541, 0.7187500000000175415, 0.7343750000000194289, 0.7500000000000213163, 1.000000000000000000 ),
 .UNSPECIFIED. ) ;
#364 =( GEOMETRIC_REPRESENTATION_CONTEXT ( 3 ) GLOBAL_UNCERTAINTY_ASSIGNED_CONTEXT ( ( #1326 ) ) GLOBAL_UNIT_ASSIGNED_CONTEXT ( ( #1152, #2074, #84 ) ) REPRESENTATION_CONTEXT ( 'NONE', 'WORKASPACE' ) );
#365 = CIRCLE ( 'NONE', #2128, 0.2550000000000000044 ) ;
#366 =( NAMED_UNIT ( * ) SI_UNIT ( $, .STERADIAN. ) SOLID_ANGLE_UNIT ( ) );
#367 = ORIENTED_EDGE ( 'NONE', *, *, #133, .F. ) ;
#368 = ORIENTED_EDGE ( 'NONE', *, *, #2308, .T. ) ;
#369 = CARTESIAN_POINT ( 'NONE',  ( -2.854999999999999982, -9.299999999999998934, -1.000000000000000000 ) ) ;
#370 = ADVANCED_FACE ( 'NONE', ( #748 ), #1013, .T. ) ;
#371 = CARTESIAN_POINT ( 'NONE',  ( 2.439894583432903108, -1.002407251315873937, 0.7500000000000001110 ) ) ;
#372 = DIRECTION ( 'NONE',  ( -1.000000000000000000, 0.000000000000000000, 0.000000000000000000 ) ) ;
#373 = EDGE_CURVE ( 'NONE', #1482, #221, #214, .T. ) ;
#374 = CARTESIAN_POINT ( 'NONE',  ( 2.854999999999999982, -9.299999999999998934, 1.000000000000000000 ) ) ;
#375 =( NAMED_UNIT ( * ) SI_UNIT ( $, .STERADIAN. ) SOLID_ANGLE_UNIT ( ) );
#376 = SURFACE_SIDE_STYLE ('',( #15 ) ) ;
#377 = FILL_AREA_STYLE_COLOUR ( '', #1803 ) ;
#378 =( NAMED_UNIT ( * ) SI_UNIT ( $, .STERADIAN. ) SOLID_ANGLE_UNIT ( ) );
#379 = CIRCLE ( 'NONE', #1963, 0.2550000000000000044 ) ;
#380 = FACE_OUTER_BOUND ( 'NONE', #1986, .T. ) ;
#381 = COLOUR_RGB ( '',1.000000000000000000, 1.000000000000000000, 1.000000000000000000 ) ;
#382 = COLOUR_RGB ( '',1.000000000000000000, 1.000000000000000000, 1.000000000000000000 ) ;
#383 = CARTESIAN_POINT ( 'NONE',  ( -2.344999999999999751, -9.299999999999998934, -1.000000000000000000 ) ) ;
#384 = CARTESIAN_POINT ( 'NONE',  ( 2.150612337754020498, -1.176514258156068360, 0.7500000000000001110 ) ) ;
#385 = DIRECTION ( 'NONE',  ( 1.224646799147350002E-16, 1.000000000000000000, 0.000000000000000000 ) ) ;
#386 = ADVANCED_FACE ( 'NONE', ( #2046 ), #973, .T. ) ;
#387 = CARTESIAN_POINT ( 'NONE',  ( 2.027613082046579862, -7.598970125629120886, 1.000000000000000000 ) ) ;
#388 =( NAMED_UNIT ( * ) PLANE_ANGLE_UNIT ( ) SI_UNIT ( $, .RADIAN. ) );
#389 = DIRECTION ( 'NONE',  ( 3.409480831752714908E-16, -1.000000000000000000, 0.000000000000000000 ) ) ;
#390 = CIRCLE ( 'NONE', #1712, 0.2500000000000000000 ) ;
#391 = CARTESIAN_POINT ( 'NONE',  ( -2.027613082046579862, -8.171985062814558276, -1.000000000000000000 ) ) ;
#392 = CARTESIAN_POINT ( 'NONE',  ( -2.238382003170978685, -1.063932710266500825, -0.7500000000000001110 ) ) ;
#393 = B_SPLINE_CURVE_WITH_KNOTS ( 'NONE', 3,
 ( #2077, #823, #1736, #788 ),
 .UNSPECIFIED., .F., .F.,
 ( 4, 4 ),
 ( 0.000000000000000000, 1.000000000000000000 ),
 .UNSPECIFIED. ) ;
#394 = CARTESIAN_POINT ( 'NONE',  ( 2.407544658895006240, -1.006129694878584724, 0.7500000000000000000 ) ) ;
#395 =( GEOMETRIC_REPRESENTATION_CONTEXT ( 3 ) GLOBAL_UNCERTAINTY_ASSIGNED_CONTEXT ( ( #237 ) ) GLOBAL_UNIT_ASSIGNED_CONTEXT ( ( #1240, #742, #1819 ) ) REPRESENTATION_CONTEXT ( 'NONE', 'WORKASPACE' ) );
#396 = DIRECTION ( 'NONE',  ( -1.000000000000000000, 0.000000000000000000, 0.000000000000000000 ) ) ;
#397 = FILL_AREA_STYLE ('',( #1470 ) ) ;
#398 = VECTOR ( 'NONE', #1282, 1000.000000000000000 ) ;
#399 = PRESENTATION_LAYER_ASSIGNMENT (  '', '', ( #1345 ) ) ;
#400 =( NAMED_UNIT ( * ) PLANE_ANGLE_UNIT ( ) SI_UNIT ( $, .RADIAN. ) );
#401 = UNCERTAINTY_MEASURE_WITH_UNIT (LENGTH_MEASURE( 1.000000000000000082E-05 ), #738, 'distance_accuracy_value', 'NONE');
#402 = DIRECTION ( 'NONE',  ( 1.000000000000000000, 0.000000000000000000, 0.000000000000000000 ) ) ;
#403 = CIRCLE ( 'NONE', #2251, 0.2550000000000000044 ) ;
#404 =( LENGTH_UNIT ( ) NAMED_UNIT ( * ) SI_UNIT ( .MILLI., .METRE. ) );
#405 = EDGE_CURVE ( 'NONE', #1895, #2164, #1728, .T. ) ;
#406 = CARTESIAN_POINT ( 'NONE',  ( -2.278757891628106158, -2.709951738617939032, -0.7331800303973963207 ) ) ;
#407 = VERTEX_POINT ( 'NONE', #91 ) ;
#408 = UNCERTAINTY_MEASURE_WITH_UNIT (LENGTH_MEASURE( 1.000000000000000082E-05 ), #845, 'distance_accuracy_value', 'NONE');
#409 = ORIENTED_EDGE ( 'NONE', *, *, #2294, .T. ) ;
#410 = PRESENTATION_LAYER_ASSIGNMENT (  '', '', ( #1827 ) ) ;
#411 = FACE_OUTER_BOUND ( 'NONE', #882, .T. ) ;
#412 = COLOUR_RGB ( '',1.000000000000000000, 1.000000000000000000, 1.000000000000000000 ) ;
#413 = CARTESIAN_POINT ( 'NONE',  ( 2.136793434701715899, -1.243856588132002061, 0.7500000000000002220 ) ) ;
#414 = SURFACE_STYLE_USAGE ( .BOTH. , #2239 ) ;
#415 = VERTEX_POINT ( 'NONE', #650 ) ;
#416 = CARTESIAN_POINT ( 'NONE',  ( -3.700000000000000178, 0.000000000000000000, 0.5000000000000000000 ) ) ;
#417 = SURFACE_STYLE_USAGE ( .BOTH. , #2214 ) ;
#418 = CIRCLE ( 'NONE', #25, 0.4812988350587849573 ) ;
#419 = FILL_AREA_STYLE ('',( #1677 ) ) ;
#420 = CARTESIAN_POINT ( 'NONE',  ( 2.295000000000000373, -7.043970125629120282, 1.000000000000000000 ) ) ;
#421 = EDGE_CURVE ( 'NONE', #219, #1905, #1412, .T. ) ;
#422 = FILL_AREA_STYLE_COLOUR ( '', #466 ) ;
#423 = AXIS2_PLACEMENT_3D ( 'NONE', #2180, #894, #1615 ) ;
#424 = ORIENTED_EDGE ( 'NONE', *, *, #2117, .F. ) ;
#425 = CIRCLE ( 'NONE', #1743, 0.04500000000000163591 ) ;
#426 = VECTOR ( 'NONE', #76, 1000.000000000000000 ) ;
#427 = CARTESIAN_POINT ( 'NONE',  ( -2.683581885426735258, -1.005353367229580241, -0.7500000000000001110 ) ) ;
#428 = DIRECTION ( 'NONE',  ( -1.000000000000000000, 0.000000000000000000, 0.000000000000000000 ) ) ;
#429 = ORIENTED_EDGE ( 'NONE', *, *, #1782, .T. ) ;
#430 = DIRECTION ( 'NONE',  ( -1.000000000000000000, 0.000000000000000000, 0.000000000000000000 ) ) ;
#431 = PRESENTATION_LAYER_ASSIGNMENT (  '', '', ( #2272 ) ) ;
#432 = ADVANCED_FACE ( 'NONE', ( #630 ), #283, .T. ) ;
#433 = CIRCLE ( 'NONE', #1443, 0.2550000000000000044 ) ;
#434 = PRESENTATION_STYLE_ASSIGNMENT (( #205 ) ) ;
#435 = LINE ( 'NONE', #287, #256 ) ;
#436 = ORIENTED_EDGE ( 'NONE', *, *, #1896, .T. ) ;
#437 = UNCERTAINTY_MEASURE_WITH_UNIT (LENGTH_MEASURE( 1.000000000000000082E-05 ), #1832, 'distance_accuracy_value', 'NONE');
#438 = DIRECTION ( 'NONE',  ( 1.000000000000000000, 0.000000000000000000, 0.000000000000000000 ) ) ;
#439 = ORIENTED_EDGE ( 'NONE', *, *, #1097, .T. ) ;
#440 = CARTESIAN_POINT ( 'NONE',  ( 2.357659277414648979, -2.757509576412209729, 0.6755965187401458127 ) ) ;
#441 = CARTESIAN_POINT ( 'NONE',  ( 2.299999999999999822, -9.299999999999998934, 1.000000000000000000 ) ) ;
#442 = ORIENTED_EDGE ( 'NONE', *, *, #1176, .T. ) ;
#443 = EDGE_CURVE ( 'NONE', #298, #986, #1376, .T. ) ;
#444 = LINE ( 'NONE', #629, #1213 ) ;
#445 = DIRECTION ( 'NONE',  ( 0.000000000000000000, -1.000000000000000000, 0.000000000000000000 ) ) ;
#446 = AXIS2_PLACEMENT_3D ( 'NONE', #673, #2269, #2110 ) ;
#447 = AXIS2_PLACEMENT_3D ( 'NONE', #1139, #1165, #1150 ) ;
#448 = SURFACE_STYLE_USAGE ( .BOTH. , #1178 ) ;
#449 = SURFACE_SIDE_STYLE ('',( #83 ) ) ;
#450 =( NAMED_UNIT ( * ) SI_UNIT ( $, .STERADIAN. ) SOLID_ANGLE_UNIT ( ) );
#451 = ORIENTED_EDGE ( 'NONE', *, *, #291, .T. ) ;
#452 = CARTESIAN_POINT ( 'NONE',  ( -2.961276754301704894, -1.267439118436029855, -0.7500000000000000000 ) ) ;
#453 = PRESENTATION_LAYER_ASSIGNMENT (  '', '', ( #294 ) ) ;
#454 = AXIS2_PLACEMENT_3D ( 'NONE', #777, #615, #53 ) ;
#455 = DIRECTION ( 'NONE',  ( 1.000000000000000000, 0.000000000000000000, 0.000000000000000000 ) ) ;
#456 = EDGE_CURVE ( 'NONE', #628, #971, #231, .T. ) ;
#457 =( GEOMETRIC_REPRESENTATION_CONTEXT ( 3 ) GLOBAL_UNCERTAINTY_ASSIGNED_CONTEXT ( ( #783 ) ) GLOBAL_UNIT_ASSIGNED_CONTEXT ( ( #1391, #1752, #1930 ) ) REPRESENTATION_CONTEXT ( 'NONE', 'WORKASPACE' ) );
#458 = ORIENTED_EDGE ( 'NONE', *, *, #984, .F. ) ;
#459 = DIRECTION ( 'NONE',  ( 1.000000000000000000, 0.000000000000000000, 0.000000000000000000 ) ) ;
#460 = SURFACE_SIDE_STYLE ('',( #1374 ) ) ;
#461 = COLOUR_RGB ( '',1.000000000000000000, 1.000000000000000000, 1.000000000000000000 ) ;
#462 = DIRECTION ( 'NONE',  ( 0.000000000000000000, 0.000000000000000000, 1.000000000000000000 ) ) ;
#463 = CARTESIAN_POINT ( 'NONE',  ( 2.961264497072166879, -1.220592503348766789, 0.7500000000000000000 ) ) ;
#464 = VERTEX_POINT ( 'NONE', #851 ) ;
#465 = CIRCLE ( 'NONE', #2043, 0.2550000000000000044 ) ;
#466 = COLOUR_RGB ( '',1.000000000000000000, 1.000000000000000000, 1.000000000000000000 ) ;
#467 = ADVANCED_FACE ( 'NONE', ( #126 ), #38, .T. ) ;
#468 = ORIENTED_EDGE ( 'NONE', *, *, #203, .T. ) ;
#469 =( LENGTH_UNIT ( ) NAMED_UNIT ( * ) SI_UNIT ( .MILLI., .METRE. ) );
#470 = FILL_AREA_STYLE_COLOUR ( '', #948 ) ;
#471 = DIRECTION ( 'NONE',  ( -1.000000000000000000, 0.000000000000000000, 0.000000000000000000 ) ) ;
#472 = FILL_AREA_STYLE ('',( #1695 ) ) ;
#473 = EDGE_LOOP ( 'NONE', ( #869, #2280 ) ) ;
#474 = FACE_OUTER_BOUND ( 'NONE', #864, .T. ) ;
#475 = DIRECTION ( 'NONE',  ( 0.000000000000000000, 1.000000000000000000, 0.000000000000000000 ) ) ;
#476 = CIRCLE ( 'NONE', #153, 0.4812988350587849573 ) ;
#477 = ORIENTED_EDGE ( 'NONE', *, *, #1601, .F. ) ;
#478 = DIRECTION ( 'NONE',  ( -1.000000000000000000, 0.000000000000000000, 0.000000000000000000 ) ) ;
#479 =( LENGTH_UNIT ( ) NAMED_UNIT ( * ) SI_UNIT ( .MILLI., .METRE. ) );
#480 = EDGE_LOOP ( 'NONE', ( #1533, #39, #2130, #1889, #89 ) ) ;
#481 = ADVANCED_FACE ( 'NONE', ( #661 ), #64, .T. ) ;
#482 = DIRECTION ( 'NONE',  ( 0.000000000000000000, 1.000000000000000000, 0.000000000000000000 ) ) ;
#483 = EDGE_CURVE ( 'NONE', #407, #320, #365, .T. ) ;
#484 = FILL_AREA_STYLE_COLOUR ( '', #1866 ) ;
#485 = EDGE_LOOP ( 'NONE', ( #1652, #1394, #510, #1558, #1453, #1255 ) ) ;
#486 = DIRECTION ( 'NONE',  ( -1.000000000000000000, 0.000000000000000000, 0.000000000000000000 ) ) ;
#487 = PRESENTATION_LAYER_ASSIGNMENT (  '', '', ( #1045 ) ) ;
#488 = ORIENTED_EDGE ( 'NONE', *, *, #638, .F. ) ;
#489 =( NAMED_UNIT ( * ) PLANE_ANGLE_UNIT ( ) SI_UNIT ( $, .RADIAN. ) );
#490 = EDGE_CURVE ( 'NONE', #1839, #221, #261, .T. ) ;
#491 = ORIENTED_EDGE ( 'NONE', *, *, #1450, .T. ) ;
#492 = CARTESIAN_POINT ( 'NONE',  ( -2.250000000000000000, -7.088970125629121100, -1.000000000000000000 ) ) ;
#493 = PRESENTATION_LAYER_ASSIGNMENT (  '', '', ( #2306 ) ) ;
#494 = DIRECTION ( 'NONE',  ( 0.000000000000000000, 0.000000000000000000, -1.000000000000000000 ) ) ;
#495 = AXIS2_PLACEMENT_3D ( 'NONE', #556, #1645, #536 ) ;
#496 = MECHANICAL_DESIGN_GEOMETRIC_PRESENTATION_REPRESENTATION (  '', ( #2309 ), #1091 ) ;
#497 = FILL_AREA_STYLE ('',( #2260 ) ) ;
#498 =( NAMED_UNIT ( * ) PLANE_ANGLE_UNIT ( ) SI_UNIT ( $, .RADIAN. ) );
#499 = AXIS2_PLACEMENT_3D ( 'NONE', #103, #1186, #642 ) ;
#500 = PRESENTATION_LAYER_ASSIGNMENT (  '', '', ( #3 ) ) ;
#501 = ORIENTED_EDGE ( 'NONE', *, *, #2241, .F. ) ;
#502 = DIRECTION ( 'NONE',  ( 0.000000000000000000, 1.000000000000000000, 0.000000000000000000 ) ) ;
#503 = CARTESIAN_POINT ( 'NONE',  ( -3.700000000000000178, 0.000000000000000000, 0.7500000000000000000 ) ) ;
#504 = CARTESIAN_POINT ( 'NONE',  ( 2.027613082046579862, -7.343970125629120993, 1.000000000000000000 ) ) ;
#505 = SURFACE_STYLE_USAGE ( .BOTH. , #908 ) ;
#506 = DIRECTION ( 'NONE',  ( 0.000000000000000000, 1.000000000000000000, 0.000000000000000000 ) ) ;
#507 =( NAMED_UNIT ( * ) PLANE_ANGLE_UNIT ( ) SI_UNIT ( $, .RADIAN. ) );
#508 = COLOUR_RGB ( '',1.000000000000000000, 1.000000000000000000, 1.000000000000000000 ) ;
#509 = VECTOR ( 'NONE', #1925, 1000.000000000000000 ) ;
#510 = ORIENTED_EDGE ( 'NONE', *, *, #1993, .T. ) ;
#511 = VERTEX_POINT ( 'NONE', #2258 ) ;
#512 =( GEOMETRIC_REPRESENTATION_CONTEXT ( 3 ) GLOBAL_UNCERTAINTY_ASSIGNED_CONTEXT ( ( #2218 ) ) GLOBAL_UNIT_ASSIGNED_CONTEXT ( ( #86, #82, #1882 ) ) REPRESENTATION_CONTEXT ( 'NONE', 'WORKASPACE' ) );
#513 = EDGE_LOOP ( 'NONE', ( #27, #2237, #302, #892 ) ) ;
#514 = CARTESIAN_POINT ( 'NONE',  ( 3.700000000000000178, 4.531193156845209159E-16, -0.5000000000000000000 ) ) ;
#515 = CARTESIAN_POINT ( 'NONE',  ( 2.299999999999999822, -9.000000000000000000, 1.255000000000000115 ) ) ;
#516 = EDGE_CURVE ( 'NONE', #6, #628, #983, .T. ) ;
#517 = PRESENTATION_STYLE_ASSIGNMENT (( #703 ) ) ;
#518 =( GEOMETRIC_REPRESENTATION_CONTEXT ( 3 ) GLOBAL_UNCERTAINTY_ASSIGNED_CONTEXT ( ( #2191 ) ) GLOBAL_UNIT_ASSIGNED_CONTEXT ( ( #583, #1106, #1484 ) ) REPRESENTATION_CONTEXT ( 'NONE', 'WORKASPACE' ) );
#519 = AXIS2_PLACEMENT_3D ( 'NONE', #1894, #822, #1141 ) ;
#520 = FILL_AREA_STYLE_COLOUR ( '', #858 ) ;
#521 = CARTESIAN_POINT ( 'NONE',  ( -2.299999999999999822, -9.000000000000000000, -1.255000000000000115 ) ) ;
#522 = PRESENTATION_STYLE_ASSIGNMENT (( #1598 ) ) ;
#523 = CIRCLE ( 'NONE', #2029, 0.2550000000000000044 ) ;
#524 = DIRECTION ( 'NONE',  ( 1.000000000000000000, -1.876052785843699928E-16, 0.000000000000000000 ) ) ;
#525 = ORIENTED_EDGE ( 'NONE', *, *, #2148, .F. ) ;
#526 =( LENGTH_UNIT ( ) NAMED_UNIT ( * ) SI_UNIT ( .MILLI., .METRE. ) );
#527 = DIRECTION ( 'NONE',  ( 0.000000000000000000, 0.000000000000000000, -1.000000000000000000 ) ) ;
#528 = EDGE_CURVE ( 'NONE', #678, #511, #1019, .T. ) ;
#529 = MECHANICAL_DESIGN_GEOMETRIC_PRESENTATION_REPRESENTATION (  '', ( #679 ), #1168 ) ;
#530 = VECTOR ( 'NONE', #1658, 1000.000000000000000 ) ;
#531 = CIRCLE ( 'NONE', #77, 0.2550000000000000044 ) ;
#532 =( NAMED_UNIT ( * ) SI_UNIT ( $, .STERADIAN. ) SOLID_ANGLE_UNIT ( ) );
#533 = EDGE_CURVE ( 'NONE', #597, #1267, #2181, .T. ) ;
#534 = ORIENTED_EDGE ( 'NONE', *, *, #839, .F. ) ;
#535 = ORIENTED_EDGE ( 'NONE', *, *, #1833, .F. ) ;
#536 = DIRECTION ( 'NONE',  ( 1.000000000000000000, 0.000000000000000000, 0.000000000000000000 ) ) ;
#537 = CARTESIAN_POINT ( 'NONE',  ( 2.550000000000000266, -4.500000000000000000, 0.7448719209011439579 ) ) ;
#538 = EDGE_CURVE ( 'NONE', #1405, #1379, #215, .T. ) ;
#539 = PRESENTATION_STYLE_ASSIGNMENT (( #1092 ) ) ;
#540 = EDGE_LOOP ( 'NONE', ( #1446, #759, #1341, #534, #2085 ) ) ;
#541 = AXIS2_PLACEMENT_3D ( 'NONE', #1370, #2252, #637 ) ;
#542 = CARTESIAN_POINT ( 'NONE',  ( -2.159887290210039446, -1.154877591244131807, -0.7500000000000000000 ) ) ;
#543 = PRESENTATION_LAYER_ASSIGNMENT (  '', '', ( #1571 ) ) ;
#544 = AXIS2_PLACEMENT_3D ( 'NONE', #2302, #1570, #681 ) ;
#545 = CARTESIAN_POINT ( 'NONE',  ( 2.139501099933143635, -1.209455724372002550, 0.7500000000000000000 ) ) ;
#546 = SURFACE_STYLE_USAGE ( .BOTH. , #566 ) ;
#547 = PLANE ( 'NONE',  #423 ) ;
#548 = PRESENTATION_STYLE_ASSIGNMENT (( #1790 ) ) ;
#549 = PRESENTATION_STYLE_ASSIGNMENT (( #571 ) ) ;
#550 = STYLED_ITEM ( 'NONE', ( #1218 ), #357 ) ;
#551 = CARTESIAN_POINT ( 'NONE',  ( 2.549999999999869704, -1.000655513168715816, 0.7500000000000000000 ) ) ;
#552 = EDGE_CURVE ( 'NONE', #221, #611, #1161, .T. ) ;
#553 = VERTEX_POINT ( 'NONE', #9 ) ;
#554 = CARTESIAN_POINT ( 'NONE',  ( 2.294743841802289186, -4.500000000000000888, 0.9331740940518764571 ) ) ;
#555 = PRESENTATION_LAYER_ASSIGNMENT (  '', '', ( #1582 ) ) ;
#556 = CARTESIAN_POINT ( 'NONE',  ( 0.000000000000000000, 0.000000000000000000, 0.7500000000000000000 ) ) ;
#557 = CARTESIAN_POINT ( 'NONE',  ( 2.250000000000000000, -7.343970125629120993, 1.000000000000000000 ) ) ;
#558 = CARTESIAN_POINT ( 'NONE',  ( 2.550000000000000266, -1.000000000000000000, 0.5000000000000000000 ) ) ;
#559 = CARTESIAN_POINT ( 'NONE',  ( 2.027613082046579862, -8.744999999999999218, 1.000000000000000000 ) ) ;
#560 = FILL_AREA_STYLE ('',( #943 ) ) ;
#561 = FILL_AREA_STYLE ('',( #2160 ) ) ;
#562 = PRESENTATION_STYLE_ASSIGNMENT (( #876 ) ) ;
#563 = VECTOR ( 'NONE', #1347, 1000.000000000000000 ) ;
#564 = CARTESIAN_POINT ( 'NONE',  ( -2.166061821159968037, -1.143248106086566462, -0.7500000000000002220 ) ) ;
#565 = CARTESIAN_POINT ( 'NONE',  ( -2.683240309146373903, -4.500000000000000000, -0.7722535883439188842 ) ) ;
#566 = SURFACE_SIDE_STYLE ('',( #1456 ) ) ;
#567 = DIRECTION ( 'NONE',  ( 0.000000000000000000, 0.000000000000000000, 1.000000000000000000 ) ) ;
#568 = CARTESIAN_POINT ( 'NONE',  ( 2.805000000000000160, -4.500000000000000000, 1.000000000000000000 ) ) ;
#569 = ORIENTED_EDGE ( 'NONE', *, *, #1833, .T. ) ;
#570 = AXIS2_PLACEMENT_3D ( 'NONE', #860, #174, #165 ) ;
#571 = SURFACE_STYLE_USAGE ( .BOTH. , #2016 ) ;
#572 = FACE_OUTER_BOUND ( 'NONE', #225, .T. ) ;
#573 = EDGE_LOOP ( 'NONE', ( #902, #1859, #880, #1517, #1624, #1173 ) ) ;
#574 = LINE ( 'NONE', #209, #398 ) ;
#575 = SURFACE_STYLE_FILL_AREA ( #2198 ) ;
#576 = AXIS2_PLACEMENT_3D ( 'NONE', #931, #1979, #402 ) ;
#577 = CARTESIAN_POINT ( 'NONE',  ( -2.550000000000000266, -1.250000000000000000, -1.000000000000000000 ) ) ;
#578 =( GEOMETRIC_REPRESENTATION_CONTEXT ( 3 ) GLOBAL_UNCERTAINTY_ASSIGNED_CONTEXT ( ( #42 ) ) GLOBAL_UNIT_ASSIGNED_CONTEXT ( ( #404, #731, #2161 ) ) REPRESENTATION_CONTEXT ( 'NONE', 'WORKASPACE' ) );
#579 = AXIS2_PLACEMENT_3D ( 'NONE', #504, #1197, #1408 ) ;
#580 = EDGE_CURVE ( 'NONE', #1905, #2205, #1432, .T. ) ;
#581 = ORIENTED_EDGE ( 'NONE', *, *, #2215, .T. ) ;
#582 = FACE_OUTER_BOUND ( 'NONE', #724, .T. ) ;
#583 =( LENGTH_UNIT ( ) NAMED_UNIT ( * ) SI_UNIT ( .MILLI., .METRE. ) );
#584 = UNCERTAINTY_MEASURE_WITH_UNIT (LENGTH_MEASURE( 1.000000000000000082E-05 ), #2326, 'distance_accuracy_value', 'NONE');
#585 = DIRECTION ( 'NONE',  ( 0.000000000000000000, 1.000000000000000000, 0.000000000000000000 ) ) ;
#586 = ORIENTED_EDGE ( 'NONE', *, *, #846, .T. ) ;
#587 = DIRECTION ( 'NONE',  ( 0.000000000000000000, 1.000000000000000000, 0.000000000000000000 ) ) ;
#588 = DIRECTION ( 'NONE',  ( 0.000000000000000000, 0.000000000000000000, -1.000000000000000000 ) ) ;
#589 = MECHANICAL_DESIGN_GEOMETRIC_PRESENTATION_REPRESENTATION (  '', ( #550 ), #1760 ) ;
#590 = ORIENTED_EDGE ( 'NONE', *, *, #1272, .T. ) ;
#591 = UNCERTAINTY_MEASURE_WITH_UNIT (LENGTH_MEASURE( 1.000000000000000082E-05 ), #781, 'distance_accuracy_value', 'NONE');
#592 = ORIENTED_EDGE ( 'NONE', *, *, #2204, .T. ) ;
#593 = CIRCLE ( 'NONE', #1694, 0.2550000000000000044 ) ;
#594 = UNCERTAINTY_MEASURE_WITH_UNIT (LENGTH_MEASURE( 1.000000000000000082E-05 ), #1914, 'distance_accuracy_value', 'NONE');
#595 = CARTESIAN_POINT ( 'NONE',  ( -2.813426152325069651, -1.037036962206526303, -0.7500000000000001110 ) ) ;
#596 = DIRECTION ( 'NONE',  ( 0.000000000000000000, 0.000000000000000000, -1.000000000000000000 ) ) ;
#597 = VERTEX_POINT ( 'NONE', #2000 ) ;
#598 = CARTESIAN_POINT ( 'NONE',  ( 2.550000000000000266, -1.267439118436029855, 1.000000000000000000 ) ) ;
#599 = SURFACE_SIDE_STYLE ('',( #1846 ) ) ;
#600 = AXIS2_PLACEMENT_3D ( 'NONE', #1448, #396, #917 ) ;
#601 = CARTESIAN_POINT ( 'NONE',  ( 2.250000000000000000, -7.343970125629120993, 0.7449999999999999956 ) ) ;
#602 =( LENGTH_UNIT ( ) NAMED_UNIT ( * ) SI_UNIT ( .MILLI., .METRE. ) );
#603 = PRESENTATION_STYLE_ASSIGNMENT (( #263 ) ) ;
#604 = CARTESIAN_POINT ( 'NONE',  ( -2.250000000000000000, -7.343970125629120993, -1.000000000000000000 ) ) ;
#605 = VECTOR ( 'NONE', #1085, 1000.000000000000114 ) ;
#606 = VERTEX_POINT ( 'NONE', #24 ) ;
#607 = ORIENTED_EDGE ( 'NONE', *, *, #2144, .F. ) ;
#608 = STYLED_ITEM ( 'NONE', ( #896 ), #340 ) ;
#609 = CARTESIAN_POINT ( 'NONE',  ( -2.402878897859539009, -1.006693850001149082, -0.7500000000000000000 ) ) ;
#610 = PRESENTATION_LAYER_ASSIGNMENT (  '', '', ( #1961 ) ) ;
#611 = VERTEX_POINT ( 'NONE', #1084 ) ;
#612 = CARTESIAN_POINT ( 'NONE',  ( 2.266884835664583875, -2.680570201964225685, 0.7428079774403419933 ) ) ;
#613 = ORIENTED_EDGE ( 'NONE', *, *, #1247, .F. ) ;
#614 = CARTESIAN_POINT ( 'NONE',  ( -2.550000000000000266, -1.267439118436029855, -1.481298835058783903 ) ) ;
#615 = DIRECTION ( 'NONE',  ( 0.000000000000000000, -1.000000000000000000, 0.000000000000000000 ) ) ;
#616 =( NAMED_UNIT ( * ) SI_UNIT ( $, .STERADIAN. ) SOLID_ANGLE_UNIT ( ) );
#617 = CARTESIAN_POINT ( 'NONE',  ( -2.550000000000140155, -2.642262343684085302, -0.6148381700687060025 ) ) ;
#618 = VECTOR ( 'NONE', #1786, 1000.000000000000000 ) ;
#619 = DIRECTION ( 'NONE',  ( -1.000000000000000000, 0.000000000000000000, 0.000000000000000000 ) ) ;
#620 = SURFACE_STYLE_FILL_AREA ( #2231 ) ;
#621 = VERTEX_POINT ( 'NONE', #1096 ) ;
#622 = ADVANCED_FACE ( 'NONE', ( #746 ), #1546, .T. ) ;
#623 = CARTESIAN_POINT ( 'NONE',  ( -2.294067183530052123, -1.033152118819733900, -0.7499999999999998890 ) ) ;
#624 = VERTEX_POINT ( 'NONE', #559 ) ;
#625 = SHAPE_DEFINITION_REPRESENTATION ( #323, #1324 ) ;
#626 = CARTESIAN_POINT ( 'NONE',  ( 0.000000000000000000, 0.000000000000000000, -0.7500000000000000000 ) ) ;
#627 = LINE ( 'NONE', #1496, #563 ) ;
#628 = VERTEX_POINT ( 'NONE', #792 ) ;
#629 = CARTESIAN_POINT ( 'NONE',  ( -2.295000000000000373, -4.500000000000000000, -1.000000000000000000 ) ) ;
#630 = FACE_OUTER_BOUND ( 'NONE', #1354, .T. ) ;
#631 = SURFACE_SIDE_STYLE ('',( #643 ) ) ;
#632 =( GEOMETRIC_REPRESENTATION_CONTEXT ( 3 ) GLOBAL_UNCERTAINTY_ASSIGNED_CONTEXT ( ( #954 ) ) GLOBAL_UNIT_ASSIGNED_CONTEXT ( ( #190, #1651, #921 ) ) REPRESENTATION_CONTEXT ( 'NONE', 'WORKASPACE' ) );
#633 = CARTESIAN_POINT ( 'NONE',  ( 2.416759690853625742, -4.500000000000000000, 1.227746411656080561 ) ) ;
#634 =( NAMED_UNIT ( * ) SI_UNIT ( $, .STERADIAN. ) SOLID_ANGLE_UNIT ( ) );
#635 = CARTESIAN_POINT ( 'NONE',  ( -2.294871920901139895, -4.500000000000000000, -1.000000000000039968 ) ) ;
#636 = VERTEX_POINT ( 'NONE', #1289 ) ;
#637 = DIRECTION ( 'NONE',  ( 1.000000000000000000, 0.000000000000000000, 0.000000000000000000 ) ) ;
#638 = EDGE_CURVE ( 'NONE', #2039, #986, #418, .T. ) ;
#639 = CARTESIAN_POINT ( 'NONE',  ( -2.961264497072166879, -1.220592503348765456, -0.7500000000000001110 ) ) ;
#640 = MECHANICAL_DESIGN_GEOMETRIC_PRESENTATION_REPRESENTATION (  '', ( #332 ), #1881 ) ;
#641 = EDGE_LOOP ( 'NONE', ( #1236, #2192, #2103, #1004, #1041, #765, #2194 ) ) ;
#642 = DIRECTION ( 'NONE',  ( 0.000000000000000000, 1.000000000000000000, 0.000000000000000000 ) ) ;
#643 = SURFACE_STYLE_FILL_AREA ( #419 ) ;
#644 = PRESENTATION_STYLE_ASSIGNMENT (( #2278 ) ) ;
#645 = CARTESIAN_POINT ( 'NONE',  ( -2.299999999999999822, -9.000000000000000000, -1.000000000000000000 ) ) ;
#646 = ORIENTED_EDGE ( 'NONE', *, *, #2215, .F. ) ;
#647 = CARTESIAN_POINT ( 'NONE',  ( -2.407544658895000911, -1.006129694878584946, -0.7500000000000001110 ) ) ;
#648 = ORIENTED_EDGE ( 'NONE', *, *, #421, .T. ) ;
#649 = CARTESIAN_POINT ( 'NONE',  ( -2.550000000000000266, -1.267439118436029855, -1.000000000000000000 ) ) ;
#650 = CARTESIAN_POINT ( 'NONE',  ( 2.344999999999999751, -16.60000000000000142, 1.000000000000000000 ) ) ;
#651 = EDGE_CURVE ( 'NONE', #986, #1, #1052, .T. ) ;
#652 = ADVANCED_FACE ( 'NONE', ( #582 ), #1828, .T. ) ;
#653 =( GEOMETRIC_REPRESENTATION_CONTEXT ( 3 ) GLOBAL_UNCERTAINTY_ASSIGNED_CONTEXT ( ( #1676 ) ) GLOBAL_UNIT_ASSIGNED_CONTEXT ( ( #1573, #1198, #1739 ) ) REPRESENTATION_CONTEXT ( 'NONE', 'WORKASPACE' ) );
#654 = SURFACE_STYLE_USAGE ( .BOTH. , #1596 ) ;
#655 = ORIENTED_EDGE ( 'NONE', *, *, #756, .T. ) ;
#656 = SURFACE_STYLE_FILL_AREA ( #675 ) ;
#657 = DIRECTION ( 'NONE',  ( 0.000000000000000000, 0.000000000000000000, -1.000000000000000000 ) ) ;
#658 = VERTEX_POINT ( 'NONE', #614 ) ;
#659 = SURFACE_STYLE_FILL_AREA ( #1174 ) ;
#660 = PLANE ( 'NONE',  #1300 ) ;
#661 = FACE_OUTER_BOUND ( 'NONE', #1854, .T. ) ;
#662 = FACE_OUTER_BOUND ( 'NONE', #540, .T. ) ;
#663 = AXIS2_PLACEMENT_3D ( 'NONE', #805, #1524, #2244 ) ;
#664 = VERTEX_POINT ( 'NONE', #213 ) ;
#665 = DIRECTION ( 'NONE',  ( 0.000000000000000000, 0.000000000000000000, 1.000000000000000000 ) ) ;
#666 = CIRCLE ( 'NONE', #697, 0.2500000000000000000 ) ;
#667 = VERTEX_POINT ( 'NONE', #374 ) ;
#668 =( NAMED_UNIT ( * ) SI_UNIT ( $, .STERADIAN. ) SOLID_ANGLE_UNIT ( ) );
#669 = DIRECTION ( 'NONE',  ( -1.000000000000000000, 0.000000000000000000, 0.000000000000000000 ) ) ;
#670 =( NAMED_UNIT ( * ) SI_UNIT ( $, .STERADIAN. ) SOLID_ANGLE_UNIT ( ) );
#671 = COLOUR_RGB ( '',1.000000000000000000, 1.000000000000000000, 1.000000000000000000 ) ;
#672 =( NAMED_UNIT ( * ) SI_UNIT ( $, .STERADIAN. ) SOLID_ANGLE_UNIT ( ) );
#673 = CARTESIAN_POINT ( 'NONE',  ( 2.600000000000000089, -9.299999999999998934, 1.000000000000000000 ) ) ;
#674 = CARTESIAN_POINT ( 'NONE',  ( 2.715622285368184841, -1.008782789396529989, 0.7499999999999998890 ) ) ;
#675 = FILL_AREA_STYLE ('',( #1034 ) ) ;
#676 =( GEOMETRIC_REPRESENTATION_CONTEXT ( 3 ) GLOBAL_UNCERTAINTY_ASSIGNED_CONTEXT ( ( #401 ) ) GLOBAL_UNIT_ASSIGNED_CONTEXT ( ( #738, #1499, #2045 ) ) REPRESENTATION_CONTEXT ( 'NONE', 'WORKASPACE' ) );
#677 = DIRECTION ( 'NONE',  ( 1.876052785843699928E-16, 1.000000000000000000, 0.000000000000000000 ) ) ;
#678 = VERTEX_POINT ( 'NONE', #416 ) ;
#679 = STYLED_ITEM ( 'NONE', ( #517 ), #2011 ) ;
#680 = LINE ( 'NONE', #690, #618 ) ;
#681 = DIRECTION ( 'NONE',  ( 0.000000000000000000, 1.000000000000000000, 0.000000000000000000 ) ) ;
#682 = CARTESIAN_POINT ( 'NONE',  ( 0.000000000000000000, 0.000000000000000000, -0.5000000000000000000 ) ) ;
#683 = FILL_AREA_STYLE ('',( #2304 ) ) ;
#684 = ORIENTED_EDGE ( 'NONE', *, *, #1618, .F. ) ;
#685 = PRODUCT_DEFINITION_CONTEXT ( 'detailed design', #1586, 'design' ) ;
#686 = EDGE_CURVE ( 'NONE', #624, #1482, #2076, .T. ) ;
#687 = COLOUR_RGB ( '',1.000000000000000000, 1.000000000000000000, 1.000000000000000000 ) ;
#688 = ORIENTED_EDGE ( 'NONE', *, *, #1718, .T. ) ;
#689 = DIRECTION ( 'NONE',  ( -1.000000000000000000, 0.000000000000000000, 0.000000000000000000 ) ) ;
#690 = CARTESIAN_POINT ( 'NONE',  ( 2.250000000000000000, -7.343970125629120993, 0.7449999999999999956 ) ) ;
#691 = DIRECTION ( 'NONE',  ( 0.000000000000000000, -1.000000000000000000, 0.000000000000000000 ) ) ;
#692 = FACE_OUTER_BOUND ( 'NONE', #953, .T. ) ;
#693 = FACE_OUTER_BOUND ( 'NONE', #922, .T. ) ;
#694 =( NAMED_UNIT ( * ) PLANE_ANGLE_UNIT ( ) SI_UNIT ( $, .RADIAN. ) );
#695 = TOROIDAL_SURFACE ( 'NONE', #576, 0.2999999999999999889, 0.2550000000000000044 ) ;
#696 = CARTESIAN_POINT ( 'NONE',  ( 2.805000000000000160, -7.043970125629120282, 1.000000000000000000 ) ) ;
#697 = AXIS2_PLACEMENT_3D ( 'NONE', #744, #1268, #1103 ) ;
#698 = MECHANICAL_DESIGN_GEOMETRIC_PRESENTATION_REPRESENTATION (  '', ( #966 ), #2018 ) ;
#699 = CIRCLE ( 'NONE', #2134, 0.2550000000000000044 ) ;
#700 = EDGE_CURVE ( 'NONE', #667, #1317, #1360, .T. ) ;
#701 = VERTEX_POINT ( 'NONE', #187 ) ;
#702 = DIRECTION ( 'NONE',  ( 1.000000000000000000, 0.000000000000000000, 0.000000000000000000 ) ) ;
#703 = SURFACE_STYLE_USAGE ( .BOTH. , #166 ) ;
#704 = TOROIDAL_SURFACE ( 'NONE', #1153, 3.449999999999999734, 0.2500000000000000000 ) ;
#705 = SURFACE_STYLE_USAGE ( .BOTH. , #358 ) ;
#706 = PRESENTATION_STYLE_ASSIGNMENT (( #2147 ) ) ;
#707 = FILL_AREA_STYLE_COLOUR ( '', #508 ) ;
#708 = ADVANCED_FACE ( 'NONE', ( #942 ), #919, .T. ) ;
#709 = PRESENTATION_LAYER_ASSIGNMENT (  '', '', ( #1734 ) ) ;
#710 = SURFACE_SIDE_STYLE ('',( #847 ) ) ;
#711 = MECHANICAL_DESIGN_GEOMETRIC_PRESENTATION_REPRESENTATION (  '', ( #1920 ), #676 ) ;
#712 = ORIENTED_EDGE ( 'NONE', *, *, #1875, .F. ) ;
#713 = ORIENTED_EDGE ( 'NONE', *, *, #528, .F. ) ;
#714 = CARTESIAN_POINT ( 'NONE',  ( -2.344999999999999751, -9.299999999999998934, -1.000000000000000000 ) ) ;
#715 = SURFACE_SIDE_STYLE ('',( #152 ) ) ;
#716 = FACE_OUTER_BOUND ( 'NONE', #171, .T. ) ;
#717 = STYLED_ITEM ( 'NONE', ( #2156 ), #2042 ) ;
#718 = EDGE_CURVE ( 'NONE', #658, #73, #476, .T. ) ;
#719 = SURFACE_SIDE_STYLE ('',( #1449 ) ) ;
#720 = AXIS2_PLACEMENT_3D ( 'NONE', #757, #1636, #195 ) ;
#721 = FACE_OUTER_BOUND ( 'NONE', #1726, .T. ) ;
#722 = SURFACE_STYLE_FILL_AREA ( #1632 ) ;
#723 = CARTESIAN_POINT ( 'NONE',  ( 2.027613082046579862, -9.000000000000000000, 0.7449999999999999956 ) ) ;
#724 = EDGE_LOOP ( 'NONE', ( #1205, #95, #750, #254, #308, #978 ) ) ;
#725 = CARTESIAN_POINT ( 'NONE',  ( -2.616825905948123143, -4.500000000000000888, -0.7447438418022888085 ) ) ;
#726 = AXIS2_PLACEMENT_3D ( 'NONE', #1006, #1901, #2266 ) ;
#727 = MECHANICAL_DESIGN_GEOMETRIC_PRESENTATION_REPRESENTATION (  '', ( #3 ), #2087 ) ;
#728 = DIRECTION ( 'NONE',  ( 0.000000000000000000, 1.000000000000000000, 0.000000000000000000 ) ) ;
#729 = DIRECTION ( 'NONE',  ( 1.000000000000000000, 3.401418580346680129E-15, 0.000000000000000000 ) ) ;
#730 = EDGE_CURVE ( 'NONE', #2021, #624, #1781, .T. ) ;
#731 =( NAMED_UNIT ( * ) PLANE_ANGLE_UNIT ( ) SI_UNIT ( $, .RADIAN. ) );
#732 = ORIENTED_EDGE ( 'NONE', *, *, #1946, .F. ) ;
#733 =( GEOMETRIC_REPRESENTATION_CONTEXT ( 3 ) GLOBAL_UNCERTAINTY_ASSIGNED_CONTEXT ( ( #437 ) ) GLOBAL_UNIT_ASSIGNED_CONTEXT ( ( #1832, #1608, #898 ) ) REPRESENTATION_CONTEXT ( 'NONE', 'WORKASPACE' ) );
#734 = MECHANICAL_DESIGN_GEOMETRIC_PRESENTATION_REPRESENTATION (  '', ( #1345 ), #1297 ) ;
#735 = CARTESIAN_POINT ( 'NONE',  ( 2.805128079098855309, -4.500000000000000000, 0.9999999999999601430 ) ) ;
#736 = COLOUR_RGB ( '',1.000000000000000000, 1.000000000000000000, 0.000000000000000000 ) ;
#737 = FILL_AREA_STYLE_COLOUR ( '', #382 ) ;
#738 =( LENGTH_UNIT ( ) NAMED_UNIT ( * ) SI_UNIT ( .MILLI., .METRE. ) );
#739 = CARTESIAN_POINT ( 'NONE',  ( -2.250000000000000000, -7.343970125629120993, -1.000000000000000000 ) ) ;
#740 = EDGE_CURVE ( 'NONE', #1, #1776, #820, .T. ) ;
#741 = PRESENTATION_STYLE_ASSIGNMENT (( #1098 ) ) ;
#742 =( NAMED_UNIT ( * ) PLANE_ANGLE_UNIT ( ) SI_UNIT ( $, .RADIAN. ) );
#743 = FACE_OUTER_BOUND ( 'NONE', #2250, .T. ) ;
#744 = CARTESIAN_POINT ( 'NONE',  ( 3.449999999999999734, 0.000000000000000000, 0.5000000000000000000 ) ) ;
#745 = CARTESIAN_POINT ( 'NONE',  ( 2.264721948154909459, -1.048065007250103875, 0.7500000000000001110 ) ) ;
#746 = FACE_OUTER_BOUND ( 'NONE', #985, .T. ) ;
#747 = DIRECTION ( 'NONE',  ( 0.000000000000000000, -1.000000000000000000, 0.000000000000000000 ) ) ;
#748 = FACE_OUTER_BOUND ( 'NONE', #1415, .T. ) ;
#749 = UNCERTAINTY_MEASURE_WITH_UNIT (LENGTH_MEASURE( 1.000000000000000082E-05 ), #1595, 'distance_accuracy_value', 'NONE');
#750 = ORIENTED_EDGE ( 'NONE', *, *, #836, .F. ) ;
#751 = CARTESIAN_POINT ( 'NONE',  ( 2.027613082046579862, -7.343970125629120993, 1.000000000000000000 ) ) ;
#752 = CARTESIAN_POINT ( 'NONE',  ( 0.000000000000000000, 0.000000000000000000, -0.5000000000000000000 ) ) ;
#753 = MECHANICAL_DESIGN_GEOMETRIC_PRESENTATION_REPRESENTATION (  '', ( #1403 ), #224 ) ;
#754 = EDGE_CURVE ( 'NONE', #1839, #667, #1378, .T. ) ;
#755 = CARTESIAN_POINT ( 'NONE',  ( -2.550000000000000266, -1.267439118436029855, -1.000000000000000000 ) ) ;
#756 = EDGE_CURVE ( 'NONE', #1784, #43, #312, .T. ) ;
#757 = CARTESIAN_POINT ( 'NONE',  ( 2.027613082046579862, -9.000000000000000000, 1.000000000000000000 ) ) ;
#758 = CARTESIAN_POINT ( 'NONE',  ( -2.804812261209459923, -1.033435267554973169, -0.7500000000000000000 ) ) ;
#759 = ORIENTED_EDGE ( 'NONE', *, *, #1322, .T. ) ;
#760 = FILL_AREA_STYLE ('',( #1664 ) ) ;
#761 = COLOUR_RGB ( '',1.000000000000000000, 1.000000000000000000, 0.000000000000000000 ) ;
#762 = DIRECTION ( 'NONE',  ( 1.000000000000000000, 0.000000000000000000, 0.000000000000000000 ) ) ;
#763 = CARTESIAN_POINT ( 'NONE',  ( 2.777746411656095482, -4.500000000000000000, 1.133240309146352098 ) ) ;
#764 = DIRECTION ( 'NONE',  ( -1.000000000000000000, 0.000000000000000000, 0.000000000000000000 ) ) ;
#765 = ORIENTED_EDGE ( 'NONE', *, *, #1497, .T. ) ;
#766 = PRESENTATION_STYLE_ASSIGNMENT (( #1811 ) ) ;
#767 = ORIENTED_EDGE ( 'NONE', *, *, #1427, .F. ) ;
#768 = DIRECTION ( 'NONE',  ( 0.000000000000000000, 1.000000000000000000, 0.000000000000000000 ) ) ;
#769 = AXIS2_PLACEMENT_3D ( 'NONE', #1969, #1779, #2327 ) ;
#770 = PRODUCT_RELATED_PRODUCT_CATEGORY ( 'part', '', ( #2284 ) ) ;
#771 = DIRECTION ( 'NONE',  ( 0.000000000000000000, 0.000000000000000000, 1.000000000000000000 ) ) ;
#772 = CARTESIAN_POINT ( 'NONE',  ( 2.550000000000000266, -1.250000000000000000, 1.231907822493830018 ) ) ;
#773 = COLOUR_RGB ( '',1.000000000000000000, 1.000000000000000000, 1.000000000000000000 ) ;
#774 = STYLED_ITEM ( 'NONE', ( #1208 ), #1944 ) ;
#775 = ORIENTED_EDGE ( 'NONE', *, *, #1957, .T. ) ;
#776 = SURFACE_STYLE_FILL_AREA ( #243 ) ;
#777 = CARTESIAN_POINT ( 'NONE',  ( 2.550000000000000266, -4.500000000000000000, 1.000000000000000000 ) ) ;
#778 = CARTESIAN_POINT ( 'NONE',  ( 2.294871920901139895, -4.500000000000000000, 1.000000000000000000 ) ) ;
#779 = SURFACE_SIDE_STYLE ('',( #1151 ) ) ;
#780 = EDGE_CURVE ( 'NONE', #1073, #2021, #348, .T. ) ;
#781 =( LENGTH_UNIT ( ) NAMED_UNIT ( * ) SI_UNIT ( .MILLI., .METRE. ) );
#782 = STYLED_ITEM ( 'NONE', ( #1650 ), #362 ) ;
#783 = UNCERTAINTY_MEASURE_WITH_UNIT (LENGTH_MEASURE( 1.000000000000000082E-05 ), #1391, 'distance_accuracy_value', 'NONE');
#784 = EDGE_LOOP ( 'NONE', ( #655, #2088 ) ) ;
#785 = ORIENTED_EDGE ( 'NONE', *, *, #1038, .F. ) ;
#786 = CIRCLE ( 'NONE', #1077, 0.2500000000000000000 ) ;
#787 = UNCERTAINTY_MEASURE_WITH_UNIT (LENGTH_MEASURE( 1.000000000000000082E-05 ), #1885, 'distance_accuracy_value', 'NONE');
#788 = CARTESIAN_POINT ( 'NONE',  ( -2.138723245698294750, -1.267439118436029855, -0.7500000000000000000 ) ) ;
#789 = DIRECTION ( 'NONE',  ( 0.000000000000000000, 1.000000000000000000, 0.000000000000000000 ) ) ;
#790 = CARTESIAN_POINT ( 'NONE',  ( -2.777746411656079939, -4.500000000000000000, -1.133240309146374747 ) ) ;
#791 = ORIENTED_EDGE ( 'NONE', *, *, #865, .F. ) ;
#792 = CARTESIAN_POINT ( 'NONE',  ( 2.027613082046579862, -9.254999999999999005, 1.000000000000000000 ) ) ;
#793 = CARTESIAN_POINT ( 'NONE',  ( 2.550000000000000266, -1.000000000000000000, 1.000000000000000000 ) ) ;
#794 = EDGE_CURVE ( 'NONE', #1118, #43, #281, .T. ) ;
#795 = DIRECTION ( 'NONE',  ( 0.000000000000000000, 1.000000000000000000, 0.000000000000000000 ) ) ;
#796 = AXIS2_PLACEMENT_3D ( 'NONE', #2253, #475, #1029 ) ;
#797 = ORIENTED_EDGE ( 'NONE', *, *, #756, .F. ) ;
#798 = AXIS2_PLACEMENT_3D ( 'NONE', #1206, #486, #1785 ) ;
#799 = ORIENTED_EDGE ( 'NONE', *, *, #2129, .F. ) ;
#800 = ORIENTED_EDGE ( 'NONE', *, *, #730, .T. ) ;
#801 = DIRECTION ( 'NONE',  ( 0.000000000000000000, 1.000000000000000000, 0.000000000000000000 ) ) ;
#802 = CARTESIAN_POINT ( 'NONE',  ( 2.600000000000000089, -16.60000000000000142, 1.000000000000000000 ) ) ;
#803 = EDGE_LOOP ( 'NONE', ( #1002, #1921, #932, #1899, #1180 ) ) ;
#804 = DIRECTION ( 'NONE',  ( 0.000000000000000000, 1.000000000000000000, 0.000000000000000000 ) ) ;
#805 = CARTESIAN_POINT ( 'NONE',  ( -2.600000000000000089, -9.299999999999998934, -1.000000000000000000 ) ) ;
#806 = CARTESIAN_POINT ( 'NONE',  ( -2.550000000000000266, -1.000000000000000000, -0.7680921775061709811 ) ) ;
#807 = CIRCLE ( 'NONE', #1413, 0.5549999999999999378 ) ;
#808 = ADVANCED_FACE ( 'NONE', ( #2276 ), #1599, .T. ) ;
#809 =( NAMED_UNIT ( * ) PLANE_ANGLE_UNIT ( ) SI_UNIT ( $, .RADIAN. ) );
#810 = DIRECTION ( 'NONE',  ( 0.000000000000000000, -1.000000000000000000, 0.000000000000000000 ) ) ;
#811 = ORIENTED_EDGE ( 'NONE', *, *, #969, .F. ) ;
#812 = CARTESIAN_POINT ( 'NONE',  ( -2.550000000000000266, -1.250000000000000000, -1.231907822493830018 ) ) ;
#813 = CARTESIAN_POINT ( 'NONE',  ( -2.961276754301704894, -1.267439118436029855, -0.7500000000000000000 ) ) ;
#814 = ORIENTED_EDGE ( 'NONE', *, *, #2274, .T. ) ;
#815 = DIRECTION ( 'NONE',  ( 0.000000000000000000, 0.000000000000000000, 1.000000000000000000 ) ) ;
#816 = PRESENTATION_STYLE_ASSIGNMENT (( #1305 ) ) ;
#817 = VECTOR ( 'NONE', #2003, 1000.000000000000000 ) ;
#818 = MECHANICAL_DESIGN_GEOMETRIC_PRESENTATION_REPRESENTATION (  '', ( #1104 ), #512 ) ;
#819 = DIRECTION ( 'NONE',  ( 3.401418580346680523E-15, -1.000000000000000000, 0.000000000000000000 ) ) ;
#820 = B_SPLINE_CURVE_WITH_KNOTS ( 'NONE', 3,
 ( #1373, #840, #2089, #1727 ),
 .UNSPECIFIED., .F., .F.,
 ( 4, 4 ),
 ( 0.000000000000000000, 1.000000000000000000 ),
 .UNSPECIFIED. ) ;
#821 = EDGE_LOOP ( 'NONE', ( #1673, #1334, #1912, #535, #477 ) ) ;
#822 = DIRECTION ( 'NONE',  ( 0.000000000000000000, -1.000000000000000000, 0.000000000000000000 ) ) ;
#823 = CARTESIAN_POINT ( 'NONE',  ( -2.219871542517333651, -2.236806933112776896, -0.7500000000000000000 ) ) ;
#824 = EDGE_CURVE ( 'NONE', #998, #658, #2255, .T. ) ;
#825 = COLOUR_RGB ( '',1.000000000000000000, 1.000000000000000000, 0.000000000000000000 ) ;
#826 = ORIENTED_EDGE ( 'NONE', *, *, #1572, .T. ) ;
#827 = CARTESIAN_POINT ( 'NONE',  ( 2.299999999999999822, -9.299999999999998934, 1.000000000000000000 ) ) ;
#828 = FILL_AREA_STYLE ('',( #2243 ) ) ;
#829 = MECHANICAL_DESIGN_GEOMETRIC_PRESENTATION_REPRESENTATION (  '', ( #1956 ), #2261 ) ;
#830 = PRESENTATION_STYLE_ASSIGNMENT (( #1924 ) ) ;
#831 = CARTESIAN_POINT ( 'NONE',  ( -2.299999999999999822, -9.254999999999999005, -1.000000000000000000 ) ) ;
#832 = ORIENTED_EDGE ( 'NONE', *, *, #718, .F. ) ;
#833 = FILL_AREA_STYLE_COLOUR ( '', #63 ) ;
#834 = FILL_AREA_STYLE ('',( #484 ) ) ;
#835 = MECHANICAL_DESIGN_GEOMETRIC_PRESENTATION_REPRESENTATION (  '', ( #1961 ), #1435 ) ;
#836 = EDGE_CURVE ( 'NONE', #621, #219, #433, .T. ) ;
#837 = AXIS2_PLACEMENT_3D ( 'NONE', #1123, #1140, #69 ) ;
#838 = ORIENTED_EDGE ( 'NONE', *, *, #1427, .T. ) ;
#839 = EDGE_CURVE ( 'NONE', #98, #553, #444, .T. ) ;
#840 = CARTESIAN_POINT ( 'NONE',  ( 2.180849028057537442, -1.782221416199033293, 0.7500000000000002220 ) ) ;
#841 = AXIS2_PLACEMENT_3D ( 'NONE', #1731, #862, #1562 ) ;
#842 = FILL_AREA_STYLE_COLOUR ( '', #1158 ) ;
#843 =( NAMED_UNIT ( * ) SI_UNIT ( $, .STERADIAN. ) SOLID_ANGLE_UNIT ( ) );
#844 = ORIENTED_EDGE ( 'NONE', *, *, #483, .F. ) ;
#845 =( LENGTH_UNIT ( ) NAMED_UNIT ( * ) SI_UNIT ( .MILLI., .METRE. ) );
#846 = EDGE_CURVE ( 'NONE', #320, #242, #1095, .T. ) ;
#847 = SURFACE_STYLE_FILL_AREA ( #2329 ) ;
#848 = VERTEX_POINT ( 'NONE', #1207 ) ;
#849 =( LENGTH_UNIT ( ) NAMED_UNIT ( * ) SI_UNIT ( .MILLI., .METRE. ) );
#850 = DIRECTION ( 'NONE',  ( 0.000000000000000000, 1.000000000000000000, 0.000000000000000000 ) ) ;
#851 = CARTESIAN_POINT ( 'NONE',  ( -2.549999999999869704, -1.000655513168715816, -0.7500000000000000000 ) ) ;
#852 =( NAMED_UNIT ( * ) SI_UNIT ( $, .STERADIAN. ) SOLID_ANGLE_UNIT ( ) );
#853 = STYLED_ITEM ( 'NONE', ( #289 ), #1528 ) ;
#854 = CIRCLE ( 'NONE', #2015, 0.2550000000000000044 ) ;
#855 = CARTESIAN_POINT ( 'NONE',  ( 2.784030597245886529, -1.025717792648975557, 0.7499999999999997780 ) ) ;
#856 = CARTESIAN_POINT ( 'NONE',  ( 2.912870932250859912, -1.848697631320494805, 0.7500000000000000000 ) ) ;
#857 = EDGE_CURVE ( 'NONE', #1379, #923, #145, .T. ) ;
#858 = COLOUR_RGB ( '',1.000000000000000000, 1.000000000000000000, 1.000000000000000000 ) ;
#859 = ORIENTED_EDGE ( 'NONE', *, *, #1061, .F. ) ;
#860 = CARTESIAN_POINT ( 'NONE',  ( 2.299999999999999822, -9.000000000000000000, 1.000000000000000000 ) ) ;
#861 = MECHANICAL_DESIGN_GEOMETRIC_PRESENTATION_REPRESENTATION (  '', ( #1541 ), #2211 ) ;
#862 = DIRECTION ( 'NONE',  ( 0.000000000000000000, 0.000000000000000000, -1.000000000000000000 ) ) ;
#863 = CARTESIAN_POINT ( 'NONE',  ( -2.294871920901139895, -4.500000000000000000, -1.000000000000039968 ) ) ;
#864 = EDGE_LOOP ( 'NONE', ( #325, #501, #58, #800, #1293, #1036 ) ) ;
#865 = EDGE_CURVE ( 'NONE', #553, #2141, #881, .T. ) ;
#866 = SURFACE_STYLE_FILL_AREA ( #233 ) ;
#867 = MECHANICAL_DESIGN_GEOMETRIC_PRESENTATION_REPRESENTATION (  '', ( #1582 ), #1480 ) ;
#868 = CARTESIAN_POINT ( 'NONE',  ( 2.027613082046579862, -7.343970125629120993, 1.255000000000000115 ) ) ;
#869 = ORIENTED_EDGE ( 'NONE', *, *, #1203, .F. ) ;
#870 = AXIS2_PLACEMENT_3D ( 'NONE', #1603, #1228, #689 ) ;
#871 = DIRECTION ( 'NONE',  ( 1.000000000000000000, 0.000000000000000000, 0.000000000000000000 ) ) ;
#872 = DIRECTION ( 'NONE',  ( 1.000000000000000000, 0.000000000000000000, 0.000000000000000000 ) ) ;
#873 = COLOUR_RGB ( '',1.000000000000000000, 1.000000000000000000, 1.000000000000000000 ) ;
#874 = CARTESIAN_POINT ( 'NONE',  ( -2.027613082046579862, -8.171985062814558276, -1.000000000000000000 ) ) ;
#875 = CARTESIAN_POINT ( 'NONE',  ( 2.254197260832210503, -2.611722555948940094, 0.7500000000000000000 ) ) ;
#876 = SURFACE_STYLE_USAGE ( .BOTH. , #148 ) ;
#877 = UNCERTAINTY_MEASURE_WITH_UNIT (LENGTH_MEASURE( 1.000000000000000082E-05 ), #1133, 'distance_accuracy_value', 'NONE');
#878 = EDGE_CURVE ( 'NONE', #1905, #1046, #680, .T. ) ;
#879 = CARTESIAN_POINT ( 'NONE',  ( -2.027613082046579862, -9.000000000000000000, -1.000000000000000000 ) ) ;
#880 = ORIENTED_EDGE ( 'NONE', *, *, #2241, .T. ) ;
#881 = CIRCLE ( 'NONE', #1749, 0.04500000000000337064 ) ;
#882 = EDGE_LOOP ( 'NONE', ( #78, #1498, #1669, #1195, #436 ) ) ;
#883 = CYLINDRICAL_SURFACE ( 'NONE', #798, 0.2550000000000000044 ) ;
#884 = CARTESIAN_POINT ( 'NONE',  ( -2.854999999999999982, -16.60000000000000142, -1.000000000000000000 ) ) ;
#885 =( NAMED_UNIT ( * ) SI_UNIT ( $, .STERADIAN. ) SOLID_ANGLE_UNIT ( ) );
#886 =( LENGTH_UNIT ( ) NAMED_UNIT ( * ) SI_UNIT ( .MILLI., .METRE. ) );
#887 = PRESENTATION_LAYER_ASSIGNMENT (  '', '', ( #1251 ) ) ;
#888 = FILL_AREA_STYLE_COLOUR ( '', #22 ) ;
#889 = COLOUR_RGB ( '',1.000000000000000000, 1.000000000000000000, 1.000000000000000000 ) ;
#890 = AXIS2_PLACEMENT_3D ( 'NONE', #1217, #1729, #872 ) ;
#891 = EDGE_CURVE ( 'NONE', #611, #993, #1936, .T. ) ;
#892 = ORIENTED_EDGE ( 'NONE', *, *, #1400, .F. ) ;
#893 = CARTESIAN_POINT ( 'NONE',  ( 2.250000000000000000, -7.043970125629120282, 1.000000000000000000 ) ) ;
#894 = DIRECTION ( 'NONE',  ( 0.000000000000000000, 0.000000000000000000, 1.000000000000000000 ) ) ;
#895 =( GEOMETRIC_REPRESENTATION_CONTEXT ( 3 ) GLOBAL_UNCERTAINTY_ASSIGNED_CONTEXT ( ( #2032 ) ) GLOBAL_UNIT_ASSIGNED_CONTEXT ( ( #1078, #154, #375 ) ) REPRESENTATION_CONTEXT ( 'NONE', 'WORKASPACE' ) );
#896 = PRESENTATION_STYLE_ASSIGNMENT (( #2145 ) ) ;
#897 = CARTESIAN_POINT ( 'NONE',  ( 2.250000000000000000, -7.043970125629120282, 1.000000000000000000 ) ) ;
#898 =( NAMED_UNIT ( * ) SI_UNIT ( $, .STERADIAN. ) SOLID_ANGLE_UNIT ( ) );
#899 = CARTESIAN_POINT ( 'NONE',  ( -2.325342357718601427, -2.754420863313154832, -0.6967332311592480121 ) ) ;
#900 = AXIS2_PLACEMENT_3D ( 'NONE', #929, #1646, #372 ) ;
#901 = DIRECTION ( 'NONE',  ( 0.000000000000000000, -1.000000000000000000, 0.000000000000000000 ) ) ;
#902 = ORIENTED_EDGE ( 'NONE', *, *, #580, .F. ) ;
#903 = CARTESIAN_POINT ( 'NONE',  ( -2.550000000000000266, -4.500000000000000000, -0.7448719209011430697 ) ) ;
#904 = CARTESIAN_POINT ( 'NONE',  ( -2.550000000000000266, -4.500000000000000000, -1.255128079098855931 ) ) ;
#905 = EDGE_CURVE ( 'NONE', #971, #993, #2301, .T. ) ;
#906 =( NAMED_UNIT ( * ) PLANE_ANGLE_UNIT ( ) SI_UNIT ( $, .RADIAN. ) );
#907 = CIRCLE ( 'NONE', #2221, 0.2550000000000000044 ) ;
#908 = SURFACE_SIDE_STYLE ('',( #14 ) ) ;
#909 = PRESENTATION_STYLE_ASSIGNMENT (( #2014 ) ) ;
#910 = AXIS2_PLACEMENT_3D ( 'NONE', #2313, #2159, #349 ) ;
#911 = FILL_AREA_STYLE ('',( #1948 ) ) ;
#912 = AXIS2_PLACEMENT_3D ( 'NONE', #1430, #2338, #1079 ) ;
#913 =( NAMED_UNIT ( * ) PLANE_ANGLE_UNIT ( ) SI_UNIT ( $, .RADIAN. ) );
#914 = EDGE_CURVE ( 'NONE', #202, #1751, #1898, .T. ) ;
#915 = CARTESIAN_POINT ( 'NONE',  ( -2.550000000000000266, -7.043970125629120282, -1.000000000000000000 ) ) ;
#916 = AXIS2_PLACEMENT_3D ( 'NONE', #2312, #316, #669 ) ;
#917 = DIRECTION ( 'NONE',  ( 0.000000000000000000, -1.000000000000000000, 0.000000000000000000 ) ) ;
#918 = FILL_AREA_STYLE ('',( #185 ) ) ;
#919 = CYLINDRICAL_SURFACE ( 'NONE', #2123, 0.2550000000000000044 ) ;
#920 = FACE_OUTER_BOUND ( 'NONE', #2028, .T. ) ;
#921 =( NAMED_UNIT ( * ) SI_UNIT ( $, .STERADIAN. ) SOLID_ANGLE_UNIT ( ) );
#922 = EDGE_LOOP ( 'NONE', ( #292, #429, #1815, #1794, #1113, #1442, #1366 ) ) ;
#923 = VERTEX_POINT ( 'NONE', #884 ) ;
#924 = PRESENTATION_LAYER_ASSIGNMENT (  '', '', ( #1386 ) ) ;
#925 =( GEOMETRIC_REPRESENTATION_CONTEXT ( 3 ) GLOBAL_UNCERTAINTY_ASSIGNED_CONTEXT ( ( #1869 ) ) GLOBAL_UNIT_ASSIGNED_CONTEXT ( ( #479, #1563, #852 ) ) REPRESENTATION_CONTEXT ( 'NONE', 'WORKASPACE' ) );
#926 = DIRECTION ( 'NONE',  ( -1.000000000000000000, 0.000000000000000000, 0.000000000000000000 ) ) ;
#927 = PRESENTATION_LAYER_ASSIGNMENT (  '', '', ( #1104 ) ) ;
#928 = CARTESIAN_POINT ( 'NONE',  ( 2.238382003170998669, -1.063932710266482840, 0.7500000000000000000 ) ) ;
#929 = CARTESIAN_POINT ( 'NONE',  ( -2.600000000000000089, -9.299999999999998934, -1.000000000000000000 ) ) ;
#930 = DIRECTION ( 'NONE',  ( 0.000000000000000000, -1.000000000000000000, 0.000000000000000000 ) ) ;
#931 = CARTESIAN_POINT ( 'NONE',  ( -2.299999999999999822, -9.299999999999998934, -1.000000000000000000 ) ) ;
#932 = ORIENTED_EDGE ( 'NONE', *, *, #651, .F. ) ;
#933 = FILL_AREA_STYLE_COLOUR ( '', #889 ) ;
#934 = CIRCLE ( 'NONE', #1226, 3.449999999999999734 ) ;
#935 = EDGE_CURVE ( 'NONE', #1267, #2164, #2235, .T. ) ;
#936 = DIRECTION ( 'NONE',  ( 0.000000000000000000, 1.000000000000000000, 0.000000000000000000 ) ) ;
#937 = MECHANICAL_DESIGN_GEOMETRIC_PRESENTATION_REPRESENTATION (  '', ( #1952 ), #2213 ) ;
#938 = DIRECTION ( 'NONE',  ( 0.000000000000000000, -1.000000000000000000, 0.000000000000000000 ) ) ;
#939 = AXIS2_PLACEMENT_3D ( 'NONE', #1177, #471, #1903 ) ;
#940 = CARTESIAN_POINT ( 'NONE',  ( -2.027613082046579862, -9.000000000000000000, -1.255000000000000115 ) ) ;
#941 = CARTESIAN_POINT ( 'NONE',  ( -2.681401603605359174, -1.005170002218585656, -0.7499999999999998890 ) ) ;
#942 = FACE_OUTER_BOUND ( 'NONE', #485, .T. ) ;
#943 = FILL_AREA_STYLE_COLOUR ( '', #2100 ) ;
#944 = UNCERTAINTY_MEASURE_WITH_UNIT (LENGTH_MEASURE( 1.000000000000000082E-05 ), #1696, 'distance_accuracy_value', 'NONE');
#945 = DIRECTION ( 'NONE',  ( 1.000000000000000000, 0.000000000000000000, 0.000000000000000000 ) ) ;
#946 = CARTESIAN_POINT ( 'NONE',  ( -2.299999999999999822, -9.299999999999998934, -1.000000000000000000 ) ) ;
#947 = STYLED_ITEM ( 'NONE', ( #2322 ), #2168 ) ;
#948 = COLOUR_RGB ( '',1.000000000000000000, 1.000000000000000000, 1.000000000000000000 ) ;
#949 = DIRECTION ( 'NONE',  ( 0.000000000000000000, 0.000000000000000000, -1.000000000000000000 ) ) ;
#950 = CARTESIAN_POINT ( 'NONE',  ( -2.344807372585952621, -2.757713609811927036, -0.6835904555578096176 ) ) ;
#951 = UNCERTAINTY_MEASURE_WITH_UNIT (LENGTH_MEASURE( 1.000000000000000082E-05 ), #1810, 'distance_accuracy_value', 'NONE');
#952 = EDGE_CURVE ( 'NONE', #2205, #621, #1521, .T. ) ;
#953 = EDGE_LOOP ( 'NONE', ( #1741, #684, #586, #688, #439 ) ) ;
#954 = UNCERTAINTY_MEASURE_WITH_UNIT (LENGTH_MEASURE( 1.000000000000000082E-05 ), #190, 'distance_accuracy_value', 'NONE');
#955 = VECTOR ( 'NONE', #1364, 1000.000000000000114 ) ;
#956 = SURFACE_STYLE_USAGE ( .BOTH. , #1302 ) ;
#957 = CARTESIAN_POINT ( 'NONE',  ( -2.657776471032078813, -1.003291301806527702, -0.7500000000000001110 ) ) ;
#958 = CARTESIAN_POINT ( 'NONE',  ( -2.550000000000140155, -2.642262343684085302, -0.6148381700687060025 ) ) ;
#959 = ORIENTED_EDGE ( 'NONE', *, *, #1957, .F. ) ;
#960 = DIRECTION ( 'NONE',  ( 0.000000000000000000, 0.000000000000000000, 1.000000000000000000 ) ) ;
#961 = CARTESIAN_POINT ( 'NONE',  ( 2.870424493734561544, -2.145504434546406713, 0.7198348690273547179 ) ) ;
#962 = DIRECTION ( 'NONE',  ( 1.000000000000000000, 0.000000000000000000, 0.000000000000000000 ) ) ;
#963 = CARTESIAN_POINT ( 'NONE',  ( -2.027613082046579862, -8.744999999999999218, -1.000000000000000000 ) ) ;
#964 = ORIENTED_EDGE ( 'NONE', *, *, #2144, .T. ) ;
#965 = ORIENTED_EDGE ( 'NONE', *, *, #824, .F. ) ;
#966 = STYLED_ITEM ( 'NONE', ( #1847 ), #1906 ) ;
#967 = CARTESIAN_POINT ( 'NONE',  ( -2.868201696577895810, -1.063833284944295077, -0.7500000000000000000 ) ) ;
#968 = CARTESIAN_POINT ( 'NONE',  ( -2.683240309146376568, -4.500000000000001776, -1.227746411656079895 ) ) ;
#969 = EDGE_CURVE ( 'NONE', #678, #1267, #1396, .T. ) ;
#970 = CIRCLE ( 'NONE', #2202, 0.5549999999999999378 ) ;
#971 = VERTEX_POINT ( 'NONE', #336 ) ;
#972 = DIRECTION ( 'NONE',  ( 0.000000000000000000, -1.000000000000000000, 0.000000000000000000 ) ) ;
#973 = CYLINDRICAL_SURFACE ( 'NONE', #726, 3.700000000000000178 ) ;
#974 = CARTESIAN_POINT ( 'NONE',  ( -2.250000000000000000, -7.043970125629120282, -1.000000000000000000 ) ) ;
#975 = B_SPLINE_CURVE_WITH_KNOTS ( 'NONE', 3,
 ( #350, #2337, #1067, #1439, #359, #961, #2058, #273 ),
 .UNSPECIFIED., .F., .F.,
 ( 4, 2, 2, 4 ),
 ( 0.000000000000000000, 0.2500000000000001665, 0.5000000000000003331, 1.000000000000000000 ),
 .UNSPECIFIED. ) ;
#976 = CARTESIAN_POINT ( 'NONE',  ( 2.683240309146389002, -4.500000000000001776, 1.227746411656074788 ) ) ;
#977 = DIRECTION ( 'NONE',  ( 1.782250146551515006E-16, -1.000000000000000000, 0.000000000000000000 ) ) ;
#978 = ORIENTED_EDGE ( 'NONE', *, *, #310, .T. ) ;
#979 = STYLED_ITEM ( 'NONE', ( #1201 ), #1230 ) ;
#980 = CARTESIAN_POINT ( 'NONE',  ( -2.324312339219301915, -1.021816673018527633, -0.7500000000000002220 ) ) ;
#981 = PLANE ( 'NONE',  #1471 ) ;
#982 = DIRECTION ( 'NONE',  ( 0.000000000000000000, 0.000000000000000000, 1.000000000000000000 ) ) ;
#983 = CIRCLE ( 'NONE', #1989, 1.083014937185439619 ) ;
#984 = EDGE_CURVE ( 'NONE', #1016, #219, #807, .T. ) ;
#985 = EDGE_LOOP ( 'NONE', ( #1720, #1166, #1298, #1973, #2234, #143, #1211 ) ) ;
#986 = VERTEX_POINT ( 'NONE', #347 ) ;
#987 = PRESENTATION_STYLE_ASSIGNMENT (( #259 ) ) ;
#988 = EDGE_CURVE ( 'NONE', #464, #1633, #390, .T. ) ;
#989 = DIRECTION ( 'NONE',  ( -1.000000000000000000, 0.000000000000000000, 0.000000000000000000 ) ) ;
#990 =( NAMED_UNIT ( * ) SI_UNIT ( $, .STERADIAN. ) SOLID_ANGLE_UNIT ( ) );
#991 = CARTESIAN_POINT ( 'NONE',  ( -2.550000000000000266, -4.500000000000000000, -0.7448719209011430697 ) ) ;
#992 = MECHANICAL_DESIGN_GEOMETRIC_PRESENTATION_REPRESENTATION (  '', ( #947 ), #30 ) ;
#993 = VERTEX_POINT ( 'NONE', #515 ) ;
#994 = CIRCLE ( 'NONE', #1848, 0.2550000000000000044 ) ;
#995 = SURFACE_STYLE_USAGE ( .BOTH. , #1872 ) ;
#996 = COLOUR_RGB ( '',1.000000000000000000, 1.000000000000000000, 1.000000000000000000 ) ;
#997 = CARTESIAN_POINT ( 'NONE',  ( -2.751645437303132269, -1.015385064583089081, -0.7500000000000000000 ) ) ;
#998 = VERTEX_POINT ( 'NONE', #904 ) ;
#999 = DIRECTION ( 'NONE',  ( 1.000000000000000000, 0.000000000000000000, 0.000000000000000000 ) ) ;
#1000 = CARTESIAN_POINT ( 'NONE',  ( -2.899932334332880668, -2.001067348426769588, -0.7500000000000003331 ) ) ;
#1001 = ORIENTED_EDGE ( 'NONE', *, *, #533, .T. ) ;
#1002 = ORIENTED_EDGE ( 'NONE', *, *, #794, .F. ) ;
#1003 = AXIS2_PLACEMENT_3D ( 'NONE', #1021, #1750, #127 ) ;
#1004 = ORIENTED_EDGE ( 'NONE', *, *, #1544, .T. ) ;
#1005 = CARTESIAN_POINT ( 'NONE',  ( 2.250000000000000000, -7.343970125629120993, 1.000000000000000000 ) ) ;
#1006 = CARTESIAN_POINT ( 'NONE',  ( 0.000000000000000000, 0.000000000000000000, 0.7500000000000000000 ) ) ;
#1007 = CIRCLE ( 'NONE', #1686, 0.5549999999999999378 ) ;
#1008 = CIRCLE ( 'NONE', #201, 0.2319078224938294908 ) ;
#1009 = CARTESIAN_POINT ( 'NONE',  ( 2.027613082046579862, -8.171985062814558276, 1.000000000000000000 ) ) ;
#1010 = PRESENTATION_STYLE_ASSIGNMENT (( #448 ) ) ;
#1011 = CARTESIAN_POINT ( 'NONE',  ( 2.813426152325069207, -1.037036962206526081, 0.7499999999999998890 ) ) ;
#1012 = ADVANCED_FACE ( 'NONE', ( #1407 ), #1626, .F. ) ;
#1013 = CONICAL_SURFACE ( 'NONE', #1501, 0.5000000000000000000, 0.06981317007977388966 ) ;
#1014 =( LENGTH_UNIT ( ) NAMED_UNIT ( * ) SI_UNIT ( .MILLI., .METRE. ) );
#1015 = PRESENTATION_LAYER_ASSIGNMENT (  '', '', ( #1952 ) ) ;
#1016 = VERTEX_POINT ( 'NONE', #696 ) ;
#1017 =( NAMED_UNIT ( * ) SI_UNIT ( $, .STERADIAN. ) SOLID_ANGLE_UNIT ( ) );
#1018 =( LENGTH_UNIT ( ) NAMED_UNIT ( * ) SI_UNIT ( .MILLI., .METRE. ) );
#1019 = CIRCLE ( 'NONE', #2298, 0.2500000000000002220 ) ;
#1020 = DIRECTION ( 'NONE',  ( -1.000000000000000000, 0.000000000000000000, 0.000000000000000000 ) ) ;
#1021 = CARTESIAN_POINT ( 'NONE',  ( 2.027613082046579862, -9.000000000000000000, 1.000000000000000000 ) ) ;
#1022 = ORIENTED_EDGE ( 'NONE', *, *, #1194, .F. ) ;
#1023 = DIRECTION ( 'NONE',  ( 0.000000000000000000, 0.000000000000000000, 1.000000000000000000 ) ) ;
#1024 = SURFACE_SIDE_STYLE ('',( #2149 ) ) ;
#1025 =( GEOMETRIC_REPRESENTATION_CONTEXT ( 3 ) GLOBAL_UNCERTAINTY_ASSIGNED_CONTEXT ( ( #2314 ) ) GLOBAL_UNIT_ASSIGNED_CONTEXT ( ( #1787, #1778, #1799 ) ) REPRESENTATION_CONTEXT ( 'NONE', 'WORKASPACE' ) );
#1026 = AXIS2_PLACEMENT_3D ( 'NONE', #1886, #2208, #1688 ) ;
#1027 = TOROIDAL_SURFACE ( 'NONE', #2187, 0.2999999999999999889, 0.2550000000000000044 ) ;
#1028 = EDGE_LOOP ( 'NONE', ( #2062, #1136, #592, #491 ) ) ;
#1029 = DIRECTION ( 'NONE',  ( 0.000000000000000000, 0.000000000000000000, 1.000000000000000000 ) ) ;
#1030 = DIRECTION ( 'NONE',  ( 8.542704229054950879E-18, 0.9975640502598241977, -0.06975647374412541346 ) ) ;
#1031 =( LENGTH_UNIT ( ) NAMED_UNIT ( * ) SI_UNIT ( .MILLI., .METRE. ) );
#1032 =( LENGTH_UNIT ( ) NAMED_UNIT ( * ) SI_UNIT ( .MILLI., .METRE. ) );
#1033 = DIRECTION ( 'NONE',  ( 0.000000000000000000, 0.000000000000000000, 1.000000000000000000 ) ) ;
#1034 = FILL_AREA_STYLE_COLOUR ( '', #825 ) ;
#1035 = VECTOR ( 'NONE', #702, 1000.000000000000000 ) ;
#1036 = ORIENTED_EDGE ( 'NONE', *, *, #2264, .T. ) ;
#1037 = FILL_AREA_STYLE ('',( #1932 ) ) ;
#1038 = EDGE_CURVE ( 'NONE', #1665, #1016, #523, .T. ) ;
#1039 = CARTESIAN_POINT ( 'NONE',  ( -2.027613082046579862, -9.000000000000000000, -0.7449999999999999956 ) ) ;
#1040 = FILL_AREA_STYLE ('',( #1210 ) ) ;
#1041 = ORIENTED_EDGE ( 'NONE', *, *, #1550, .T. ) ;
#1042 = CIRCLE ( 'NONE', #1644, 3.700000000000000178 ) ;
#1043 = UNCERTAINTY_MEASURE_WITH_UNIT (LENGTH_MEASURE( 1.000000000000000082E-05 ), #526, 'distance_accuracy_value', 'NONE');
#1044 = FILL_AREA_STYLE_COLOUR ( '', #412 ) ;
#1045 = STYLED_ITEM ( 'NONE', ( #57 ), #1142 ) ;
#1046 = VERTEX_POINT ( 'NONE', #321 ) ;
#1047 = SURFACE_STYLE_USAGE ( .BOTH. , #1056 ) ;
#1048 = CARTESIAN_POINT ( 'NONE',  ( -2.550000000000000266, -1.250000000000000000, -0.7680921775061709811 ) ) ;
#1049 = ADVANCED_FACE ( 'NONE', ( #1423 ), #2126, .T. ) ;
#1050 = B_SPLINE_CURVE_WITH_KNOTS ( 'NONE', 3,
 ( #1303, #2220, #1519, #612, #1672, #88, #1857, #2027, #61, #1331, #1659, #268, #1117, #440, #2010, #212, #1842, #2190 ),
 .UNSPECIFIED., .F., .F.,
 ( 4, 2, 2, 2, 2, 2, 2, 2, 4 ),
 ( 0.000000000000000000, 0.1249999999999935052, 0.1874999999999902578, 0.2499999999999870104, 0.3749999999999817923, 0.4374999999999800715, 0.4687499999999802935, 0.4999999999999804601, 1.000000000000000000 ),
 .UNSPECIFIED. ) ;
#1051 = FILL_AREA_STYLE ('',( #331 ) ) ;
#1052 = CIRCLE ( 'NONE', #2037, 0.4812988350587849573 ) ;
#1053 = CARTESIAN_POINT ( 'NONE',  ( 2.912870932250859912, -1.848697631320494805, 0.7500000000000000000 ) ) ;
#1054 = ORIENTED_EDGE ( 'NONE', *, *, #1896, .F. ) ;
#1055 = ORIENTED_EDGE ( 'NONE', *, *, #730, .F. ) ;
#1056 = SURFACE_SIDE_STYLE ('',( #1922 ) ) ;
#1057 = PRESENTATION_LAYER_ASSIGNMENT (  '', '', ( #679 ) ) ;
#1058 = DIRECTION ( 'NONE',  ( 0.000000000000000000, 1.000000000000000000, 0.000000000000000000 ) ) ;
#1059 = CARTESIAN_POINT ( 'NONE',  ( -2.138723245698294750, -1.267439118436029855, -0.7500000000000000000 ) ) ;
#1060 = DIRECTION ( 'NONE',  ( 0.000000000000000000, 0.000000000000000000, 1.000000000000000000 ) ) ;
#1061 = EDGE_CURVE ( 'NONE', #1304, #2039, #246, .T. ) ;
#1062 = EDGE_LOOP ( 'NONE', ( #2321, #1702, #265, #1254, #1055, #228 ) ) ;
#1063 = EDGE_LOOP ( 'NONE', ( #2068, #607 ) ) ;
#1064 =( NAMED_UNIT ( * ) PLANE_ANGLE_UNIT ( ) SI_UNIT ( $, .RADIAN. ) );
#1065 = DIRECTION ( 'NONE',  ( -1.000000000000000000, 0.000000000000000000, 0.000000000000000000 ) ) ;
#1066 =( NAMED_UNIT ( * ) SI_UNIT ( $, .STERADIAN. ) SOLID_ANGLE_UNIT ( ) );
#1067 = CARTESIAN_POINT ( 'NONE',  ( 2.655792774935981981, -2.536365446235765209, 0.6192292363581330950 ) ) ;
#1068 = CARTESIAN_POINT ( 'NONE',  ( 2.550000000000000266, -1.000000000000000000, 0.7680921775061709811 ) ) ;
#1069 = CARTESIAN_POINT ( 'NONE',  ( -2.269669139118426937, -2.688838040308866972, -0.7406113378502627853 ) ) ;
#1070 = STYLED_ITEM ( 'NONE', ( #1115 ), #1481 ) ;
#1071 =( GEOMETRIC_REPRESENTATION_CONTEXT ( 3 ) GLOBAL_UNCERTAINTY_ASSIGNED_CONTEXT ( ( #2040 ) ) GLOBAL_UNIT_ASSIGNED_CONTEXT ( ( #1018, #1594, #670 ) ) REPRESENTATION_CONTEXT ( 'NONE', 'WORKASPACE' ) );
#1072 = ADVANCED_FACE ( 'NONE', ( #1783 ), #2297, .T. ) ;
#1073 = VERTEX_POINT ( 'NONE', #868 ) ;
#1074 = CARTESIAN_POINT ( 'NONE',  ( 2.159887290210039001, -1.154877591244126256, 0.7500000000000000000 ) ) ;
#1075 = SURFACE_STYLE_USAGE ( .BOTH. , #715 ) ;
#1076 = SURFACE_STYLE_USAGE ( .BOTH. , #2267 ) ;
#1077 = AXIS2_PLACEMENT_3D ( 'NONE', #278, #810, #1680 ) ;
#1078 =( LENGTH_UNIT ( ) NAMED_UNIT ( * ) SI_UNIT ( .MILLI., .METRE. ) );
#1079 = DIRECTION ( 'NONE',  ( 1.000000000000000000, 0.000000000000000000, 0.000000000000000000 ) ) ;
#1080 = SURFACE_STYLE_FILL_AREA ( #1110 ) ;
#1081 = CARTESIAN_POINT ( 'NONE',  ( -2.259628314326823428, -2.654034143094640363, -0.7481369653674306841 ) ) ;
#1082 = CARTESIAN_POINT ( 'NONE',  ( 2.416759690853624409, -4.500000000000001776, 0.7722535883439199944 ) ) ;
#1083 = CARTESIAN_POINT ( 'NONE',  ( 2.166061821159960044, -1.143248106086573124, 0.7500000000000001110 ) ) ;
#1084 = CARTESIAN_POINT ( 'NONE',  ( 2.299999999999999822, -9.254999999999999005, 1.000000000000000000 ) ) ;
#1085 = DIRECTION ( 'NONE',  ( 8.542704229054950879E-18, 0.9975640502598241977, -0.06975647374412541346 ) ) ;
#1086 = DIRECTION ( 'NONE',  ( -1.000000000000000000, 0.000000000000000000, 0.000000000000000000 ) ) ;
#1087 = DIRECTION ( 'NONE',  ( 0.000000000000000000, 0.000000000000000000, 1.000000000000000000 ) ) ;
#1088 = CIRCLE ( 'NONE', #116, 1.083014937185439619 ) ;
#1089 = CIRCLE ( 'NONE', #1122, 0.2550000000000000044 ) ;
#1090 = CARTESIAN_POINT ( 'NONE',  ( -2.027613082046579862, -9.000000000000000000, -1.000000000000000000 ) ) ;
#1091 =( GEOMETRIC_REPRESENTATION_CONTEXT ( 3 ) GLOBAL_UNCERTAINTY_ASSIGNED_CONTEXT ( ( #1340 ) ) GLOBAL_UNIT_ASSIGNED_CONTEXT ( ( #886, #694, #1241 ) ) REPRESENTATION_CONTEXT ( 'NONE', 'WORKASPACE' ) );
#1092 = SURFACE_STYLE_USAGE ( .BOTH. , #180 ) ;
#1093 = FILL_AREA_STYLE_COLOUR ( '', #773 ) ;
#1094 = CARTESIAN_POINT ( 'NONE',  ( 2.205621673546462880, -1.088965871573577937, 0.7500000000000001110 ) ) ;
#1095 = CIRCLE ( 'NONE', #916, 0.5730149371854388329 ) ;
#1096 = CARTESIAN_POINT ( 'NONE',  ( 2.250000000000000000, -7.343970125629120993, 1.255000000000000115 ) ) ;
#1097 = EDGE_CURVE ( 'NONE', #1953, #848, #1310, .T. ) ;
#1098 = SURFACE_STYLE_USAGE ( .BOTH. , #13 ) ;
#1099 =( NAMED_UNIT ( * ) PLANE_ANGLE_UNIT ( ) SI_UNIT ( $, .RADIAN. ) );
#1100 =( NAMED_UNIT ( * ) PLANE_ANGLE_UNIT ( ) SI_UNIT ( $, .RADIAN. ) );
#1101 =( LENGTH_UNIT ( ) NAMED_UNIT ( * ) SI_UNIT ( .MILLI., .METRE. ) );
#1102 = CIRCLE ( 'NONE', #2017, 3.449999999999999734 ) ;
#1103 = DIRECTION ( 'NONE',  ( 0.000000000000000000, 0.000000000000000000, -1.000000000000000000 ) ) ;
#1104 = STYLED_ITEM ( 'NONE', ( #253 ), #1577 ) ;
#1105 = DIRECTION ( 'NONE',  ( 1.000000000000000000, 0.000000000000000000, 0.000000000000000000 ) ) ;
#1106 =( NAMED_UNIT ( * ) PLANE_ANGLE_UNIT ( ) SI_UNIT ( $, .RADIAN. ) );
#1107 = DIRECTION ( 'NONE',  ( 0.000000000000000000, 0.000000000000000000, 1.000000000000000000 ) ) ;
#1108 = ORIENTED_EDGE ( 'NONE', *, *, #1466, .F. ) ;
#1109 = ADVANCED_FACE ( 'NONE', ( #2315 ), #1157, .T. ) ;
#1110 = FILL_AREA_STYLE ('',( #933 ) ) ;
#1111 = AXIS2_PLACEMENT_3D ( 'NONE', #1609, #120, #1565 ) ;
#1112 = CARTESIAN_POINT ( 'NONE',  ( -2.293332524327740263, -2.733696897024301187, -0.7211732825145273917 ) ) ;
#1113 = ORIENTED_EDGE ( 'NONE', *, *, #1550, .F. ) ;
#1114 = VERTEX_POINT ( 'NONE', #157 ) ;
#1115 = PRESENTATION_STYLE_ASSIGNMENT (( #7 ) ) ;
#1116 = CARTESIAN_POINT ( 'NONE',  ( 2.183766658267695338, -1.114685958367471086, 0.7500000000000000000 ) ) ;
#1117 = CARTESIAN_POINT ( 'NONE',  ( 2.348981895882564785, -2.757841966363556718, 0.6809282767304101203 ) ) ;
#1118 = VERTEX_POINT ( 'NONE', #551 ) ;
#1119 = FILL_AREA_STYLE_COLOUR ( '', #2207 ) ;
#1120 = UNCERTAINTY_MEASURE_WITH_UNIT (LENGTH_MEASURE( 1.000000000000000082E-05 ), #1101, 'distance_accuracy_value', 'NONE');
#1121 = SURFACE_STYLE_USAGE ( .BOTH. , #1486 ) ;
#1122 = AXIS2_PLACEMENT_3D ( 'NONE', #915, #1804, #8 ) ;
#1123 = CARTESIAN_POINT ( 'NONE',  ( 2.550000000000000266, -4.500000000000000000, 1.000000000000000000 ) ) ;
#1124 = FACE_OUTER_BOUND ( 'NONE', #803, .T. ) ;
#1125 = AXIS2_PLACEMENT_3D ( 'NONE', #751, #217, #2035 ) ;
#1126 = UNCERTAINTY_MEASURE_WITH_UNIT (LENGTH_MEASURE( 1.000000000000000082E-05 ), #2098, 'distance_accuracy_value', 'NONE');
#1127 = ORIENTED_EDGE ( 'NONE', *, *, #2117, .T. ) ;
#1128 = ADVANCED_FACE ( 'NONE', ( #743 ), #704, .T. ) ;
#1129 = ORIENTED_EDGE ( 'NONE', *, *, #1572, .F. ) ;
#1130 = UNCERTAINTY_MEASURE_WITH_UNIT (LENGTH_MEASURE( 1.000000000000000082E-05 ), #1840, 'distance_accuracy_value', 'NONE');
#1131 = CYLINDRICAL_SURFACE ( 'NONE', #1250, 0.2550000000000000044 ) ;
#1132 = EDGE_CURVE ( 'NONE', #1372, #65, #1762, .T. ) ;
#1133 =( LENGTH_UNIT ( ) NAMED_UNIT ( * ) SI_UNIT ( .MILLI., .METRE. ) );
#1134 = DIRECTION ( 'NONE',  ( 0.000000000000000000, 0.000000000000000000, -1.000000000000000000 ) ) ;
#1135 = AXIS2_PLACEMENT_3D ( 'NONE', #2289, #804, #815 ) ;
#1136 = ORIENTED_EDGE ( 'NONE', *, *, #538, .F. ) ;
#1137 = CARTESIAN_POINT ( 'NONE',  ( 2.027613082046579862, -9.000000000000000000, 1.000000000000000000 ) ) ;
#1138 = DIRECTION ( 'NONE',  ( -1.000000000000000000, 0.000000000000000000, 0.000000000000000000 ) ) ;
#1139 = CARTESIAN_POINT ( 'NONE',  ( 0.000000000000000000, 0.000000000000000000, 0.5000000000000000000 ) ) ;
#1140 = DIRECTION ( 'NONE',  ( 0.000000000000000000, -1.000000000000000000, 0.000000000000000000 ) ) ;
#1141 = DIRECTION ( 'NONE',  ( 1.000000000000000000, 0.000000000000000000, 0.000000000000000000 ) ) ;
#1142 = ADVANCED_FACE ( 'NONE', ( #380 ), #2036, .T. ) ;
#1143 = EDGE_LOOP ( 'NONE', ( #2118, #2331, #1610, #1147, #2177, #1683 ) ) ;
#1144 = FACE_OUTER_BOUND ( 'NONE', #2153, .T. ) ;
#1145 = PRESENTATION_LAYER_ASSIGNMENT (  '', '', ( #2317 ) ) ;
#1146 = PRESENTATION_LAYER_ASSIGNMENT (  '', '', ( #1871 ) ) ;
#1147 = ORIENTED_EDGE ( 'NONE', *, *, #373, .T. ) ;
#1148 = DIRECTION ( 'NONE',  ( 0.000000000000000000, 0.000000000000000000, 1.000000000000000000 ) ) ;
#1149 = FACE_OUTER_BOUND ( 'NONE', #1494, .T. ) ;
#1150 = DIRECTION ( 'NONE',  ( 1.000000000000000000, 0.000000000000000000, 0.000000000000000000 ) ) ;
#1151 = SURFACE_STYLE_FILL_AREA ( #1654 ) ;
#1152 =( LENGTH_UNIT ( ) NAMED_UNIT ( * ) SI_UNIT ( .MILLI., .METRE. ) );
#1153 = AXIS2_PLACEMENT_3D ( 'NONE', #752, #170, #1821 ) ;
#1154 = EDGE_CURVE ( 'NONE', #1327, #98, #2183, .T. ) ;
#1155 = PRESENTATION_LAYER_ASSIGNMENT (  '', '', ( #1575 ) ) ;
#1156 = EDGE_LOOP ( 'NONE', ( #1215, #1567, #2217, #1522 ) ) ;
#1157 = TOROIDAL_SURFACE ( 'NONE', #2138, 0.8280149371854390594, 0.2550000000000000044 ) ;
#1158 = COLOUR_RGB ( '',1.000000000000000000, 1.000000000000000000, 1.000000000000000000 ) ;
#1159 = FACE_OUTER_BOUND ( 'NONE', #641, .T. ) ;
#1160 = CARTESIAN_POINT ( 'NONE',  ( -2.299999999999999822, -9.000000000000000000, -0.7449999999999999956 ) ) ;
#1161 = CIRCLE ( 'NONE', #600, 0.2550000000000000044 ) ;
#1162 = ORIENTED_EDGE ( 'NONE', *, *, #1452, .F. ) ;
#1163 = DIRECTION ( 'NONE',  ( 0.000000000000000000, 0.000000000000000000, -1.000000000000000000 ) ) ;
#1164 = CARTESIAN_POINT ( 'NONE',  ( -2.299999999999999822, -9.299999999999998934, -1.000000000000000000 ) ) ;
#1165 = DIRECTION ( 'NONE',  ( 0.000000000000000000, 0.000000000000000000, 1.000000000000000000 ) ) ;
#1166 = ORIENTED_EDGE ( 'NONE', *, *, #1452, .T. ) ;
#1167 = CYLINDRICAL_SURFACE ( 'NONE', #519, 0.2550000000000000044 ) ;
#1168 =( GEOMETRIC_REPRESENTATION_CONTEXT ( 3 ) GLOBAL_UNCERTAINTY_ASSIGNED_CONTEXT ( ( #1770 ) ) GLOBAL_UNIT_ASSIGNED_CONTEXT ( ( #1976, #906, #1066 ) ) REPRESENTATION_CONTEXT ( 'NONE', 'WORKASPACE' ) );
#1169 = ORIENTED_EDGE ( 'NONE', *, *, #125, .T. ) ;
#1170 = AXIS2_PLACEMENT_3D ( 'NONE', #1316, #1134, #1858 ) ;
#1171 = CARTESIAN_POINT ( 'NONE',  ( -2.386798479047502752, -1.008898767575292288, -0.7499999999999998890 ) ) ;
#1172 = CARTESIAN_POINT ( 'NONE',  ( 2.600000000000000089, -16.60000000000000142, 1.000000000000000000 ) ) ;
#1173 = ORIENTED_EDGE ( 'NONE', *, *, #952, .F. ) ;
#1174 = FILL_AREA_STYLE ('',( #124 ) ) ;
#1175 = FILL_AREA_STYLE ('',( #470 ) ) ;
#1176 = EDGE_CURVE ( 'NONE', #1244, #2164, #786, .T. ) ;
#1177 = CARTESIAN_POINT ( 'NONE',  ( 2.299999999999999822, -9.000000000000000000, 1.000000000000000000 ) ) ;
#1178 = SURFACE_SIDE_STYLE ('',( #2072 ) ) ;
#1179 = VECTOR ( 'NONE', #527, 1000.000000000000000 ) ;
#1180 = ORIENTED_EDGE ( 'NONE', *, *, #1737, .F. ) ;
#1181 = FILL_AREA_STYLE ('',( #833 ) ) ;
#1182 = CARTESIAN_POINT ( 'NONE',  ( -2.396407721692389359, -1.007547575705463938, -0.7500000000000000000 ) ) ;
#1183 = CIRCLE ( 'NONE', #769, 0.04500000000000163591 ) ;
#1184 = ORIENTED_EDGE ( 'NONE', *, *, #740, .F. ) ;
#1185 = DIRECTION ( 'NONE',  ( 0.000000000000000000, 1.000000000000000000, 0.000000000000000000 ) ) ;
#1186 = DIRECTION ( 'NONE',  ( 1.000000000000000000, 0.000000000000000000, 0.000000000000000000 ) ) ;
#1187 = FILL_AREA_STYLE_COLOUR ( '', #56 ) ;
#1188 = COLOUR_RGB ( '',1.000000000000000000, 1.000000000000000000, 1.000000000000000000 ) ;
#1189 = ADVANCED_FACE ( 'NONE', ( #2049 ), #1167, .T. ) ;
#1190 = CARTESIAN_POINT ( 'NONE',  ( 2.138723245698294750, -1.267439118436029855, 0.7500000000000000000 ) ) ;
#1191 = FACE_OUTER_BOUND ( 'NONE', #1505, .T. ) ;
#1192 = CARTESIAN_POINT ( 'NONE',  ( -2.945419641605234951, -1.461215007039402103, -0.7500000000000000000 ) ) ;
#1193 = PRESENTATION_LAYER_ASSIGNMENT (  '', '', ( #1541 ) ) ;
#1194 = EDGE_CURVE ( 'NONE', #667, #2287, #435, .T. ) ;
#1195 = ORIENTED_EDGE ( 'NONE', *, *, #839, .T. ) ;
#1196 = DIRECTION ( 'NONE',  ( -1.782250146551515006E-16, -1.000000000000000000, 0.000000000000000000 ) ) ;
#1197 = DIRECTION ( 'NONE',  ( 1.000000000000000000, 0.000000000000000000, 0.000000000000000000 ) ) ;
#1198 =( NAMED_UNIT ( * ) PLANE_ANGLE_UNIT ( ) SI_UNIT ( $, .RADIAN. ) );
#1199 = CARTESIAN_POINT ( 'NONE',  ( -2.550000000000000266, -1.000000000000000000, -1.000000000000000000 ) ) ;
#1200 = CARTESIAN_POINT ( 'NONE',  ( 2.672197748067376200, -1.004384873688173085, 0.7500000000000002220 ) ) ;
#1201 = PRESENTATION_STYLE_ASSIGNMENT (( #1212 ) ) ;
#1202 = CIRCLE ( 'NONE', #1402, 0.2319078224938294908 ) ;
#1203 = EDGE_CURVE ( 'NONE', #2287, #415, #593, .T. ) ;
#1204 = STYLED_ITEM ( 'NONE', ( #1671 ), #2334 ) ;
#1205 = ORIENTED_EDGE ( 'NONE', *, *, #878, .F. ) ;
#1206 = CARTESIAN_POINT ( 'NONE',  ( 2.250000000000000000, -7.343970125629120993, 1.000000000000000000 ) ) ;
#1207 = CARTESIAN_POINT ( 'NONE',  ( -2.027613082046579862, -9.254999999999999005, -1.000000000000000000 ) ) ;
#1208 = PRESENTATION_STYLE_ASSIGNMENT (( #1121 ) ) ;
#1209 = DIRECTION ( 'NONE',  ( 0.000000000000000000, 0.000000000000000000, -1.000000000000000000 ) ) ;
#1210 = FILL_AREA_STYLE_COLOUR ( '', #322 ) ;
#1211 = ORIENTED_EDGE ( 'NONE', *, *, #443, .F. ) ;
#1212 = SURFACE_STYLE_USAGE ( .BOTH. , #2104 ) ;
#1213 = VECTOR ( 'NONE', #1955, 1000.000000000000000 ) ;
#1214 = ADVANCED_FACE ( 'NONE', ( #474 ), #1353, .T. ) ;
#1215 = ORIENTED_EDGE ( 'NONE', *, *, #2245, .F. ) ;
#1216 = FACE_OUTER_BOUND ( 'NONE', #1028, .T. ) ;
#1217 = CARTESIAN_POINT ( 'NONE',  ( 0.000000000000000000, 0.000000000000000000, 0.5000000000000000000 ) ) ;
#1218 = PRESENTATION_STYLE_ASSIGNMENT (( #505 ) ) ;
#1219 = CARTESIAN_POINT ( 'NONE',  ( -2.322253588343934805, -4.500000000000001776, -1.133240309146397840 ) ) ;
#1220 = AXIS2_PLACEMENT_3D ( 'NONE', #1990, #1429, #176 ) ;
#1221 =( LENGTH_UNIT ( ) NAMED_UNIT ( * ) SI_UNIT ( .MILLI., .METRE. ) );
#1222 = CARTESIAN_POINT ( 'NONE',  ( -2.550000000000000266, -1.000000000000000000, -0.5000000000000000000 ) ) ;
#1223 = CIRCLE ( 'NONE', #1725, 0.2550000000000000044 ) ;
#1224 = UNCERTAINTY_MEASURE_WITH_UNIT (LENGTH_MEASURE( 1.000000000000000082E-05 ), #1273, 'distance_accuracy_value', 'NONE');
#1225 = ORIENTED_EDGE ( 'NONE', *, *, #836, .T. ) ;
#1226 = AXIS2_PLACEMENT_3D ( 'NONE', #1780, #2271, #299 ) ;
#1227 = ORIENTED_EDGE ( 'NONE', *, *, #914, .F. ) ;
#1228 = DIRECTION ( 'NONE',  ( 0.000000000000000000, 1.000000000000000000, 0.000000000000000000 ) ) ;
#1229 = PRESENTATION_STYLE_ASSIGNMENT (( #1075 ) ) ;
#1230 = ADVANCED_FACE ( 'NONE', ( #1124 ), #1576, .T. ) ;
#1231 = CARTESIAN_POINT ( 'NONE',  ( -2.550000000000000266, -4.500000000000000000, -1.255128079098855931 ) ) ;
#1232 = CARTESIAN_POINT ( 'NONE',  ( 2.250000000000000000, -7.043970125629120282, 1.000000000000000000 ) ) ;
#1233 = AXIS2_PLACEMENT_3D ( 'NONE', #1137, #1861, #972 ) ;
#1234 = ORIENTED_EDGE ( 'NONE', *, *, #1982, .T. ) ;
#1235 = MECHANICAL_DESIGN_GEOMETRIC_PRESENTATION_REPRESENTATION (  '', ( #717 ), #112 ) ;
#1236 = ORIENTED_EDGE ( 'NONE', *, *, #1560, .T. ) ;
#1237 = DIRECTION ( 'NONE',  ( 1.000000000000000000, 0.000000000000000000, 0.000000000000000000 ) ) ;
#1238 = CARTESIAN_POINT ( 'NONE',  ( 2.027613082046579862, -9.000000000000000000, 1.255000000000000115 ) ) ;
#1239 = CIRCLE ( 'NONE', #1369, 3.449999999999999734 ) ;
#1240 =( LENGTH_UNIT ( ) NAMED_UNIT ( * ) SI_UNIT ( .MILLI., .METRE. ) );
#1241 =( NAMED_UNIT ( * ) SI_UNIT ( $, .STERADIAN. ) SOLID_ANGLE_UNIT ( ) );
#1242 = FACE_OUTER_BOUND ( 'NONE', #2265, .T. ) ;
#1243 = CARTESIAN_POINT ( 'NONE',  ( 2.027613082046579862, -8.171985062814558276, 1.000000000000000000 ) ) ;
#1244 = VERTEX_POINT ( 'NONE', #2125 ) ;
#1245 = CARTESIAN_POINT ( 'NONE',  ( 2.854999999999999982, -16.60000000000000142, 1.000000000000000000 ) ) ;
#1246 = SURFACE_SIDE_STYLE ('',( #1637 ) ) ;
#1247 = EDGE_CURVE ( 'NONE', #1304, #1343, #934, .T. ) ;
#1248 =( NAMED_UNIT ( * ) SI_UNIT ( $, .STERADIAN. ) SOLID_ANGLE_UNIT ( ) );
#1249 = SURFACE_STYLE_FILL_AREA ( #192 ) ;
#1250 = AXIS2_PLACEMENT_3D ( 'NONE', #1984, #901, #2343 ) ;
#1251 = STYLED_ITEM ( 'NONE', ( #548 ), #1807 ) ;
#1252 = AXIS2_PLACEMENT_3D ( 'NONE', #755, #938, #222 ) ;
#1253 =( GEOMETRIC_REPRESENTATION_CONTEXT ( 3 ) GLOBAL_UNCERTAINTY_ASSIGNED_CONTEXT ( ( #594 ) ) GLOBAL_UNIT_ASSIGNED_CONTEXT ( ( #1914, #317, #1561 ) ) REPRESENTATION_CONTEXT ( 'NONE', 'WORKASPACE' ) );
#1254 = ORIENTED_EDGE ( 'NONE', *, *, #1788, .T. ) ;
#1255 = ORIENTED_EDGE ( 'NONE', *, *, #686, .F. ) ;
#1256 = CARTESIAN_POINT ( 'NONE',  ( 2.402878897859547891, -1.006693850001148638, 0.7499999999999998890 ) ) ;
#1257 = PRESENTATION_STYLE_ASSIGNMENT (( #546 ) ) ;
#1258 = CARTESIAN_POINT ( 'NONE',  ( 2.961276754301704894, -1.267439118436029855, 0.7500000000000000000 ) ) ;
#1259 = MECHANICAL_DESIGN_GEOMETRIC_PRESENTATION_REPRESENTATION (  '', ( #782 ), #518 ) ;
#1260 = MECHANICAL_DESIGN_GEOMETRIC_PRESENTATION_REPRESENTATION (  '', ( #979 ), #1307 ) ;
#1261 = AXIS2_PLACEMENT_3D ( 'NONE', #682, #462, #117 ) ;
#1262 = FILL_AREA_STYLE ('',( #2135 ) ) ;
#1263 = DIRECTION ( 'NONE',  ( 0.000000000000000000, 0.000000000000000000, -1.000000000000000000 ) ) ;
#1264 = ORIENTED_EDGE ( 'NONE', *, *, #2116, .F. ) ;
#1265 = CARTESIAN_POINT ( 'NONE',  ( -2.332752984339052649, -2.756444885577229886, -0.6915213700399163166 ) ) ;
#1266 = COLOUR_RGB ( '',1.000000000000000000, 1.000000000000000000, 1.000000000000000000 ) ;
#1267 = VERTEX_POINT ( 'NONE', #1380 ) ;
#1268 = DIRECTION ( 'NONE',  ( 0.000000000000000000, -1.000000000000000000, 0.000000000000000000 ) ) ;
#1269 = EDGE_CURVE ( 'NONE', #1379, #1405, #208, .T. ) ;
#1270 = CARTESIAN_POINT ( 'NONE',  ( -2.777746411656080827, -4.500000000000001776, -0.8667596908536248090 ) ) ;
#1271 = DIRECTION ( 'NONE',  ( 1.000000000000000000, 0.000000000000000000, 0.000000000000000000 ) ) ;
#1272 = EDGE_CURVE ( 'NONE', #1343, #511, #1102, .T. ) ;
#1273 =( LENGTH_UNIT ( ) NAMED_UNIT ( * ) SI_UNIT ( .MILLI., .METRE. ) );
#1274 = CIRCLE ( 'NONE', #870, 0.2550000000000000044 ) ;
#1275 = DIRECTION ( 'NONE',  ( 0.000000000000000000, 0.000000000000000000, -1.000000000000000000 ) ) ;
#1276 =( NAMED_UNIT ( * ) SI_UNIT ( $, .STERADIAN. ) SOLID_ANGLE_UNIT ( ) );
#1277 = PRESENTATION_LAYER_ASSIGNMENT (  '', '', ( #1403 ) ) ;
#1278 = ORIENTED_EDGE ( 'NONE', *, *, #1860, .F. ) ;
#1279 = CARTESIAN_POINT ( 'NONE',  ( -2.805000000000000160, -4.500000000000000000, -1.000000000000000000 ) ) ;
#1280 = COLOUR_RGB ( '',1.000000000000000000, 1.000000000000000000, 0.000000000000000000 ) ;
#1281 = DIRECTION ( 'NONE',  ( 1.000000000000000000, 0.000000000000000000, 0.000000000000000000 ) ) ;
#1282 = DIRECTION ( 'NONE',  ( -1.000000000000000000, 0.000000000000000000, 0.000000000000000000 ) ) ;
#1283 = ORIENTED_EDGE ( 'NONE', *, *, #794, .T. ) ;
#1284 = CARTESIAN_POINT ( 'NONE',  ( 2.271463463277990424, -1.044481078676897212, 0.7500000000000001110 ) ) ;
#1285 = AXIS2_PLACEMENT_3D ( 'NONE', #79, #999, #1185 ) ;
#1286 = DIRECTION ( 'NONE',  ( 1.000000000000000000, 0.000000000000000000, 0.000000000000000000 ) ) ;
#1287 = EDGE_CURVE ( 'NONE', #1327, #65, #2094, .T. ) ;
#1288 = SURFACE_STYLE_FILL_AREA ( #397 ) ;
#1289 = CARTESIAN_POINT ( 'NONE',  ( -2.805000000000000160, -7.043970125629120282, -1.000000000000000000 ) ) ;
#1290 = SURFACE_STYLE_FILL_AREA ( #560 ) ;
#1291 = UNCERTAINTY_MEASURE_WITH_UNIT (LENGTH_MEASURE( 1.000000000000000082E-05 ), #2002, 'distance_accuracy_value', 'NONE');
#1292 = FACE_OUTER_BOUND ( 'NONE', #271, .T. ) ;
#1293 = ORIENTED_EDGE ( 'NONE', *, *, #686, .T. ) ;
#1294 = CARTESIAN_POINT ( 'NONE',  ( 2.344999999999999751, -9.299999999999998934, 1.000000000000000000 ) ) ;
#1295 = APPLICATION_CONTEXT ( 'automotive_design' ) ;
#1296 = CARTESIAN_POINT ( 'NONE',  ( 2.299999999999999822, -9.000000000000000000, 0.7449999999999999956 ) ) ;
#1297 =( GEOMETRIC_REPRESENTATION_CONTEXT ( 3 ) GLOBAL_UNCERTAINTY_ASSIGNED_CONTEXT ( ( #1328 ) ) GLOBAL_UNIT_ASSIGNED_CONTEXT ( ( #1032, #1938, #329 ) ) REPRESENTATION_CONTEXT ( 'NONE', 'WORKASPACE' ) );
#1298 = ORIENTED_EDGE ( 'NONE', *, *, #2034, .T. ) ;
#1299 = TOROIDAL_SURFACE ( 'NONE', #1910, 0.3000000000000034861, 0.2550000000000000044 ) ;
#1300 = AXIS2_PLACEMENT_3D ( 'NONE', #1581, #1385, #2099 ) ;
#1301 = CARTESIAN_POINT ( 'NONE',  ( 2.294871920901139895, -4.500000000000000000, 1.000000000000000000 ) ) ;
#1302 = SURFACE_SIDE_STYLE ('',( #575 ) ) ;
#1303 = CARTESIAN_POINT ( 'NONE',  ( 2.254197260832210503, -2.611722555948940094, 0.7500000000000000000 ) ) ;
#1304 = VERTEX_POINT ( 'NONE', #856 ) ;
#1305 = SURFACE_STYLE_USAGE ( .BOTH. , #1715 ) ;
#1306 = ADVANCED_FACE ( 'NONE', ( #1191 ), #1390, .T. ) ;
#1307 =( GEOMETRIC_REPRESENTATION_CONTEXT ( 3 ) GLOBAL_UNCERTAINTY_ASSIGNED_CONTEXT ( ( #1838 ) ) GLOBAL_UNIT_ASSIGNED_CONTEXT ( ( #1759, #489, #138 ) ) REPRESENTATION_CONTEXT ( 'NONE', 'WORKASPACE' ) );
#1308 = CARTESIAN_POINT ( 'NONE',  ( -2.027613082046579862, -9.000000000000000000, -1.000000000000000000 ) ) ;
#1309 = CARTESIAN_POINT ( 'NONE',  ( 2.550000000000000266, -4.500000000000000000, 1.255128079098855931 ) ) ;
#1310 = CIRCLE ( 'NONE', #1542, 0.2550000000000000044 ) ;
#1311 = ORIENTED_EDGE ( 'NONE', *, *, #1560, .F. ) ;
#1312 = VERTEX_POINT ( 'NONE', #1653 ) ;
#1313 =( NAMED_UNIT ( * ) SI_UNIT ( $, .STERADIAN. ) SOLID_ANGLE_UNIT ( ) );
#1314 =( NAMED_UNIT ( * ) PLANE_ANGLE_UNIT ( ) SI_UNIT ( $, .RADIAN. ) );
#1315 = CARTESIAN_POINT ( 'NONE',  ( -2.549999999999869704, -1.000655513168715816, -0.7500000000000000000 ) ) ;
#1316 = CARTESIAN_POINT ( 'NONE',  ( 0.000000000000000000, 0.000000000000000000, -0.7500000000000000000 ) ) ;
#1317 = VERTEX_POINT ( 'NONE', #1294 ) ;
#1318 = FACE_OUTER_BOUND ( 'NONE', #480, .T. ) ;
#1319 = MECHANICAL_DESIGN_GEOMETRIC_PRESENTATION_REPRESENTATION (  '', ( #2306 ), #1622 ) ;
#1320 = TOROIDAL_SURFACE ( 'NONE', #1556, 0.8280149371854390594, 0.2550000000000000044 ) ;
#1321 = CARTESIAN_POINT ( 'NONE',  ( 2.550000000000000266, -4.500000000000000000, 1.255128079098855931 ) ) ;
#1322 = EDGE_CURVE ( 'NONE', #20, #636, #2182, .T. ) ;
#1323 = CARTESIAN_POINT ( 'NONE',  ( -2.416759690853611975, -4.500000000000001776, -0.7722535883439257676 ) ) ;
#1324 = ADVANCED_BREP_SHAPE_REPRESENTATION ( 'MF-RHT050-2', ( #362, #1026 ), #223 ) ;
#1325 = CIRCLE ( 'NONE', #2307, 0.2500000000000000000 ) ;
#1326 = UNCERTAINTY_MEASURE_WITH_UNIT (LENGTH_MEASURE( 1.000000000000000082E-05 ), #1152, 'distance_accuracy_value', 'NONE');
#1327 = VERTEX_POINT ( 'NONE', #1431 ) ;
#1328 = UNCERTAINTY_MEASURE_WITH_UNIT (LENGTH_MEASURE( 1.000000000000000082E-05 ), #1032, 'distance_accuracy_value', 'NONE');
#1329 = DIRECTION ( 'NONE',  ( 0.000000000000000000, 0.000000000000000000, 1.000000000000000000 ) ) ;
#1330 = ORIENTED_EDGE ( 'NONE', *, *, #1796, .F. ) ;
#1331 = CARTESIAN_POINT ( 'NONE',  ( 2.325342357718807929, -2.754420863313931545, 0.6967332311591635241 ) ) ;
#1332 = DIRECTION ( 'NONE',  ( -1.000000000000000000, 0.000000000000000000, 0.000000000000000000 ) ) ;
#1333 = AXIS2_PLACEMENT_3D ( 'NONE', #1913, #1559, #1350 ) ;
#1334 = ORIENTED_EDGE ( 'NONE', *, *, #1796, .T. ) ;
#1335 =( NAMED_UNIT ( * ) SI_UNIT ( $, .STERADIAN. ) SOLID_ANGLE_UNIT ( ) );
#1336 =( NAMED_UNIT ( * ) PLANE_ANGLE_UNIT ( ) SI_UNIT ( $, .RADIAN. ) );
#1337 = CARTESIAN_POINT ( 'NONE',  ( 2.483174094051877390, -4.500000000000000888, 1.255256158197711525 ) ) ;
#1338 = CARTESIAN_POINT ( 'NONE',  ( -2.027613082046579862, -7.598970125629120886, -1.000000000000000000 ) ) ;
#1339 =( NAMED_UNIT ( * ) PLANE_ANGLE_UNIT ( ) SI_UNIT ( $, .RADIAN. ) );
#1340 = UNCERTAINTY_MEASURE_WITH_UNIT (LENGTH_MEASURE( 1.000000000000000082E-05 ), #886, 'distance_accuracy_value', 'NONE');
#1341 = ORIENTED_EDGE ( 'NONE', *, *, #2318, .T. ) ;
#1342 = SURFACE_SIDE_STYLE ('',( #1557 ) ) ;
#1343 = VERTEX_POINT ( 'NONE', #2339 ) ;
#1344 = VECTOR ( 'NONE', #1949, 1000.000000000000114 ) ;
#1345 = STYLED_ITEM ( 'NONE', ( #1377 ), #1805 ) ;
#1346 =( NAMED_UNIT ( * ) PLANE_ANGLE_UNIT ( ) SI_UNIT ( $, .RADIAN. ) );
#1347 = DIRECTION ( 'NONE',  ( 1.000000000000000000, 3.900237235043115343E-15, 0.000000000000000000 ) ) ;
#1348 = AXIS2_PLACEMENT_3D ( 'NONE', #59, #2273, #1329 ) ;
#1349 = ORIENTED_EDGE ( 'NONE', *, *, #99, .T. ) ;
#1350 = DIRECTION ( 'NONE',  ( 0.000000000000000000, 0.000000000000000000, -1.000000000000000000 ) ) ;
#1351 = FACE_OUTER_BOUND ( 'NONE', #1434, .T. ) ;
#1352 = CARTESIAN_POINT ( 'NONE',  ( -2.805128079098855309, -4.500000000000000000, -1.000000000000000000 ) ) ;
#1353 = TOROIDAL_SURFACE ( 'NONE', #327, 0.8280149371854390594, 0.2550000000000000044 ) ;
#1354 = EDGE_LOOP ( 'NONE', ( #1234, #2184, #2079, #811 ) ) ;
#1355 =( NAMED_UNIT ( * ) SI_UNIT ( $, .STERADIAN. ) SOLID_ANGLE_UNIT ( ) );
#1356 = PRODUCT_CONTEXT ( 'NONE', #1295, 'mechanical' ) ;
#1357 = CARTESIAN_POINT ( 'NONE',  ( -2.949586078356252639, -1.175318632130914587, -0.7499999999999998890 ) ) ;
#1358 = ADVANCED_FACE ( 'NONE', ( #1242 ), #1299, .T. ) ;
#1359 = B_SPLINE_CURVE_WITH_KNOTS ( 'NONE', 3,
 ( #452, #1192, #72, #109 ),
 .UNSPECIFIED., .F., .F.,
 ( 4, 4 ),
 ( 0.0002690228922886314916, 0.0008522934353532959006 ),
 .UNSPECIFIED. ) ;
#1360 = CIRCLE ( 'NONE', #2143, 0.2550000000000000044 ) ;
#1361 = EDGE_LOOP ( 'NONE', ( #1699, #1127 ) ) ;
#1362 = CARTESIAN_POINT ( 'NONE',  ( 2.027613082046579862, -8.171985062814558276, 1.000000000000000000 ) ) ;
#1363 = SURFACE_STYLE_USAGE ( .BOTH. , #631 ) ;
#1364 = DIRECTION ( 'NONE',  ( 0.000000000000000000, 0.9975640502598241977, 0.06975647374412541346 ) ) ;
#1365 = CARTESIAN_POINT ( 'NONE',  ( 2.550000000000000266, -1.000000000000000000, 1.000000000000000000 ) ) ;
#1366 = ORIENTED_EDGE ( 'NONE', *, *, #1287, .F. ) ;
#1367 = CARTESIAN_POINT ( 'NONE',  ( -2.294743841802278084, -4.500000000000000888, -0.9331740940519100969 ) ) ;
#1368 = COLOUR_RGB ( '',1.000000000000000000, 1.000000000000000000, 0.000000000000000000 ) ;
#1369 = AXIS2_PLACEMENT_3D ( 'NONE', #1874, #2055, #2240 ) ;
#1370 = CARTESIAN_POINT ( 'NONE',  ( 0.000000000000000000, 0.000000000000000000, -0.5000000000000000000 ) ) ;
#1371 = ADVANCED_FACE ( 'NONE', ( #721 ), #1941, .T. ) ;
#1372 = VERTEX_POINT ( 'NONE', #204 ) ;
#1373 = CARTESIAN_POINT ( 'NONE',  ( 2.138723245698294750, -1.267439118436029855, 0.7500000000000000000 ) ) ;
#1374 = SURFACE_STYLE_FILL_AREA ( #828 ) ;
#1375 = DIRECTION ( 'NONE',  ( -1.000000000000000000, 0.000000000000000000, 0.000000000000000000 ) ) ;
#1376 = LINE ( 'NONE', #2092, #955 ) ;
#1377 = PRESENTATION_STYLE_ASSIGNMENT (( #1740 ) ) ;
#1378 = CIRCLE ( 'NONE', #121, 0.5549999999999999378 ) ;
#1379 = VERTEX_POINT ( 'NONE', #369 ) ;
#1380 = CARTESIAN_POINT ( 'NONE',  ( -3.700000000000000178, 0.000000000000000000, -0.5000000000000000000 ) ) ;
#1381 = EDGE_CURVE ( 'NONE', #1953, #202, #574, .T. ) ;
#1382 = FILL_AREA_STYLE_COLOUR ( '', #736 ) ;
#1383 =( GEOMETRIC_REPRESENTATION_CONTEXT ( 3 ) GLOBAL_UNCERTAINTY_ASSIGNED_CONTEXT ( ( #44 ) ) GLOBAL_UNIT_ASSIGNED_CONTEXT ( ( #1703, #1336, #68 ) ) REPRESENTATION_CONTEXT ( 'NONE', 'WORKASPACE' ) );
#1384 = ORIENTED_EDGE ( 'NONE', *, *, #1704, .F. ) ;
#1385 = DIRECTION ( 'NONE',  ( -0.000000000000000000, 1.000000000000000000, 0.000000000000000000 ) ) ;
#1386 = STYLED_ITEM ( 'NONE', ( #549 ), #1358 ) ;
#1387 = TOROIDAL_SURFACE ( 'NONE', #2172, 0.3000000000000034861, 0.2550000000000000044 ) ;
#1388 = ORIENTED_EDGE ( 'NONE', *, *, #1269, .F. ) ;
#1389 = EDGE_CURVE ( 'NONE', #1114, #202, #1723, .T. ) ;
#1390 = CYLINDRICAL_SURFACE ( 'NONE', #244, 0.2550000000000000044 ) ;
#1391 =( LENGTH_UNIT ( ) NAMED_UNIT ( * ) SI_UNIT ( .MILLI., .METRE. ) );
#1392 = MECHANICAL_DESIGN_GEOMETRIC_PRESENTATION_REPRESENTATION (  '', ( #294 ), #364 ) ;
#1393 = AXIS2_PLACEMENT_3D ( 'NONE', #1583, #1209, #1409 ) ;
#1394 = ORIENTED_EDGE ( 'NONE', *, *, #905, .T. ) ;
#1395 = FILL_AREA_STYLE ('',( #1954 ) ) ;
#1396 = LINE ( 'NONE', #503, #1179 ) ;
#1397 = SURFACE_STYLE_USAGE ( .BOTH. , #2290 ) ;
#1398 = SURFACE_SIDE_STYLE ('',( #106 ) ) ;
#1399 = ORIENTED_EDGE ( 'NONE', *, *, #1389, .F. ) ;
#1400 = EDGE_CURVE ( 'NONE', #1895, #1343, #666, .T. ) ;
#1401 = FILL_AREA_STYLE_COLOUR ( '', #2140 ) ;
#1402 = AXIS2_PLACEMENT_3D ( 'NONE', #2119, #502, #123 ) ;
#1403 = STYLED_ITEM ( 'NONE', ( #603 ), #275 ) ;
#1404 =( GEOMETRIC_REPRESENTATION_CONTEXT ( 3 ) GLOBAL_UNCERTAINTY_ASSIGNED_CONTEXT ( ( #141 ) ) GLOBAL_UNIT_ASSIGNED_CONTEXT ( ( #1974, #1314, #1545 ) ) REPRESENTATION_CONTEXT ( 'NONE', 'WORKASPACE' ) );
#1405 = VERTEX_POINT ( 'NONE', #383 ) ;
#1406 =( NAMED_UNIT ( * ) SI_UNIT ( $, .STERADIAN. ) SOLID_ANGLE_UNIT ( ) );
#1407 = FACE_OUTER_BOUND ( 'NONE', #1063, .T. ) ;
#1408 = DIRECTION ( 'NONE',  ( 0.000000000000000000, 1.000000000000000000, 0.000000000000000000 ) ) ;
#1409 = DIRECTION ( 'NONE',  ( -1.000000000000000000, 0.000000000000000000, 0.000000000000000000 ) ) ;
#1410 = PRESENTATION_STYLE_ASSIGNMENT (( #49 ) ) ;
#1411 = CARTESIAN_POINT ( 'NONE',  ( 2.550000000000000266, -1.250000000000000000, 1.000000000000000000 ) ) ;
#1412 = CIRCLE ( 'NONE', #499, 0.2550000000000000044 ) ;
#1413 = AXIS2_PLACEMENT_3D ( 'NONE', #893, #2333, #1967 ) ;
#1414 = SURFACE_STYLE_USAGE ( .BOTH. , #1024 ) ;
#1415 = EDGE_LOOP ( 'NONE', ( #1518, #1478, #1873, #252, #2162, #1994, #128 ) ) ;
#1416 = EDGE_LOOP ( 'NONE', ( #2311, #712, #2022, #2299 ) ) ;
#1417 = PRESENTATION_STYLE_ASSIGNMENT (( #346 ) ) ;
#1418 = CARTESIAN_POINT ( 'NONE',  ( 2.250000000000000000, -7.343970125629120993, 1.000000000000000000 ) ) ;
#1419 = CYLINDRICAL_SURFACE ( 'NONE', #1589, 0.2550000000000000044 ) ;
#1420 = STYLED_ITEM ( 'NONE', ( #4 ), #1371 ) ;
#1421 = SURFACE_STYLE_USAGE ( .BOTH. , #137 ) ;
#1422 = AXIS2_PLACEMENT_3D ( 'NONE', #645, #2203, #587 ) ;
#1423 = FACE_OUTER_BOUND ( 'NONE', #1143, .T. ) ;
#1424 = ORIENTED_EDGE ( 'NONE', *, *, #1497, .F. ) ;
#1425 = ORIENTED_EDGE ( 'NONE', *, *, #1970, .T. ) ;
#1426 = CARTESIAN_POINT ( 'NONE',  ( 0.000000000000000000, 0.000000000000000000, -0.5000000000000000000 ) ) ;
#1427 = EDGE_CURVE ( 'NONE', #2097, #658, #161, .T. ) ;
#1428 = AXIS2_PLACEMENT_3D ( 'NONE', #1761, #2310, #142 ) ;
#1429 = DIRECTION ( 'NONE',  ( 0.000000000000000000, -1.000000000000000000, 0.000000000000000000 ) ) ;
#1430 = CARTESIAN_POINT ( 'NONE',  ( -2.550000000000000266, -1.000000000000000000, -1.000000000000000000 ) ) ;
#1431 = CARTESIAN_POINT ( 'NONE',  ( -2.550000000000000266, -4.500000000000000000, -0.7448719209011430697 ) ) ;
#1432 = CIRCLE ( 'NONE', #1837, 0.2550000000000000044 ) ;
#1433 = DIRECTION ( 'NONE',  ( -1.000000000000000000, 0.000000000000000000, 0.000000000000000000 ) ) ;
#1434 = EDGE_LOOP ( 'NONE', ( #799, #122, #1169, #1022 ) ) ;
#1435 =( GEOMETRIC_REPRESENTATION_CONTEXT ( 3 ) GLOBAL_UNCERTAINTY_ASSIGNED_CONTEXT ( ( #1043 ) ) GLOBAL_UNIT_ASSIGNED_CONTEXT ( ( #526, #1064, #1406 ) ) REPRESENTATION_CONTEXT ( 'NONE', 'WORKASPACE' ) );
#1436 =( LENGTH_UNIT ( ) NAMED_UNIT ( * ) SI_UNIT ( .MILLI., .METRE. ) );
#1437 = COLOUR_RGB ( '',1.000000000000000000, 1.000000000000000000, 0.000000000000000000 ) ;
#1438 =( NAMED_UNIT ( * ) PLANE_ANGLE_UNIT ( ) SI_UNIT ( $, .RADIAN. ) );
#1439 = CARTESIAN_POINT ( 'NONE',  ( 2.743238294079137329, -2.416280961565508534, 0.6457390435670061768 ) ) ;
#1440 = AXIS2_PLACEMENT_3D ( 'NONE', #296, #1020, #93 ) ;
#1441 = SURFACE_SIDE_STYLE ('',( #19 ) ) ;
#1442 = ORIENTED_EDGE ( 'NONE', *, *, #1132, .T. ) ;
#1443 = AXIS2_PLACEMENT_3D ( 'NONE', #1005, #1523, #2057 ) ;
#1444 = ORIENTED_EDGE ( 'NONE', *, *, #115, .F. ) ;
#1445 = CARTESIAN_POINT ( 'NONE',  ( 2.550000000000000266, -4.500000000000000000, 0.7448719209011439579 ) ) ;
#1446 = ORIENTED_EDGE ( 'NONE', *, *, #2274, .F. ) ;
#1447 = CARTESIAN_POINT ( 'NONE',  ( -2.250000000000000000, -7.598970125629120886, -1.000000000000000000 ) ) ;
#1448 = CARTESIAN_POINT ( 'NONE',  ( 2.299999999999999822, -9.000000000000000000, 1.000000000000000000 ) ) ;
#1449 = SURFACE_STYLE_FILL_AREA ( #1262 ) ;
#1450 = EDGE_CURVE ( 'NONE', #606, #923, #2248, .T. ) ;
#1451 =( GEOMETRIC_REPRESENTATION_CONTEXT ( 3 ) GLOBAL_UNCERTAINTY_ASSIGNED_CONTEXT ( ( #1684 ) ) GLOBAL_UNIT_ASSIGNED_CONTEXT ( ( #602, #2228, #843 ) ) REPRESENTATION_CONTEXT ( 'NONE', 'WORKASPACE' ) );
#1452 = EDGE_CURVE ( 'NONE', #46, #51, #1997, .T. ) ;
#1453 = ORIENTED_EDGE ( 'NONE', *, *, #373, .F. ) ;
#1454 = CARTESIAN_POINT ( 'NONE',  ( -2.253978461252781340, -1.054269985410406507, -0.7500000000000001110 ) ) ;
#1455 = CARTESIAN_POINT ( 'NONE',  ( 2.250000000000000000, -7.088970125629121100, 1.000000000000000000 ) ) ;
#1456 = SURFACE_STYLE_FILL_AREA ( #1469 ) ;
#1457 = DIRECTION ( 'NONE',  ( -3.401418580346680523E-15, 1.000000000000000000, 0.000000000000000000 ) ) ;
#1458 = MECHANICAL_DESIGN_GEOMETRIC_PRESENTATION_REPRESENTATION (  '', ( #1045 ), #134 ) ;
#1459 = TOROIDAL_SURFACE ( 'NONE', #1795, 0.8280149371854390594, 0.2550000000000000044 ) ;
#1460 = DIRECTION ( 'NONE',  ( 1.000000000000000000, 0.000000000000000000, 0.000000000000000000 ) ) ;
#1461 = FILL_AREA_STYLE_COLOUR ( '', #12 ) ;
#1462 = DIRECTION ( 'NONE',  ( 0.000000000000000000, 0.000000000000000000, 1.000000000000000000 ) ) ;
#1463 = B_SPLINE_CURVE_WITH_KNOTS ( 'NONE', 3,
 ( #1477, #2197, #1082, #2041, #554, #1301 ),
 .UNSPECIFIED., .F., .F.,
 ( 4, 2, 4 ),
 ( 0.000000000000000000, 0.5000000000000000000, 1.000000000000000000 ),
 .UNSPECIFIED. ) ;
#1464 =( LENGTH_UNIT ( ) NAMED_UNIT ( * ) SI_UNIT ( .MILLI., .METRE. ) );
#1465 = AXIS2_PLACEMENT_3D ( 'NONE', #196, #66, #1845 ) ;
#1466 = EDGE_CURVE ( 'NONE', #51, #664, #1463, .T. ) ;
#1467 = CARTESIAN_POINT ( 'NONE',  ( -2.136793434701716787, -1.243856588132008500, -0.7499999999999998890 ) ) ;
#1468 = CARTESIAN_POINT ( 'NONE',  ( -2.805256158197710903, -4.500000000000000888, -0.9331740940518761240 ) ) ;
#1469 = FILL_AREA_STYLE ('',( #2167 ) ) ;
#1470 = FILL_AREA_STYLE_COLOUR ( '', #147 ) ;
#1471 = AXIS2_PLACEMENT_3D ( 'NONE', #626, #567, #1826 ) ;
#1472 = FILL_AREA_STYLE ('',( #1119 ) ) ;
#1473 = PRESENTATION_LAYER_ASSIGNMENT (  '', '', ( #2342 ) ) ;
#1474 = FILL_AREA_STYLE_COLOUR ( '', #873 ) ;
#1475 = CARTESIAN_POINT ( 'NONE',  ( -2.266884835663945275, -2.680570201963038190, -0.7428079774409257485 ) ) ;
#1476 = MECHANICAL_DESIGN_GEOMETRIC_PRESENTATION_REPRESENTATION (  '', ( #2272 ), #653 ) ;
#1477 = CARTESIAN_POINT ( 'NONE',  ( 2.550000000000000266, -4.500000000000000000, 0.7448719209011439579 ) ) ;
#1478 = ORIENTED_EDGE ( 'NONE', *, *, #1466, .T. ) ;
#1479 = PLANE ( 'NONE',  #1707 ) ;
#1480 =( GEOMETRIC_REPRESENTATION_CONTEXT ( 3 ) GLOBAL_UNCERTAINTY_ASSIGNED_CONTEXT ( ( #2216 ) ) GLOBAL_UNIT_ASSIGNED_CONTEXT ( ( #199, #1548, #1017 ) ) REPRESENTATION_CONTEXT ( 'NONE', 'WORKASPACE' ) );
#1481 = ADVANCED_FACE ( 'NONE', ( #411 ), #1131, .T. ) ;
#1482 = VERTEX_POINT ( 'NONE', #723 ) ;
#1483 = FILL_AREA_STYLE_COLOUR ( '', #1266 ) ;
#1484 =( NAMED_UNIT ( * ) SI_UNIT ( $, .STERADIAN. ) SOLID_ANGLE_UNIT ( ) );
#1485 = UNCERTAINTY_MEASURE_WITH_UNIT (LENGTH_MEASURE( 1.000000000000000082E-05 ), #2001, 'distance_accuracy_value', 'NONE');
#1486 = SURFACE_SIDE_STYLE ('',( #2047 ) ) ;
#1487 = FACE_OUTER_BOUND ( 'NONE', #513, .T. ) ;
#1488 = ORIENTED_EDGE ( 'NONE', *, *, #220, .T. ) ;
#1489 = UNCERTAINTY_MEASURE_WITH_UNIT (LENGTH_MEASURE( 1.000000000000000082E-05 ), #2004, 'distance_accuracy_value', 'NONE');
#1490 = ORIENTED_EDGE ( 'NONE', *, *, #18, .T. ) ;
#1491 = UNCERTAINTY_MEASURE_WITH_UNIT (LENGTH_MEASURE( 1.000000000000000082E-05 ), #54, 'distance_accuracy_value', 'NONE');
#1492 = MECHANICAL_DESIGN_GEOMETRIC_PRESENTATION_REPRESENTATION (  '', ( #1070 ), #1791 ) ;
#1493 = PRESENTATION_LAYER_ASSIGNMENT (  '', '', ( #966 ) ) ;
#1494 = EDGE_LOOP ( 'NONE', ( #1388, #2196, #964, #1508 ) ) ;
#1495 = CARTESIAN_POINT ( 'NONE',  ( -2.672197748067375755, -1.004384873688173307, -0.7500000000000001110 ) ) ;
#1496 = CARTESIAN_POINT ( 'NONE',  ( -2.250000000000000000, -7.598970125629120886, -1.000000000000000000 ) ) ;
#1497 = EDGE_CURVE ( 'NONE', #73, #464, #1891, .T. ) ;
#1498 = ORIENTED_EDGE ( 'NONE', *, *, #220, .F. ) ;
#1499 =( NAMED_UNIT ( * ) PLANE_ANGLE_UNIT ( ) SI_UNIT ( $, .RADIAN. ) );
#1500 = FILL_AREA_STYLE ('',( #80 ) ) ;
#1501 = AXIS2_PLACEMENT_3D ( 'NONE', #793, #1829, #960 ) ;
#1502 = EDGE_CURVE ( 'NONE', #2164, #1267, #247, .T. ) ;
#1503 = CARTESIAN_POINT ( 'NONE',  ( -2.870424493734771154, -2.145504434544407424, -0.7198348690273531636 ) ) ;
#1504 = SURFACE_STYLE_USAGE ( .BOTH. , #264 ) ;
#1505 = EDGE_LOOP ( 'NONE', ( #132, #1613, #1844, #1797, #1592, #1578 ) ) ;
#1506 = CARTESIAN_POINT ( 'NONE',  ( 0.000000000000000000, 0.000000000000000000, 0.5000000000000000000 ) ) ;
#1507 = CARTESIAN_POINT ( 'NONE',  ( 2.250000000000000000, -7.598970125629120886, 1.000000000000000000 ) ) ;
#1508 = ORIENTED_EDGE ( 'NONE', *, *, #2204, .F. ) ;
#1509 = CARTESIAN_POINT ( 'NONE',  ( 2.600000000000000089, -9.299999999999998934, 1.000000000000000000 ) ) ;
#1510 = PRESENTATION_LAYER_ASSIGNMENT (  '', '', ( #717 ) ) ;
#1511 = STYLED_ITEM ( 'NONE', ( #328 ), #352 ) ;
#1512 = DIRECTION ( 'NONE',  ( 0.000000000000000000, 1.000000000000000000, 0.000000000000000000 ) ) ;
#1513 = PRESENTATION_LAYER_ASSIGNMENT (  '', '', ( #1204 ) ) ;
#1514 = CARTESIAN_POINT ( 'NONE',  ( -2.027613082046579862, -8.171985062814558276, -1.000000000000000000 ) ) ;
#1515 = FILL_AREA_STYLE_COLOUR ( '', #169 ) ;
#1516 = PRESENTATION_LAYER_ASSIGNMENT (  '', '', ( #2309 ) ) ;
#1517 = ORIENTED_EDGE ( 'NONE', *, *, #1981, .T. ) ;
#1518 = ORIENTED_EDGE ( 'NONE', *, *, #2034, .F. ) ;
#1519 = CARTESIAN_POINT ( 'NONE',  ( 2.259628314326927345, -2.654034143096125842, 0.7481369653674555531 ) ) ;
#1520 = DIRECTION ( 'NONE',  ( -1.000000000000000000, 0.000000000000000000, 0.000000000000000000 ) ) ;
#1521 = CIRCLE ( 'NONE', #1814, 0.2550000000000000044 ) ;
#1522 = ORIENTED_EDGE ( 'NONE', *, *, #1203, .T. ) ;
#1523 = DIRECTION ( 'NONE',  ( 1.000000000000000000, 0.000000000000000000, 0.000000000000000000 ) ) ;
#1524 = DIRECTION ( 'NONE',  ( 0.000000000000000000, -1.000000000000000000, 0.000000000000000000 ) ) ;
#1525 = CARTESIAN_POINT ( 'NONE',  ( 2.616825905948129805, -4.500000000000000888, 1.255256158197711303 ) ) ;
#1526 = SURFACE_STYLE_USAGE ( .BOTH. , #1697 ) ;
#1527 = ORIENTED_EDGE ( 'NONE', *, *, #251, .F. ) ;
#1528 = ADVANCED_FACE ( 'NONE', ( #1144 ), #2063, .T. ) ;
#1529 = CARTESIAN_POINT ( 'NONE',  ( -2.271463463277993089, -1.044481078676896768, -0.7500000000000002220 ) ) ;
#1530 = PRESENTATION_LAYER_ASSIGNMENT (  '', '', ( #245 ) ) ;
#1531 = CARTESIAN_POINT ( 'NONE',  ( -2.940082206159098543, -1.152519962042265478, -0.7499999999999997780 ) ) ;
#1532 = AXIS2_PLACEMENT_3D ( 'NONE', #812, #438, #657 ) ;
#1533 = ORIENTED_EDGE ( 'NONE', *, *, #754, .F. ) ;
#1534 =( NAMED_UNIT ( * ) PLANE_ANGLE_UNIT ( ) SI_UNIT ( $, .RADIAN. ) );
#1535 = PRESENTATION_STYLE_ASSIGNMENT (( #2256 ) ) ;
#1536 = CYLINDRICAL_SURFACE ( 'NONE', #663, 0.2550000000000000044 ) ;
#1537 = COLOUR_RGB ( '',1.000000000000000000, 1.000000000000000000, 1.000000000000000000 ) ;
#1538 = CARTESIAN_POINT ( 'NONE',  ( -2.912870932250614775, -1.848697631320344925, -0.7500000000000000000 ) ) ;
#1539 = FACE_OUTER_BOUND ( 'NONE', #1361, .T. ) ;
#1540 = PRESENTATION_STYLE_ASSIGNMENT (( #1526 ) ) ;
#1541 = STYLED_ITEM ( 'NONE', ( #539 ), #1128 ) ;
#1542 = AXIS2_PLACEMENT_3D ( 'NONE', #879, #1588, #1600 ) ;
#1543 = CARTESIAN_POINT ( 'NONE',  ( -2.365059564116957613, -1.012545771798382122, -0.7500000000000000000 ) ) ;
#1544 = EDGE_CURVE ( 'NONE', #1244, #1372, #324, .T. ) ;
#1545 =( NAMED_UNIT ( * ) SI_UNIT ( $, .STERADIAN. ) SOLID_ANGLE_UNIT ( ) );
#1546 = CONICAL_SURFACE ( 'NONE', #1465, 0.5000000000000000000, 0.06981317007977388966 ) ;
#1547 = ORIENTED_EDGE ( 'NONE', *, *, #1718, .F. ) ;
#1548 =( NAMED_UNIT ( * ) PLANE_ANGLE_UNIT ( ) SI_UNIT ( $, .RADIAN. ) );
#1549 = SURFACE_STYLE_FILL_AREA ( #1175 ) ;
#1550 = EDGE_CURVE ( 'NONE', #1372, #73, #393, .T. ) ;
#1551 = SURFACE_STYLE_FILL_AREA ( #1937 ) ;
#1552 = CARTESIAN_POINT ( 'NONE',  ( 2.549999999999869704, -1.000655513168715816, 0.7500000000000000000 ) ) ;
#1553 = AXIS2_PLACEMENT_3D ( 'NONE', #315, #1755, #1237 ) ;
#1554 = DIRECTION ( 'NONE',  ( -1.000000000000000000, 0.000000000000000000, 0.000000000000000000 ) ) ;
#1555 = CIRCLE ( 'NONE', #181, 0.2550000000000000044 ) ;
#1556 = AXIS2_PLACEMENT_3D ( 'NONE', #1514, #949, #2230 ) ;
#1557 = SURFACE_STYLE_FILL_AREA ( #834 ) ;
#1558 = ORIENTED_EDGE ( 'NONE', *, *, #490, .T. ) ;
#1559 = DIRECTION ( 'NONE',  ( 1.000000000000000000, 0.000000000000000000, 0.000000000000000000 ) ) ;
#1560 = EDGE_CURVE ( 'NONE', #2097, #1773, #1359, .T. ) ;
#1561 =( NAMED_UNIT ( * ) SI_UNIT ( $, .STERADIAN. ) SOLID_ANGLE_UNIT ( ) );
#1562 = DIRECTION ( 'NONE',  ( -1.000000000000000000, 0.000000000000000000, 0.000000000000000000 ) ) ;
#1563 =( NAMED_UNIT ( * ) PLANE_ANGLE_UNIT ( ) SI_UNIT ( $, .RADIAN. ) );
#1564 = CARTESIAN_POINT ( 'NONE',  ( 2.619818368518150198, -1.001328480480497607, 0.7500000000000000000 ) ) ;
#1565 = DIRECTION ( 'NONE',  ( 0.000000000000000000, 0.000000000000000000, -1.000000000000000000 ) ) ;
#1566 = STYLED_ITEM ( 'NONE', ( #816 ), #1888 ) ;
#1567 = ORIENTED_EDGE ( 'NONE', *, *, #700, .F. ) ;
#1568 = EDGE_CURVE ( 'NONE', #1895, #678, #1042, .T. ) ;
#1569 = DIRECTION ( 'NONE',  ( -1.000000000000000000, 0.000000000000000000, 0.000000000000000000 ) ) ;
#1570 = DIRECTION ( 'NONE',  ( 1.000000000000000000, 0.000000000000000000, 0.000000000000000000 ) ) ;
#1571 = STYLED_ITEM ( 'NONE', ( #1010 ), #1744 ) ;
#1572 = EDGE_CURVE ( 'NONE', #658, #1312, #2020, .T. ) ;
#1573 =( LENGTH_UNIT ( ) NAMED_UNIT ( * ) SI_UNIT ( .MILLI., .METRE. ) );
#1574 = CARTESIAN_POINT ( 'NONE',  ( 2.804812261209458590, -1.033435267554972947, 0.7500000000000001110 ) ) ;
#1575 = STYLED_ITEM ( 'NONE', ( #2031 ), #370 ) ;
#1576 = TOROIDAL_SURFACE ( 'NONE', #1950, 0.2319078224938294908, 0.2500000000000000000 ) ;
#1577 = ADVANCED_FACE ( 'NONE', ( #2262 ), #1822, .T. ) ;
#1578 = ORIENTED_EDGE ( 'NONE', *, *, #1628, .T. ) ;
#1579 = SURFACE_STYLE_FILL_AREA ( #1037 ) ;
#1580 = DIRECTION ( 'NONE',  ( 0.000000000000000000, 0.000000000000000000, 1.000000000000000000 ) ) ;
#1581 = CARTESIAN_POINT ( 'NONE',  ( 2.550000000000000266, -1.000000000000000000, 1.000000000000000000 ) ) ;
#1582 = STYLED_ITEM ( 'NONE', ( #741 ), #708 ) ;
#1583 = CARTESIAN_POINT ( 'NONE',  ( 2.250000000000000000, -7.043970125629120282, 1.000000000000000000 ) ) ;
#1584 = CARTESIAN_POINT ( 'NONE',  ( -2.483174094051884051, -4.500000000000000888, -1.255256158197711303 ) ) ;
#1585 = CARTESIAN_POINT ( 'NONE',  ( 2.579896927337804513, -1.000655513168715816, 0.7500000000000002220 ) ) ;
#1586 = APPLICATION_CONTEXT ( 'automotive_design' ) ;
#1587 = B_SPLINE_CURVE_WITH_KNOTS ( 'NONE', 3,
 ( #617, #1863, #2246, #232, #1678, #1503, #1000, #1538 ),
 .UNSPECIFIED., .F., .F.,
 ( 4, 2, 2, 4 ),
 ( 0.000000000000000000, 0.2500000000000000000, 0.5000000000000000000, 1.000000000000000000 ),
 .UNSPECIFIED. ) ;
#1588 = DIRECTION ( 'NONE',  ( 1.000000000000000000, 0.000000000000000000, 0.000000000000000000 ) ) ;
#1589 = AXIS2_PLACEMENT_3D ( 'NONE', #739, #729, #1457 ) ;
#1590 = STYLED_ITEM ( 'NONE', ( #1410 ), #110 ) ;
#1591 = CLOSED_SHELL ( 'NONE', ( #1577, #1128, #1230, #808, #1012, #1481, #1358, #2009, #352, #1306, #1834, #2168, #2334, #357, #50, #652, #1214, #1049, #1944, #1189, #1964, #370, #28, #1528, #2086, #2011, #386, #432, #1768, #622, #239, #2186, #708, #1744, #1807, #1142, #1072, #1888, #2042, #1805, #467, #340, #481, #1109, #110, #1906, #275, #1371 ) ) ;
#1592 = ORIENTED_EDGE ( 'NONE', *, *, #914, .T. ) ;
#1593 = DIRECTION ( 'NONE',  ( 1.000000000000000000, 0.000000000000000000, 0.000000000000000000 ) ) ;
#1594 =( NAMED_UNIT ( * ) PLANE_ANGLE_UNIT ( ) SI_UNIT ( $, .RADIAN. ) );
#1595 =( LENGTH_UNIT ( ) NAMED_UNIT ( * ) SI_UNIT ( .MILLI., .METRE. ) );
#1596 = SURFACE_SIDE_STYLE ('',( #2136 ) ) ;
#1597 = SURFACE_SIDE_STYLE ('',( #1630 ) ) ;
#1598 = SURFACE_STYLE_USAGE ( .BOTH. , #2281 ) ;
#1599 = TOROIDAL_SURFACE ( 'NONE', #1135, 0.2319078224938294908, 0.2500000000000000000 ) ;
#1600 = DIRECTION ( 'NONE',  ( 0.000000000000000000, 1.000000000000000000, 0.000000000000000000 ) ) ;
#1601 = EDGE_CURVE ( 'NONE', #298, #46, #188, .T. ) ;
#1602 = ORIENTED_EDGE ( 'NONE', *, *, #1287, .T. ) ;
#1603 = CARTESIAN_POINT ( 'NONE',  ( -2.600000000000000089, -16.60000000000000142, -1.000000000000000000 ) ) ;
#1604 = DIRECTION ( 'NONE',  ( 1.000000000000000000, 0.000000000000000000, 0.000000000000000000 ) ) ;
#1605 = FILL_AREA_STYLE ('',( #2347 ) ) ;
#1606 = COLOUR_RGB ( '',1.000000000000000000, 1.000000000000000000, 1.000000000000000000 ) ;
#1607 = CIRCLE ( 'NONE', #579, 0.2550000000000000044 ) ;
#1608 =( NAMED_UNIT ( * ) PLANE_ANGLE_UNIT ( ) SI_UNIT ( $, .RADIAN. ) );
#1609 = CARTESIAN_POINT ( 'NONE',  ( 2.027613082046579862, -9.000000000000000000, 1.000000000000000000 ) ) ;
#1610 = ORIENTED_EDGE ( 'NONE', *, *, #2264, .F. ) ;
#1611 = EDGE_CURVE ( 'NONE', #664, #298, #1735, .T. ) ;
#1612 = AXIS2_PLACEMENT_3D ( 'NONE', #604, #108, #96 ) ;
#1613 = ORIENTED_EDGE ( 'NONE', *, *, #2065, .F. ) ;
#1614 = CARTESIAN_POINT ( 'NONE',  ( -2.299999999999999822, -9.000000000000000000, -1.000000000000000000 ) ) ;
#1615 = DIRECTION ( 'NONE',  ( 1.000000000000000000, 0.000000000000000000, 0.000000000000000000 ) ) ;
#1616 = FILL_AREA_STYLE ('',( #520 ) ) ;
#1617 = DIRECTION ( 'NONE',  ( -1.000000000000000000, 0.000000000000000000, 0.000000000000000000 ) ) ;
#1618 = EDGE_CURVE ( 'NONE', #320, #407, #699, .T. ) ;
#1619 = COLOUR_RGB ( '',1.000000000000000000, 1.000000000000000000, 0.000000000000000000 ) ;
#1620 = CARTESIAN_POINT ( 'NONE',  ( -2.348981895882114923, -2.757841966363256514, -0.6809282767306692463 ) ) ;
#1621 = DIRECTION ( 'NONE',  ( 1.000000000000000000, 0.000000000000000000, 0.000000000000000000 ) ) ;
#1622 =( GEOMETRIC_REPRESENTATION_CONTEXT ( 3 ) GLOBAL_UNCERTAINTY_ASSIGNED_CONTEXT ( ( #877 ) ) GLOBAL_UNIT_ASSIGNED_CONTEXT ( ( #1133, #1346, #2066 ) ) REPRESENTATION_CONTEXT ( 'NONE', 'WORKASPACE' ) );
#1623 =( GEOMETRIC_REPRESENTATION_CONTEXT ( 3 ) GLOBAL_UNCERTAINTY_ASSIGNED_CONTEXT ( ( #584 ) ) GLOBAL_UNIT_ASSIGNED_CONTEXT ( ( #2326, #1438, #1248 ) ) REPRESENTATION_CONTEXT ( 'NONE', 'WORKASPACE' ) );
#1624 = ORIENTED_EDGE ( 'NONE', *, *, #2127, .F. ) ;
#1625 = CARTESIAN_POINT ( 'NONE',  ( 2.294067183530068554, -1.033152118819732346, 0.7500000000000001110 ) ) ;
#1626 = PLANE ( 'NONE',  #1918 ) ;
#1627 = PRESENTATION_LAYER_ASSIGNMENT (  '', '', ( #1775 ) ) ;
#1628 = EDGE_CURVE ( 'NONE', #1751, #85, #100, .T. ) ;
#1629 = CYLINDRICAL_SURFACE ( 'NONE', #1220, 0.2550000000000000044 ) ;
#1630 = SURFACE_STYLE_FILL_AREA ( #911 ) ;
#1631 = SURFACE_STYLE_USAGE ( .BOTH. , #178 ) ;
#1632 = FILL_AREA_STYLE ('',( #2163 ) ) ;
#1633 = VERTEX_POINT ( 'NONE', #806 ) ;
#1634 = B_SPLINE_CURVE_WITH_KNOTS ( 'NONE', 3,
 ( #2166, #1468, #1270, #565, #725, #903 ),
 .UNSPECIFIED., .F., .F.,
 ( 4, 2, 4 ),
 ( 0.000000000000000000, 0.5000000000000000000, 1.000000000000000000 ),
 .UNSPECIFIED. ) ;
#1635 = CARTESIAN_POINT ( 'NONE',  ( -2.205621673546435790, -1.088965871573602362, -0.7500000000000000000 ) ) ;
#1636 = DIRECTION ( 'NONE',  ( -1.000000000000000000, 0.000000000000000000, 0.000000000000000000 ) ) ;
#1637 = SURFACE_STYLE_FILL_AREA ( #918 ) ;
#1638 = FILL_AREA_STYLE ('',( #1483 ) ) ;
#1639 = CYLINDRICAL_SURFACE ( 'NONE', #454, 0.2550000000000000044 ) ;
#1640 = EDGE_CURVE ( 'NONE', #2275, #2141, #403, .T. ) ;
#1641 = STYLED_ITEM ( 'NONE', ( #562 ), #1306 ) ;
#1642 = MECHANICAL_DESIGN_GEOMETRIC_PRESENTATION_REPRESENTATION (  '', ( #1251 ), #632 ) ;
#1643 = DIRECTION ( 'NONE',  ( 0.000000000000000000, 0.000000000000000000, 1.000000000000000000 ) ) ;
#1644 = AXIS2_PLACEMENT_3D ( 'NONE', #1506, #2052, #266 ) ;
#1645 = DIRECTION ( 'NONE',  ( 0.000000000000000000, 0.000000000000000000, 1.000000000000000000 ) ) ;
#1646 = DIRECTION ( 'NONE',  ( 0.000000000000000000, 1.000000000000000000, 0.000000000000000000 ) ) ;
#1647 = MECHANICAL_DESIGN_GEOMETRIC_PRESENTATION_REPRESENTATION (  '', ( #1827 ), #2070 ) ;
#1648 = PRESENTATION_LAYER_ASSIGNMENT (  '', '', ( #332 ) ) ;
#1649 = DIRECTION ( 'NONE',  ( 0.000000000000000000, 0.000000000000000000, -1.000000000000000000 ) ) ;
#1650 = PRESENTATION_STYLE_ASSIGNMENT (( #417 ) ) ;
#1651 =( NAMED_UNIT ( * ) PLANE_ANGLE_UNIT ( ) SI_UNIT ( $, .RADIAN. ) );
#1652 = ORIENTED_EDGE ( 'NONE', *, *, #1788, .F. ) ;
#1653 = CARTESIAN_POINT ( 'NONE',  ( -2.550000000000000266, -1.000000000000000000, -1.231907822493830018 ) ) ;
#1654 = FILL_AREA_STYLE ('',( #1474 ) ) ;
#1655 = CARTESIAN_POINT ( 'NONE',  ( -2.254197260835980376, -2.611722555946469626, -0.7500000000000000000 ) ) ;
#1656 = AXIS2_PLACEMENT_3D ( 'NONE', #2030, #1086, #1988 ) ;
#1657 = CARTESIAN_POINT ( 'NONE',  ( 2.683240309146361025, -4.500000000000000000, 0.7722535883439136661 ) ) ;
#1658 = DIRECTION ( 'NONE',  ( -1.000000000000000000, 0.000000000000000000, 0.000000000000000000 ) ) ;
#1659 = CARTESIAN_POINT ( 'NONE',  ( 2.332752984339302227, -2.756444885577872927, 0.6915213700397925267 ) ) ;
#1660 = PRESENTATION_LAYER_ASSIGNMENT (  '', '', ( #2112 ) ) ;
#1661 = ORIENTED_EDGE ( 'NONE', *, *, #18, .F. ) ;
#1662 = FILL_AREA_STYLE_COLOUR ( '', #461 ) ;
#1663 = SURFACE_STYLE_USAGE ( .BOTH. , #1693 ) ;
#1664 = FILL_AREA_STYLE_COLOUR ( '', #2286 ) ;
#1665 = VERTEX_POINT ( 'NONE', #420 ) ;
#1666 = DIRECTION ( 'NONE',  ( 0.000000000000000000, 0.000000000000000000, 1.000000000000000000 ) ) ;
#1667 = CARTESIAN_POINT ( 'NONE',  ( -2.363865858297506506, -2.756773540775571796, -0.6719585113832298173 ) ) ;
#1668 = ORIENTED_EDGE ( 'NONE', *, *, #935, .T. ) ;
#1669 = ORIENTED_EDGE ( 'NONE', *, *, #1782, .F. ) ;
#1670 = ORIENTED_EDGE ( 'NONE', *, *, #405, .F. ) ;
#1671 = PRESENTATION_STYLE_ASSIGNMENT (( #956 ) ) ;
#1672 = CARTESIAN_POINT ( 'NONE',  ( 2.269669139119175227, -2.688838040309986965, 0.7406113378495688959 ) ) ;
#1673 = ORIENTED_EDGE ( 'NONE', *, *, #1611, .F. ) ;
#1674 = PRESENTATION_STYLE_ASSIGNMENT (( #2012 ) ) ;
#1675 = CARTESIAN_POINT ( 'NONE',  ( 2.027613082046579862, -9.000000000000000000, 0.7449999999999999956 ) ) ;
#1676 = UNCERTAINTY_MEASURE_WITH_UNIT (LENGTH_MEASURE( 1.000000000000000082E-05 ), #1573, 'distance_accuracy_value', 'NONE');
#1677 = FILL_AREA_STYLE_COLOUR ( '', #1977 ) ;
#1678 = CARTESIAN_POINT ( 'NONE',  ( -2.780635589225276760, -2.350261117237680608, -0.6645671463928664036 ) ) ;
#1679 = FACE_OUTER_BOUND ( 'NONE', #821, .T. ) ;
#1680 = DIRECTION ( 'NONE',  ( 0.000000000000000000, 0.000000000000000000, -1.000000000000000000 ) ) ;
#1681 = AXIS2_PLACEMENT_3D ( 'NONE', #216, #585, #430 ) ;
#1682 = UNCERTAINTY_MEASURE_WITH_UNIT (LENGTH_MEASURE( 1.000000000000000082E-05 ), #1464, 'distance_accuracy_value', 'NONE');
#1683 = ORIENTED_EDGE ( 'NONE', *, *, #891, .T. ) ;
#1684 = UNCERTAINTY_MEASURE_WITH_UNIT (LENGTH_MEASURE( 1.000000000000000082E-05 ), #602, 'distance_accuracy_value', 'NONE');
#1685 = AXIS2_PLACEMENT_3D ( 'NONE', #1995, #1621, #2185 ) ;
#1686 = AXIS2_PLACEMENT_3D ( 'NONE', #1164, #304, #1902 ) ;
#1687 = DIRECTION ( 'NONE',  ( 0.000000000000000000, 0.000000000000000000, -1.000000000000000000 ) ) ;
#1688 = DIRECTION ( 'NONE',  ( 1.000000000000000000, 0.000000000000000000, 0.000000000000000000 ) ) ;
#1689 = CARTESIAN_POINT ( 'NONE',  ( -2.903702547346077800, -1.095757143257158228, -0.7500000000000002220 ) ) ;
#1690 =( NAMED_UNIT ( * ) SI_UNIT ( $, .STERADIAN. ) SOLID_ANGLE_UNIT ( ) );
#1691 = ORIENTED_EDGE ( 'NONE', *, *, #251, .T. ) ;
#1692 = DIRECTION ( 'NONE',  ( 0.000000000000000000, 1.000000000000000000, 0.000000000000000000 ) ) ;
#1693 = SURFACE_SIDE_STYLE ('',( #1290 ) ) ;
#1694 = AXIS2_PLACEMENT_3D ( 'NONE', #70, #795, #1554 ) ;
#1695 = FILL_AREA_STYLE_COLOUR ( '', #2325 ) ;
#1696 =( LENGTH_UNIT ( ) NAMED_UNIT ( * ) SI_UNIT ( .MILLI., .METRE. ) );
#1697 = SURFACE_SIDE_STYLE ('',( #1733 ) ) ;
#1698 = UNCERTAINTY_MEASURE_WITH_UNIT (LENGTH_MEASURE( 1.000000000000000082E-05 ), #1221, 'distance_accuracy_value', 'NONE');
#1699 = ORIENTED_EDGE ( 'NONE', *, *, #2148, .T. ) ;
#1700 = CARTESIAN_POINT ( 'NONE',  ( -2.549999999999869704, -1.000655513168715816, -0.7500000000000000000 ) ) ;
#1701 = PRESENTATION_STYLE_ASSIGNMENT (( #414 ) ) ;
#1702 = ORIENTED_EDGE ( 'NONE', *, *, #516, .T. ) ;
#1703 =( LENGTH_UNIT ( ) NAMED_UNIT ( * ) SI_UNIT ( .MILLI., .METRE. ) );
#1704 = EDGE_CURVE ( 'NONE', #65, #1773, #1587, .T. ) ;
#1705 =( GEOMETRIC_REPRESENTATION_CONTEXT ( 3 ) GLOBAL_UNCERTAINTY_ASSIGNED_CONTEXT ( ( #1120 ) ) GLOBAL_UNIT_ASSIGNED_CONTEXT ( ( #1101, #809, #990 ) ) REPRESENTATION_CONTEXT ( 'NONE', 'WORKASPACE' ) );
#1706 = DIRECTION ( 'NONE',  ( -1.000000000000000000, -3.401418580346680129E-15, 0.000000000000000000 ) ) ;
#1707 = AXIS2_PLACEMENT_3D ( 'NONE', #1172, #290, #240 ) ;
#1708 = FILL_AREA_STYLE ('',( #422 ) ) ;
#1709 = ORIENTED_EDGE ( 'NONE', *, *, #1946, .T. ) ;
#1710 = CARTESIAN_POINT ( 'NONE',  ( -2.027613082046579862, -9.000000000000000000, -1.000000000000000000 ) ) ;
#1711 = PRESENTATION_LAYER_ASSIGNMENT (  '', '', ( #2122 ) ) ;
#1712 = AXIS2_PLACEMENT_3D ( 'NONE', #1048, #1065, #356 ) ;
#1713 = ORIENTED_EDGE ( 'NONE', *, *, #2051, .F. ) ;
#1714 = CARTESIAN_POINT ( 'NONE',  ( 2.027613082046579862, -9.000000000000000000, 1.000000000000000000 ) ) ;
#1715 = SURFACE_SIDE_STYLE ('',( #1879 ) ) ;
#1716 = DIRECTION ( 'NONE',  ( -1.000000000000000000, -3.401418580346680129E-15, 0.000000000000000000 ) ) ;
#1717 = CARTESIAN_POINT ( 'NONE',  ( -2.027613082046579862, -7.343970125629120993, -1.000000000000000000 ) ) ;
#1718 = EDGE_CURVE ( 'NONE', #242, #1953, #1223, .T. ) ;
#1719 = ORIENTED_EDGE ( 'NONE', *, *, #160, .F. ) ;
#1720 = ORIENTED_EDGE ( 'NONE', *, *, #1601, .T. ) ;
#1721 = CARTESIAN_POINT ( 'NONE',  ( 0.000000000000000000, 0.000000000000000000, -0.7500000000000000000 ) ) ;
#1722 = MECHANICAL_DESIGN_GEOMETRIC_PRESENTATION_REPRESENTATION (  '', ( #245 ), #395 ) ;
#1723 = CIRCLE ( 'NONE', #1685, 0.2550000000000000044 ) ;
#1724 = AXIS2_PLACEMENT_3D ( 'NONE', #1923, #494, #1375 ) ;
#1725 = AXIS2_PLACEMENT_3D ( 'NONE', #1308, #962, #284 ) ;
#1726 = EDGE_LOOP ( 'NONE', ( #1399, #1709, #314, #646, #1227 ) ) ;
#1727 = CARTESIAN_POINT ( 'NONE',  ( 2.254197260832210503, -2.611722555948940094, 0.7500000000000000000 ) ) ;
#1728 = LINE ( 'NONE', #2081, #2 ) ;
#1729 = DIRECTION ( 'NONE',  ( 0.000000000000000000, 0.000000000000000000, -1.000000000000000000 ) ) ;
#1730 =( GEOMETRIC_REPRESENTATION_CONTEXT ( 3 ) GLOBAL_UNCERTAINTY_ASSIGNED_CONTEXT ( ( #230 ) ) GLOBAL_UNIT_ASSIGNED_CONTEXT ( ( #260, #400, #1276 ) ) REPRESENTATION_CONTEXT ( 'NONE', 'WORKASPACE' ) );
#1731 = CARTESIAN_POINT ( 'NONE',  ( 0.000000000000000000, 0.000000000000000000, 0.7500000000000000000 ) ) ;
#1732 = CARTESIAN_POINT ( 'NONE',  ( 2.949586078356253527, -1.175318632130913477, 0.7500000000000000000 ) ) ;
#1733 = SURFACE_STYLE_FILL_AREA ( #1181 ) ;
#1734 = STYLED_ITEM ( 'NONE', ( #1229 ), #1012 ) ;
#1735 = B_SPLINE_CURVE_WITH_KNOTS ( 'NONE', 3,
 ( #778, #1904, #1849, #633, #1337, #2259 ),
 .UNSPECIFIED., .F., .F.,
 ( 4, 2, 4 ),
 ( 0.000000000000000000, 0.5000000000000000000, 1.000000000000000000 ),
 .UNSPECIFIED. ) ;
#1736 = CARTESIAN_POINT ( 'NONE',  ( -2.181380204138104961, -1.788712453942630010, -0.7500000000000000000 ) ) ;
#1737 = EDGE_CURVE ( 'NONE', #43, #1784, #1008, .T. ) ;
#1738 = EDGE_LOOP ( 'NONE', ( #158, #368, #1691, #2225, #279, #1547 ) ) ;
#1739 =( NAMED_UNIT ( * ) SI_UNIT ( $, .STERADIAN. ) SOLID_ANGLE_UNIT ( ) );
#1740 = SURFACE_STYLE_USAGE ( .BOTH. , #337 ) ;
#1741 = ORIENTED_EDGE ( 'NONE', *, *, #291, .F. ) ;
#1742 = TOROIDAL_SURFACE ( 'NONE', #2340, 0.2319078224938294908, 0.2500000000000000000 ) ;
#1743 = AXIS2_PLACEMENT_3D ( 'NONE', #1987, #2179, #2188 ) ;
#1744 = ADVANCED_FACE ( 'NONE', ( #1351 ), #2084, .T. ) ;
#1745 = ORIENTED_EDGE ( 'NONE', *, *, #1400, .T. ) ;
#1746 = CARTESIAN_POINT ( 'NONE',  ( 2.600000000000000089, -9.299999999999998934, 1.000000000000000000 ) ) ;
#1747 = DIRECTION ( 'NONE',  ( 0.000000000000000000, 0.000000000000000000, -1.000000000000000000 ) ) ;
#1748 = FACE_OUTER_BOUND ( 'NONE', #784, .T. ) ;
#1749 = AXIS2_PLACEMENT_3D ( 'NONE', #2323, #2155, #1604 ) ;
#1750 = DIRECTION ( 'NONE',  ( -1.000000000000000000, 0.000000000000000000, 0.000000000000000000 ) ) ;
#1751 = VERTEX_POINT ( 'NONE', #831 ) ;
#1752 =( NAMED_UNIT ( * ) PLANE_ANGLE_UNIT ( ) SI_UNIT ( $, .RADIAN. ) );
#1753 = PRESENTATION_LAYER_ASSIGNMENT (  '', '', ( #1420 ) ) ;
#1754 = ORIENTED_EDGE ( 'NONE', *, *, #865, .T. ) ;
#1755 = DIRECTION ( 'NONE',  ( 0.000000000000000000, -1.000000000000000000, 0.000000000000000000 ) ) ;
#1756 = SURFACE_STYLE_FILL_AREA ( #2277 ) ;
#1757 = PRESENTATION_STYLE_ASSIGNMENT (( #654 ) ) ;
#1758 = CARTESIAN_POINT ( 'NONE',  ( -2.805128079098855309, -4.500000000000000000, -1.000000000000000000 ) ) ;
#1759 =( LENGTH_UNIT ( ) NAMED_UNIT ( * ) SI_UNIT ( .MILLI., .METRE. ) );
#1760 =( GEOMETRIC_REPRESENTATION_CONTEXT ( 3 ) GLOBAL_UNCERTAINTY_ASSIGNED_CONTEXT ( ( #749 ) ) GLOBAL_UNIT_ASSIGNED_CONTEXT ( ( #1595, #1958, #885 ) ) REPRESENTATION_CONTEXT ( 'NONE', 'WORKASPACE' ) );
#1761 = CARTESIAN_POINT ( 'NONE',  ( -2.027613082046579862, -9.000000000000000000, -1.000000000000000000 ) ) ;
#1762 = B_SPLINE_CURVE_WITH_KNOTS ( 'NONE', 3,
 ( #1655, #206, #1081, #1475, #1069, #2019, #406, #1112, #218, #899, #1265, #950, #1620, #40, #1667, #1802, #5, #2175 ),
 .UNSPECIFIED., .F., .F.,
 ( 4, 2, 2, 2, 2, 2, 2, 2, 4 ),
 ( 0.000000000000000000, 0.1249999999999978073, 0.1874999999999967248, 0.2499999999999956146, 0.3749999999999913403, 0.4374999999999895084, 0.4687499999999895639, 0.4999999999999896194, 1.000000000000000000 ),
 .UNSPECIFIED. ) ;
#1763 = EDGE_LOOP ( 'NONE', ( #1661, #1283, #797, #1943, #488 ) ) ;
#1764 = CARTESIAN_POINT ( 'NONE',  ( -2.600000000000000089, -16.60000000000000142, -1.000000000000000000 ) ) ;
#1765 = DIRECTION ( 'NONE',  ( -1.000000000000000000, 0.000000000000000000, 0.000000000000000000 ) ) ;
#1766 = SURFACE_STYLE_FILL_AREA ( #1978 ) ;
#1767 = FILL_AREA_STYLE ('',( #377 ) ) ;
#1768 = ADVANCED_FACE ( 'NONE', ( #693 ), #2249, .T. ) ;
#1769 = SURFACE_STYLE_FILL_AREA ( #1051 ) ;
#1770 = UNCERTAINTY_MEASURE_WITH_UNIT (LENGTH_MEASURE( 1.000000000000000082E-05 ), #1976, 'distance_accuracy_value', 'NONE');
#1771 = PRESENTATION_STYLE_ASSIGNMENT (( #2139 ) ) ;
#1772 = COLOUR_RGB ( '',1.000000000000000000, 1.000000000000000000, 1.000000000000000000 ) ;
#1773 = VERTEX_POINT ( 'NONE', #2124 ) ;
#1774 =( GEOMETRIC_REPRESENTATION_CONTEXT ( 3 ) GLOBAL_UNCERTAINTY_ASSIGNED_CONTEXT ( ( #2233 ) ) GLOBAL_UNIT_ASSIGNED_CONTEXT ( ( #146, #338, #1690 ) ) REPRESENTATION_CONTEXT ( 'NONE', 'WORKASPACE' ) );
#1775 = STYLED_ITEM ( 'NONE', ( #2137 ), #28 ) ;
#1776 = VERTEX_POINT ( 'NONE', #875 ) ;
#1777 = FILL_AREA_STYLE_COLOUR ( '', #687 ) ;
#1778 =( NAMED_UNIT ( * ) PLANE_ANGLE_UNIT ( ) SI_UNIT ( $, .RADIAN. ) );
#1779 = DIRECTION ( 'NONE',  ( 0.000000000000000000, 0.000000000000000000, -1.000000000000000000 ) ) ;
#1780 = CARTESIAN_POINT ( 'NONE',  ( 0.000000000000000000, 0.000000000000000000, 0.7500000000000000000 ) ) ;
#1781 = CIRCLE ( 'NONE', #2005, 0.5730149371854388329 ) ;
#1782 = EDGE_CURVE ( 'NONE', #98, #998, #2232, .T. ) ;
#1783 = FACE_OUTER_BOUND ( 'NONE', #1738, .T. ) ;
#1784 = VERTEX_POINT ( 'NONE', #297 ) ;
#1785 = DIRECTION ( 'NONE',  ( 0.000000000000000000, 0.000000000000000000, 1.000000000000000000 ) ) ;
#1786 = DIRECTION ( 'NONE',  ( -1.000000000000000000, 0.000000000000000000, 0.000000000000000000 ) ) ;
#1787 =( LENGTH_UNIT ( ) NAMED_UNIT ( * ) SI_UNIT ( .MILLI., .METRE. ) );
#1788 = EDGE_CURVE ( 'NONE', #971, #624, #2283, .T. ) ;
#1789 = MECHANICAL_DESIGN_GEOMETRIC_PRESENTATION_REPRESENTATION (  '', ( #1566 ), #1383 ) ;
#1790 = SURFACE_STYLE_USAGE ( .BOTH. , #1809 ) ;
#1791 =( GEOMETRIC_REPRESENTATION_CONTEXT ( 3 ) GLOBAL_UNCERTAINTY_ASSIGNED_CONTEXT ( ( #1130 ) ) GLOBAL_UNIT_ASSIGNED_CONTEXT ( ( #1840, #2006, #1313 ) ) REPRESENTATION_CONTEXT ( 'NONE', 'WORKASPACE' ) );
#1792 = CARTESIAN_POINT ( 'NONE',  ( 2.805128079098855309, -4.500000000000000000, 0.9999999999999601430 ) ) ;
#1793 =( NAMED_UNIT ( * ) SI_UNIT ( $, .STERADIAN. ) SOLID_ANGLE_UNIT ( ) );
#1794 = ORIENTED_EDGE ( 'NONE', *, *, #718, .T. ) ;
#1795 = AXIS2_PLACEMENT_3D ( 'NONE', #874, #1808, #189 ) ;
#1796 = EDGE_CURVE ( 'NONE', #664, #1665, #136, .T. ) ;
#1797 = ORIENTED_EDGE ( 'NONE', *, *, #1381, .T. ) ;
#1798 = CARTESIAN_POINT ( 'NONE',  ( 2.138723245698294750, -1.267439118436029855, 0.7500000000000000000 ) ) ;
#1799 =( NAMED_UNIT ( * ) SI_UNIT ( $, .STERADIAN. ) SOLID_ANGLE_UNIT ( ) );
#1800 = FILL_AREA_STYLE ('',( #1461 ) ) ;
#1801 = DIRECTION ( 'NONE',  ( 0.000000000000000000, 0.000000000000000000, -1.000000000000000000 ) ) ;
#1802 = CARTESIAN_POINT ( 'NONE',  ( -2.414367417731154930, -2.748613389555267794, -0.6432523986241104330 ) ) ;
#1803 = COLOUR_RGB ( '',1.000000000000000000, 1.000000000000000000, 1.000000000000000000 ) ;
#1804 = DIRECTION ( 'NONE',  ( 0.000000000000000000, 1.000000000000000000, 0.000000000000000000 ) ) ;
#1805 = ADVANCED_FACE ( 'NONE', ( #2292 ), #2170, .T. ) ;
#1806 = CARTESIAN_POINT ( 'NONE',  ( -2.027613082046579862, -9.000000000000000000, -1.255000000000000115 ) ) ;
#1807 = ADVANCED_FACE ( 'NONE', ( #662 ), #1629, .T. ) ;
#1808 = DIRECTION ( 'NONE',  ( 0.000000000000000000, 0.000000000000000000, -1.000000000000000000 ) ) ;
#1809 = SURFACE_SIDE_STYLE ('',( #2171 ) ) ;
#1810 =( LENGTH_UNIT ( ) NAMED_UNIT ( * ) SI_UNIT ( .MILLI., .METRE. ) );
#1811 = SURFACE_STYLE_USAGE ( .BOTH. , #1441 ) ;
#1812 = ORIENTED_EDGE ( 'NONE', *, *, #2318, .F. ) ;
#1813 =( GEOMETRIC_REPRESENTATION_CONTEXT ( 3 ) GLOBAL_UNCERTAINTY_ASSIGNED_CONTEXT ( ( #1291 ) ) GLOBAL_UNIT_ASSIGNED_CONTEXT ( ( #2002, #1099, #2013 ) ) REPRESENTATION_CONTEXT ( 'NONE', 'WORKASPACE' ) );
#1814 = AXIS2_PLACEMENT_3D ( 'NONE', #1418, #1593, #2132 ) ;
#1815 = ORIENTED_EDGE ( 'NONE', *, *, #824, .T. ) ;
#1816 = CARTESIAN_POINT ( 'NONE',  ( -2.139501099933146300, -1.209455724372014318, -0.7499999999999998890 ) ) ;
#1817 = DIRECTION ( 'NONE',  ( 0.000000000000000000, 1.000000000000000000, 0.000000000000000000 ) ) ;
#1818 = CARTESIAN_POINT ( 'NONE',  ( -3.449999999999999734, 4.225031457058369810E-16, 0.5000000000000000000 ) ) ;
#1819 =( NAMED_UNIT ( * ) SI_UNIT ( $, .STERADIAN. ) SOLID_ANGLE_UNIT ( ) );
#1820 = AXIS2_PLACEMENT_3D ( 'NONE', #946, #1666, #762 ) ;
#1821 = DIRECTION ( 'NONE',  ( 1.000000000000000000, 0.000000000000000000, 0.000000000000000000 ) ) ;
#1822 = TOROIDAL_SURFACE ( 'NONE', #447, 3.449999999999999734, 0.2500000000000000000 ) ;
#1823 = CARTESIAN_POINT ( 'NONE',  ( 2.805256158197700689, -4.500000000000000888, 0.9331740940518424843 ) ) ;
#1824 = MECHANICAL_DESIGN_GEOMETRIC_PRESENTATION_REPRESENTATION (  '', ( #1575 ), #1730 ) ;
#1825 = CARTESIAN_POINT ( 'NONE',  ( 2.386798479047519628, -1.008898767575290289, 0.7500000000000000000 ) ) ;
#1826 = DIRECTION ( 'NONE',  ( 1.000000000000000000, 0.000000000000000000, 0.000000000000000000 ) ) ;
#1827 = STYLED_ITEM ( 'NONE', ( #522 ), #1214 ) ;
#1828 = CYLINDRICAL_SURFACE ( 'NONE', #1656, 0.2550000000000000044 ) ;
#1829 = DIRECTION ( 'NONE',  ( 0.000000000000000000, 1.000000000000000000, 0.000000000000000000 ) ) ;
#1830 = UNCERTAINTY_MEASURE_WITH_UNIT (LENGTH_MEASURE( 1.000000000000000082E-05 ), #1031, 'distance_accuracy_value', 'NONE');
#1831 = CARTESIAN_POINT ( 'NONE',  ( -2.250000000000000000, -7.343970125629120993, -1.000000000000000000 ) ) ;
#1832 =( LENGTH_UNIT ( ) NAMED_UNIT ( * ) SI_UNIT ( .MILLI., .METRE. ) );
#1833 = EDGE_CURVE ( 'NONE', #46, #1016, #26, .T. ) ;
#1834 = ADVANCED_FACE ( 'NONE', ( #1292 ), #695, .T. ) ;
#1835 = CARTESIAN_POINT ( 'NONE',  ( 2.550000000000000266, -7.043970125629120282, 1.000000000000000000 ) ) ;
#1836 =( NAMED_UNIT ( * ) PLANE_ANGLE_UNIT ( ) SI_UNIT ( $, .RADIAN. ) );
#1837 = AXIS2_PLACEMENT_3D ( 'NONE', #557, #1271, #728 ) ;
#1838 = UNCERTAINTY_MEASURE_WITH_UNIT (LENGTH_MEASURE( 1.000000000000000082E-05 ), #1759, 'distance_accuracy_value', 'NONE');
#1839 = VERTEX_POINT ( 'NONE', #200 ) ;
#1840 =( LENGTH_UNIT ( ) NAMED_UNIT ( * ) SI_UNIT ( .MILLI., .METRE. ) );
#1841 = CARTESIAN_POINT ( 'NONE',  ( 2.027613082046579862, -7.343970125629120993, 1.000000000000000000 ) ) ;
#1842 = CARTESIAN_POINT ( 'NONE',  ( 2.475627909398010473, -2.710602993488639090, 0.6196170138356600354 ) ) ;
#1843 = SURFACE_STYLE_FILL_AREA ( #1767 ) ;
#1844 = ORIENTED_EDGE ( 'NONE', *, *, #1097, .F. ) ;
#1845 = DIRECTION ( 'NONE',  ( 0.000000000000000000, 0.000000000000000000, 1.000000000000000000 ) ) ;
#1846 = SURFACE_STYLE_FILL_AREA ( #1472 ) ;
#1847 = PRESENTATION_STYLE_ASSIGNMENT (( #1363 ) ) ;
#1848 = AXIS2_PLACEMENT_3D ( 'NONE', #1864, #1850, #250 ) ;
#1849 = CARTESIAN_POINT ( 'NONE',  ( 2.322253588343919706, -4.500000000000001776, 1.133240309146375857 ) ) ;
#1850 = DIRECTION ( 'NONE',  ( 1.000000000000000000, 0.000000000000000000, 0.000000000000000000 ) ) ;
#1851 = FILL_AREA_STYLE_COLOUR ( '', #671 ) ;
#1852 = EDGE_LOOP ( 'NONE', ( #713, #163, #1745, #613, #1278, #1713, #353 ) ) ;
#1853 = EDGE_CURVE ( 'NONE', #611, #1317, #1183, .T. ) ;
#1854 = EDGE_LOOP ( 'NONE', ( #101, #235, #648, #335, #1856 ) ) ;
#1855 = SURFACE_STYLE_FILL_AREA ( #2023 ) ;
#1856 = ORIENTED_EDGE ( 'NONE', *, *, #99, .F. ) ;
#1857 = CARTESIAN_POINT ( 'NONE',  ( 2.278757891628905963, -2.709951738618967987, 0.7331800303966918841 ) ) ;
#1858 = DIRECTION ( 'NONE',  ( 1.000000000000000000, 0.000000000000000000, 0.000000000000000000 ) ) ;
#1859 = ORIENTED_EDGE ( 'NONE', *, *, #878, .T. ) ;
#1860 = EDGE_CURVE ( 'NONE', #701, #1304, #975, .T. ) ;
#1861 = DIRECTION ( 'NONE',  ( -1.000000000000000000, 0.000000000000000000, 0.000000000000000000 ) ) ;
#1862 = SURFACE_STYLE_FILL_AREA ( #1500 ) ;
#1863 = CARTESIAN_POINT ( 'NONE',  ( -2.605048155812404787, -2.591678492829496250, -0.6113010026426192178 ) ) ;
#1864 = CARTESIAN_POINT ( 'NONE',  ( -2.299999999999999822, -9.000000000000000000, -1.000000000000000000 ) ) ;
#1865 = CARTESIAN_POINT ( 'NONE',  ( -2.483174094051869840, -4.500000000000000888, -0.7447438418022886975 ) ) ;
#1866 = COLOUR_RGB ( '',1.000000000000000000, 1.000000000000000000, 0.000000000000000000 ) ;
#1867 = CIRCLE ( 'NONE', #1681, 0.2550000000000000044 ) ;
#1868 = ORIENTED_EDGE ( 'NONE', *, *, #538, .T. ) ;
#1869 = UNCERTAINTY_MEASURE_WITH_UNIT (LENGTH_MEASURE( 1.000000000000000082E-05 ), #479, 'distance_accuracy_value', 'NONE');
#1870 = MECHANICAL_DESIGN_GEOMETRIC_PRESENTATION_REPRESENTATION (  '', ( #1571 ), #1451 ) ;
#1871 = STYLED_ITEM ( 'NONE', ( #1934 ), #1964 ) ;
#1872 = SURFACE_SIDE_STYLE ('',( #2095 ) ) ;
#1873 = ORIENTED_EDGE ( 'NONE', *, *, #1611, .T. ) ;
#1874 = CARTESIAN_POINT ( 'NONE',  ( 0.000000000000000000, 0.000000000000000000, -0.7500000000000000000 ) ) ;
#1875 = EDGE_CURVE ( 'NONE', #2141, #2275, #854, .T. ) ;
#1876 = EDGE_LOOP ( 'NONE', ( #1812, #775, #2025, #791 ) ) ;
#1877 = CARTESIAN_POINT ( 'NONE',  ( 2.550000000000000266, -1.000000000000000000, 1.000000000000000000 ) ) ;
#1878 = SURFACE_STYLE_USAGE ( .BOTH. , #599 ) ;
#1879 = SURFACE_STYLE_FILL_AREA ( #92 ) ;
#1880 = PRESENTATION_LAYER_ASSIGNMENT (  '', '', ( #550 ) ) ;
#1881 =( GEOMETRIC_REPRESENTATION_CONTEXT ( 3 ) GLOBAL_UNCERTAINTY_ASSIGNED_CONTEXT ( ( #1489 ) ) GLOBAL_UNIT_ASSIGNED_CONTEXT ( ( #2004, #913, #1793 ) ) REPRESENTATION_CONTEXT ( 'NONE', 'WORKASPACE' ) );
#1882 =( NAMED_UNIT ( * ) SI_UNIT ( $, .STERADIAN. ) SOLID_ANGLE_UNIT ( ) );
#1883 = ORIENTED_EDGE ( 'NONE', *, *, #1875, .T. ) ;
#1884 = PRESENTATION_LAYER_ASSIGNMENT (  '', '', ( #1956 ) ) ;
#1885 =( LENGTH_UNIT ( ) NAMED_UNIT ( * ) SI_UNIT ( .MILLI., .METRE. ) );
#1886 = CARTESIAN_POINT ( 'NONE',  ( 0.000000000000000000, 0.000000000000000000, 0.000000000000000000 ) ) ;
#1887 = CARTESIAN_POINT ( 'NONE',  ( -2.579896927337804513, -1.000655513168715594, -0.7499999999999998890 ) ) ;
#1888 = ADVANCED_FACE ( 'NONE', ( #1149 ), #1536, .T. ) ;
#1889 = ORIENTED_EDGE ( 'NONE', *, *, #1853, .T. ) ;
#1890 = DIRECTION ( 'NONE',  ( 0.000000000000000000, 0.000000000000000000, 1.000000000000000000 ) ) ;
#1891 = B_SPLINE_CURVE_WITH_KNOTS ( 'NONE', 3,
 ( #2165, #1467, #1816, #194, #542, #564, #182, #1635, #392, #1454, #2178, #1529, #623, #980, #1543, #1171, #1182, #609, #647, #1908, #2219, #1700 ),
 .UNSPECIFIED., .F., .F.,
 ( 4, 1, 2, 2, 1, 1, 2, 2, 1, 1, 1, 2, 2, 4 ),
 ( 0.000000000000000000, 0.1250000000000093259, 0.1875000000000131006, 0.2500000000000168754, 0.3750000000000257572, 0.4375000000000296985, 0.4687500000000316414, 0.5000000000000335287, 0.6250000000000324185, 0.6875000000000318634, 0.7187500000000314193, 0.7343750000000323075, 0.7500000000000333067, 1.000000000000000000 ),
 .UNSPECIFIED. ) ;
#1892 = CIRCLE ( 'NONE', #1998, 0.2550000000000000044 ) ;
#1893 = CARTESIAN_POINT ( 'NONE',  ( 2.940082206159102096, -1.152519962042265478, 0.7500000000000001110 ) ) ;
#1894 = CARTESIAN_POINT ( 'NONE',  ( 2.600000000000000089, -9.299999999999998934, 1.000000000000000000 ) ) ;
#1895 = VERTEX_POINT ( 'NONE', #2257 ) ;
#1896 = EDGE_CURVE ( 'NONE', #553, #636, #1867, .T. ) ;
#1897 = SURFACE_STYLE_USAGE ( .BOTH. , #1342 ) ;
#1898 = CIRCLE ( 'NONE', #2195, 0.2550000000000000044 ) ;
#1899 = ORIENTED_EDGE ( 'NONE', *, *, #186, .T. ) ;
#1900 = SURFACE_SIDE_STYLE ('',( #659 ) ) ;
#1901 = DIRECTION ( 'NONE',  ( 0.000000000000000000, 0.000000000000000000, -1.000000000000000000 ) ) ;
#1902 = DIRECTION ( 'NONE',  ( 1.000000000000000000, 0.000000000000000000, 0.000000000000000000 ) ) ;
#1903 = DIRECTION ( 'NONE',  ( 0.000000000000000000, -1.000000000000000000, 0.000000000000000000 ) ) ;
#1904 = CARTESIAN_POINT ( 'NONE',  ( 2.294743841802289186, -4.500000000000000888, 1.066825905948123543 ) ) ;
#1905 = VERTEX_POINT ( 'NONE', #601 ) ;
#1906 = ADVANCED_FACE ( 'NONE', ( #2227 ), #1387, .T. ) ;
#1907 = CARTESIAN_POINT ( 'NONE',  ( -2.322253588343904607, -4.500000000000000000, -0.8667596908536476796 ) ) ;
#1908 = CARTESIAN_POINT ( 'NONE',  ( -2.439894583432899555, -1.002407251315874159, -0.7500000000000001110 ) ) ;
#1909 = AXIS2_PLACEMENT_3D ( 'NONE', #1199, #2102, #1915 ) ;
#1910 = AXIS2_PLACEMENT_3D ( 'NONE', #361, #17, #2193 ) ;
#1911 = CIRCLE ( 'NONE', #890, 3.700000000000000178 ) ;
#1912 = ORIENTED_EDGE ( 'NONE', *, *, #1038, .T. ) ;
#1913 = CARTESIAN_POINT ( 'NONE',  ( 2.550000000000000266, -1.250000000000000000, 0.7680921775061709811 ) ) ;
#1914 =( LENGTH_UNIT ( ) NAMED_UNIT ( * ) SI_UNIT ( .MILLI., .METRE. ) );
#1915 = DIRECTION ( 'NONE',  ( 0.000000000000000000, 0.000000000000000000, 1.000000000000000000 ) ) ;
#1916 = CARTESIAN_POINT ( 'NONE',  ( 2.963214985934665258, -1.243753686914163215, 0.7500000000000000000 ) ) ;
#1917 = AXIS2_PLACEMENT_3D ( 'NONE', #309, #506, #156 ) ;
#1918 = AXIS2_PLACEMENT_3D ( 'NONE', #1764, #677, #524 ) ;
#1919 = PRESENTATION_STYLE_ASSIGNMENT (( #1414 ) ) ;
#1920 = STYLED_ITEM ( 'NONE', ( #1257 ), #622 ) ;
#1921 = ORIENTED_EDGE ( 'NONE', *, *, #2294, .F. ) ;
#1922 = SURFACE_STYLE_FILL_AREA ( #1395 ) ;
#1923 = CARTESIAN_POINT ( 'NONE',  ( 2.299999999999999822, -9.299999999999998934, 1.000000000000000000 ) ) ;
#1924 = SURFACE_STYLE_USAGE ( .BOTH. , #1398 ) ;
#1925 = DIRECTION ( 'NONE',  ( 3.409480831752714908E-16, -1.000000000000000000, 0.000000000000000000 ) ) ;
#1926 = CARTESIAN_POINT ( 'NONE',  ( 2.751645437303132269, -1.015385064583089525, 0.7500000000000001110 ) ) ;
#1927 = CIRCLE ( 'NONE', #796, 0.2319078224938294908 ) ;
#1928 = TOROIDAL_SURFACE ( 'NONE', #910, 3.449999999999999734, 0.2500000000000000000 ) ;
#1929 =( GEOMETRIC_REPRESENTATION_CONTEXT ( 3 ) GLOBAL_UNCERTAINTY_ASSIGNED_CONTEXT ( ( #1698 ) ) GLOBAL_UNIT_ASSIGNED_CONTEXT ( ( #1221, #2173, #351 ) ) REPRESENTATION_CONTEXT ( 'NONE', 'WORKASPACE' ) );
#1930 =( NAMED_UNIT ( * ) SI_UNIT ( $, .STERADIAN. ) SOLID_ANGLE_UNIT ( ) );
#1931 = ORIENTED_EDGE ( 'NONE', *, *, #988, .T. ) ;
#1932 = FILL_AREA_STYLE_COLOUR ( '', #339 ) ;
#1933 =( NAMED_UNIT ( * ) PLANE_ANGLE_UNIT ( ) SI_UNIT ( $, .RADIAN. ) );
#1934 = PRESENTATION_STYLE_ASSIGNMENT (( #1397 ) ) ;
#1935 = COLOUR_RGB ( '',1.000000000000000000, 1.000000000000000000, 0.000000000000000000 ) ;
#1936 = CIRCLE ( 'NONE', #570, 0.2550000000000000044 ) ;
#1937 = FILL_AREA_STYLE ('',( #318 ) ) ;
#1938 =( NAMED_UNIT ( * ) PLANE_ANGLE_UNIT ( ) SI_UNIT ( $, .RADIAN. ) );
#1939 = SURFACE_STYLE_FILL_AREA ( #497 ) ;
#1940 = UNCERTAINTY_MEASURE_WITH_UNIT (LENGTH_MEASURE( 1.000000000000000082E-05 ), #849, 'distance_accuracy_value', 'NONE');
#1941 = TOROIDAL_SURFACE ( 'NONE', #1820, 0.2999999999999999889, 0.2550000000000000044 ) ;
#1942 = COLOUR_RGB ( '',1.000000000000000000, 1.000000000000000000, 0.000000000000000000 ) ;
#1943 = ORIENTED_EDGE ( 'NONE', *, *, #186, .F. ) ;
#1944 = ADVANCED_FACE ( 'NONE', ( #1318 ), #354, .T. ) ;
#1945 = CARTESIAN_POINT ( 'NONE',  ( 2.299999999999999822, -9.000000000000000000, 1.000000000000000000 ) ) ;
#1946 = EDGE_CURVE ( 'NONE', #1114, #1379, #1007, .T. ) ;
#1947 = FILL_AREA_STYLE_COLOUR ( '', #381 ) ;
#1948 = FILL_AREA_STYLE_COLOUR ( '', #996 ) ;
#1949 = DIRECTION ( 'NONE',  ( 0.000000000000000000, 0.9975640502598241977, 0.06975647374412541346 ) ) ;
#1950 = AXIS2_PLACEMENT_3D ( 'NONE', #1411, #482, #1060 ) ;
#1951 = FILL_AREA_STYLE ('',( #1401 ) ) ;
#1952 = STYLED_ITEM ( 'NONE', ( #1919 ), #1049 ) ;
#1953 = VERTEX_POINT ( 'NONE', #1039 ) ;
#1954 = FILL_AREA_STYLE_COLOUR ( '', #1772 ) ;
#1955 = DIRECTION ( 'NONE',  ( -3.409480831752714908E-16, -1.000000000000000000, 0.000000000000000000 ) ) ;
#1956 = STYLED_ITEM ( 'NONE', ( #1674 ), #652 ) ;
#1957 = EDGE_CURVE ( 'NONE', #636, #2275, #970, .T. ) ;
#1958 =( NAMED_UNIT ( * ) PLANE_ANGLE_UNIT ( ) SI_UNIT ( $, .RADIAN. ) );
#1959 = SURFACE_STYLE_FILL_AREA ( #683 ) ;
#1960 = CARTESIAN_POINT ( 'NONE',  ( 2.027613082046579862, -8.171985062814558276, 1.000000000000000000 ) ) ;
#1961 = STYLED_ITEM ( 'NONE', ( #1417 ), #2186 ) ;
#1962 = CARTESIAN_POINT ( 'NONE',  ( 2.929321233359584831, -1.654972797904330051, 0.7500000000000000000 ) ) ;
#1963 = AXIS2_PLACEMENT_3D ( 'NONE', #1710, #455, #789 ) ;
#1964 = ADVANCED_FACE ( 'NONE', ( #1748 ), #660, .T. ) ;
#1965 = EDGE_LOOP ( 'NONE', ( #859, #2151, #590, #2254, #1184, #409, #1490 ) ) ;
#1966 =( NAMED_UNIT ( * ) PLANE_ANGLE_UNIT ( ) SI_UNIT ( $, .RADIAN. ) );
#1967 = DIRECTION ( 'NONE',  ( -1.000000000000000000, 0.000000000000000000, 0.000000000000000000 ) ) ;
#1968 = SURFACE_STYLE_FILL_AREA ( #1605 ) ;
#1969 = CARTESIAN_POINT ( 'NONE',  ( 2.299999999999999822, -9.299999999999998934, 1.000000000000000000 ) ) ;
#1970 = EDGE_CURVE ( 'NONE', #2050, #242, #288, .T. ) ;
#1971 = FILL_AREA_STYLE ('',( #888 ) ) ;
#1972 = ORIENTED_EDGE ( 'NONE', *, *, #533, .F. ) ;
#1973 = ORIENTED_EDGE ( 'NONE', *, *, #1860, .T. ) ;
#1974 =( LENGTH_UNIT ( ) NAMED_UNIT ( * ) SI_UNIT ( .MILLI., .METRE. ) );
#1975 =( NAMED_UNIT ( * ) SI_UNIT ( $, .STERADIAN. ) SOLID_ANGLE_UNIT ( ) );
#1976 =( LENGTH_UNIT ( ) NAMED_UNIT ( * ) SI_UNIT ( .MILLI., .METRE. ) );
#1977 = COLOUR_RGB ( '',1.000000000000000000, 1.000000000000000000, 1.000000000000000000 ) ;
#1978 = FILL_AREA_STYLE ('',( #1947 ) ) ;
#1979 = DIRECTION ( 'NONE',  ( 0.000000000000000000, 0.000000000000000000, 1.000000000000000000 ) ) ;
#1980 = AXIS2_PLACEMENT_3D ( 'NONE', #2206, #768, #926 ) ;
#1981 = EDGE_CURVE ( 'NONE', #6, #1073, #1607, .T. ) ;
#1982 = EDGE_CURVE ( 'NONE', #678, #1895, #1911, .T. ) ;
#1983 = PRESENTATION_LAYER_ASSIGNMENT (  '', '', ( #782 ) ) ;
#1984 = CARTESIAN_POINT ( 'NONE',  ( -2.550000000000000266, -4.500000000000000000, -1.000000000000000000 ) ) ;
#1985 = PRESENTATION_LAYER_ASSIGNMENT (  '', '', ( #257 ) ) ;
#1986 = EDGE_LOOP ( 'NONE', ( #355, #468, #282, #1444 ) ) ;
#1987 = CARTESIAN_POINT ( 'NONE',  ( -2.299999999999999822, -9.299999999999998934, -1.000000000000000000 ) ) ;
#1988 = DIRECTION ( 'NONE',  ( 0.000000000000000000, 0.000000000000000000, 1.000000000000000000 ) ) ;
#1989 = AXIS2_PLACEMENT_3D ( 'NONE', #1009, #1033, #1286 ) ;
#1990 = CARTESIAN_POINT ( 'NONE',  ( -2.550000000000000266, -4.500000000000000000, -1.000000000000000000 ) ) ;
#1991 = FACE_OUTER_BOUND ( 'NONE', #35, .T. ) ;
#1992 = EDGE_LOOP ( 'NONE', ( #458, #785, #1349, #345, #1225 ) ) ;
#1993 = EDGE_CURVE ( 'NONE', #993, #1839, #465, .T. ) ;
#1994 = ORIENTED_EDGE ( 'NONE', *, *, #740, .T. ) ;
#1995 = CARTESIAN_POINT ( 'NONE',  ( -2.299999999999999822, -9.000000000000000000, -1.000000000000000000 ) ) ;
#1996 = PRESENTATION_LAYER_ASSIGNMENT (  '', '', ( #947 ) ) ;
#1997 = B_SPLINE_CURVE_WITH_KNOTS ( 'NONE', 3,
 ( #735, #1823, #45, #1657, #29, #1445 ),
 .UNSPECIFIED., .F., .F.,
 ( 4, 2, 4 ),
 ( 0.000000000000000000, 0.5000000000000000000, 1.000000000000000000 ),
 .UNSPECIFIED. ) ;
#1998 = AXIS2_PLACEMENT_3D ( 'NONE', #802, #62, #1332 ) ;
#1999 = DIRECTION ( 'NONE',  ( 1.782250146551515006E-16, -1.000000000000000000, 0.000000000000000000 ) ) ;
#2000 = CARTESIAN_POINT ( 'NONE',  ( -3.449999999999999734, 4.378112306951789731E-16, -0.7500000000000000000 ) ) ;
#2001 =( LENGTH_UNIT ( ) NAMED_UNIT ( * ) SI_UNIT ( .MILLI., .METRE. ) );
#2002 =( LENGTH_UNIT ( ) NAMED_UNIT ( * ) SI_UNIT ( .MILLI., .METRE. ) );
#2003 = DIRECTION ( 'NONE',  ( -3.409480831752714908E-16, -1.000000000000000000, 0.000000000000000000 ) ) ;
#2004 =( LENGTH_UNIT ( ) NAMED_UNIT ( * ) SI_UNIT ( .MILLI., .METRE. ) );
#2005 = AXIS2_PLACEMENT_3D ( 'NONE', #1362, #1148, #459 ) ;
#2006 =( NAMED_UNIT ( * ) PLANE_ANGLE_UNIT ( ) SI_UNIT ( $, .RADIAN. ) );
#2007 = CARTESIAN_POINT ( 'NONE',  ( 2.396407721692401349, -1.007547575705462828, 0.7500000000000000000 ) ) ;
#2008 = DIRECTION ( 'NONE',  ( -1.000000000000000000, 1.224646799147349509E-16, 0.000000000000000000 ) ) ;
#2009 = ADVANCED_FACE ( 'NONE', ( #104 ), #1419, .T. ) ;
#2010 = CARTESIAN_POINT ( 'NONE',  ( 2.363865858298241918, -2.756773540775514064, 0.6719585113828073775 ) ) ;
#2011 = ADVANCED_FACE ( 'NONE', ( #175 ), #547, .T. ) ;
#2012 = SURFACE_STYLE_USAGE ( .BOTH. , #52 ) ;
#2013 =( NAMED_UNIT ( * ) SI_UNIT ( $, .STERADIAN. ) SOLID_ANGLE_UNIT ( ) );
#2014 = SURFACE_STYLE_USAGE ( .BOTH. , #376 ) ;
#2015 = AXIS2_PLACEMENT_3D ( 'NONE', #1831, #1138, #445 ) ;
#2016 = SURFACE_SIDE_STYLE ('',( #1249 ) ) ;
#2017 = AXIS2_PLACEMENT_3D ( 'NONE', #2113, #665, #129 ) ;
#2018 =( GEOMETRIC_REPRESENTATION_CONTEXT ( 3 ) GLOBAL_UNCERTAINTY_ASSIGNED_CONTEXT ( ( #1491 ) ) GLOBAL_UNIT_ASSIGNED_CONTEXT ( ( #54, #2082, #616 ) ) REPRESENTATION_CONTEXT ( 'NONE', 'WORKASPACE' ) );
#2019 = CARTESIAN_POINT ( 'NONE',  ( -2.276029052285538423, -2.704218687779918362, -0.7354485803557078150 ) ) ;
#2020 = CIRCLE ( 'NONE', #1532, 0.2500000000000000000 ) ;
#2021 = VERTEX_POINT ( 'NONE', #387 ) ;
#2022 = ORIENTED_EDGE ( 'NONE', *, *, #115, .T. ) ;
#2023 = FILL_AREA_STYLE ('',( #1093 ) ) ;
#2024 = STYLED_ITEM ( 'NONE', ( #67 ), #386 ) ;
#2025 = ORIENTED_EDGE ( 'NONE', *, *, #1640, .T. ) ;
#2026 = LINE ( 'NONE', #23, #2224 ) ;
#2027 = CARTESIAN_POINT ( 'NONE',  ( 2.293332524328107080, -2.733696897025439387, 0.7211732825143178927 ) ) ;
#2028 = EDGE_LOOP ( 'NONE', ( #1330, #1108, #1162, #569, #236 ) ) ;
#2029 = AXIS2_PLACEMENT_3D ( 'NONE', #300, #2106, #1433 ) ;
#2030 = CARTESIAN_POINT ( 'NONE',  ( 2.250000000000000000, -7.343970125629120993, 1.000000000000000000 ) ) ;
#2031 = PRESENTATION_STYLE_ASSIGNMENT (( #1878 ) ) ;
#2032 = UNCERTAINTY_MEASURE_WITH_UNIT (LENGTH_MEASURE( 1.000000000000000082E-05 ), #1078, 'distance_accuracy_value', 'NONE');
#2033 = FILL_AREA_STYLE_COLOUR ( '', #2201 ) ;
#2034 = EDGE_CURVE ( 'NONE', #51, #701, #2335, .T. ) ;
#2035 = DIRECTION ( 'NONE',  ( 0.000000000000000000, 1.000000000000000000, 0.000000000000000000 ) ) ;
#2036 = CYLINDRICAL_SURFACE ( 'NONE', #1612, 0.2550000000000000044 ) ;
#2037 = AXIS2_PLACEMENT_3D ( 'NONE', #36, #747, #1275 ) ;
#2038 = UNCERTAINTY_MEASURE_WITH_UNIT (LENGTH_MEASURE( 1.000000000000000082E-05 ), #1436, 'distance_accuracy_value', 'NONE');
#2039 = VERTEX_POINT ( 'NONE', #1258 ) ;
#2040 = UNCERTAINTY_MEASURE_WITH_UNIT (LENGTH_MEASURE( 1.000000000000000082E-05 ), #1018, 'distance_accuracy_value', 'NONE');
#2041 = CARTESIAN_POINT ( 'NONE',  ( 2.322253588343919706, -4.500000000000000000, 0.8667596908536251421 ) ) ;
#2042 = ADVANCED_FACE ( 'NONE', ( #716 ), #1742, .T. ) ;
#2043 = AXIS2_PLACEMENT_3D ( 'NONE', #1945, #1765, #691 ) ;
#2044 = ORIENTED_EDGE ( 'NONE', *, *, #552, .F. ) ;
#2045 =( NAMED_UNIT ( * ) SI_UNIT ( $, .STERADIAN. ) SOLID_ANGLE_UNIT ( ) );
#2046 = FACE_OUTER_BOUND ( 'NONE', #2199, .T. ) ;
#2047 = SURFACE_STYLE_FILL_AREA ( #760 ) ;
#2048 = CARTESIAN_POINT ( 'NONE',  ( 2.805128079098855309, -4.500000000000000000, 0.9999999999999601430 ) ) ;
#2049 = FACE_OUTER_BOUND ( 'NONE', #1156, .T. ) ;
#2050 = VERTEX_POINT ( 'NONE', #1806 ) ;
#2051 = EDGE_CURVE ( 'NONE', #1776, #701, #1050, .T. ) ;
#2052 = DIRECTION ( 'NONE',  ( 0.000000000000000000, 0.000000000000000000, -1.000000000000000000 ) ) ;
#2053 = MECHANICAL_DESIGN_GEOMETRIC_PRESENTATION_REPRESENTATION (  '', ( #2122 ), #311 ) ;
#2054 = VECTOR ( 'NONE', #2109, 1000.000000000000000 ) ;
#2055 = DIRECTION ( 'NONE',  ( 0.000000000000000000, 0.000000000000000000, -1.000000000000000000 ) ) ;
#2056 = ORIENTED_EDGE ( 'NONE', *, *, #1704, .T. ) ;
#2057 = DIRECTION ( 'NONE',  ( 0.000000000000000000, 1.000000000000000000, 0.000000000000000000 ) ) ;
#2058 = CARTESIAN_POINT ( 'NONE',  ( 2.899932334332698591, -2.001067348428796411, 0.7499999999999817923 ) ) ;
#2059 = DIRECTION ( 'NONE',  ( 0.000000000000000000, -1.000000000000000000, 0.000000000000000000 ) ) ;
#2060 = CYLINDRICAL_SURFACE ( 'NONE', #837, 0.2550000000000000044 ) ;
#2061 = PRESENTATION_LAYER_ASSIGNMENT (  '', '', ( #1070 ) ) ;
#2062 = ORIENTED_EDGE ( 'NONE', *, *, #857, .F. ) ;
#2063 = CONICAL_SURFACE ( 'NONE', #1348, 0.5000000000000000000, 0.06981317007977388966 ) ;
#2064 = DIRECTION ( 'NONE',  ( 1.000000000000000000, 0.000000000000000000, 0.000000000000000000 ) ) ;
#2065 = EDGE_CURVE ( 'NONE', #848, #2050, #379, .T. ) ;
#2066 =( NAMED_UNIT ( * ) SI_UNIT ( $, .STERADIAN. ) SOLID_ANGLE_UNIT ( ) );
#2067 = CARTESIAN_POINT ( 'NONE',  ( -2.550000000000000266, -4.500000000000000000, -1.255128079098855931 ) ) ;
#2068 = ORIENTED_EDGE ( 'NONE', *, *, #1450, .F. ) ;
#2069 = DIRECTION ( 'NONE',  ( 1.000000000000000000, 0.000000000000000000, 0.000000000000000000 ) ) ;
#2070 =( GEOMETRIC_REPRESENTATION_CONTEXT ( 3 ) GLOBAL_UNCERTAINTY_ASSIGNED_CONTEXT ( ( #408 ) ) GLOBAL_UNIT_ASSIGNED_CONTEXT ( ( #845, #498, #2295 ) ) REPRESENTATION_CONTEXT ( 'NONE', 'WORKASPACE' ) );
#2071 = MECHANICAL_DESIGN_GEOMETRIC_PRESENTATION_REPRESENTATION (  '', ( #1734 ), #295 ) ;
#2072 = SURFACE_STYLE_FILL_AREA ( #472 ) ;
#2073 = CARTESIAN_POINT ( 'NONE',  ( 2.683581885426735258, -1.005353367229580019, 0.7499999999999998890 ) ) ;
#2074 =( NAMED_UNIT ( * ) PLANE_ANGLE_UNIT ( ) SI_UNIT ( $, .RADIAN. ) );
#2075 = ORIENTED_EDGE ( 'NONE', *, *, #700, .T. ) ;
#2076 = CIRCLE ( 'NONE', #1233, 0.2550000000000000044 ) ;
#2077 = CARTESIAN_POINT ( 'NONE',  ( -2.254197260835980376, -2.611722555946469626, -0.7500000000000000000 ) ) ;
#2078 = CARTESIAN_POINT ( 'NONE',  ( -2.963214985934666146, -1.243753686914161882, -0.7500000000000003331 ) ) ;
#2079 = ORIENTED_EDGE ( 'NONE', *, *, #1502, .T. ) ;
#2080 = CARTESIAN_POINT ( 'NONE',  ( -2.550000000000000266, -1.000000000000000000, -1.500000000000000000 ) ) ;
#2081 = CARTESIAN_POINT ( 'NONE',  ( 3.700000000000000178, 4.531193156845209159E-16, 0.7500000000000000000 ) ) ;
#2082 =( NAMED_UNIT ( * ) PLANE_ANGLE_UNIT ( ) SI_UNIT ( $, .RADIAN. ) );
#2083 = MECHANICAL_DESIGN_GEOMETRIC_PRESENTATION_REPRESENTATION (  '', ( #1590 ), #1774 ) ;
#2084 = CYLINDRICAL_SURFACE ( 'NONE', #446, 0.2550000000000000044 ) ;
#2085 = ORIENTED_EDGE ( 'NONE', *, *, #1154, .F. ) ;
#2086 = ADVANCED_FACE ( 'NONE', ( #1159 ), #981, .F. ) ;
#2087 =( GEOMETRIC_REPRESENTATION_CONTEXT ( 3 ) GLOBAL_UNCERTAINTY_ASSIGNED_CONTEXT ( ( #1126 ) ) GLOBAL_UNIT_ASSIGNED_CONTEXT ( ( #2098, #1534, #1335 ) ) REPRESENTATION_CONTEXT ( 'NONE', 'WORKASPACE' ) );
#2088 = ORIENTED_EDGE ( 'NONE', *, *, #1737, .T. ) ;
#2089 = CARTESIAN_POINT ( 'NONE',  ( 2.219277250041479022, -2.230315895369931134, 0.7500000000020315971 ) ) ;
#2090 =( NAMED_UNIT ( * ) PLANE_ANGLE_UNIT ( ) SI_UNIT ( $, .RADIAN. ) );
#2091 = DIRECTION ( 'NONE',  ( 1.000000000000000000, 0.000000000000000000, 0.000000000000000000 ) ) ;
#2092 = CARTESIAN_POINT ( 'NONE',  ( 2.550000000000000266, -1.000000000000000000, 1.500000000000000000 ) ) ;
#2093 = CARTESIAN_POINT ( 'NONE',  ( 2.903702547346071583, -1.095757143257158006, 0.7500000000000000000 ) ) ;
#2094 = LINE ( 'NONE', #1222, #1344 ) ;
#2095 = SURFACE_STYLE_FILL_AREA ( #238 ) ;
#2096 = MECHANICAL_DESIGN_GEOMETRIC_PRESENTATION_REPRESENTATION (  '', ( #1420 ), #733 ) ;
#2097 = VERTEX_POINT ( 'NONE', #74 ) ;
#2098 =( LENGTH_UNIT ( ) NAMED_UNIT ( * ) SI_UNIT ( .MILLI., .METRE. ) );
#2099 = DIRECTION ( 'NONE',  ( 1.000000000000000000, 0.000000000000000000, 0.000000000000000000 ) ) ;
#2100 = COLOUR_RGB ( '',1.000000000000000000, 1.000000000000000000, 0.000000000000000000 ) ;
#2101 = SURFACE_SIDE_STYLE ('',( #1551 ) ) ;
#2102 = DIRECTION ( 'NONE',  ( 0.000000000000000000, 1.000000000000000000, 0.000000000000000000 ) ) ;
#2103 = ORIENTED_EDGE ( 'NONE', *, *, #133, .T. ) ;
#2104 = SURFACE_SIDE_STYLE ('',( #656 ) ) ;
#2105 =( GEOMETRIC_REPRESENTATION_CONTEXT ( 3 ) GLOBAL_UNCERTAINTY_ASSIGNED_CONTEXT ( ( #1830 ) ) GLOBAL_UNIT_ASSIGNED_CONTEXT ( ( #1031, #2291, #672 ) ) REPRESENTATION_CONTEXT ( 'NONE', 'WORKASPACE' ) );
#2106 = DIRECTION ( 'NONE',  ( 0.000000000000000000, 1.000000000000000000, 0.000000000000000000 ) ) ;
#2107 = ORIENTED_EDGE ( 'NONE', *, *, #1628, .F. ) ;
#2108 = FACE_OUTER_BOUND ( 'NONE', #573, .T. ) ;
#2109 = DIRECTION ( 'NONE',  ( -1.782250146551515006E-16, -1.000000000000000000, 0.000000000000000000 ) ) ;
#2110 = DIRECTION ( 'NONE',  ( 1.000000000000000000, 0.000000000000000000, 0.000000000000000000 ) ) ;
#2111 = CARTESIAN_POINT ( 'NONE',  ( 2.868201696577899362, -1.063833284944294855, 0.7500000000000001110 ) ) ;
#2112 = STYLED_ITEM ( 'NONE', ( #2324 ), #2009 ) ;
#2113 = CARTESIAN_POINT ( 'NONE',  ( 0.000000000000000000, 0.000000000000000000, 0.7500000000000000000 ) ) ;
#2114 = MECHANICAL_DESIGN_GEOMETRIC_PRESENTATION_REPRESENTATION (  '', ( #1204 ), #1404 ) ;
#2115 = CARTESIAN_POINT ( 'NONE',  ( 2.961276754301704894, -1.267439118436029855, 0.7500000000000000000 ) ) ;
#2116 = EDGE_CURVE ( 'NONE', #464, #2097, #344, .T. ) ;
#2117 = EDGE_CURVE ( 'NONE', #1312, #1633, #1927, .T. ) ;
#2118 = ORIENTED_EDGE ( 'NONE', *, *, #905, .F. ) ;
#2119 = CARTESIAN_POINT ( 'NONE',  ( -2.550000000000000266, -1.000000000000000000, -1.000000000000000000 ) ) ;
#2120 = FILL_AREA_STYLE ('',( #1777 ) ) ;
#2121 = CARTESIAN_POINT ( 'NONE',  ( -2.250000000000000000, -7.043970125629120282, -1.000000000000000000 ) ) ;
#2122 = STYLED_ITEM ( 'NONE', ( #1535 ), #432 ) ;
#2123 = AXIS2_PLACEMENT_3D ( 'NONE', #1714, #2069, #293 ) ;
#2124 = CARTESIAN_POINT ( 'NONE',  ( -2.912870932250614775, -1.848697631320344925, -0.7500000000000000000 ) ) ;
#2125 = CARTESIAN_POINT ( 'NONE',  ( 3.449999999999999734, 0.000000000000000000, -0.7500000000000000000 ) ) ;
#2126 = CYLINDRICAL_SURFACE ( 'NONE', #1111, 0.2550000000000000044 ) ;
#2127 = EDGE_CURVE ( 'NONE', #621, #1073, #303, .T. ) ;
#2128 = AXIS2_PLACEMENT_3D ( 'NONE', #2303, #1716, #819 ) ;
#2129 = EDGE_CURVE ( 'NONE', #1317, #667, #907, .T. ) ;
#2130 = ORIENTED_EDGE ( 'NONE', *, *, #891, .F. ) ;
#2131 = CARTESIAN_POINT ( 'NONE',  ( 2.250000000000000000, -7.343970125629120993, 1.255000000000000115 ) ) ;
#2132 = DIRECTION ( 'NONE',  ( 0.000000000000000000, 1.000000000000000000, 0.000000000000000000 ) ) ;
#2133 =( NAMED_UNIT ( * ) SI_UNIT ( $, .STERADIAN. ) SOLID_ANGLE_UNIT ( ) );
#2134 = AXIS2_PLACEMENT_3D ( 'NONE', #1717, #1706, #94 ) ;
#2135 = FILL_AREA_STYLE_COLOUR ( '', #1437 ) ;
#2136 = SURFACE_STYLE_FILL_AREA ( #1040 ) ;
#2137 = PRESENTATION_STYLE_ASSIGNMENT (( #1421 ) ) ;
#2138 = AXIS2_PLACEMENT_3D ( 'NONE', #1243, #1643, #1281 ) ;
#2139 = SURFACE_STYLE_USAGE ( .BOTH. , #710 ) ;
#2140 = COLOUR_RGB ( '',1.000000000000000000, 1.000000000000000000, 1.000000000000000000 ) ;
#2141 = VERTEX_POINT ( 'NONE', #492 ) ;
#2142 = DIRECTION ( 'NONE',  ( 1.000000000000000000, 0.000000000000000000, 0.000000000000000000 ) ) ;
#2143 = AXIS2_PLACEMENT_3D ( 'NONE', #1509, #1692, #2226 ) ;
#2144 = EDGE_CURVE ( 'NONE', #923, #606, #1274, .T. ) ;
#2145 = SURFACE_STYLE_USAGE ( .BOTH. , #719 ) ;
#2146 = DIRECTION ( 'NONE',  ( 0.000000000000000000, 1.000000000000000000, 0.000000000000000000 ) ) ;
#2147 = SURFACE_STYLE_USAGE ( .BOTH. , #1597 ) ;
#2148 = EDGE_CURVE ( 'NONE', #1633, #1312, #1202, .T. ) ;
#2149 = SURFACE_STYLE_FILL_AREA ( #1951 ) ;
#2150 = CIRCLE ( 'NONE', #495, 3.449999999999999734 ) ;
#2151 = ORIENTED_EDGE ( 'NONE', *, *, #1247, .T. ) ;
#2152 = CIRCLE ( 'NONE', #1125, 0.2550000000000000044 ) ;
#2153 = EDGE_LOOP ( 'NONE', ( #965, #1488, #814, #1602, #2056, #1311, #838 ) ) ;
#2154 = CARTESIAN_POINT ( 'NONE',  ( 2.324312339219331669, -1.021816673018523414, 0.7500000000000000000 ) ) ;
#2155 = DIRECTION ( 'NONE',  ( 0.000000000000000000, 0.000000000000000000, 1.000000000000000000 ) ) ;
#2156 = PRESENTATION_STYLE_ASSIGNMENT (( #10 ) ) ;
#2157 = B_SPLINE_CURVE_WITH_KNOTS ( 'NONE', 3,
 ( #2067, #241, #968, #790, #2222, #1352 ),
 .UNSPECIFIED., .F., .F.,
 ( 4, 2, 4 ),
 ( 0.000000000000000000, 0.5000000000000000000, 1.000000000000000000 ),
 .UNSPECIFIED. ) ;
#2158 = COLOUR_RGB ( '',1.000000000000000000, 1.000000000000000000, 0.000000000000000000 ) ;
#2159 = DIRECTION ( 'NONE',  ( 0.000000000000000000, 0.000000000000000000, 1.000000000000000000 ) ) ;
#2160 = FILL_AREA_STYLE_COLOUR ( '', #1606 ) ;
#2161 =( NAMED_UNIT ( * ) SI_UNIT ( $, .STERADIAN. ) SOLID_ANGLE_UNIT ( ) );
#2162 = ORIENTED_EDGE ( 'NONE', *, *, #651, .T. ) ;
#2163 = FILL_AREA_STYLE_COLOUR ( '', #139 ) ;
#2164 = VERTEX_POINT ( 'NONE', #514 ) ;
#2165 = CARTESIAN_POINT ( 'NONE',  ( -2.138723245698294750, -1.267439118436029855, -0.7500000000000000000 ) ) ;
#2166 = CARTESIAN_POINT ( 'NONE',  ( -2.805128079098855309, -4.500000000000000000, -1.000000000000000000 ) ) ;
#2167 = FILL_AREA_STYLE_COLOUR ( '', #1619 ) ;
#2168 = ADVANCED_FACE ( 'NONE', ( #1216 ), #144, .T. ) ;
#2169 = PRESENTATION_LAYER_ASSIGNMENT (  '', '', ( #853 ) ) ;
#2170 = TOROIDAL_SURFACE ( 'NONE', #285, 0.2319078224938294908, 0.2500000000000000000 ) ;
#2171 = SURFACE_STYLE_FILL_AREA ( #1800 ) ;
#2172 = AXIS2_PLACEMENT_3D ( 'NONE', #974, #1107, #945 ) ;
#2173 =( NAMED_UNIT ( * ) PLANE_ANGLE_UNIT ( ) SI_UNIT ( $, .RADIAN. ) );
#2174 = DIRECTION ( 'NONE',  ( -1.000000000000000000, 0.000000000000000000, 0.000000000000000000 ) ) ;
#2175 = CARTESIAN_POINT ( 'NONE',  ( -2.550000000000140155, -2.642262343684085302, -0.6148381700687060025 ) ) ;
#2176 = ORIENTED_EDGE ( 'NONE', *, *, #1502, .F. ) ;
#2177 = ORIENTED_EDGE ( 'NONE', *, *, #552, .T. ) ;
#2178 = CARTESIAN_POINT ( 'NONE',  ( -2.264721948154903686, -1.048065007250110980, -0.7500000000000003331 ) ) ;
#2179 = DIRECTION ( 'NONE',  ( 0.000000000000000000, 0.000000000000000000, 1.000000000000000000 ) ) ;
#2180 = CARTESIAN_POINT ( 'NONE',  ( 0.000000000000000000, 0.000000000000000000, 0.7500000000000000000 ) ) ;
#2181 = CIRCLE ( 'NONE', #2336, 0.2500000000000002220 ) ;
#2182 = LINE ( 'NONE', #1279, #817 ) ;
#2183 = B_SPLINE_CURVE_WITH_KNOTS ( 'NONE', 3,
 ( #991, #1865, #1323, #1907, #1367, #635 ),
 .UNSPECIFIED., .F., .F.,
 ( 4, 2, 4 ),
 ( 0.000000000000000000, 0.5000000000000000000, 1.000000000000000000 ),
 .UNSPECIFIED. ) ;
#2184 = ORIENTED_EDGE ( 'NONE', *, *, #405, .T. ) ;
#2185 = DIRECTION ( 'NONE',  ( 0.000000000000000000, 1.000000000000000000, 0.000000000000000000 ) ) ;
#2186 = ADVANCED_FACE ( 'NONE', ( #2108 ), #883, .T. ) ;
#2187 = AXIS2_PLACEMENT_3D ( 'NONE', #441, #596, #428 ) ;
#2188 = DIRECTION ( 'NONE',  ( 1.000000000000000000, 0.000000000000000000, 0.000000000000000000 ) ) ;
#2189 = DIRECTION ( 'NONE',  ( -1.000000000000000000, 1.224646799147349509E-16, 0.000000000000000000 ) ) ;
#2190 = CARTESIAN_POINT ( 'NONE',  ( 2.550000000000140155, -2.642262343684085302, 0.6148381700687060025 ) ) ;
#2191 = UNCERTAINTY_MEASURE_WITH_UNIT (LENGTH_MEASURE( 1.000000000000000082E-05 ), #583, 'distance_accuracy_value', 'NONE');
#2192 = ORIENTED_EDGE ( 'NONE', *, *, #160, .T. ) ;
#2193 = DIRECTION ( 'NONE',  ( 1.000000000000000000, 0.000000000000000000, 0.000000000000000000 ) ) ;
#2194 = ORIENTED_EDGE ( 'NONE', *, *, #2116, .T. ) ;
#2195 = AXIS2_PLACEMENT_3D ( 'NONE', #1614, #871, #1058 ) ;
#2196 = ORIENTED_EDGE ( 'NONE', *, *, #857, .T. ) ;
#2197 = CARTESIAN_POINT ( 'NONE',  ( 2.483174094051876057, -4.500000000000000888, 0.7447438418022890305 ) ) ;
#2198 = FILL_AREA_STYLE ('',( #737 ) ) ;
#2199 = EDGE_LOOP ( 'NONE', ( #1670, #71, #2212, #1668 ) ) ;
#2200 = SURFACE_STYLE_FILL_AREA ( #1638 ) ;
#2201 = COLOUR_RGB ( '',1.000000000000000000, 1.000000000000000000, 1.000000000000000000 ) ;
#2202 = AXIS2_PLACEMENT_3D ( 'NONE', #2121, #113, #2091 ) ;
#2203 = DIRECTION ( 'NONE',  ( 1.000000000000000000, 0.000000000000000000, 0.000000000000000000 ) ) ;
#2204 = EDGE_CURVE ( 'NONE', #1405, #606, #2332, .T. ) ;
#2205 = VERTEX_POINT ( 'NONE', #1455 ) ;
#2206 = CARTESIAN_POINT ( 'NONE',  ( -2.600000000000000089, -16.60000000000000142, -1.000000000000000000 ) ) ;
#2207 = COLOUR_RGB ( '',1.000000000000000000, 1.000000000000000000, 0.000000000000000000 ) ;
#2208 = DIRECTION ( 'NONE',  ( 0.000000000000000000, 0.000000000000000000, 1.000000000000000000 ) ) ;
#2209 = CARTESIAN_POINT ( 'NONE',  ( -2.619818368518150642, -1.001328480480497607, -0.7500000000000001110 ) ) ;
#2210 = CARTESIAN_POINT ( 'NONE',  ( -2.250000000000000000, -7.088970125629121100, -1.000000000000000000 ) ) ;
#2211 =( GEOMETRIC_REPRESENTATION_CONTEXT ( 3 ) GLOBAL_UNCERTAINTY_ASSIGNED_CONTEXT ( ( #1682 ) ) GLOBAL_UNIT_ASSIGNED_CONTEXT ( ( #1464, #1836, #366 ) ) REPRESENTATION_CONTEXT ( 'NONE', 'WORKASPACE' ) );
#2212 = ORIENTED_EDGE ( 'NONE', *, *, #969, .T. ) ;
#2213 =( GEOMETRIC_REPRESENTATION_CONTEXT ( 3 ) GLOBAL_UNCERTAINTY_ASSIGNED_CONTEXT ( ( #234 ) ) GLOBAL_UNIT_ASSIGNED_CONTEXT ( ( #343, #507, #532 ) ) REPRESENTATION_CONTEXT ( 'NONE', 'WORKASPACE' ) );
#2214 = SURFACE_SIDE_STYLE ('',( #1862 ) ) ;
#2215 = EDGE_CURVE ( 'NONE', #1751, #1405, #425, .T. ) ;
#2216 = UNCERTAINTY_MEASURE_WITH_UNIT (LENGTH_MEASURE( 1.000000000000000082E-05 ), #199, 'distance_accuracy_value', 'NONE');
#2217 = ORIENTED_EDGE ( 'NONE', *, *, #1194, .T. ) ;
#2218 = UNCERTAINTY_MEASURE_WITH_UNIT (LENGTH_MEASURE( 1.000000000000000082E-05 ), #86, 'distance_accuracy_value', 'NONE');
#2219 = CARTESIAN_POINT ( 'NONE',  ( -2.486745384888680022, -1.000655513168715816, -0.7500000000000001110 ) ) ;
#2220 = CARTESIAN_POINT ( 'NONE',  ( 2.256239947168234394, -2.634033378742969056, 0.7500000000008051337 ) ) ;
#2221 = AXIS2_PLACEMENT_3D ( 'NONE', #1746, #164, #1569 ) ;
#2222 = CARTESIAN_POINT ( 'NONE',  ( -2.805256158197711791, -4.500000000000000888, -1.066825905948123543 ) ) ;
#2223 = MECHANICAL_DESIGN_GEOMETRIC_PRESENTATION_REPRESENTATION (  '', ( #2342 ), #1705 ) ;
#2224 = VECTOR ( 'NONE', #1999, 1000.000000000000000 ) ;
#2225 = ORIENTED_EDGE ( 'NONE', *, *, #1389, .T. ) ;
#2226 = DIRECTION ( 'NONE',  ( -1.000000000000000000, 0.000000000000000000, 0.000000000000000000 ) ) ;
#2227 = FACE_OUTER_BOUND ( 'NONE', #1876, .T. ) ;
#2228 =( NAMED_UNIT ( * ) PLANE_ANGLE_UNIT ( ) SI_UNIT ( $, .RADIAN. ) );
#2229 = EDGE_CURVE ( 'NONE', #511, #1776, #2150, .T. ) ;
#2230 = DIRECTION ( 'NONE',  ( -1.000000000000000000, 0.000000000000000000, 0.000000000000000000 ) ) ;
#2231 = FILL_AREA_STYLE ('',( #1515 ) ) ;
#2232 = B_SPLINE_CURVE_WITH_KNOTS ( 'NONE', 3,
 ( #863, #319, #1219, #2279, #1584, #1231 ),
 .UNSPECIFIED., .F., .F.,
 ( 4, 2, 4 ),
 ( 0.000000000000000000, 0.5000000000000000000, 1.000000000000000000 ),
 .UNSPECIFIED. ) ;
#2233 = UNCERTAINTY_MEASURE_WITH_UNIT (LENGTH_MEASURE( 1.000000000000000082E-05 ), #146, 'distance_accuracy_value', 'NONE');
#2234 = ORIENTED_EDGE ( 'NONE', *, *, #1061, .T. ) ;
#2235 = CIRCLE ( 'NONE', #191, 3.700000000000000178 ) ;
#2236 = ORIENTED_EDGE ( 'NONE', *, *, #1853, .F. ) ;
#2237 = ORIENTED_EDGE ( 'NONE', *, *, #528, .T. ) ;
#2238 = APPLICATION_PROTOCOL_DEFINITION ( 'draft international standard', 'automotive_design', 1998, #1586 ) ;
#2239 = SURFACE_SIDE_STYLE ('',( #1288 ) ) ;
#2240 = DIRECTION ( 'NONE',  ( 1.000000000000000000, 0.000000000000000000, 0.000000000000000000 ) ) ;
#2241 = EDGE_CURVE ( 'NONE', #1046, #6, #1555, .T. ) ;
#2242 = ORIENTED_EDGE ( 'NONE', *, *, #2065, .T. ) ;
#2243 = FILL_AREA_STYLE_COLOUR ( '', #1935 ) ;
#2244 = DIRECTION ( 'NONE',  ( 1.000000000000000000, 0.000000000000000000, 0.000000000000000000 ) ) ;
#2245 = EDGE_CURVE ( 'NONE', #1317, #415, #2026, .T. ) ;
#2246 = CARTESIAN_POINT ( 'NONE',  ( -2.655792774937091760, -2.536365446234632781, -0.6192292363583552506 ) ) ;
#2247 =( NAMED_UNIT ( * ) PLANE_ANGLE_UNIT ( ) SI_UNIT ( $, .RADIAN. ) );
#2248 = CIRCLE ( 'NONE', #1980, 0.2550000000000000044 ) ;
#2249 = CONICAL_SURFACE ( 'NONE', #1909, 0.5000000000000000000, 0.06981317007977388966 ) ;
#2250 = EDGE_LOOP ( 'NONE', ( #1972, #1719, #1384, #286, #151, #442, #107 ) ) ;
#2251 = AXIS2_PLACEMENT_3D ( 'NONE', #276, #989, #2059 ) ;
#2252 = DIRECTION ( 'NONE',  ( 0.000000000000000000, 0.000000000000000000, 1.000000000000000000 ) ) ;
#2253 = CARTESIAN_POINT ( 'NONE',  ( -2.550000000000000266, -1.000000000000000000, -1.000000000000000000 ) ) ;
#2254 = ORIENTED_EDGE ( 'NONE', *, *, #2229, .T. ) ;
#2255 = LINE ( 'NONE', #2080, #87 ) ;
#2256 = SURFACE_STYLE_USAGE ( .BOTH. , #460 ) ;
#2257 = CARTESIAN_POINT ( 'NONE',  ( 3.700000000000000178, 4.531193156845209159E-16, 0.5000000000000000000 ) ) ;
#2258 = CARTESIAN_POINT ( 'NONE',  ( -3.449999999999999734, 4.378112306951789731E-16, 0.7500000000000000000 ) ) ;
#2259 = CARTESIAN_POINT ( 'NONE',  ( 2.550000000000000266, -4.500000000000000000, 1.255128079098855931 ) ) ;
#2260 = FILL_AREA_STYLE_COLOUR ( '', #1280 ) ;
#2261 =( GEOMETRIC_REPRESENTATION_CONTEXT ( 3 ) GLOBAL_UNCERTAINTY_ASSIGNED_CONTEXT ( ( #1485 ) ) GLOBAL_UNIT_ASSIGNED_CONTEXT ( ( #2001, #388, #229 ) ) REPRESENTATION_CONTEXT ( 'NONE', 'WORKASPACE' ) );
#2262 = FACE_OUTER_BOUND ( 'NONE', #1852, .T. ) ;
#2263 =( NAMED_UNIT ( * ) SI_UNIT ( $, .STERADIAN. ) SOLID_ANGLE_UNIT ( ) );
#2264 = EDGE_CURVE ( 'NONE', #1482, #628, #2341, .T. ) ;
#2265 = EDGE_LOOP ( 'NONE', ( #959, #1054, #1754, #1883 ) ) ;
#2266 = DIRECTION ( 'NONE',  ( -1.000000000000000000, 0.000000000000000000, 0.000000000000000000 ) ) ;
#2267 = SURFACE_SIDE_STYLE ('',( #1549 ) ) ;
#2268 = PRESENTATION_LAYER_ASSIGNMENT (  '', '', ( #1590 ) ) ;
#2269 = DIRECTION ( 'NONE',  ( 0.000000000000000000, -1.000000000000000000, 0.000000000000000000 ) ) ;
#2270 = CARTESIAN_POINT ( 'NONE',  ( 2.657776471032078369, -1.003291301806527702, 0.7500000000000001110 ) ) ;
#2271 = DIRECTION ( 'NONE',  ( 0.000000000000000000, 0.000000000000000000, 1.000000000000000000 ) ) ;
#2272 = STYLED_ITEM ( 'NONE', ( #644 ), #467 ) ;
#2273 = DIRECTION ( 'NONE',  ( 0.000000000000000000, 1.000000000000000000, 0.000000000000000000 ) ) ;
#2274 = EDGE_CURVE ( 'NONE', #20, #1327, #1634, .T. ) ;
#2275 = VERTEX_POINT ( 'NONE', #1447 ) ;
#2276 = FACE_OUTER_BOUND ( 'NONE', #2316, .T. ) ;
#2277 = FILL_AREA_STYLE ('',( #1187 ) ) ;
#2278 = SURFACE_STYLE_USAGE ( .BOTH. , #2101 ) ;
#2279 = CARTESIAN_POINT ( 'NONE',  ( -2.416759690853638620, -4.500000000000000000, -1.227746411656086334 ) ) ;
#2280 = ORIENTED_EDGE ( 'NONE', *, *, #125, .F. ) ;
#2281 = SURFACE_SIDE_STYLE ('',( #866 ) ) ;
#2282 = CARTESIAN_POINT ( 'NONE',  ( 2.945419505439370145, -1.461216671003223944, 0.7500000000000000000 ) ) ;
#2283 = CIRCLE ( 'NONE', #1003, 0.2550000000000000044 ) ;
#2284 = PRODUCT ( 'MF-RHT050-2', 'MF-RHT050-2', '', ( #1356 ) ) ;
#2285 = PRESENTATION_LAYER_ASSIGNMENT (  '', '', ( #1641 ) ) ;
#2286 = COLOUR_RGB ( '',1.000000000000000000, 1.000000000000000000, 1.000000000000000000 ) ;
#2287 = VERTEX_POINT ( 'NONE', #1245 ) ;
#2288 = DIRECTION ( 'NONE',  ( -1.000000000000000000, 0.000000000000000000, 0.000000000000000000 ) ) ;
#2289 = CARTESIAN_POINT ( 'NONE',  ( -2.550000000000000266, -1.250000000000000000, -1.000000000000000000 ) ) ;
#2290 = SURFACE_SIDE_STYLE ('',( #1756 ) ) ;
#2291 =( NAMED_UNIT ( * ) PLANE_ANGLE_UNIT ( ) SI_UNIT ( $, .RADIAN. ) );
#2292 = FACE_OUTER_BOUND ( 'NONE', #1763, .T. ) ;
#2293 = CARTESIAN_POINT ( 'NONE',  ( 2.961276754301704894, -1.267439118436029855, 0.7500000000000000000 ) ) ;
#2294 = EDGE_CURVE ( 'NONE', #1, #1118, #363, .T. ) ;
#2295 =( NAMED_UNIT ( * ) SI_UNIT ( $, .STERADIAN. ) SOLID_ANGLE_UNIT ( ) );
#2296 = PRESENTATION_LAYER_ASSIGNMENT (  '', '', ( #979 ) ) ;
#2297 = CYLINDRICAL_SURFACE ( 'NONE', #1428, 0.2550000000000000044 ) ;
#2298 = AXIS2_PLACEMENT_3D ( 'NONE', #1818, #385, #2189 ) ;
#2299 = ORIENTED_EDGE ( 'NONE', *, *, #483, .T. ) ;
#2300 = SURFACE_SIDE_STYLE ('',( #1579 ) ) ;
#2301 = LINE ( 'NONE', #1238, #1035 ) ;
#2302 = CARTESIAN_POINT ( 'NONE',  ( -2.027613082046579862, -9.000000000000000000, -1.000000000000000000 ) ) ;
#2303 = CARTESIAN_POINT ( 'NONE',  ( -2.027613082046579862, -7.343970125629120993, -1.000000000000000000 ) ) ;
#2304 = FILL_AREA_STYLE_COLOUR ( '', #1942 ) ;
#2305 = CARTESIAN_POINT ( 'NONE',  ( 2.681401603605359174, -1.005170002218584768, 0.7499999999999998890 ) ) ;
#2306 = STYLED_ITEM ( 'NONE', ( #1701 ), #2086 ) ;
#2307 = AXIS2_PLACEMENT_3D ( 'NONE', #772, #1520, #982 ) ;
#2308 = EDGE_CURVE ( 'NONE', #2050, #85, #211, .T. ) ;
#2309 = STYLED_ITEM ( 'NONE', ( #706 ), #50 ) ;
#2310 = DIRECTION ( 'NONE',  ( -1.000000000000000000, 0.000000000000000000, 0.000000000000000000 ) ) ;
#2311 = ORIENTED_EDGE ( 'NONE', *, *, #203, .F. ) ;
#2312 = CARTESIAN_POINT ( 'NONE',  ( -2.027613082046579862, -8.171985062814558276, -1.000000000000000000 ) ) ;
#2313 = CARTESIAN_POINT ( 'NONE',  ( 0.000000000000000000, 0.000000000000000000, 0.5000000000000000000 ) ) ;
#2314 = UNCERTAINTY_MEASURE_WITH_UNIT (LENGTH_MEASURE( 1.000000000000000082E-05 ), #1787, 'distance_accuracy_value', 'NONE');
#2315 = FACE_OUTER_BOUND ( 'NONE', #1062, .T. ) ;
#2316 = EDGE_LOOP ( 'NONE', ( #1129, #767, #1264, #1931, #424 ) ) ;
#2317 = STYLED_ITEM ( 'NONE', ( #1757 ), #1768 ) ;
#2318 = EDGE_CURVE ( 'NONE', #636, #553, #1089, .T. ) ;
#2319 =( GEOMETRIC_REPRESENTATION_CONTEXT ( 3 ) GLOBAL_UNCERTAINTY_ASSIGNED_CONTEXT ( ( #951 ) ) GLOBAL_UNIT_ASSIGNED_CONTEXT ( ( #1810, #1100, #378 ) ) REPRESENTATION_CONTEXT ( 'NONE', 'WORKASPACE' ) );
#2320 = MECHANICAL_DESIGN_GEOMETRIC_PRESENTATION_REPRESENTATION (  '', ( #1871 ), #1253 ) ;
#2321 = ORIENTED_EDGE ( 'NONE', *, *, #1981, .F. ) ;
#2322 = PRESENTATION_STYLE_ASSIGNMENT (( #1047 ) ) ;
#2323 = CARTESIAN_POINT ( 'NONE',  ( -2.250000000000000000, -7.043970125629120282, -1.000000000000000000 ) ) ;
#2324 = PRESENTATION_STYLE_ASSIGNMENT (( #1076 ) ) ;
#2325 = COLOUR_RGB ( '',1.000000000000000000, 1.000000000000000000, 1.000000000000000000 ) ;
#2326 =( LENGTH_UNIT ( ) NAMED_UNIT ( * ) SI_UNIT ( .MILLI., .METRE. ) );
#2327 = DIRECTION ( 'NONE',  ( -1.000000000000000000, 0.000000000000000000, 0.000000000000000000 ) ) ;
#2328 = VECTOR ( 'NONE', #1460, 1000.000000000000000 ) ;
#2329 = FILL_AREA_STYLE ('',( #1044 ) ) ;
#2330 = STYLED_ITEM ( 'NONE', ( #1771 ), #1072 ) ;
#2331 = ORIENTED_EDGE ( 'NONE', *, *, #456, .F. ) ;
#2332 = LINE ( 'NONE', #714, #114 ) ;
#2333 = DIRECTION ( 'NONE',  ( 0.000000000000000000, 0.000000000000000000, -1.000000000000000000 ) ) ;
#2334 = ADVANCED_FACE ( 'NONE', ( #32 ), #1479, .F. ) ;
#2335 = LINE ( 'NONE', #558, #605 ) ;
#2336 = AXIS2_PLACEMENT_3D ( 'NONE', #2346, #184, #2008 ) ;
#2337 = CARTESIAN_POINT ( 'NONE',  ( 2.605048155811729327, -2.591678492830248981, 0.6113010026426922705 ) ) ;
#2338 = DIRECTION ( 'NONE',  ( -0.000000000000000000, 1.000000000000000000, 0.000000000000000000 ) ) ;
#2339 = CARTESIAN_POINT ( 'NONE',  ( 3.449999999999999734, 0.000000000000000000, 0.7500000000000000000 ) ) ;
#2340 = AXIS2_PLACEMENT_3D ( 'NONE', #577, #801, #771 ) ;
#2341 = CIRCLE ( 'NONE', #720, 0.2550000000000000044 ) ;
#2342 = STYLED_ITEM ( 'NONE', ( #434 ), #239 ) ;
#2343 = DIRECTION ( 'NONE',  ( 1.000000000000000000, 0.000000000000000000, 0.000000000000000000 ) ) ;
#2344 = ORIENTED_EDGE ( 'NONE', *, *, #1176, .F. ) ;
#2345 = CARTESIAN_POINT ( 'NONE',  ( 2.549999999999869704, -1.000655513168715816, 0.7500000000000000000 ) ) ;
#2346 = CARTESIAN_POINT ( 'NONE',  ( -3.449999999999999734, 4.225031457058369810E-16, -0.5000000000000000000 ) ) ;
#2347 = FILL_AREA_STYLE_COLOUR ( '', #179 ) ;
ENDSEC;
END-ISO-10303-21;
