solid Korry19x19_button_v5
facet normal -6.9192265054186375e-15 -1.7256288829201546e-15 1.0
  outer loop
    vertex 6.150750346535162 4.6738360323886825 26.80000000000001
    vertex 5.658436328316536 5.5651964195344314 26.80000000000001
    vertex 5.440785455340829 4.673836032388682 26.800000000000008
  endloop
endfacet
facet normal -6.9192265054186375e-15 -1.7256288829201546e-15 1.0
  outer loop
    vertex 5.658436328316536 5.5651964195344314 26.80000000000001
    vertex 6.150750346535162 4.6738360323886825 26.80000000000001
    vertex 5.930490035300343 5.565196419534431 26.80000000000001
  endloop
endfacet
facet normal -6.9192265054186375e-15 -1.7256288829201546e-15 1.0
  outer loop
    vertex 5.658436328316536 5.5651964195344314 26.80000000000001
    vertex 5.930490035300343 5.565196419534431 26.80000000000001
    vertex 5.7957481324663345 6.526458122469652 26.80000000000001
  endloop
endfacet
facet normal -0.9888402137776131 0.14542484482379653 -0.03235191067339292
  outer loop
    vertex 5.658436328316536 5.5651964195344314 26.80000000000001
    vertex 5.803443753424591 6.471556821895094 26.66000000000001
    vertex 5.658436328316537 5.565196419534431 26.66000000000001
  endloop
endfacet
facet normal -0.9888402137776131 0.14542484482379653 -0.03235191067339292
  outer loop
    vertex 5.803443753424591 6.471556821895094 26.66000000000001
    vertex 5.658436328316536 5.5651964195344314 26.80000000000001
    vertex 5.7957481324663345 6.526458122469652 26.80000000000001
  endloop
endfacet
facet normal -0.9888402137776131 0.14542484482379653 -0.03235191067339292
  outer loop
    vertex 5.803443753424591 6.471556821895094 26.66000000000001
    vertex 5.7957481324663345 6.526458122469652 26.80000000000001
    vertex 5.795748132466334 6.526458122469654 26.66000000000001
  endloop
endfacet
facet normal -0.9714586108031139 0.2372091218660956 -1.1957962452389368e-15
  outer loop
    vertex 5.658436328316536 5.5651964195344314 26.80000000000001
    vertex 5.440785455340828 4.673836032388682 26.66000000000001
    vertex 5.440785455340829 4.673836032388682 26.800000000000008
  endloop
endfacet
facet normal -0.9714586108031139 0.2372091218660956 -1.1957962452389368e-15
  outer loop
    vertex 5.440785455340828 4.673836032388682 26.66000000000001
    vertex 5.658436328316536 5.5651964195344314 26.80000000000001
    vertex 5.658436328316537 5.565196419534431 26.66000000000001
  endloop
endfacet
facet normal -0.9892757176199684 0.14548889266268047 -0.012904907565876115
  outer loop
    vertex 5.803443753424591 6.471556821895094 26.66000000000001
    vertex 5.673974347041233 5.565196419534432 25.82000000000003
    vertex 5.658436328316537 5.565196419534431 26.66000000000001
  endloop
endfacet
facet normal -0.9892757176199684 0.14548889266268047 -0.012904907565876115
  outer loop
    vertex 5.673974347041233 5.565196419534432 25.82000000000003
    vertex 5.803443753424591 6.471556821895094 26.66000000000001
    vertex 5.81128615119103 6.526458122469654 25.820000000000025
  endloop
endfacet
facet normal -0.9892757176199684 0.14548889266268047 -0.012904907565876115
  outer loop
    vertex 5.81128615119103 6.526458122469654 25.820000000000025
    vertex 5.803443753424591 6.471556821895094 26.66000000000001
    vertex 5.795748132466334 6.526458122469654 26.66000000000001
  endloop
endfacet
facet normal 0.9708000020645049 0.23989029991134966 -7.950201588005238e-15
  outer loop
    vertex 5.930490035300342 5.565196419534431 26.66000000000001
    vertex 6.150750346535162 4.6738360323886825 26.80000000000001
    vertex 6.15075034653516 4.673836032388682 26.66000000000001
  endloop
endfacet
facet normal 0.9708000020645049 0.23989029991134966 -7.950201588005238e-15
  outer loop
    vertex 6.150750346535162 4.6738360323886825 26.80000000000001
    vertex 5.930490035300342 5.565196419534431 26.66000000000001
    vertex 5.930490035300343 5.565196419534431 26.80000000000001
  endloop
endfacet
facet normal 0.9903183544122194 0.13881482959062416 -4.190094827035909e-15
  outer loop
    vertex 5.803443753424591 6.471556821895094 26.66000000000001
    vertex 5.930490035300343 5.565196419534431 26.80000000000001
    vertex 5.930490035300342 5.565196419534431 26.66000000000001
  endloop
endfacet
facet normal 0.9903183544122194 0.13881482959062416 -4.190094827035909e-15
  outer loop
    vertex 5.930490035300343 5.565196419534431 26.80000000000001
    vertex 5.803443753424591 6.471556821895094 26.66000000000001
    vertex 5.7957481324663345 6.526458122469652 26.80000000000001
  endloop
endfacet
facet normal 0.9903183544122194 0.13881482959062416 -4.190094827035909e-15
  outer loop
    vertex 5.7957481324663345 6.526458122469652 26.80000000000001
    vertex 5.803443753424591 6.471556821895094 26.66000000000001
    vertex 5.795748132466334 6.526458122469654 26.66000000000001
  endloop
endfacet
facet normal -0.9713018019939851 0.23717083255608318 -0.017966792365135292
  outer loop
    vertex 5.658436328316537 5.565196419534431 26.66000000000001
    vertex 5.456323474065524 4.673836032388682 25.82000000000003
    vertex 5.440785455340828 4.673836032388682 26.66000000000001
  endloop
endfacet
facet normal -0.9713018019939851 0.23717083255608318 -0.017966792365135292
  outer loop
    vertex 5.456323474065524 4.673836032388682 25.82000000000003
    vertex 5.658436328316537 5.565196419534431 26.66000000000001
    vertex 5.673974347041233 5.565196419534432 25.82000000000003
  endloop
endfacet
facet normal -9.588118255772974e-15 -1.3365002979420377e-15 -1.0
  outer loop
    vertex 5.673974347041233 5.565196419534432 25.82000000000003
    vertex 6.166288365259857 4.673836032388682 25.820000000000025
    vertex 5.456323474065524 4.673836032388682 25.82000000000003
  endloop
endfacet
facet normal -9.588118255772974e-15 -1.3365002979420377e-15 -1.0
  outer loop
    vertex 6.166288365259857 4.673836032388682 25.820000000000025
    vertex 5.673974347041233 5.565196419534432 25.82000000000003
    vertex 5.94602805402504 5.565196419534431 25.820000000000025
  endloop
endfacet
facet normal -9.588118255772974e-15 -1.3365002979420377e-15 -1.0
  outer loop
    vertex 5.94602805402504 5.565196419534431 25.820000000000025
    vertex 5.673974347041233 5.565196419534432 25.82000000000003
    vertex 5.81128615119103 6.526458122469654 25.820000000000025
  endloop
endfacet
facet normal 0.9901522359459073 0.13879154444550923 0.018315480931462343
  outer loop
    vertex 5.81128615119103 6.526458122469654 25.820000000000025
    vertex 5.930490035300342 5.565196419534431 26.66000000000001
    vertex 5.94602805402504 5.565196419534431 25.820000000000025
  endloop
endfacet
facet normal 0.9901522359459073 0.13879154444550923 0.018315480931462343
  outer loop
    vertex 5.930490035300342 5.565196419534431 26.66000000000001
    vertex 5.81128615119103 6.526458122469654 25.820000000000025
    vertex 5.803443753424591 6.471556821895094 26.66000000000001
  endloop
endfacet
facet normal 0.9901522359459073 0.13879154444550923 0.018315480931462343
  outer loop
    vertex 5.803443753424591 6.471556821895094 26.66000000000001
    vertex 5.81128615119103 6.526458122469654 25.820000000000025
    vertex 5.795748132466334 6.526458122469654 26.66000000000001
  endloop
endfacet
facet normal 0.0 -1.0 0.0
  outer loop
    vertex 6.15075034653516 4.673836032388682 26.66000000000001
    vertex 5.456323474065524 4.673836032388682 25.82000000000003
    vertex 6.166288365259857 4.673836032388682 25.820000000000025
  endloop
endfacet
facet normal 0.0 -1.0 0.0
  outer loop
    vertex 5.456323474065524 4.673836032388682 25.82000000000003
    vertex 6.15075034653516 4.673836032388682 26.66000000000001
    vertex 5.440785455340828 4.673836032388682 26.66000000000001
  endloop
endfacet
facet normal 4.964975235965502e-16 -1.0 2.5178272165607043e-15
  outer loop
    vertex 6.150750346535162 4.6738360323886825 26.80000000000001
    vertex 5.440785455340828 4.673836032388682 26.66000000000001
    vertex 6.15075034653516 4.673836032388682 26.66000000000001
  endloop
endfacet
facet normal 4.964975235965502e-16 -1.0 2.5178272165607043e-15
  outer loop
    vertex 5.440785455340828 4.673836032388682 26.66000000000001
    vertex 6.150750346535162 4.6738360323886825 26.80000000000001
    vertex 5.440785455340829 4.673836032388682 26.800000000000008
  endloop
endfacet
facet normal 0.9706435119175002 0.23985163029019238 0.0179546155514049
  outer loop
    vertex 5.94602805402504 5.565196419534431 25.820000000000025
    vertex 6.15075034653516 4.673836032388682 26.66000000000001
    vertex 6.166288365259857 4.673836032388682 25.820000000000025
  endloop
endfacet
facet normal 0.9706435119175002 0.23985163029019238 0.0179546155514049
  outer loop
    vertex 6.15075034653516 4.673836032388682 26.66000000000001
    vertex 5.94602805402504 5.565196419534431 25.820000000000025
    vertex 5.930490035300342 5.565196419534431 26.66000000000001
  endloop
endfacet
facet normal -1.0 1.0071308866242491e-15 1.0071308866242485e-15
  outer loop
    vertex 12.750000000000021 8.249999999999957 15.800000000000004
    vertex 12.750000000000016 9.249999999999956 10.80000000000001
    vertex 12.750000000000016 8.249999999999956 10.80000000000001
  endloop
endfacet
facet normal -1.0 1.0071308866242491e-15 1.0071308866242485e-15
  outer loop
    vertex 12.750000000000016 9.249999999999956 10.80000000000001
    vertex 12.750000000000021 8.249999999999957 15.800000000000004
    vertex 12.750000000000021 9.249999999999956 15.800000000000004
  endloop
endfacet
facet normal 0.6087614290087204 -0.7933533402912354 -1.9897406458543136e-15
  outer loop
    vertex 9.810660171779842 7.689339828220136 16.30000000000005
    vertex 9.50000000000002 7.4509618943233 15.800000000000011
    vertex 9.81066017177984 7.689339828220137 15.800000000000011
  endloop
endfacet
facet normal 0.6087614290087204 -0.7933533402912354 -1.9897406458543136e-15
  outer loop
    vertex 9.50000000000002 7.4509618943233 15.800000000000011
    vertex 9.810660171779842 7.689339828220136 16.30000000000005
    vertex 9.50000000000002 7.4509618943233 16.30000000000005
  endloop
endfacet
facet normal 0.9238795325112849 -0.3826834323650946 -1.5236957266439375e-15
  outer loop
    vertex 10.152591496269952 8.249999999999957 15.800000000000011
    vertex 10.04903810567668 7.99999999999996 16.30000000000005
    vertex 10.049038105676678 7.999999999999958 15.800000000000011
  endloop
endfacet
facet normal 0.9238795325112849 -0.3826834323650946 -1.5236957266439375e-15
  outer loop
    vertex 10.04903810567668 7.99999999999996 16.30000000000005
    vertex 10.152591496269952 8.249999999999957 15.800000000000011
    vertex 10.152591496269954 8.24999999999996 16.30000000000005
  endloop
endfacet
facet normal -0.38268343236509533 -0.9238795325112844 8.676595523221021e-16
  outer loop
    vertex 8.361771432346238 7.301111260566356 16.30000000000005
    vertex 8.00000000000002 7.450961894323303 15.800000000000011
    vertex 8.361771432346238 7.3011112605663575 15.800000000000011
  endloop
endfacet
facet normal -0.38268343236509533 -0.9238795325112844 8.676595523221021e-16
  outer loop
    vertex 8.00000000000002 7.450961894323303 15.800000000000011
    vertex 8.361771432346238 7.301111260566356 16.30000000000005
    vertex 8.000000000000025 7.450961894323303 16.30000000000005
  endloop
endfacet
facet normal -0.7933533402912336 0.6087614290087228 1.3819873121703124e-15
  outer loop
    vertex 7.450961894323366 9.499999999999963 16.300000000000054
    vertex 7.689339828220201 9.810660171779782 15.800000000000011
    vertex 7.450961894323365 9.499999999999961 15.800000000000011
  endloop
endfacet
facet normal -0.7933533402912336 0.6087614290087228 1.3819873121703124e-15
  outer loop
    vertex 7.689339828220201 9.810660171779782 15.800000000000011
    vertex 7.450961894323366 9.499999999999963 16.300000000000054
    vertex 7.689339828220202 9.810660171779782 16.300000000000054
  endloop
endfacet
facet normal 0.13052619222005168 -0.9914448613738105 2.425901719270053e-15
  outer loop
    vertex 9.138228567653801 7.3011112605663575 16.30000000000005
    vertex 8.75000000000002 7.249999999999958 15.800000000000011
    vertex 9.138228567653801 7.301111260566356 15.800000000000011
  endloop
endfacet
facet normal 0.13052619222005168 -0.9914448613738105 2.425901719270053e-15
  outer loop
    vertex 8.75000000000002 7.249999999999958 15.800000000000011
    vertex 9.138228567653801 7.3011112605663575 16.30000000000005
    vertex 8.750000000000021 7.24999999999996 16.30000000000005
  endloop
endfacet
facet normal -0.7933533402912338 -0.6087614290087224 2.2361661815217854e-15
  outer loop
    vertex 7.4509618943233615 7.99999999999996 16.300000000000054
    vertex 7.689339828220198 7.689339828220139 15.800000000000011
    vertex 7.689339828220202 7.689339828220139 16.300000000000054
  endloop
endfacet
facet normal -0.7933533402912338 -0.6087614290087224 2.2361661815217854e-15
  outer loop
    vertex 7.689339828220198 7.689339828220139 15.800000000000011
    vertex 7.4509618943233615 7.99999999999996 16.300000000000054
    vertex 7.450961894323363 7.99999999999996 15.800000000000011
  endloop
endfacet
facet normal -0.9238795325112873 -0.3826834323650886 -1.3005556537094247e-15
  outer loop
    vertex 7.3474085037300885 8.249999999999963 16.300000000000054
    vertex 7.450961894323363 7.99999999999996 15.800000000000011
    vertex 7.4509618943233615 7.99999999999996 16.300000000000054
  endloop
endfacet
facet normal -0.9238795325112873 -0.3826834323650886 -1.3005556537094247e-15
  outer loop
    vertex 7.450961894323363 7.99999999999996 15.800000000000011
    vertex 7.3474085037300885 8.249999999999963 16.300000000000054
    vertex 7.3474085037300885 8.249999999999963 15.800000000000011
  endloop
endfacet
facet normal 0.3826834323650873 -0.9238795325112878 7.506208615166969e-16
  outer loop
    vertex 9.50000000000002 7.4509618943233 16.30000000000005
    vertex 9.138228567653801 7.301111260566356 15.800000000000011
    vertex 9.50000000000002 7.4509618943233 15.800000000000011
  endloop
endfacet
facet normal 0.3826834323650873 -0.9238795325112878 7.506208615166969e-16
  outer loop
    vertex 9.138228567653801 7.301111260566356 15.800000000000011
    vertex 9.50000000000002 7.4509618943233 16.30000000000005
    vertex 9.138228567653801 7.3011112605663575 16.30000000000005
  endloop
endfacet
facet normal 0.7933533402912348 0.6087614290087211 -2.5648715726312088e-15
  outer loop
    vertex 9.810660171779842 9.81066017177978 15.800000000000011
    vertex 10.04903810567668 9.499999999999961 16.30000000000005
    vertex 10.049038105676681 9.49999999999996 15.800000000000011
  endloop
endfacet
facet normal 0.7933533402912348 0.6087614290087211 -2.5648715726312088e-15
  outer loop
    vertex 10.04903810567668 9.499999999999961 16.30000000000005
    vertex 9.810660171779842 9.81066017177978 15.800000000000011
    vertex 9.810660171779844 9.810660171779782 16.300000000000054
  endloop
endfacet
facet normal -1.0071308866242485e-15 -8.326672684688573e-17 -1.0
  outer loop
    vertex 4.750000000000024 9.249999999999963 15.800000000000017
    vertex 7.3474085037300885 8.249999999999963 15.800000000000011
    vertex 4.750000000000023 8.249999999999964 15.800000000000017
  endloop
endfacet
facet normal -1.0071308866242485e-15 -8.326672684688573e-17 -1.0
  outer loop
    vertex 7.3474085037300885 8.249999999999963 15.800000000000011
    vertex 4.750000000000024 9.249999999999963 15.800000000000017
    vertex 7.347408503730091 9.249999999999963 15.800000000000011
  endloop
endfacet
facet normal -1.0071308866242485e-15 -8.326672684688573e-17 -1.0
  outer loop
    vertex 7.3474085037300885 8.249999999999963 15.800000000000011
    vertex 7.347408503730091 9.249999999999963 15.800000000000011
    vertex 7.450961894323363 7.99999999999996 15.800000000000011
  endloop
endfacet
facet normal -1.0071308866242485e-15 -8.326672684688573e-17 -1.0
  outer loop
    vertex 7.450961894323363 7.99999999999996 15.800000000000011
    vertex 7.347408503730091 9.249999999999963 15.800000000000011
    vertex 7.450961894323365 9.499999999999961 15.800000000000011
  endloop
endfacet
facet normal -1.0071308866242485e-15 -8.326672684688573e-17 -1.0
  outer loop
    vertex 7.450961894323363 7.99999999999996 15.800000000000011
    vertex 7.450961894323365 9.499999999999961 15.800000000000011
    vertex 7.689339828220198 7.689339828220139 15.800000000000011
  endloop
endfacet
facet normal -1.0071308866242485e-15 -8.326672684688573e-17 -1.0
  outer loop
    vertex 7.689339828220198 7.689339828220139 15.800000000000011
    vertex 7.450961894323365 9.499999999999961 15.800000000000011
    vertex 7.689339828220201 9.810660171779782 15.800000000000011
  endloop
endfacet
facet normal -1.0071308866242485e-15 -8.326672684688573e-17 -1.0
  outer loop
    vertex 7.689339828220198 7.689339828220139 15.800000000000011
    vertex 7.689339828220201 9.810660171779782 15.800000000000011
    vertex 8.00000000000002 7.450961894323303 15.800000000000011
  endloop
endfacet
facet normal -1.0071308866242485e-15 -8.326672684688573e-17 -1.0
  outer loop
    vertex 8.00000000000002 7.450961894323303 15.800000000000011
    vertex 7.689339828220201 9.810660171779782 15.800000000000011
    vertex 8.000000000000023 10.049038105676619 15.800000000000011
  endloop
endfacet
facet normal -1.0071308866242485e-15 -8.326672684688573e-17 -1.0
  outer loop
    vertex 8.00000000000002 7.450961894323303 15.800000000000011
    vertex 8.000000000000023 10.049038105676619 15.800000000000011
    vertex 8.361771432346238 7.3011112605663575 15.800000000000011
  endloop
endfacet
facet normal -1.0071308866242485e-15 -8.326672684688573e-17 -1.0
  outer loop
    vertex 8.361771432346238 7.3011112605663575 15.800000000000011
    vertex 8.000000000000023 10.049038105676619 15.800000000000011
    vertex 8.361771432346242 10.198888739433562 15.800000000000011
  endloop
endfacet
facet normal -1.0071308866242485e-15 -8.326672684688573e-17 -1.0
  outer loop
    vertex 8.361771432346238 7.3011112605663575 15.800000000000011
    vertex 8.361771432346242 10.198888739433562 15.800000000000011
    vertex 8.75000000000002 7.249999999999958 15.800000000000011
  endloop
endfacet
facet normal -1.0071308866242485e-15 -8.326672684688573e-17 -1.0
  outer loop
    vertex 8.75000000000002 7.249999999999958 15.800000000000011
    vertex 8.361771432346242 10.198888739433562 15.800000000000011
    vertex 8.750000000000021 10.24999999999996 15.800000000000011
  endloop
endfacet
facet normal -1.0071308866242485e-15 -8.326672684688573e-17 -1.0
  outer loop
    vertex 8.75000000000002 7.249999999999958 15.800000000000011
    vertex 8.750000000000021 10.24999999999996 15.800000000000011
    vertex 9.138228567653801 7.301111260566356 15.800000000000011
  endloop
endfacet
facet normal -1.0071308866242485e-15 -8.326672684688573e-17 -1.0
  outer loop
    vertex 9.138228567653801 7.301111260566356 15.800000000000011
    vertex 8.750000000000021 10.24999999999996 15.800000000000011
    vertex 9.138228567653805 10.198888739433562 15.800000000000011
  endloop
endfacet
facet normal -1.0071308866242485e-15 -8.326672684688573e-17 -1.0
  outer loop
    vertex 9.138228567653801 7.301111260566356 15.800000000000011
    vertex 9.138228567653805 10.198888739433562 15.800000000000011
    vertex 9.50000000000002 7.4509618943233 15.800000000000011
  endloop
endfacet
facet normal -1.0071308866242485e-15 -8.326672684688573e-17 -1.0
  outer loop
    vertex 9.50000000000002 7.4509618943233 15.800000000000011
    vertex 9.138228567653805 10.198888739433562 15.800000000000011
    vertex 9.500000000000021 10.049038105676615 15.800000000000011
  endloop
endfacet
facet normal -1.0071308866242485e-15 -8.326672684688573e-17 -1.0
  outer loop
    vertex 9.50000000000002 7.4509618943233 15.800000000000011
    vertex 9.500000000000021 10.049038105676615 15.800000000000011
    vertex 9.81066017177984 7.689339828220137 15.800000000000011
  endloop
endfacet
facet normal -1.0071308866242485e-15 -8.326672684688573e-17 -1.0
  outer loop
    vertex 9.81066017177984 7.689339828220137 15.800000000000011
    vertex 9.500000000000021 10.049038105676615 15.800000000000011
    vertex 9.810660171779842 9.81066017177978 15.800000000000011
  endloop
endfacet
facet normal -1.0071308866242485e-15 -8.326672684688573e-17 -1.0
  outer loop
    vertex 9.81066017177984 7.689339828220137 15.800000000000011
    vertex 9.810660171779842 9.81066017177978 15.800000000000011
    vertex 10.049038105676678 7.999999999999958 15.800000000000011
  endloop
endfacet
facet normal -1.0071308866242485e-15 -8.326672684688573e-17 -1.0
  outer loop
    vertex 10.049038105676678 7.999999999999958 15.800000000000011
    vertex 9.810660171779842 9.81066017177978 15.800000000000011
    vertex 10.049038105676681 9.49999999999996 15.800000000000011
  endloop
endfacet
facet normal -1.0071308866242485e-15 -8.326672684688573e-17 -1.0
  outer loop
    vertex 10.049038105676678 7.999999999999958 15.800000000000011
    vertex 10.049038105676681 9.49999999999996 15.800000000000011
    vertex 10.152591496269952 8.249999999999957 15.800000000000011
  endloop
endfacet
facet normal -1.0071308866242485e-15 -8.326672684688573e-17 -1.0
  outer loop
    vertex 10.152591496269952 8.249999999999957 15.800000000000011
    vertex 10.049038105676681 9.49999999999996 15.800000000000011
    vertex 10.152591496269952 9.249999999999957 15.800000000000011
  endloop
endfacet
facet normal -1.0071308866242485e-15 -8.326672684688573e-17 -1.0
  outer loop
    vertex 10.152591496269952 8.249999999999957 15.800000000000011
    vertex 10.152591496269952 9.249999999999957 15.800000000000011
    vertex 12.750000000000021 9.249999999999956 15.800000000000004
  endloop
endfacet
facet normal -1.0071308866242485e-15 -8.326672684688573e-17 -1.0
  outer loop
    vertex 10.152591496269952 8.249999999999957 15.800000000000011
    vertex 12.750000000000021 9.249999999999956 15.800000000000004
    vertex 12.750000000000021 8.249999999999957 15.800000000000004
  endloop
endfacet
facet normal -0.6087614290087194 -0.7933533402912363 6.001503850281519e-15
  outer loop
    vertex 8.000000000000025 7.450961894323303 16.30000000000005
    vertex 7.689339828220198 7.689339828220139 15.800000000000011
    vertex 8.00000000000002 7.450961894323303 15.800000000000011
  endloop
endfacet
facet normal -0.6087614290087194 -0.7933533402912363 6.001503850281519e-15
  outer loop
    vertex 7.689339828220198 7.689339828220139 15.800000000000011
    vertex 8.000000000000025 7.450961894323303 16.30000000000005
    vertex 7.689339828220202 7.689339828220139 16.300000000000054
  endloop
endfacet
facet normal 0.9238795325112888 0.38268343236508473 -9.438769245283364e-17
  outer loop
    vertex 10.049038105676681 9.49999999999996 15.800000000000011
    vertex 10.152591496269952 9.249999999999963 16.30000000000005
    vertex 10.152591496269952 9.249999999999957 15.800000000000011
  endloop
endfacet
facet normal 0.9238795325112888 0.38268343236508473 -9.438769245283364e-17
  outer loop
    vertex 10.152591496269952 9.249999999999963 16.30000000000005
    vertex 10.049038105676681 9.49999999999996 15.800000000000011
    vertex 10.04903810567668 9.499999999999961 16.30000000000005
  endloop
endfacet
facet normal -0.6087614290087195 0.7933533402912359 2.845774067433522e-15
  outer loop
    vertex 7.689339828220202 9.810660171779782 16.300000000000054
    vertex 8.000000000000023 10.049038105676619 15.800000000000011
    vertex 7.689339828220201 9.810660171779782 15.800000000000011
  endloop
endfacet
facet normal -0.6087614290087195 0.7933533402912359 2.845774067433522e-15
  outer loop
    vertex 8.000000000000023 10.049038105676619 15.800000000000011
    vertex 7.689339828220202 9.810660171779782 16.300000000000054
    vertex 8.000000000000025 10.049038105676617 16.300000000000054
  endloop
endfacet
facet normal -0.9238795325112852 0.3826834323650936 -5.353617792670364e-16
  outer loop
    vertex 7.450961894323366 9.499999999999963 16.300000000000054
    vertex 7.347408503730091 9.249999999999963 15.800000000000011
    vertex 7.347408503730089 9.249999999999963 16.300000000000054
  endloop
endfacet
facet normal -0.9238795325112852 0.3826834323650936 -5.353617792670364e-16
  outer loop
    vertex 7.347408503730091 9.249999999999963 15.800000000000011
    vertex 7.450961894323366 9.499999999999963 16.300000000000054
    vertex 7.450961894323365 9.499999999999961 15.800000000000011
  endloop
endfacet
facet normal 0.13052619222005277 0.9914448613738103 1.2174005703363312e-15
  outer loop
    vertex 8.750000000000021 10.24999999999996 16.300000000000054
    vertex 9.138228567653805 10.198888739433562 15.800000000000011
    vertex 8.750000000000021 10.24999999999996 15.800000000000011
  endloop
endfacet
facet normal 0.13052619222005277 0.9914448613738103 1.2174005703363312e-15
  outer loop
    vertex 9.138228567653805 10.198888739433562 15.800000000000011
    vertex 8.750000000000021 10.24999999999996 16.300000000000054
    vertex 9.138228567653806 10.19888873943356 16.300000000000054
  endloop
endfacet
facet normal 0.7933533402912352 -0.6087614290087207 -2.231083652665547e-15
  outer loop
    vertex 9.81066017177984 7.689339828220137 15.800000000000011
    vertex 10.04903810567668 7.99999999999996 16.30000000000005
    vertex 9.810660171779842 7.689339828220136 16.30000000000005
  endloop
endfacet
facet normal 0.7933533402912352 -0.6087614290087207 -2.231083652665547e-15
  outer loop
    vertex 10.04903810567668 7.99999999999996 16.30000000000005
    vertex 9.81066017177984 7.689339828220137 15.800000000000011
    vertex 10.049038105676678 7.999999999999958 15.800000000000011
  endloop
endfacet
facet normal 1.0 -1.0071308866242491e-15 -1.0071308866242485e-15
  outer loop
    vertex 4.750000000000019 9.249999999999963 10.800000000000015
    vertex 4.750000000000023 8.249999999999964 15.800000000000017
    vertex 4.750000000000018 8.249999999999964 10.800000000000015
  endloop
endfacet
facet normal 1.0 -1.0071308866242491e-15 -1.0071308866242485e-15
  outer loop
    vertex 4.750000000000023 8.249999999999964 15.800000000000017
    vertex 4.750000000000019 9.249999999999963 10.800000000000015
    vertex 4.750000000000024 9.249999999999963 15.800000000000017
  endloop
endfacet
facet normal -0.38268343236509206 0.923879532511286 5.487458237487154e-16
  outer loop
    vertex 8.000000000000025 10.049038105676617 16.300000000000054
    vertex 8.361771432346242 10.198888739433562 15.800000000000011
    vertex 8.000000000000023 10.049038105676619 15.800000000000011
  endloop
endfacet
facet normal -0.38268343236509206 0.923879532511286 5.487458237487154e-16
  outer loop
    vertex 8.361771432346242 10.198888739433562 15.800000000000011
    vertex 8.000000000000025 10.049038105676617 16.300000000000054
    vertex 8.361771432346242 10.198888739433563 16.300000000000054
  endloop
endfacet
facet normal 0.38268343236509345 0.9238795325112852 2.2959756128109878e-15
  outer loop
    vertex 9.138228567653806 10.19888873943356 16.300000000000054
    vertex 9.500000000000021 10.049038105676615 15.800000000000011
    vertex 9.138228567653805 10.198888739433562 15.800000000000011
  endloop
endfacet
facet normal 0.38268343236509345 0.9238795325112852 2.2959756128109878e-15
  outer loop
    vertex 9.500000000000021 10.049038105676615 15.800000000000011
    vertex 9.138228567653806 10.19888873943356 16.300000000000054
    vertex 9.500000000000025 10.049038105676614 16.30000000000005
  endloop
endfacet
facet normal -0.13052619222005143 -0.9914448613738105 1.780368847538271e-16
  outer loop
    vertex 8.750000000000021 7.24999999999996 16.30000000000005
    vertex 8.361771432346238 7.3011112605663575 15.800000000000011
    vertex 8.75000000000002 7.249999999999958 15.800000000000011
  endloop
endfacet
facet normal -0.13052619222005143 -0.9914448613738105 1.780368847538271e-16
  outer loop
    vertex 8.361771432346238 7.3011112605663575 15.800000000000011
    vertex 8.750000000000021 7.24999999999996 16.30000000000005
    vertex 8.361771432346238 7.301111260566356 16.30000000000005
  endloop
endfacet
facet normal 0.6087614290087177 0.7933533402912375 -1.4341853096553987e-15
  outer loop
    vertex 9.500000000000025 10.049038105676614 16.30000000000005
    vertex 9.810660171779842 9.81066017177978 15.800000000000011
    vertex 9.500000000000021 10.049038105676615 15.800000000000011
  endloop
endfacet
facet normal 0.6087614290087177 0.7933533402912375 -1.4341853096553987e-15
  outer loop
    vertex 9.810660171779842 9.81066017177978 15.800000000000011
    vertex 9.500000000000025 10.049038105676614 16.30000000000005
    vertex 9.810660171779844 9.810660171779782 16.300000000000054
  endloop
endfacet
facet normal -0.13052619222004683 0.9914448613738112 -1.4002331786685985e-15
  outer loop
    vertex 8.361771432346242 10.198888739433563 16.300000000000054
    vertex 8.750000000000021 10.24999999999996 15.800000000000011
    vertex 8.361771432346242 10.198888739433562 15.800000000000011
  endloop
endfacet
facet normal -0.13052619222004683 0.9914448613738112 -1.4002331786685985e-15
  outer loop
    vertex 8.750000000000021 10.24999999999996 15.800000000000011
    vertex 8.361771432346242 10.198888739433563 16.300000000000054
    vertex 8.750000000000021 10.24999999999996 16.300000000000054
  endloop
endfacet
facet normal 0.7086061077597381 -0.7056042604523743 0.00010806041110421785
  outer loop
    vertex 2.0100505063465066 0.00502525316176059 10.80000000000002
    vertex 3.000000000000019 0.9999999999999654 16.30000000000005
    vertex 2.0034300717413114 -4.5897146760786824e-14 16.300000000000054
  endloop
endfacet
facet normal 0.7086061077597381 -0.7056042604523743 0.00010806041110421785
  outer loop
    vertex 3.000000000000019 0.9999999999999654 16.30000000000005
    vertex 2.0100505063465066 0.00502525316176059 10.80000000000002
    vertex 3.0000000000000133 0.999999999999965 10.800000000000015
  endloop
endfacet
facet normal 0.0011076760869533737 -0.9999993020147946 -0.00041112481102949835
  outer loop
    vertex 2.0034300717413114 -4.5897146760786824e-14 16.300000000000054
    vertex 1.2488409762756338e-14 -3.173423144523443e-14 10.80000000000002
    vertex 2.0100505063465066 0.00502525316176059 10.80000000000002
  endloop
endfacet
facet normal 0.0011076760869533737 -0.9999993020147946 -0.00041112481102949835
  outer loop
    vertex 1.2488409762756338e-14 -3.173423144523443e-14 10.80000000000002
    vertex 2.0034300717413114 -4.5897146760786824e-14 16.300000000000054
    vertex 1.8027629639189727e-14 -4.597321101291868e-14 16.30000000000006
  endloop
endfacet
facet normal 0.0011076760869533737 -0.9999993020147946 -0.00041112481102949835
  outer loop
    vertex 1.8027629639189727e-14 -4.597321101291868e-14 16.30000000000006
    vertex 2.0034300717413114 -4.5897146760786824e-14 16.300000000000054
    vertex 0.10796093930046624 -4.5969112058718496e-14 16.30000000000006
  endloop
endfacet
facet normal 8.859919498877831e-16 -1.2215846077093741e-15 1.0
  outer loop
    vertex 10.152591496269952 9.249999999999963 16.30000000000005
    vertex 7.450961894323366 9.499999999999963 16.300000000000054
    vertex 7.347408503730089 9.249999999999963 16.300000000000054
  endloop
endfacet
facet normal 8.859919498877831e-16 -1.2215846077093741e-15 1.0
  outer loop
    vertex 7.450961894323366 9.499999999999963 16.300000000000054
    vertex 10.152591496269952 9.249999999999963 16.30000000000005
    vertex 7.689339828220202 9.810660171779782 16.300000000000054
  endloop
endfacet
facet normal 8.859919498877831e-16 -1.2215846077093741e-15 1.0
  outer loop
    vertex 7.689339828220202 9.810660171779782 16.300000000000054
    vertex 10.152591496269952 9.249999999999963 16.30000000000005
    vertex 8.000000000000025 10.049038105676617 16.300000000000054
  endloop
endfacet
facet normal 8.859919498877831e-16 -1.2215846077093741e-15 1.0
  outer loop
    vertex 8.000000000000025 10.049038105676617 16.300000000000054
    vertex 10.152591496269952 9.249999999999963 16.30000000000005
    vertex 8.361771432346242 10.198888739433563 16.300000000000054
  endloop
endfacet
facet normal 8.859919498877831e-16 -1.2215846077093741e-15 1.0
  outer loop
    vertex 8.361771432346242 10.198888739433563 16.300000000000054
    vertex 10.152591496269952 9.249999999999963 16.30000000000005
    vertex 8.750000000000021 10.24999999999996 16.300000000000054
  endloop
endfacet
facet normal 8.859919498877831e-16 -1.2215846077093741e-15 1.0
  outer loop
    vertex 8.750000000000021 10.24999999999996 16.300000000000054
    vertex 10.152591496269952 9.249999999999963 16.30000000000005
    vertex 9.138228567653806 10.19888873943356 16.300000000000054
  endloop
endfacet
facet normal 8.859919498877831e-16 -1.2215846077093741e-15 1.0
  outer loop
    vertex 9.138228567653806 10.19888873943356 16.300000000000054
    vertex 10.152591496269952 9.249999999999963 16.30000000000005
    vertex 9.500000000000025 10.049038105676614 16.30000000000005
  endloop
endfacet
facet normal 8.859919498877831e-16 -1.2215846077093741e-15 1.0
  outer loop
    vertex 9.500000000000025 10.049038105676614 16.30000000000005
    vertex 10.152591496269952 9.249999999999963 16.30000000000005
    vertex 9.810660171779844 9.810660171779782 16.300000000000054
  endloop
endfacet
facet normal 8.859919498877831e-16 -1.2215846077093741e-15 1.0
  outer loop
    vertex 9.810660171779844 9.810660171779782 16.300000000000054
    vertex 10.152591496269952 9.249999999999963 16.30000000000005
    vertex 10.04903810567668 9.499999999999961 16.30000000000005
  endloop
endfacet
facet normal 9.657346926178976e-16 -1.691804595906401e-15 1.0
  outer loop
    vertex 7.4509618943233615 7.99999999999996 16.300000000000054
    vertex 10.152591496269954 8.24999999999996 16.30000000000005
    vertex 7.3474085037300885 8.249999999999963 16.300000000000054
  endloop
endfacet
facet normal 9.657346926178976e-16 -1.691804595906401e-15 1.0
  outer loop
    vertex 10.152591496269954 8.24999999999996 16.30000000000005
    vertex 7.4509618943233615 7.99999999999996 16.300000000000054
    vertex 7.689339828220202 7.689339828220139 16.300000000000054
  endloop
endfacet
facet normal 9.657346926178976e-16 -1.691804595906401e-15 1.0
  outer loop
    vertex 10.152591496269954 8.24999999999996 16.30000000000005
    vertex 7.689339828220202 7.689339828220139 16.300000000000054
    vertex 8.000000000000025 7.450961894323303 16.30000000000005
  endloop
endfacet
facet normal 9.657346926178976e-16 -1.691804595906401e-15 1.0
  outer loop
    vertex 10.152591496269954 8.24999999999996 16.30000000000005
    vertex 8.000000000000025 7.450961894323303 16.30000000000005
    vertex 8.361771432346238 7.301111260566356 16.30000000000005
  endloop
endfacet
facet normal 9.657346926178976e-16 -1.691804595906401e-15 1.0
  outer loop
    vertex 10.152591496269954 8.24999999999996 16.30000000000005
    vertex 8.361771432346238 7.301111260566356 16.30000000000005
    vertex 8.750000000000021 7.24999999999996 16.30000000000005
  endloop
endfacet
facet normal 9.657346926178976e-16 -1.691804595906401e-15 1.0
  outer loop
    vertex 10.152591496269954 8.24999999999996 16.30000000000005
    vertex 8.750000000000021 7.24999999999996 16.30000000000005
    vertex 9.138228567653801 7.3011112605663575 16.30000000000005
  endloop
endfacet
facet normal 9.657346926178976e-16 -1.691804595906401e-15 1.0
  outer loop
    vertex 10.152591496269954 8.24999999999996 16.30000000000005
    vertex 9.138228567653801 7.3011112605663575 16.30000000000005
    vertex 9.50000000000002 7.4509618943233 16.30000000000005
  endloop
endfacet
facet normal 9.657346926178976e-16 -1.691804595906401e-15 1.0
  outer loop
    vertex 10.152591496269954 8.24999999999996 16.30000000000005
    vertex 9.50000000000002 7.4509618943233 16.30000000000005
    vertex 9.810660171779842 7.689339828220136 16.30000000000005
  endloop
endfacet
facet normal 9.657346926178976e-16 -1.691804595906401e-15 1.0
  outer loop
    vertex 10.152591496269954 8.24999999999996 16.30000000000005
    vertex 9.810660171779842 7.689339828220136 16.30000000000005
    vertex 10.04903810567668 7.99999999999996 16.30000000000005
  endloop
endfacet
facet normal -1.0 2.819966482547903e-15 0.0
  outer loop
    vertex 14.50000000000003 12.850000000000005 26.8
    vertex 14.500000000000025 11.850000000000007 26.66
    vertex 14.500000000000025 11.850000000000007 26.8
  endloop
endfacet
facet normal -1.0 2.819966482547903e-15 0.0
  outer loop
    vertex 14.500000000000025 11.850000000000007 26.66
    vertex 14.50000000000003 12.850000000000005 26.8
    vertex 14.50000000000003 12.850000000000005 26.66
  endloop
endfacet
facet normal -1.0 4.511946372076571e-16 2.93462146054123e-16
  outer loop
    vertex 15.500000000000016 1.9999999999999953 16.799999999999986
    vertex 15.500000000000023 8.249999999999952 10.800000000000004
    vertex 15.500000000000016 1.9999999999999516 10.800000000000004
  endloop
endfacet
facet normal -1.0 4.511946372076571e-16 2.93462146054123e-16
  outer loop
    vertex 15.500000000000023 8.249999999999952 10.800000000000004
    vertex 15.500000000000016 1.9999999999999953 16.799999999999986
    vertex 15.500000000000016 8.250000000000005 16.79999999999998
  endloop
endfacet
facet normal 1.0915999287282184e-15 -1.1750405376716812e-30 1.0
  outer loop
    vertex 10.967575688134348 5.806134552125527 26.800000000000008
    vertex 11.353653939652567 3.5182107160931353 26.800000000000008
    vertex 11.369191958377264 5.326788651315808 26.800000000000008
  endloop
endfacet
facet normal 1.0915999287282184e-15 -1.1750405376716812e-30 1.0
  outer loop
    vertex 11.353653939652567 3.5182107160931353 26.800000000000008
    vertex 10.967575688134348 5.806134552125527 26.800000000000008
    vertex 11.353653939652567 3.0000000000000178 26.800000000000008
  endloop
endfacet
facet normal 1.0915999287282184e-15 -1.1750405376716812e-30 1.0
  outer loop
    vertex 11.369191958377264 5.326788651315808 26.800000000000008
    vertex 11.353653939652567 3.5182107160931353 26.800000000000008
    vertex 11.98327976202099 3.5182107160931353 26.800000000000008
  endloop
endfacet
facet normal 1.0915999287282184e-15 -1.1750405376716812e-30 1.0
  outer loop
    vertex 11.369191958377264 5.326788651315808 26.800000000000008
    vertex 11.98327976202099 3.5182107160931353 26.800000000000008
    vertex 11.586842831352975 5.518542826417023 26.800000000000008
  endloop
endfacet
facet normal 1.0915999287282184e-15 -1.1750405376716812e-30 1.0
  outer loop
    vertex 11.586842831352975 5.518542826417023 26.800000000000008
    vertex 11.98327976202099 3.5182107160931353 26.800000000000008
    vertex 11.98327976202099 5.28017459514172 26.800000000000008
  endloop
endfacet
facet normal 1.0915999287282184e-15 -1.1750405376716812e-30 1.0
  outer loop
    vertex 11.586842831352975 5.518542826417023 26.800000000000008
    vertex 11.98327976202099 5.28017459514172 26.800000000000008
    vertex 12.175033937122206 6.220718939777347 26.800000000000008
  endloop
endfacet
facet normal 1.0915999287282184e-15 -1.1750405376716812e-30 1.0
  outer loop
    vertex 13.470580495826658 3.5182107160931353 26.8
    vertex 12.840915136514914 6.865922317813784 26.800000000000008
    vertex 12.840915136514914 3.5182107160931353 26.800000000000008
  endloop
endfacet
facet normal 1.0915999287282184e-15 -1.1750405376716812e-30 1.0
  outer loop
    vertex 1.0000000000000178 1.0000000000000198 26.80000000000002
    vertex 4.147808797952164 3.000000000000018 26.80000000000001
    vertex 1.0000000000000333 16.50000000000002 26.80000000000002
  endloop
endfacet
facet normal 1.0915999287282184e-15 -1.1750405376716812e-30 1.0
  outer loop
    vertex 4.147808797952164 3.000000000000018 26.80000000000001
    vertex 1.0000000000000178 1.0000000000000198 26.80000000000002
    vertex 16.500000000000014 1.0000000000000044 26.8
  endloop
endfacet
facet normal 1.0915999287282184e-15 -1.1750405376716812e-30 1.0
  outer loop
    vertex 1.0000000000000333 16.50000000000002 26.80000000000002
    vertex 4.147808797952164 3.000000000000018 26.80000000000001
    vertex 3.000000000000025 10.050000000000018 26.80000000000001
  endloop
endfacet
facet normal 1.0915999287282184e-15 -1.1750405376716812e-30 1.0
  outer loop
    vertex 4.147808797952164 3.000000000000018 26.80000000000001
    vertex 16.500000000000014 1.0000000000000044 26.8
    vertex 4.995085493296293 3.000000000000018 26.80000000000001
  endloop
endfacet
facet normal 1.0915999287282184e-15 -1.1750405376716812e-30 1.0
  outer loop
    vertex 4.995085493296293 3.000000000000018 26.80000000000001
    vertex 16.500000000000014 1.0000000000000044 26.8
    vertex 6.604160012527064 3.0000000000000178 26.80000000000001
  endloop
endfacet
facet normal 1.0915999287282184e-15 -1.1750405376716812e-30 1.0
  outer loop
    vertex 4.995085493296293 3.000000000000018 26.80000000000001
    vertex 6.604160012527064 3.0000000000000178 26.80000000000001
    vertex 5.287896095523014 4.106401821862366 26.80000000000001
  endloop
endfacet
facet normal 1.0915999287282184e-15 -1.1750405376716812e-30 1.0
  outer loop
    vertex 5.287896095523014 4.106401821862366 26.80000000000001
    vertex 6.604160012527064 3.0000000000000178 26.80000000000001
    vertex 6.303600169409654 4.106401821862366 26.80000000000001
  endloop
endfacet
facet normal 1.0915999287282184e-15 -1.1750405376716812e-30 1.0
  outer loop
    vertex 6.604160012527064 3.0000000000000178 26.80000000000001
    vertex 16.500000000000014 1.0000000000000044 26.8
    vertex 7.490341060097913 3.0000000000000178 26.80000000000001
  endloop
endfacet
facet normal 1.0915999287282184e-15 -1.1750405376716812e-30 1.0
  outer loop
    vertex 7.490341060097913 3.0000000000000178 26.80000000000001
    vertex 16.500000000000014 1.0000000000000044 26.8
    vertex 7.811104281251759 3.0000000000000178 26.800000000000008
  endloop
endfacet
facet normal 1.0915999287282184e-15 -1.1750405376716812e-30 1.0
  outer loop
    vertex 7.490341060097913 3.0000000000000178 26.80000000000001
    vertex 7.811104281251759 3.0000000000000178 26.800000000000008
    vertex 7.712657292385363 6.829627403846173 26.800000000000008
  endloop
endfacet
facet normal 1.0915999287282184e-15 -1.1750405376716812e-30 1.0
  outer loop
    vertex 7.811104281251759 3.0000000000000178 26.800000000000008
    vertex 16.500000000000014 1.0000000000000044 26.8
    vertex 8.720572588437996 3.0000000000000178 26.800000000000008
  endloop
endfacet
facet normal 1.0915999287282184e-15 -1.1750405376716812e-30 1.0
  outer loop
    vertex 8.720572588437996 3.0000000000000178 26.800000000000008
    vertex 16.500000000000014 1.0000000000000044 26.8
    vertex 11.353653939652567 3.0000000000000178 26.800000000000008
  endloop
endfacet
facet normal 1.0915999287282184e-15 -1.1750405376716812e-30 1.0
  outer loop
    vertex 8.720572588437996 3.0000000000000178 26.800000000000008
    vertex 11.353653939652567 3.0000000000000178 26.800000000000008
    vertex 8.720572588437996 4.536524228238884 26.800000000000008
  endloop
endfacet
facet normal 1.0915999287282184e-15 -1.1750405376716812e-30 1.0
  outer loop
    vertex 8.720572588437996 4.536524228238884 26.800000000000008
    vertex 11.353653939652567 3.0000000000000178 26.800000000000008
    vertex 9.41499946090763 4.619433198380585 26.800000000000008
  endloop
endfacet
facet normal 1.0915999287282184e-15 -1.1750405376716812e-30 1.0
  outer loop
    vertex 9.41499946090763 4.619433198380585 26.800000000000008
    vertex 11.353653939652567 3.0000000000000178 26.800000000000008
    vertex 9.706179164222409 4.709137580655384 26.800000000000008
  endloop
endfacet
facet normal 1.0915999287282184e-15 -1.1750405376716812e-30 1.0
  outer loop
    vertex 9.706179164222409 4.709137580655384 26.800000000000008
    vertex 11.353653939652567 3.0000000000000178 26.800000000000008
    vertex 9.952662353114109 4.83836902201419 26.800000000000008
  endloop
endfacet
facet normal 1.0915999287282184e-15 -1.1750405376716812e-30 1.0
  outer loop
    vertex 9.952662353114109 4.83836902201419 26.800000000000008
    vertex 11.353653939652567 3.0000000000000178 26.800000000000008
    vertex 10.151206998230506 5.009712250126538 26.800000000000008
  endloop
endfacet
facet normal 1.0915999287282184e-15 -1.1750405376716812e-30 1.0
  outer loop
    vertex 10.151206998230506 5.009712250126538 26.800000000000008
    vertex 11.353653939652567 3.0000000000000178 26.800000000000008
    vertex 10.29857107021937 5.225751992661962 26.80000000000001
  endloop
endfacet
facet normal 1.0915999287282184e-15 -1.1750405376716812e-30 1.0
  outer loop
    vertex 10.29857107021937 5.225751992661962 26.80000000000001
    vertex 11.353653939652567 3.0000000000000178 26.800000000000008
    vertex 10.389901409288202 5.491988826859836 26.800000000000008
  endloop
endfacet
facet normal 1.0915999287282184e-15 -1.1750405376716812e-30 1.0
  outer loop
    vertex 10.389901409288202 5.491988826859836 26.800000000000008
    vertex 11.353653939652567 3.0000000000000178 26.800000000000008
    vertex 10.420344855644476 5.813923329959532 26.800000000000008
  endloop
endfacet
facet normal 1.0915999287282184e-15 -1.1750405376716812e-30 1.0
  outer loop
    vertex 10.420344855644476 5.813923329959532 26.800000000000008
    vertex 11.353653939652567 3.0000000000000178 26.800000000000008
    vertex 10.967575688134348 5.806134552125527 26.800000000000008
  endloop
endfacet
facet normal 1.0915999287282184e-15 -1.1750405376716812e-30 1.0
  outer loop
    vertex 11.353653939652567 3.0000000000000178 26.800000000000008
    vertex 16.500000000000014 1.0000000000000044 26.8
    vertex 13.470580495826658 3.0000000000000178 26.8
  endloop
endfacet
facet normal 1.0915999287282184e-15 -1.1750405376716812e-30 1.0
  outer loop
    vertex 13.470580495826658 3.0000000000000178 26.8
    vertex 16.500000000000014 1.0000000000000044 26.8
    vertex 13.470580495826658 3.5182107160931353 26.8
  endloop
endfacet
facet normal 1.0915999287282184e-15 -1.1750405376716812e-30 1.0
  outer loop
    vertex 13.470580495826658 3.5182107160931353 26.8
    vertex 16.500000000000014 1.0000000000000044 26.8
    vertex 14.500000000000025 10.050000000000008 26.8
  endloop
endfacet
facet normal 1.0915999287282184e-15 -1.1750405376716812e-30 1.0
  outer loop
    vertex 14.500000000000025 10.050000000000008 26.8
    vertex 16.500000000000014 1.0000000000000044 26.8
    vertex 14.500000000000025 11.050000000000006 26.8
  endloop
endfacet
facet normal 1.0915999287282184e-15 -1.1750405376716812e-30 1.0
  outer loop
    vertex 14.500000000000025 11.050000000000006 26.8
    vertex 16.500000000000014 1.0000000000000044 26.8
    vertex 14.500000000000025 11.850000000000007 26.8
  endloop
endfacet
facet normal 1.0915999287282184e-15 -1.1750405376716812e-30 1.0
  outer loop
    vertex 14.500000000000025 11.850000000000007 26.8
    vertex 16.500000000000014 1.0000000000000044 26.8
    vertex 14.50000000000003 12.850000000000005 26.8
  endloop
endfacet
facet normal 1.0915999287282184e-15 -1.1750405376716812e-30 1.0
  outer loop
    vertex 14.50000000000003 12.850000000000005 26.8
    vertex 16.500000000000014 1.0000000000000044 26.8
    vertex 14.50000000000003 13.650000000000004 26.8
  endloop
endfacet
facet normal 1.0915999287282184e-15 -1.1750405376716812e-30 1.0
  outer loop
    vertex 14.50000000000003 13.650000000000004 26.8
    vertex 16.500000000000014 1.0000000000000044 26.8
    vertex 14.50000000000003 14.650000000000007 26.8
  endloop
endfacet
facet normal 1.0915999287282184e-15 -1.1750405376716812e-30 1.0
  outer loop
    vertex 1.0000000000000333 16.50000000000002 26.80000000000002
    vertex 3.0000000000000293 14.650000000000018 26.80000000000001
    vertex 16.500000000000032 16.500000000000004 26.8
  endloop
endfacet
facet normal 1.0915999287282184e-15 -1.1750405376716812e-30 1.0
  outer loop
    vertex 3.0000000000000293 14.650000000000018 26.80000000000001
    vertex 1.0000000000000333 16.50000000000002 26.80000000000002
    vertex 3.0000000000000284 13.650000000000015 26.80000000000001
  endloop
endfacet
facet normal 1.0915999287282184e-15 -1.1750405376716812e-30 1.0
  outer loop
    vertex 3.0000000000000284 13.650000000000015 26.80000000000001
    vertex 1.0000000000000333 16.50000000000002 26.80000000000002
    vertex 3.0000000000000266 11.850000000000017 26.80000000000001
  endloop
endfacet
facet normal 1.0915999287282184e-15 -1.1750405376716812e-30 1.0
  outer loop
    vertex 3.0000000000000266 11.850000000000017 26.80000000000001
    vertex 1.0000000000000333 16.50000000000002 26.80000000000002
    vertex 3.000000000000025 10.050000000000018 26.80000000000001
  endloop
endfacet
facet normal 1.0915999287282184e-15 -1.1750405376716812e-30 1.0
  outer loop
    vertex 3.0000000000000266 11.850000000000017 26.80000000000001
    vertex 3.000000000000025 10.050000000000018 26.80000000000001
    vertex 3.0000000000000258 11.050000000000018 26.80000000000001
  endloop
endfacet
facet normal 1.0915999287282184e-15 -1.1750405376716812e-30 1.0
  outer loop
    vertex 3.0000000000000284 13.650000000000015 26.80000000000001
    vertex 3.0000000000000266 11.850000000000017 26.80000000000001
    vertex 3.0000000000000275 12.850000000000016 26.80000000000001
  endloop
endfacet
facet normal 1.0915999287282184e-15 -1.1750405376716812e-30 1.0
  outer loop
    vertex 16.500000000000032 16.500000000000004 26.8
    vertex 3.0000000000000293 14.650000000000018 26.80000000000001
    vertex 14.50000000000003 14.650000000000007 26.8
  endloop
endfacet
facet normal 1.0915999287282184e-15 -1.1750405376716812e-30 1.0
  outer loop
    vertex 16.500000000000032 16.500000000000004 26.8
    vertex 14.50000000000003 14.650000000000007 26.8
    vertex 16.500000000000014 1.0000000000000044 26.8
  endloop
endfacet
facet normal 1.0915999287282184e-15 -1.1750405376716812e-30 1.0
  outer loop
    vertex 14.50000000000003 12.850000000000005 26.8
    vertex 3.0000000000000284 13.650000000000015 26.80000000000001
    vertex 3.0000000000000275 12.850000000000016 26.80000000000001
  endloop
endfacet
facet normal 1.0915999287282184e-15 -1.1750405376716812e-30 1.0
  outer loop
    vertex 3.0000000000000284 13.650000000000015 26.80000000000001
    vertex 14.50000000000003 12.850000000000005 26.8
    vertex 14.50000000000003 13.650000000000004 26.8
  endloop
endfacet
facet normal 1.0915999287282184e-15 -1.1750405376716812e-30 1.0
  outer loop
    vertex 14.500000000000025 11.050000000000006 26.8
    vertex 3.0000000000000266 11.850000000000017 26.80000000000001
    vertex 3.0000000000000258 11.050000000000018 26.80000000000001
  endloop
endfacet
facet normal 1.0915999287282184e-15 -1.1750405376716812e-30 1.0
  outer loop
    vertex 3.0000000000000266 11.850000000000017 26.80000000000001
    vertex 14.500000000000025 11.050000000000006 26.8
    vertex 14.500000000000025 11.850000000000007 26.8
  endloop
endfacet
facet normal 1.0915999287282184e-15 -1.1750405376716812e-30 1.0
  outer loop
    vertex 3.000000000000025 10.050000000000018 26.80000000000001
    vertex 5.26974863853921 6.871101657388682 26.80000000000001
    vertex 14.500000000000025 10.050000000000008 26.8
  endloop
endfacet
facet normal 1.0915999287282184e-15 -1.1750405376716812e-30 1.0
  outer loop
    vertex 5.26974863853921 6.871101657388682 26.80000000000001
    vertex 3.000000000000025 10.050000000000018 26.80000000000001
    vertex 4.147808797952164 3.000000000000018 26.80000000000001
  endloop
endfacet
facet normal 1.0915999287282184e-15 -1.1750405376716812e-30 1.0
  outer loop
    vertex 5.26974863853921 6.871101657388682 26.80000000000001
    vertex 4.147808797952164 3.000000000000018 26.80000000000001
    vertex 5.17909042750682 6.32695470647775 26.80000000000001
  endloop
endfacet
facet normal 1.0915999287282184e-15 -1.1750405376716812e-30 1.0
  outer loop
    vertex 14.500000000000025 10.050000000000008 26.8
    vertex 5.26974863853921 6.871101657388682 26.80000000000001
    vertex 6.249197335401557 6.951401189271274 26.800000000000008
  endloop
endfacet
facet normal 1.0915999287282184e-15 -1.1750405376716812e-30 1.0
  outer loop
    vertex 14.500000000000025 10.050000000000008 26.8
    vertex 6.249197335401557 6.951401189271274 26.800000000000008
    vertex 7.712657292385363 6.829627403846173 26.800000000000008
  endloop
endfacet
facet normal 1.0915999287282184e-15 -1.1750405376716812e-30 1.0
  outer loop
    vertex 7.712657292385363 6.829627403846173 26.800000000000008
    vertex 6.249197335401557 6.951401189271274 26.800000000000008
    vertex 7.490341060097913 3.0000000000000178 26.80000000000001
  endloop
endfacet
facet normal 1.0915999287282184e-15 -1.1750405376716812e-30 1.0
  outer loop
    vertex 14.500000000000025 10.050000000000008 26.8
    vertex 7.712657292385363 6.829627403846173 26.800000000000008
    vertex 7.974352320219373 6.864617598684229 26.800000000000008
  endloop
endfacet
facet normal 1.0915999287282184e-15 -1.1750405376716812e-30 1.0
  outer loop
    vertex 14.500000000000025 10.050000000000008 26.8
    vertex 7.974352320219373 6.864617598684229 26.800000000000008
    vertex 8.267143153974434 6.891819015688278 26.800000000000008
  endloop
endfacet
facet normal 1.0915999287282184e-15 -1.1750405376716812e-30 1.0
  outer loop
    vertex 14.500000000000025 10.050000000000008 26.8
    vertex 8.267143153974434 6.891819015688278 26.800000000000008
    vertex 8.55086025923759 6.908661753542527 26.800000000000008
  endloop
endfacet
facet normal 1.0915999287282184e-15 -1.1750405376716812e-30 1.0
  outer loop
    vertex 14.500000000000025 10.050000000000008 26.8
    vertex 8.55086025923759 6.908661753542527 26.800000000000008
    vertex 8.787943539855 6.915145812246982 26.800000000000008
  endloop
endfacet
facet normal 1.0915999287282184e-15 -1.1750405376716812e-30 1.0
  outer loop
    vertex 14.500000000000025 10.050000000000008 26.8
    vertex 8.787943539855 6.915145812246982 26.800000000000008
    vertex 9.404640781757834 6.859438259109329 26.800000000000008
  endloop
endfacet
facet normal 1.0915999287282184e-15 -1.1750405376716812e-30 1.0
  outer loop
    vertex 14.500000000000025 10.050000000000008 26.8
    vertex 9.404640781757834 6.859438259109329 26.800000000000008
    vertex 9.682531129999228 6.785593133223702 26.800000000000008
  endloop
endfacet
facet normal 1.0915999287282184e-15 -1.1750405376716812e-30 1.0
  outer loop
    vertex 14.500000000000025 10.050000000000008 26.8
    vertex 9.682531129999228 6.785593133223702 26.800000000000008
    vertex 9.9254411676384 6.675472861842122 26.800000000000008
  endloop
endfacet
facet normal 1.0915999287282184e-15 -1.1750405376716812e-30 1.0
  outer loop
    vertex 14.500000000000025 10.050000000000008 26.8
    vertex 9.9254411676384 6.675472861842122 26.800000000000008
    vertex 10.128191555100445 6.526482833059227 26.800000000000008
  endloop
endfacet
facet normal 1.0915999287282184e-15 -1.1750405376716812e-30 1.0
  outer loop
    vertex 14.500000000000025 10.050000000000008 26.8
    vertex 10.128191555100445 6.526482833059227 26.800000000000008
    vertex 10.285602952810462 6.336028434969654 26.800000000000008
  endloop
endfacet
facet normal 1.0915999287282184e-15 -1.1750405376716812e-30 1.0
  outer loop
    vertex 14.500000000000025 10.050000000000008 26.8
    vertex 10.285602952810462 6.336028434969654 26.800000000000008
    vertex 10.38665937993597 6.099908867345666 26.800000000000008
  endloop
endfacet
facet normal 1.0915999287282184e-15 -1.1750405376716812e-30 1.0
  outer loop
    vertex 14.500000000000025 10.050000000000008 26.8
    vertex 10.38665937993597 6.099908867345666 26.800000000000008
    vertex 10.420344855644476 5.813923329959532 26.800000000000008
  endloop
endfacet
facet normal 1.0915999287282184e-15 -1.1750405376716812e-30 1.0
  outer loop
    vertex 14.500000000000025 10.050000000000008 26.8
    vertex 10.420344855644476 5.813923329959532 26.800000000000008
    vertex 10.967575688134348 5.806134552125527 26.800000000000008
  endloop
endfacet
facet normal 1.0915999287282184e-15 -1.1750405376716812e-30 1.0
  outer loop
    vertex 14.500000000000025 10.050000000000008 26.8
    vertex 10.967575688134348 5.806134552125527 26.800000000000008
    vertex 12.211289314146496 6.951401189271274 26.800000000000008
  endloop
endfacet
facet normal 1.0915999287282184e-15 -1.1750405376716812e-30 1.0
  outer loop
    vertex 14.500000000000025 10.050000000000008 26.8
    vertex 12.211289314146496 6.951401189271274 26.800000000000008
    vertex 12.840915136514914 6.865922317813784 26.800000000000008
  endloop
endfacet
facet normal 1.0915999287282184e-15 -1.1750405376716812e-30 1.0
  outer loop
    vertex 14.500000000000025 10.050000000000008 26.8
    vertex 12.840915136514914 6.865922317813784 26.800000000000008
    vertex 13.470580495826658 3.5182107160931353 26.8
  endloop
endfacet
facet normal 1.0915999287282184e-15 -1.1750405376716812e-30 1.0
  outer loop
    vertex 7.811104281251761 6.269942434210546 26.800000000000008
    vertex 7.712657292385363 6.829627403846173 26.800000000000008
    vertex 7.811104281251759 3.0000000000000178 26.800000000000008
  endloop
endfacet
facet normal 9.808579069731816e-16 1.0 -1.7088962666619546e-30
  outer loop
    vertex 3.0000000000000244 10.050000000000018 26.66000000000001
    vertex 14.500000000000025 10.050000000000008 26.8
    vertex 14.500000000000025 10.050000000000008 26.66
  endloop
endfacet
facet normal 9.808579069731816e-16 1.0 -1.7088962666619546e-30
  outer loop
    vertex 14.500000000000025 10.050000000000008 26.8
    vertex 3.0000000000000244 10.050000000000018 26.66000000000001
    vertex 3.000000000000025 10.050000000000018 26.80000000000001
  endloop
endfacet
facet normal -9.808579069731026e-16 -1.0 8.057047092993942e-14
  outer loop
    vertex 14.500000000000025 11.050000000000006 26.8
    vertex 3.0000000000000253 11.050000000000006 26.66000000000001
    vertex 14.500000000000025 11.049999999999995 26.66
  endloop
endfacet
facet normal -9.808579069731026e-16 -1.0 8.057047092993942e-14
  outer loop
    vertex 3.0000000000000253 11.050000000000006 26.66000000000001
    vertex 14.500000000000025 11.050000000000006 26.8
    vertex 3.0000000000000258 11.050000000000018 26.80000000000001
  endloop
endfacet
facet normal -9.808579069731026e-16 -1.0 8.057047092993945e-14
  outer loop
    vertex 14.50000000000003 14.650000000000007 26.8
    vertex 3.000000000000029 14.650000000000007 26.66000000000001
    vertex 14.50000000000003 14.649999999999995 26.66
  endloop
endfacet
facet normal -9.808579069731026e-16 -1.0 8.057047092993945e-14
  outer loop
    vertex 3.000000000000029 14.650000000000007 26.66000000000001
    vertex 14.50000000000003 14.650000000000007 26.8
    vertex 3.0000000000000293 14.650000000000018 26.80000000000001
  endloop
endfacet
facet normal -0.7071067811865461 0.7071067811865489 -3.4139088143485327e-15
  outer loop
    vertex 5.000000000000034 16.500000000000014 17.30000000000001
    vertex 6.000000000000034 17.49999999999996 10.800000000000015
    vertex 5.000000000000029 16.49999999999996 10.800000000000015
  endloop
endfacet
facet normal -0.7071067811865461 0.7071067811865489 -3.4139088143485327e-15
  outer loop
    vertex 6.000000000000034 17.49999999999996 10.800000000000015
    vertex 5.000000000000034 16.500000000000014 17.30000000000001
    vertex 6.000000000000038 17.500000000000014 17.30000000000001
  endloop
endfacet
facet normal 1.0 -9.775883806166043e-16 -8.710024741896758e-16
  outer loop
    vertex 2.0000000000000173 8.249999999999966 10.80000000000002
    vertex 2.0000000000000155 2.0000000000000187 16.800000000000004
    vertex 2.0000000000000107 1.9999999999999667 10.80000000000002
  endloop
endfacet
facet normal 1.0 -9.775883806166043e-16 -8.710024741896758e-16
  outer loop
    vertex 2.0000000000000155 2.0000000000000187 16.800000000000004
    vertex 2.0000000000000173 8.249999999999966 10.80000000000002
    vertex 2.0000000000000218 8.250000000000007 16.800000000000004
  endloop
endfacet
facet normal -0.7071067811865483 -0.7071067811865468 4.373921040543304e-15
  outer loop
    vertex 6.000000000000018 1.3898150811034048e-14 17.30000000000001
    vertex 5.000000000000013 0.9999999999999631 10.800000000000015
    vertex 6.000000000000012 -3.827629899683865e-14 10.800000000000015
  endloop
endfacet
facet normal -0.7071067811865483 -0.7071067811865468 4.373921040543304e-15
  outer loop
    vertex 5.000000000000013 0.9999999999999631 10.800000000000015
    vertex 6.000000000000018 1.3898150811034048e-14 17.30000000000001
    vertex 5.000000000000019 1.000000000000015 17.30000000000001
  endloop
endfacet
facet normal 1.1034651453448392e-15 1.0 1.0071308866242426e-14
  outer loop
    vertex 3.000000000000029 13.650000000000018 26.66000000000001
    vertex 14.50000000000003 13.650000000000004 26.8
    vertex 14.50000000000003 13.650000000000004 26.66
  endloop
endfacet
facet normal 1.1034651453448392e-15 1.0 1.0071308866242426e-14
  outer loop
    vertex 14.50000000000003 13.650000000000004 26.8
    vertex 3.000000000000029 13.650000000000018 26.66000000000001
    vertex 3.0000000000000284 13.650000000000015 26.80000000000001
  endloop
endfacet
facet normal -1.1345366404425217e-15 -1.0 4.1287037888362214e-15
  outer loop
    vertex 7.3474085037300885 8.249999999999963 16.300000000000054
    vertex 4.750000000000023 8.249999999999964 15.800000000000017
    vertex 7.3474085037300885 8.249999999999963 15.800000000000011
  endloop
endfacet
facet normal -1.1345366404425217e-15 -1.0 4.1287037888362214e-15
  outer loop
    vertex 15.500000000000016 8.250000000000005 16.79999999999998
    vertex 12.750000000000016 8.249999999999956 10.80000000000001
    vertex 15.500000000000023 8.249999999999952 10.800000000000004
  endloop
endfacet
facet normal -1.1345366404425217e-15 -1.0 4.1287037888362214e-15
  outer loop
    vertex 12.750000000000016 8.249999999999956 10.80000000000001
    vertex 15.500000000000016 8.250000000000005 16.79999999999998
    vertex 12.750000000000021 8.249999999999957 15.800000000000004
  endloop
endfacet
facet normal -1.1345366404425217e-15 -1.0 4.1287037888362214e-15
  outer loop
    vertex 12.750000000000021 8.249999999999957 15.800000000000004
    vertex 15.500000000000016 8.250000000000005 16.79999999999998
    vertex 10.152591496269952 8.249999999999957 15.800000000000011
  endloop
endfacet
facet normal -1.1345366404425217e-15 -1.0 4.1287037888362214e-15
  outer loop
    vertex 10.152591496269952 8.249999999999957 15.800000000000011
    vertex 15.500000000000016 8.250000000000005 16.79999999999998
    vertex 10.152591496269954 8.24999999999996 16.30000000000005
  endloop
endfacet
facet normal -1.1345366404425217e-15 -1.0 4.1287037888362214e-15
  outer loop
    vertex 10.152591496269954 8.24999999999996 16.30000000000005
    vertex 15.500000000000016 8.250000000000005 16.79999999999998
    vertex 7.3474085037300885 8.249999999999963 16.300000000000054
  endloop
endfacet
facet normal -1.1345366404425217e-15 -1.0 4.1287037888362214e-15
  outer loop
    vertex 4.750000000000023 8.249999999999964 15.800000000000017
    vertex 2.0000000000000173 8.249999999999966 10.80000000000002
    vertex 4.750000000000018 8.249999999999964 10.800000000000015
  endloop
endfacet
facet normal -1.1345366404425217e-15 -1.0 4.1287037888362214e-15
  outer loop
    vertex 2.0000000000000173 8.249999999999966 10.80000000000002
    vertex 4.750000000000023 8.249999999999964 15.800000000000017
    vertex 2.0000000000000218 8.250000000000007 16.800000000000004
  endloop
endfacet
facet normal -1.1345366404425217e-15 -1.0 4.1287037888362214e-15
  outer loop
    vertex 2.0000000000000218 8.250000000000007 16.800000000000004
    vertex 4.750000000000023 8.249999999999964 15.800000000000017
    vertex 7.3474085037300885 8.249999999999963 16.300000000000054
  endloop
endfacet
facet normal -1.1345366404425217e-15 -1.0 4.1287037888362214e-15
  outer loop
    vertex 2.0000000000000218 8.250000000000007 16.800000000000004
    vertex 7.3474085037300885 8.249999999999963 16.300000000000054
    vertex 15.500000000000016 8.250000000000005 16.79999999999998
  endloop
endfacet
facet normal -1.1345366404425217e-15 -1.0 4.1287037888362214e-15
  outer loop
    vertex 2.0000000000000218 8.250000000000007 16.800000000000004
    vertex 15.500000000000016 8.250000000000005 16.79999999999998
    vertex 8.750000000000018 8.250000000000012 21.799999999999986
  endloop
endfacet
facet normal 1.0071308866242485e-15 8.326672684688573e-17 1.0
  outer loop
    vertex 6.000000000000018 1.3898150811034048e-14 17.30000000000001
    vertex 12.500000000000016 1.0000000000000075 17.300000000000004
    vertex 5.000000000000019 1.000000000000015 17.30000000000001
  endloop
endfacet
facet normal 1.0071308866242485e-15 8.326672684688573e-17 1.0
  outer loop
    vertex 12.500000000000016 1.0000000000000075 17.300000000000004
    vertex 6.000000000000018 1.3898150811034048e-14 17.30000000000001
    vertex 11.500000000000012 7.722328988737628e-15 17.300000000000004
  endloop
endfacet
facet normal 1.0071308866242485e-15 8.326672684688573e-17 1.0
  outer loop
    vertex 12.50000000000003 16.500000000000007 17.3
    vertex 6.000000000000038 17.500000000000014 17.30000000000001
    vertex 5.000000000000034 16.500000000000014 17.30000000000001
  endloop
endfacet
facet normal 1.0071308866242485e-15 8.326672684688573e-17 1.0
  outer loop
    vertex 6.000000000000038 17.500000000000014 17.30000000000001
    vertex 12.50000000000003 16.500000000000007 17.3
    vertex 11.500000000000032 17.50000000000001 17.300000000000004
  endloop
endfacet
facet normal 0.027339167623787592 -0.9996262150992163 2.317672709734142e-07
  outer loop
    vertex 8.787943539855 6.915145812246982 26.800000000000008
    vertex 8.55086025923759 6.908661753542527 26.66000000000001
    vertex 8.787943539854998 6.915145812246982 26.66000000000001
  endloop
endfacet
facet normal 0.027339167623787592 -0.9996262150992163 2.317672709734142e-07
  outer loop
    vertex 8.55086025923759 6.908661753542527 26.66000000000001
    vertex 8.787943539855 6.915145812246982 26.800000000000008
    vertex 8.55086025923759 6.908661753542527 26.800000000000008
  endloop
endfacet
facet normal -6.689667631586384e-16 -1.0 5.044083287648521e-15
  outer loop
    vertex 11.500000000000012 7.722328988737628e-15 17.300000000000004
    vertex 6.000000000000012 -3.827629899683865e-14 10.800000000000015
    vertex 11.500000000000009 -4.4726219882687246e-14 10.80000000000001
  endloop
endfacet
facet normal -6.689667631586384e-16 -1.0 5.044083287648521e-15
  outer loop
    vertex 6.000000000000012 -3.827629899683865e-14 10.800000000000015
    vertex 11.500000000000012 7.722328988737628e-15 17.300000000000004
    vertex 6.000000000000018 1.3898150811034048e-14 17.30000000000001
  endloop
endfacet
facet normal 9.808579069731818e-16 1.0 1.7915847956927945e-30
  outer loop
    vertex 3.000000000000027 11.850000000000017 26.66000000000001
    vertex 14.500000000000025 11.850000000000007 26.8
    vertex 14.500000000000025 11.850000000000007 26.66
  endloop
endfacet
facet normal 9.808579069731818e-16 1.0 1.7915847956927945e-30
  outer loop
    vertex 14.500000000000025 11.850000000000007 26.8
    vertex 3.000000000000027 11.850000000000017 26.66000000000001
    vertex 3.0000000000000266 11.850000000000017 26.80000000000001
  endloop
endfacet
facet normal -9.808579069731814e-16 -1.0 -1.791584795691036e-30
  outer loop
    vertex 14.50000000000003 12.850000000000005 26.8
    vertex 3.000000000000028 12.850000000000016 26.66000000000001
    vertex 14.50000000000003 12.850000000000005 26.66
  endloop
endfacet
facet normal -9.808579069731814e-16 -1.0 -1.791584795691036e-30
  outer loop
    vertex 3.000000000000028 12.850000000000016 26.66000000000001
    vertex 14.50000000000003 12.850000000000005 26.8
    vertex 3.0000000000000275 12.850000000000016 26.80000000000001
  endloop
endfacet
facet normal 0.9848800620705572 0.17323759215567328 -1.2115447805529796e-14
  outer loop
    vertex 7.712657292385361 6.829627403846172 26.66000000000001
    vertex 7.811104281251761 6.269942434210546 26.800000000000008
    vertex 7.811104281251759 6.269942434210544 26.66000000000001
  endloop
endfacet
facet normal 0.9848800620705572 0.17323759215567328 -1.2115447805529796e-14
  outer loop
    vertex 7.811104281251761 6.269942434210546 26.800000000000008
    vertex 7.712657292385361 6.829627403846172 26.66000000000001
    vertex 7.712657292385363 6.829627403846173 26.800000000000008
  endloop
endfacet
facet normal 1.0 -1.0574874309554636e-15 2.5178272165606073e-15
  outer loop
    vertex 3.000000000000028 12.850000000000016 26.66000000000001
    vertex 3.0000000000000266 11.850000000000017 26.80000000000001
    vertex 3.000000000000027 11.850000000000017 26.66000000000001
  endloop
endfacet
facet normal 1.0 -1.0574874309554636e-15 2.5178272165606073e-15
  outer loop
    vertex 3.0000000000000266 11.850000000000017 26.80000000000001
    vertex 3.000000000000028 12.850000000000016 26.66000000000001
    vertex 3.0000000000000275 12.850000000000016 26.80000000000001
  endloop
endfacet
facet normal 1.0 -1.0071308866242491e-15 7.888609052210118e-31
  outer loop
    vertex 16.500000000000032 16.500000000000004 17.3
    vertex 16.500000000000014 1.0000000000000044 26.8
    vertex 16.500000000000014 1.0000000000000036 17.3
  endloop
endfacet
facet normal 1.0 -1.0071308866242491e-15 7.888609052210118e-31
  outer loop
    vertex 16.500000000000014 1.0000000000000044 26.8
    vertex 16.500000000000032 16.500000000000004 17.3
    vertex 16.500000000000032 16.500000000000004 26.8
  endloop
endfacet
facet normal 1.0 -2.1559756320517089e-16 -5.035654433121416e-15
  outer loop
    vertex 7.811104281251759 6.269942434210544 26.66000000000001
    vertex 7.811104281251759 3.0000000000000178 26.800000000000008
    vertex 7.811104281251759 3.0000000000000178 26.66000000000001
  endloop
endfacet
facet normal 1.0 -2.1559756320517089e-16 -5.035654433121416e-15
  outer loop
    vertex 7.811104281251759 3.0000000000000178 26.800000000000008
    vertex 7.811104281251759 6.269942434210544 26.66000000000001
    vertex 7.811104281251761 6.269942434210546 26.800000000000008
  endloop
endfacet
facet normal 0.0 1.0 0.0
  outer loop
    vertex 7.811104281251759 3.0000000000000178 26.800000000000008
    vertex 8.720572588437996 3.0000000000000178 26.66000000000001
    vertex 7.811104281251759 3.0000000000000178 26.66000000000001
  endloop
endfacet
facet normal 0.0 1.0 0.0
  outer loop
    vertex 8.720572588437996 3.0000000000000178 26.66000000000001
    vertex 7.811104281251759 3.0000000000000178 26.800000000000008
    vertex 8.720572588437996 3.0000000000000178 26.800000000000008
  endloop
endfacet
facet normal 9.399888275159732e-15 1.0 -7.0157927010145854e-15
  outer loop
    vertex 15.500000000000039 17.500000000000004 17.3
    vertex 17.500000000000025 17.49999999999995 10.800000000000004
    vertex 15.500000000000034 17.499999999999954 10.800000000000004
  endloop
endfacet
facet normal 9.399888275159732e-15 1.0 -7.0157927010145854e-15
  outer loop
    vertex 17.500000000000025 17.49999999999995 10.800000000000004
    vertex 15.500000000000039 17.500000000000004 17.3
    vertex 17.50000000000003 17.5 17.3
  endloop
endfacet
facet normal -1.0 1.0071308866242491e-15 -7.888609052210118e-31
  outer loop
    vertex 1.0000000000000178 1.0000000000000198 26.80000000000002
    vertex 1.0000000000000322 16.500000000000018 17.300000000000015
    vertex 1.0000000000000167 1.000000000000019 17.300000000000015
  endloop
endfacet
facet normal -1.0 1.0071308866242491e-15 -7.888609052210118e-31
  outer loop
    vertex 1.0000000000000322 16.500000000000018 17.300000000000015
    vertex 1.0000000000000178 1.0000000000000198 26.80000000000002
    vertex 1.0000000000000333 16.50000000000002 26.80000000000002
  endloop
endfacet
facet normal 0.13252663666764083 -0.991179444184333 7.97316495980297e-15
  outer loop
    vertex 7.974352320219373 6.864617598684229 26.800000000000008
    vertex 7.712657292385361 6.829627403846172 26.66000000000001
    vertex 7.974352320219371 6.8646175986842275 26.66000000000001
  endloop
endfacet
facet normal 0.13252663666764083 -0.991179444184333 7.97316495980297e-15
  outer loop
    vertex 7.712657292385361 6.829627403846172 26.66000000000001
    vertex 7.974352320219373 6.864617598684229 26.800000000000008
    vertex 7.712657292385363 6.829627403846173 26.800000000000008
  endloop
endfacet
facet normal 0.09250556628665417 -0.9957121673485695 8.17190026323337e-15
  outer loop
    vertex 8.267143153974434 6.891819015688278 26.800000000000008
    vertex 7.974352320219371 6.8646175986842275 26.66000000000001
    vertex 8.267143153974432 6.891819015688276 26.66000000000001
  endloop
endfacet
facet normal 0.09250556628665417 -0.9957121673485695 8.17190026323337e-15
  outer loop
    vertex 7.974352320219371 6.8646175986842275 26.66000000000001
    vertex 8.267143153974434 6.891819015688278 26.800000000000008
    vertex 7.974352320219373 6.864617598684229 26.800000000000008
  endloop
endfacet
facet normal 1.0 -9.66845651159279e-16 -1.296693203494907e-15
  outer loop
    vertex 17.500000000000025 17.49999999999995 10.800000000000004
    vertex 17.500000000000014 1.4123350592559502e-15 17.3
    vertex 17.500000000000007 -5.076900520243274e-14 10.800000000000004
  endloop
endfacet
facet normal 1.0 -9.66845651159279e-16 -1.296693203494907e-15
  outer loop
    vertex 17.500000000000014 1.4123350592559502e-15 17.3
    vertex 17.500000000000025 17.49999999999995 10.800000000000004
    vertex 17.50000000000003 17.5 17.3
  endloop
endfacet
facet normal 4.699944137580083e-16 1.0 -5.664501888951421e-15
  outer loop
    vertex 3.5048207780061263e-14 17.50000000000002 17.300000000000015
    vertex 2.0000000000000293 17.499999999999964 10.80000000000002
    vertex 3.01132002786807e-14 17.499999999999968 10.80000000000002
  endloop
endfacet
facet normal 4.699944137580083e-16 1.0 -5.664501888951421e-15
  outer loop
    vertex 2.0000000000000293 17.499999999999964 10.80000000000002
    vertex 3.5048207780061263e-14 17.50000000000002 17.300000000000015
    vertex 2.0000000000000346 17.500000000000018 17.300000000000015
  endloop
endfacet
facet normal 3.418141190967156e-15 1.0 -6.974844494588405e-15
  outer loop
    vertex 6.000000000000034 17.49999999999996 10.800000000000015
    vertex 11.500000000000032 17.50000000000001 17.300000000000004
    vertex 11.500000000000028 17.499999999999957 10.80000000000001
  endloop
endfacet
facet normal 3.418141190967156e-15 1.0 -6.974844494588405e-15
  outer loop
    vertex 11.500000000000032 17.50000000000001 17.300000000000004
    vertex 6.000000000000034 17.49999999999996 10.800000000000015
    vertex 6.000000000000038 17.500000000000014 17.30000000000001
  endloop
endfacet
facet normal 0.7079406022948175 -0.7062696344992027 0.0018185177518408088
  outer loop
    vertex 3.000000000000019 0.9999999999999654 16.30000000000005
    vertex 2.010680251262127 0.00942235977343335 16.80000000000002
    vertex 2.0034300717413114 -4.5897146760786824e-14 16.300000000000054
  endloop
endfacet
facet normal 0.7079406022948175 -0.7062696344992027 0.0018185177518408088
  outer loop
    vertex 2.010680251262127 0.00942235977343335 16.80000000000002
    vertex 3.000000000000019 0.9999999999999654 16.30000000000005
    vertex 2.5050252535400905 0.5050252535410334 16.800000000000015
  endloop
endfacet
facet normal 0.7079406022948175 -0.7062696344992027 0.0018185177518408088
  outer loop
    vertex 2.5050252535400905 0.5050252535410334 16.800000000000015
    vertex 3.000000000000019 0.9999999999999654 16.30000000000005
    vertex 3.000000000000018 1.000000000000017 16.800000000000015
  endloop
endfacet
facet normal -0.9458923726570175 0.324480537704926 7.882928977478953e-15
  outer loop
    vertex 10.29857107021937 5.225751992661962 26.80000000000001
    vertex 10.389901409288196 5.491988826859835 26.66000000000001
    vertex 10.298571070219372 5.225751992661961 26.66000000000001
  endloop
endfacet
facet normal -0.9458923726570175 0.324480537704926 7.882928977478953e-15
  outer loop
    vertex 10.389901409288196 5.491988826859835 26.66000000000001
    vertex 10.29857107021937 5.225751992661962 26.80000000000001
    vertex 10.389901409288202 5.491988826859836 26.800000000000008
  endloop
endfacet
facet normal -0.9540437880430516 -0.29966723293757846 3.3940812090916952e-15
  outer loop
    vertex 6.249197335401557 6.951401189271274 26.800000000000008
    vertex 7.490341060097913 3.0000000000000178 26.66000000000001
    vertex 7.490341060097913 3.0000000000000178 26.80000000000001
  endloop
endfacet
facet normal -0.9540437880430516 -0.29966723293757846 3.3940812090916952e-15
  outer loop
    vertex 7.490341060097913 3.0000000000000178 26.66000000000001
    vertex 6.249197335401557 6.951401189271274 26.800000000000008
    vertex 6.249197335401557 6.951401189271272 26.66000000000001
  endloop
endfacet
facet normal 0.13496129168150328 -0.9908402331340231 0.004591530308641279
  outer loop
    vertex 7.9800865890344435 6.86461759868423 26.35000000000001
    vertex 7.712657292385361 6.829627403846172 26.66000000000001
    vertex 7.718620016061481 6.828347129466643 26.34982385584053
  endloop
endfacet
facet normal 0.13496129168150328 -0.9908402331340231 0.004591530308641279
  outer loop
    vertex 7.712657292385361 6.829627403846172 26.66000000000001
    vertex 7.9800865890344435 6.86461759868423 26.35000000000001
    vertex 7.974352320219371 6.8646175986842275 26.66000000000001
  endloop
endfacet
facet normal 1.1987241988640363e-15 1.0 6.156321577767871e-17
  outer loop
    vertex 2.000000000000022 2.000000000000019 23.80000000000001
    vertex 8.750000000000021 2.000000000000012 21.799999999999997
    vertex 2.0000000000000155 2.0000000000000187 16.800000000000004
  endloop
endfacet
facet normal 1.1987241988640363e-15 1.0 6.156321577767871e-17
  outer loop
    vertex 8.750000000000021 2.000000000000012 21.799999999999997
    vertex 2.000000000000022 2.000000000000019 23.80000000000001
    vertex 14.454206321881244 2.0000000000000058 23.8
  endloop
endfacet
facet normal 1.1987241988640363e-15 1.0 6.156321577767871e-17
  outer loop
    vertex 14.454206321881244 2.0000000000000058 23.8
    vertex 2.000000000000022 2.000000000000019 23.80000000000001
    vertex 2.9869388549947407 2.0000000000000173 23.80000000000001
  endloop
endfacet
facet normal 1.1987241988640363e-15 1.0 6.156321577767871e-17
  outer loop
    vertex 14.454206321881244 2.0000000000000058 23.8
    vertex 2.9869388549947407 2.0000000000000173 23.80000000000001
    vertex 14.454206321881244 1.9999999999999953 26.349999999999998
  endloop
endfacet
facet normal 1.1987241988640363e-15 1.0 6.156321577767871e-17
  outer loop
    vertex 14.454206321881244 1.9999999999999953 26.349999999999998
    vertex 2.9869388549947407 2.0000000000000173 23.80000000000001
    vertex 2.9869388549947424 2.0000000000000067 26.35000000000001
  endloop
endfacet
facet normal 1.1987241988640363e-15 1.0 6.156321577767871e-17
  outer loop
    vertex 8.750000000000021 2.000000000000012 21.799999999999997
    vertex 15.500000000000028 2.0000000000000044 23.8
    vertex 15.500000000000016 1.9999999999999953 16.799999999999986
  endloop
endfacet
facet normal 1.1987241988640363e-15 1.0 6.156321577767871e-17
  outer loop
    vertex 15.500000000000028 2.0000000000000044 23.8
    vertex 8.750000000000021 2.000000000000012 21.799999999999997
    vertex 14.454206321881244 2.0000000000000058 23.8
  endloop
endfacet
facet normal 0.09250543085962136 -0.99571070963799 0.0017111322819383706
  outer loop
    vertex 8.267143153974432 6.891819015688276 26.66000000000001
    vertex 7.9800865890344435 6.86461759868423 26.35000000000001
    vertex 8.2728774227895 6.891819015688278 26.35000000000001
  endloop
endfacet
facet normal 0.09250543085962136 -0.99571070963799 0.0017111322819383706
  outer loop
    vertex 7.9800865890344435 6.86461759868423 26.35000000000001
    vertex 8.267143153974432 6.891819015688276 26.66000000000001
    vertex 7.974352320219371 6.8646175986842275 26.66000000000001
  endloop
endfacet
facet normal -0.11854999619002228 0.9929480844451767 -1.8834352827659686e-15
  outer loop
    vertex 8.720572588437996 4.536524228238884 26.800000000000008
    vertex 9.414999460907628 4.619433198380585 26.66000000000001
    vertex 8.720572588437996 4.536524228238884 26.66000000000001
  endloop
endfacet
facet normal -0.11854999619002228 0.9929480844451767 -1.8834352827659686e-15
  outer loop
    vertex 9.414999460907628 4.619433198380585 26.66000000000001
    vertex 8.720572588437996 4.536524228238884 26.800000000000008
    vertex 9.41499946090763 4.619433198380585 26.800000000000008
  endloop
endfacet
facet normal -0.29441751755789847 0.9556768938061884 -9.061951114548782e-15
  outer loop
    vertex 9.41499946090763 4.619433198380585 26.800000000000008
    vertex 9.706179164222407 4.709137580655382 26.66000000000001
    vertex 9.414999460907628 4.619433198380585 26.66000000000001
  endloop
endfacet
facet normal -0.29441751755789847 0.9556768938061884 -9.061951114548782e-15
  outer loop
    vertex 9.706179164222407 4.709137580655382 26.66000000000001
    vertex 9.41499946090763 4.619433198380585 26.800000000000008
    vertex 9.706179164222409 4.709137580655384 26.800000000000008
  endloop
endfacet
facet normal -1.0 1.1049659584027685e-15 1.042232687643315e-15
  outer loop
    vertex 1.6919851820824786e-14 2.0405475453030804e-14 16.80000000000002
    vertex 1.2488409762756338e-14 -3.173423144523443e-14 10.80000000000002
    vertex 1.8027629639189727e-14 -4.597321101291868e-14 16.30000000000006
  endloop
endfacet
facet normal -1.0 1.1049659584027685e-15 1.042232687643315e-15
  outer loop
    vertex 1.2488409762756338e-14 -3.173423144523443e-14 10.80000000000002
    vertex 1.6919851820824786e-14 2.0405475453030804e-14 16.80000000000002
    vertex 3.01132002786807e-14 17.499999999999968 10.80000000000002
  endloop
endfacet
facet normal -1.0 1.1049659584027685e-15 1.042232687643315e-15
  outer loop
    vertex 3.01132002786807e-14 17.499999999999968 10.80000000000002
    vertex 1.6919851820824786e-14 2.0405475453030804e-14 16.80000000000002
    vertex 1.742341726413691e-14 2.0447108816454247e-14 17.300000000000015
  endloop
endfacet
facet normal -1.0 1.1049659584027685e-15 1.042232687643315e-15
  outer loop
    vertex 3.01132002786807e-14 17.499999999999968 10.80000000000002
    vertex 1.742341726413691e-14 2.0447108816454247e-14 17.300000000000015
    vertex 3.5048207780061263e-14 17.50000000000002 17.300000000000015
  endloop
endfacet
facet normal 0.9551633613366215 -0.29607930214745976 -2.641616035192865e-16
  outer loop
    vertex 5.17909042750682 6.32695470647775 26.66000000000001
    vertex 4.147808797952164 3.000000000000018 26.80000000000001
    vertex 4.147808797952164 3.0000000000000178 26.66000000000001
  endloop
endfacet
facet normal 0.9551633613366215 -0.29607930214745976 -2.641616035192865e-16
  outer loop
    vertex 4.147808797952164 3.000000000000018 26.80000000000001
    vertex 5.17909042750682 6.32695470647775 26.66000000000001
    vertex 5.17909042750682 6.32695470647775 26.80000000000001
  endloop
endfacet
facet normal 0.7665187988418707 0.642221870557221 -1.9754687753814852e-15
  outer loop
    vertex 10.96757568813435 5.806134552125524 26.66000000000001
    vertex 11.369191958377264 5.326788651315808 26.800000000000008
    vertex 11.369191958377266 5.326788651315807 26.66000000000001
  endloop
endfacet
facet normal 0.7665187988418707 0.642221870557221 -1.9754687753814852e-15
  outer loop
    vertex 11.369191958377264 5.326788651315808 26.800000000000008
    vertex 10.96757568813435 5.806134552125524 26.66000000000001
    vertex 10.967575688134348 5.806134552125527 26.800000000000008
  endloop
endfacet
facet normal 0.0 -1.0 0.0
  outer loop
    vertex 13.470580495826658 3.5182107160931353 26.8
    vertex 12.840915136514914 3.5182107160931353 26.66000000000001
    vertex 13.470580495826658 3.5182107160931353 26.66000000000001
  endloop
endfacet
facet normal 0.0 -1.0 0.0
  outer loop
    vertex 12.840915136514914 3.5182107160931353 26.66000000000001
    vertex 13.470580495826658 3.5182107160931353 26.8
    vertex 12.840915136514914 3.5182107160931353 26.800000000000008
  endloop
endfacet
facet normal -0.7708037373130272 -0.6370726791695511 -1.5630876018170598e-15
  outer loop
    vertex 10.285602952810462 6.336028434969654 26.800000000000008
    vertex 10.128191555100443 6.526482833059228 26.66000000000001
    vertex 10.285602952810462 6.336028434969653 26.66000000000001
  endloop
endfacet
facet normal -0.7708037373130272 -0.6370726791695511 -1.5630876018170598e-15
  outer loop
    vertex 10.128191555100443 6.526482833059228 26.66000000000001
    vertex 10.285602952810462 6.336028434969654 26.800000000000008
    vertex 10.128191555100445 6.526482833059227 26.800000000000008
  endloop
endfacet
facet normal -0.13452729535849456 -0.990909888336739 5.000626321828908e-15
  outer loop
    vertex 12.840915136514914 6.865922317813784 26.800000000000008
    vertex 12.211289314146496 6.951401189271272 26.66000000000001
    vertex 12.840915136514914 6.865922317813784 26.66000000000001
  endloop
endfacet
facet normal -0.13452729535849456 -0.990909888336739 5.000626321828908e-15
  outer loop
    vertex 12.211289314146496 6.951401189271272 26.66000000000001
    vertex 12.840915136514914 6.865922317813784 26.800000000000008
    vertex 12.211289314146496 6.951401189271274 26.800000000000008
  endloop
endfacet
facet normal -0.46434868718449307 0.8856524694879125 -1.3275628369707119e-14
  outer loop
    vertex 9.706179164222409 4.709137580655384 26.800000000000008
    vertex 9.952662353114109 4.838369022014188 26.66000000000001
    vertex 9.706179164222407 4.709137580655382 26.66000000000001
  endloop
endfacet
facet normal -0.46434868718449307 0.8856524694879125 -1.3275628369707119e-14
  outer loop
    vertex 9.952662353114109 4.838369022014188 26.66000000000001
    vertex 9.706179164222409 4.709137580655384 26.800000000000008
    vertex 9.952662353114109 4.83836902201419 26.800000000000008
  endloop
endfacet
facet normal 0.0585738932564089 -0.998282388140391 0.0011715619934819807
  outer loop
    vertex 8.55086025923759 6.908661753542527 26.66000000000001
    vertex 8.2728774227895 6.891819015688278 26.35000000000001
    vertex 8.55659452805266 6.908661753542529 26.35000000000001
  endloop
endfacet
facet normal 0.0585738932564089 -0.998282388140391 0.0011715619934819807
  outer loop
    vertex 8.2728774227895 6.891819015688278 26.35000000000001
    vertex 8.55086025923759 6.908661753542527 26.66000000000001
    vertex 8.267143153974432 6.891819015688276 26.66000000000001
  endloop
endfacet
facet normal -0.9955585810569217 0.09414410063263934 2.983363587433366e-14
  outer loop
    vertex 10.389901409288202 5.491988826859836 26.800000000000008
    vertex 10.420344855644473 5.813923329959532 26.66000000000001
    vertex 10.389901409288196 5.491988826859835 26.66000000000001
  endloop
endfacet
facet normal -0.9955585810569217 0.09414410063263934 2.983363587433366e-14
  outer loop
    vertex 10.420344855644473 5.813923329959532 26.66000000000001
    vertex 10.389901409288202 5.491988826859836 26.800000000000008
    vertex 10.420344855644476 5.813923329959532 26.800000000000008
  endloop
endfacet
facet normal -1.0 0.0 0.0
  outer loop
    vertex 8.720572588437996 4.536524228238884 26.800000000000008
    vertex 8.720572588437996 3.0000000000000178 26.66000000000001
    vertex 8.720572588437996 3.0000000000000178 26.800000000000008
  endloop
endfacet
facet normal -1.0 0.0 0.0
  outer loop
    vertex 8.720572588437996 3.0000000000000178 26.66000000000001
    vertex 8.720572588437996 4.536524228238884 26.800000000000008
    vertex 8.720572588437996 4.536524228238884 26.66000000000001
  endloop
endfacet
facet normal -0.5921553136463884 -0.8058238545242673 -2.144641721554523e-15
  outer loop
    vertex 10.128191555100445 6.526482833059227 26.800000000000008
    vertex 9.925441167638398 6.675472861842123 26.66000000000001
    vertex 10.128191555100443 6.526482833059228 26.66000000000001
  endloop
endfacet
facet normal -0.5921553136463884 -0.8058238545242673 -2.144641721554523e-15
  outer loop
    vertex 9.925441167638398 6.675472861842123 26.66000000000001
    vertex 10.128191555100445 6.526482833059227 26.800000000000008
    vertex 9.9254411676384 6.675472861842122 26.800000000000008
  endloop
endfacet
facet normal -0.7665842223369406 0.6421437767852834 1.2490382078822357e-15
  outer loop
    vertex 11.586842831352975 5.518542826417023 26.800000000000008
    vertex 12.175033937122203 6.220718939777346 26.66000000000001
    vertex 11.586842831352975 5.518542826417021 26.66000000000001
  endloop
endfacet
facet normal -0.7665842223369406 0.6421437767852834 1.2490382078822357e-15
  outer loop
    vertex 12.175033937122203 6.220718939777346 26.66000000000001
    vertex 11.586842831352975 5.518542826417023 26.800000000000008
    vertex 12.175033937122206 6.220718939777347 26.800000000000008
  endloop
endfacet
facet normal -0.966718296321091 0.25584318548291923 -2.7650303845283253e-15
  outer loop
    vertex 4.995085493296293 3.000000000000018 26.80000000000001
    vertex 5.287896095523014 4.106401821862366 26.66000000000001
    vertex 4.995085493296293 3.0000000000000178 26.66000000000001
  endloop
endfacet
facet normal -0.966718296321091 0.25584318548291923 -2.7650303845283253e-15
  outer loop
    vertex 5.287896095523014 4.106401821862366 26.66000000000001
    vertex 4.995085493296293 3.000000000000018 26.80000000000001
    vertex 5.287896095523014 4.106401821862366 26.80000000000001
  endloop
endfacet
facet normal 0.0 -1.0 0.0
  outer loop
    vertex 11.98327976202099 3.5182107160931353 26.800000000000008
    vertex 11.353653939652567 3.5182107160931353 26.66000000000001
    vertex 11.98327976202099 3.5182107160931353 26.66000000000001
  endloop
endfacet
facet normal 0.0 -1.0 0.0
  outer loop
    vertex 11.353653939652567 3.5182107160931353 26.66000000000001
    vertex 11.98327976202099 3.5182107160931353 26.800000000000008
    vertex 11.353653939652567 3.5182107160931353 26.800000000000008
  endloop
endfacet
facet normal 0.0020768965381772414 -0.9999644724397024 0.008169477287911184
  outer loop
    vertex 2.010680251262127 0.00942235977343335 16.80000000000002
    vertex 0.10796093930046624 -4.5969112058718496e-14 16.30000000000006
    vertex 2.0034300717413114 -4.5897146760786824e-14 16.300000000000054
  endloop
endfacet
facet normal 0.0020768965381772414 -0.9999644724397024 0.008169477287911184
  outer loop
    vertex 0.10796093930046624 -4.5969112058718496e-14 16.30000000000006
    vertex 2.010680251262127 0.00942235977343335 16.80000000000002
    vertex 1.8027629639189727e-14 -4.597321101291868e-14 16.30000000000006
  endloop
endfacet
facet normal 0.0020768965381772414 -0.9999644724397024 0.008169477287911184
  outer loop
    vertex 1.8027629639189727e-14 -4.597321101291868e-14 16.30000000000006
    vertex 2.010680251262127 0.00942235977343335 16.80000000000002
    vertex 1.6919851820824786e-14 2.0405475453030804e-14 16.80000000000002
  endloop
endfacet
facet normal 1.0 0.0 0.0
  outer loop
    vertex 11.353653939652567 3.5182107160931353 26.66000000000001
    vertex 11.353653939652567 3.0000000000000178 26.800000000000008
    vertex 11.353653939652567 3.0000000000000178 26.66000000000001
  endloop
endfacet
facet normal 1.0 0.0 0.0
  outer loop
    vertex 11.353653939652567 3.0000000000000178 26.800000000000008
    vertex 11.353653939652567 3.5182107160931353 26.66000000000001
    vertex 11.353653939652567 3.5182107160931353 26.800000000000008
  endloop
endfacet
facet normal -8.081009219707796e-16 -1.0 2.4044483366012145e-18
  outer loop
    vertex 15.500000000000034 8.250000000000005 23.8
    vertex 8.750000000000018 8.250000000000012 21.799999999999986
    vertex 15.500000000000016 8.250000000000005 16.79999999999998
  endloop
endfacet
facet normal -8.081009219707796e-16 -1.0 2.4044483366012145e-18
  outer loop
    vertex 14.45420632188125 8.249999999999993 26.349999999999998
    vertex 2.9869388549947473 8.25000000000002 23.80000000000001
    vertex 14.45420632188125 8.250000000000005 23.8
  endloop
endfacet
facet normal -8.081009219707796e-16 -1.0 2.4044483366012145e-18
  outer loop
    vertex 2.9869388549947473 8.25000000000002 23.80000000000001
    vertex 14.45420632188125 8.249999999999993 26.349999999999998
    vertex 2.986938854994749 8.250000000000005 26.35000000000001
  endloop
endfacet
facet normal -8.081009219707796e-16 -1.0 2.4044483366012145e-18
  outer loop
    vertex 8.750000000000018 8.250000000000012 21.799999999999986
    vertex 2.000000000000029 8.25000000000002 23.80000000000001
    vertex 2.0000000000000218 8.250000000000007 16.800000000000004
  endloop
endfacet
facet normal -8.081009219707796e-16 -1.0 2.4044483366012145e-18
  outer loop
    vertex 2.000000000000029 8.25000000000002 23.80000000000001
    vertex 8.750000000000018 8.250000000000012 21.799999999999986
    vertex 14.45420632188125 8.250000000000005 23.8
  endloop
endfacet
facet normal -8.081009219707796e-16 -1.0 2.4044483366012145e-18
  outer loop
    vertex 14.45420632188125 8.250000000000005 23.8
    vertex 8.750000000000018 8.250000000000012 21.799999999999986
    vertex 15.500000000000034 8.250000000000005 23.8
  endloop
endfacet
facet normal -8.081009219707796e-16 -1.0 2.4044483366012145e-18
  outer loop
    vertex 2.000000000000029 8.25000000000002 23.80000000000001
    vertex 14.45420632188125 8.250000000000005 23.8
    vertex 2.9869388549947473 8.25000000000002 23.80000000000001
  endloop
endfacet
facet normal -9.836576989909703e-16 8.898839768921633e-31 -1.0
  outer loop
    vertex 12.18076820593727 6.220718939777347 26.35
    vertex 11.989014030836056 5.280174595141719 26.35
    vertex 11.592577100168041 5.518542826417024 26.35
  endloop
endfacet
facet normal -9.836576989909703e-16 8.898839768921633e-31 -1.0
  outer loop
    vertex 11.380567174525977 5.331757131177101 26.34992071508771
    vertex 11.359388208467633 3.5182107160931353 26.35
    vertex 10.978844710728811 5.81122977845775 26.349916617713323
  endloop
endfacet
facet normal -9.836576989909703e-16 8.898839768921633e-31 -1.0
  outer loop
    vertex 11.359388208467633 3.5182107160931353 26.35
    vertex 11.380567174525977 5.331757131177101 26.34992071508771
    vertex 11.989014030836056 3.5182107160931353 26.35
  endloop
endfacet
facet normal -9.836576989909703e-16 8.898839768921633e-31 -1.0
  outer loop
    vertex 11.989014030836056 3.5182107160931353 26.35
    vertex 11.380567174525977 5.331757131177101 26.34992071508771
    vertex 11.592577100168041 5.518542826417024 26.35
  endloop
endfacet
facet normal -9.836576989909703e-16 8.898839768921633e-31 -1.0
  outer loop
    vertex 11.989014030836056 3.5182107160931353 26.35
    vertex 11.592577100168041 5.518542826417024 26.35
    vertex 11.989014030836056 5.280174595141719 26.35
  endloop
endfacet
facet normal -9.836576989909703e-16 8.898839768921633e-31 -1.0
  outer loop
    vertex 2.986938854994749 8.250000000000005 26.35000000000001
    vertex 5.285422421817158 6.87191654074951 26.349998712323472
    vertex 4.1633468166768655 3.000000000000018 26.35
  endloop
endfacet
facet normal -9.836576989909703e-16 8.898839768921633e-31 -1.0
  outer loop
    vertex 5.285422421817158 6.87191654074951 26.349998712323472
    vertex 2.986938854994749 8.250000000000005 26.35000000000001
    vertex 14.45420632188125 8.249999999999993 26.349999999999998
  endloop
endfacet
facet normal -9.836576989909703e-16 8.898839768921633e-31 -1.0
  outer loop
    vertex 4.1633468166768655 3.000000000000018 26.35
    vertex 5.285422421817158 6.87191654074951 26.349998712323472
    vertex 5.185089475248585 6.328543957401506 26.35000000000001
  endloop
endfacet
facet normal -9.836576989909703e-16 8.898839768921633e-31 -1.0
  outer loop
    vertex 5.285422421817158 6.87191654074951 26.349998712323472
    vertex 14.45420632188125 8.249999999999993 26.349999999999998
    vertex 6.254931604216625 6.951401189271272 26.35000000000001
  endloop
endfacet
facet normal -9.836576989909703e-16 8.898839768921633e-31 -1.0
  outer loop
    vertex 6.254931604216625 6.951401189271272 26.35000000000001
    vertex 14.45420632188125 8.249999999999993 26.349999999999998
    vertex 7.718620016061481 6.828347129466643 26.34982385584053
  endloop
endfacet
facet normal -9.836576989909703e-16 8.898839768921633e-31 -1.0
  outer loop
    vertex 6.254931604216625 6.951401189271272 26.35000000000001
    vertex 7.718620016061481 6.828347129466643 26.34982385584053
    vertex 7.49607532891298 3.0000000000000187 26.35
  endloop
endfacet
facet normal -9.836576989909703e-16 8.898839768921633e-31 -1.0
  outer loop
    vertex 7.718620016061481 6.828347129466643 26.34982385584053
    vertex 14.45420632188125 8.249999999999993 26.349999999999998
    vertex 7.9800865890344435 6.86461759868423 26.35000000000001
  endloop
endfacet
facet normal -9.836576989909703e-16 8.898839768921633e-31 -1.0
  outer loop
    vertex 7.9800865890344435 6.86461759868423 26.35000000000001
    vertex 14.45420632188125 8.249999999999993 26.349999999999998
    vertex 8.2728774227895 6.891819015688278 26.35000000000001
  endloop
endfacet
facet normal -9.836576989909703e-16 8.898839768921633e-31 -1.0
  outer loop
    vertex 8.2728774227895 6.891819015688278 26.35000000000001
    vertex 14.45420632188125 8.249999999999993 26.349999999999998
    vertex 8.55659452805266 6.908661753542529 26.35000000000001
  endloop
endfacet
facet normal -9.836576989909703e-16 8.898839768921633e-31 -1.0
  outer loop
    vertex 8.55659452805266 6.908661753542529 26.35000000000001
    vertex 14.45420632188125 8.249999999999993 26.349999999999998
    vertex 8.763102399958168 6.914059872973578 26.349953882845252
  endloop
endfacet
facet normal -9.836576989909703e-16 8.898839768921633e-31 -1.0
  outer loop
    vertex 8.763102399958168 6.914059872973578 26.349953882845252
    vertex 14.45420632188125 8.249999999999993 26.349999999999998
    vertex 8.795957729301534 6.914940040880068 26.34989309098415
  endloop
endfacet
facet normal -9.836576989909703e-16 8.898839768921633e-31 -1.0
  outer loop
    vertex 8.795957729301534 6.914940040880068 26.34989309098415
    vertex 14.45420632188125 8.249999999999993 26.349999999999998
    vertex 9.314144701589697 6.868950286225339 26.34981372859497
  endloop
endfacet
facet normal -9.836576989909703e-16 8.898839768921633e-31 -1.0
  outer loop
    vertex 9.314144701589697 6.868950286225339 26.34981372859497
    vertex 14.45420632188125 8.249999999999993 26.349999999999998
    vertex 9.40533788531846 6.860778870050857 26.349580706022554
  endloop
endfacet
facet normal -9.836576989909703e-16 8.898839768921633e-31 -1.0
  outer loop
    vertex 9.40533788531846 6.860778870050857 26.349580706022554
    vertex 14.45420632188125 8.249999999999993 26.349999999999998
    vertex 9.6882653988143 6.785593133223702 26.35
  endloop
endfacet
facet normal -9.836576989909703e-16 8.898839768921633e-31 -1.0
  outer loop
    vertex 9.6882653988143 6.785593133223702 26.35
    vertex 14.45420632188125 8.249999999999993 26.349999999999998
    vertex 9.931175436453467 6.675472861842123 26.35
  endloop
endfacet
facet normal -9.836576989909703e-16 8.898839768921633e-31 -1.0
  outer loop
    vertex 9.931175436453467 6.675472861842123 26.35
    vertex 14.45420632188125 8.249999999999993 26.349999999999998
    vertex 10.133925823915511 6.526482833059226 26.35000000000001
  endloop
endfacet
facet normal -9.836576989909703e-16 8.898839768921633e-31 -1.0
  outer loop
    vertex 10.133925823915511 6.526482833059226 26.35000000000001
    vertex 14.45420632188125 8.249999999999993 26.349999999999998
    vertex 10.291337221625529 6.336028434969654 26.35000000000001
  endloop
endfacet
facet normal -9.836576989909703e-16 8.898839768921633e-31 -1.0
  outer loop
    vertex 10.291337221625529 6.336028434969654 26.35000000000001
    vertex 14.45420632188125 8.249999999999993 26.349999999999998
    vertex 10.392393648751039 6.099908867345667 26.35
  endloop
endfacet
facet normal -9.836576989909703e-16 8.898839768921633e-31 -1.0
  outer loop
    vertex 10.392393648751039 6.099908867345667 26.35
    vertex 14.45420632188125 8.249999999999993 26.349999999999998
    vertex 12.21828551008434 6.952560838933117 26.34985976001676
  endloop
endfacet
facet normal -9.836576989909703e-16 8.898839768921633e-31 -1.0
  outer loop
    vertex 10.392393648751039 6.099908867345667 26.35
    vertex 12.21828551008434 6.952560838933117 26.34985976001676
    vertex 10.426079124459541 5.813923329959532 26.35
  endloop
endfacet
facet normal -9.836576989909703e-16 8.898839768921633e-31 -1.0
  outer loop
    vertex 10.426079124459541 5.813923329959532 26.35
    vertex 12.21828551008434 6.952560838933117 26.34985976001676
    vertex 10.978844710728811 5.81122977845775 26.349916617713323
  endloop
endfacet
facet normal -9.836576989909703e-16 8.898839768921633e-31 -1.0
  outer loop
    vertex 12.21828551008434 6.952560838933117 26.34985976001676
    vertex 14.45420632188125 8.249999999999993 26.349999999999998
    vertex 12.846652820444694 6.8672528248044475 26.349815375665866
  endloop
endfacet
facet normal -9.836576989909703e-16 8.898839768921633e-31 -1.0
  outer loop
    vertex 12.846652820444694 6.8672528248044475 26.349815375665866
    vertex 14.45420632188125 8.249999999999993 26.349999999999998
    vertex 12.856453155239612 3.5182107160931353 26.349999999999998
  endloop
endfacet
facet normal -9.836576989909703e-16 8.898839768921633e-31 -1.0
  outer loop
    vertex 12.856453155239612 3.5182107160931353 26.349999999999998
    vertex 14.45420632188125 8.249999999999993 26.349999999999998
    vertex 13.476314764641721 3.5182107160931353 26.35
  endloop
endfacet
facet normal -9.836576989909703e-16 8.898839768921633e-31 -1.0
  outer loop
    vertex 13.476314764641721 3.5182107160931353 26.35
    vertex 14.45420632188125 8.249999999999993 26.349999999999998
    vertex 13.486118514551356 3.0000000000000178 26.349999999999998
  endloop
endfacet
facet normal -9.836576989909703e-16 8.898839768921633e-31 -1.0
  outer loop
    vertex 13.486118514551356 3.0000000000000178 26.349999999999998
    vertex 14.45420632188125 8.249999999999993 26.349999999999998
    vertex 14.454206321881244 1.9999999999999953 26.349999999999998
  endloop
endfacet
facet normal -9.836576989909703e-16 8.898839768921633e-31 -1.0
  outer loop
    vertex 2.9869388549947424 2.0000000000000067 26.35000000000001
    vertex 4.1633468166768655 3.000000000000018 26.35
    vertex 14.454206321881244 1.9999999999999953 26.349999999999998
  endloop
endfacet
facet normal -9.836576989909703e-16 8.898839768921633e-31 -1.0
  outer loop
    vertex 4.1633468166768655 3.000000000000018 26.35
    vertex 2.9869388549947424 2.0000000000000067 26.35000000000001
    vertex 2.986938854994749 8.250000000000005 26.35000000000001
  endloop
endfacet
facet normal -9.836576989909703e-16 8.898839768921633e-31 -1.0
  outer loop
    vertex 14.454206321881244 1.9999999999999953 26.349999999999998
    vertex 4.1633468166768655 3.000000000000018 26.35
    vertex 5.010623512020995 3.0000000000000187 26.35
  endloop
endfacet
facet normal -9.836576989909703e-16 8.898839768921633e-31 -1.0
  outer loop
    vertex 14.454206321881244 1.9999999999999953 26.349999999999998
    vertex 5.010623512020995 3.0000000000000187 26.35
    vertex 6.609894281342131 3.0000000000000178 26.35000000000001
  endloop
endfacet
facet normal -9.836576989909703e-16 8.898839768921633e-31 -1.0
  outer loop
    vertex 6.609894281342131 3.0000000000000178 26.35000000000001
    vertex 5.010623512020995 3.0000000000000187 26.35
    vertex 5.293630364338082 4.106401821862368 26.35000000000001
  endloop
endfacet
facet normal -9.836576989909703e-16 8.898839768921633e-31 -1.0
  outer loop
    vertex 6.609894281342131 3.0000000000000178 26.35000000000001
    vertex 5.293630364338082 4.106401821862368 26.35000000000001
    vertex 6.310008199986981 4.103921612818027 26.35000000000001
  endloop
endfacet
facet normal -9.836576989909703e-16 8.898839768921633e-31 -1.0
  outer loop
    vertex 14.454206321881244 1.9999999999999953 26.349999999999998
    vertex 6.609894281342131 3.0000000000000178 26.35000000000001
    vertex 7.49607532891298 3.0000000000000187 26.35
  endloop
endfacet
facet normal -9.836576989909703e-16 8.898839768921633e-31 -1.0
  outer loop
    vertex 14.454206321881244 1.9999999999999953 26.349999999999998
    vertex 7.49607532891298 3.0000000000000187 26.35
    vertex 7.826642299976455 3.0000000000000178 26.35
  endloop
endfacet
facet normal -9.836576989909703e-16 8.898839768921633e-31 -1.0
  outer loop
    vertex 7.826642299976455 3.0000000000000178 26.35
    vertex 7.49607532891298 3.0000000000000187 26.35
    vertex 7.718620016061481 6.828347129466643 26.34982385584053
  endloop
endfacet
facet normal -9.836576989909703e-16 8.898839768921633e-31 -1.0
  outer loop
    vertex 7.826642299976455 3.0000000000000178 26.35
    vertex 7.718620016061481 6.828347129466643 26.34982385584053
    vertex 7.8168385500668265 6.269942434210545 26.35
  endloop
endfacet
facet normal -9.836576989909703e-16 8.898839768921633e-31 -1.0
  outer loop
    vertex 14.454206321881244 1.9999999999999953 26.349999999999998
    vertex 7.826642299976455 3.0000000000000178 26.35
    vertex 8.72630685725306 3.0000000000000178 26.35
  endloop
endfacet
facet normal -9.836576989909703e-16 8.898839768921633e-31 -1.0
  outer loop
    vertex 14.454206321881244 1.9999999999999953 26.349999999999998
    vertex 8.72630685725306 3.0000000000000178 26.35
    vertex 11.359388208467633 3.0000000000000178 26.35
  endloop
endfacet
facet normal -9.836576989909703e-16 8.898839768921633e-31 -1.0
  outer loop
    vertex 11.359388208467633 3.0000000000000178 26.35
    vertex 8.72630685725306 3.0000000000000178 26.35
    vertex 8.72631025836681 4.535354145602511 26.34981613257145
  endloop
endfacet
facet normal -9.836576989909703e-16 8.898839768921633e-31 -1.0
  outer loop
    vertex 11.359388208467633 3.0000000000000178 26.35
    vertex 8.72631025836681 4.535354145602511 26.34981613257145
    vertex 9.4207337297227 4.6194331983805865 26.35
  endloop
endfacet
facet normal -9.836576989909703e-16 8.898839768921633e-31 -1.0
  outer loop
    vertex 11.359388208467633 3.0000000000000178 26.35
    vertex 9.4207337297227 4.6194331983805865 26.35
    vertex 9.659225863134157 4.6900972372344345 26.34949915095747
  endloop
endfacet
facet normal -9.836576989909703e-16 8.898839768921633e-31 -1.0
  outer loop
    vertex 11.359388208467633 3.0000000000000178 26.35
    vertex 9.659225863134157 4.6900972372344345 26.34949915095747
    vertex 9.697997787392765 4.701830293430632 26.348835164123265
  endloop
endfacet
facet normal -9.836576989909703e-16 8.898839768921633e-31 -1.0
  outer loop
    vertex 11.359388208467633 3.0000000000000178 26.35
    vertex 9.697997787392765 4.701830293430632 26.348835164123265
    vertex 9.958396621929179 4.838369022014191 26.35
  endloop
endfacet
facet normal -9.836576989909703e-16 8.898839768921633e-31 -1.0
  outer loop
    vertex 11.359388208467633 3.0000000000000178 26.35
    vertex 9.958396621929179 4.838369022014191 26.35
    vertex 10.156941267045575 5.009712250126539 26.35
  endloop
endfacet
facet normal -9.836576989909703e-16 8.898839768921633e-31 -1.0
  outer loop
    vertex 11.359388208467633 3.0000000000000178 26.35
    vertex 10.156941267045575 5.009712250126539 26.35
    vertex 10.304305339034437 5.225751992661965 26.35
  endloop
endfacet
facet normal -9.836576989909703e-16 8.898839768921633e-31 -1.0
  outer loop
    vertex 11.359388208467633 3.0000000000000178 26.35
    vertex 10.304305339034437 5.225751992661965 26.35
    vertex 10.395635678103261 5.491988826859835 26.35
  endloop
endfacet
facet normal -9.836576989909703e-16 8.898839768921633e-31 -1.0
  outer loop
    vertex 11.359388208467633 3.0000000000000178 26.35
    vertex 10.395635678103261 5.491988826859835 26.35
    vertex 10.426079124459541 5.813923329959532 26.35
  endloop
endfacet
facet normal -9.836576989909703e-16 8.898839768921633e-31 -1.0
  outer loop
    vertex 11.359388208467633 3.0000000000000178 26.35
    vertex 10.426079124459541 5.813923329959532 26.35
    vertex 10.978844710728811 5.81122977845775 26.349916617713323
  endloop
endfacet
facet normal -9.836576989909703e-16 8.898839768921633e-31 -1.0
  outer loop
    vertex 11.359388208467633 3.0000000000000178 26.35
    vertex 10.978844710728811 5.81122977845775 26.349916617713323
    vertex 11.359388208467633 3.5182107160931353 26.35
  endloop
endfacet
facet normal -9.836576989909703e-16 8.898839768921633e-31 -1.0
  outer loop
    vertex 14.454206321881244 1.9999999999999953 26.349999999999998
    vertex 11.359388208467633 3.0000000000000178 26.35
    vertex 13.486118514551356 3.0000000000000178 26.349999999999998
  endloop
endfacet
facet normal 1.0 -7.143915089121343e-16 -1.1765218507472957e-15
  outer loop
    vertex 2.9869388549947407 2.0000000000000173 23.80000000000001
    vertex 2.986938854994749 8.250000000000005 26.35000000000001
    vertex 2.9869388549947424 2.0000000000000067 26.35000000000001
  endloop
endfacet
facet normal 1.0 -7.143915089121343e-16 -1.1765218507472957e-15
  outer loop
    vertex 2.986938854994749 8.250000000000005 26.35000000000001
    vertex 2.9869388549947407 2.0000000000000173 23.80000000000001
    vertex 2.9869388549947473 8.25000000000002 23.80000000000001
  endloop
endfacet
facet normal 0.0 1.0 0.0
  outer loop
    vertex 6.604160012527064 3.0000000000000178 26.80000000000001
    vertex 7.490341060097913 3.0000000000000178 26.66000000000001
    vertex 6.604160012527064 3.0000000000000178 26.66000000000001
  endloop
endfacet
facet normal 0.0 1.0 0.0
  outer loop
    vertex 7.490341060097913 3.0000000000000178 26.66000000000001
    vertex 6.604160012527064 3.0000000000000178 26.80000000000001
    vertex 7.490341060097913 3.0000000000000178 26.80000000000001
  endloop
endfacet
facet normal 0.9864036073477933 -0.16434087565563404 -5.3719293609433544e-15
  outer loop
    vertex 5.17909042750682 6.32695470647775 26.66000000000001
    vertex 5.26974863853921 6.871101657388682 26.80000000000001
    vertex 5.17909042750682 6.32695470647775 26.80000000000001
  endloop
endfacet
facet normal 0.9864036073477933 -0.16434087565563404 -5.3719293609433544e-15
  outer loop
    vertex 5.26974863853921 6.871101657388682 26.80000000000001
    vertex 5.17909042750682 6.32695470647775 26.66000000000001
    vertex 5.269748638539208 6.871101657388682 26.66000000000001
  endloop
endfacet
facet normal -0.9931344282221892 -0.11697866249784737 1.9998952708527358e-14
  outer loop
    vertex 10.38665937993597 6.099908867345666 26.800000000000008
    vertex 10.420344855644473 5.813923329959532 26.66000000000001
    vertex 10.420344855644476 5.813923329959532 26.800000000000008
  endloop
endfacet
facet normal -0.9931344282221892 -0.11697866249784737 1.9998952708527358e-14
  outer loop
    vertex 10.420344855644473 5.813923329959532 26.66000000000001
    vertex 10.38665937993597 6.099908867345666 26.800000000000008
    vertex 10.386659379935969 6.099908867345666 26.66000000000001
  endloop
endfacet
facet normal 1.0 -9.963881571669237e-16 -1.0237051606538772e-15
  outer loop
    vertex 2.000000000000024 15.499999999999963 10.80000000000002
    vertex 2.000000000000024 9.25000000000002 16.800000000000008
    vertex 2.0000000000000178 9.249999999999966 10.80000000000002
  endloop
endfacet
facet normal 1.0 -9.963881571669237e-16 -1.0237051606538772e-15
  outer loop
    vertex 2.000000000000024 9.25000000000002 16.800000000000008
    vertex 2.000000000000024 15.499999999999963 10.80000000000002
    vertex 2.00000000000003 15.500000000000014 16.800000000000008
  endloop
endfacet
facet normal -0.41289107379820716 -0.9107804132598392 -4.59625296059779e-15
  outer loop
    vertex 9.9254411676384 6.675472861842122 26.800000000000008
    vertex 9.68253112999923 6.785593133223702 26.66000000000001
    vertex 9.925441167638398 6.675472861842123 26.66000000000001
  endloop
endfacet
facet normal -0.41289107379820716 -0.9107804132598392 -4.59625296059779e-15
  outer loop
    vertex 9.68253112999923 6.785593133223702 26.66000000000001
    vertex 9.9254411676384 6.675472861842122 26.800000000000008
    vertex 9.682531129999228 6.785593133223702 26.800000000000008
  endloop
endfacet
facet normal -0.08996578427628717 -0.9959448567363319 1.3444783876168465e-15
  outer loop
    vertex 9.404640781757834 6.859438259109329 26.800000000000008
    vertex 8.787943539854998 6.915145812246982 26.66000000000001
    vertex 9.404640781757832 6.859438259109329 26.66000000000001
  endloop
endfacet
facet normal -0.08996578427628717 -0.9959448567363319 1.3444783876168465e-15
  outer loop
    vertex 8.787943539854998 6.915145812246982 26.66000000000001
    vertex 9.404640781757834 6.859438259109329 26.800000000000008
    vertex 8.787943539855 6.915145812246982 26.800000000000008
  endloop
endfacet
facet normal 4.418862516929233e-33 1.0 -2.5178272165606077e-15
  outer loop
    vertex 4.147808797952164 3.000000000000018 26.80000000000001
    vertex 4.995085493296293 3.0000000000000178 26.66000000000001
    vertex 4.147808797952164 3.0000000000000178 26.66000000000001
  endloop
endfacet
facet normal 4.418862516929233e-33 1.0 -2.5178272165606077e-15
  outer loop
    vertex 4.995085493296293 3.0000000000000178 26.66000000000001
    vertex 4.147808797952164 3.000000000000018 26.80000000000001
    vertex 4.995085493296293 3.000000000000018 26.80000000000001
  endloop
endfacet
facet normal 0.0 1.0 0.0
  outer loop
    vertex 11.353653939652567 3.0000000000000178 26.800000000000008
    vertex 13.470580495826658 3.0000000000000178 26.66000000000001
    vertex 11.353653939652567 3.0000000000000178 26.66000000000001
  endloop
endfacet
facet normal 0.0 1.0 0.0
  outer loop
    vertex 13.470580495826658 3.0000000000000178 26.66000000000001
    vertex 11.353653939652567 3.0000000000000178 26.800000000000008
    vertex 13.470580495826658 3.0000000000000178 26.8
  endloop
endfacet
facet normal -0.8261129774227172 0.5635045239692165 -4.2391822666078366e-15
  outer loop
    vertex 10.151206998230506 5.009712250126538 26.800000000000008
    vertex 10.298571070219372 5.225751992661961 26.66000000000001
    vertex 10.151206998230506 5.009712250126536 26.66000000000001
  endloop
endfacet
facet normal -0.8261129774227172 0.5635045239692165 -4.2391822666078366e-15
  outer loop
    vertex 10.298571070219372 5.225751992661961 26.66000000000001
    vertex 10.151206998230506 5.009712250126538 26.800000000000008
    vertex 10.29857107021937 5.225751992661962 26.80000000000001
  endloop
endfacet
facet normal 0.05926021939221677 -0.9982425689167872 4.4257757744932364e-15
  outer loop
    vertex 8.55086025923759 6.908661753542527 26.800000000000008
    vertex 8.267143153974432 6.891819015688276 26.66000000000001
    vertex 8.55086025923759 6.908661753542527 26.66000000000001
  endloop
endfacet
facet normal 0.05926021939221677 -0.9982425689167872 4.4257757744932364e-15
  outer loop
    vertex 8.267143153974432 6.891819015688276 26.66000000000001
    vertex 8.55086025923759 6.908661753542527 26.800000000000008
    vertex 8.267143153974434 6.891819015688278 26.800000000000008
  endloop
endfacet
facet normal -0.6533421306015059 0.757062784966402 -6.2196481604884575e-15
  outer loop
    vertex 9.952662353114109 4.83836902201419 26.800000000000008
    vertex 10.151206998230506 5.009712250126536 26.66000000000001
    vertex 9.952662353114109 4.838369022014188 26.66000000000001
  endloop
endfacet
facet normal -0.6533421306015059 0.757062784966402 -6.2196481604884575e-15
  outer loop
    vertex 10.151206998230506 5.009712250126536 26.66000000000001
    vertex 9.952662353114109 4.83836902201419 26.800000000000008
    vertex 10.151206998230506 5.009712250126538 26.800000000000008
  endloop
endfacet
facet normal 0.6773928472175511 -0.7356214587262252 1.415331987621489e-14
  outer loop
    vertex 12.211289314146496 6.951401189271274 26.800000000000008
    vertex 10.96757568813435 5.806134552125524 26.66000000000001
    vertex 12.211289314146496 6.951401189271272 26.66000000000001
  endloop
endfacet
facet normal 0.6773928472175511 -0.7356214587262252 1.415331987621489e-14
  outer loop
    vertex 10.96757568813435 5.806134552125524 26.66000000000001
    vertex 12.211289314146496 6.951401189271274 26.800000000000008
    vertex 10.967575688134348 5.806134552125527 26.800000000000008
  endloop
endfacet
facet normal -0.6610579506660974 0.7503348491581205 -1.0969429232444973e-14
  outer loop
    vertex 11.369191958377264 5.326788651315808 26.800000000000008
    vertex 11.586842831352975 5.518542826417021 26.66000000000001
    vertex 11.369191958377266 5.326788651315807 26.66000000000001
  endloop
endfacet
facet normal -0.6610579506660974 0.7503348491581205 -1.0969429232444973e-14
  outer loop
    vertex 11.586842831352975 5.518542826417021 26.66000000000001
    vertex 11.369191958377264 5.326788651315808 26.800000000000008
    vertex 11.586842831352975 5.518542826417023 26.800000000000008
  endloop
endfacet
facet normal -1.0 0.0 0.0
  outer loop
    vertex 12.840915136514914 6.865922317813784 26.800000000000008
    vertex 12.840915136514914 3.5182107160931353 26.66000000000001
    vertex 12.840915136514914 3.5182107160931353 26.800000000000008
  endloop
endfacet
facet normal -1.0 0.0 0.0
  outer loop
    vertex 12.840915136514914 3.5182107160931353 26.66000000000001
    vertex 12.840915136514914 6.865922317813784 26.800000000000008
    vertex 12.840915136514914 6.865922317813784 26.66000000000001
  endloop
endfacet
facet normal 0.9650259566098159 0.26215434970511153 1.660978275318602e-16
  outer loop
    vertex 6.303600169409654 4.106401821862366 26.66000000000001
    vertex 6.604160012527064 3.0000000000000178 26.80000000000001
    vertex 6.604160012527064 3.0000000000000178 26.66000000000001
  endloop
endfacet
facet normal 0.9650259566098159 0.26215434970511153 1.660978275318602e-16
  outer loop
    vertex 6.604160012527064 3.0000000000000178 26.80000000000001
    vertex 6.303600169409654 4.106401821862366 26.66000000000001
    vertex 6.303600169409654 4.106401821862366 26.80000000000001
  endloop
endfacet
facet normal 0.08171027286480113 -0.9966561249038507 4.396432693818981e-15
  outer loop
    vertex 6.249197335401557 6.951401189271274 26.800000000000008
    vertex 5.269748638539208 6.871101657388682 26.66000000000001
    vertex 6.249197335401557 6.951401189271272 26.66000000000001
  endloop
endfacet
facet normal 0.08171027286480113 -0.9966561249038507 4.396432693818981e-15
  outer loop
    vertex 5.269748638539208 6.871101657388682 26.66000000000001
    vertex 6.249197335401557 6.951401189271274 26.800000000000008
    vertex 5.26974863853921 6.871101657388682 26.80000000000001
  endloop
endfacet
facet normal 0.0 1.0 0.0
  outer loop
    vertex 5.287896095523014 4.106401821862366 26.80000000000001
    vertex 6.303600169409654 4.106401821862366 26.66000000000001
    vertex 5.287896095523014 4.106401821862366 26.66000000000001
  endloop
endfacet
facet normal 0.0 1.0 0.0
  outer loop
    vertex 6.303600169409654 4.106401821862366 26.66000000000001
    vertex 5.287896095523014 4.106401821862366 26.80000000000001
    vertex 6.303600169409654 4.106401821862366 26.80000000000001
  endloop
endfacet
facet normal 0.0 0.0 -1.0
  outer loop
    vertex 2.000000000000029 8.25000000000002 23.80000000000001
    vertex 2.9869388549947407 2.0000000000000173 23.80000000000001
    vertex 2.000000000000022 2.000000000000019 23.80000000000001
  endloop
endfacet
facet normal 0.0 0.0 -1.0
  outer loop
    vertex 2.9869388549947407 2.0000000000000173 23.80000000000001
    vertex 2.000000000000029 8.25000000000002 23.80000000000001
    vertex 2.9869388549947473 8.25000000000002 23.80000000000001
  endloop
endfacet
facet normal -1.0 9.023892744153272e-16 2.9629192293896096e-30
  outer loop
    vertex 14.45420632188125 8.249999999999993 26.349999999999998
    vertex 14.454206321881244 2.0000000000000058 23.8
    vertex 14.454206321881244 1.9999999999999953 26.349999999999998
  endloop
endfacet
facet normal -1.0 9.023892744153272e-16 2.9629192293896096e-30
  outer loop
    vertex 14.454206321881244 2.0000000000000058 23.8
    vertex 14.45420632188125 8.249999999999993 26.349999999999998
    vertex 14.45420632188125 8.250000000000005 23.8
  endloop
endfacet
facet normal -0.25682170063405513 -0.9664588010274581 1.3032111014482628e-15
  outer loop
    vertex 9.682531129999228 6.785593133223702 26.800000000000008
    vertex 9.404640781757832 6.859438259109329 26.66000000000001
    vertex 9.68253112999923 6.785593133223702 26.66000000000001
  endloop
endfacet
facet normal -0.25682170063405513 -0.9664588010274581 1.3032111014482628e-15
  outer loop
    vertex 9.404640781757832 6.859438259109329 26.66000000000001
    vertex 9.682531129999228 6.785593133223702 26.800000000000008
    vertex 9.404640781757834 6.859438259109329 26.800000000000008
  endloop
endfacet
facet normal 0.9798435652057561 -0.19976633281129555 -7.884458285448395e-15
  outer loop
    vertex 12.175033937122203 6.220718939777346 26.66000000000001
    vertex 11.98327976202099 5.28017459514172 26.800000000000008
    vertex 11.98327976202099 5.280174595141719 26.66000000000001
  endloop
endfacet
facet normal 0.9798435652057561 -0.19976633281129555 -7.884458285448395e-15
  outer loop
    vertex 11.98327976202099 5.28017459514172 26.800000000000008
    vertex 12.175033937122203 6.220718939777346 26.66000000000001
    vertex 12.175033937122206 6.220718939777347 26.800000000000008
  endloop
endfacet
facet normal 1.0 0.0 0.0
  outer loop
    vertex 11.98327976202099 5.280174595141719 26.66000000000001
    vertex 11.98327976202099 3.5182107160931353 26.800000000000008
    vertex 11.98327976202099 3.5182107160931353 26.66000000000001
  endloop
endfacet
facet normal 1.0 0.0 0.0
  outer loop
    vertex 11.98327976202099 3.5182107160931353 26.800000000000008
    vertex 11.98327976202099 5.280174595141719 26.66000000000001
    vertex 11.98327976202099 5.28017459514172 26.800000000000008
  endloop
endfacet
facet normal -1.0 0.0 0.0
  outer loop
    vertex 13.470580495826658 3.5182107160931353 26.8
    vertex 13.470580495826658 3.0000000000000178 26.66000000000001
    vertex 13.470580495826658 3.0000000000000178 26.8
  endloop
endfacet
facet normal -1.0 0.0 0.0
  outer loop
    vertex 13.470580495826658 3.0000000000000178 26.66000000000001
    vertex 13.470580495826658 3.5182107160931353 26.8
    vertex 13.470580495826658 3.5182107160931353 26.66000000000001
  endloop
endfacet
facet normal 1.3925760407643884e-15 1.0 -5.006369851569132e-15
  outer loop
    vertex 2.0000000000000107 1.9999999999999667 10.80000000000002
    vertex 15.500000000000016 1.9999999999999953 16.799999999999986
    vertex 15.500000000000016 1.9999999999999516 10.800000000000004
  endloop
endfacet
facet normal 1.3925760407643884e-15 1.0 -5.006369851569132e-15
  outer loop
    vertex 15.500000000000016 1.9999999999999953 16.799999999999986
    vertex 2.0000000000000107 1.9999999999999667 10.80000000000002
    vertex 2.0000000000000155 2.0000000000000187 16.800000000000004
  endloop
endfacet
facet normal 1.3925760407643884e-15 1.0 -5.006369851569132e-15
  outer loop
    vertex 15.500000000000016 1.9999999999999953 16.799999999999986
    vertex 2.0000000000000155 2.0000000000000187 16.800000000000004
    vertex 8.750000000000021 2.000000000000012 21.799999999999997
  endloop
endfacet
facet normal -1.0 2.255973186038325e-16 1.8128355959236434e-15
  outer loop
    vertex 15.500000000000028 2.0000000000000044 23.8
    vertex 15.500000000000016 8.250000000000005 16.79999999999998
    vertex 15.500000000000016 1.9999999999999953 16.799999999999986
  endloop
endfacet
facet normal -1.0 2.255973186038325e-16 1.8128355959236434e-15
  outer loop
    vertex 15.500000000000016 8.250000000000005 16.79999999999998
    vertex 15.500000000000028 2.0000000000000044 23.8
    vertex 15.500000000000034 8.250000000000005 23.8
  endloop
endfacet
facet normal -0.9193390001994584 -0.39346639337084477 9.873288315931744e-16
  outer loop
    vertex 10.285602952810462 6.336028434969654 26.800000000000008
    vertex 10.386659379935969 6.099908867345666 26.66000000000001
    vertex 10.38665937993597 6.099908867345666 26.800000000000008
  endloop
endfacet
facet normal -0.9193390001994584 -0.39346639337084477 9.873288315931744e-16
  outer loop
    vertex 10.386659379935969 6.099908867345666 26.66000000000001
    vertex 10.285602952810462 6.336028434969654 26.800000000000008
    vertex 10.285602952810462 6.336028434969653 26.66000000000001
  endloop
endfacet
facet normal 1.0 -9.869882688917648e-16 -9.819526144586403e-16
  outer loop
    vertex 2.0000000000000218 8.250000000000007 16.800000000000004
    vertex 2.000000000000022 2.000000000000019 23.80000000000001
    vertex 2.0000000000000155 2.0000000000000187 16.800000000000004
  endloop
endfacet
facet normal 1.0 -9.869882688917648e-16 -9.819526144586403e-16
  outer loop
    vertex 2.000000000000022 2.000000000000019 23.80000000000001
    vertex 2.0000000000000218 8.250000000000007 16.800000000000004
    vertex 2.000000000000029 8.25000000000002 23.80000000000001
  endloop
endfacet
facet normal 0.0 1.0 0.0
  outer loop
    vertex 7.811104281251759 3.0000000000000178 26.66000000000001
    vertex 8.72630685725306 3.0000000000000178 26.35
    vertex 7.826642299976455 3.0000000000000178 26.35
  endloop
endfacet
facet normal 0.0 1.0 0.0
  outer loop
    vertex 8.72630685725306 3.0000000000000178 26.35
    vertex 7.811104281251759 3.0000000000000178 26.66000000000001
    vertex 8.720572588437996 3.0000000000000178 26.66000000000001
  endloop
endfacet
facet normal 0.9994108046352909 0.0014981874731367529 0.03428992581701142
  outer loop
    vertex 7.8168385500668265 6.269942434210545 26.35
    vertex 7.811104281251759 3.0000000000000178 26.66000000000001
    vertex 7.826642299976455 3.0000000000000178 26.35
  endloop
endfacet
facet normal 0.9994108046352909 0.0014981874731367529 0.03428992581701142
  outer loop
    vertex 7.811104281251759 3.0000000000000178 26.66000000000001
    vertex 7.8168385500668265 6.269942434210545 26.35
    vertex 7.811104281251759 6.269942434210544 26.66000000000001
  endloop
endfacet
facet normal -2.696484537581609e-15 2.445848735577544e-30 -1.0
  outer loop
    vertex 14.45420632188125 8.250000000000005 23.8
    vertex 15.500000000000028 2.0000000000000044 23.8
    vertex 14.454206321881244 2.0000000000000058 23.8
  endloop
endfacet
facet normal -2.696484537581609e-15 2.445848735577544e-30 -1.0
  outer loop
    vertex 15.500000000000028 2.0000000000000044 23.8
    vertex 14.45420632188125 8.250000000000005 23.8
    vertex 15.500000000000034 8.250000000000005 23.8
  endloop
endfacet
facet normal 0.9847166648511049 0.17320885105109343 0.018214935686879073
  outer loop
    vertex 7.8168385500668265 6.269942434210545 26.35
    vertex 7.712657292385361 6.829627403846172 26.66000000000001
    vertex 7.811104281251759 6.269942434210544 26.66000000000001
  endloop
endfacet
facet normal 0.9847166648511049 0.17320885105109343 0.018214935686879073
  outer loop
    vertex 7.712657292385361 6.829627403846172 26.66000000000001
    vertex 7.8168385500668265 6.269942434210545 26.35
    vertex 7.718620016061481 6.828347129466643 26.34982385584053
  endloop
endfacet
facet normal 0.0 -1.0 0.0
  outer loop
    vertex 11.98327976202099 3.5182107160931353 26.66000000000001
    vertex 11.359388208467633 3.5182107160931353 26.35
    vertex 11.989014030836056 3.5182107160931353 26.35
  endloop
endfacet
facet normal 0.0 -1.0 0.0
  outer loop
    vertex 11.359388208467633 3.5182107160931353 26.35
    vertex 11.98327976202099 3.5182107160931353 26.66000000000001
    vertex 11.353653939652567 3.5182107160931353 26.66000000000001
  endloop
endfacet
facet normal -0.6610085340944627 0.7502787588020706 -0.012227098785637942
  outer loop
    vertex 11.369191958377266 5.326788651315807 26.66000000000001
    vertex 11.592577100168041 5.518542826417024 26.35
    vertex 11.380567174525977 5.331757131177101 26.34992071508771
  endloop
endfacet
facet normal -0.6610085340944627 0.7502787588020706 -0.012227098785637942
  outer loop
    vertex 11.592577100168041 5.518542826417024 26.35
    vertex 11.369191958377266 5.326788651315807 26.66000000000001
    vertex 11.586842831352975 5.518542826417021 26.66000000000001
  endloop
endfacet
facet normal -1.0 0.0 0.0
  outer loop
    vertex 14.50000000000003 14.650000000000007 26.8
    vertex 14.50000000000003 13.650000000000004 26.66
    vertex 14.50000000000003 13.650000000000004 26.8
  endloop
endfacet
facet normal -1.0 0.0 0.0
  outer loop
    vertex 14.50000000000003 13.650000000000004 26.66
    vertex 14.50000000000003 14.650000000000007 26.8
    vertex 14.50000000000003 14.649999999999995 26.66
  endloop
endfacet
facet normal 1.4374022125344508e-15 1.0 -4.0398211119463676e-15
  outer loop
    vertex 2.0000000000000178 9.249999999999966 10.80000000000002
    vertex 4.750000000000024 9.249999999999963 15.800000000000017
    vertex 4.750000000000019 9.249999999999963 10.800000000000015
  endloop
endfacet
facet normal 1.4374022125344508e-15 1.0 -4.0398211119463676e-15
  outer loop
    vertex 4.750000000000024 9.249999999999963 15.800000000000017
    vertex 2.0000000000000178 9.249999999999966 10.80000000000002
    vertex 2.000000000000024 9.25000000000002 16.800000000000008
  endloop
endfacet
facet normal 1.4374022125344508e-15 1.0 -4.0398211119463676e-15
  outer loop
    vertex 4.750000000000024 9.249999999999963 15.800000000000017
    vertex 2.000000000000024 9.25000000000002 16.800000000000008
    vertex 7.347408503730089 9.249999999999963 16.300000000000054
  endloop
endfacet
facet normal 1.4374022125344508e-15 1.0 -4.0398211119463676e-15
  outer loop
    vertex 7.347408503730089 9.249999999999963 16.300000000000054
    vertex 2.000000000000024 9.25000000000002 16.800000000000008
    vertex 15.500000000000023 9.24999999999999 16.799999999999994
  endloop
endfacet
facet normal 1.4374022125344508e-15 1.0 -4.0398211119463676e-15
  outer loop
    vertex 15.500000000000023 9.24999999999999 16.799999999999994
    vertex 2.000000000000024 9.25000000000002 16.800000000000008
    vertex 8.75000000000003 9.250000000000012 21.8
  endloop
endfacet
facet normal 1.4374022125344508e-15 1.0 -4.0398211119463676e-15
  outer loop
    vertex 12.750000000000016 9.249999999999956 10.80000000000001
    vertex 15.500000000000023 9.24999999999999 16.799999999999994
    vertex 15.500000000000023 9.249999999999952 10.800000000000004
  endloop
endfacet
facet normal 1.4374022125344508e-15 1.0 -4.0398211119463676e-15
  outer loop
    vertex 15.500000000000023 9.24999999999999 16.799999999999994
    vertex 12.750000000000016 9.249999999999956 10.80000000000001
    vertex 12.750000000000021 9.249999999999956 15.800000000000004
  endloop
endfacet
facet normal 1.4374022125344508e-15 1.0 -4.0398211119463676e-15
  outer loop
    vertex 15.500000000000023 9.24999999999999 16.799999999999994
    vertex 12.750000000000021 9.249999999999956 15.800000000000004
    vertex 10.152591496269952 9.249999999999957 15.800000000000011
  endloop
endfacet
facet normal 1.4374022125344508e-15 1.0 -4.0398211119463676e-15
  outer loop
    vertex 15.500000000000023 9.24999999999999 16.799999999999994
    vertex 10.152591496269952 9.249999999999957 15.800000000000011
    vertex 10.152591496269952 9.249999999999963 16.30000000000005
  endloop
endfacet
facet normal 1.4374022125344508e-15 1.0 -4.0398211119463676e-15
  outer loop
    vertex 15.500000000000023 9.24999999999999 16.799999999999994
    vertex 10.152591496269952 9.249999999999963 16.30000000000005
    vertex 7.347408503730089 9.249999999999963 16.300000000000054
  endloop
endfacet
facet normal 1.4374022125344508e-15 1.0 -4.0398211119463676e-15
  outer loop
    vertex 7.347408503730089 9.249999999999963 16.300000000000054
    vertex 7.347408503730091 9.249999999999963 15.800000000000011
    vertex 4.750000000000024 9.249999999999963 15.800000000000017
  endloop
endfacet
facet normal -9.808579069731818e-16 -1.6206951690273502e-31 -1.0
  outer loop
    vertex 14.500000000000025 10.049999999999995 26.38
    vertex 3.0000000000000244 9.250000000000007 26.38000000000001
    vertex 3.000000000000024 10.050000000000008 26.38000000000001
  endloop
endfacet
facet normal -9.808579069731818e-16 -1.6206951690273502e-31 -1.0
  outer loop
    vertex 3.0000000000000244 9.250000000000007 26.38000000000001
    vertex 14.500000000000025 10.049999999999995 26.38
    vertex 14.500000000000025 9.249999999999996 26.38
  endloop
endfacet
facet normal -0.9538952607689277 -0.2996205801970961 -0.01764481240860736
  outer loop
    vertex 6.249197335401557 6.951401189271272 26.66000000000001
    vertex 7.49607532891298 3.0000000000000187 26.35
    vertex 7.490341060097913 3.0000000000000178 26.66000000000001
  endloop
endfacet
facet normal -0.9538952607689277 -0.2996205801970961 -0.01764481240860736
  outer loop
    vertex 7.49607532891298 3.0000000000000187 26.35
    vertex 6.249197335401557 6.951401189271272 26.66000000000001
    vertex 6.254931604216625 6.951401189271272 26.35000000000001
  endloop
endfacet
facet normal -0.08917954705934586 -0.9960101149483591 -0.0032953462407347522
  outer loop
    vertex 9.404640781757832 6.859438259109329 26.66000000000001
    vertex 9.314144701589697 6.868950286225339 26.34981372859497
    vertex 9.40533788531846 6.860778870050857 26.349580706022554
  endloop
endfacet
facet normal -0.08917954705934586 -0.9960101149483591 -0.0032953462407347522
  outer loop
    vertex 9.314144701589697 6.868950286225339 26.34981372859497
    vertex 9.404640781757832 6.859438259109329 26.66000000000001
    vertex 8.795957729301534 6.914940040880068 26.34989309098415
  endloop
endfacet
facet normal -0.08917954705934586 -0.9960101149483591 -0.0032953462407347522
  outer loop
    vertex 8.795957729301534 6.914940040880068 26.34989309098415
    vertex 9.404640781757832 6.859438259109329 26.66000000000001
    vertex 8.787943539854998 6.915145812246982 26.66000000000001
  endloop
endfacet
facet normal -2.0801693959924013e-16 1.0 1.6951985302424723e-15
  outer loop
    vertex 4.147808797952164 3.0000000000000178 26.66000000000001
    vertex 5.010623512020995 3.0000000000000187 26.35
    vertex 4.1633468166768655 3.000000000000018 26.35
  endloop
endfacet
facet normal -2.0801693959924013e-16 1.0 1.6951985302424723e-15
  outer loop
    vertex 5.010623512020995 3.0000000000000187 26.35
    vertex 4.147808797952164 3.0000000000000178 26.66000000000001
    vertex 4.995085493296293 3.0000000000000178 26.66000000000001
  endloop
endfacet
facet normal 0.9793776796701291 -0.20097589399966348 0.020689383630020493
  outer loop
    vertex 12.18076820593727 6.220718939777347 26.35
    vertex 12.18334787302063 6.218549876094815 26.40469506550544
    vertex 11.989014030836056 5.280174595141719 26.35
  endloop
endfacet
facet normal 0.9793776796701291 -0.20097589399966348 0.020689383630020493
  outer loop
    vertex 11.989014030836056 5.280174595141719 26.35
    vertex 12.175033937122203 6.220718939777346 26.66000000000001
    vertex 11.98327976202099 5.280174595141719 26.66000000000001
  endloop
endfacet
facet normal 0.9793776796701291 -0.20097589399966348 0.020689383630020493
  outer loop
    vertex 12.175033937122203 6.220718939777346 26.66000000000001
    vertex 11.989014030836056 5.280174595141719 26.35
    vertex 12.18334787302063 6.218549876094815 26.40469506550544
  endloop
endfacet
facet normal -0.7651329217250588 0.6409280673707025 0.0615046709521448
  outer loop
    vertex 12.18076820593727 6.220718939777347 26.35
    vertex 11.592577100168041 5.518542826417024 26.35
    vertex 12.18334787302063 6.218549876094815 26.40469506550544
  endloop
endfacet
facet normal -0.8260165401333576 0.5634387425926716 -0.015279357699402763
  outer loop
    vertex 10.298571070219372 5.225751992661961 26.66000000000001
    vertex 10.156941267045575 5.009712250126539 26.35
    vertex 10.151206998230506 5.009712250126536 26.66000000000001
  endloop
endfacet
facet normal -0.8260165401333576 0.5634387425926716 -0.015279357699402763
  outer loop
    vertex 10.156941267045575 5.009712250126539 26.35
    vertex 10.298571070219372 5.225751992661961 26.66000000000001
    vertex 10.304305339034437 5.225751992661965 26.35
  endloop
endfacet
facet normal -0.5921197938450661 -0.8057755180447016 -0.010952819576223896
  outer loop
    vertex 10.133925823915511 6.526482833059226 26.35000000000001
    vertex 9.925441167638398 6.675472861842123 26.66000000000001
    vertex 9.931175436453467 6.675472861842123 26.35
  endloop
endfacet
facet normal -0.5921197938450661 -0.8057755180447016 -0.010952819576223896
  outer loop
    vertex 9.925441167638398 6.675472861842123 26.66000000000001
    vertex 10.133925823915511 6.526482833059226 26.35000000000001
    vertex 10.128191555100443 6.526482833059228 26.66000000000001
  endloop
endfacet
facet normal 0.0 1.0 0.0
  outer loop
    vertex 11.359388208467633 3.0000000000000178 26.35
    vertex 13.470580495826658 3.0000000000000178 26.66000000000001
    vertex 13.486118514551356 3.0000000000000178 26.349999999999998
  endloop
endfacet
facet normal 0.0 1.0 0.0
  outer loop
    vertex 13.470580495826658 3.0000000000000178 26.66000000000001
    vertex 11.359388208467633 3.0000000000000178 26.35
    vertex 11.353653939652567 3.0000000000000178 26.66000000000001
  endloop
endfacet
facet normal 0.9998289625231852 0.0 0.018494477549019662
  outer loop
    vertex 11.359388208467633 3.5182107160931353 26.35
    vertex 11.353653939652567 3.0000000000000178 26.66000000000001
    vertex 11.359388208467633 3.0000000000000178 26.35
  endloop
endfacet
facet normal 0.9998289625231852 0.0 0.018494477549019662
  outer loop
    vertex 11.353653939652567 3.0000000000000178 26.66000000000001
    vertex 11.359388208467633 3.5182107160931353 26.35
    vertex 11.353653939652567 3.5182107160931353 26.66000000000001
  endloop
endfacet
facet normal -0.28920146107060657 0.9572099954254074 -0.010561229678308045
  outer loop
    vertex 9.659225863134157 4.6900972372344345 26.34949915095747
    vertex 9.702514435835974 4.70441541840412 26.50403614101906
    vertex 9.697997787392765 4.701830293430632 26.348835164123265
  endloop
endfacet
facet normal -0.28920146107060657 0.9572099954254074 -0.010561229678308045
  outer loop
    vertex 9.702514435835974 4.70441541840412 26.50403614101906
    vertex 9.659225863134157 4.6900972372344345 26.34949915095747
    vertex 9.4207337297227 4.6194331983805865 26.35
  endloop
endfacet
facet normal -0.28920146107060657 0.9572099954254074 -0.010561229678308045
  outer loop
    vertex 9.702514435835974 4.70441541840412 26.50403614101906
    vertex 9.4207337297227 4.6194331983805865 26.35
    vertex 9.418053499960227 4.6186947539043866 26.50105487832179
  endloop
endfacet
facet normal -0.28920146107060657 0.9572099954254074 -0.010561229678308045
  outer loop
    vertex 9.702514435835974 4.70441541840412 26.50403614101906
    vertex 9.418053499960227 4.6186947539043866 26.50105487832179
    vertex 9.414999460907628 4.619433198380585 26.66000000000001
  endloop
endfacet
facet normal -0.28920146107060657 0.9572099954254074 -0.010561229678308045
  outer loop
    vertex 9.702514435835974 4.70441541840412 26.50403614101906
    vertex 9.414999460907628 4.619433198380585 26.66000000000001
    vertex 9.706179164222407 4.709137580655382 26.66000000000001
  endloop
endfacet
facet normal -1.0 1.3535839116229913e-15 1.208557063949095e-15
  outer loop
    vertex 15.500000000000034 9.250000000000005 23.8
    vertex 15.500000000000034 15.499999999999991 16.799999999999994
    vertex 15.500000000000023 9.24999999999999 16.799999999999994
  endloop
endfacet
facet normal -1.0 1.3535839116229913e-15 1.208557063949095e-15
  outer loop
    vertex 15.500000000000034 15.499999999999991 16.799999999999994
    vertex 15.500000000000034 9.250000000000005 23.8
    vertex 15.500000000000039 15.500000000000002 23.8
  endloop
endfacet
facet normal 1.226072383716487e-15 1.0 1.007130886624242e-14
  outer loop
    vertex 3.000000000000029 13.65000000000002 26.38000000000001
    vertex 14.50000000000003 13.650000000000004 26.66
    vertex 14.500000000000025 13.650000000000006 26.38
  endloop
endfacet
facet normal 1.226072383716487e-15 1.0 1.007130886624242e-14
  outer loop
    vertex 14.50000000000003 13.650000000000004 26.66
    vertex 3.000000000000029 13.65000000000002 26.38000000000001
    vertex 3.000000000000029 13.650000000000018 26.66000000000001
  endloop
endfacet
facet normal 1.0 -1.057487430955468e-15 -2.5178272165605643e-15
  outer loop
    vertex 3.0000000000000253 11.050000000000006 26.66000000000001
    vertex 3.000000000000025 10.050000000000018 26.80000000000001
    vertex 3.0000000000000244 10.050000000000018 26.66000000000001
  endloop
endfacet
facet normal 1.0 -1.057487430955468e-15 -2.5178272165605643e-15
  outer loop
    vertex 3.000000000000025 10.050000000000018 26.80000000000001
    vertex 3.0000000000000253 11.050000000000006 26.66000000000001
    vertex 3.0000000000000258 11.050000000000018 26.80000000000001
  endloop
endfacet
facet normal -3.9776952044362277e-16 1.0 1.129725461167157e-15
  outer loop
    vertex 6.609894281342131 3.0000000000000178 26.35000000000001
    vertex 7.490341060097913 3.0000000000000178 26.66000000000001
    vertex 7.49607532891298 3.0000000000000187 26.35
  endloop
endfacet
facet normal -3.9776952044362277e-16 1.0 1.129725461167157e-15
  outer loop
    vertex 7.490341060097913 3.0000000000000178 26.66000000000001
    vertex 6.609894281342131 3.0000000000000178 26.35000000000001
    vertex 6.604160012527064 3.0000000000000178 26.66000000000001
  endloop
endfacet
facet normal 0.026923147162277613 -0.9996370161392039 0.0009900056501956837
  outer loop
    vertex 8.787943539854998 6.915145812246982 26.66000000000001
    vertex 8.763102399958168 6.914059872973578 26.349953882845252
    vertex 8.795957729301534 6.914940040880068 26.34989309098415
  endloop
endfacet
facet normal 0.026923147162277613 -0.9996370161392039 0.0009900056501956837
  outer loop
    vertex 8.763102399958168 6.914059872973578 26.349953882845252
    vertex 8.787943539854998 6.915145812246982 26.66000000000001
    vertex 8.55659452805266 6.908661753542529 26.35000000000001
  endloop
endfacet
facet normal 0.026923147162277613 -0.9996370161392039 0.0009900056501956837
  outer loop
    vertex 8.55659452805266 6.908661753542529 26.35000000000001
    vertex 8.787943539854998 6.915145812246982 26.66000000000001
    vertex 8.55086025923759 6.908661753542527 26.66000000000001
  endloop
endfacet
facet normal -0.13452447367180023 -0.9908873545396678 -0.006739183682313424
  outer loop
    vertex 12.840915136514914 6.865922317813784 26.66000000000001
    vertex 12.21828551008434 6.952560838933117 26.34985976001676
    vertex 12.846652820444694 6.8672528248044475 26.349815375665866
  endloop
endfacet
facet normal -0.13452447367180023 -0.9908873545396678 -0.006739183682313424
  outer loop
    vertex 12.21828551008434 6.952560838933117 26.34985976001676
    vertex 12.840915136514914 6.865922317813784 26.66000000000001
    vertex 12.211289314146496 6.951401189271272 26.66000000000001
  endloop
endfacet
facet normal 0.9843667814407785 -0.17286901540506344 0.03373934066941022
  outer loop
    vertex 5.185089475248585 6.328543957401506 26.35000000000001
    vertex 5.269748638539208 6.871101657388682 26.66000000000001
    vertex 5.17909042750682 6.32695470647775 26.66000000000001
  endloop
endfacet
facet normal 0.9843667814407785 -0.17286901540506344 0.03373934066941022
  outer loop
    vertex 5.269748638539208 6.871101657388682 26.66000000000001
    vertex 5.185089475248585 6.328543957401506 26.35000000000001
    vertex 5.285422421817158 6.87191654074951 26.349998712323472
  endloop
endfacet
facet normal 0.7659539134939123 0.6417487497599739 0.0383815656907162
  outer loop
    vertex 11.380567174525977 5.331757131177101 26.34992071508771
    vertex 10.96757568813435 5.806134552125524 26.66000000000001
    vertex 11.369191958377266 5.326788651315807 26.66000000000001
  endloop
endfacet
facet normal 0.7659539134939123 0.6417487497599739 0.0383815656907162
  outer loop
    vertex 10.96757568813435 5.806134552125524 26.66000000000001
    vertex 11.380567174525977 5.331757131177101 26.34992071508771
    vertex 10.978844710728811 5.81122977845775 26.349916617713323
  endloop
endfacet
facet normal 1.0 -7.049916206369792e-16 2.122850331759994e-29
  outer loop
    vertex 3.000000000000029 13.650000000000018 26.66000000000001
    vertex 3.0000000000000293 14.650000000000018 26.80000000000001
    vertex 3.0000000000000284 13.650000000000015 26.80000000000001
  endloop
endfacet
facet normal 1.0 -7.049916206369792e-16 2.122850331759994e-29
  outer loop
    vertex 3.0000000000000293 14.650000000000018 26.80000000000001
    vertex 3.000000000000029 13.650000000000018 26.66000000000001
    vertex 3.000000000000029 14.650000000000007 26.66000000000001
  endloop
endfacet
facet normal -0.7707254001322438 -0.63700793314508 -0.01425660202244442
  outer loop
    vertex 10.128191555100443 6.526482833059228 26.66000000000001
    vertex 10.291337221625529 6.336028434969654 26.35000000000001
    vertex 10.285602952810462 6.336028434969653 26.66000000000001
  endloop
endfacet
facet normal -0.7707254001322438 -0.63700793314508 -0.01425660202244442
  outer loop
    vertex 10.291337221625529 6.336028434969654 26.35000000000001
    vertex 10.128191555100443 6.526482833059228 26.66000000000001
    vertex 10.133925823915511 6.526482833059226 26.35000000000001
  endloop
endfacet
facet normal -0.11902349957117518 0.9928829900956238 -0.004095671935585402
  outer loop
    vertex 8.720572588437996 4.536524228238884 26.66000000000001
    vertex 9.4207337297227 4.6194331983805865 26.35
    vertex 8.72631025836681 4.535354145602511 26.34981613257145
  endloop
endfacet
facet normal -0.11902349957117518 0.9928829900956238 -0.004095671935585402
  outer loop
    vertex 9.4207337297227 4.6194331983805865 26.35
    vertex 8.720572588437996 4.536524228238884 26.66000000000001
    vertex 9.418053499960227 4.6186947539043866 26.50105487832179
  endloop
endfacet
facet normal -0.11902349957117518 0.9928829900956238 -0.004095671935585402
  outer loop
    vertex 9.418053499960227 4.6186947539043866 26.50105487832179
    vertex 8.720572588437996 4.536524228238884 26.66000000000001
    vertex 9.414999460907628 4.619433198380585 26.66000000000001
  endloop
endfacet
facet normal 0.0012209201016300318 0.9999913487944364 -0.003976391629242958
  outer loop
    vertex 5.287896095523014 4.106401821862366 26.66000000000001
    vertex 6.310008199986981 4.103921612818027 26.35000000000001
    vertex 5.293630364338082 4.106401821862368 26.35000000000001
  endloop
endfacet
facet normal 0.0012209201016300318 0.9999913487944364 -0.003976391629242958
  outer loop
    vertex 6.310008199986981 4.103921612818027 26.35000000000001
    vertex 5.287896095523014 4.106401821862366 26.66000000000001
    vertex 6.303600169409654 4.106401821862366 26.66000000000001
  endloop
endfacet
facet normal -0.7665071644926981 0.642079227824201 -0.014178574612495042
  outer loop
    vertex 12.175033937122203 6.220718939777346 26.66000000000001
    vertex 11.592577100168041 5.518542826417024 26.35
    vertex 11.586842831352975 5.518542826417021 26.66000000000001
  endloop
endfacet
facet normal 0.6773396763928478 -0.7355637173435237 0.012529186398536962
  outer loop
    vertex 12.211289314146496 6.951401189271272 26.66000000000001
    vertex 10.978844710728811 5.81122977845775 26.349916617713323
    vertex 12.21828551008434 6.952560838933117 26.34985976001676
  endloop
endfacet
facet normal 0.6773396763928478 -0.7355637173435237 0.012529186398536962
  outer loop
    vertex 10.978844710728811 5.81122977845775 26.349916617713323
    vertex 12.211289314146496 6.951401189271272 26.66000000000001
    vertex 10.96757568813435 5.806134552125524 26.66000000000001
  endloop
endfacet
facet normal 0.0 -1.0 0.0
  outer loop
    vertex 13.476314764641721 3.5182107160931353 26.35
    vertex 12.840915136514914 3.5182107160931353 26.66000000000001
    vertex 12.856453155239612 3.5182107160931353 26.349999999999998
  endloop
endfacet
facet normal 0.0 -1.0 0.0
  outer loop
    vertex 12.840915136514914 3.5182107160931353 26.66000000000001
    vertex 13.476314764641721 3.5182107160931353 26.35
    vertex 13.470580495826658 3.5182107160931353 26.66000000000001
  endloop
endfacet
facet normal -0.9457476194540065 0.32443088131851766 -0.01749410026179483
  outer loop
    vertex 10.389901409288196 5.491988826859835 26.66000000000001
    vertex 10.304305339034437 5.225751992661965 26.35
    vertex 10.298571070219372 5.225751992661961 26.66000000000001
  endloop
endfacet
facet normal -0.9457476194540065 0.32443088131851766 -0.01749410026179483
  outer loop
    vertex 10.304305339034437 5.225751992661965 26.35
    vertex 10.389901409288196 5.491988826859835 26.66000000000001
    vertex 10.395635678103261 5.491988826859835 26.35
  endloop
endfacet
facet normal -0.7626955981273588 0.6460462618816014 -0.03032576637052635
  outer loop
    vertex 12.175033937122203 6.220718939777346 26.66000000000001
    vertex 12.18334787302063 6.218549876094815 26.40469506550544
    vertex 11.592577100168041 5.518542826417024 26.35
  endloop
endfacet
facet normal -1.0 0.0 0.0
  outer loop
    vertex 14.500000000000025 11.050000000000006 26.8
    vertex 14.500000000000025 10.050000000000008 26.66
    vertex 14.500000000000025 10.050000000000008 26.8
  endloop
endfacet
facet normal -1.0 0.0 0.0
  outer loop
    vertex 14.500000000000025 10.050000000000008 26.66
    vertex 14.500000000000025 11.050000000000006 26.8
    vertex 14.500000000000025 11.049999999999995 26.66
  endloop
endfacet
facet normal -0.9929668888366902 -0.1169589284792898 -0.018367545371135056
  outer loop
    vertex 10.386659379935969 6.099908867345666 26.66000000000001
    vertex 10.426079124459541 5.813923329959532 26.35
    vertex 10.420344855644473 5.813923329959532 26.66000000000001
  endloop
endfacet
facet normal -0.9929668888366902 -0.1169589284792898 -0.018367545371135056
  outer loop
    vertex 10.426079124459541 5.813923329959532 26.35
    vertex 10.386659379935969 6.099908867345666 26.66000000000001
    vertex 10.392393648751039 6.099908867345667 26.35
  endloop
endfacet
facet normal -0.4655038943991856 0.885004240436019 -0.008580134582673895
  outer loop
    vertex 9.702514435835974 4.70441541840412 26.50403614101906
    vertex 9.958396621929179 4.838369022014191 26.35
    vertex 9.697997787392765 4.701830293430632 26.348835164123265
  endloop
endfacet
facet normal -0.4655038943991856 0.885004240436019 -0.008580134582673895
  outer loop
    vertex 9.958396621929179 4.838369022014191 26.35
    vertex 9.702514435835974 4.70441541840412 26.50403614101906
    vertex 9.952662353114109 4.838369022014188 26.66000000000001
  endloop
endfacet
facet normal -0.4655038943991856 0.885004240436019 -0.008580134582673895
  outer loop
    vertex 9.952662353114109 4.838369022014188 26.66000000000001
    vertex 9.702514435835974 4.70441541840412 26.50403614101906
    vertex 9.706179164222407 4.709137580655382 26.66000000000001
  endloop
endfacet
facet normal 1.0 -1.0151879337172434e-15 -8.057047092993981e-16
  outer loop
    vertex 2.000000000000024 9.25000000000002 16.800000000000008
    vertex 2.000000000000036 15.500000000000016 23.80000000000001
    vertex 2.0000000000000293 9.250000000000018 23.80000000000001
  endloop
endfacet
facet normal 1.0 -1.0151879337172434e-15 -8.057047092993981e-16
  outer loop
    vertex 2.000000000000036 15.500000000000016 23.80000000000001
    vertex 2.000000000000024 9.25000000000002 16.800000000000008
    vertex 2.00000000000003 15.500000000000014 16.800000000000008
  endloop
endfacet
facet normal -1.4099832412739318e-15 -2.2559731860383e-16 -1.0
  outer loop
    vertex 14.50000000000003 15.500000000000005 23.8
    vertex 15.500000000000034 9.250000000000005 23.8
    vertex 14.500000000000018 9.250000000000005 23.8
  endloop
endfacet
facet normal -1.4099832412739318e-15 -2.2559731860383e-16 -1.0
  outer loop
    vertex 15.500000000000034 9.250000000000005 23.8
    vertex 14.50000000000003 15.500000000000005 23.8
    vertex 15.500000000000039 15.500000000000002 23.8
  endloop
endfacet
facet normal -9.808579069731816e-16 -1.0 7.428186191374988e-30
  outer loop
    vertex 14.50000000000003 12.850000000000005 26.66
    vertex 3.000000000000028 12.850000000000016 26.38000000000001
    vertex 14.500000000000025 12.850000000000005 26.38
  endloop
endfacet
facet normal -9.808579069731816e-16 -1.0 7.428186191374988e-30
  outer loop
    vertex 3.000000000000028 12.850000000000016 26.38000000000001
    vertex 14.50000000000003 12.850000000000005 26.66
    vertex 3.000000000000028 12.850000000000016 26.66000000000001
  endloop
endfacet
facet normal -0.9192060969551363 -0.3934095123289245 -0.017003144698031946
  outer loop
    vertex 10.285602952810462 6.336028434969653 26.66000000000001
    vertex 10.392393648751039 6.099908867345667 26.35
    vertex 10.386659379935969 6.099908867345666 26.66000000000001
  endloop
endfacet
facet normal -0.9192060969551363 -0.3934095123289245 -0.017003144698031946
  outer loop
    vertex 10.392393648751039 6.099908867345667 26.35
    vertex 10.285602952810462 6.336028434969653 26.66000000000001
    vertex 10.291337221625529 6.336028434969654 26.35000000000001
  endloop
endfacet
facet normal -0.9998289625231852 7.006079167812257e-16 -0.018494477549023138
  outer loop
    vertex 8.720572588437996 4.536524228238884 26.66000000000001
    vertex 8.72630685725306 3.0000000000000178 26.35
    vertex 8.720572588437996 3.0000000000000178 26.66000000000001
  endloop
endfacet
facet normal -0.9998289625231852 7.006079167812257e-16 -0.018494477549023138
  outer loop
    vertex 8.72630685725306 3.0000000000000178 26.35
    vertex 8.720572588437996 4.536524228238884 26.66000000000001
    vertex 8.72631025836681 4.535354145602511 26.34981613257145
  endloop
endfacet
facet normal 0.964872241725448 0.2621125922526042 0.01784786066532322
  outer loop
    vertex 6.310008199986981 4.103921612818027 26.35000000000001
    vertex 6.604160012527064 3.0000000000000178 26.66000000000001
    vertex 6.609894281342131 3.0000000000000178 26.35000000000001
  endloop
endfacet
facet normal 0.964872241725448 0.2621125922526042 0.01784786066532322
  outer loop
    vertex 6.604160012527064 3.0000000000000178 26.66000000000001
    vertex 6.310008199986981 4.103921612818027 26.35000000000001
    vertex 6.303600169409654 4.106401821862366 26.66000000000001
  endloop
endfacet
facet normal -0.6532944241475104 0.7570075049236241 -0.012084405946600428
  outer loop
    vertex 9.952662353114109 4.838369022014188 26.66000000000001
    vertex 10.156941267045575 5.009712250126539 26.35
    vertex 9.958396621929179 4.838369022014191 26.35
  endloop
endfacet
facet normal -0.6532944241475104 0.7570075049236241 -0.012084405946600428
  outer loop
    vertex 10.156941267045575 5.009712250126539 26.35
    vertex 9.952662353114109 4.838369022014188 26.66000000000001
    vertex 10.151206998230506 5.009712250126536 26.66000000000001
  endloop
endfacet
facet normal 0.9550675281632081 -0.29460971204413244 0.03242120012419525
  outer loop
    vertex 4.1633468166768655 3.000000000000018 26.35
    vertex 5.17909042750682 6.32695470647775 26.66000000000001
    vertex 4.147808797952164 3.0000000000000178 26.66000000000001
  endloop
endfacet
facet normal 0.9550675281632081 -0.29460971204413244 0.03242120012419525
  outer loop
    vertex 5.17909042750682 6.32695470647775 26.66000000000001
    vertex 4.1633468166768655 3.000000000000018 26.35
    vertex 5.185089475248585 6.328543957401506 26.35000000000001
  endloop
endfacet
facet normal -9.808579069731818e-16 -1.0 7.42818619137477e-30
  outer loop
    vertex 14.50000000000003 14.649999999999995 26.66
    vertex 3.000000000000029 14.650000000000007 26.38000000000001
    vertex 14.500000000000025 14.649999999999995 26.38
  endloop
endfacet
facet normal -9.808579069731818e-16 -1.0 7.42818619137477e-30
  outer loop
    vertex 3.000000000000029 14.650000000000007 26.38000000000001
    vertex 14.50000000000003 14.649999999999995 26.66
    vertex 3.000000000000029 14.650000000000007 26.66000000000001
  endloop
endfacet
facet normal -0.25523331735593346 -0.9668643861198577 -0.005404864897131216
  outer loop
    vertex 9.6882653988143 6.785593133223702 26.35
    vertex 9.404640781757832 6.859438259109329 26.66000000000001
    vertex 9.40533788531846 6.860778870050857 26.349580706022554
  endloop
endfacet
facet normal -0.25523331735593346 -0.9668643861198577 -0.005404864897131216
  outer loop
    vertex 9.404640781757832 6.859438259109329 26.66000000000001
    vertex 9.6882653988143 6.785593133223702 26.35
    vertex 9.68709968234413 6.786992334060288 26.436742156920268
  endloop
endfacet
facet normal -0.25523331735593346 -0.9668643861198577 -0.005404864897131216
  outer loop
    vertex 9.404640781757832 6.859438259109329 26.66000000000001
    vertex 9.68709968234413 6.786992334060288 26.436742156920268
    vertex 9.68253112999923 6.785593133223702 26.66000000000001
  endloop
endfacet
facet normal -1.1613260982315474e-15 -1.0 2.849992605916732e-16
  outer loop
    vertex 15.500000000000039 15.500000000000002 23.8
    vertex 8.750000000000036 15.50000000000001 21.8
    vertex 15.500000000000034 15.499999999999991 16.799999999999994
  endloop
endfacet
facet normal -1.1613260982315474e-15 -1.0 2.849992605916732e-16
  outer loop
    vertex 14.50000000000003 15.499999999999995 26.38
    vertex 3.000000000000027 15.500000000000016 23.80000000000001
    vertex 14.50000000000003 15.500000000000005 23.8
  endloop
endfacet
facet normal -1.1613260982315474e-15 -1.0 2.849992605916732e-16
  outer loop
    vertex 3.000000000000027 15.500000000000016 23.80000000000001
    vertex 14.50000000000003 15.499999999999995 26.38
    vertex 3.0000000000000306 15.500000000000005 26.38000000000001
  endloop
endfacet
facet normal -1.1613260982315474e-15 -1.0 2.849992605916732e-16
  outer loop
    vertex 8.750000000000036 15.50000000000001 21.8
    vertex 2.000000000000036 15.500000000000016 23.80000000000001
    vertex 2.00000000000003 15.500000000000014 16.800000000000008
  endloop
endfacet
facet normal -1.1613260982315474e-15 -1.0 2.849992605916732e-16
  outer loop
    vertex 2.000000000000036 15.500000000000016 23.80000000000001
    vertex 8.750000000000036 15.50000000000001 21.8
    vertex 14.50000000000003 15.500000000000005 23.8
  endloop
endfacet
facet normal -1.1613260982315474e-15 -1.0 2.849992605916732e-16
  outer loop
    vertex 14.50000000000003 15.500000000000005 23.8
    vertex 8.750000000000036 15.50000000000001 21.8
    vertex 15.500000000000039 15.500000000000002 23.8
  endloop
endfacet
facet normal -1.1613260982315474e-15 -1.0 2.849992605916732e-16
  outer loop
    vertex 2.000000000000036 15.500000000000016 23.80000000000001
    vertex 14.50000000000003 15.500000000000005 23.8
    vertex 3.000000000000027 15.500000000000016 23.80000000000001
  endloop
endfacet
facet normal -9.808579069731818e-16 1.634200962102418e-30 -1.0
  outer loop
    vertex 3.0000000000000258 11.850000000000007 26.38000000000001
    vertex 14.500000000000025 11.049999999999995 26.38
    vertex 3.0000000000000253 11.050000000000006 26.38000000000001
  endloop
endfacet
facet normal -9.808579069731818e-16 1.634200962102418e-30 -1.0
  outer loop
    vertex 14.500000000000025 11.049999999999995 26.38
    vertex 3.0000000000000258 11.850000000000007 26.38000000000001
    vertex 14.500000000000025 11.850000000000007 26.38
  endloop
endfacet
facet normal 0.9998289625231852 -7.892530134591712e-20 0.01849447754901966
  outer loop
    vertex 11.989014030836056 5.280174595141719 26.35
    vertex 11.98327976202099 3.5182107160931353 26.66000000000001
    vertex 11.989014030836056 3.5182107160931353 26.35
  endloop
endfacet
facet normal 0.9998289625231852 -7.892530134591712e-20 0.01849447754901966
  outer loop
    vertex 11.98327976202099 3.5182107160931353 26.66000000000001
    vertex 11.989014030836056 5.280174595141719 26.35
    vertex 11.98327976202099 5.280174595141719 26.66000000000001
  endloop
endfacet
facet normal 0.0817101795325037 -0.9966549864887951 0.0015114455947308376
  outer loop
    vertex 6.254931604216625 6.951401189271272 26.35000000000001
    vertex 5.269748638539208 6.871101657388682 26.66000000000001
    vertex 5.285422421817158 6.87191654074951 26.349998712323472
  endloop
endfacet
facet normal 0.0817101795325037 -0.9966549864887951 0.0015114455947308376
  outer loop
    vertex 5.269748638539208 6.871101657388682 26.66000000000001
    vertex 6.254931604216625 6.951401189271272 26.35000000000001
    vertex 6.249197335401557 6.951401189271272 26.66000000000001
  endloop
endfacet
facet normal -0.967237398339582 0.251695254674285 -0.03318605170434973
  outer loop
    vertex 5.287896095523014 4.106401821862366 26.66000000000001
    vertex 5.010623512020995 3.0000000000000187 26.35
    vertex 4.995085493296293 3.0000000000000178 26.66000000000001
  endloop
endfacet
facet normal -0.967237398339582 0.251695254674285 -0.03318605170434973
  outer loop
    vertex 5.010623512020995 3.0000000000000187 26.35
    vertex 5.287896095523014 4.106401821862366 26.66000000000001
    vertex 5.293630364338082 4.106401821862368 26.35000000000001
  endloop
endfacet
facet normal -0.4144758145585477 -0.9100221601591899 -0.00833469646900356
  outer loop
    vertex 9.925441167638398 6.675472861842123 26.66000000000001
    vertex 9.6882653988143 6.785593133223702 26.35
    vertex 9.931175436453467 6.675472861842123 26.35
  endloop
endfacet
facet normal -0.4144758145585477 -0.9100221601591899 -0.00833469646900356
  outer loop
    vertex 9.6882653988143 6.785593133223702 26.35
    vertex 9.925441167638398 6.675472861842123 26.66000000000001
    vertex 9.68709968234413 6.786992334060288 26.436742156920268
  endloop
endfacet
facet normal -0.4144758145585477 -0.9100221601591899 -0.00833469646900356
  outer loop
    vertex 9.68709968234413 6.786992334060288 26.436742156920268
    vertex 9.925441167638398 6.675472861842123 26.66000000000001
    vertex 9.68253112999923 6.785593133223702 26.66000000000001
  endloop
endfacet
facet normal -0.9953898120368605 0.09412814114225453 -0.0184123637354764
  outer loop
    vertex 10.420344855644473 5.813923329959532 26.66000000000001
    vertex 10.395635678103261 5.491988826859835 26.35
    vertex 10.389901409288196 5.491988826859835 26.66000000000001
  endloop
endfacet
facet normal -0.9953898120368605 0.09412814114225453 -0.0184123637354764
  outer loop
    vertex 10.395635678103261 5.491988826859835 26.35
    vertex 10.420344855644473 5.813923329959532 26.66000000000001
    vertex 10.426079124459541 5.813923329959532 26.35
  endloop
endfacet
facet normal -9.808579069731816e-16 -1.0 7.428186191374988e-30
  outer loop
    vertex 14.500000000000025 11.049999999999995 26.66
    vertex 3.0000000000000253 11.050000000000006 26.38000000000001
    vertex 14.500000000000025 11.049999999999995 26.38
  endloop
endfacet
facet normal -9.808579069731816e-16 -1.0 7.428186191374988e-30
  outer loop
    vertex 3.0000000000000253 11.050000000000006 26.38000000000001
    vertex 14.500000000000025 11.049999999999995 26.66
    vertex 3.0000000000000253 11.050000000000006 26.66000000000001
  endloop
endfacet
facet normal 9.808579069731422e-16 1.0 -4.028523546496973e-14
  outer loop
    vertex 3.000000000000024 10.050000000000008 26.38000000000001
    vertex 14.500000000000025 10.050000000000008 26.66
    vertex 14.500000000000025 10.049999999999995 26.38
  endloop
endfacet
facet normal 9.808579069731422e-16 1.0 -4.028523546496973e-14
  outer loop
    vertex 14.500000000000025 10.050000000000008 26.66
    vertex 3.000000000000024 10.050000000000008 26.38000000000001
    vertex 3.0000000000000244 10.050000000000018 26.66000000000001
  endloop
endfacet
facet normal -0.9994110702441221 -0.0014638195427935448 -0.03428366820870656
  outer loop
    vertex 12.840915136514914 6.865922317813784 26.66000000000001
    vertex 12.856453155239612 3.5182107160931353 26.349999999999998
    vertex 12.840915136514914 3.5182107160931353 26.66000000000001
  endloop
endfacet
facet normal -0.9994110702441221 -0.0014638195427935448 -0.03428366820870656
  outer loop
    vertex 12.856453155239612 3.5182107160931353 26.349999999999998
    vertex 12.840915136514914 6.865922317813784 26.66000000000001
    vertex 12.846652820444694 6.8672528248044475 26.349815375665866
  endloop
endfacet
facet normal 4.90428953486571e-16 1.0 -2.014261773248486e-14
  outer loop
    vertex 3.0000000000000258 11.850000000000007 26.38000000000001
    vertex 14.500000000000025 11.850000000000007 26.66
    vertex 14.500000000000025 11.850000000000007 26.38
  endloop
endfacet
facet normal 4.90428953486571e-16 1.0 -2.014261773248486e-14
  outer loop
    vertex 14.500000000000025 11.850000000000007 26.66
    vertex 3.0000000000000258 11.850000000000007 26.38000000000001
    vertex 3.000000000000027 11.850000000000017 26.66000000000001
  endloop
endfacet
facet normal -1.4099832412739613e-15 -2.255973186038304e-16 -1.0
  outer loop
    vertex 2.000000000000036 15.500000000000016 23.80000000000001
    vertex 3.0000000000000204 9.250000000000018 23.80000000000001
    vertex 2.0000000000000293 9.250000000000018 23.80000000000001
  endloop
endfacet
facet normal -1.4099832412739613e-15 -2.255973186038304e-16 -1.0
  outer loop
    vertex 3.0000000000000204 9.250000000000018 23.80000000000001
    vertex 2.000000000000036 15.500000000000016 23.80000000000001
    vertex 3.000000000000027 15.500000000000016 23.80000000000001
  endloop
endfacet
facet normal -0.999367269607203 -0.009453246020235569 -0.03428843212404389
  outer loop
    vertex 13.470580495826658 3.5182107160931353 26.66000000000001
    vertex 13.486118514551356 3.0000000000000178 26.349999999999998
    vertex 13.470580495826658 3.0000000000000178 26.66000000000001
  endloop
endfacet
facet normal -0.999367269607203 -0.009453246020235569 -0.03428843212404389
  outer loop
    vertex 13.486118514551356 3.0000000000000178 26.349999999999998
    vertex 13.470580495826658 3.5182107160931353 26.66000000000001
    vertex 13.476314764641721 3.5182107160931353 26.35
  endloop
endfacet
facet normal 1.282644853309963e-15 1.0 -2.094645517555004e-16
  outer loop
    vertex 2.0000000000000293 9.250000000000018 23.80000000000001
    vertex 8.75000000000003 9.250000000000012 21.8
    vertex 2.000000000000024 9.25000000000002 16.800000000000008
  endloop
endfacet
facet normal 1.282644853309963e-15 1.0 -2.094645517555004e-16
  outer loop
    vertex 8.75000000000003 9.250000000000012 21.8
    vertex 2.0000000000000293 9.250000000000018 23.80000000000001
    vertex 14.500000000000018 9.250000000000005 23.8
  endloop
endfacet
facet normal 1.282644853309963e-15 1.0 -2.094645517555004e-16
  outer loop
    vertex 14.500000000000018 9.250000000000005 23.8
    vertex 2.0000000000000293 9.250000000000018 23.80000000000001
    vertex 3.0000000000000204 9.250000000000018 23.80000000000001
  endloop
endfacet
facet normal 1.282644853309963e-15 1.0 -2.094645517555004e-16
  outer loop
    vertex 14.500000000000018 9.250000000000005 23.8
    vertex 3.0000000000000204 9.250000000000018 23.80000000000001
    vertex 14.500000000000025 9.249999999999996 26.38
  endloop
endfacet
facet normal 1.282644853309963e-15 1.0 -2.094645517555004e-16
  outer loop
    vertex 14.500000000000025 9.249999999999996 26.38
    vertex 3.0000000000000204 9.250000000000018 23.80000000000001
    vertex 3.0000000000000244 9.250000000000007 26.38000000000001
  endloop
endfacet
facet normal 1.282644853309963e-15 1.0 -2.094645517555004e-16
  outer loop
    vertex 8.75000000000003 9.250000000000012 21.8
    vertex 15.500000000000034 9.250000000000005 23.8
    vertex 15.500000000000023 9.24999999999999 16.799999999999994
  endloop
endfacet
facet normal 1.282644853309963e-15 1.0 -2.094645517555004e-16
  outer loop
    vertex 15.500000000000034 9.250000000000005 23.8
    vertex 8.75000000000003 9.250000000000012 21.8
    vertex 14.500000000000018 9.250000000000005 23.8
  endloop
endfacet
facet normal 0.7071067811865467 -0.7071067811865483 3.270266087237091e-15
  outer loop
    vertex 12.500000000000016 1.0000000000000075 17.300000000000004
    vertex 11.500000000000009 -4.4726219882687246e-14 10.80000000000001
    vertex 12.50000000000001 0.9999999999999545 10.80000000000001
  endloop
endfacet
facet normal 0.7071067811865467 -0.7071067811865483 3.270266087237091e-15
  outer loop
    vertex 11.500000000000009 -4.4726219882687246e-14 10.80000000000001
    vertex 12.500000000000016 1.0000000000000075 17.300000000000004
    vertex 11.500000000000012 7.722328988737628e-15 17.300000000000004
  endloop
endfacet
facet normal -1.0 9.504471603880598e-16 7.377247198203419e-16
  outer loop
    vertex 14.50000000000003 12.850000000000005 26.66
    vertex 14.500000000000025 11.850000000000007 26.38
    vertex 14.500000000000025 11.850000000000007 26.66
  endloop
endfacet
facet normal -1.0 9.504471603880598e-16 7.377247198203419e-16
  outer loop
    vertex 14.50000000000003 14.649999999999995 26.66
    vertex 14.500000000000025 13.650000000000006 26.38
    vertex 14.50000000000003 13.650000000000004 26.66
  endloop
endfacet
facet normal -1.0 9.504471603880598e-16 7.377247198203419e-16
  outer loop
    vertex 14.500000000000025 10.049999999999995 26.38
    vertex 14.500000000000018 9.250000000000005 23.8
    vertex 14.500000000000025 9.249999999999996 26.38
  endloop
endfacet
facet normal -1.0 9.504471603880598e-16 7.377247198203419e-16
  outer loop
    vertex 14.500000000000018 9.250000000000005 23.8
    vertex 14.500000000000025 10.049999999999995 26.38
    vertex 14.50000000000003 15.500000000000005 23.8
  endloop
endfacet
facet normal -1.0 9.504471603880598e-16 7.377247198203419e-16
  outer loop
    vertex 14.50000000000003 15.500000000000005 23.8
    vertex 14.500000000000025 10.049999999999995 26.38
    vertex 14.500000000000025 10.050000000000008 26.66
  endloop
endfacet
facet normal -1.0 9.504471603880598e-16 7.377247198203419e-16
  outer loop
    vertex 14.50000000000003 15.500000000000005 23.8
    vertex 14.500000000000025 10.050000000000008 26.66
    vertex 14.500000000000025 11.049999999999995 26.38
  endloop
endfacet
facet normal -1.0 9.504471603880598e-16 7.377247198203419e-16
  outer loop
    vertex 14.500000000000025 11.049999999999995 26.38
    vertex 14.500000000000025 10.050000000000008 26.66
    vertex 14.500000000000025 11.049999999999995 26.66
  endloop
endfacet
facet normal -1.0 9.504471603880598e-16 7.377247198203419e-16
  outer loop
    vertex 14.50000000000003 15.500000000000005 23.8
    vertex 14.500000000000025 11.049999999999995 26.38
    vertex 14.500000000000025 11.850000000000007 26.38
  endloop
endfacet
facet normal -1.0 9.504471603880598e-16 7.377247198203419e-16
  outer loop
    vertex 14.50000000000003 15.500000000000005 23.8
    vertex 14.500000000000025 11.850000000000007 26.38
    vertex 14.500000000000025 12.850000000000005 26.38
  endloop
endfacet
facet normal -1.0 9.504471603880598e-16 7.377247198203419e-16
  outer loop
    vertex 14.500000000000025 12.850000000000005 26.38
    vertex 14.500000000000025 11.850000000000007 26.38
    vertex 14.50000000000003 12.850000000000005 26.66
  endloop
endfacet
facet normal -1.0 9.504471603880598e-16 7.377247198203419e-16
  outer loop
    vertex 14.50000000000003 15.500000000000005 23.8
    vertex 14.500000000000025 12.850000000000005 26.38
    vertex 14.500000000000025 13.650000000000006 26.38
  endloop
endfacet
facet normal -1.0 9.504471603880598e-16 7.377247198203419e-16
  outer loop
    vertex 14.50000000000003 15.500000000000005 23.8
    vertex 14.500000000000025 13.650000000000006 26.38
    vertex 14.500000000000025 14.649999999999995 26.38
  endloop
endfacet
facet normal -1.0 9.504471603880598e-16 7.377247198203419e-16
  outer loop
    vertex 14.500000000000025 14.649999999999995 26.38
    vertex 14.500000000000025 13.650000000000006 26.38
    vertex 14.50000000000003 14.649999999999995 26.66
  endloop
endfacet
facet normal -1.0 9.504471603880598e-16 7.377247198203419e-16
  outer loop
    vertex 14.50000000000003 15.500000000000005 23.8
    vertex 14.500000000000025 14.649999999999995 26.38
    vertex 14.50000000000003 15.499999999999995 26.38
  endloop
endfacet
facet normal 1.5774002121820113e-15 1.0 -3.5865208944554726e-15
  outer loop
    vertex 3.000000000000034 16.500000000000018 17.30000000000001
    vertex 5.000000000000029 16.49999999999996 10.800000000000015
    vertex 3.000000000000029 16.499999999999964 10.800000000000015
  endloop
endfacet
facet normal 1.5774002121820113e-15 1.0 -3.5865208944554726e-15
  outer loop
    vertex 5.000000000000029 16.49999999999996 10.800000000000015
    vertex 3.000000000000034 16.500000000000018 17.30000000000001
    vertex 5.000000000000034 16.500000000000014 17.30000000000001
  endloop
endfacet
facet normal 1.5774002121820113e-15 1.0 -3.5865208944554726e-15
  outer loop
    vertex 5.000000000000034 16.500000000000014 17.30000000000001
    vertex 3.000000000000034 16.500000000000018 17.30000000000001
    vertex 1.0000000000000322 16.500000000000018 17.300000000000015
  endloop
endfacet
facet normal 1.5774002121820113e-15 1.0 -3.5865208944554726e-15
  outer loop
    vertex 12.500000000000027 16.499999999999957 10.80000000000001
    vertex 14.50000000000003 16.500000000000007 17.3
    vertex 14.500000000000025 16.499999999999954 10.800000000000004
  endloop
endfacet
facet normal 1.5774002121820113e-15 1.0 -3.5865208944554726e-15
  outer loop
    vertex 14.50000000000003 16.500000000000007 17.3
    vertex 12.500000000000027 16.499999999999957 10.80000000000001
    vertex 12.50000000000003 16.500000000000007 17.3
  endloop
endfacet
facet normal 1.5774002121820113e-15 1.0 -3.5865208944554726e-15
  outer loop
    vertex 14.50000000000003 16.500000000000007 17.3
    vertex 12.50000000000003 16.500000000000007 17.3
    vertex 16.500000000000032 16.500000000000004 17.3
  endloop
endfacet
facet normal 1.5774002121820113e-15 1.0 -3.5865208944554726e-15
  outer loop
    vertex 16.500000000000032 16.500000000000004 17.3
    vertex 12.50000000000003 16.500000000000007 17.3
    vertex 16.500000000000032 16.500000000000004 26.8
  endloop
endfacet
facet normal 1.5774002121820113e-15 1.0 -3.5865208944554726e-15
  outer loop
    vertex 16.500000000000032 16.500000000000004 26.8
    vertex 12.50000000000003 16.500000000000007 17.3
    vertex 5.000000000000034 16.500000000000014 17.30000000000001
  endloop
endfacet
facet normal 1.5774002121820113e-15 1.0 -3.5865208944554726e-15
  outer loop
    vertex 16.500000000000032 16.500000000000004 26.8
    vertex 5.000000000000034 16.500000000000014 17.30000000000001
    vertex 1.0000000000000322 16.500000000000018 17.300000000000015
  endloop
endfacet
facet normal 1.5774002121820113e-15 1.0 -3.5865208944554726e-15
  outer loop
    vertex 16.500000000000032 16.500000000000004 26.8
    vertex 1.0000000000000322 16.500000000000018 17.300000000000015
    vertex 1.0000000000000333 16.50000000000002 26.80000000000002
  endloop
endfacet
facet normal -9.808579069731818e-16 -1.8232820651558576e-31 -1.0
  outer loop
    vertex 3.000000000000029 13.65000000000002 26.38000000000001
    vertex 14.500000000000025 12.850000000000005 26.38
    vertex 3.000000000000028 12.850000000000016 26.38000000000001
  endloop
endfacet
facet normal -9.808579069731818e-16 -1.8232820651558576e-31 -1.0
  outer loop
    vertex 14.500000000000025 12.850000000000005 26.38
    vertex 3.000000000000029 13.65000000000002 26.38000000000001
    vertex 14.500000000000025 13.650000000000006 26.38
  endloop
endfacet
facet normal -1.2143898744266188e-15 -1.0 3.590294962054082e-15
  outer loop
    vertex 16.500000000000014 1.0000000000000044 26.8
    vertex 14.500000000000012 1.0000000000000056 17.3
    vertex 16.500000000000014 1.0000000000000036 17.3
  endloop
endfacet
facet normal -1.2143898744266188e-15 -1.0 3.590294962054082e-15
  outer loop
    vertex 14.500000000000012 1.0000000000000056 17.3
    vertex 16.500000000000014 1.0000000000000044 26.8
    vertex 12.500000000000016 1.0000000000000075 17.300000000000004
  endloop
endfacet
facet normal -1.2143898744266188e-15 -1.0 3.590294962054082e-15
  outer loop
    vertex 12.500000000000016 1.0000000000000075 17.300000000000004
    vertex 16.500000000000014 1.0000000000000044 26.8
    vertex 5.000000000000019 1.000000000000015 17.30000000000001
  endloop
endfacet
facet normal -1.2143898744266188e-15 -1.0 3.590294962054082e-15
  outer loop
    vertex 5.000000000000019 1.000000000000015 17.30000000000001
    vertex 16.500000000000014 1.0000000000000044 26.8
    vertex 3.0000000000000187 1.000000000000017 17.300000000000015
  endloop
endfacet
facet normal -1.2143898744266188e-15 -1.0 3.590294962054082e-15
  outer loop
    vertex 3.0000000000000187 1.000000000000017 17.300000000000015
    vertex 16.500000000000014 1.0000000000000044 26.8
    vertex 1.0000000000000167 1.000000000000019 17.300000000000015
  endloop
endfacet
facet normal -1.2143898744266188e-15 -1.0 3.590294962054082e-15
  outer loop
    vertex 1.0000000000000167 1.000000000000019 17.300000000000015
    vertex 16.500000000000014 1.0000000000000044 26.8
    vertex 1.0000000000000178 1.0000000000000198 26.80000000000002
  endloop
endfacet
facet normal -1.2143898744266188e-15 -1.0 3.590294962054082e-15
  outer loop
    vertex 5.000000000000019 1.000000000000015 17.30000000000001
    vertex 3.0000000000000133 0.999999999999965 10.800000000000015
    vertex 5.000000000000013 0.9999999999999631 10.800000000000015
  endloop
endfacet
facet normal -1.2143898744266188e-15 -1.0 3.590294962054082e-15
  outer loop
    vertex 3.0000000000000133 0.999999999999965 10.800000000000015
    vertex 5.000000000000019 1.000000000000015 17.30000000000001
    vertex 3.000000000000019 0.9999999999999654 16.30000000000005
  endloop
endfacet
facet normal -1.2143898744266188e-15 -1.0 3.590294962054082e-15
  outer loop
    vertex 3.000000000000019 0.9999999999999654 16.30000000000005
    vertex 5.000000000000019 1.000000000000015 17.30000000000001
    vertex 3.000000000000018 1.000000000000017 16.800000000000015
  endloop
endfacet
facet normal -1.2143898744266188e-15 -1.0 3.590294962054082e-15
  outer loop
    vertex 3.000000000000018 1.000000000000017 16.800000000000015
    vertex 5.000000000000019 1.000000000000015 17.30000000000001
    vertex 3.0000000000000187 1.000000000000017 17.300000000000015
  endloop
endfacet
facet normal -1.2143898744266188e-15 -1.0 3.590294962054082e-15
  outer loop
    vertex 14.500000000000012 1.0000000000000056 17.3
    vertex 12.50000000000001 0.9999999999999545 10.80000000000001
    vertex 14.500000000000007 0.9999999999999524 10.800000000000004
  endloop
endfacet
facet normal -1.2143898744266188e-15 -1.0 3.590294962054082e-15
  outer loop
    vertex 12.50000000000001 0.9999999999999545 10.80000000000001
    vertex 14.500000000000012 1.0000000000000056 17.3
    vertex 12.500000000000016 1.0000000000000075 17.300000000000004
  endloop
endfacet
facet normal -0.7071067811865488 -0.7071067811865464 5.077770403389347e-15
  outer loop
    vertex 15.500000000000016 3.5147207850840633e-15 17.3
    vertex 14.500000000000007 0.9999999999999524 10.800000000000004
    vertex 15.500000000000005 -4.838086516246016e-14 10.800000000000004
  endloop
endfacet
facet normal -0.7071067811865488 -0.7071067811865464 5.077770403389347e-15
  outer loop
    vertex 14.500000000000007 0.9999999999999524 10.800000000000004
    vertex 15.500000000000016 3.5147207850840633e-15 17.3
    vertex 14.500000000000012 1.0000000000000056 17.3
  endloop
endfacet
facet normal 0.7071067811865486 0.7071067811865466 -4.275765177017148e-15
  outer loop
    vertex 11.500000000000028 17.499999999999957 10.80000000000001
    vertex 12.50000000000003 16.500000000000007 17.3
    vertex 12.500000000000027 16.499999999999957 10.80000000000001
  endloop
endfacet
facet normal 0.7071067811865486 0.7071067811865466 -4.275765177017148e-15
  outer loop
    vertex 12.50000000000003 16.500000000000007 17.3
    vertex 11.500000000000028 17.499999999999957 10.80000000000001
    vertex 11.500000000000032 17.50000000000001 17.300000000000004
  endloop
endfacet
facet normal -8.28987846699151e-16 -1.0 5.632640221867565e-15
  outer loop
    vertex 17.500000000000014 1.4123350592559502e-15 17.3
    vertex 15.500000000000005 -4.838086516246016e-14 10.800000000000004
    vertex 17.500000000000007 -5.076900520243274e-14 10.800000000000004
  endloop
endfacet
facet normal -8.28987846699151e-16 -1.0 5.632640221867565e-15
  outer loop
    vertex 15.500000000000005 -4.838086516246016e-14 10.800000000000004
    vertex 17.500000000000014 1.4123350592559502e-15 17.3
    vertex 15.500000000000016 3.5147207850840633e-15 17.3
  endloop
endfacet
facet normal -0.7071067811865442 0.7071067811865509 -2.8608843149695137e-15
  outer loop
    vertex 14.50000000000003 16.500000000000007 17.3
    vertex 15.500000000000034 17.499999999999954 10.800000000000004
    vertex 14.500000000000025 16.499999999999954 10.800000000000004
  endloop
endfacet
facet normal -0.7071067811865442 0.7071067811865509 -2.8608843149695137e-15
  outer loop
    vertex 15.500000000000034 17.499999999999954 10.800000000000004
    vertex 14.50000000000003 16.500000000000007 17.3
    vertex 15.500000000000039 17.500000000000004 17.3
  endloop
endfacet
facet normal -9.808579069731816e-16 2.5153488113529863e-30 -1.0
  outer loop
    vertex 3.0000000000000306 15.500000000000005 26.38000000000001
    vertex 14.500000000000025 14.649999999999995 26.38
    vertex 3.000000000000029 14.650000000000007 26.38000000000001
  endloop
endfacet
facet normal -9.808579069731816e-16 2.5153488113529863e-30 -1.0
  outer loop
    vertex 14.500000000000025 14.649999999999995 26.38
    vertex 3.0000000000000306 15.500000000000005 26.38000000000001
    vertex 14.50000000000003 15.499999999999995 26.38
  endloop
endfacet
facet normal -1.0 1.05278748681788e-15 8.667370360202843e-16
  outer loop
    vertex 15.500000000000023 9.24999999999999 16.799999999999994
    vertex 15.500000000000028 15.499999999999952 10.800000000000004
    vertex 15.500000000000023 9.249999999999952 10.800000000000004
  endloop
endfacet
facet normal -1.0 1.05278748681788e-15 8.667370360202843e-16
  outer loop
    vertex 15.500000000000028 15.499999999999952 10.800000000000004
    vertex 15.500000000000023 9.24999999999999 16.799999999999994
    vertex 15.500000000000034 15.499999999999991 16.799999999999994
  endloop
endfacet
facet normal 1.0 -1.028999295563402e-15 -1.1995996180913397e-15
  outer loop
    vertex 3.0000000000000204 9.250000000000018 23.80000000000001
    vertex 3.000000000000024 10.050000000000008 26.38000000000001
    vertex 3.0000000000000244 9.250000000000007 26.38000000000001
  endloop
endfacet
facet normal 1.0 -1.028999295563402e-15 -1.1995996180913397e-15
  outer loop
    vertex 3.000000000000024 10.050000000000008 26.38000000000001
    vertex 3.0000000000000204 9.250000000000018 23.80000000000001
    vertex 3.000000000000027 15.500000000000016 23.80000000000001
  endloop
endfacet
facet normal 1.0 -1.028999295563402e-15 -1.1995996180913397e-15
  outer loop
    vertex 3.000000000000024 10.050000000000008 26.38000000000001
    vertex 3.000000000000027 15.500000000000016 23.80000000000001
    vertex 3.0000000000000244 10.050000000000018 26.66000000000001
  endloop
endfacet
facet normal 1.0 -1.028999295563402e-15 -1.1995996180913397e-15
  outer loop
    vertex 3.0000000000000244 10.050000000000018 26.66000000000001
    vertex 3.000000000000027 15.500000000000016 23.80000000000001
    vertex 3.0000000000000253 11.050000000000006 26.38000000000001
  endloop
endfacet
facet normal 1.0 -1.028999295563402e-15 -1.1995996180913397e-15
  outer loop
    vertex 3.0000000000000253 11.050000000000006 26.38000000000001
    vertex 3.000000000000027 15.500000000000016 23.80000000000001
    vertex 3.0000000000000258 11.850000000000007 26.38000000000001
  endloop
endfacet
facet normal 1.0 -1.028999295563402e-15 -1.1995996180913397e-15
  outer loop
    vertex 3.0000000000000258 11.850000000000007 26.38000000000001
    vertex 3.000000000000027 15.500000000000016 23.80000000000001
    vertex 3.000000000000027 11.850000000000017 26.66000000000001
  endloop
endfacet
facet normal 1.0 -1.028999295563402e-15 -1.1995996180913397e-15
  outer loop
    vertex 3.000000000000027 11.850000000000017 26.66000000000001
    vertex 3.000000000000027 15.500000000000016 23.80000000000001
    vertex 3.000000000000028 12.850000000000016 26.38000000000001
  endloop
endfacet
facet normal 1.0 -1.028999295563402e-15 -1.1995996180913397e-15
  outer loop
    vertex 3.000000000000028 12.850000000000016 26.38000000000001
    vertex 3.000000000000027 15.500000000000016 23.80000000000001
    vertex 3.000000000000029 13.65000000000002 26.38000000000001
  endloop
endfacet
facet normal 1.0 -1.028999295563402e-15 -1.1995996180913397e-15
  outer loop
    vertex 3.000000000000029 13.65000000000002 26.38000000000001
    vertex 3.000000000000027 15.500000000000016 23.80000000000001
    vertex 3.000000000000029 14.650000000000007 26.38000000000001
  endloop
endfacet
facet normal 1.0 -1.028999295563402e-15 -1.1995996180913397e-15
  outer loop
    vertex 3.000000000000029 14.650000000000007 26.38000000000001
    vertex 3.000000000000027 15.500000000000016 23.80000000000001
    vertex 3.0000000000000306 15.500000000000005 26.38000000000001
  endloop
endfacet
facet normal 1.0 -1.028999295563402e-15 -1.1995996180913397e-15
  outer loop
    vertex 3.000000000000029 13.65000000000002 26.38000000000001
    vertex 3.000000000000029 14.650000000000007 26.66000000000001
    vertex 3.000000000000029 13.650000000000018 26.66000000000001
  endloop
endfacet
facet normal 1.0 -1.028999295563402e-15 -1.1995996180913397e-15
  outer loop
    vertex 3.000000000000029 14.650000000000007 26.66000000000001
    vertex 3.000000000000029 13.65000000000002 26.38000000000001
    vertex 3.000000000000029 14.650000000000007 26.38000000000001
  endloop
endfacet
facet normal 1.0 -1.028999295563402e-15 -1.1995996180913397e-15
  outer loop
    vertex 3.000000000000028 12.850000000000016 26.66000000000001
    vertex 3.000000000000027 11.850000000000017 26.66000000000001
    vertex 3.000000000000028 12.850000000000016 26.38000000000001
  endloop
endfacet
facet normal 1.0 -1.028999295563402e-15 -1.1995996180913397e-15
  outer loop
    vertex 3.0000000000000253 11.050000000000006 26.66000000000001
    vertex 3.0000000000000244 10.050000000000018 26.66000000000001
    vertex 3.0000000000000253 11.050000000000006 26.38000000000001
  endloop
endfacet
facet normal -1.2533184366879495e-15 -1.0 4.9774767523626956e-15
  outer loop
    vertex 15.500000000000034 15.499999999999991 16.799999999999994
    vertex 2.000000000000024 15.499999999999963 10.80000000000002
    vertex 15.500000000000028 15.499999999999952 10.800000000000004
  endloop
endfacet
facet normal -1.2533184366879495e-15 -1.0 4.9774767523626956e-15
  outer loop
    vertex 2.000000000000024 15.499999999999963 10.80000000000002
    vertex 15.500000000000034 15.499999999999991 16.799999999999994
    vertex 2.00000000000003 15.500000000000014 16.800000000000008
  endloop
endfacet
facet normal -1.2533184366879495e-15 -1.0 4.9774767523626956e-15
  outer loop
    vertex 2.00000000000003 15.500000000000014 16.800000000000008
    vertex 15.500000000000034 15.499999999999991 16.799999999999994
    vertex 8.750000000000036 15.50000000000001 21.8
  endloop
endfacet
facet normal 0.7071067811865483 0.7071067811865468 -4.630083903892031e-15
  outer loop
    vertex 2.0000000000000293 17.499999999999964 10.80000000000002
    vertex 3.000000000000034 16.500000000000018 17.30000000000001
    vertex 3.000000000000029 16.499999999999964 10.800000000000015
  endloop
endfacet
facet normal 0.7071067811865483 0.7071067811865468 -4.630083903892031e-15
  outer loop
    vertex 3.000000000000034 16.500000000000018 17.30000000000001
    vertex 2.0000000000000293 17.499999999999964 10.80000000000002
    vertex 2.0000000000000346 17.500000000000018 17.300000000000015
  endloop
endfacet
facet normal 1.0071308866242485e-15 8.326672684688573e-17 1.0
  outer loop
    vertex 15.500000000000016 3.5147207850840633e-15 17.3
    vertex 16.500000000000014 1.0000000000000036 17.3
    vertex 14.500000000000012 1.0000000000000056 17.3
  endloop
endfacet
facet normal 1.0071308866242485e-15 8.326672684688573e-17 1.0
  outer loop
    vertex 16.500000000000014 1.0000000000000036 17.3
    vertex 15.500000000000016 3.5147207850840633e-15 17.3
    vertex 17.500000000000014 1.4123350592559502e-15 17.3
  endloop
endfacet
facet normal 1.0071308866242485e-15 8.326672684688573e-17 1.0
  outer loop
    vertex 16.500000000000014 1.0000000000000036 17.3
    vertex 17.500000000000014 1.4123350592559502e-15 17.3
    vertex 16.500000000000032 16.500000000000004 17.3
  endloop
endfacet
facet normal 1.0071308866242485e-15 8.326672684688573e-17 1.0
  outer loop
    vertex 16.500000000000032 16.500000000000004 17.3
    vertex 15.500000000000039 17.500000000000004 17.3
    vertex 14.50000000000003 16.500000000000007 17.3
  endloop
endfacet
facet normal 1.0071308866242485e-15 8.326672684688573e-17 1.0
  outer loop
    vertex 15.500000000000039 17.500000000000004 17.3
    vertex 16.500000000000032 16.500000000000004 17.3
    vertex 17.50000000000003 17.5 17.3
  endloop
endfacet
facet normal 1.0071308866242485e-15 8.326672684688573e-17 1.0
  outer loop
    vertex 17.50000000000003 17.5 17.3
    vertex 16.500000000000032 16.500000000000004 17.3
    vertex 17.500000000000014 1.4123350592559502e-15 17.3
  endloop
endfacet
facet normal 1.0071308866242485e-15 8.326672684688573e-17 1.0
  outer loop
    vertex 1.742341726413691e-14 2.0447108816454247e-14 17.300000000000015
    vertex 1.0000000000000167 1.000000000000019 17.300000000000015
    vertex 3.5048207780061263e-14 17.50000000000002 17.300000000000015
  endloop
endfacet
facet normal 1.0071308866242485e-15 8.326672684688573e-17 1.0
  outer loop
    vertex 1.0000000000000167 1.000000000000019 17.300000000000015
    vertex 1.742341726413691e-14 2.0447108816454247e-14 17.300000000000015
    vertex 2.010680251262127 0.009422359773433392 17.300000000000015
  endloop
endfacet
facet normal 1.0071308866242485e-15 8.326672684688573e-17 1.0
  outer loop
    vertex 1.0000000000000167 1.000000000000019 17.300000000000015
    vertex 2.010680251262127 0.009422359773433392 17.300000000000015
    vertex 2.505025253540091 0.5050252535410334 17.300000000000015
  endloop
endfacet
facet normal 1.0071308866242485e-15 8.326672684688573e-17 1.0
  outer loop
    vertex 1.0000000000000167 1.000000000000019 17.300000000000015
    vertex 2.505025253540091 0.5050252535410334 17.300000000000015
    vertex 3.0000000000000187 1.000000000000017 17.300000000000015
  endloop
endfacet
facet normal 1.0071308866242485e-15 8.326672684688573e-17 1.0
  outer loop
    vertex 3.5048207780061263e-14 17.50000000000002 17.300000000000015
    vertex 1.0000000000000322 16.500000000000018 17.300000000000015
    vertex 2.0000000000000346 17.500000000000018 17.300000000000015
  endloop
endfacet
facet normal 1.0071308866242485e-15 8.326672684688573e-17 1.0
  outer loop
    vertex 1.0000000000000322 16.500000000000018 17.300000000000015
    vertex 3.5048207780061263e-14 17.50000000000002 17.300000000000015
    vertex 1.0000000000000167 1.000000000000019 17.300000000000015
  endloop
endfacet
facet normal 1.0071308866242485e-15 8.326672684688573e-17 1.0
  outer loop
    vertex 2.0000000000000346 17.500000000000018 17.300000000000015
    vertex 1.0000000000000322 16.500000000000018 17.300000000000015
    vertex 3.000000000000034 16.500000000000018 17.30000000000001
  endloop
endfacet
facet normal 0.004686103775800605 -0.9999890201554227 7.85462927406312e-17
  outer loop
    vertex 2.010680251262127 0.009422359773433392 17.300000000000015
    vertex 1.6919851820824786e-14 2.0405475453030804e-14 16.80000000000002
    vertex 2.010680251262127 0.00942235977343335 16.80000000000002
  endloop
endfacet
facet normal 0.004686103775800605 -0.9999890201554227 7.85462927406312e-17
  outer loop
    vertex 1.6919851820824786e-14 2.0405475453030804e-14 16.80000000000002
    vertex 2.010680251262127 0.009422359773433392 17.300000000000015
    vertex 1.742341726413691e-14 2.0447108816454247e-14 17.300000000000015
  endloop
endfacet
facet normal 0.7080047049900685 -0.7062077156983815 -6.542498013105669e-16
  outer loop
    vertex 2.5050252535400905 0.5050252535410334 16.800000000000015
    vertex 2.010680251262127 0.009422359773433392 17.300000000000015
    vertex 2.010680251262127 0.00942235977343335 16.80000000000002
  endloop
endfacet
facet normal 0.7080047049900685 -0.7062077156983815 -6.542498013105669e-16
  outer loop
    vertex 2.010680251262127 0.009422359773433392 17.300000000000015
    vertex 2.5050252535400905 0.5050252535410334 16.800000000000015
    vertex 2.505025253540091 0.5050252535410334 17.300000000000015
  endloop
endfacet
facet normal 0.7071067811858733 -0.7071067811872217 -6.532706122730502e-16
  outer loop
    vertex 3.0000000000000187 1.000000000000017 17.300000000000015
    vertex 2.5050252535400905 0.5050252535410334 16.800000000000015
    vertex 3.000000000000018 1.000000000000017 16.800000000000015
  endloop
endfacet
facet normal 0.7071067811858733 -0.7071067811872217 -6.532706122730502e-16
  outer loop
    vertex 2.5050252535400905 0.5050252535410334 16.800000000000015
    vertex 3.0000000000000187 1.000000000000017 17.300000000000015
    vertex 2.505025253540091 0.5050252535410334 17.300000000000015
  endloop
endfacet
facet normal -1.0071970435460085e-15 -4.8042582852913933e-17 -1.0
  outer loop
    vertex 15.500000000000023 9.249999999999952 10.800000000000004
    vertex 12.750000000000016 8.249999999999956 10.80000000000001
    vertex 12.750000000000016 9.249999999999956 10.80000000000001
  endloop
endfacet
facet normal -1.0071970435460085e-15 -4.8042582852913933e-17 -1.0
  outer loop
    vertex 12.750000000000016 8.249999999999956 10.80000000000001
    vertex 15.500000000000023 9.249999999999952 10.800000000000004
    vertex 15.500000000000023 8.249999999999952 10.800000000000004
  endloop
endfacet
facet normal -1.0071970435460085e-15 -4.8042582852913933e-17 -1.0
  outer loop
    vertex 15.500000000000023 8.249999999999952 10.800000000000004
    vertex 15.500000000000023 9.249999999999952 10.800000000000004
    vertex 15.500000000000028 15.499999999999952 10.800000000000004
  endloop
endfacet
facet normal -1.0071970435460085e-15 -4.8042582852913933e-17 -1.0
  outer loop
    vertex 3.01132002786807e-14 17.499999999999968 10.80000000000002
    vertex 2.0000000000000178 9.249999999999966 10.80000000000002
    vertex 2.0000000000000107 1.9999999999999667 10.80000000000002
  endloop
endfacet
facet normal -1.0071970435460085e-15 -4.8042582852913933e-17 -1.0
  outer loop
    vertex 2.0000000000000178 9.249999999999966 10.80000000000002
    vertex 3.01132002786807e-14 17.499999999999968 10.80000000000002
    vertex 2.000000000000024 15.499999999999963 10.80000000000002
  endloop
endfacet
facet normal -1.0071970435460085e-15 -4.8042582852913933e-17 -1.0
  outer loop
    vertex 2.000000000000024 15.499999999999963 10.80000000000002
    vertex 3.01132002786807e-14 17.499999999999968 10.80000000000002
    vertex 2.0000000000000293 17.499999999999964 10.80000000000002
  endloop
endfacet
facet normal -1.0071970435460085e-15 -4.8042582852913933e-17 -1.0
  outer loop
    vertex 2.0000000000000107 1.9999999999999667 10.80000000000002
    vertex 2.0000000000000178 9.249999999999966 10.80000000000002
    vertex 2.0000000000000173 8.249999999999966 10.80000000000002
  endloop
endfacet
facet normal -1.0071970435460085e-15 -4.8042582852913933e-17 -1.0
  outer loop
    vertex 2.000000000000024 15.499999999999963 10.80000000000002
    vertex 2.0000000000000293 17.499999999999964 10.80000000000002
    vertex 3.000000000000029 16.499999999999964 10.800000000000015
  endloop
endfacet
facet normal -1.0071970435460085e-15 -4.8042582852913933e-17 -1.0
  outer loop
    vertex 2.000000000000024 15.499999999999963 10.80000000000002
    vertex 3.000000000000029 16.499999999999964 10.800000000000015
    vertex 15.500000000000028 15.499999999999952 10.800000000000004
  endloop
endfacet
facet normal -1.0071970435460085e-15 -4.8042582852913933e-17 -1.0
  outer loop
    vertex 15.500000000000028 15.499999999999952 10.800000000000004
    vertex 3.000000000000029 16.499999999999964 10.800000000000015
    vertex 5.000000000000029 16.49999999999996 10.800000000000015
  endloop
endfacet
facet normal -1.0071970435460085e-15 -4.8042582852913933e-17 -1.0
  outer loop
    vertex 15.500000000000028 15.499999999999952 10.800000000000004
    vertex 5.000000000000029 16.49999999999996 10.800000000000015
    vertex 6.000000000000034 17.49999999999996 10.800000000000015
  endloop
endfacet
facet normal -1.0071970435460085e-15 -4.8042582852913933e-17 -1.0
  outer loop
    vertex 15.500000000000028 15.499999999999952 10.800000000000004
    vertex 6.000000000000034 17.49999999999996 10.800000000000015
    vertex 12.500000000000027 16.499999999999957 10.80000000000001
  endloop
endfacet
facet normal -1.0071970435460085e-15 -4.8042582852913933e-17 -1.0
  outer loop
    vertex 12.500000000000027 16.499999999999957 10.80000000000001
    vertex 6.000000000000034 17.49999999999996 10.800000000000015
    vertex 11.500000000000028 17.499999999999957 10.80000000000001
  endloop
endfacet
facet normal -1.0071970435460085e-15 -4.8042582852913933e-17 -1.0
  outer loop
    vertex 15.500000000000028 15.499999999999952 10.800000000000004
    vertex 12.500000000000027 16.499999999999957 10.80000000000001
    vertex 14.500000000000025 16.499999999999954 10.800000000000004
  endloop
endfacet
facet normal -1.0071970435460085e-15 -4.8042582852913933e-17 -1.0
  outer loop
    vertex 15.500000000000028 15.499999999999952 10.800000000000004
    vertex 14.500000000000025 16.499999999999954 10.800000000000004
    vertex 15.500000000000034 17.499999999999954 10.800000000000004
  endloop
endfacet
facet normal -1.0071970435460085e-15 -4.8042582852913933e-17 -1.0
  outer loop
    vertex 3.01132002786807e-14 17.499999999999968 10.80000000000002
    vertex 2.0100505063465066 0.00502525316176059 10.80000000000002
    vertex 1.2488409762756338e-14 -3.173423144523443e-14 10.80000000000002
  endloop
endfacet
facet normal -1.0071970435460085e-15 -4.8042582852913933e-17 -1.0
  outer loop
    vertex 2.0100505063465066 0.00502525316176059 10.80000000000002
    vertex 3.01132002786807e-14 17.499999999999968 10.80000000000002
    vertex 2.0000000000000107 1.9999999999999667 10.80000000000002
  endloop
endfacet
facet normal -1.0071970435460085e-15 -4.8042582852913933e-17 -1.0
  outer loop
    vertex 2.0100505063465066 0.00502525316176059 10.80000000000002
    vertex 2.0000000000000107 1.9999999999999667 10.80000000000002
    vertex 3.0000000000000133 0.999999999999965 10.800000000000015
  endloop
endfacet
facet normal -1.0071970435460085e-15 -4.8042582852913933e-17 -1.0
  outer loop
    vertex 3.0000000000000133 0.999999999999965 10.800000000000015
    vertex 2.0000000000000107 1.9999999999999667 10.80000000000002
    vertex 15.500000000000016 1.9999999999999516 10.800000000000004
  endloop
endfacet
facet normal -1.0071970435460085e-15 -4.8042582852913933e-17 -1.0
  outer loop
    vertex 3.0000000000000133 0.999999999999965 10.800000000000015
    vertex 15.500000000000016 1.9999999999999516 10.800000000000004
    vertex 5.000000000000013 0.9999999999999631 10.800000000000015
  endloop
endfacet
facet normal -1.0071970435460085e-15 -4.8042582852913933e-17 -1.0
  outer loop
    vertex 5.000000000000013 0.9999999999999631 10.800000000000015
    vertex 15.500000000000016 1.9999999999999516 10.800000000000004
    vertex 6.000000000000012 -3.827629899683865e-14 10.800000000000015
  endloop
endfacet
facet normal -1.0071970435460085e-15 -4.8042582852913933e-17 -1.0
  outer loop
    vertex 6.000000000000012 -3.827629899683865e-14 10.800000000000015
    vertex 15.500000000000016 1.9999999999999516 10.800000000000004
    vertex 12.50000000000001 0.9999999999999545 10.80000000000001
  endloop
endfacet
facet normal -1.0071970435460085e-15 -4.8042582852913933e-17 -1.0
  outer loop
    vertex 6.000000000000012 -3.827629899683865e-14 10.800000000000015
    vertex 12.50000000000001 0.9999999999999545 10.80000000000001
    vertex 11.500000000000009 -4.4726219882687246e-14 10.80000000000001
  endloop
endfacet
facet normal -1.0071970435460085e-15 -4.8042582852913933e-17 -1.0
  outer loop
    vertex 12.50000000000001 0.9999999999999545 10.80000000000001
    vertex 15.500000000000016 1.9999999999999516 10.800000000000004
    vertex 14.500000000000007 0.9999999999999524 10.800000000000004
  endloop
endfacet
facet normal -1.0071970435460085e-15 -4.8042582852913933e-17 -1.0
  outer loop
    vertex 14.500000000000007 0.9999999999999524 10.800000000000004
    vertex 15.500000000000016 1.9999999999999516 10.800000000000004
    vertex 15.500000000000005 -4.838086516246016e-14 10.800000000000004
  endloop
endfacet
facet normal -1.0071970435460085e-15 -4.8042582852913933e-17 -1.0
  outer loop
    vertex 15.500000000000005 -4.838086516246016e-14 10.800000000000004
    vertex 15.500000000000016 1.9999999999999516 10.800000000000004
    vertex 17.500000000000007 -5.076900520243274e-14 10.800000000000004
  endloop
endfacet
facet normal -1.0071970435460085e-15 -4.8042582852913933e-17 -1.0
  outer loop
    vertex 17.500000000000007 -5.076900520243274e-14 10.800000000000004
    vertex 15.500000000000016 1.9999999999999516 10.800000000000004
    vertex 15.500000000000023 8.249999999999952 10.800000000000004
  endloop
endfacet
facet normal -1.0071970435460085e-15 -4.8042582852913933e-17 -1.0
  outer loop
    vertex 17.500000000000007 -5.076900520243274e-14 10.800000000000004
    vertex 15.500000000000023 8.249999999999952 10.800000000000004
    vertex 15.500000000000028 15.499999999999952 10.800000000000004
  endloop
endfacet
facet normal -1.0071970435460085e-15 -4.8042582852913933e-17 -1.0
  outer loop
    vertex 17.500000000000007 -5.076900520243274e-14 10.800000000000004
    vertex 15.500000000000028 15.499999999999952 10.800000000000004
    vertex 15.500000000000034 17.499999999999954 10.800000000000004
  endloop
endfacet
facet normal -1.0071970435460085e-15 -4.8042582852913933e-17 -1.0
  outer loop
    vertex 17.500000000000007 -5.076900520243274e-14 10.800000000000004
    vertex 15.500000000000034 17.499999999999954 10.800000000000004
    vertex 17.500000000000025 17.49999999999995 10.800000000000004
  endloop
endfacet
facet normal -1.0071970435460085e-15 -4.8042582852913933e-17 -1.0
  outer loop
    vertex 2.0000000000000178 9.249999999999966 10.80000000000002
    vertex 4.750000000000018 8.249999999999964 10.800000000000015
    vertex 2.0000000000000173 8.249999999999966 10.80000000000002
  endloop
endfacet
facet normal -1.0071970435460085e-15 -4.8042582852913933e-17 -1.0
  outer loop
    vertex 4.750000000000018 8.249999999999964 10.800000000000015
    vertex 2.0000000000000178 9.249999999999966 10.80000000000002
    vertex 4.750000000000019 9.249999999999963 10.800000000000015
  endloop
endfacet
facet normal 0.9856422045861428 -0.16884740015341745 -1.2766780979893068e-14
  outer loop
    vertex 9.557530141575645 5.793205971659937 26.66000000000001
    vertex 9.501822588437996 5.468014612854271 26.800000000000008
    vertex 9.501822588437996 5.468014612854269 26.66000000000001
  endloop
endfacet
facet normal 0.9856422045861428 -0.16884740015341745 -1.2766780979893068e-14
  outer loop
    vertex 9.501822588437996 5.468014612854271 26.800000000000008
    vertex 9.557530141575645 5.793205971659937 26.66000000000001
    vertex 9.557530141575649 5.793205971659938 26.800000000000008
  endloop
endfacet
facet normal 0.9764039755574307 0.21595202364331834 -5.298483858767692e-16
  outer loop
    vertex 9.497928199520992 6.062689777327953 26.66000000000001
    vertex 9.557530141575649 5.793205971659938 26.800000000000008
    vertex 9.557530141575645 5.793205971659937 26.66000000000001
  endloop
endfacet
facet normal 0.9764039755574307 0.21595202364331834 -5.298483858767692e-16
  outer loop
    vertex 9.557530141575649 5.793205971659938 26.800000000000008
    vertex 9.497928199520992 6.062689777327953 26.66000000000001
    vertex 9.497928199520988 6.062689777327952 26.800000000000008
  endloop
endfacet
facet normal 0.7641793765428749 0.6450037832963023 9.308091011810278e-15
  outer loop
    vertex 9.497928199520992 6.062689777327953 26.66000000000001
    vertex 9.343753889045283 6.245350455465605 26.80000000000001
    vertex 9.497928199520988 6.062689777327952 26.800000000000008
  endloop
endfacet
facet normal 0.7641793765428749 0.6450037832963023 9.308091011810278e-15
  outer loop
    vertex 9.343753889045283 6.245350455465605 26.80000000000001
    vertex 9.497928199520992 6.062689777327953 26.66000000000001
    vertex 9.343753889045283 6.245350455465605 26.66000000000001
  endloop
endfacet
facet normal 0.14091193755221068 -0.9900221340229126 1.7613732069772653e-15
  outer loop
    vertex 9.075574802506821 5.133769294028359 26.800000000000008
    vertex 8.720572588437996 5.083241080465605 26.66000000000001
    vertex 9.07557480250682 5.133769294028358 26.66000000000001
  endloop
endfacet
facet normal 0.14091193755221068 -0.9900221340229126 1.7613732069772653e-15
  outer loop
    vertex 8.720572588437996 5.083241080465605 26.66000000000001
    vertex 9.075574802506821 5.133769294028359 26.800000000000008
    vertex 8.720572588437996 5.083241080465605 26.800000000000008
  endloop
endfacet
facet normal 0.44054513156556513 0.8977304645905024 4.430947291414627e-17
  outer loop
    vertex 9.132587074774026 6.3489767839069 26.800000000000008
    vertex 9.343753889045283 6.245350455465605 26.66000000000001
    vertex 9.132587074774026 6.348976783906901 26.66000000000001
  endloop
endfacet
facet normal 0.44054513156556513 0.8977304645905024 4.430947291414627e-17
  outer loop
    vertex 9.343753889045283 6.245350455465605 26.66000000000001
    vertex 9.132587074774026 6.3489767839069 26.800000000000008
    vertex 9.343753889045283 6.245350455465605 26.80000000000001
  endloop
endfacet
facet normal -0.025296132936744504 0.9996800016297448 -5.03443258558508e-15
  outer loop
    vertex 8.7970172683469 6.3787678706983995 26.800000000000008
    vertex 8.899358646130302 6.3813575404858485 26.66000000000001
    vertex 8.7970172683469 6.378767870698398 26.66000000000001
  endloop
endfacet
facet normal -0.025296132936744504 0.9996800016297448 -5.03443258558508e-15
  outer loop
    vertex 8.899358646130302 6.3813575404858485 26.66000000000001
    vertex 8.7970172683469 6.3787678706983995 26.800000000000008
    vertex 8.899358646130302 6.3813575404858485 26.800000000000008
  endloop
endfacet
facet normal -0.08737211375533221 0.9961757444035291 0.0
  outer loop
    vertex 8.679137871838805 6.36842896002026 26.800000000000008
    vertex 8.7970172683469 6.378767870698398 26.66000000000001
    vertex 8.679137871838805 6.368428960020261 26.66000000000001
  endloop
endfacet
facet normal -0.08737211375533221 0.9961757444035291 0.0
  outer loop
    vertex 8.7970172683469 6.378767870698398 26.66000000000001
    vertex 8.679137871838805 6.36842896002026 26.800000000000008
    vertex 8.7970172683469 6.3787678706983995 26.800000000000008
  endloop
endfacet
facet normal -0.9956048502842544 -0.0936535215059608 -5.710234685025246e-15
  outer loop
    vertex 8.679137871838805 6.36842896002026 26.800000000000008
    vertex 8.720572588437996 5.927947874493945 26.66000000000001
    vertex 8.720572588437994 5.9279478744939444 26.800000000000008
  endloop
endfacet
facet normal -0.9956048502842544 -0.0936535215059608 -5.710234685025246e-15
  outer loop
    vertex 8.720572588437996 5.927947874493945 26.66000000000001
    vertex 8.679137871838805 6.36842896002026 26.800000000000008
    vertex 8.679137871838805 6.368428960020261 26.66000000000001
  endloop
endfacet
facet normal 0.13751803632238682 0.9904992628397232 1.8022224289685757e-15
  outer loop
    vertex 8.899358646130302 6.3813575404858485 26.800000000000008
    vertex 9.132587074774026 6.348976783906901 26.66000000000001
    vertex 8.899358646130302 6.3813575404858485 26.66000000000001
  endloop
endfacet
facet normal 0.13751803632238682 0.9904992628397232 1.8022224289685757e-15
  outer loop
    vertex 9.132587074774026 6.348976783906901 26.66000000000001
    vertex 8.899358646130302 6.3813575404858485 26.800000000000008
    vertex 9.132587074774026 6.3489767839069 26.800000000000008
  endloop
endfacet
facet normal -1.3163665309780023e-15 -8.836654051305516e-16 1.0
  outer loop
    vertex 8.720572588437994 5.9279478744939444 26.800000000000008
    vertex 8.7970172683469 6.3787678706983995 26.800000000000008
    vertex 8.679137871838805 6.36842896002026 26.800000000000008
  endloop
endfacet
facet normal -1.3163665309780023e-15 -8.836654051305516e-16 1.0
  outer loop
    vertex 8.7970172683469 6.3787678706983995 26.800000000000008
    vertex 8.720572588437994 5.9279478744939444 26.800000000000008
    vertex 8.720572588437996 5.083241080465605 26.800000000000008
  endloop
endfacet
facet normal -1.3163665309780023e-15 -8.836654051305516e-16 1.0
  outer loop
    vertex 8.7970172683469 6.3787678706983995 26.800000000000008
    vertex 8.720572588437996 5.083241080465605 26.800000000000008
    vertex 9.075574802506821 5.133769294028359 26.800000000000008
  endloop
endfacet
facet normal -1.3163665309780023e-15 -8.836654051305516e-16 1.0
  outer loop
    vertex 8.7970172683469 6.3787678706983995 26.800000000000008
    vertex 9.075574802506821 5.133769294028359 26.800000000000008
    vertex 8.899358646130302 6.3813575404858485 26.800000000000008
  endloop
endfacet
facet normal -1.3163665309780023e-15 -8.836654051305516e-16 1.0
  outer loop
    vertex 8.899358646130302 6.3813575404858485 26.800000000000008
    vertex 9.075574802506821 5.133769294028359 26.800000000000008
    vertex 9.132587074774026 6.3489767839069 26.800000000000008
  endloop
endfacet
facet normal -1.3163665309780023e-15 -8.836654051305516e-16 1.0
  outer loop
    vertex 9.132587074774026 6.3489767839069 26.800000000000008
    vertex 9.075574802506821 5.133769294028359 26.800000000000008
    vertex 9.338574549470385 5.255543079453461 26.800000000000008
  endloop
endfacet
facet normal -1.3163665309780023e-15 -8.836654051305516e-16 1.0
  outer loop
    vertex 9.132587074774026 6.3489767839069 26.800000000000008
    vertex 9.338574549470385 5.255543079453461 26.800000000000008
    vertex 9.343753889045283 6.245350455465605 26.80000000000001
  endloop
endfacet
facet normal -1.3163665309780023e-15 -8.836654051305516e-16 1.0
  outer loop
    vertex 9.343753889045283 6.245350455465605 26.80000000000001
    vertex 9.338574549470385 5.255543079453461 26.800000000000008
    vertex 9.501822588437996 5.468014612854271 26.800000000000008
  endloop
endfacet
facet normal -1.3163665309780023e-15 -8.836654051305516e-16 1.0
  outer loop
    vertex 9.343753889045283 6.245350455465605 26.80000000000001
    vertex 9.501822588437996 5.468014612854271 26.800000000000008
    vertex 9.497928199520988 6.062689777327952 26.800000000000008
  endloop
endfacet
facet normal -1.3163665309780023e-15 -8.836654051305516e-16 1.0
  outer loop
    vertex 9.497928199520988 6.062689777327952 26.800000000000008
    vertex 9.501822588437996 5.468014612854271 26.800000000000008
    vertex 9.557530141575649 5.793205971659938 26.800000000000008
  endloop
endfacet
facet normal -1.0 -8.345992072289662e-16 -5.03565443312142e-15
  outer loop
    vertex 8.720572588437994 5.9279478744939444 26.800000000000008
    vertex 8.720572588437996 5.083241080465605 26.66000000000001
    vertex 8.720572588437996 5.083241080465605 26.800000000000008
  endloop
endfacet
facet normal -1.0 -8.345992072289662e-16 -5.03565443312142e-15
  outer loop
    vertex 8.720572588437996 5.083241080465605 26.66000000000001
    vertex 8.720572588437994 5.9279478744939444 26.800000000000008
    vertex 8.720572588437996 5.927947874493945 26.66000000000001
  endloop
endfacet
facet normal 0.4201651747425016 -0.9074476436321841 2.6157740953170806e-15
  outer loop
    vertex 9.338574549470385 5.255543079453461 26.800000000000008
    vertex 9.07557480250682 5.133769294028358 26.66000000000001
    vertex 9.338574549470383 5.255543079453459 26.66000000000001
  endloop
endfacet
facet normal 0.4201651747425016 -0.9074476436321841 2.6157740953170806e-15
  outer loop
    vertex 9.07557480250682 5.133769294028358 26.66000000000001
    vertex 9.338574549470385 5.255543079453461 26.800000000000008
    vertex 9.075574802506821 5.133769294028359 26.800000000000008
  endloop
endfacet
facet normal 0.7929694405612902 -0.6092614105094092 -3.253397396238815e-16
  outer loop
    vertex 9.501822588437996 5.468014612854269 26.66000000000001
    vertex 9.338574549470385 5.255543079453461 26.800000000000008
    vertex 9.338574549470383 5.255543079453459 26.66000000000001
  endloop
endfacet
facet normal 0.7929694405612902 -0.6092614105094092 -3.253397396238815e-16
  outer loop
    vertex 9.338574549470385 5.255543079453461 26.800000000000008
    vertex 9.501822588437996 5.468014612854269 26.66000000000001
    vertex 9.501822588437996 5.468014612854271 26.800000000000008
  endloop
endfacet
facet normal 0.4405305046652235 0.8977006583048355 0.008148775274153485
  outer loop
    vertex 9.132587074774026 6.348976783906901 26.66000000000001
    vertex 9.359291907769979 6.245350455465605 25.820000000000025
    vertex 9.148125093498724 6.348976783906901 25.820000000000025
  endloop
endfacet
facet normal 0.4405305046652235 0.8977006583048355 0.008148775274153485
  outer loop
    vertex 9.359291907769979 6.245350455465605 25.820000000000025
    vertex 9.132587074774026 6.348976783906901 26.66000000000001
    vertex 9.343753889045283 6.245350455465605 26.66000000000001
  endloop
endfacet
facet normal -0.08737199964619044 0.9961744433849155 -0.001616175912519804
  outer loop
    vertex 8.679137871838805 6.368428960020261 26.66000000000001
    vertex 8.812555287071598 6.378767870698398 25.820000000000025
    vertex 8.694675890563499 6.368428960020261 25.820000000000025
  endloop
endfacet
facet normal -0.08737199964619044 0.9961744433849155 -0.001616175912519804
  outer loop
    vertex 8.812555287071598 6.378767870698398 25.820000000000025
    vertex 8.679137871838805 6.368428960020261 26.66000000000001
    vertex 8.7970172683469 6.378767870698398 26.66000000000001
  endloop
endfacet
facet normal 0.7928841497995862 -0.6091958791444896 0.014666486626309571
  outer loop
    vertex 9.354112568195081 5.255543079453462 25.820000000000018
    vertex 9.501822588437996 5.468014612854269 26.66000000000001
    vertex 9.338574549470383 5.255543079453459 26.66000000000001
  endloop
endfacet
facet normal 0.7928841497995862 -0.6091958791444896 0.014666486626309571
  outer loop
    vertex 9.501822588437996 5.468014612854269 26.66000000000001
    vertex 9.354112568195081 5.255543079453462 25.820000000000018
    vertex 9.517360607162692 5.468014612854271 25.820000000000025
  endloop
endfacet
facet normal 0.140911458873777 -0.9900187709136473 0.0026065296267908556
  outer loop
    vertex 9.07557480250682 5.133769294028358 26.66000000000001
    vertex 8.736110607162693 5.083241080465606 25.820000000000025
    vertex 9.091112821231517 5.133769294028359 25.820000000000025
  endloop
endfacet
facet normal 0.140911458873777 -0.9900187709136473 0.0026065296267908556
  outer loop
    vertex 8.736110607162693 5.083241080465606 25.820000000000025
    vertex 9.07557480250682 5.133769294028358 26.66000000000001
    vertex 8.720572588437996 5.083241080465605 26.66000000000001
  endloop
endfacet
facet normal -0.025296130167483187 0.9996798921907951 -0.0004679187431008545
  outer loop
    vertex 8.7970172683469 6.378767870698398 26.66000000000001
    vertex 8.914896664854998 6.3813575404858485 25.820000000000025
    vertex 8.812555287071598 6.378767870698398 25.820000000000025
  endloop
endfacet
facet normal -0.025296130167483187 0.9996798921907951 -0.0004679187431008545
  outer loop
    vertex 8.914896664854998 6.3813575404858485 25.820000000000025
    vertex 8.7970172683469 6.378767870698398 26.66000000000001
    vertex 8.899358646130302 6.3813575404858485 26.66000000000001
  endloop
endfacet
facet normal 0.4201524852808363 -0.9074202376909459 0.007771829980381861
  outer loop
    vertex 9.338574549470383 5.255543079453459 26.66000000000001
    vertex 9.091112821231517 5.133769294028359 25.820000000000025
    vertex 9.354112568195081 5.255543079453462 25.820000000000018
  endloop
endfacet
facet normal 0.4201524852808363 -0.9074202376909459 0.007771829980381861
  outer loop
    vertex 9.091112821231517 5.133769294028359 25.820000000000025
    vertex 9.338574549470383 5.255543079453459 26.66000000000001
    vertex 9.07557480250682 5.133769294028358 26.66000000000001
  endloop
endfacet
facet normal 0.9762447601494311 0.21591680984818723 0.018058225432249362
  outer loop
    vertex 9.573068160300343 5.7932059716599404 25.820000000000025
    vertex 9.497928199520992 6.062689777327953 26.66000000000001
    vertex 9.557530141575645 5.793205971659937 26.66000000000001
  endloop
endfacet
facet normal 0.9762447601494311 0.21591680984818723 0.018058225432249362
  outer loop
    vertex 9.497928199520992 6.062689777327953 26.66000000000001
    vertex 9.573068160300343 5.7932059716599404 25.820000000000025
    vertex 9.513466218245688 6.0626897773279556 25.820000000000025
  endloop
endfacet
facet normal -0.9954360577361423 -0.09363764370410976 -0.018413219171832845
  outer loop
    vertex 8.679137871838805 6.368428960020261 26.66000000000001
    vertex 8.736110607162688 5.927947874493945 25.820000000000025
    vertex 8.720572588437996 5.927947874493945 26.66000000000001
  endloop
endfacet
facet normal -0.9954360577361423 -0.09363764370410976 -0.018413219171832845
  outer loop
    vertex 8.736110607162688 5.927947874493945 25.820000000000025
    vertex 8.679137871838805 6.368428960020261 26.66000000000001
    vertex 8.694675890563499 6.368428960020261 25.820000000000025
  endloop
endfacet
facet normal 0.7641030415666569 0.6449393529413832 0.014134104008882216
  outer loop
    vertex 9.513466218245688 6.0626897773279556 25.820000000000025
    vertex 9.343753889045283 6.245350455465605 26.66000000000001
    vertex 9.497928199520992 6.062689777327953 26.66000000000001
  endloop
endfacet
facet normal 0.7641030415666569 0.6449393529413832 0.014134104008882216
  outer loop
    vertex 9.343753889045283 6.245350455465605 26.66000000000001
    vertex 9.513466218245688 6.0626897773279556 25.820000000000025
    vertex 9.359291907769979 6.245350455465605 25.820000000000025
  endloop
endfacet
facet normal 0.9854784278048019 -0.168819344045829 0.01822902650478002
  outer loop
    vertex 9.517360607162692 5.468014612854271 25.820000000000025
    vertex 9.557530141575645 5.793205971659937 26.66000000000001
    vertex 9.501822588437996 5.468014612854269 26.66000000000001
  endloop
endfacet
facet normal 0.9854784278048019 -0.168819344045829 0.01822902650478002
  outer loop
    vertex 9.557530141575645 5.793205971659937 26.66000000000001
    vertex 9.517360607162692 5.468014612854271 25.820000000000025
    vertex 9.573068160300343 5.7932059716599404 25.820000000000025
  endloop
endfacet
facet normal -0.9998289625231852 -3.337957795823742e-15 -0.018494477549022115
  outer loop
    vertex 8.720572588437996 5.927947874493945 26.66000000000001
    vertex 8.736110607162693 5.083241080465606 25.820000000000025
    vertex 8.720572588437996 5.083241080465605 26.66000000000001
  endloop
endfacet
facet normal -0.9998289625231852 -3.337957795823742e-15 -0.018494477549022115
  outer loop
    vertex 8.736110607162693 5.083241080465606 25.820000000000025
    vertex 8.720572588437996 5.927947874493945 26.66000000000001
    vertex 8.736110607162688 5.927947874493945 25.820000000000025
  endloop
endfacet
facet normal 0.13751759140477837 0.9904960582378172 0.002543751083598485
  outer loop
    vertex 8.899358646130302 6.3813575404858485 26.66000000000001
    vertex 9.148125093498724 6.348976783906901 25.820000000000025
    vertex 8.914896664854998 6.3813575404858485 25.820000000000025
  endloop
endfacet
facet normal 0.13751759140477837 0.9904960582378172 0.002543751083598485
  outer loop
    vertex 9.148125093498724 6.348976783906901 25.820000000000025
    vertex 8.899358646130302 6.3813575404858485 26.66000000000001
    vertex 9.132587074774026 6.348976783906901 26.66000000000001
  endloop
endfacet
facet normal -7.602582530813995e-16 1.1147958767052586e-15 -1.0
  outer loop
    vertex 8.812555287071598 6.378767870698398 25.820000000000025
    vertex 8.736110607162688 5.927947874493945 25.820000000000025
    vertex 8.694675890563499 6.368428960020261 25.820000000000025
  endloop
endfacet
facet normal -7.602582530813995e-16 1.1147958767052586e-15 -1.0
  outer loop
    vertex 8.736110607162688 5.927947874493945 25.820000000000025
    vertex 8.812555287071598 6.378767870698398 25.820000000000025
    vertex 8.736110607162693 5.083241080465606 25.820000000000025
  endloop
endfacet
facet normal -7.602582530813995e-16 1.1147958767052586e-15 -1.0
  outer loop
    vertex 8.736110607162693 5.083241080465606 25.820000000000025
    vertex 8.812555287071598 6.378767870698398 25.820000000000025
    vertex 9.091112821231517 5.133769294028359 25.820000000000025
  endloop
endfacet
facet normal -7.602582530813995e-16 1.1147958767052586e-15 -1.0
  outer loop
    vertex 9.091112821231517 5.133769294028359 25.820000000000025
    vertex 8.812555287071598 6.378767870698398 25.820000000000025
    vertex 8.914896664854998 6.3813575404858485 25.820000000000025
  endloop
endfacet
facet normal -7.602582530813995e-16 1.1147958767052586e-15 -1.0
  outer loop
    vertex 9.091112821231517 5.133769294028359 25.820000000000025
    vertex 8.914896664854998 6.3813575404858485 25.820000000000025
    vertex 9.148125093498724 6.348976783906901 25.820000000000025
  endloop
endfacet
facet normal -7.602582530813995e-16 1.1147958767052586e-15 -1.0
  outer loop
    vertex 9.091112821231517 5.133769294028359 25.820000000000025
    vertex 9.148125093498724 6.348976783906901 25.820000000000025
    vertex 9.354112568195081 5.255543079453462 25.820000000000018
  endloop
endfacet
facet normal -7.602582530813995e-16 1.1147958767052586e-15 -1.0
  outer loop
    vertex 9.354112568195081 5.255543079453462 25.820000000000018
    vertex 9.148125093498724 6.348976783906901 25.820000000000025
    vertex 9.359291907769979 6.245350455465605 25.820000000000025
  endloop
endfacet
facet normal -7.602582530813995e-16 1.1147958767052586e-15 -1.0
  outer loop
    vertex 9.354112568195081 5.255543079453462 25.820000000000018
    vertex 9.359291907769979 6.245350455465605 25.820000000000025
    vertex 9.517360607162692 5.468014612854271 25.820000000000025
  endloop
endfacet
facet normal -7.602582530813995e-16 1.1147958767052586e-15 -1.0
  outer loop
    vertex 9.517360607162692 5.468014612854271 25.820000000000025
    vertex 9.359291907769979 6.245350455465605 25.820000000000025
    vertex 9.513466218245688 6.0626897773279556 25.820000000000025
  endloop
endfacet
facet normal -7.602582530813995e-16 1.1147958767052586e-15 -1.0
  outer loop
    vertex 9.517360607162692 5.468014612854271 25.820000000000025
    vertex 9.513466218245688 6.0626897773279556 25.820000000000025
    vertex 9.573068160300343 5.7932059716599404 25.820000000000025
  endloop
endfacet
endsolid Korry19x19_button_v5
