solid Korry19x19_button_v5
facet normal -0.08737211375531176 0.9961757444035308 -1.1523332775905478e-14
  outer loop
    vertex 55.9745786295962 6.368428960020206 26.80000000000001
    vertex 56.09245802610431 6.378767870698341 26.659999999999982
    vertex 55.974578629596216 6.368428960020205 26.659999999999982
  endloop
endfacet
facet normal -0.08737211375531176 0.9961757444035308 -1.1523332775905478e-14
  outer loop
    vertex 56.09245802610431 6.378767870698341 26.659999999999982
    vertex 55.9745786295962 6.368428960020206 26.80000000000001
    vertex 56.09245802610434 6.378767870698344 26.80000000000001
  endloop
endfacet
facet normal -1.7260988666717724e-15 7.74681693766666e-16 -1.0
  outer loop
    vertex 56.092458026104346 6.378767870698337 26.38000000000001
    vertex 56.016013346195415 5.927947874493882 26.38000000000001
    vertex 55.97457862959624 6.368428960020198 26.380000000000017
  endloop
endfacet
facet normal -1.7260988666717724e-15 7.74681693766666e-16 -1.0
  outer loop
    vertex 56.016013346195415 5.927947874493882 26.38000000000001
    vertex 56.092458026104346 6.378767870698337 26.38000000000001
    vertex 56.01601334619542 5.083241080465545 26.38000000000001
  endloop
endfacet
facet normal -1.7260988666717724e-15 7.74681693766666e-16 -1.0
  outer loop
    vertex 56.01601334619542 5.083241080465545 26.38000000000001
    vertex 56.092458026104346 6.378767870698337 26.38000000000001
    vertex 56.371015560264254 5.133769294028296 26.38000000000001
  endloop
endfacet
facet normal -1.7260988666717724e-15 7.74681693766666e-16 -1.0
  outer loop
    vertex 56.371015560264254 5.133769294028296 26.38000000000001
    vertex 56.092458026104346 6.378767870698337 26.38000000000001
    vertex 56.19479940388773 6.381357540485786 26.38000000000001
  endloop
endfacet
facet normal -1.7260988666717724e-15 7.74681693766666e-16 -1.0
  outer loop
    vertex 56.371015560264254 5.133769294028296 26.38000000000001
    vertex 56.19479940388773 6.381357540485786 26.38000000000001
    vertex 56.428027832531455 6.348976783906833 26.38000000000001
  endloop
endfacet
facet normal -1.7260988666717724e-15 7.74681693766666e-16 -1.0
  outer loop
    vertex 56.371015560264254 5.133769294028296 26.38000000000001
    vertex 56.428027832531455 6.348976783906833 26.38000000000001
    vertex 56.63401530722779 5.255543079453392 26.38000000000001
  endloop
endfacet
facet normal -1.7260988666717724e-15 7.74681693766666e-16 -1.0
  outer loop
    vertex 56.63401530722779 5.255543079453392 26.38000000000001
    vertex 56.428027832531455 6.348976783906833 26.38000000000001
    vertex 56.6391946468027 6.245350455465543 26.38000000000001
  endloop
endfacet
facet normal -1.7260988666717724e-15 7.74681693766666e-16 -1.0
  outer loop
    vertex 56.63401530722779 5.255543079453392 26.38000000000001
    vertex 56.6391946468027 6.245350455465543 26.38000000000001
    vertex 56.79726334619543 5.468014612854207 26.38000000000001
  endloop
endfacet
facet normal -1.7260988666717724e-15 7.74681693766666e-16 -1.0
  outer loop
    vertex 56.79726334619543 5.468014612854207 26.38000000000001
    vertex 56.6391946468027 6.245350455465543 26.38000000000001
    vertex 56.79336895727841 6.0626897773278925 26.38000000000001
  endloop
endfacet
facet normal -1.7260988666717724e-15 7.74681693766666e-16 -1.0
  outer loop
    vertex 56.79726334619543 5.468014612854207 26.38000000000001
    vertex 56.79336895727841 6.0626897773278925 26.38000000000001
    vertex 56.85297089933308 5.7932059716598765 26.38000000000001
  endloop
endfacet
facet normal 0.9764039755574242 0.21595202364334787 3.335204474626851e-14
  outer loop
    vertex 56.79336895727841 6.0626897773278925 26.38000000000001
    vertex 56.852970899333066 5.793205971659885 26.659999999999982
    vertex 56.85297089933308 5.7932059716598765 26.38000000000001
  endloop
endfacet
facet normal 0.9764039755574242 0.21595202364334787 3.335204474626851e-14
  outer loop
    vertex 56.852970899333066 5.793205971659885 26.659999999999982
    vertex 56.79336895727841 6.0626897773278925 26.38000000000001
    vertex 56.7933689572784 6.062689777327899 26.659999999999982
  endloop
endfacet
facet normal 0.44054513156557223 0.8977304645904989 -2.2781922869831794e-14
  outer loop
    vertex 56.42802783253145 6.348976783906847 26.659999999999982
    vertex 56.6391946468027 6.245350455465543 26.38000000000001
    vertex 56.428027832531455 6.348976783906833 26.38000000000001
  endloop
endfacet
facet normal 0.44054513156557223 0.8977304645904989 -2.2781922869831794e-14
  outer loop
    vertex 56.6391946468027 6.245350455465543 26.38000000000001
    vertex 56.42802783253145 6.348976783906847 26.659999999999982
    vertex 56.6391946468027 6.245350455465548 26.659999999999982
  endloop
endfacet
facet normal -0.02529613293674729 0.9996800016297448 -2.0167056362296555e-14
  outer loop
    vertex 56.09245802610431 6.378767870698341 26.659999999999982
    vertex 56.19479940388773 6.381357540485786 26.38000000000001
    vertex 56.092458026104346 6.378767870698337 26.38000000000001
  endloop
endfacet
facet normal -0.02529613293674729 0.9996800016297448 -2.0167056362296555e-14
  outer loop
    vertex 56.19479940388773 6.381357540485786 26.38000000000001
    vertex 56.09245802610431 6.378767870698341 26.659999999999982
    vertex 56.19479940388771 6.381357540485792 26.659999999999982
  endloop
endfacet
facet normal 0.42016517474252196 -0.9074476436321746 1.8267135078247466e-14
  outer loop
    vertex 56.6340153072278 5.255543079453411 26.80000000000001
    vertex 56.37101556026424 5.133769294028302 26.659999999999982
    vertex 56.6340153072278 5.255543079453406 26.659999999999982
  endloop
endfacet
facet normal 0.42016517474252196 -0.9074476436321746 1.8267135078247466e-14
  outer loop
    vertex 56.37101556026424 5.133769294028302 26.659999999999982
    vertex 56.6340153072278 5.255543079453411 26.80000000000001
    vertex 56.37101556026424 5.133769294028302 26.80000000000001
  endloop
endfacet
facet normal 0.13751803632238865 0.9904992628397228 3.381648350794238e-14
  outer loop
    vertex 56.19479940388771 6.381357540485793 26.80000000000001
    vertex 56.42802783253145 6.348976783906847 26.659999999999982
    vertex 56.19479940388771 6.381357540485792 26.659999999999982
  endloop
endfacet
facet normal 0.13751803632238865 0.9904992628397228 3.381648350794238e-14
  outer loop
    vertex 56.42802783253145 6.348976783906847 26.659999999999982
    vertex 56.19479940388771 6.381357540485793 26.80000000000001
    vertex 56.42802783253147 6.348976783906833 26.80000000000001
  endloop
endfacet
facet normal -1.0 -6.676793657831742e-15 -4.0285235464961563e-14
  outer loop
    vertex 56.01601334619539 5.927947874493894 26.80000000000001
    vertex 56.0160133461954 5.0832410804655535 26.659999999999982
    vertex 56.0160133461954 5.0832410804655535 26.80000000000001
  endloop
endfacet
facet normal -1.0 -6.676793657831742e-15 -4.0285235464961563e-14
  outer loop
    vertex 56.0160133461954 5.0832410804655535 26.659999999999982
    vertex 56.01601334619539 5.927947874493894 26.80000000000001
    vertex 56.0160133461954 5.927947874493892 26.659999999999982
  endloop
endfacet
facet normal 0.14091193755219183 -0.9900221340229153 0.0
  outer loop
    vertex 56.37101556026424 5.133769294028302 26.80000000000001
    vertex 56.0160133461954 5.0832410804655535 26.659999999999982
    vertex 56.37101556026424 5.133769294028302 26.659999999999982
  endloop
endfacet
facet normal 0.14091193755219183 -0.9900221340229153 0.0
  outer loop
    vertex 56.0160133461954 5.0832410804655535 26.659999999999982
    vertex 56.37101556026424 5.133769294028302 26.80000000000001
    vertex 56.0160133461954 5.0832410804655535 26.80000000000001
  endloop
endfacet
facet normal 0.9856422045861348 -0.16884740015346397 4.228970431022975e-14
  outer loop
    vertex 56.852970899333066 5.793205971659885 26.659999999999982
    vertex 56.79726334619539 5.468014612854217 26.80000000000001
    vertex 56.79726334619541 5.4680146128542155 26.659999999999982
  endloop
endfacet
facet normal 0.9856422045861348 -0.16884740015346397 4.228970431022975e-14
  outer loop
    vertex 56.79726334619539 5.468014612854217 26.80000000000001
    vertex 56.852970899333066 5.793205971659885 26.659999999999982
    vertex 56.852970899333066 5.793205971659888 26.80000000000001
  endloop
endfacet
facet normal 0.4405451315655772 0.8977304645904963 1.941233858961799e-14
  outer loop
    vertex 56.42802783253147 6.348976783906833 26.80000000000001
    vertex 56.6391946468027 6.245350455465548 26.659999999999982
    vertex 56.42802783253145 6.348976783906847 26.659999999999982
  endloop
endfacet
facet normal 0.4405451315655772 0.8977304645904963 1.941233858961799e-14
  outer loop
    vertex 56.6391946468027 6.245350455465548 26.659999999999982
    vertex 56.42802783253147 6.348976783906833 26.80000000000001
    vertex 56.63919464680273 6.245350455465535 26.80000000000001
  endloop
endfacet
facet normal 0.7641793765428977 0.6450037832962751 -4.046244197685011e-14
  outer loop
    vertex 56.6391946468027 6.245350455465548 26.659999999999982
    vertex 56.7933689572784 6.062689777327904 26.80000000000001
    vertex 56.7933689572784 6.062689777327899 26.659999999999982
  endloop
endfacet
facet normal 0.7641793765428977 0.6450037832962751 -4.046244197685011e-14
  outer loop
    vertex 56.7933689572784 6.062689777327904 26.80000000000001
    vertex 56.6391946468027 6.245350455465548 26.659999999999982
    vertex 56.63919464680273 6.245350455465535 26.80000000000001
  endloop
endfacet
facet normal -0.025296132936748685 0.9996800016297448 -1.3064147686536436e-14
  outer loop
    vertex 56.09245802610434 6.378767870698344 26.80000000000001
    vertex 56.19479940388771 6.381357540485792 26.659999999999982
    vertex 56.09245802610431 6.378767870698341 26.659999999999982
  endloop
endfacet
facet normal -0.025296132936748685 0.9996800016297448 -1.3064147686536436e-14
  outer loop
    vertex 56.19479940388771 6.381357540485792 26.659999999999982
    vertex 56.09245802610434 6.378767870698344 26.80000000000001
    vertex 56.19479940388771 6.381357540485793 26.80000000000001
  endloop
endfacet
facet normal 0.792969440561313 -0.6092614105093792 4.724755008208171e-14
  outer loop
    vertex 56.79726334619541 5.4680146128542155 26.659999999999982
    vertex 56.6340153072278 5.255543079453411 26.80000000000001
    vertex 56.6340153072278 5.255543079453406 26.659999999999982
  endloop
endfacet
facet normal 0.792969440561313 -0.6092614105093792 4.724755008208171e-14
  outer loop
    vertex 56.6340153072278 5.255543079453411 26.80000000000001
    vertex 56.79726334619541 5.4680146128542155 26.659999999999982
    vertex 56.79726334619539 5.468014612854217 26.80000000000001
  endloop
endfacet
facet normal 0.9764039755574242 0.21595202364334812 -5.984878358651438e-15
  outer loop
    vertex 56.7933689572784 6.062689777327899 26.659999999999982
    vertex 56.852970899333066 5.793205971659888 26.80000000000001
    vertex 56.852970899333066 5.793205971659885 26.659999999999982
  endloop
endfacet
facet normal 0.9764039755574242 0.21595202364334812 -5.984878358651438e-15
  outer loop
    vertex 56.852970899333066 5.793205971659888 26.80000000000001
    vertex 56.7933689572784 6.062689777327899 26.659999999999982
    vertex 56.7933689572784 6.062689777327904 26.80000000000001
  endloop
endfacet
facet normal 0.7641793765428798 0.6450037832962963 1.5930986022642255e-15
  outer loop
    vertex 56.6391946468027 6.245350455465543 26.38000000000001
    vertex 56.7933689572784 6.062689777327899 26.659999999999982
    vertex 56.79336895727841 6.0626897773278925 26.38000000000001
  endloop
endfacet
facet normal 0.7641793765428798 0.6450037832962963 1.5930986022642255e-15
  outer loop
    vertex 56.7933689572784 6.062689777327899 26.659999999999982
    vertex 56.6391946468027 6.245350455465543 26.38000000000001
    vertex 56.6391946468027 6.245350455465548 26.659999999999982
  endloop
endfacet
facet normal -1.0 -6.67679365783174e-15 -6.042785319746043e-14
  outer loop
    vertex 56.0160133461954 5.0832410804655535 26.659999999999982
    vertex 56.016013346195415 5.927947874493882 26.38000000000001
    vertex 56.01601334619542 5.083241080465545 26.38000000000001
  endloop
endfacet
facet normal -1.0 -6.67679365783174e-15 -6.042785319746043e-14
  outer loop
    vertex 56.016013346195415 5.927947874493882 26.38000000000001
    vertex 56.0160133461954 5.0832410804655535 26.659999999999982
    vertex 56.0160133461954 5.927947874493892 26.659999999999982
  endloop
endfacet
facet normal -0.9956048502842559 -0.09365352150594379 -5.733834912241994e-14
  outer loop
    vertex 56.0160133461954 5.927947874493892 26.659999999999982
    vertex 55.97457862959624 6.368428960020198 26.380000000000017
    vertex 56.016013346195415 5.927947874493882 26.38000000000001
  endloop
endfacet
facet normal -0.9956048502842559 -0.09365352150594379 -5.733834912241994e-14
  outer loop
    vertex 55.97457862959624 6.368428960020198 26.380000000000017
    vertex 56.0160133461954 5.927947874493892 26.659999999999982
    vertex 55.974578629596216 6.368428960020205 26.659999999999982
  endloop
endfacet
facet normal 0.4201651747425177 -0.9074476436321764 3.313132047781104e-14
  outer loop
    vertex 56.6340153072278 5.255543079453406 26.659999999999982
    vertex 56.371015560264254 5.133769294028296 26.38000000000001
    vertex 56.63401530722779 5.255543079453392 26.38000000000001
  endloop
endfacet
facet normal 0.4201651747425177 -0.9074476436321764 3.313132047781104e-14
  outer loop
    vertex 56.371015560264254 5.133769294028296 26.38000000000001
    vertex 56.6340153072278 5.255543079453406 26.659999999999982
    vertex 56.37101556026424 5.133769294028302 26.659999999999982
  endloop
endfacet
facet normal 0.7929694405612786 -0.6092614105094238 4.1273213186206634e-14
  outer loop
    vertex 56.79726334619543 5.468014612854207 26.38000000000001
    vertex 56.6340153072278 5.255543079453406 26.659999999999982
    vertex 56.63401530722779 5.255543079453392 26.38000000000001
  endloop
endfacet
facet normal 0.7929694405612786 -0.6092614105094238 4.1273213186206634e-14
  outer loop
    vertex 56.6340153072278 5.255543079453406 26.659999999999982
    vertex 56.79726334619543 5.468014612854207 26.38000000000001
    vertex 56.79726334619541 5.4680146128542155 26.659999999999982
  endloop
endfacet
facet normal -0.08737211375532597 0.9961757444035297 -2.8867865300019226e-14
  outer loop
    vertex 55.97457862959624 6.368428960020198 26.380000000000017
    vertex 56.09245802610431 6.378767870698341 26.659999999999982
    vertex 56.092458026104346 6.378767870698337 26.38000000000001
  endloop
endfacet
facet normal -0.08737211375532597 0.9961757444035297 -2.8867865300019226e-14
  outer loop
    vertex 56.09245802610431 6.378767870698341 26.659999999999982
    vertex 55.97457862959624 6.368428960020198 26.380000000000017
    vertex 55.974578629596216 6.368428960020205 26.659999999999982
  endloop
endfacet
facet normal -0.9956048502842548 -0.09365352150595672 -7.928253653456651e-14
  outer loop
    vertex 56.01601334619539 5.927947874493894 26.80000000000001
    vertex 55.974578629596216 6.368428960020205 26.659999999999982
    vertex 56.0160133461954 5.927947874493892 26.659999999999982
  endloop
endfacet
facet normal -0.9956048502842548 -0.09365352150595672 -7.928253653456651e-14
  outer loop
    vertex 55.974578629596216 6.368428960020205 26.659999999999982
    vertex 56.01601334619539 5.927947874493894 26.80000000000001
    vertex 55.9745786295962 6.368428960020206 26.80000000000001
  endloop
endfacet
facet normal 0.0 0.0 1.0
  outer loop
    vertex 56.01601334619539 5.927947874493894 26.80000000000001
    vertex 56.09245802610434 6.378767870698344 26.80000000000001
    vertex 55.9745786295962 6.368428960020206 26.80000000000001
  endloop
endfacet
facet normal 0.0 0.0 1.0
  outer loop
    vertex 56.09245802610434 6.378767870698344 26.80000000000001
    vertex 56.01601334619539 5.927947874493894 26.80000000000001
    vertex 56.0160133461954 5.0832410804655535 26.80000000000001
  endloop
endfacet
facet normal 0.0 0.0 1.0
  outer loop
    vertex 56.09245802610434 6.378767870698344 26.80000000000001
    vertex 56.0160133461954 5.0832410804655535 26.80000000000001
    vertex 56.37101556026424 5.133769294028302 26.80000000000001
  endloop
endfacet
facet normal 0.0 0.0 1.0
  outer loop
    vertex 56.09245802610434 6.378767870698344 26.80000000000001
    vertex 56.37101556026424 5.133769294028302 26.80000000000001
    vertex 56.19479940388771 6.381357540485793 26.80000000000001
  endloop
endfacet
facet normal 0.0 0.0 1.0
  outer loop
    vertex 56.19479940388771 6.381357540485793 26.80000000000001
    vertex 56.37101556026424 5.133769294028302 26.80000000000001
    vertex 56.42802783253147 6.348976783906833 26.80000000000001
  endloop
endfacet
facet normal 0.0 0.0 1.0
  outer loop
    vertex 56.42802783253147 6.348976783906833 26.80000000000001
    vertex 56.37101556026424 5.133769294028302 26.80000000000001
    vertex 56.6340153072278 5.255543079453411 26.80000000000001
  endloop
endfacet
facet normal 0.0 0.0 1.0
  outer loop
    vertex 56.42802783253147 6.348976783906833 26.80000000000001
    vertex 56.6340153072278 5.255543079453411 26.80000000000001
    vertex 56.63919464680273 6.245350455465535 26.80000000000001
  endloop
endfacet
facet normal 0.0 0.0 1.0
  outer loop
    vertex 56.63919464680273 6.245350455465535 26.80000000000001
    vertex 56.6340153072278 5.255543079453411 26.80000000000001
    vertex 56.79726334619539 5.468014612854217 26.80000000000001
  endloop
endfacet
facet normal 0.0 0.0 1.0
  outer loop
    vertex 56.63919464680273 6.245350455465535 26.80000000000001
    vertex 56.79726334619539 5.468014612854217 26.80000000000001
    vertex 56.7933689572784 6.062689777327904 26.80000000000001
  endloop
endfacet
facet normal 0.0 0.0 1.0
  outer loop
    vertex 56.7933689572784 6.062689777327904 26.80000000000001
    vertex 56.79726334619539 5.468014612854217 26.80000000000001
    vertex 56.852970899333066 5.793205971659888 26.80000000000001
  endloop
endfacet
facet normal 0.14091193755219786 -0.9900221340229144 3.593432689279856e-14
  outer loop
    vertex 56.37101556026424 5.133769294028302 26.659999999999982
    vertex 56.01601334619542 5.083241080465545 26.38000000000001
    vertex 56.371015560264254 5.133769294028296 26.38000000000001
  endloop
endfacet
facet normal 0.14091193755219786 -0.9900221340229144 3.593432689279856e-14
  outer loop
    vertex 56.01601334619542 5.083241080465545 26.38000000000001
    vertex 56.37101556026424 5.133769294028302 26.659999999999982
    vertex 56.0160133461954 5.0832410804655535 26.659999999999982
  endloop
endfacet
facet normal 0.9856422045861404 -0.16884740015343108 6.509165642529842e-14
  outer loop
    vertex 56.85297089933308 5.7932059716598765 26.38000000000001
    vertex 56.79726334619541 5.4680146128542155 26.659999999999982
    vertex 56.79726334619543 5.468014612854207 26.38000000000001
  endloop
endfacet
facet normal 0.9856422045861404 -0.16884740015343108 6.509165642529842e-14
  outer loop
    vertex 56.79726334619541 5.4680146128542155 26.659999999999982
    vertex 56.85297089933308 5.7932059716598765 26.38000000000001
    vertex 56.852970899333066 5.793205971659885 26.659999999999982
  endloop
endfacet
facet normal 0.13751803632238374 0.9904992628397234 -2.660145397093396e-14
  outer loop
    vertex 56.19479940388771 6.381357540485792 26.659999999999982
    vertex 56.428027832531455 6.348976783906833 26.38000000000001
    vertex 56.19479940388773 6.381357540485786 26.38000000000001
  endloop
endfacet
facet normal 0.13751803632238374 0.9904992628397234 -2.660145397093396e-14
  outer loop
    vertex 56.428027832531455 6.348976783906833 26.38000000000001
    vertex 56.19479940388771 6.381357540485792 26.659999999999982
    vertex 56.42802783253145 6.348976783906847 26.659999999999982
  endloop
endfacet
facet normal -0.9899511222733792 0.14140995548290433 3.917148464816635e-14
  outer loop
    vertex 53.091188890223776 6.526458122469597 26.80000000000002
    vertex 52.95387708607395 5.565196419534376 26.659999999999982
    vertex 52.95387708607395 5.565196419534376 26.80000000000001
  endloop
endfacet
facet normal -0.9899511222733792 0.14140995548290433 3.917148464816635e-14
  outer loop
    vertex 52.95387708607395 5.565196419534376 26.659999999999982
    vertex 53.091188890223776 6.526458122469597 26.80000000000002
    vertex 53.09118889022376 6.526458122469596 26.659999999999982
  endloop
endfacet
facet normal 0.9903183544122196 0.13881482959062327 -4.1632201314964666e-14
  outer loop
    vertex 53.09118889022376 6.526458122469596 26.659999999999982
    vertex 53.22593079305778 5.565196419534379 26.80000000000002
    vertex 53.22593079305778 5.565196419534376 26.659999999999982
  endloop
endfacet
facet normal 0.9903183544122196 0.13881482959062327 -4.1632201314964666e-14
  outer loop
    vertex 53.22593079305778 5.565196419534379 26.80000000000002
    vertex 53.09118889022376 6.526458122469596 26.659999999999982
    vertex 53.091188890223776 6.526458122469597 26.80000000000002
  endloop
endfacet
facet normal 0.9903183544122187 0.13881482959062807 -7.740651683293753e-18
  outer loop
    vertex 53.091188890223755 6.526458122469593 25.820000000000018
    vertex 53.22593079305776 5.565196419534368 26.380000000000017
    vertex 53.22593079305776 5.565196419534367 25.820000000000018
  endloop
endfacet
facet normal 0.9903183544122187 0.13881482959062807 -7.740651683293753e-18
  outer loop
    vertex 53.22593079305776 5.565196419534368 26.380000000000017
    vertex 53.091188890223755 6.526458122469593 25.820000000000018
    vertex 53.091188890223755 6.526458122469592 26.380000000000017
  endloop
endfacet
facet normal -0.971458610803116 0.23720912186608734 -2.1120519613913964e-17
  outer loop
    vertex 52.95387708607395 5.565196419534376 26.80000000000001
    vertex 52.736226213098256 4.6738360323886265 26.659999999999982
    vertex 52.736226213098256 4.6738360323886265 26.80000000000002
  endloop
endfacet
facet normal -0.971458610803116 0.23720912186608734 -2.1120519613913964e-17
  outer loop
    vertex 52.736226213098256 4.6738360323886265 26.659999999999982
    vertex 52.95387708607395 5.565196419534376 26.80000000000001
    vertex 52.95387708607395 5.565196419534376 26.659999999999982
  endloop
endfacet
facet normal 0.0 -1.0 2.5178272165609115e-14
  outer loop
    vertex 53.44619110429258 4.6738360323886265 26.659999999999982
    vertex 52.736226213098256 4.673836032388619 26.380000000000017
    vertex 53.44619110429258 4.673836032388619 26.380000000000017
  endloop
endfacet
facet normal 0.0 -1.0 2.5178272165609115e-14
  outer loop
    vertex 52.736226213098256 4.673836032388619 26.380000000000017
    vertex 53.44619110429258 4.6738360323886265 26.659999999999982
    vertex 52.736226213098256 4.6738360323886265 26.659999999999982
  endloop
endfacet
facet normal -0.9714586108031158 0.23720912186608747 -6.515806446967349e-15
  outer loop
    vertex 52.736226213098256 4.6738360323886265 26.659999999999982
    vertex 52.95387708607395 5.565196419534368 26.38000000000002
    vertex 52.736226213098256 4.673836032388619 26.380000000000017
  endloop
endfacet
facet normal -0.9714586108031158 0.23720912186608747 -6.515806446967349e-15
  outer loop
    vertex 52.95387708607395 5.565196419534368 26.38000000000002
    vertex 52.736226213098256 4.6738360323886265 26.659999999999982
    vertex 52.95387708607395 5.565196419534376 26.659999999999982
  endloop
endfacet
facet normal 0.9708000020645082 0.2398902999113361 -1.7657461974801679e-15
  outer loop
    vertex 53.22593079305778 5.565196419534376 26.659999999999982
    vertex 53.44619110429258 4.6738360323886265 26.80000000000002
    vertex 53.44619110429258 4.6738360323886265 26.659999999999982
  endloop
endfacet
facet normal 0.9708000020645082 0.2398902999113361 -1.7657461974801679e-15
  outer loop
    vertex 53.44619110429258 4.6738360323886265 26.80000000000002
    vertex 53.22593079305778 5.565196419534376 26.659999999999982
    vertex 53.22593079305778 5.565196419534379 26.80000000000002
  endloop
endfacet
facet normal 0.9708000020645053 0.2398902999113485 -3.0766789804575953e-16
  outer loop
    vertex 53.22593079305776 5.565196419534367 25.820000000000018
    vertex 53.44619110429258 4.673836032388619 26.380000000000017
    vertex 53.44619110429258 4.673836032388619 25.820000000000018
  endloop
endfacet
facet normal 0.9708000020645053 0.2398902999113485 -3.0766789804575953e-16
  outer loop
    vertex 53.44619110429258 4.673836032388619 26.380000000000017
    vertex 53.22593079305776 5.565196419534367 25.820000000000018
    vertex 53.22593079305776 5.565196419534368 26.380000000000017
  endloop
endfacet
facet normal 0.0 -1.0 0.0
  outer loop
    vertex 53.44619110429258 4.673836032388619 26.380000000000017
    vertex 52.736226213098256 4.673836032388619 25.820000000000025
    vertex 53.44619110429258 4.673836032388619 25.820000000000018
  endloop
endfacet
facet normal 0.0 -1.0 0.0
  outer loop
    vertex 52.736226213098256 4.673836032388619 25.820000000000025
    vertex 53.44619110429258 4.673836032388619 26.380000000000017
    vertex 52.736226213098256 4.673836032388619 26.380000000000017
  endloop
endfacet
facet normal 0.9708000020645068 0.23989029991134236 -2.617767145161968e-14
  outer loop
    vertex 53.22593079305776 5.565196419534368 26.380000000000017
    vertex 53.44619110429258 4.6738360323886265 26.659999999999982
    vertex 53.44619110429258 4.673836032388619 26.380000000000017
  endloop
endfacet
facet normal 0.9708000020645068 0.23989029991134236 -2.617767145161968e-14
  outer loop
    vertex 53.44619110429258 4.6738360323886265 26.659999999999982
    vertex 53.22593079305776 5.565196419534368 26.380000000000017
    vertex 53.22593079305778 5.565196419534376 26.659999999999982
  endloop
endfacet
facet normal -0.9899511222733809 0.14140995548289276 1.6743833833984264e-14
  outer loop
    vertex 52.95387708607395 5.565196419534376 26.659999999999982
    vertex 53.091188890223755 6.526458122469592 26.380000000000017
    vertex 52.95387708607395 5.565196419534368 26.38000000000002
  endloop
endfacet
facet normal -0.9899511222733809 0.14140995548289276 1.6743833833984264e-14
  outer loop
    vertex 53.091188890223755 6.526458122469592 26.380000000000017
    vertex 52.95387708607395 5.565196419534376 26.659999999999982
    vertex 53.09118889022376 6.526458122469596 26.659999999999982
  endloop
endfacet
facet normal 0.0 -1.0 0.0
  outer loop
    vertex 53.44619110429258 4.6738360323886265 26.80000000000002
    vertex 52.736226213098256 4.6738360323886265 26.659999999999982
    vertex 53.44619110429258 4.6738360323886265 26.659999999999982
  endloop
endfacet
facet normal 0.0 -1.0 0.0
  outer loop
    vertex 52.736226213098256 4.6738360323886265 26.659999999999982
    vertex 53.44619110429258 4.6738360323886265 26.80000000000002
    vertex 52.736226213098256 4.6738360323886265 26.80000000000002
  endloop
endfacet
facet normal -2.668891750354541e-15 3.891285849781303e-16 1.0
  outer loop
    vertex 53.44619110429258 4.6738360323886265 26.80000000000002
    vertex 52.95387708607395 5.565196419534376 26.80000000000001
    vertex 52.736226213098256 4.6738360323886265 26.80000000000002
  endloop
endfacet
facet normal -2.668891750354541e-15 3.891285849781303e-16 1.0
  outer loop
    vertex 52.95387708607395 5.565196419534376 26.80000000000001
    vertex 53.44619110429258 4.6738360323886265 26.80000000000002
    vertex 53.22593079305778 5.565196419534379 26.80000000000002
  endloop
endfacet
facet normal -2.668891750354541e-15 3.891285849781303e-16 1.0
  outer loop
    vertex 52.95387708607395 5.565196419534376 26.80000000000001
    vertex 53.22593079305778 5.565196419534379 26.80000000000002
    vertex 53.091188890223776 6.526458122469597 26.80000000000002
  endloop
endfacet
facet normal -2.6688917503543997e-15 3.891285849780974e-16 -1.0
  outer loop
    vertex 52.95387708607395 5.565196419534368 26.38000000000002
    vertex 53.44619110429258 4.673836032388619 26.380000000000017
    vertex 52.736226213098256 4.673836032388619 26.380000000000017
  endloop
endfacet
facet normal -2.6688917503543997e-15 3.891285849780974e-16 -1.0
  outer loop
    vertex 53.44619110429258 4.673836032388619 26.380000000000017
    vertex 52.95387708607395 5.565196419534368 26.38000000000002
    vertex 53.22593079305776 5.565196419534368 26.380000000000017
  endloop
endfacet
facet normal -2.6688917503543997e-15 3.891285849780974e-16 -1.0
  outer loop
    vertex 53.22593079305776 5.565196419534368 26.380000000000017
    vertex 52.95387708607395 5.565196419534368 26.38000000000002
    vertex 53.091188890223755 6.526458122469592 26.380000000000017
  endloop
endfacet
facet normal 0.9903183544122187 0.1388148295906286 -4.304099992135688e-14
  outer loop
    vertex 53.091188890223755 6.526458122469592 26.380000000000017
    vertex 53.22593079305778 5.565196419534376 26.659999999999982
    vertex 53.22593079305776 5.565196419534368 26.380000000000017
  endloop
endfacet
facet normal 0.9903183544122187 0.1388148295906286 -4.304099992135688e-14
  outer loop
    vertex 53.22593079305778 5.565196419534376 26.659999999999982
    vertex 53.091188890223755 6.526458122469592 26.380000000000017
    vertex 53.09118889022376 6.526458122469596 26.659999999999982
  endloop
endfacet
facet normal -6.9192265054186714e-15 -1.7256288829201716e-15 -1.0
  outer loop
    vertex 52.95387708607395 5.565196419534368 25.820000000000018
    vertex 53.44619110429258 4.673836032388619 25.820000000000018
    vertex 52.736226213098256 4.673836032388619 25.820000000000025
  endloop
endfacet
facet normal -6.9192265054186714e-15 -1.7256288829201716e-15 -1.0
  outer loop
    vertex 53.44619110429258 4.673836032388619 25.820000000000018
    vertex 52.95387708607395 5.565196419534368 25.820000000000018
    vertex 53.22593079305776 5.565196419534367 25.820000000000018
  endloop
endfacet
facet normal -6.9192265054186714e-15 -1.7256288829201716e-15 -1.0
  outer loop
    vertex 53.22593079305776 5.565196419534367 25.820000000000018
    vertex 52.95387708607395 5.565196419534368 25.820000000000018
    vertex 53.091188890223755 6.526458122469593 25.820000000000018
  endloop
endfacet
facet normal -0.9899511222733818 0.14140995548288662 1.7436317010667912e-16
  outer loop
    vertex 53.091188890223755 6.526458122469592 26.380000000000017
    vertex 52.95387708607395 5.565196419534368 25.820000000000018
    vertex 52.95387708607395 5.565196419534368 26.38000000000002
  endloop
endfacet
facet normal -0.9899511222733818 0.14140995548288662 1.7436317010667912e-16
  outer loop
    vertex 52.95387708607395 5.565196419534368 25.820000000000018
    vertex 53.091188890223755 6.526458122469592 26.380000000000017
    vertex 53.091188890223755 6.526458122469593 25.820000000000018
  endloop
endfacet
facet normal -0.9714586108031158 0.23720912186608764 0.0
  outer loop
    vertex 52.95387708607395 5.565196419534368 26.38000000000002
    vertex 52.736226213098256 4.673836032388619 25.820000000000025
    vertex 52.736226213098256 4.673836032388619 26.380000000000017
  endloop
endfacet
facet normal -0.9714586108031158 0.23720912186608764 0.0
  outer loop
    vertex 52.736226213098256 4.673836032388619 25.820000000000025
    vertex 52.95387708607395 5.565196419534368 26.38000000000002
    vertex 52.95387708607395 5.565196419534368 25.820000000000018
  endloop
endfacet
facet normal 0.003005705833339174 -0.9999954761994095 0.00011538266622614717
  outer loop
    vertex 49.28998790837227 0.006676252983559116 16.29999999999999
    vertex 47.27990273903274 1.6205198758079825e-14 10.800000000000006
    vertex 49.28995324537924 0.005025253161808529 10.800000000000006
  endloop
endfacet
facet normal 0.003005705833339174 -0.9999954761994095 0.00011538266622614717
  outer loop
    vertex 47.27990273903274 1.6205198758079825e-14 10.800000000000006
    vertex 49.28998790837227 0.006676252983559116 16.29999999999999
    vertex 47.27990273903275 1.665848406571318e-14 16.299999999999994
  endloop
endfacet
facet normal 0.003005705833339174 -0.9999954761994095 0.00011538266622614717
  outer loop
    vertex 47.27990273903275 1.665848406571318e-14 16.299999999999994
    vertex 49.28998790837227 0.006676252983559116 16.29999999999999
    vertex 47.3878636783332 1.9703181445957636e-15 16.299999999999997
  endloop
endfacet
facet normal 1.0 -1.0071308866242491e-15 -1.0071308866242485e-15
  outer loop
    vertex 52.02990273903274 9.25000000000001 10.8
    vertex 52.02990273903276 8.250000000000012 15.799999999999999
    vertex 52.02990273903274 8.250000000000012 10.8
  endloop
endfacet
facet normal 1.0 -1.0071308866242491e-15 -1.0071308866242485e-15
  outer loop
    vertex 52.02990273903276 8.250000000000012 15.799999999999999
    vertex 52.02990273903274 9.25000000000001 10.8
    vertex 52.02990273903276 9.25000000000001 15.799999999999999
  endloop
endfacet
facet normal -1.0071308866242485e-15 -8.326672684688573e-17 -1.0
  outer loop
    vertex 54.62731124276282 9.25000000000001 15.799999999999997
    vertex 52.02990273903276 8.250000000000012 15.799999999999999
    vertex 52.02990273903276 9.25000000000001 15.799999999999999
  endloop
endfacet
facet normal -1.0071308866242485e-15 -8.326672684688573e-17 -1.0
  outer loop
    vertex 52.02990273903276 8.250000000000012 15.799999999999999
    vertex 54.62731124276282 9.25000000000001 15.799999999999997
    vertex 54.62731124276282 8.25000000000001 15.799999999999997
  endloop
endfacet
facet normal -1.0071308866242485e-15 -8.326672684688573e-17 -1.0
  outer loop
    vertex 54.62731124276282 8.25000000000001 15.799999999999997
    vertex 54.62731124276282 9.25000000000001 15.799999999999997
    vertex 54.7308646333561 9.500000000000009 15.799999999999997
  endloop
endfacet
facet normal -1.0071308866242485e-15 -8.326672684688573e-17 -1.0
  outer loop
    vertex 54.62731124276282 8.25000000000001 15.799999999999997
    vertex 54.7308646333561 9.500000000000009 15.799999999999997
    vertex 54.7308646333561 8.000000000000007 15.799999999999997
  endloop
endfacet
facet normal -1.0071308866242485e-15 -8.326672684688573e-17 -1.0
  outer loop
    vertex 54.7308646333561 8.000000000000007 15.799999999999997
    vertex 54.7308646333561 9.500000000000009 15.799999999999997
    vertex 54.969242567252934 9.81066017177983 15.799999999999997
  endloop
endfacet
facet normal -1.0071308866242485e-15 -8.326672684688573e-17 -1.0
  outer loop
    vertex 54.7308646333561 8.000000000000007 15.799999999999997
    vertex 54.969242567252934 9.81066017177983 15.799999999999997
    vertex 54.96924256725293 7.689339828220187 15.799999999999997
  endloop
endfacet
facet normal -1.0071308866242485e-15 -8.326672684688573e-17 -1.0
  outer loop
    vertex 54.96924256725293 7.689339828220187 15.799999999999997
    vertex 54.969242567252934 9.81066017177983 15.799999999999997
    vertex 55.27990273903275 7.450961894323351 15.799999999999997
  endloop
endfacet
facet normal -1.0071308866242485e-15 -8.326672684688573e-17 -1.0
  outer loop
    vertex 55.27990273903275 7.450961894323351 15.799999999999997
    vertex 54.969242567252934 9.81066017177983 15.799999999999997
    vertex 55.27990273903275 10.049038105676667 15.799999999999997
  endloop
endfacet
facet normal -1.0071308866242485e-15 -8.326672684688573e-17 -1.0
  outer loop
    vertex 55.27990273903275 7.450961894323351 15.799999999999997
    vertex 55.27990273903275 10.049038105676667 15.799999999999997
    vertex 55.64167417137897 10.19888873943361 15.799999999999997
  endloop
endfacet
facet normal -1.0071308866242485e-15 -8.326672684688573e-17 -1.0
  outer loop
    vertex 55.27990273903275 7.450961894323351 15.799999999999997
    vertex 55.64167417137897 10.19888873943361 15.799999999999997
    vertex 55.64167417137897 7.3011112605664055 15.799999999999997
  endloop
endfacet
facet normal -1.0071308866242485e-15 -8.326672684688573e-17 -1.0
  outer loop
    vertex 55.64167417137897 7.3011112605664055 15.799999999999997
    vertex 55.64167417137897 10.19888873943361 15.799999999999997
    vertex 56.02990273903275 10.250000000000007 15.799999999999997
  endloop
endfacet
facet normal -1.0071308866242485e-15 -8.326672684688573e-17 -1.0
  outer loop
    vertex 55.64167417137897 7.3011112605664055 15.799999999999997
    vertex 56.02990273903275 10.250000000000007 15.799999999999997
    vertex 56.02990273903275 7.250000000000006 15.799999999999997
  endloop
endfacet
facet normal -1.0071308866242485e-15 -8.326672684688573e-17 -1.0
  outer loop
    vertex 56.02990273903275 7.250000000000006 15.799999999999997
    vertex 56.02990273903275 10.250000000000007 15.799999999999997
    vertex 56.41813130668654 10.19888873943361 15.799999999999997
  endloop
endfacet
facet normal -1.0071308866242485e-15 -8.326672684688573e-17 -1.0
  outer loop
    vertex 56.02990273903275 7.250000000000006 15.799999999999997
    vertex 56.41813130668654 10.19888873943361 15.799999999999997
    vertex 56.418131306686526 7.301111260566404 15.799999999999997
  endloop
endfacet
facet normal -1.0071308866242485e-15 -8.326672684688573e-17 -1.0
  outer loop
    vertex 56.418131306686526 7.301111260566404 15.799999999999997
    vertex 56.41813130668654 10.19888873943361 15.799999999999997
    vertex 56.77990273903275 7.450961894323348 15.799999999999997
  endloop
endfacet
facet normal -1.0071308866242485e-15 -8.326672684688573e-17 -1.0
  outer loop
    vertex 56.77990273903275 7.450961894323348 15.799999999999997
    vertex 56.41813130668654 10.19888873943361 15.799999999999997
    vertex 56.77990273903275 10.049038105676663 15.799999999999997
  endloop
endfacet
facet normal -1.0071308866242485e-15 -8.326672684688573e-17 -1.0
  outer loop
    vertex 56.77990273903275 7.450961894323348 15.799999999999997
    vertex 56.77990273903275 10.049038105676663 15.799999999999997
    vertex 57.09056291081257 9.810660171779828 15.799999999999994
  endloop
endfacet
facet normal -1.0071308866242485e-15 -8.326672684688573e-17 -1.0
  outer loop
    vertex 56.77990273903275 7.450961894323348 15.799999999999997
    vertex 57.09056291081257 9.810660171779828 15.799999999999994
    vertex 57.09056291081257 7.689339828220185 15.799999999999994
  endloop
endfacet
facet normal -1.0071308866242485e-15 -8.326672684688573e-17 -1.0
  outer loop
    vertex 57.09056291081257 7.689339828220185 15.799999999999994
    vertex 57.09056291081257 9.810660171779828 15.799999999999994
    vertex 57.32894084470941 9.500000000000007 15.799999999999994
  endloop
endfacet
facet normal -1.0071308866242485e-15 -8.326672684688573e-17 -1.0
  outer loop
    vertex 57.09056291081257 7.689339828220185 15.799999999999994
    vertex 57.32894084470941 9.500000000000007 15.799999999999994
    vertex 57.32894084470941 8.000000000000007 15.799999999999994
  endloop
endfacet
facet normal -1.0071308866242485e-15 -8.326672684688573e-17 -1.0
  outer loop
    vertex 57.32894084470941 8.000000000000007 15.799999999999994
    vertex 57.32894084470941 9.500000000000007 15.799999999999994
    vertex 57.432494235302684 9.250000000000005 15.799999999999994
  endloop
endfacet
facet normal -1.0071308866242485e-15 -8.326672684688573e-17 -1.0
  outer loop
    vertex 57.32894084470941 8.000000000000007 15.799999999999994
    vertex 57.432494235302684 9.250000000000005 15.799999999999994
    vertex 57.432494235302684 8.250000000000005 15.799999999999994
  endloop
endfacet
facet normal -1.0071308866242485e-15 -8.326672684688573e-17 -1.0
  outer loop
    vertex 57.432494235302684 8.250000000000005 15.799999999999994
    vertex 57.432494235302684 9.250000000000005 15.799999999999994
    vertex 60.02990273903275 9.250000000000004 15.79999999999999
  endloop
endfacet
facet normal -1.0071308866242485e-15 -8.326672684688573e-17 -1.0
  outer loop
    vertex 57.432494235302684 8.250000000000005 15.799999999999994
    vertex 60.02990273903275 9.250000000000004 15.79999999999999
    vertex 60.02990273903275 8.250000000000005 15.79999999999999
  endloop
endfacet
facet normal -0.3826834323651207 -0.923879532511274 3.459679221241762e-14
  outer loop
    vertex 55.64167417137898 7.3011112605664055 16.29999999999999
    vertex 55.27990273903275 7.450961894323351 15.799999999999997
    vertex 55.64167417137897 7.3011112605664055 15.799999999999997
  endloop
endfacet
facet normal -0.3826834323651207 -0.923879532511274 3.459679221241762e-14
  outer loop
    vertex 55.27990273903275 7.450961894323351 15.799999999999997
    vertex 55.64167417137898 7.3011112605664055 16.29999999999999
    vertex 55.27990273903279 7.450961894323365 16.29999999999999
  endloop
endfacet
facet normal -0.9238795325112863 -0.38268343236509095 -2.1615231837909416e-15
  outer loop
    vertex 54.62731124276282 8.250000000000007 16.299999999999994
    vertex 54.7308646333561 8.000000000000007 15.799999999999997
    vertex 54.7308646333561 8.000000000000005 16.299999999999994
  endloop
endfacet
facet normal -0.9238795325112863 -0.38268343236509095 -2.1615231837909416e-15
  outer loop
    vertex 54.7308646333561 8.000000000000007 15.799999999999997
    vertex 54.62731124276282 8.250000000000007 16.299999999999994
    vertex 54.62731124276282 8.25000000000001 15.799999999999997
  endloop
endfacet
facet normal -0.9238795325112849 0.38268343236509467 1.1755015914631283e-28
  outer loop
    vertex 54.7308646333561 9.500000000000009 16.299999999999994
    vertex 54.62731124276282 9.25000000000001 15.799999999999997
    vertex 54.62731124276282 9.25000000000001 16.299999999999994
  endloop
endfacet
facet normal -0.9238795325112849 0.38268343236509467 1.1755015914631283e-28
  outer loop
    vertex 54.62731124276282 9.25000000000001 15.799999999999997
    vertex 54.7308646333561 9.500000000000009 16.299999999999994
    vertex 54.7308646333561 9.500000000000009 15.799999999999997
  endloop
endfacet
facet normal -1.0071970435460085e-15 -4.8042582852913933e-17 -1.0
  outer loop
    vertex 62.77990273903275 9.25 10.799999999999988
    vertex 60.02990273903274 8.250000000000004 10.799999999999994
    vertex 60.02990273903274 9.250000000000004 10.799999999999994
  endloop
endfacet
facet normal -1.0071970435460085e-15 -4.8042582852913933e-17 -1.0
  outer loop
    vertex 60.02990273903274 8.250000000000004 10.799999999999994
    vertex 62.77990273903275 9.25 10.799999999999988
    vertex 62.77990273903275 8.25 10.799999999999988
  endloop
endfacet
facet normal -1.0071970435460085e-15 -4.8042582852913933e-17 -1.0
  outer loop
    vertex 62.77990273903275 8.25 10.799999999999988
    vertex 62.77990273903275 9.25 10.799999999999988
    vertex 62.77990273903276 15.5 10.799999999999988
  endloop
endfacet
facet normal -1.0071970435460085e-15 -4.8042582852913933e-17 -1.0
  outer loop
    vertex 62.77990273903275 8.25 10.799999999999988
    vertex 62.77990273903276 15.5 10.799999999999988
    vertex 62.77990273903275 1.9999999999999996 10.799999999999988
  endloop
endfacet
facet normal -1.0071970435460085e-15 -4.8042582852913933e-17 -1.0
  outer loop
    vertex 47.27990273903276 17.500000000000014 10.800000000000006
    vertex 49.27990273903275 9.250000000000014 10.800000000000006
    vertex 49.27990273903274 2.0000000000000147 10.800000000000006
  endloop
endfacet
facet normal -1.0071970435460085e-15 -4.8042582852913933e-17 -1.0
  outer loop
    vertex 49.27990273903275 9.250000000000014 10.800000000000006
    vertex 47.27990273903276 17.500000000000014 10.800000000000006
    vertex 49.27990273903276 15.50000000000001 10.800000000000006
  endloop
endfacet
facet normal -1.0071970435460085e-15 -4.8042582852913933e-17 -1.0
  outer loop
    vertex 49.27990273903276 15.50000000000001 10.800000000000006
    vertex 47.27990273903276 17.500000000000014 10.800000000000006
    vertex 49.279902739032764 17.500000000000014 10.800000000000006
  endloop
endfacet
facet normal -1.0071970435460085e-15 -4.8042582852913933e-17 -1.0
  outer loop
    vertex 49.27990273903276 15.50000000000001 10.800000000000006
    vertex 49.279902739032764 17.500000000000014 10.800000000000006
    vertex 50.27990273903276 16.50000000000001 10.8
  endloop
endfacet
facet normal -1.0071970435460085e-15 -4.8042582852913933e-17 -1.0
  outer loop
    vertex 49.27990273903276 15.50000000000001 10.800000000000006
    vertex 50.27990273903276 16.50000000000001 10.8
    vertex 62.77990273903276 15.5 10.799999999999988
  endloop
endfacet
facet normal -1.0071970435460085e-15 -4.8042582852913933e-17 -1.0
  outer loop
    vertex 62.77990273903276 15.5 10.799999999999988
    vertex 50.27990273903276 16.50000000000001 10.8
    vertex 52.27990273903276 16.50000000000001 10.8
  endloop
endfacet
facet normal -1.0071970435460085e-15 -4.8042582852913933e-17 -1.0
  outer loop
    vertex 62.77990273903276 15.5 10.799999999999988
    vertex 52.27990273903276 16.50000000000001 10.8
    vertex 53.279902739032764 17.50000000000001 10.8
  endloop
endfacet
facet normal -1.0071970435460085e-15 -4.8042582852913933e-17 -1.0
  outer loop
    vertex 62.77990273903276 15.5 10.799999999999988
    vertex 53.279902739032764 17.50000000000001 10.8
    vertex 59.77990273903275 16.500000000000004 10.799999999999994
  endloop
endfacet
facet normal -1.0071970435460085e-15 -4.8042582852913933e-17 -1.0
  outer loop
    vertex 59.77990273903275 16.500000000000004 10.799999999999994
    vertex 53.279902739032764 17.50000000000001 10.8
    vertex 58.77990273903276 17.500000000000004 10.799999999999994
  endloop
endfacet
facet normal -1.0071970435460085e-15 -4.8042582852913933e-17 -1.0
  outer loop
    vertex 62.77990273903276 15.5 10.799999999999988
    vertex 59.77990273903275 16.500000000000004 10.799999999999994
    vertex 61.779902739032764 16.5 10.799999999999988
  endloop
endfacet
facet normal -1.0071970435460085e-15 -4.8042582852913933e-17 -1.0
  outer loop
    vertex 62.77990273903276 15.5 10.799999999999988
    vertex 61.779902739032764 16.5 10.799999999999988
    vertex 62.77990273903276 17.5 10.799999999999988
  endloop
endfacet
facet normal -1.0071970435460085e-15 -4.8042582852913933e-17 -1.0
  outer loop
    vertex 62.77990273903276 15.5 10.799999999999988
    vertex 62.77990273903276 17.5 10.799999999999988
    vertex 64.77990273903275 17.5 10.799999999999988
  endloop
endfacet
facet normal -1.0071970435460085e-15 -4.8042582852913933e-17 -1.0
  outer loop
    vertex 62.77990273903276 15.5 10.799999999999988
    vertex 64.77990273903275 17.5 10.799999999999988
    vertex 64.77990273903274 -2.82957499911848e-15 10.799999999999988
  endloop
endfacet
facet normal -1.0071970435460085e-15 -4.8042582852913933e-17 -1.0
  outer loop
    vertex 47.27990273903276 17.500000000000014 10.800000000000006
    vertex 49.28995324537924 0.005025253161808529 10.800000000000006
    vertex 47.27990273903274 1.6205198758079825e-14 10.800000000000006
  endloop
endfacet
facet normal -1.0071970435460085e-15 -4.8042582852913933e-17 -1.0
  outer loop
    vertex 49.28995324537924 0.005025253161808529 10.800000000000006
    vertex 47.27990273903276 17.500000000000014 10.800000000000006
    vertex 49.27990273903274 2.0000000000000147 10.800000000000006
  endloop
endfacet
facet normal -1.0071970435460085e-15 -4.8042582852913933e-17 -1.0
  outer loop
    vertex 49.28995324537924 0.005025253161808529 10.800000000000006
    vertex 49.27990273903274 2.0000000000000147 10.800000000000006
    vertex 50.27990273903274 1.0000000000000129 10.8
  endloop
endfacet
facet normal -1.0071970435460085e-15 -4.8042582852913933e-17 -1.0
  outer loop
    vertex 50.27990273903274 1.0000000000000129 10.8
    vertex 49.27990273903274 2.0000000000000147 10.800000000000006
    vertex 62.77990273903275 1.9999999999999996 10.799999999999988
  endloop
endfacet
facet normal -1.0071970435460085e-15 -4.8042582852913933e-17 -1.0
  outer loop
    vertex 49.28995324537924 0.005025253161808529 10.800000000000006
    vertex 50.27990273903274 1.0000000000000129 10.8
    vertex 49.78492799825415 0.5025126326521144 10.800000000000006
  endloop
endfacet
facet normal -1.0071970435460085e-15 -4.8042582852913933e-17 -1.0
  outer loop
    vertex 50.27990273903274 1.0000000000000129 10.8
    vertex 62.77990273903275 1.9999999999999996 10.799999999999988
    vertex 52.27990273903274 1.000000000000011 10.8
  endloop
endfacet
facet normal -1.0071970435460085e-15 -4.8042582852913933e-17 -1.0
  outer loop
    vertex 52.27990273903274 1.000000000000011 10.8
    vertex 62.77990273903275 1.9999999999999996 10.799999999999988
    vertex 53.27990273903274 9.663131206475607e-15 10.8
  endloop
endfacet
facet normal -1.0071970435460085e-15 -4.8042582852913933e-17 -1.0
  outer loop
    vertex 53.27990273903274 9.663131206475607e-15 10.8
    vertex 62.77990273903275 1.9999999999999996 10.799999999999988
    vertex 59.77990273903274 1.0000000000000024 10.799999999999994
  endloop
endfacet
facet normal -1.0071970435460085e-15 -4.8042582852913933e-17 -1.0
  outer loop
    vertex 53.27990273903274 9.663131206475607e-15 10.8
    vertex 59.77990273903274 1.0000000000000024 10.799999999999994
    vertex 58.77990273903274 3.2132103206270154e-15 10.799999999999994
  endloop
endfacet
facet normal -1.0071970435460085e-15 -4.8042582852913933e-17 -1.0
  outer loop
    vertex 59.77990273903274 1.0000000000000024 10.799999999999994
    vertex 62.77990273903275 1.9999999999999996 10.799999999999988
    vertex 61.779902739032735 1.0000000000000002 10.799999999999988
  endloop
endfacet
facet normal -1.0071970435460085e-15 -4.8042582852913933e-17 -1.0
  outer loop
    vertex 61.779902739032735 1.0000000000000002 10.799999999999988
    vertex 62.77990273903275 1.9999999999999996 10.799999999999988
    vertex 62.779902739032735 -4.4143495914590474e-16 10.799999999999988
  endloop
endfacet
facet normal -1.0071970435460085e-15 -4.8042582852913933e-17 -1.0
  outer loop
    vertex 62.779902739032735 -4.4143495914590474e-16 10.799999999999988
    vertex 62.77990273903275 1.9999999999999996 10.799999999999988
    vertex 64.77990273903274 -2.82957499911848e-15 10.799999999999988
  endloop
endfacet
facet normal -1.0071970435460085e-15 -4.8042582852913933e-17 -1.0
  outer loop
    vertex 64.77990273903274 -2.82957499911848e-15 10.799999999999988
    vertex 62.77990273903275 1.9999999999999996 10.799999999999988
    vertex 62.77990273903276 15.5 10.799999999999988
  endloop
endfacet
facet normal -1.0071970435460085e-15 -4.8042582852913933e-17 -1.0
  outer loop
    vertex 49.27990273903275 9.250000000000014 10.800000000000006
    vertex 49.27990273903275 8.250000000000014 10.800000000000006
    vertex 49.27990273903274 2.0000000000000147 10.800000000000006
  endloop
endfacet
facet normal -1.0071970435460085e-15 -4.8042582852913933e-17 -1.0
  outer loop
    vertex 49.27990273903275 8.250000000000014 10.800000000000006
    vertex 49.27990273903275 9.250000000000014 10.800000000000006
    vertex 52.02990273903274 9.25000000000001 10.8
  endloop
endfacet
facet normal -1.0071970435460085e-15 -4.8042582852913933e-17 -1.0
  outer loop
    vertex 49.27990273903275 8.250000000000014 10.800000000000006
    vertex 52.02990273903274 9.25000000000001 10.8
    vertex 52.02990273903274 8.250000000000012 10.8
  endloop
endfacet
facet normal -0.7933533402912112 -0.6087614290087519 4.352464498937397e-14
  outer loop
    vertex 54.96924256725297 7.689339828220202 16.29999999999999
    vertex 54.7308646333561 8.000000000000007 15.799999999999997
    vertex 54.96924256725293 7.689339828220187 15.799999999999997
  endloop
endfacet
facet normal -0.7933533402912112 -0.6087614290087519 4.352464498937397e-14
  outer loop
    vertex 54.7308646333561 8.000000000000007 15.799999999999997
    vertex 54.96924256725297 7.689339828220202 16.29999999999999
    vertex 54.7308646333561 8.000000000000005 16.299999999999994
  endloop
endfacet
facet normal 0.923879532511286 0.38268343236509195 -2.69688496305808e-15
  outer loop
    vertex 57.32894084470941 9.500000000000007 15.799999999999994
    vertex 57.432494235302684 9.250000000000009 16.29999999999999
    vertex 57.432494235302684 9.250000000000005 15.799999999999994
  endloop
endfacet
facet normal 0.923879532511286 0.38268343236509195 -2.69688496305808e-15
  outer loop
    vertex 57.432494235302684 9.250000000000009 16.29999999999999
    vertex 57.32894084470941 9.500000000000007 15.799999999999994
    vertex 57.32894084470941 9.50000000000001 16.29999999999999
  endloop
endfacet
facet normal 0.13052619222004877 0.9914448613738109 -2.870591633771264e-15
  outer loop
    vertex 56.02990273903275 10.250000000000009 16.299999999999994
    vertex 56.41813130668654 10.19888873943361 15.799999999999997
    vertex 56.02990273903275 10.250000000000007 15.799999999999997
  endloop
endfacet
facet normal 0.13052619222004877 0.9914448613738109 -2.870591633771264e-15
  outer loop
    vertex 56.41813130668654 10.19888873943361 15.799999999999997
    vertex 56.02990273903275 10.250000000000009 16.299999999999994
    vertex 56.41813130668655 10.19888873943361 16.299999999999994
  endloop
endfacet
facet normal 0.382683432365088 -0.9238795325112875 -6.097554832948894e-15
  outer loop
    vertex 56.77990273903275 7.450961894323345 16.29999999999999
    vertex 56.418131306686526 7.301111260566404 15.799999999999997
    vertex 56.77990273903275 7.450961894323348 15.799999999999997
  endloop
endfacet
facet normal 0.382683432365088 -0.9238795325112875 -6.097554832948894e-15
  outer loop
    vertex 56.418131306686526 7.301111260566404 15.799999999999997
    vertex 56.77990273903275 7.450961894323345 16.29999999999999
    vertex 56.41813130668652 7.301111260566396 16.29999999999999
  endloop
endfacet
facet normal 0.9238795325112844 -0.3826834323650956 1.6194693822829834e-15
  outer loop
    vertex 57.432494235302684 8.250000000000005 15.799999999999994
    vertex 57.32894084470941 8.000000000000009 16.29999999999999
    vertex 57.32894084470941 8.000000000000007 15.799999999999994
  endloop
endfacet
facet normal 0.9238795325112844 -0.3826834323650956 1.6194693822829834e-15
  outer loop
    vertex 57.32894084470941 8.000000000000009 16.29999999999999
    vertex 57.432494235302684 8.250000000000005 15.799999999999994
    vertex 57.432494235302684 8.250000000000007 16.29999999999999
  endloop
endfacet
facet normal -0.13052619222005615 0.9914448613738098 2.7963142028120346e-15
  outer loop
    vertex 55.64167417137897 10.198888739433606 16.299999999999994
    vertex 56.02990273903275 10.250000000000007 15.799999999999997
    vertex 55.64167417137897 10.19888873943361 15.799999999999997
  endloop
endfacet
facet normal -0.13052619222005615 0.9914448613738098 2.7963142028120346e-15
  outer loop
    vertex 56.02990273903275 10.250000000000007 15.799999999999997
    vertex 55.64167417137897 10.198888739433606 16.299999999999994
    vertex 56.02990273903275 10.250000000000009 16.299999999999994
  endloop
endfacet
facet normal 0.3826834323650722 0.9238795325112941 -3.240209330903908e-14
  outer loop
    vertex 56.41813130668655 10.19888873943361 16.299999999999994
    vertex 56.77990273903275 10.049038105676663 15.799999999999997
    vertex 56.41813130668654 10.19888873943361 15.799999999999997
  endloop
endfacet
facet normal 0.3826834323650722 0.9238795325112941 -3.240209330903908e-14
  outer loop
    vertex 56.77990273903275 10.049038105676663 15.799999999999997
    vertex 56.41813130668655 10.19888873943361 16.299999999999994
    vertex 56.779902739032806 10.04903810567667 16.29999999999999
  endloop
endfacet
facet normal 0.7933533402912344 -0.6087614290087217 2.5655582848320662e-15
  outer loop
    vertex 57.32894084470941 8.000000000000007 15.799999999999994
    vertex 57.09056291081257 7.689339828220187 16.29999999999999
    vertex 57.09056291081257 7.689339828220185 15.799999999999994
  endloop
endfacet
facet normal 0.7933533402912344 -0.6087614290087217 2.5655582848320662e-15
  outer loop
    vertex 57.09056291081257 7.689339828220187 16.29999999999999
    vertex 57.32894084470941 8.000000000000007 15.799999999999994
    vertex 57.32894084470941 8.000000000000009 16.29999999999999
  endloop
endfacet
facet normal -0.7933533402912325 0.6087614290087242 2.541264428103926e-18
  outer loop
    vertex 54.969242567252934 9.81066017177983 16.299999999999994
    vertex 54.7308646333561 9.500000000000009 15.799999999999997
    vertex 54.7308646333561 9.500000000000009 16.299999999999994
  endloop
endfacet
facet normal -0.7933533402912325 0.6087614290087242 2.541264428103926e-18
  outer loop
    vertex 54.7308646333561 9.500000000000009 15.799999999999997
    vertex 54.969242567252934 9.81066017177983 16.299999999999994
    vertex 54.969242567252934 9.81066017177983 15.799999999999997
  endloop
endfacet
facet normal -0.38268343236508995 0.9238795325112867 1.0420995190014741e-14
  outer loop
    vertex 55.27990273903275 10.04903810567666 16.299999999999994
    vertex 55.64167417137897 10.19888873943361 15.799999999999997
    vertex 55.27990273903275 10.049038105676667 15.799999999999997
  endloop
endfacet
facet normal -0.38268343236508995 0.9238795325112867 1.0420995190014741e-14
  outer loop
    vertex 55.64167417137897 10.19888873943361 15.799999999999997
    vertex 55.27990273903275 10.04903810567666 16.299999999999994
    vertex 55.64167417137897 10.198888739433606 16.299999999999994
  endloop
endfacet
facet normal -0.6087614290087161 -0.7933533402912386 7.84396617039025e-14
  outer loop
    vertex 55.27990273903279 7.450961894323365 16.29999999999999
    vertex 54.96924256725293 7.689339828220187 15.799999999999997
    vertex 55.27990273903275 7.450961894323351 15.799999999999997
  endloop
endfacet
facet normal -0.6087614290087161 -0.7933533402912386 7.84396617039025e-14
  outer loop
    vertex 54.96924256725293 7.689339828220187 15.799999999999997
    vertex 55.27990273903279 7.450961894323365 16.29999999999999
    vertex 54.96924256725297 7.689339828220202 16.29999999999999
  endloop
endfacet
facet normal 0.13052619222004574 -0.9914448613738112 -8.391346274353444e-15
  outer loop
    vertex 56.41813130668652 7.301111260566396 16.29999999999999
    vertex 56.02990273903275 7.250000000000006 15.799999999999997
    vertex 56.418131306686526 7.301111260566404 15.799999999999997
  endloop
endfacet
facet normal 0.13052619222004574 -0.9914448613738112 -8.391346274353444e-15
  outer loop
    vertex 56.02990273903275 7.250000000000006 15.799999999999997
    vertex 56.41813130668652 7.301111260566396 16.29999999999999
    vertex 56.02990273903276 7.250000000000006 16.29999999999999
  endloop
endfacet
facet normal 0.7933533402912623 0.6087614290086855 -4.1808183045038385e-14
  outer loop
    vertex 57.09056291081257 9.810660171779828 15.799999999999994
    vertex 57.32894084470941 9.50000000000001 16.29999999999999
    vertex 57.32894084470941 9.500000000000007 15.799999999999994
  endloop
endfacet
facet normal 0.7933533402912623 0.6087614290086855 -4.1808183045038385e-14
  outer loop
    vertex 57.32894084470941 9.50000000000001 16.29999999999999
    vertex 57.09056291081257 9.810660171779828 15.799999999999994
    vertex 57.090562910812615 9.810660171779833 16.29999999999999
  endloop
endfacet
facet normal 0.6087614290087205 -0.7933533402912352 -1.1036253663183984e-15
  outer loop
    vertex 57.09056291081257 7.689339828220187 16.29999999999999
    vertex 56.77990273903275 7.450961894323348 15.799999999999997
    vertex 57.09056291081257 7.689339828220185 15.799999999999994
  endloop
endfacet
facet normal 0.6087614290087205 -0.7933533402912352 -1.1036253663183984e-15
  outer loop
    vertex 56.77990273903275 7.450961894323348 15.799999999999997
    vertex 57.09056291081257 7.689339828220187 16.29999999999999
    vertex 56.77990273903275 7.450961894323345 16.29999999999999
  endloop
endfacet
facet normal -0.13052619222005615 -0.9914448613738098 2.9444561709292896e-15
  outer loop
    vertex 56.02990273903276 7.250000000000006 16.29999999999999
    vertex 55.64167417137897 7.3011112605664055 15.799999999999997
    vertex 56.02990273903275 7.250000000000006 15.799999999999997
  endloop
endfacet
facet normal -0.13052619222005615 -0.9914448613738098 2.9444561709292896e-15
  outer loop
    vertex 55.64167417137897 7.3011112605664055 15.799999999999997
    vertex 56.02990273903276 7.250000000000006 16.29999999999999
    vertex 55.64167417137898 7.3011112605664055 16.29999999999999
  endloop
endfacet
facet normal 0.608761429008723 0.7933533402912333 -7.188342986325982e-14
  outer loop
    vertex 56.77990273903275 10.049038105676663 15.799999999999997
    vertex 57.090562910812615 9.810660171779833 16.29999999999999
    vertex 57.09056291081257 9.810660171779828 15.799999999999994
  endloop
endfacet
facet normal 0.608761429008723 0.7933533402912333 -7.188342986325982e-14
  outer loop
    vertex 57.090562910812615 9.810660171779833 16.29999999999999
    vertex 56.77990273903275 10.049038105676663 15.799999999999997
    vertex 56.779902739032806 10.04903810567667 16.29999999999999
  endloop
endfacet
facet normal -1.0 1.0071308866242491e-15 1.0071308866242485e-15
  outer loop
    vertex 60.02990273903275 8.250000000000005 15.79999999999999
    vertex 60.02990273903274 9.250000000000004 10.799999999999994
    vertex 60.02990273903274 8.250000000000004 10.799999999999994
  endloop
endfacet
facet normal -1.0 1.0071308866242491e-15 1.0071308866242485e-15
  outer loop
    vertex 60.02990273903274 9.250000000000004 10.799999999999994
    vertex 60.02990273903275 8.250000000000005 15.79999999999999
    vertex 60.02990273903275 9.250000000000004 15.79999999999999
  endloop
endfacet
facet normal 0.7086083414724302 -0.7056020173025708 0.00010758361510091933
  outer loop
    vertex 49.78492799825415 0.5025126326521144 10.800000000000006
    vertex 49.28998790837227 0.006676252983559116 16.29999999999999
    vertex 49.28995324537924 0.005025253161808529 10.800000000000006
  endloop
endfacet
facet normal 0.7086083414724302 -0.7056020173025708 0.00010758361510091933
  outer loop
    vertex 49.28998790837227 0.006676252983559116 16.29999999999999
    vertex 49.78492799825415 0.5025126326521144 10.800000000000006
    vertex 50.27990273903275 1.0000000000000129 16.29999999999999
  endloop
endfacet
facet normal 0.7086083414724302 -0.7056020173025708 0.00010758361510091933
  outer loop
    vertex 50.27990273903275 1.0000000000000129 16.29999999999999
    vertex 49.78492799825415 0.5025126326521144 10.800000000000006
    vertex 50.27990273903274 1.0000000000000129 10.8
  endloop
endfacet
facet normal -0.6087614290087255 0.7933533402912315 5.588457751652097e-15
  outer loop
    vertex 54.969242567252934 9.81066017177983 16.299999999999994
    vertex 55.27990273903275 10.049038105676667 15.799999999999997
    vertex 54.969242567252934 9.81066017177983 15.799999999999997
  endloop
endfacet
facet normal -0.6087614290087255 0.7933533402912315 5.588457751652097e-15
  outer loop
    vertex 55.27990273903275 10.049038105676667 15.799999999999997
    vertex 54.969242567252934 9.81066017177983 16.299999999999994
    vertex 55.27990273903275 10.04903810567666 16.299999999999994
  endloop
endfacet
facet normal 6.934759388879189e-16 -1.7007866318833206e-15 1.0
  outer loop
    vertex 54.7308646333561 8.000000000000005 16.299999999999994
    vertex 57.432494235302684 8.250000000000007 16.29999999999999
    vertex 54.62731124276282 8.250000000000007 16.299999999999994
  endloop
endfacet
facet normal 6.934759388879189e-16 -1.7007866318833206e-15 1.0
  outer loop
    vertex 57.432494235302684 8.250000000000007 16.29999999999999
    vertex 54.7308646333561 8.000000000000005 16.299999999999994
    vertex 54.96924256725297 7.689339828220202 16.29999999999999
  endloop
endfacet
facet normal 6.934759388879189e-16 -1.7007866318833206e-15 1.0
  outer loop
    vertex 57.432494235302684 8.250000000000007 16.29999999999999
    vertex 54.96924256725297 7.689339828220202 16.29999999999999
    vertex 55.27990273903279 7.450961894323365 16.29999999999999
  endloop
endfacet
facet normal 6.934759388879189e-16 -1.7007866318833206e-15 1.0
  outer loop
    vertex 57.432494235302684 8.250000000000007 16.29999999999999
    vertex 55.27990273903279 7.450961894323365 16.29999999999999
    vertex 55.64167417137898 7.3011112605664055 16.29999999999999
  endloop
endfacet
facet normal 6.934759388879189e-16 -1.7007866318833206e-15 1.0
  outer loop
    vertex 57.432494235302684 8.250000000000007 16.29999999999999
    vertex 55.64167417137898 7.3011112605664055 16.29999999999999
    vertex 56.02990273903276 7.250000000000006 16.29999999999999
  endloop
endfacet
facet normal 6.934759388879189e-16 -1.7007866318833206e-15 1.0
  outer loop
    vertex 57.432494235302684 8.250000000000007 16.29999999999999
    vertex 56.02990273903276 7.250000000000006 16.29999999999999
    vertex 56.41813130668652 7.301111260566396 16.29999999999999
  endloop
endfacet
facet normal 6.934759388879189e-16 -1.7007866318833206e-15 1.0
  outer loop
    vertex 57.432494235302684 8.250000000000007 16.29999999999999
    vertex 56.41813130668652 7.301111260566396 16.29999999999999
    vertex 56.77990273903275 7.450961894323345 16.29999999999999
  endloop
endfacet
facet normal 6.934759388879189e-16 -1.7007866318833206e-15 1.0
  outer loop
    vertex 57.432494235302684 8.250000000000007 16.29999999999999
    vertex 56.77990273903275 7.450961894323345 16.29999999999999
    vertex 57.09056291081257 7.689339828220187 16.29999999999999
  endloop
endfacet
facet normal 6.934759388879189e-16 -1.7007866318833206e-15 1.0
  outer loop
    vertex 57.432494235302684 8.250000000000007 16.29999999999999
    vertex 57.09056291081257 7.689339828220187 16.29999999999999
    vertex 57.32894084470941 8.000000000000009 16.29999999999999
  endloop
endfacet
facet normal 1.1582507036177718e-15 -1.212602571732424e-15 1.0
  outer loop
    vertex 57.432494235302684 9.250000000000009 16.29999999999999
    vertex 54.7308646333561 9.500000000000009 16.299999999999994
    vertex 54.62731124276282 9.25000000000001 16.299999999999994
  endloop
endfacet
facet normal 1.1582507036177718e-15 -1.212602571732424e-15 1.0
  outer loop
    vertex 54.7308646333561 9.500000000000009 16.299999999999994
    vertex 57.432494235302684 9.250000000000009 16.29999999999999
    vertex 54.969242567252934 9.81066017177983 16.299999999999994
  endloop
endfacet
facet normal 1.1582507036177718e-15 -1.212602571732424e-15 1.0
  outer loop
    vertex 54.969242567252934 9.81066017177983 16.299999999999994
    vertex 57.432494235302684 9.250000000000009 16.29999999999999
    vertex 55.27990273903275 10.04903810567666 16.299999999999994
  endloop
endfacet
facet normal 1.1582507036177718e-15 -1.212602571732424e-15 1.0
  outer loop
    vertex 55.27990273903275 10.04903810567666 16.299999999999994
    vertex 57.432494235302684 9.250000000000009 16.29999999999999
    vertex 55.64167417137897 10.198888739433606 16.299999999999994
  endloop
endfacet
facet normal 1.1582507036177718e-15 -1.212602571732424e-15 1.0
  outer loop
    vertex 55.64167417137897 10.198888739433606 16.299999999999994
    vertex 57.432494235302684 9.250000000000009 16.29999999999999
    vertex 56.02990273903275 10.250000000000009 16.299999999999994
  endloop
endfacet
facet normal 1.1582507036177718e-15 -1.212602571732424e-15 1.0
  outer loop
    vertex 56.02990273903275 10.250000000000009 16.299999999999994
    vertex 57.432494235302684 9.250000000000009 16.29999999999999
    vertex 56.41813130668655 10.19888873943361 16.299999999999994
  endloop
endfacet
facet normal 1.1582507036177718e-15 -1.212602571732424e-15 1.0
  outer loop
    vertex 56.41813130668655 10.19888873943361 16.299999999999994
    vertex 57.432494235302684 9.250000000000009 16.29999999999999
    vertex 56.779902739032806 10.04903810567667 16.29999999999999
  endloop
endfacet
facet normal 1.1582507036177718e-15 -1.212602571732424e-15 1.0
  outer loop
    vertex 56.779902739032806 10.04903810567667 16.29999999999999
    vertex 57.432494235302684 9.250000000000009 16.29999999999999
    vertex 57.090562910812615 9.810660171779833 16.29999999999999
  endloop
endfacet
facet normal 1.1582507036177718e-15 -1.212602571732424e-15 1.0
  outer loop
    vertex 57.090562910812615 9.810660171779833 16.29999999999999
    vertex 57.432494235302684 9.250000000000009 16.29999999999999
    vertex 57.32894084470941 9.50000000000001 16.29999999999999
  endloop
endfacet
facet normal 0.8978386528718381 -0.43906999941650254 -0.033215794762065425
  outer loop
    vertex 59.8889337029768 5.631262651821817 26.380000000000006
    vertex 59.812489023067876 5.453761544787415 26.659999999999982
    vertex 59.80213034391809 5.453761544787409 26.380000000000006
  endloop
endfacet
facet normal 0.8978386528718381 -0.43906999941650254 -0.033215794762065425
  outer loop
    vertex 59.812489023067876 5.453761544787415 26.659999999999982
    vertex 59.8889337029768 5.631262651821817 26.380000000000006
    vertex 59.89929238212659 5.6312626518218245 26.659999999999982
  endloop
endfacet
facet normal -9.80857906973182e-16 -1.0 4.2722406666483e-31
  outer loop
    vertex 61.77990273903275 11.050000000000006 26.660000000000018
    vertex 50.27990273903276 11.050000000000018 26.380000000000027
    vertex 61.77990273903275 11.050000000000006 26.380000000000017
  endloop
endfacet
facet normal -9.80857906973182e-16 -1.0 4.2722406666483e-31
  outer loop
    vertex 50.27990273903276 11.050000000000018 26.380000000000027
    vertex 61.77990273903275 11.050000000000006 26.660000000000018
    vertex 50.27990273903276 11.050000000000018 26.66000000000003
  endloop
endfacet
facet normal -0.9993163761815994 8.044503195451428e-19 0.03696999182142257
  outer loop
    vertex 60.812635309758164 2.999999999999963 26.659999999999982
    vertex 60.802276630608375 3.5182107160930722 26.380000000000006
    vertex 60.802276630608375 2.9999999999999547 26.380000000000006
  endloop
endfacet
facet normal -0.9993163761815994 8.044503195451428e-19 0.03696999182142257
  outer loop
    vertex 60.802276630608375 3.5182107160930722 26.380000000000006
    vertex 60.812635309758164 2.999999999999963 26.659999999999982
    vertex 60.812635309758164 3.51821071609308 26.659999999999982
  endloop
endfacet
facet normal -0.17578860897187853 0.9844064564009467 0.006503349280425259
  outer loop
    vertex 59.257993277243 6.332801231971109 26.380000000000017
    vertex 59.467865256620506 6.368428960020205 26.659999999999982
    vertex 59.457506577470724 6.368428960020196 26.38000000000001
  endloop
endfacet
facet normal -0.17578860897187853 0.9844064564009467 0.006503349280425259
  outer loop
    vertex 59.467865256620506 6.368428960020205 26.659999999999982
    vertex 59.257993277243 6.332801231971109 26.380000000000017
    vertex 59.26835195639279 6.332801231971117 26.659999999999982
  endloop
endfacet
facet normal -0.4669204872551771 -0.8841305743500343 0.017273855414082096
  outer loop
    vertex 60.245532221132144 6.721138031376481 26.659999999999982
    vertex 60.02237088668128 6.833521792763102 26.380000000000006
    vertex 60.23517354198236 6.721138031376473 26.380000000000006
  endloop
endfacet
facet normal -0.4669204872551771 -0.8841305743500343 0.017273855414082096
  outer loop
    vertex 60.02237088668128 6.833521792763102 26.380000000000006
    vertex 60.245532221132144 6.721138031376481 26.659999999999982
    vertex 60.03272956583104 6.833521792763122 26.659999999999982
  endloop
endfacet
facet normal -0.5920132727799406 -0.8056305607787309 0.021901698375497995
  outer loop
    vertex 57.42363231285785 6.526482833059173 26.659999999999982
    vertex 57.21052324624605 6.675472861842056 26.38000000000001
    vertex 57.41327363370808 6.526482833059171 26.38000000000001
  endloop
endfacet
facet normal -0.5920132727799406 -0.8056305607787309 0.021901698375497995
  outer loop
    vertex 57.21052324624605 6.675472861842056 26.38000000000001
    vertex 57.42363231285785 6.526482833059173 26.659999999999982
    vertex 57.220881925395815 6.67547286184207 26.659999999999982
  endloop
endfacet
facet normal 0.1319712918773628 -0.991241515029529 -0.004882315248345983
  outer loop
    vertex 59.50673007190392 6.930683830971621 26.659999999999982
    vertex 59.03904756937357 6.869796938259069 26.38000000000001
    vertex 59.49637139275415 6.930683830971619 26.380000000000006
  endloop
endfacet
facet normal 0.1319712918773628 -0.991241515029529 -0.004882315248345983
  outer loop
    vertex 59.03904756937357 6.869796938259069 26.38000000000001
    vertex 59.50673007190392 6.930683830971621 26.659999999999982
    vertex 59.04940624852335 6.86979693825907 26.659999999999982
  endloop
endfacet
facet normal -0.08667559074972983 -0.9962314288164699 0.003206587981077247
  outer loop
    vertex 59.785920197156955 6.906393321419498 26.659999999999982
    vertex 59.49637139275415 6.930683830971619 26.380000000000006
    vertex 59.77556151800719 6.9063933214194835 26.380000000000006
  endloop
endfacet
facet normal -0.08667559074972983 -0.9962314288164699 0.003206587981077247
  outer loop
    vertex 59.49637139275415 6.930683830971619 26.380000000000006
    vertex 59.785920197156955 6.906393321419498 26.659999999999982
    vertex 59.50673007190392 6.930683830971621 26.659999999999982
  endloop
endfacet
facet normal -0.28315397310336204 -0.9590172544443144 0.010475361276338873
  outer loop
    vertex 60.03272956583104 6.833521792763122 26.659999999999982
    vertex 59.77556151800719 6.9063933214194835 26.380000000000006
    vertex 60.02237088668128 6.833521792763102 26.380000000000006
  endloop
endfacet
facet normal -0.28315397310336204 -0.9590172544443144 0.010475361276338873
  outer loop
    vertex 59.77556151800719 6.9063933214194835 26.380000000000006
    vertex 60.03272956583104 6.833521792763122 26.659999999999982
    vertex 59.785920197156955 6.906393321419498 26.659999999999982
  endloop
endfacet
facet normal 1.0 -1.1568665966212697e-15 -9.642140919553866e-16
  outer loop
    vertex 50.27990273903276 15.500000000000016 23.80000000000001
    vertex 50.27990273903276 9.250000000000023 26.380000000000027
    vertex 50.27990273903276 9.250000000000018 23.800000000000015
  endloop
endfacet
facet normal 1.0 -1.1568665966212697e-15 -9.642140919553866e-16
  outer loop
    vertex 50.27990273903276 9.250000000000023 26.380000000000027
    vertex 50.27990273903276 15.500000000000016 23.80000000000001
    vertex 50.27990273903276 10.05000000000002 26.380000000000027
  endloop
endfacet
facet normal 1.0 -1.1568665966212697e-15 -9.642140919553866e-16
  outer loop
    vertex 50.27990273903276 10.05000000000002 26.380000000000027
    vertex 50.27990273903276 15.500000000000016 23.80000000000001
    vertex 50.27990273903276 11.050000000000018 26.380000000000027
  endloop
endfacet
facet normal 1.0 -1.1568665966212697e-15 -9.642140919553866e-16
  outer loop
    vertex 50.27990273903276 11.050000000000018 26.380000000000027
    vertex 50.27990273903276 15.500000000000016 23.80000000000001
    vertex 50.27990273903276 11.85000000000002 26.380000000000027
  endloop
endfacet
facet normal 1.0 -1.1568665966212697e-15 -9.642140919553866e-16
  outer loop
    vertex 50.27990273903276 11.85000000000002 26.380000000000027
    vertex 50.27990273903276 15.500000000000016 23.80000000000001
    vertex 50.27990273903276 11.850000000000023 26.66000000000003
  endloop
endfacet
facet normal 1.0 -1.1568665966212697e-15 -9.642140919553866e-16
  outer loop
    vertex 50.27990273903276 11.850000000000023 26.66000000000003
    vertex 50.27990273903276 15.500000000000016 23.80000000000001
    vertex 50.27990273903276 12.850000000000016 26.380000000000027
  endloop
endfacet
facet normal 1.0 -1.1568665966212697e-15 -9.642140919553866e-16
  outer loop
    vertex 50.27990273903276 12.850000000000016 26.380000000000027
    vertex 50.27990273903276 15.500000000000016 23.80000000000001
    vertex 50.27990273903276 13.650000000000018 26.380000000000027
  endloop
endfacet
facet normal 1.0 -1.1568665966212697e-15 -9.642140919553866e-16
  outer loop
    vertex 50.27990273903276 13.650000000000018 26.380000000000027
    vertex 50.27990273903276 15.500000000000016 23.80000000000001
    vertex 50.27990273903276 13.65000000000002 26.66000000000003
  endloop
endfacet
facet normal 1.0 -1.1568665966212697e-15 -9.642140919553866e-16
  outer loop
    vertex 50.27990273903276 13.65000000000002 26.66000000000003
    vertex 50.27990273903276 15.500000000000016 23.80000000000001
    vertex 50.279902739032764 14.650000000000022 26.380000000000027
  endloop
endfacet
facet normal 1.0 -1.1568665966212697e-15 -9.642140919553866e-16
  outer loop
    vertex 50.27990273903276 13.65000000000002 26.66000000000003
    vertex 50.279902739032764 14.650000000000022 26.380000000000027
    vertex 50.279902739032764 14.650000000000018 26.66000000000003
  endloop
endfacet
facet normal 1.0 -1.1568665966212697e-15 -9.642140919553866e-16
  outer loop
    vertex 50.279902739032764 14.650000000000022 26.380000000000027
    vertex 50.27990273903276 15.500000000000016 23.80000000000001
    vertex 50.27990273903276 15.500000000000023 26.380000000000027
  endloop
endfacet
facet normal 1.0 -1.1568665966212697e-15 -9.642140919553866e-16
  outer loop
    vertex 50.27990273903276 12.850000000000016 26.66000000000003
    vertex 50.27990273903276 11.850000000000023 26.66000000000003
    vertex 50.27990273903276 12.850000000000016 26.380000000000027
  endloop
endfacet
facet normal 1.0 -1.1568665966212697e-15 -9.642140919553866e-16
  outer loop
    vertex 50.27990273903276 10.05000000000002 26.380000000000027
    vertex 50.27990273903276 11.050000000000018 26.66000000000003
    vertex 50.27990273903276 10.050000000000018 26.66000000000003
  endloop
endfacet
facet normal 1.0 -1.1568665966212697e-15 -9.642140919553866e-16
  outer loop
    vertex 50.27990273903276 11.050000000000018 26.66000000000003
    vertex 50.27990273903276 10.05000000000002 26.380000000000027
    vertex 50.27990273903276 11.050000000000018 26.380000000000027
  endloop
endfacet
facet normal 0.8197308682624864 -0.5719454752997964 -0.030326175191083306
  outer loop
    vertex 58.289222911662385 3.6412786139255693 26.38000000000001
    vertex 58.195645494474775 3.4923140182185897 26.659999999999982
    vertex 58.18528681532499 3.4923140182185786 26.38000000000001
  endloop
endfacet
facet normal 0.8197308682624864 -0.5719454752997964 -0.030326175191083306
  outer loop
    vertex 58.195645494474775 3.4923140182185897 26.659999999999982
    vertex 58.289222911662385 3.6412786139255693 26.38000000000001
    vertex 58.47677292995048 3.8952350075910567 26.659999999999982
  endloop
endfacet
facet normal -9.836576989909703e-16 8.898839768921631e-31 -1.0
  outer loop
    vertex 50.26684159402748 8.250000000000021 26.38000000000002
    vertex 52.55483071714686 6.871101657388617 26.380000000000017
    vertex 51.43289087655978 2.999999999999956 26.380000000000017
  endloop
endfacet
facet normal -9.836576989909703e-16 8.898839768921631e-31 -1.0
  outer loop
    vertex 52.55483071714686 6.871101657388617 26.380000000000017
    vertex 50.26684159402748 8.250000000000021 26.38000000000002
    vertex 61.73410906091398 8.25000000000001 26.38000000000001
  endloop
endfacet
facet normal -9.836576989909703e-16 8.898839768921631e-31 -1.0
  outer loop
    vertex 51.43289087655978 2.999999999999956 26.380000000000017
    vertex 52.55483071714686 6.871101657388617 26.380000000000017
    vertex 52.464172506114444 6.32695470647769 26.380000000000017
  endloop
endfacet
facet normal -9.836576989909703e-16 8.898839768921631e-31 -1.0
  outer loop
    vertex 52.55483071714686 6.871101657388617 26.380000000000017
    vertex 61.73410906091398 8.25000000000001 26.38000000000001
    vertex 53.53427941400919 6.951401189271212 26.380000000000017
  endloop
endfacet
facet normal -9.836576989909703e-16 8.898839768921631e-31 -1.0
  outer loop
    vertex 53.53427941400919 6.951401189271212 26.380000000000017
    vertex 61.73410906091398 8.25000000000001 26.38000000000001
    vertex 54.99773937099301 6.829627403846112 26.38000000000001
  endloop
endfacet
facet normal -9.836576989909703e-16 8.898839768921631e-31 -1.0
  outer loop
    vertex 53.53427941400919 6.951401189271212 26.380000000000017
    vertex 54.99773937099301 6.829627403846112 26.38000000000001
    vertex 54.77542313870555 2.999999999999957 26.38000000000001
  endloop
endfacet
facet normal -9.836576989909703e-16 8.898839768921631e-31 -1.0
  outer loop
    vertex 54.99773937099301 6.829627403846112 26.38000000000001
    vertex 61.73410906091398 8.25000000000001 26.38000000000001
    vertex 55.25943439882702 6.864617598684168 26.38000000000001
  endloop
endfacet
facet normal -9.836576989909703e-16 8.898839768921631e-31 -1.0
  outer loop
    vertex 55.25943439882702 6.864617598684168 26.38000000000001
    vertex 61.73410906091398 8.25000000000001 26.38000000000001
    vertex 55.29321004980815 6.867748588270318 26.3820078178502
  endloop
endfacet
facet normal -9.836576989909703e-16 8.898839768921631e-31 -1.0
  outer loop
    vertex 55.29321004980815 6.867748588270318 26.3820078178502
    vertex 61.73410906091398 8.25000000000001 26.38000000000001
    vertex 55.552225232582074 6.891819015688214 26.38000000000001
  endloop
endfacet
facet normal -9.836576989909703e-16 8.898839768921631e-31 -1.0
  outer loop
    vertex 55.552225232582074 6.891819015688214 26.38000000000001
    vertex 61.73410906091398 8.25000000000001 26.38000000000001
    vertex 55.580839775774876 6.893515057071184 26.38120573905356
  endloop
endfacet
facet normal -9.836576989909703e-16 8.898839768921631e-31 -1.0
  outer loop
    vertex 55.580839775774876 6.893515057071184 26.38120573905356
    vertex 61.73410906091398 8.25000000000001 26.38000000000001
    vertex 55.83594233784523 6.908661753542463 26.38000000000001
  endloop
endfacet
facet normal -9.836576989909703e-16 8.898839768921631e-31 -1.0
  outer loop
    vertex 55.83594233784523 6.908661753542463 26.38000000000001
    vertex 61.73410906091398 8.25000000000001 26.38000000000001
    vertex 56.07302561846263 6.9151458122469185 26.38000000000001
  endloop
endfacet
facet normal -9.836576989909703e-16 8.898839768921631e-31 -1.0
  outer loop
    vertex 56.07302561846263 6.9151458122469185 26.38000000000001
    vertex 61.73410906091398 8.25000000000001 26.38000000000001
    vertex 56.689722860365485 6.859438259109261 26.38000000000001
  endloop
endfacet
facet normal -9.836576989909703e-16 8.898839768921631e-31 -1.0
  outer loop
    vertex 56.689722860365485 6.859438259109261 26.38000000000001
    vertex 61.73410906091398 8.25000000000001 26.38000000000001
    vertex 56.96761320860688 6.785593133223634 26.38000000000001
  endloop
endfacet
facet normal -9.836576989909703e-16 8.898839768921631e-31 -1.0
  outer loop
    vertex 56.96761320860688 6.785593133223634 26.38000000000001
    vertex 61.73410906091398 8.25000000000001 26.38000000000001
    vertex 57.21052324624605 6.675472861842056 26.38000000000001
  endloop
endfacet
facet normal -9.836576989909703e-16 8.898839768921631e-31 -1.0
  outer loop
    vertex 57.21052324624605 6.675472861842056 26.38000000000001
    vertex 61.73410906091398 8.25000000000001 26.38000000000001
    vertex 57.41327363370808 6.526482833059171 26.38000000000001
  endloop
endfacet
facet normal -9.836576989909703e-16 8.898839768921631e-31 -1.0
  outer loop
    vertex 57.41327363370808 6.526482833059171 26.38000000000001
    vertex 61.73410906091398 8.25000000000001 26.38000000000001
    vertex 57.5706850314181 6.336028434969591 26.38000000000001
  endloop
endfacet
facet normal -9.836576989909703e-16 8.898839768921631e-31 -1.0
  outer loop
    vertex 57.5706850314181 6.336028434969591 26.38000000000001
    vertex 61.73410906091398 8.25000000000001 26.38000000000001
    vertex 58.671116774839156 6.696190220141656 26.38000000000001
  endloop
endfacet
facet normal -9.836576989909703e-16 8.898839768921631e-31 -1.0
  outer loop
    vertex 57.5706850314181 6.336028434969591 26.38000000000001
    vertex 58.671116774839156 6.696190220141656 26.38000000000001
    vertex 57.671741458543586 6.099908867345601 26.38000000000001
  endloop
endfacet
facet normal -9.836576989909703e-16 8.898839768921631e-31 -1.0
  outer loop
    vertex 57.671741458543586 6.099908867345601 26.38000000000001
    vertex 58.671116774839156 6.696190220141656 26.38000000000001
    vertex 57.70542693425209 5.813923329959469 26.38000000000001
  endloop
endfacet
facet normal -9.836576989909703e-16 8.898839768921631e-31 -1.0
  outer loop
    vertex 57.70542693425209 5.813923329959469 26.38000000000001
    vertex 58.671116774839156 6.696190220141656 26.38000000000001
    vertex 58.38998933936344 6.4241167446861915 26.38000000000001
  endloop
endfacet
facet normal -9.836576989909703e-16 8.898839768921631e-31 -1.0
  outer loop
    vertex 57.70542693425209 5.813923329959469 26.38000000000001
    vertex 58.38998933936344 6.4241167446861915 26.38000000000001
    vertex 58.195645494474775 6.06525967864368 26.380000000000006
  endloop
endfacet
facet normal -9.836576989909703e-16 8.898839768921631e-31 -1.0
  outer loop
    vertex 57.70542693425209 5.813923329959469 26.38000000000001
    vertex 58.195645494474775 6.06525967864368 26.380000000000006
    vertex 58.18528681532499 3.4923140182185786 26.38000000000001
  endloop
endfacet
facet normal -9.836576989909703e-16 8.898839768921631e-31 -1.0
  outer loop
    vertex 58.38998933936344 6.4241167446861915 26.38000000000001
    vertex 58.671116774839156 6.696190220141656 26.38000000000001
    vertex 58.411673926747106 6.445030101635544 26.38203494897699
  endloop
endfacet
facet normal -9.836576989909703e-16 8.898839768921631e-31 -1.0
  outer loop
    vertex 58.411673926747106 6.445030101635544 26.38203494897699
    vertex 58.671116774839156 6.696190220141656 26.38000000000001
    vertex 58.65000591823361 6.670743407438998 26.380092609102125
  endloop
endfacet
facet normal -9.836576989909703e-16 8.898839768921631e-31 -1.0
  outer loop
    vertex 58.671116774839156 6.696190220141656 26.38000000000001
    vertex 61.73410906091398 8.25000000000001 26.38000000000001
    vertex 59.03904756937357 6.869796938259069 26.38000000000001
  endloop
endfacet
facet normal -9.836576989909703e-16 8.898839768921631e-31 -1.0
  outer loop
    vertex 59.03904756937357 6.869796938259069 26.38000000000001
    vertex 61.73410906091398 8.25000000000001 26.38000000000001
    vertex 59.49637139275415 6.930683830971619 26.380000000000006
  endloop
endfacet
facet normal -9.836576989909703e-16 8.898839768921631e-31 -1.0
  outer loop
    vertex 59.49637139275415 6.930683830971619 26.380000000000006
    vertex 61.73410906091398 8.25000000000001 26.38000000000001
    vertex 59.77556151800719 6.9063933214194835 26.380000000000006
  endloop
endfacet
facet normal -9.836576989909703e-16 8.898839768921631e-31 -1.0
  outer loop
    vertex 59.77556151800719 6.9063933214194835 26.380000000000006
    vertex 61.73410906091398 8.25000000000001 26.38000000000001
    vertex 60.02237088668128 6.833521792763102 26.380000000000006
  endloop
endfacet
facet normal -9.836576989909703e-16 8.898839768921631e-31 -1.0
  outer loop
    vertex 60.02237088668128 6.833521792763102 26.380000000000006
    vertex 61.73410906091398 8.25000000000001 26.38000000000001
    vertex 60.23517354198236 6.721138031376473 26.380000000000006
  endloop
endfacet
facet normal -9.836576989909703e-16 8.898839768921631e-31 -1.0
  outer loop
    vertex 60.23517354198236 6.721138031376473 26.380000000000006
    vertex 61.73410906091398 8.25000000000001 26.38000000000001
    vertex 60.41234352711646 6.5783108236335615 26.380000000000006
  endloop
endfacet
facet normal -9.836576989909703e-16 8.898839768921631e-31 -1.0
  outer loop
    vertex 60.41234352711646 6.5783108236335615 26.380000000000006
    vertex 61.73410906091398 8.25000000000001 26.38000000000001
    vertex 60.552586007189845 6.409567149544487 26.380000000000006
  endloop
endfacet
facet normal -9.836576989909703e-16 8.898839768921631e-31 -1.0
  outer loop
    vertex 60.552586007189845 6.409567149544487 26.380000000000006
    vertex 61.73410906091398 8.25000000000001 26.38000000000001
    vertex 60.654606147308776 6.219433989119387 26.380000000000006
  endloop
endfacet
facet normal -9.836576989909703e-16 8.898839768921631e-31 -1.0
  outer loop
    vertex 60.654606147308776 6.219433989119387 26.380000000000006
    vertex 61.73410906091398 8.25000000000001 26.38000000000001
    vertex 60.71678787491505 6.0176423725328485 26.380000000000006
  endloop
endfacet
facet normal -9.836576989909703e-16 8.898839768921631e-31 -1.0
  outer loop
    vertex 60.71678787491505 6.0176423725328485 26.380000000000006
    vertex 61.73410906091398 8.25000000000001 26.38000000000001
    vertex 60.73751511745047 5.813923329959473 26.38000000000001
  endloop
endfacet
facet normal -9.836576989909703e-16 8.898839768921631e-31 -1.0
  outer loop
    vertex 60.73751511745047 5.813923329959473 26.38000000000001
    vertex 61.73410906091398 8.25000000000001 26.38000000000001
    vertex 60.802276630608375 3.5182107160930722 26.380000000000006
  endloop
endfacet
facet normal -9.836576989909703e-16 8.898839768921631e-31 -1.0
  outer loop
    vertex 60.802276630608375 3.5182107160930722 26.380000000000006
    vertex 61.73410906091398 8.25000000000001 26.38000000000001
    vertex 60.802276630608375 2.9999999999999547 26.380000000000006
  endloop
endfacet
facet normal -9.836576989909703e-16 8.898839768921631e-31 -1.0
  outer loop
    vertex 50.26684159402747 2.0000000000000235 26.38000000000002
    vertex 51.43289087655978 2.999999999999956 26.380000000000017
    vertex 61.73410906091398 2.000000000000012 26.38000000000001
  endloop
endfacet
facet normal -9.836576989909703e-16 8.898839768921631e-31 -1.0
  outer loop
    vertex 51.43289087655978 2.999999999999956 26.380000000000017
    vertex 50.26684159402747 2.0000000000000235 26.38000000000002
    vertex 50.26684159402748 8.250000000000021 26.38000000000002
  endloop
endfacet
facet normal -9.836576989909703e-16 8.898839768921631e-31 -1.0
  outer loop
    vertex 61.73410906091398 2.000000000000012 26.38000000000001
    vertex 51.43289087655978 2.999999999999956 26.380000000000017
    vertex 52.28016757190392 2.9999999999999556 26.38000000000001
  endloop
endfacet
facet normal -9.836576989909703e-16 8.898839768921631e-31 -1.0
  outer loop
    vertex 61.73410906091398 2.000000000000012 26.38000000000001
    vertex 52.28016757190392 2.9999999999999556 26.38000000000001
    vertex 53.88924209113469 2.9999999999999543 26.380000000000017
  endloop
endfacet
facet normal -9.836576989909703e-16 8.898839768921631e-31 -1.0
  outer loop
    vertex 53.88924209113469 2.9999999999999543 26.380000000000017
    vertex 52.28016757190392 2.9999999999999556 26.38000000000001
    vertex 52.572978174130654 4.106401821862302 26.380000000000017
  endloop
endfacet
facet normal -9.836576989909703e-16 8.898839768921631e-31 -1.0
  outer loop
    vertex 53.88924209113469 2.9999999999999543 26.380000000000017
    vertex 52.572978174130654 4.106401821862302 26.380000000000017
    vertex 53.58868224801729 4.1064018218623035 26.380000000000017
  endloop
endfacet
facet normal -9.836576989909703e-16 8.898839768921631e-31 -1.0
  outer loop
    vertex 61.73410906091398 2.000000000000012 26.38000000000001
    vertex 53.88924209113469 2.9999999999999543 26.380000000000017
    vertex 54.77542313870555 2.999999999999957 26.38000000000001
  endloop
endfacet
facet normal -9.836576989909703e-16 8.898839768921631e-31 -1.0
  outer loop
    vertex 61.73410906091398 2.000000000000012 26.38000000000001
    vertex 54.77542313870555 2.999999999999957 26.38000000000001
    vertex 55.096186359859374 2.9999999999999547 26.38000000000001
  endloop
endfacet
facet normal -9.836576989909703e-16 8.898839768921631e-31 -1.0
  outer loop
    vertex 55.096186359859374 2.9999999999999547 26.38000000000001
    vertex 54.77542313870555 2.999999999999957 26.38000000000001
    vertex 54.99773937099301 6.829627403846112 26.38000000000001
  endloop
endfacet
facet normal -9.836576989909703e-16 8.898839768921631e-31 -1.0
  outer loop
    vertex 55.096186359859374 2.9999999999999547 26.38000000000001
    vertex 54.99773937099301 6.829627403846112 26.38000000000001
    vertex 55.096186359859374 6.269942434210481 26.38000000000001
  endloop
endfacet
facet normal -9.836576989909703e-16 8.898839768921631e-31 -1.0
  outer loop
    vertex 61.73410906091398 2.000000000000012 26.38000000000001
    vertex 55.096186359859374 2.9999999999999547 26.38000000000001
    vertex 56.00565466704562 2.9999999999999547 26.38000000000001
  endloop
endfacet
facet normal -9.836576989909703e-16 8.898839768921631e-31 -1.0
  outer loop
    vertex 61.73410906091398 2.000000000000012 26.38000000000001
    vertex 56.00565466704562 2.9999999999999547 26.38000000000001
    vertex 58.18528681532499 2.9999999999999547 26.38000000000001
  endloop
endfacet
facet normal -9.836576989909703e-16 8.898839768921631e-31 -1.0
  outer loop
    vertex 58.18528681532499 2.9999999999999547 26.38000000000001
    vertex 56.00565466704562 2.9999999999999547 26.38000000000001
    vertex 56.70008153951529 4.619433198380529 26.38000000000001
  endloop
endfacet
facet normal -9.836576989909703e-16 8.898839768921631e-31 -1.0
  outer loop
    vertex 58.18528681532499 2.9999999999999547 26.38000000000001
    vertex 56.70008153951529 4.619433198380529 26.38000000000001
    vertex 56.99126124283008 4.70913758065534 26.38000000000001
  endloop
endfacet
facet normal -9.836576989909703e-16 8.898839768921631e-31 -1.0
  outer loop
    vertex 58.18528681532499 2.9999999999999547 26.38000000000001
    vertex 56.99126124283008 4.70913758065534 26.38000000000001
    vertex 57.237744431721765 4.8383690220141435 26.38000000000001
  endloop
endfacet
facet normal -9.836576989909703e-16 8.898839768921631e-31 -1.0
  outer loop
    vertex 58.18528681532499 2.9999999999999547 26.38000000000001
    vertex 57.237744431721765 4.8383690220141435 26.38000000000001
    vertex 57.43628907683815 5.0097122501264755 26.38000000000001
  endloop
endfacet
facet normal -9.836576989909703e-16 8.898839768921631e-31 -1.0
  outer loop
    vertex 58.18528681532499 2.9999999999999547 26.38000000000001
    vertex 57.43628907683815 5.0097122501264755 26.38000000000001
    vertex 57.58365314882699 5.2257519926619045 26.38000000000001
  endloop
endfacet
facet normal -9.836576989909703e-16 8.898839768921631e-31 -1.0
  outer loop
    vertex 58.18528681532499 2.9999999999999547 26.38000000000001
    vertex 57.58365314882699 5.2257519926619045 26.38000000000001
    vertex 57.67498348789582 5.491988826859777 26.38000000000001
  endloop
endfacet
facet normal -9.836576989909703e-16 8.898839768921631e-31 -1.0
  outer loop
    vertex 58.18528681532499 2.9999999999999547 26.38000000000001
    vertex 57.67498348789582 5.491988826859777 26.38000000000001
    vertex 57.70542693425209 5.813923329959469 26.38000000000001
  endloop
endfacet
facet normal -9.836576989909703e-16 8.898839768921631e-31 -1.0
  outer loop
    vertex 58.18528681532499 2.9999999999999547 26.38000000000001
    vertex 57.70542693425209 5.813923329959469 26.38000000000001
    vertex 58.18528681532499 3.4923140182185786 26.38000000000001
  endloop
endfacet
facet normal -9.836576989909703e-16 8.898839768921631e-31 -1.0
  outer loop
    vertex 61.73410906091398 2.000000000000012 26.38000000000001
    vertex 58.18528681532499 2.9999999999999547 26.38000000000001
    vertex 60.802276630608375 2.9999999999999547 26.380000000000006
  endloop
endfacet
facet normal -9.836576989909703e-16 8.898839768921631e-31 -1.0
  outer loop
    vertex 61.73410906091398 2.000000000000012 26.38000000000001
    vertex 60.802276630608375 2.9999999999999547 26.380000000000006
    vertex 61.73410906091398 8.25000000000001 26.38000000000001
  endloop
endfacet
facet normal -9.836576989909703e-16 8.898839768921631e-31 -1.0
  outer loop
    vertex 59.298152927420126 3.7203235703440787 26.380000000000006
    vertex 60.802276630608375 3.5182107160930722 26.380000000000006
    vertex 59.138799277369515 3.5182107160930722 26.38000000000001
  endloop
endfacet
facet normal -9.836576989909703e-16 8.898839768921631e-31 -1.0
  outer loop
    vertex 60.802276630608375 3.5182107160930722 26.380000000000006
    vertex 59.298152927420126 3.7203235703440787 26.380000000000006
    vertex 59.526162479545626 3.9871979377529945 26.380000000000006
  endloop
endfacet
facet normal -9.836576989909703e-16 8.898839768921631e-31 -1.0
  outer loop
    vertex 60.802276630608375 3.5182107160930722 26.380000000000006
    vertex 59.526162479545626 3.9871979377529945 26.380000000000006
    vertex 59.79046694563874 4.292956888916958 26.380000000000006
  endloop
endfacet
facet normal -9.836576989909703e-16 8.898839768921631e-31 -1.0
  outer loop
    vertex 60.802276630608375 3.5182107160930722 26.380000000000006
    vertex 59.79046694563874 4.292956888916958 26.380000000000006
    vertex 60.05866580064887 4.609074519230725 26.380000000000006
  endloop
endfacet
facet normal -9.836576989909703e-16 8.898839768921631e-31 -1.0
  outer loop
    vertex 60.802276630608375 3.5182107160930722 26.380000000000006
    vertex 60.05866580064887 4.609074519230725 26.380000000000006
    vertex 60.30998238086141 4.904455022773235 26.38000000000001
  endloop
endfacet
facet normal -9.836576989909703e-16 8.898839768921631e-31 -1.0
  outer loop
    vertex 60.802276630608375 3.5182107160930722 26.380000000000006
    vertex 60.30998238086141 4.904455022773235 26.38000000000001
    vertex 60.527633253837124 5.185582458248943 26.38000000000001
  endloop
endfacet
facet normal -9.836576989909703e-16 8.898839768921631e-31 -1.0
  outer loop
    vertex 60.802276630608375 3.5182107160930722 26.380000000000006
    vertex 60.527633253837124 5.185582458248943 26.38000000000001
    vertex 60.68050284518327 5.4796780111335615 26.38000000000001
  endloop
endfacet
facet normal -9.836576989909703e-16 8.898839768921631e-31 -1.0
  outer loop
    vertex 60.802276630608375 3.5182107160930722 26.380000000000006
    vertex 60.68050284518327 5.4796780111335615 26.38000000000001
    vertex 60.73751511745047 5.813923329959473 26.38000000000001
  endloop
endfacet
facet normal -9.836576989909703e-16 8.898839768921631e-31 -1.0
  outer loop
    vertex 58.195645494474775 6.06525967864368 26.380000000000006
    vertex 58.289222911662385 3.6412786139255693 26.38000000000001
    vertex 58.18528681532499 3.4923140182185786 26.38000000000001
  endloop
endfacet
facet normal -9.836576989909703e-16 8.898839768921631e-31 -1.0
  outer loop
    vertex 58.289222911662385 3.6412786139255693 26.38000000000001
    vertex 58.195645494474775 6.06525967864368 26.380000000000006
    vertex 58.799374618968685 5.839820027833969 26.38000000000001
  endloop
endfacet
facet normal -9.836576989909703e-16 8.898839768921631e-31 -1.0
  outer loop
    vertex 58.289222911662385 3.6412786139255693 26.38000000000001
    vertex 58.799374618968685 5.839820027833969 26.38000000000001
    vertex 58.41188874719303 3.809663229286668 26.38000000000001
  endloop
endfacet
facet normal -9.836576989909703e-16 8.898839768921631e-31 -1.0
  outer loop
    vertex 58.41188874719303 3.809663229286668 26.38000000000001
    vertex 58.799374618968685 5.839820027833969 26.38000000000001
    vertex 58.46641425080068 3.8952350075910482 26.380000000000006
  endloop
endfacet
facet normal -9.836576989909703e-16 8.898839768921631e-31 -1.0
  outer loop
    vertex 58.46641425080068 3.8952350075910482 26.380000000000006
    vertex 58.799374618968685 5.839820027833969 26.38000000000001
    vertex 58.7941952793938 4.309799626771214 26.380000000000006
  endloop
endfacet
facet normal -9.836576989909703e-16 8.898839768921631e-31 -1.0
  outer loop
    vertex 58.7941952793938 4.309799626771214 26.380000000000006
    vertex 58.799374618968685 5.839820027833969 26.38000000000001
    vertex 59.12326125864481 4.694573159159879 26.380000000000006
  endloop
endfacet
facet normal -9.836576989909703e-16 8.898839768921631e-31 -1.0
  outer loop
    vertex 59.12326125864481 4.694573159159879 26.380000000000006
    vertex 58.799374618968685 5.839820027833969 26.38000000000001
    vertex 58.932821686908966 6.0581380867282 26.38000000000001
  endloop
endfacet
facet normal -9.836576989909703e-16 8.898839768921631e-31 -1.0
  outer loop
    vertex 59.12326125864481 4.694573159159879 26.380000000000006
    vertex 58.932821686908966 6.0581380867282 26.38000000000001
    vertex 59.08439644336141 6.2259180478238445 26.38000000000001
  endloop
endfacet
facet normal -9.836576989909703e-16 8.898839768921631e-31 -1.0
  outer loop
    vertex 59.12326125864481 4.694573159159879 26.380000000000006
    vertex 59.08439644336141 6.2259180478238445 26.38000000000001
    vertex 59.10767706211404 6.240221501608525 26.381333368517414
  endloop
endfacet
facet normal -9.836576989909703e-16 8.898839768921631e-31 -1.0
  outer loop
    vertex 59.12326125864481 4.694573159159879 26.380000000000006
    vertex 59.10767706211404 6.240221501608525 26.381333368517414
    vertex 59.257993277243 6.332801231971109 26.380000000000017
  endloop
endfacet
facet normal -9.836576989909703e-16 8.898839768921631e-31 -1.0
  outer loop
    vertex 59.12326125864481 4.694573159159879 26.380000000000006
    vertex 59.257993277243 6.332801231971109 26.380000000000017
    vertex 59.405673644778425 5.008081351214529 26.380000000000006
  endloop
endfacet
facet normal -9.836576989909703e-16 8.898839768921631e-31 -1.0
  outer loop
    vertex 59.405673644778425 5.008081351214529 26.380000000000006
    vertex 59.257993277243 6.332801231971109 26.380000000000017
    vertex 59.457506577470724 6.368428960020196 26.38000000000001
  endloop
endfacet
facet normal -9.836576989909703e-16 8.898839768921631e-31 -1.0
  outer loop
    vertex 59.405673644778425 5.008081351214529 26.380000000000006
    vertex 59.457506577470724 6.368428960020196 26.38000000000001
    vertex 59.64406164452538 5.262007369686187 26.380000000000006
  endloop
endfacet
facet normal -9.836576989909703e-16 8.898839768921631e-31 -1.0
  outer loop
    vertex 59.64406164452538 5.262007369686187 26.380000000000006
    vertex 59.457506577470724 6.368428960020196 26.38000000000001
    vertex 59.6479560334424 6.323080086032332 26.380000000000006
  endloop
endfacet
facet normal -9.836576989909703e-16 8.898839768921631e-31 -1.0
  outer loop
    vertex 59.64406164452538 5.262007369686187 26.380000000000006
    vertex 59.6479560334424 6.323080086032332 26.380000000000006
    vertex 59.80213034391809 5.453761544787409 26.380000000000006
  endloop
endfacet
facet normal -9.836576989909703e-16 8.898839768921631e-31 -1.0
  outer loop
    vertex 59.80213034391809 5.453761544787409 26.380000000000006
    vertex 59.6479560334424 6.323080086032332 26.380000000000006
    vertex 59.791771664768305 6.202591251265134 26.38000000000001
  endloop
endfacet
facet normal -9.836576989909703e-16 8.898839768921631e-31 -1.0
  outer loop
    vertex 59.80213034391809 5.453761544787409 26.380000000000006
    vertex 59.791771664768305 6.202591251265134 26.38000000000001
    vertex 59.883754363401906 6.032878922064734 26.380000000000006
  endloop
endfacet
facet normal -9.836576989909703e-16 8.898839768921631e-31 -1.0
  outer loop
    vertex 59.80213034391809 5.453761544787409 26.380000000000006
    vertex 59.883754363401906 6.032878922064734 26.380000000000006
    vertex 59.8889337029768 5.631262651821817 26.380000000000006
  endloop
endfacet
facet normal -9.836576989909703e-16 8.898839768921631e-31 -1.0
  outer loop
    vertex 59.8889337029768 5.631262651821817 26.380000000000006
    vertex 59.883754363401906 6.032878922064734 26.380000000000006
    vertex 59.91613511998084 5.842429466093074 26.380000000000006
  endloop
endfacet
facet normal -9.836576989909703e-16 8.898839768921631e-31 -1.0
  outer loop
    vertex 56.70008153951529 4.619433198380529 26.38000000000001
    vertex 56.00565466704562 2.9999999999999547 26.38000000000001
    vertex 56.00565466704562 4.536524228238822 26.38000000000001
  endloop
endfacet
facet normal 0.8788650851504831 -0.4759611442799934 -0.03251386226078515
  outer loop
    vertex 58.38998933936344 6.4241167446861915 26.38000000000001
    vertex 58.20600417362455 6.065259678643688 26.659999999999982
    vertex 58.195645494474775 6.06525967864368 26.380000000000006
  endloop
endfacet
facet normal 0.8788650851504831 -0.4759611442799934 -0.03251386226078515
  outer loop
    vertex 58.20600417362455 6.065259678643688 26.659999999999982
    vertex 58.38998933936344 6.4241167446861915 26.38000000000001
    vertex 58.40034801851323 6.4241167446862 26.659999999999982
  endloop
endfacet
facet normal -0.9550597527926663 -0.29429996349919185 0.03533270552881308
  outer loop
    vertex 60.72714655406484 6.017642372532859 26.659999999999982
    vertex 60.654606147308776 6.219433989119387 26.380000000000006
    vertex 60.71678787491505 6.0176423725328485 26.380000000000006
  endloop
endfacet
facet normal -0.9550597527926663 -0.29429996349919185 0.03533270552881308
  outer loop
    vertex 60.654606147308776 6.219433989119387 26.380000000000006
    vertex 60.72714655406484 6.017642372532859 26.659999999999982
    vertex 60.66496482645858 6.2194339891193975 26.659999999999982
  endloop
endfacet
facet normal 0.9851970909764617 0.1675060032197429 -0.03644764487405487
  outer loop
    vertex 59.883754363401906 6.032878922064734 26.380000000000006
    vertex 59.92649379913064 5.842429466093082 26.659999999999982
    vertex 59.91613511998084 5.842429466093074 26.380000000000006
  endloop
endfacet
facet normal 0.9851970909764617 0.1675060032197429 -0.03644764487405487
  outer loop
    vertex 59.92649379913064 5.842429466093082 26.659999999999982
    vertex 59.883754363401906 6.032878922064734 26.380000000000006
    vertex 59.89411304255169 6.032878922064744 26.659999999999982
  endloop
endfacet
facet normal -0.7687550969562514 -0.6389105958975715 0.028440312121964215
  outer loop
    vertex 60.56294468633965 6.409567149544497 26.659999999999982
    vertex 60.41234352711646 6.5783108236335615 26.380000000000006
    vertex 60.552586007189845 6.409567149544487 26.380000000000006
  endloop
endfacet
facet normal -0.7687550969562514 -0.6389105958975715 0.028440312121964215
  outer loop
    vertex 60.41234352711646 6.5783108236335615 26.380000000000006
    vertex 60.56294468633965 6.409567149544497 26.659999999999982
    vertex 60.422702206266266 6.578310823633564 26.659999999999982
  endloop
endfacet
facet normal -0.6274453777472391 -0.7783145102720209 0.023212519114672345
  outer loop
    vertex 60.422702206266266 6.578310823633564 26.659999999999982
    vertex 60.23517354198236 6.721138031376473 26.380000000000006
    vertex 60.41234352711646 6.5783108236335615 26.380000000000006
  endloop
endfacet
facet normal -0.6274453777472391 -0.7783145102720209 0.023212519114672345
  outer loop
    vertex 60.23517354198236 6.721138031376473 26.380000000000006
    vertex 60.422702206266266 6.578310823633564 26.659999999999982
    vertex 60.245532221132144 6.721138031376481 26.659999999999982
  endloop
endfacet
facet normal -3.2474503171592996e-29 1.0 -3.0213926598730027e-14
  outer loop
    vertex 58.18528681532499 2.9999999999999547 26.38000000000001
    vertex 60.812635309758164 2.999999999999963 26.659999999999982
    vertex 60.802276630608375 2.9999999999999547 26.380000000000006
  endloop
endfacet
facet normal -3.2474503171592996e-29 1.0 -3.0213926598730027e-14
  outer loop
    vertex 60.812635309758164 2.999999999999963 26.659999999999982
    vertex 58.18528681532499 2.9999999999999547 26.38000000000001
    vertex 58.195645494474775 2.999999999999963 26.659999999999982
  endloop
endfacet
facet normal -0.7562331511895704 0.6537038359995239 0.027977059198571522
  outer loop
    vertex 59.53652115869541 3.9871979377530002 26.659999999999982
    vertex 59.79046694563874 4.292956888916958 26.380000000000006
    vertex 59.526162479545626 3.9871979377529945 26.380000000000006
  endloop
endfacet
facet normal -0.7562331511895704 0.6537038359995239 0.027977059198571522
  outer loop
    vertex 59.79046694563874 4.292956888916958 26.380000000000006
    vertex 59.53652115869541 3.9871979377530002 26.659999999999982
    vertex 59.80082562478853 4.292956888916967 26.659999999999982
  endloop
endfacet
facet normal -1.0 0.0 0.0
  outer loop
    vertex 61.73410906091398 2.000000000000012 26.38000000000001
    vertex 61.73410906091398 8.250000000000005 23.800000000000004
    vertex 61.73410906091398 2.0000000000000058 23.800000000000004
  endloop
endfacet
facet normal -1.0 0.0 0.0
  outer loop
    vertex 61.73410906091398 8.250000000000005 23.800000000000004
    vertex 61.73410906091398 2.000000000000012 26.38000000000001
    vertex 61.73410906091398 8.25000000000001 26.38000000000001
  endloop
endfacet
facet normal 0.34978948785644176 0.9367389476618475 -0.012940560980990695
  outer loop
    vertex 58.20600417362455 6.065259678643688 26.659999999999982
    vertex 58.799374618968685 5.839820027833969 26.38000000000001
    vertex 58.195645494474775 6.06525967864368 26.380000000000006
  endloop
endfacet
facet normal 0.34978948785644176 0.9367389476618475 -0.012940560980990695
  outer loop
    vertex 58.799374618968685 5.839820027833969 26.38000000000001
    vertex 58.20600417362455 6.065259678643688 26.659999999999982
    vertex 58.80973329811848 5.839820027833969 26.659999999999982
  endloop
endfacet
facet normal -0.8868133535843983 0.460961730407206 0.03280791069829775
  outer loop
    vertex 60.537991932986905 5.1855824582489545 26.659999999999982
    vertex 60.68050284518327 5.4796780111335615 26.38000000000001
    vertex 60.527633253837124 5.185582458248943 26.38000000000001
  endloop
endfacet
facet normal -0.8868133535843983 0.460961730407206 0.03280791069829775
  outer loop
    vertex 60.68050284518327 5.4796780111335615 26.38000000000001
    vertex 60.537991932986905 5.1855824582489545 26.659999999999982
    vertex 60.69086152433306 5.479678011133566 26.659999999999982
  endloop
endfacet
facet normal 0.878707545604513 0.4762523249502263 -0.032508034040782015
  outer loop
    vertex 59.791771664768305 6.202591251265134 26.38000000000001
    vertex 59.89411304255169 6.032878922064744 26.659999999999982
    vertex 59.883754363401906 6.032878922064734 26.380000000000006
  endloop
endfacet
facet normal 0.878707545604513 0.4762523249502263 -0.032508034040782015
  outer loop
    vertex 59.89411304255169 6.032878922064744 26.659999999999982
    vertex 59.791771664768305 6.202591251265134 26.38000000000001
    vertex 59.802130343918094 6.2025912512651455 26.659999999999982
  endloop
endfacet
facet normal -0.8528040815981627 0.5212770981621753 0.03154972806754674
  outer loop
    vertex 58.80973329811848 5.839820027833969 26.659999999999982
    vertex 58.932821686908966 6.0581380867282 26.38000000000001
    vertex 58.799374618968685 5.839820027833969 26.38000000000001
  endloop
endfacet
facet normal -0.8528040815981627 0.5212770981621753 0.03154972806754674
  outer loop
    vertex 58.932821686908966 6.0581380867282 26.38000000000001
    vertex 58.80973329811848 5.839820027833969 26.659999999999982
    vertex 58.94318036605877 6.058138086728202 26.659999999999982
  endloop
endfacet
facet normal -0.9851079764835118 0.1680300097100946 0.036444348058189364
  outer loop
    vertex 60.69086152433306 5.479678011133566 26.659999999999982
    vertex 60.73751511745047 5.813923329959473 26.38000000000001
    vertex 60.68050284518327 5.4796780111335615 26.38000000000001
  endloop
endfacet
facet normal -0.9851079764835118 0.1680300097100946 0.036444348058189364
  outer loop
    vertex 60.73751511745047 5.813923329959473 26.38000000000001
    vertex 60.69086152433306 5.479678011133566 26.659999999999982
    vertex 60.74787379660027 5.813923329959479 26.659999999999982
  endloop
endfacet
facet normal -0.7903803946835466 0.6119181594448823 0.029240346124297708
  outer loop
    vertex 60.32034106001121 4.904455022773241 26.659999999999982
    vertex 60.527633253837124 5.185582458248943 26.38000000000001
    vertex 60.30998238086141 4.904455022773235 26.38000000000001
  endloop
endfacet
facet normal -0.7903803946835466 0.6119181594448823 0.029240346124297708
  outer loop
    vertex 60.527633253837124 5.185582458248943 26.38000000000001
    vertex 60.32034106001121 4.904455022773241 26.659999999999982
    vertex 60.537991932986905 5.1855824582489545 26.659999999999982
  endloop
endfacet
facet normal -0.7849466081602174 0.6188824929948642 0.029039321655851116
  outer loop
    vertex 59.1491579565193 3.51821071609308 26.659999999999982
    vertex 59.298152927420126 3.7203235703440787 26.380000000000006
    vertex 59.138799277369515 3.5182107160930722 26.38000000000001
  endloop
endfacet
facet normal -0.7849466081602174 0.6188824929948642 0.029039321655851116
  outer loop
    vertex 59.298152927420126 3.7203235703440787 26.380000000000006
    vertex 59.1491579565193 3.51821071609308 26.659999999999982
    vertex 59.3085116065699 3.7203235703440924 26.659999999999982
  endloop
endfacet
facet normal 0.7713128311227654 -0.6358162265625831 -0.028534936220403723
  outer loop
    vertex 59.80213034391809 5.453761544787409 26.380000000000006
    vertex 59.654420323675176 5.2620073696861995 26.659999999999982
    vertex 59.64406164452538 5.262007369686187 26.380000000000006
  endloop
endfacet
facet normal 0.7713128311227654 -0.6358162265625831 -0.028534936220403723
  outer loop
    vertex 59.654420323675176 5.2620073696861995 26.659999999999982
    vertex 59.80213034391809 5.453761544787409 26.380000000000006
    vertex 59.812489023067876 5.453761544787415 26.659999999999982
  endloop
endfacet
facet normal -0.7613276859022299 0.6477552450056855 0.02816553295039649
  outer loop
    vertex 60.06902447979866 4.609074519230732 26.659999999999982
    vertex 60.30998238086141 4.904455022773235 26.38000000000001
    vertex 60.05866580064887 4.609074519230725 26.380000000000006
  endloop
endfacet
facet normal -0.7613276859022299 0.6477552450056855 0.02816553295039649
  outer loop
    vertex 60.30998238086141 4.904455022773235 26.38000000000001
    vertex 60.06902447979866 4.609074519230732 26.659999999999982
    vertex 60.32034106001121 4.904455022773241 26.659999999999982
  endloop
endfacet
facet normal 4.6775056069240864e-29 -1.0 2.7696099382169184e-14
  outer loop
    vertex 60.812635309758164 3.51821071609308 26.659999999999982
    vertex 59.138799277369515 3.5182107160930722 26.38000000000001
    vertex 60.802276630608375 3.5182107160930722 26.380000000000006
  endloop
endfacet
facet normal 4.6775056069240864e-29 -1.0 2.7696099382169184e-14
  outer loop
    vertex 59.138799277369515 3.5182107160930722 26.38000000000001
    vertex 60.812635309758164 3.51821071609308 26.659999999999982
    vertex 59.1491579565193 3.51821071609308 26.659999999999982
  endloop
endfacet
facet normal 0.0 0.0 -1.0
  outer loop
    vertex 49.279902739032764 8.25000000000002 23.800000000000015
    vertex 50.26684159402747 2.0000000000000173 23.800000000000015
    vertex 49.27990273903276 2.000000000000019 23.800000000000015
  endloop
endfacet
facet normal 0.0 0.0 -1.0
  outer loop
    vertex 50.26684159402747 2.0000000000000173 23.800000000000015
    vertex 49.279902739032764 8.25000000000002 23.800000000000015
    vertex 50.266841594027476 8.25000000000002 23.800000000000015
  endloop
endfacet
facet normal 0.9911382478829011 -0.12767330360293808 -0.03666743965325324
  outer loop
    vertex 59.91613511998084 5.842429466093074 26.380000000000006
    vertex 59.89929238212659 5.6312626518218245 26.659999999999982
    vertex 59.8889337029768 5.631262651821817 26.380000000000006
  endloop
endfacet
facet normal 0.9911382478829011 -0.12767330360293808 -0.03666743965325324
  outer loop
    vertex 59.89929238212659 5.6312626518218245 26.659999999999982
    vertex 59.91613511998084 5.842429466093074 26.380000000000006
    vertex 59.92649379913064 5.842429466093082 26.659999999999982
  endloop
endfacet
facet normal -0.7346929538359938 0.6781081226214266 0.019890641482536612
  outer loop
    vertex 59.10767706211404 6.240221501608525 26.381333368517414
    vertex 59.08439644336141 6.2259180478238445 26.38000000000001
    vertex 59.09475512251121 6.225918047823852 26.659999999999982
  endloop
endfacet
facet normal -0.7599966107660174 0.6493185858203679 0.02811628944942773
  outer loop
    vertex 59.3085116065699 3.7203235703440924 26.659999999999982
    vertex 59.526162479545626 3.9871979377529945 26.380000000000006
    vertex 59.298152927420126 3.7203235703440787 26.380000000000006
  endloop
endfacet
facet normal -0.7599966107660174 0.6493185858203679 0.02811628944942773
  outer loop
    vertex 59.526162479545626 3.9871979377529945 26.380000000000006
    vertex 59.3085116065699 3.7203235703440924 26.659999999999982
    vertex 59.53652115869541 3.9871979377530002 26.659999999999982
  endloop
endfacet
facet normal -0.7622322724605587 0.6466890901427431 0.028198998385824074
  outer loop
    vertex 59.80082562478853 4.292956888916967 26.659999999999982
    vertex 60.05866580064887 4.609074519230725 26.380000000000006
    vertex 59.79046694563874 4.292956888916958 26.380000000000006
  endloop
endfacet
facet normal -0.7622322724605587 0.6466890901427431 0.028198998385824074
  outer loop
    vertex 60.05866580064887 4.609074519230725 26.380000000000006
    vertex 59.80082562478853 4.292956888916967 26.659999999999982
    vertex 60.06902447979866 4.609074519230732 26.659999999999982
  endloop
endfacet
facet normal 0.4266749993948955 -0.9042672613001446 -0.015784962214144084
  outer loop
    vertex 59.04940624852335 6.86979693825907 26.659999999999982
    vertex 58.671116774839156 6.696190220141656 26.38000000000001
    vertex 59.03904756937357 6.869796938259069 26.38000000000001
  endloop
endfacet
facet normal 0.4266749993948955 -0.9042672613001446 -0.015784962214144084
  outer loop
    vertex 58.671116774839156 6.696190220141656 26.38000000000001
    vertex 59.04940624852335 6.86979693825907 26.659999999999982
    vertex 58.68147545398893 6.6961902201416645 26.659999999999982
  endloop
endfacet
facet normal 0.2316302239704301 0.9727661629167668 -0.008569225612554777
  outer loop
    vertex 59.457506577470724 6.368428960020196 26.38000000000001
    vertex 59.65831471259218 6.323080086032352 26.659999999999982
    vertex 59.6479560334424 6.323080086032332 26.380000000000006
  endloop
endfacet
facet normal 0.2316302239704301 0.9727661629167668 -0.008569225612554777
  outer loop
    vertex 59.65831471259218 6.323080086032352 26.659999999999982
    vertex 59.457506577470724 6.368428960020196 26.38000000000001
    vertex 59.467865256620506 6.368428960020205 26.659999999999982
  endloop
endfacet
facet normal -0.5241922358172344 0.8513791314244357 0.0193926399415442
  outer loop
    vertex 59.10767706211404 6.240221501608525 26.381333368517414
    vertex 59.26835195639279 6.332801231971117 26.659999999999982
    vertex 59.257993277243 6.332801231971109 26.380000000000017
  endloop
endfacet
facet normal -0.5241922358172344 0.8513791314244357 0.0193926399415442
  outer loop
    vertex 59.26835195639279 6.332801231971117 26.659999999999982
    vertex 59.10767706211404 6.240221501608525 26.381333368517414
    vertex 59.09475512251121 6.225918047823852 26.659999999999982
  endloop
endfacet
facet normal -1.4099832412739357e-15 -2.2559731860383063e-16 -1.0
  outer loop
    vertex 61.779902739032764 15.500000000000005 23.8
    vertex 62.77990273903277 9.250000000000005 23.8
    vertex 61.77990273903275 9.250000000000005 23.800000000000004
  endloop
endfacet
facet normal -1.4099832412739357e-15 -2.2559731860383063e-16 -1.0
  outer loop
    vertex 62.77990273903277 9.250000000000005 23.8
    vertex 61.779902739032764 15.500000000000005 23.8
    vertex 62.77990273903277 15.500000000000002 23.8
  endloop
endfacet
facet normal -1.0448225282431953e-15 -1.0 2.524274192515137e-16
  outer loop
    vertex 62.77990273903277 8.250000000000005 23.8
    vertex 56.02990273903276 8.250000000000012 21.800000000000015
    vertex 62.77990273903276 8.250000000000005 16.799999999999997
  endloop
endfacet
facet normal -1.0448225282431953e-15 -1.0 2.524274192515137e-16
  outer loop
    vertex 61.73410906091398 8.25000000000001 26.38000000000001
    vertex 50.266841594027476 8.25000000000002 23.800000000000015
    vertex 61.73410906091398 8.250000000000005 23.800000000000004
  endloop
endfacet
facet normal -1.0448225282431953e-15 -1.0 2.524274192515137e-16
  outer loop
    vertex 50.266841594027476 8.25000000000002 23.800000000000015
    vertex 61.73410906091398 8.25000000000001 26.38000000000001
    vertex 50.26684159402748 8.250000000000021 26.38000000000002
  endloop
endfacet
facet normal -1.0448225282431953e-15 -1.0 2.524274192515137e-16
  outer loop
    vertex 56.02990273903276 8.250000000000012 21.800000000000015
    vertex 49.279902739032764 8.25000000000002 23.800000000000015
    vertex 49.27990273903275 8.25000000000002 16.80000000000002
  endloop
endfacet
facet normal -1.0448225282431953e-15 -1.0 2.524274192515137e-16
  outer loop
    vertex 49.279902739032764 8.25000000000002 23.800000000000015
    vertex 56.02990273903276 8.250000000000012 21.800000000000015
    vertex 62.77990273903277 8.250000000000005 23.8
  endloop
endfacet
facet normal -1.0448225282431953e-15 -1.0 2.524274192515137e-16
  outer loop
    vertex 49.279902739032764 8.25000000000002 23.800000000000015
    vertex 62.77990273903277 8.250000000000005 23.8
    vertex 61.73410906091398 8.250000000000005 23.800000000000004
  endloop
endfacet
facet normal -1.0448225282431953e-15 -1.0 2.524274192515137e-16
  outer loop
    vertex 49.279902739032764 8.25000000000002 23.800000000000015
    vertex 61.73410906091398 8.250000000000005 23.800000000000004
    vertex 50.266841594027476 8.25000000000002 23.800000000000015
  endloop
endfacet
facet normal -1.4099832412739594e-15 -2.2559731860383053e-16 -1.0
  outer loop
    vertex 49.279902739032764 15.500000000000016 23.800000000000015
    vertex 50.27990273903276 9.250000000000018 23.800000000000015
    vertex 49.279902739032764 9.250000000000018 23.800000000000015
  endloop
endfacet
facet normal -1.4099832412739594e-15 -2.2559731860383053e-16 -1.0
  outer loop
    vertex 50.27990273903276 9.250000000000018 23.800000000000015
    vertex 49.279902739032764 15.500000000000016 23.800000000000015
    vertex 50.27990273903276 15.500000000000016 23.80000000000001
  endloop
endfacet
facet normal 0.7427130333329217 -0.6690458663342129 -0.027476878616629646
  outer loop
    vertex 59.405673644778425 5.008081351214529 26.380000000000006
    vertex 59.1336199377946 4.694573159159882 26.659999999999982
    vertex 59.12326125864481 4.694573159159879 26.380000000000006
  endloop
endfacet
facet normal 0.7427130333329217 -0.6690458663342129 -0.027476878616629646
  outer loop
    vertex 59.1336199377946 4.694573159159882 26.659999999999982
    vertex 59.405673644778425 5.008081351214529 26.380000000000006
    vertex 59.4160323239282 5.00808135121454 26.659999999999982
  endloop
endfacet
facet normal 0.7287958509448152 -0.6842000129656425 -0.026962008520090563
  outer loop
    vertex 59.64406164452538 5.262007369686187 26.380000000000006
    vertex 59.4160323239282 5.00808135121454 26.659999999999982
    vertex 59.405673644778425 5.008081351214529 26.380000000000006
  endloop
endfacet
facet normal 0.7287958509448152 -0.6842000129656425 -0.026962008520090563
  outer loop
    vertex 59.4160323239282 5.00808135121454 26.659999999999982
    vertex 59.64406164452538 5.262007369686187 26.380000000000006
    vertex 59.654420323675176 5.2620073696861995 26.659999999999982
  endloop
endfacet
facet normal 1.0 -1.3535839116229905e-15 -1.2085570639491006e-15
  outer loop
    vertex 49.279902739032764 15.50000000000002 16.800000000000026
    vertex 49.279902739032764 9.250000000000018 23.800000000000015
    vertex 49.27990273903275 9.250000000000018 16.80000000000002
  endloop
endfacet
facet normal 1.0 -1.3535839116229905e-15 -1.2085570639491006e-15
  outer loop
    vertex 49.279902739032764 9.250000000000018 23.800000000000015
    vertex 49.279902739032764 15.50000000000002 16.800000000000026
    vertex 49.279902739032764 15.500000000000016 23.800000000000015
  endloop
endfacet
facet normal 7.356434302298868e-16 1.0 -3.204180499982382e-31
  outer loop
    vertex 50.27990273903276 10.05000000000002 26.380000000000027
    vertex 61.77990273903275 10.050000000000011 26.660000000000018
    vertex 61.77990273903275 10.05000000000001 26.380000000000017
  endloop
endfacet
facet normal 7.356434302298868e-16 1.0 -3.204180499982382e-31
  outer loop
    vertex 61.77990273903275 10.050000000000011 26.660000000000018
    vertex 50.27990273903276 10.05000000000002 26.380000000000027
    vertex 50.27990273903276 10.050000000000018 26.66000000000003
  endloop
endfacet
facet normal -1.0 9.02389274415328e-16 8.057047092994009e-16
  outer loop
    vertex 62.77990273903277 15.500000000000002 23.8
    vertex 62.77990273903276 9.250000000000009 16.800000000000022
    vertex 62.77990273903277 9.250000000000005 23.8
  endloop
endfacet
facet normal -1.0 9.02389274415328e-16 8.057047092994009e-16
  outer loop
    vertex 62.77990273903276 9.250000000000009 16.800000000000022
    vertex 62.77990273903277 15.500000000000002 23.8
    vertex 62.77990273903277 15.500000000000002 16.800000000000015
  endloop
endfacet
facet normal 9.808579069731726e-16 1.0 -1.007130886624243e-14
  outer loop
    vertex 50.27990273903276 13.650000000000018 26.380000000000027
    vertex 61.77990273903275 13.65000000000001 26.660000000000018
    vertex 61.77990273903275 13.650000000000006 26.380000000000017
  endloop
endfacet
facet normal 9.808579069731726e-16 1.0 -1.007130886624243e-14
  outer loop
    vertex 61.77990273903275 13.65000000000001 26.660000000000018
    vertex 50.27990273903276 13.650000000000018 26.380000000000027
    vertex 50.27990273903276 13.65000000000002 26.66000000000003
  endloop
endfacet
facet normal -8.582506686015397e-16 -1.0 -5.035654433121233e-15
  outer loop
    vertex 61.77990273903275 14.65000000000001 26.660000000000018
    vertex 50.279902739032764 14.650000000000022 26.380000000000027
    vertex 61.779902739032764 14.65000000000001 26.380000000000017
  endloop
endfacet
facet normal -8.582506686015397e-16 -1.0 -5.035654433121233e-15
  outer loop
    vertex 50.279902739032764 14.650000000000022 26.380000000000027
    vertex 61.77990273903275 14.65000000000001 26.660000000000018
    vertex 50.279902739032764 14.650000000000018 26.66000000000003
  endloop
endfacet
facet normal -1.1039080614768778e-15 -1.0 2.4542320733030297e-16
  outer loop
    vertex 62.77990273903277 15.500000000000002 23.8
    vertex 56.02990273903277 15.500000000000009 21.800000000000022
    vertex 62.77990273903277 15.500000000000002 16.800000000000015
  endloop
endfacet
facet normal -1.1039080614768778e-15 -1.0 2.4542320733030297e-16
  outer loop
    vertex 61.779902739032764 15.500000000000009 26.380000000000017
    vertex 50.27990273903276 15.500000000000016 23.80000000000001
    vertex 61.779902739032764 15.500000000000005 23.8
  endloop
endfacet
facet normal -1.1039080614768778e-15 -1.0 2.4542320733030297e-16
  outer loop
    vertex 50.27990273903276 15.500000000000016 23.80000000000001
    vertex 61.779902739032764 15.500000000000009 26.380000000000017
    vertex 50.27990273903276 15.500000000000023 26.380000000000027
  endloop
endfacet
facet normal -1.1039080614768778e-15 -1.0 2.4542320733030297e-16
  outer loop
    vertex 56.02990273903277 15.500000000000009 21.800000000000022
    vertex 49.279902739032764 15.500000000000016 23.800000000000015
    vertex 49.279902739032764 15.50000000000002 16.800000000000026
  endloop
endfacet
facet normal -1.1039080614768778e-15 -1.0 2.4542320733030297e-16
  outer loop
    vertex 49.279902739032764 15.500000000000016 23.800000000000015
    vertex 56.02990273903277 15.500000000000009 21.800000000000022
    vertex 50.27990273903276 15.500000000000016 23.80000000000001
  endloop
endfacet
facet normal -1.1039080614768778e-15 -1.0 2.4542320733030297e-16
  outer loop
    vertex 50.27990273903276 15.500000000000016 23.80000000000001
    vertex 56.02990273903277 15.500000000000009 21.800000000000022
    vertex 61.779902739032764 15.500000000000005 23.8
  endloop
endfacet
facet normal -1.1039080614768778e-15 -1.0 2.4542320733030297e-16
  outer loop
    vertex 61.779902739032764 15.500000000000005 23.8
    vertex 56.02990273903277 15.500000000000009 21.800000000000022
    vertex 62.77990273903277 15.500000000000002 23.8
  endloop
endfacet
facet normal -9.808579069731824e-16 3.258272579398361e-30 -1.0
  outer loop
    vertex 50.27990273903276 11.85000000000002 26.380000000000027
    vertex 61.77990273903275 11.050000000000006 26.380000000000017
    vertex 50.27990273903276 11.050000000000018 26.380000000000027
  endloop
endfacet
facet normal -9.808579069731824e-16 3.258272579398361e-30 -1.0
  outer loop
    vertex 61.77990273903275 11.050000000000006 26.380000000000017
    vertex 50.27990273903276 11.85000000000002 26.380000000000027
    vertex 61.77990273903275 11.850000000000007 26.380000000000017
  endloop
endfacet
facet normal 9.325800485798792e-16 1.0 -1.5356714464640547e-16
  outer loop
    vertex 49.279902739032764 9.250000000000018 23.800000000000015
    vertex 56.02990273903276 9.25000000000001 21.800000000000022
    vertex 49.27990273903275 9.250000000000018 16.80000000000002
  endloop
endfacet
facet normal 9.325800485798792e-16 1.0 -1.5356714464640547e-16
  outer loop
    vertex 56.02990273903276 9.25000000000001 21.800000000000022
    vertex 49.279902739032764 9.250000000000018 23.800000000000015
    vertex 62.77990273903277 9.250000000000005 23.8
  endloop
endfacet
facet normal 9.325800485798792e-16 1.0 -1.5356714464640547e-16
  outer loop
    vertex 62.77990273903277 9.250000000000005 23.8
    vertex 49.279902739032764 9.250000000000018 23.800000000000015
    vertex 61.77990273903275 9.250000000000005 23.800000000000004
  endloop
endfacet
facet normal 9.325800485798792e-16 1.0 -1.5356714464640547e-16
  outer loop
    vertex 61.77990273903275 9.250000000000005 23.800000000000004
    vertex 49.279902739032764 9.250000000000018 23.800000000000015
    vertex 50.27990273903276 9.250000000000018 23.800000000000015
  endloop
endfacet
facet normal 9.325800485798792e-16 1.0 -1.5356714464640547e-16
  outer loop
    vertex 61.77990273903275 9.250000000000005 23.800000000000004
    vertex 50.27990273903276 9.250000000000018 23.800000000000015
    vertex 61.77990273903275 9.25000000000001 26.380000000000017
  endloop
endfacet
facet normal 9.325800485798792e-16 1.0 -1.5356714464640547e-16
  outer loop
    vertex 61.77990273903275 9.25000000000001 26.380000000000017
    vertex 50.27990273903276 9.250000000000018 23.800000000000015
    vertex 50.27990273903276 9.250000000000023 26.380000000000027
  endloop
endfacet
facet normal 9.325800485798792e-16 1.0 -1.5356714464640547e-16
  outer loop
    vertex 62.77990273903277 9.250000000000005 23.8
    vertex 62.77990273903276 9.250000000000009 16.800000000000022
    vertex 56.02990273903276 9.25000000000001 21.800000000000022
  endloop
endfacet
facet normal -9.808579069731822e-16 3.278531269011235e-30 -1.0
  outer loop
    vertex 50.27990273903276 10.05000000000002 26.380000000000027
    vertex 61.77990273903275 9.25000000000001 26.380000000000017
    vertex 50.27990273903276 9.250000000000023 26.380000000000027
  endloop
endfacet
facet normal -9.808579069731822e-16 3.278531269011235e-30 -1.0
  outer loop
    vertex 61.77990273903275 9.25000000000001 26.380000000000017
    vertex 50.27990273903276 10.05000000000002 26.380000000000027
    vertex 61.77990273903275 10.05000000000001 26.380000000000017
  endloop
endfacet
facet normal -0.7417537572605188 0.670110687654485 0.027441389927200462
  outer loop
    vertex 58.94318036605877 6.058138086728202 26.659999999999982
    vertex 59.08439644336141 6.2259180478238445 26.38000000000001
    vertex 58.932821686908966 6.0581380867282 26.38000000000001
  endloop
endfacet
facet normal -0.7417537572605188 0.670110687654485 0.027441389927200462
  outer loop
    vertex 59.08439644336141 6.2259180478238445 26.38000000000001
    vertex 58.94318036605877 6.058138086728202 26.659999999999982
    vertex 59.09475512251121 6.225918047823852 26.659999999999982
  endloop
endfacet
facet normal -0.8806973249702149 -0.4725575712040253 0.03258164649093417
  outer loop
    vertex 60.66496482645858 6.2194339891193975 26.659999999999982
    vertex 60.552586007189845 6.409567149544487 26.380000000000006
    vertex 60.654606147308776 6.219433989119387 26.380000000000006
  endloop
endfacet
facet normal -0.8806973249702149 -0.4725575712040253 0.03258164649093417
  outer loop
    vertex 60.552586007189845 6.409567149544487 26.380000000000006
    vertex 60.66496482645858 6.2194339891193975 26.659999999999982
    vertex 60.56294468633965 6.409567149544497 26.659999999999982
  endloop
endfacet
facet normal 0.7596780451502576 -0.6496917765911933 -0.028104504024482686
  outer loop
    vertex 59.12326125864481 4.694573159159879 26.380000000000006
    vertex 58.8045539585436 4.309799626771219 26.659999999999982
    vertex 58.7941952793938 4.309799626771214 26.380000000000006
  endloop
endfacet
facet normal 0.7596780451502576 -0.6496917765911933 -0.028104504024482686
  outer loop
    vertex 58.8045539585436 4.309799626771219 26.659999999999982
    vertex 59.12326125864481 4.694573159159879 26.380000000000006
    vertex 59.1336199377946 4.694573159159882 26.659999999999982
  endloop
endfacet
facet normal 0.642021956471161 0.7663182499307456 -0.023751783765054536
  outer loop
    vertex 59.65831471259218 6.323080086032352 26.659999999999982
    vertex 59.791771664768305 6.202591251265134 26.38000000000001
    vertex 59.6479560334424 6.323080086032332 26.380000000000006
  endloop
endfacet
facet normal 0.642021956471161 0.7663182499307456 -0.023751783765054536
  outer loop
    vertex 59.791771664768305 6.202591251265134 26.38000000000001
    vertex 59.65831471259218 6.323080086032352 26.659999999999982
    vertex 59.802130343918094 6.2025912512651455 26.659999999999982
  endloop
endfacet
facet normal 0.7840986086965985 -0.6199579910733078 -0.029007949676025283
  outer loop
    vertex 58.7941952793938 4.309799626771214 26.380000000000006
    vertex 58.47677292995048 3.8952350075910567 26.659999999999982
    vertex 58.46641425080068 3.8952350075910482 26.380000000000006
  endloop
endfacet
facet normal 0.7840986086965985 -0.6199579910733078 -0.029007949676025283
  outer loop
    vertex 58.47677292995048 3.8952350075910567 26.659999999999982
    vertex 58.7941952793938 4.309799626771214 26.380000000000006
    vertex 58.8045539585436 4.309799626771219 26.659999999999982
  endloop
endfacet
facet normal 0.999316376181601 7.753280546344388e-19 -0.036969991821383115
  outer loop
    vertex 58.18528681532499 3.4923140182185786 26.38000000000001
    vertex 58.195645494474775 2.999999999999963 26.659999999999982
    vertex 58.18528681532499 2.9999999999999547 26.38000000000001
  endloop
endfacet
facet normal 0.999316376181601 7.753280546344388e-19 -0.036969991821383115
  outer loop
    vertex 58.195645494474775 2.999999999999963 26.659999999999982
    vertex 58.18528681532499 3.4923140182185786 26.38000000000001
    vertex 58.195645494474775 3.4923140182185897 26.659999999999982
  endloop
endfacet
facet normal -2.696484537581609e-15 2.445848735577544e-30 -1.0
  outer loop
    vertex 62.77990273903277 8.250000000000005 23.8
    vertex 61.73410906091398 2.0000000000000058 23.800000000000004
    vertex 61.73410906091398 8.250000000000005 23.800000000000004
  endloop
endfacet
facet normal -2.696484537581609e-15 2.445848735577544e-30 -1.0
  outer loop
    vertex 61.73410906091398 2.0000000000000058 23.800000000000004
    vertex 62.77990273903277 8.250000000000005 23.8
    vertex 62.77990273903276 2.0000000000000044 23.8
  endloop
endfacet
facet normal -0.9941907438062305 -0.10115319811561756 0.0367803676027967
  outer loop
    vertex 60.74787379660027 5.813923329959479 26.659999999999982
    vertex 60.71678787491505 6.0176423725328485 26.380000000000006
    vertex 60.73751511745047 5.813923329959473 26.38000000000001
  endloop
endfacet
facet normal -0.9941907438062305 -0.10115319811561756 0.0367803676027967
  outer loop
    vertex 60.71678787491505 6.0176423725328485 26.380000000000006
    vertex 60.74787379660027 5.813923329959479 26.659999999999982
    vertex 60.72714655406484 6.017642372532859 26.659999999999982
  endloop
endfacet
facet normal 0.8082475224175281 -0.5887970076144016 -0.007350260556874871
  outer loop
    vertex 58.47677292995048 3.8952350075910567 26.659999999999982
    vertex 58.289222911662385 3.6412786139255693 26.38000000000001
    vertex 58.41188874719303 3.809663229286668 26.38000000000001
  endloop
endfacet
facet normal 0.8429354147826581 -0.537110235529592 -0.031184633949021767
  outer loop
    vertex 58.47677292995048 3.8952350075910567 26.659999999999982
    vertex 58.41188874719303 3.809663229286668 26.38000000000001
    vertex 58.46641425080068 3.8952350075910482 26.380000000000006
  endloop
endfacet
facet normal 1.2260723837164732e-15 1.0 -5.035654433121215e-15
  outer loop
    vertex 50.27990273903276 11.85000000000002 26.380000000000027
    vertex 61.77990273903275 11.850000000000007 26.660000000000018
    vertex 61.77990273903275 11.850000000000007 26.380000000000017
  endloop
endfacet
facet normal 1.2260723837164732e-15 1.0 -5.035654433121215e-15
  outer loop
    vertex 61.77990273903275 11.850000000000007 26.660000000000018
    vertex 50.27990273903276 11.85000000000002 26.380000000000027
    vertex 50.27990273903276 11.850000000000023 26.66000000000003
  endloop
endfacet
facet normal -9.808579069731824e-16 -1.0 4.272240666641711e-31
  outer loop
    vertex 61.77990273903275 12.850000000000005 26.660000000000018
    vertex 50.27990273903276 12.850000000000016 26.380000000000027
    vertex 61.77990273903275 12.850000000000005 26.380000000000017
  endloop
endfacet
facet normal -9.808579069731824e-16 -1.0 4.272240666641711e-31
  outer loop
    vertex 50.27990273903276 12.850000000000016 26.380000000000027
    vertex 61.77990273903275 12.850000000000005 26.660000000000018
    vertex 50.27990273903276 12.850000000000016 26.66000000000003
  endloop
endfacet
facet normal -1.0 1.3572181142354815e-15 -1.6968206858445885e-15
  outer loop
    vertex 61.77990273903275 12.850000000000005 26.660000000000018
    vertex 61.77990273903275 11.850000000000007 26.380000000000017
    vertex 61.77990273903275 11.850000000000007 26.660000000000018
  endloop
endfacet
facet normal -1.0 1.3572181142354815e-15 -1.6968206858445885e-15
  outer loop
    vertex 61.77990273903275 9.25000000000001 26.380000000000017
    vertex 61.779902739032764 15.500000000000005 23.8
    vertex 61.77990273903275 9.250000000000005 23.800000000000004
  endloop
endfacet
facet normal -1.0 1.3572181142354815e-15 -1.6968206858445885e-15
  outer loop
    vertex 61.779902739032764 15.500000000000005 23.8
    vertex 61.77990273903275 9.25000000000001 26.380000000000017
    vertex 61.77990273903275 10.05000000000001 26.380000000000017
  endloop
endfacet
facet normal -1.0 1.3572181142354815e-15 -1.6968206858445885e-15
  outer loop
    vertex 61.779902739032764 15.500000000000005 23.8
    vertex 61.77990273903275 10.05000000000001 26.380000000000017
    vertex 61.77990273903275 10.050000000000011 26.660000000000018
  endloop
endfacet
facet normal -1.0 1.3572181142354815e-15 -1.6968206858445885e-15
  outer loop
    vertex 61.779902739032764 15.500000000000005 23.8
    vertex 61.77990273903275 10.050000000000011 26.660000000000018
    vertex 61.77990273903275 11.050000000000006 26.380000000000017
  endloop
endfacet
facet normal -1.0 1.3572181142354815e-15 -1.6968206858445885e-15
  outer loop
    vertex 61.77990273903275 11.050000000000006 26.380000000000017
    vertex 61.77990273903275 10.050000000000011 26.660000000000018
    vertex 61.77990273903275 11.050000000000006 26.660000000000018
  endloop
endfacet
facet normal -1.0 1.3572181142354815e-15 -1.6968206858445885e-15
  outer loop
    vertex 61.779902739032764 15.500000000000005 23.8
    vertex 61.77990273903275 11.050000000000006 26.380000000000017
    vertex 61.77990273903275 11.850000000000007 26.380000000000017
  endloop
endfacet
facet normal -1.0 1.3572181142354815e-15 -1.6968206858445885e-15
  outer loop
    vertex 61.779902739032764 15.500000000000005 23.8
    vertex 61.77990273903275 11.850000000000007 26.380000000000017
    vertex 61.77990273903275 12.850000000000005 26.380000000000017
  endloop
endfacet
facet normal -1.0 1.3572181142354815e-15 -1.6968206858445885e-15
  outer loop
    vertex 61.77990273903275 12.850000000000005 26.380000000000017
    vertex 61.77990273903275 11.850000000000007 26.380000000000017
    vertex 61.77990273903275 12.850000000000005 26.660000000000018
  endloop
endfacet
facet normal -1.0 1.3572181142354815e-15 -1.6968206858445885e-15
  outer loop
    vertex 61.779902739032764 15.500000000000005 23.8
    vertex 61.77990273903275 12.850000000000005 26.380000000000017
    vertex 61.77990273903275 13.650000000000006 26.380000000000017
  endloop
endfacet
facet normal -1.0 1.3572181142354815e-15 -1.6968206858445885e-15
  outer loop
    vertex 61.779902739032764 15.500000000000005 23.8
    vertex 61.77990273903275 13.650000000000006 26.380000000000017
    vertex 61.77990273903275 13.65000000000001 26.660000000000018
  endloop
endfacet
facet normal -1.0 1.3572181142354815e-15 -1.6968206858445885e-15
  outer loop
    vertex 61.779902739032764 15.500000000000005 23.8
    vertex 61.77990273903275 13.65000000000001 26.660000000000018
    vertex 61.779902739032764 14.65000000000001 26.380000000000017
  endloop
endfacet
facet normal -1.0 1.3572181142354815e-15 -1.6968206858445885e-15
  outer loop
    vertex 61.779902739032764 14.65000000000001 26.380000000000017
    vertex 61.77990273903275 13.65000000000001 26.660000000000018
    vertex 61.77990273903275 14.65000000000001 26.660000000000018
  endloop
endfacet
facet normal -1.0 1.3572181142354815e-15 -1.6968206858445885e-15
  outer loop
    vertex 61.779902739032764 15.500000000000005 23.8
    vertex 61.779902739032764 14.65000000000001 26.380000000000017
    vertex 61.779902739032764 15.500000000000009 26.380000000000017
  endloop
endfacet
facet normal 0.7079383582799085 -0.7062718936246188 0.00181470434040969
  outer loop
    vertex 50.27990273903275 1.0000000000000129 16.29999999999999
    vertex 49.29058299029486 0.00942235977343335 16.80000000000002
    vertex 49.28998790837227 0.006676252983559116 16.29999999999999
  endloop
endfacet
facet normal 0.7079383582799085 -0.7062718936246188 0.00181470434040969
  outer loop
    vertex 49.29058299029486 0.00942235977343335 16.80000000000002
    vertex 50.27990273903275 1.0000000000000129 16.29999999999999
    vertex 49.78492799257282 0.5050252535410334 16.800000000000015
  endloop
endfacet
facet normal 0.7079383582799085 -0.7062718936246188 0.00181470434040969
  outer loop
    vertex 49.78492799257282 0.5050252535410334 16.800000000000015
    vertex 50.27990273903275 1.0000000000000129 16.29999999999999
    vertex 50.27990273903276 1.000000000000017 16.800000000000015
  endloop
endfacet
facet normal -0.7071067811865471 0.7071067811865479 3.088318632895934e-16
  outer loop
    vertex 52.279902739032764 16.500000000000014 17.30000000000001
    vertex 53.279902739032764 17.50000000000001 10.8
    vertex 52.27990273903276 16.50000000000001 10.8
  endloop
endfacet
facet normal -0.7071067811865471 0.7071067811865479 3.088318632895934e-16
  outer loop
    vertex 53.279902739032764 17.50000000000001 10.8
    vertex 52.279902739032764 16.500000000000014 17.30000000000001
    vertex 53.279902739032764 17.500000000000014 17.30000000000001
  endloop
endfacet
facet normal 0.7071067811865455 -0.7071067811865496 -3.1840804509702243e-16
  outer loop
    vertex 59.77990273903275 1.0000000000000075 17.300000000000004
    vertex 58.77990273903274 3.2132103206270154e-15 10.799999999999994
    vertex 59.77990273903274 1.0000000000000024 10.799999999999994
  endloop
endfacet
facet normal 0.7071067811865455 -0.7071067811865496 -3.1840804509702243e-16
  outer loop
    vertex 58.77990273903274 3.2132103206270154e-15 10.799999999999994
    vertex 59.77990273903275 1.0000000000000075 17.300000000000004
    vertex 58.77990273903274 7.722328988737634e-15 17.300000000000004
  endloop
endfacet
facet normal -9.808579069731824e-16 -1.6206951690292315e-31 -1.0
  outer loop
    vertex 61.77990273903275 13.650000000000006 26.380000000000017
    vertex 50.27990273903276 12.850000000000016 26.380000000000027
    vertex 50.27990273903276 13.650000000000018 26.380000000000027
  endloop
endfacet
facet normal -9.808579069731824e-16 -1.6206951690292315e-31 -1.0
  outer loop
    vertex 50.27990273903276 12.850000000000016 26.380000000000027
    vertex 61.77990273903275 13.650000000000006 26.380000000000017
    vertex 61.77990273903275 12.850000000000005 26.380000000000017
  endloop
endfacet
facet normal -2.93125395900724e-16 -1.0 6.353051206676038e-16
  outer loop
    vertex 64.77990273903275 1.412335059255949e-15 17.3
    vertex 62.779902739032735 -4.4143495914590474e-16 10.799999999999988
    vertex 64.77990273903274 -2.82957499911848e-15 10.799999999999988
  endloop
endfacet
facet normal -2.93125395900724e-16 -1.0 6.353051206676038e-16
  outer loop
    vertex 62.779902739032735 -4.4143495914590474e-16 10.799999999999988
    vertex 64.77990273903275 1.412335059255949e-15 17.3
    vertex 62.77990273903275 3.5147207850840692e-15 17.3
  endloop
endfacet
facet normal 9.249095625881788e-16 1.0 -3.7360055964052136e-16
  outer loop
    vertex 50.279902739032764 16.500000000000018 17.30000000000001
    vertex 52.27990273903276 16.50000000000001 10.8
    vertex 50.27990273903276 16.50000000000001 10.8
  endloop
endfacet
facet normal 9.249095625881788e-16 1.0 -3.7360055964052136e-16
  outer loop
    vertex 52.27990273903276 16.50000000000001 10.8
    vertex 50.279902739032764 16.500000000000018 17.30000000000001
    vertex 52.279902739032764 16.500000000000014 17.30000000000001
  endloop
endfacet
facet normal 9.249095625881788e-16 1.0 -3.7360055964052136e-16
  outer loop
    vertex 52.279902739032764 16.500000000000014 17.30000000000001
    vertex 50.279902739032764 16.500000000000018 17.30000000000001
    vertex 48.279902739032764 16.500000000000018 17.300000000000015
  endloop
endfacet
facet normal 9.249095625881788e-16 1.0 -3.7360055964052136e-16
  outer loop
    vertex 59.77990273903275 16.500000000000004 10.799999999999994
    vertex 61.779902739032764 16.500000000000007 17.3
    vertex 61.779902739032764 16.5 10.799999999999988
  endloop
endfacet
facet normal 9.249095625881788e-16 1.0 -3.7360055964052136e-16
  outer loop
    vertex 61.779902739032764 16.500000000000007 17.3
    vertex 59.77990273903275 16.500000000000004 10.799999999999994
    vertex 59.779902739032764 16.500000000000007 17.3
  endloop
endfacet
facet normal 9.249095625881788e-16 1.0 -3.7360055964052136e-16
  outer loop
    vertex 61.779902739032764 16.500000000000007 17.3
    vertex 59.779902739032764 16.500000000000007 17.3
    vertex 63.77990273903277 16.500000000000004 17.3
  endloop
endfacet
facet normal 9.249095625881788e-16 1.0 -3.7360055964052136e-16
  outer loop
    vertex 63.77990273903277 16.500000000000004 17.3
    vertex 59.779902739032764 16.500000000000007 17.3
    vertex 63.77990273903277 16.500000000000004 26.8
  endloop
endfacet
facet normal 9.249095625881788e-16 1.0 -3.7360055964052136e-16
  outer loop
    vertex 63.77990273903277 16.500000000000004 26.8
    vertex 59.779902739032764 16.500000000000007 17.3
    vertex 52.279902739032764 16.500000000000014 17.30000000000001
  endloop
endfacet
facet normal 9.249095625881788e-16 1.0 -3.7360055964052136e-16
  outer loop
    vertex 63.77990273903277 16.500000000000004 26.8
    vertex 52.279902739032764 16.500000000000014 17.30000000000001
    vertex 48.279902739032764 16.500000000000018 17.300000000000015
  endloop
endfacet
facet normal 9.249095625881788e-16 1.0 -3.7360055964052136e-16
  outer loop
    vertex 63.77990273903277 16.500000000000004 26.8
    vertex 48.279902739032764 16.500000000000018 17.300000000000015
    vertex 48.279902739032764 16.50000000000002 26.80000000000002
  endloop
endfacet
facet normal 1.4099832412739466e-15 1.0 -5.732748899661784e-16
  outer loop
    vertex 47.27990273903277 17.50000000000002 17.300000000000015
    vertex 49.279902739032764 17.500000000000014 10.800000000000006
    vertex 47.27990273903276 17.500000000000014 10.800000000000006
  endloop
endfacet
facet normal 1.4099832412739466e-15 1.0 -5.732748899661784e-16
  outer loop
    vertex 49.279902739032764 17.500000000000014 10.800000000000006
    vertex 47.27990273903277 17.50000000000002 17.300000000000015
    vertex 49.279902739032764 17.500000000000018 17.300000000000015
  endloop
endfacet
facet normal 5.127211786450713e-16 1.0 -9.008605413754174e-16
  outer loop
    vertex 53.279902739032764 17.50000000000001 10.8
    vertex 58.779902739032764 17.50000000000001 17.300000000000004
    vertex 58.77990273903276 17.500000000000004 10.799999999999994
  endloop
endfacet
facet normal 5.127211786450713e-16 1.0 -9.008605413754174e-16
  outer loop
    vertex 58.779902739032764 17.50000000000001 17.300000000000004
    vertex 53.279902739032764 17.50000000000001 10.8
    vertex 53.279902739032764 17.500000000000014 17.30000000000001
  endloop
endfacet
facet normal -0.7071067811865455 0.7071067811865497 4.117758177194536e-16
  outer loop
    vertex 61.779902739032764 16.500000000000007 17.3
    vertex 62.77990273903276 17.5 10.799999999999988
    vertex 61.779902739032764 16.5 10.799999999999988
  endloop
endfacet
facet normal -0.7071067811865455 0.7071067811865497 4.117758177194536e-16
  outer loop
    vertex 62.77990273903276 17.5 10.799999999999988
    vertex 61.779902739032764 16.500000000000007 17.3
    vertex 62.77990273903277 17.500000000000004 17.3
  endloop
endfacet
facet normal 1.0 -9.023892744153269e-16 5.438758030148107e-31
  outer loop
    vertex 49.27990273903275 8.250000000000014 10.800000000000006
    vertex 49.27990273903274 2.000000000000019 16.80000000000002
    vertex 49.27990273903274 2.0000000000000147 10.800000000000006
  endloop
endfacet
facet normal 1.0 -9.023892744153269e-16 5.438758030148107e-31
  outer loop
    vertex 49.27990273903274 2.000000000000019 16.80000000000002
    vertex 49.27990273903275 8.250000000000014 10.800000000000006
    vertex 49.27990273903275 8.25000000000002 16.80000000000002
  endloop
endfacet
facet normal -9.808579069731818e-16 -3.200265431804591e-30 -1.0
  outer loop
    vertex 61.779902739032764 15.500000000000009 26.380000000000017
    vertex 50.279902739032764 14.650000000000022 26.380000000000027
    vertex 50.27990273903276 15.500000000000023 26.380000000000027
  endloop
endfacet
facet normal -9.808579069731818e-16 -3.200265431804591e-30 -1.0
  outer loop
    vertex 50.279902739032764 14.650000000000022 26.380000000000027
    vertex 61.779902739032764 15.500000000000009 26.380000000000017
    vertex 61.779902739032764 14.65000000000001 26.380000000000017
  endloop
endfacet
facet normal -1.0 1.0742729457325322e-15 1.2966932034949189e-15
  outer loop
    vertex 47.27990273903275 1.665848406571318e-14 16.299999999999994
    vertex 47.27990273903276 17.500000000000014 10.800000000000006
    vertex 47.27990273903274 1.6205198758079825e-14 10.800000000000006
  endloop
endfacet
facet normal -1.0 1.0742729457325322e-15 1.2966932034949189e-15
  outer loop
    vertex 47.27990273903276 17.500000000000014 10.800000000000006
    vertex 47.27990273903275 1.665848406571318e-14 16.299999999999994
    vertex 47.27990273903275 2.0405475453030813e-14 16.80000000000002
  endloop
endfacet
facet normal -1.0 1.0742729457325322e-15 1.2966932034949189e-15
  outer loop
    vertex 47.27990273903276 17.500000000000014 10.800000000000006
    vertex 47.27990273903275 2.0405475453030813e-14 16.80000000000002
    vertex 47.27990273903275 2.0447108816454257e-14 17.300000000000015
  endloop
endfacet
facet normal -1.0 1.0742729457325322e-15 1.2966932034949189e-15
  outer loop
    vertex 47.27990273903276 17.500000000000014 10.800000000000006
    vertex 47.27990273903275 2.0447108816454257e-14 17.300000000000015
    vertex 47.27990273903277 17.50000000000002 17.300000000000015
  endloop
endfacet
facet normal 0.7071067811865498 0.7071067811865454 -1.9607232250711464e-15
  outer loop
    vertex 58.77990273903276 17.500000000000004 10.799999999999994
    vertex 59.779902739032764 16.500000000000007 17.3
    vertex 59.77990273903275 16.500000000000004 10.799999999999994
  endloop
endfacet
facet normal 0.7071067811865498 0.7071067811865454 -1.9607232250711464e-15
  outer loop
    vertex 59.779902739032764 16.500000000000007 17.3
    vertex 58.77990273903276 17.500000000000004 10.799999999999994
    vertex 58.779902739032764 17.50000000000001 17.300000000000004
  endloop
endfacet
facet normal -9.80857906973182e-16 -1.0 3.671370689021484e-29
  outer loop
    vertex 61.779902739032764 12.850000000000005 26.8
    vertex 50.27990273903276 12.850000000000016 26.66000000000003
    vertex 61.77990273903275 12.850000000000005 26.660000000000018
  endloop
endfacet
facet normal -9.80857906973182e-16 -1.0 3.671370689021484e-29
  outer loop
    vertex 50.27990273903276 12.850000000000016 26.66000000000003
    vertex 61.779902739032764 12.850000000000005 26.8
    vertex 50.27990273903276 12.850000000000016 26.80000000000001
  endloop
endfacet
facet normal 7.969470494157252e-16 1.0 1.510696329936544e-14
  outer loop
    vertex 50.27990273903276 10.050000000000018 26.66000000000003
    vertex 61.779902739032764 10.050000000000008 26.8
    vertex 61.77990273903275 10.050000000000011 26.660000000000018
  endloop
endfacet
facet normal 7.969470494157252e-16 1.0 1.510696329936544e-14
  outer loop
    vertex 61.779902739032764 10.050000000000008 26.8
    vertex 50.27990273903276 10.050000000000018 26.66000000000003
    vertex 50.27990273903276 10.050000000000018 26.80000000000001
  endloop
endfacet
facet normal -0.41289107379822376 -0.9107804132598317 -1.6880113257363087e-15
  outer loop
    vertex 57.220881925395815 6.675472861842067 26.80000000000001
    vertex 56.977971887756645 6.785593133223651 26.659999999999982
    vertex 57.220881925395815 6.67547286184207 26.659999999999982
  endloop
endfacet
facet normal -0.41289107379822376 -0.9107804132598317 -1.6880113257363087e-15
  outer loop
    vertex 56.977971887756645 6.785593133223651 26.659999999999982
    vertex 57.220881925395815 6.675472861842067 26.80000000000001
    vertex 56.97797188775666 6.7855931332236485 26.80000000000001
  endloop
endfacet
facet normal -1.0 5.430534690678166e-31 8.057047092994917e-14
  outer loop
    vertex 61.779902739032764 14.650000000000007 26.8
    vertex 61.77990273903275 13.65000000000001 26.660000000000018
    vertex 61.779902739032764 13.650000000000004 26.8
  endloop
endfacet
facet normal -1.0 5.430534690678166e-31 8.057047092994917e-14
  outer loop
    vertex 61.77990273903275 13.65000000000001 26.660000000000018
    vertex 61.779902739032764 14.650000000000007 26.8
    vertex 61.77990273903275 14.65000000000001 26.660000000000018
  endloop
endfacet
facet normal 1.0 -1.3808298172826085e-15 3.0696897268705576e-16
  outer loop
    vertex 63.77990273903277 16.500000000000004 17.3
    vertex 63.77990273903274 1.0000000000000044 26.8
    vertex 63.77990273903274 1.0000000000000036 17.3
  endloop
endfacet
facet normal 1.0 -1.3808298172826085e-15 3.0696897268705576e-16
  outer loop
    vertex 63.77990273903274 1.0000000000000044 26.8
    vertex 63.77990273903277 16.500000000000004 17.3
    vertex 63.77990273903277 16.500000000000004 26.8
  endloop
endfacet
facet normal 0.9864036073477946 -0.16434087565562594 8.237699177101443e-14
  outer loop
    vertex 52.565189396296645 6.871101657388628 26.659999999999982
    vertex 52.47453118526425 6.3269547064776965 26.80000000000002
    vertex 52.47453118526426 6.326954706477695 26.659999999999982
  endloop
endfacet
facet normal 0.9864036073477946 -0.16434087565562594 8.237699177101443e-14
  outer loop
    vertex 52.47453118526425 6.3269547064776965 26.80000000000002
    vertex 52.565189396296645 6.871101657388628 26.659999999999982
    vertex 52.56518939629663 6.871101657388631 26.80000000000002
  endloop
endfacet
facet normal 1.1647687645306686e-15 1.0 1.5106963299365427e-14
  outer loop
    vertex 50.27990273903276 11.850000000000023 26.66000000000003
    vertex 61.779902739032764 11.850000000000007 26.8
    vertex 61.77990273903275 11.850000000000007 26.660000000000018
  endloop
endfacet
facet normal 1.1647687645306686e-15 1.0 1.5106963299365427e-14
  outer loop
    vertex 61.779902739032764 11.850000000000007 26.8
    vertex 50.27990273903276 11.850000000000023 26.66000000000003
    vertex 50.27990273903276 11.850000000000017 26.80000000000001
  endloop
endfacet
facet normal -1.0 0.0 8.057047092994917e-14
  outer loop
    vertex 61.779902739032764 12.850000000000005 26.8
    vertex 61.77990273903275 11.850000000000007 26.660000000000018
    vertex 61.779902739032764 11.850000000000007 26.8
  endloop
endfacet
facet normal -1.0 0.0 8.057047092994917e-14
  outer loop
    vertex 61.77990273903275 11.850000000000007 26.660000000000018
    vertex 61.779902739032764 12.850000000000005 26.8
    vertex 61.77990273903275 12.850000000000005 26.660000000000018
  endloop
endfacet
facet normal 1.0915999287282188e-15 -1.2543731246312502e-30 1.0
  outer loop
    vertex 58.47677292995048 3.895235007591055 26.800000000000008
    vertex 58.20600417362455 6.065259678643688 26.80000000000001
    vertex 58.195645494474775 3.4923140182185897 26.80000000000001
  endloop
endfacet
facet normal 1.0915999287282188e-15 -1.2543731246312502e-30 1.0
  outer loop
    vertex 58.20600417362455 6.065259678643688 26.80000000000001
    vertex 58.47677292995048 3.895235007591055 26.800000000000008
    vertex 58.80973329811848 5.839820027833969 26.80000000000001
  endloop
endfacet
facet normal 1.0915999287282188e-15 -1.2543731246312502e-30 1.0
  outer loop
    vertex 58.80973329811848 5.839820027833969 26.80000000000001
    vertex 58.47677292995048 3.895235007591055 26.800000000000008
    vertex 58.8045539585436 4.3097996267712215 26.800000000000008
  endloop
endfacet
facet normal 1.0915999287282188e-15 -1.2543731246312502e-30 1.0
  outer loop
    vertex 58.80973329811848 5.839820027833969 26.80000000000001
    vertex 58.8045539585436 4.3097996267712215 26.800000000000008
    vertex 59.1336199377946 4.6945731591598845 26.800000000000008
  endloop
endfacet
facet normal 1.0915999287282188e-15 -1.2543731246312502e-30 1.0
  outer loop
    vertex 58.80973329811848 5.839820027833969 26.80000000000001
    vertex 59.1336199377946 4.6945731591598845 26.800000000000008
    vertex 58.94318036605877 6.058138086728202 26.80000000000001
  endloop
endfacet
facet normal 1.0915999287282188e-15 -1.2543731246312502e-30 1.0
  outer loop
    vertex 58.94318036605877 6.058138086728202 26.80000000000001
    vertex 59.1336199377946 4.6945731591598845 26.800000000000008
    vertex 59.09475512251121 6.225918047823852 26.80000000000001
  endloop
endfacet
facet normal 1.0915999287282188e-15 -1.2543731246312502e-30 1.0
  outer loop
    vertex 59.09475512251121 6.225918047823852 26.80000000000001
    vertex 59.1336199377946 4.6945731591598845 26.800000000000008
    vertex 59.26835195639279 6.332801231971116 26.80000000000001
  endloop
endfacet
facet normal 1.0915999287282188e-15 -1.2543731246312502e-30 1.0
  outer loop
    vertex 59.26835195639279 6.332801231971116 26.80000000000001
    vertex 59.1336199377946 4.6945731591598845 26.800000000000008
    vertex 59.4160323239282 5.008081351214539 26.800000000000008
  endloop
endfacet
facet normal 1.0915999287282188e-15 -1.2543731246312502e-30 1.0
  outer loop
    vertex 59.26835195639279 6.332801231971116 26.80000000000001
    vertex 59.4160323239282 5.008081351214539 26.800000000000008
    vertex 59.46786525662053 6.368428960020202 26.800000000000008
  endloop
endfacet
facet normal 1.0915999287282188e-15 -1.2543731246312502e-30 1.0
  outer loop
    vertex 59.46786525662053 6.368428960020202 26.800000000000008
    vertex 59.4160323239282 5.008081351214539 26.800000000000008
    vertex 59.654420323675176 5.262007369686204 26.800000000000008
  endloop
endfacet
facet normal 1.0915999287282188e-15 -1.2543731246312502e-30 1.0
  outer loop
    vertex 59.46786525662053 6.368428960020202 26.800000000000008
    vertex 59.654420323675176 5.262007369686204 26.800000000000008
    vertex 59.65831471259218 6.323080086032343 26.800000000000008
  endloop
endfacet
facet normal 1.0915999287282188e-15 -1.2543731246312502e-30 1.0
  outer loop
    vertex 59.65831471259218 6.323080086032343 26.800000000000008
    vertex 59.654420323675176 5.262007369686204 26.800000000000008
    vertex 59.812489023067876 5.45376154478742 26.800000000000008
  endloop
endfacet
facet normal 1.0915999287282188e-15 -1.2543731246312502e-30 1.0
  outer loop
    vertex 59.65831471259218 6.323080086032343 26.800000000000008
    vertex 59.812489023067876 5.45376154478742 26.800000000000008
    vertex 59.80213034391811 6.202591251265126 26.800000000000008
  endloop
endfacet
facet normal 1.0915999287282188e-15 -1.2543731246312502e-30 1.0
  outer loop
    vertex 59.80213034391811 6.202591251265126 26.800000000000008
    vertex 59.812489023067876 5.45376154478742 26.800000000000008
    vertex 59.89411304255169 6.032878922064746 26.800000000000008
  endloop
endfacet
facet normal 1.0915999287282188e-15 -1.2543731246312502e-30 1.0
  outer loop
    vertex 59.89411304255169 6.032878922064746 26.800000000000008
    vertex 59.812489023067876 5.45376154478742 26.800000000000008
    vertex 59.89929238212659 5.631262651821825 26.80000000000001
  endloop
endfacet
facet normal 1.0915999287282188e-15 -1.2543731246312502e-30 1.0
  outer loop
    vertex 59.89411304255169 6.032878922064746 26.800000000000008
    vertex 59.89929238212659 5.631262651821825 26.80000000000001
    vertex 59.92649379913064 5.8424294660930824 26.800000000000008
  endloop
endfacet
facet normal 1.0915999287282188e-15 -1.2543731246312502e-30 1.0
  outer loop
    vertex 60.812635309758164 3.51821071609308 26.800000000000008
    vertex 59.3085116065699 3.7203235703440947 26.800000000000008
    vertex 59.1491579565193 3.518210716093077 26.800000000000008
  endloop
endfacet
facet normal 1.0915999287282188e-15 -1.2543731246312502e-30 1.0
  outer loop
    vertex 59.3085116065699 3.7203235703440947 26.800000000000008
    vertex 60.812635309758164 3.51821071609308 26.800000000000008
    vertex 59.53652115869541 3.987197937753002 26.800000000000008
  endloop
endfacet
facet normal 1.0915999287282188e-15 -1.2543731246312502e-30 1.0
  outer loop
    vertex 59.53652115869541 3.987197937753002 26.800000000000008
    vertex 60.812635309758164 3.51821071609308 26.800000000000008
    vertex 59.80082562478853 4.292956888916969 26.800000000000008
  endloop
endfacet
facet normal 1.0915999287282188e-15 -1.2543731246312502e-30 1.0
  outer loop
    vertex 59.80082562478853 4.292956888916969 26.800000000000008
    vertex 60.812635309758164 3.51821071609308 26.800000000000008
    vertex 60.06902447979866 4.609074519230733 26.800000000000008
  endloop
endfacet
facet normal 1.0915999287282188e-15 -1.2543731246312502e-30 1.0
  outer loop
    vertex 60.06902447979866 4.609074519230733 26.800000000000008
    vertex 60.812635309758164 3.51821071609308 26.800000000000008
    vertex 60.32034106001121 4.904455022773239 26.800000000000008
  endloop
endfacet
facet normal 1.0915999287282188e-15 -1.2543731246312502e-30 1.0
  outer loop
    vertex 60.32034106001121 4.904455022773239 26.800000000000008
    vertex 60.812635309758164 3.51821071609308 26.800000000000008
    vertex 60.53799193298692 5.18558245824895 26.800000000000008
  endloop
endfacet
facet normal 1.0915999287282188e-15 -1.2543731246312502e-30 1.0
  outer loop
    vertex 60.53799193298692 5.18558245824895 26.800000000000008
    vertex 60.812635309758164 3.51821071609308 26.800000000000008
    vertex 60.69086152433306 5.479678011133569 26.80000000000001
  endloop
endfacet
facet normal 1.0915999287282188e-15 -1.2543731246312502e-30 1.0
  outer loop
    vertex 60.69086152433306 5.479678011133569 26.80000000000001
    vertex 60.812635309758164 3.51821071609308 26.800000000000008
    vertex 60.74787379660027 5.813923329959482 26.80000000000001
  endloop
endfacet
facet normal 1.0915999287282188e-15 -1.2543731246312502e-30 1.0
  outer loop
    vertex 48.27990273903275 1.0000000000000198 26.80000000000002
    vertex 51.443249555709585 2.999999999999963 26.80000000000002
    vertex 48.279902739032764 16.50000000000002 26.80000000000002
  endloop
endfacet
facet normal 1.0915999287282188e-15 -1.2543731246312502e-30 1.0
  outer loop
    vertex 51.443249555709585 2.999999999999963 26.80000000000002
    vertex 48.27990273903275 1.0000000000000198 26.80000000000002
    vertex 63.77990273903274 1.0000000000000044 26.8
  endloop
endfacet
facet normal 1.0915999287282188e-15 -1.2543731246312502e-30 1.0
  outer loop
    vertex 48.279902739032764 16.50000000000002 26.80000000000002
    vertex 51.443249555709585 2.999999999999963 26.80000000000002
    vertex 50.27990273903276 10.050000000000018 26.80000000000001
  endloop
endfacet
facet normal 1.0915999287282188e-15 -1.2543731246312502e-30 1.0
  outer loop
    vertex 51.443249555709585 2.999999999999963 26.80000000000002
    vertex 63.77990273903274 1.0000000000000044 26.8
    vertex 52.29052625105372 2.999999999999964 26.80000000000002
  endloop
endfacet
facet normal 1.0915999287282188e-15 -1.2543731246312502e-30 1.0
  outer loop
    vertex 52.29052625105372 2.999999999999964 26.80000000000002
    vertex 63.77990273903274 1.0000000000000044 26.8
    vertex 53.8996007702845 2.999999999999963 26.80000000000002
  endloop
endfacet
facet normal 1.0915999287282188e-15 -1.2543731246312502e-30 1.0
  outer loop
    vertex 52.29052625105372 2.999999999999964 26.80000000000002
    vertex 53.8996007702845 2.999999999999963 26.80000000000002
    vertex 52.58333685328046 4.106401821862314 26.80000000000002
  endloop
endfacet
facet normal 1.0915999287282188e-15 -1.2543731246312502e-30 1.0
  outer loop
    vertex 52.58333685328046 4.106401821862314 26.80000000000002
    vertex 53.8996007702845 2.999999999999963 26.80000000000002
    vertex 53.599040927167096 4.106401821862314 26.80000000000002
  endloop
endfacet
facet normal 1.0915999287282188e-15 -1.2543731246312502e-30 1.0
  outer loop
    vertex 53.8996007702845 2.999999999999963 26.80000000000002
    vertex 63.77990273903274 1.0000000000000044 26.8
    vertex 54.785781817855344 2.999999999999963 26.80000000000001
  endloop
endfacet
facet normal 1.0915999287282188e-15 -1.2543731246312502e-30 1.0
  outer loop
    vertex 54.785781817855344 2.999999999999963 26.80000000000001
    vertex 63.77990273903274 1.0000000000000044 26.8
    vertex 55.106545039009184 2.999999999999963 26.80000000000001
  endloop
endfacet
facet normal 1.0915999287282188e-15 -1.2543731246312502e-30 1.0
  outer loop
    vertex 54.785781817855344 2.999999999999963 26.80000000000001
    vertex 55.106545039009184 2.999999999999963 26.80000000000001
    vertex 55.008098050142756 6.829627403846117 26.80000000000001
  endloop
endfacet
facet normal 1.0915999287282188e-15 -1.2543731246312502e-30 1.0
  outer loop
    vertex 55.106545039009184 2.999999999999963 26.80000000000001
    vertex 63.77990273903274 1.0000000000000044 26.8
    vertex 56.0160133461954 2.999999999999963 26.80000000000001
  endloop
endfacet
facet normal 1.0915999287282188e-15 -1.2543731246312502e-30 1.0
  outer loop
    vertex 56.0160133461954 2.999999999999963 26.80000000000001
    vertex 63.77990273903274 1.0000000000000044 26.8
    vertex 58.195645494474775 2.999999999999963 26.80000000000001
  endloop
endfacet
facet normal 1.0915999287282188e-15 -1.2543731246312502e-30 1.0
  outer loop
    vertex 56.0160133461954 2.999999999999963 26.80000000000001
    vertex 58.195645494474775 2.999999999999963 26.80000000000001
    vertex 56.0160133461954 4.53652422823883 26.80000000000001
  endloop
endfacet
facet normal 1.0915999287282188e-15 -1.2543731246312502e-30 1.0
  outer loop
    vertex 56.0160133461954 4.53652422823883 26.80000000000001
    vertex 58.195645494474775 2.999999999999963 26.80000000000001
    vertex 56.71044021866505 4.619433198380529 26.80000000000001
  endloop
endfacet
facet normal 1.0915999287282188e-15 -1.2543731246312502e-30 1.0
  outer loop
    vertex 56.71044021866505 4.619433198380529 26.80000000000001
    vertex 58.195645494474775 2.999999999999963 26.80000000000001
    vertex 57.001619921979824 4.709137580655332 26.80000000000001
  endloop
endfacet
facet normal 1.0915999287282188e-15 -1.2543731246312502e-30 1.0
  outer loop
    vertex 57.001619921979824 4.709137580655332 26.80000000000001
    vertex 58.195645494474775 2.999999999999963 26.80000000000001
    vertex 57.24810311087154 4.838369022014138 26.80000000000001
  endloop
endfacet
facet normal 1.0915999287282188e-15 -1.2543731246312502e-30 1.0
  outer loop
    vertex 57.24810311087154 4.838369022014138 26.80000000000001
    vertex 58.195645494474775 2.999999999999963 26.80000000000001
    vertex 57.44664775598793 5.009712250126482 26.80000000000001
  endloop
endfacet
facet normal 1.0915999287282188e-15 -1.2543731246312502e-30 1.0
  outer loop
    vertex 57.44664775598793 5.009712250126482 26.80000000000001
    vertex 58.195645494474775 2.999999999999963 26.80000000000001
    vertex 57.59401182797678 5.225751992661907 26.80000000000001
  endloop
endfacet
facet normal 1.0915999287282188e-15 -1.2543731246312502e-30 1.0
  outer loop
    vertex 57.59401182797678 5.225751992661907 26.80000000000001
    vertex 58.195645494474775 2.999999999999963 26.80000000000001
    vertex 57.685342167045626 5.4919888268597825 26.80000000000001
  endloop
endfacet
facet normal 1.0915999287282188e-15 -1.2543731246312502e-30 1.0
  outer loop
    vertex 57.685342167045626 5.4919888268597825 26.80000000000001
    vertex 58.195645494474775 2.999999999999963 26.80000000000001
    vertex 57.715785613401884 5.813923329959481 26.80000000000001
  endloop
endfacet
facet normal 1.0915999287282188e-15 -1.2543731246312502e-30 1.0
  outer loop
    vertex 58.195645494474775 2.999999999999963 26.80000000000001
    vertex 63.77990273903274 1.0000000000000044 26.8
    vertex 60.812635309758164 2.999999999999963 26.800000000000008
  endloop
endfacet
facet normal 1.0915999287282188e-15 -1.2543731246312502e-30 1.0
  outer loop
    vertex 60.812635309758164 2.999999999999963 26.800000000000008
    vertex 63.77990273903274 1.0000000000000044 26.8
    vertex 60.812635309758164 3.51821071609308 26.800000000000008
  endloop
endfacet
facet normal 1.0915999287282188e-15 -1.2543731246312502e-30 1.0
  outer loop
    vertex 60.812635309758164 3.51821071609308 26.800000000000008
    vertex 63.77990273903274 1.0000000000000044 26.8
    vertex 61.779902739032764 10.050000000000008 26.8
  endloop
endfacet
facet normal 1.0915999287282188e-15 -1.2543731246312502e-30 1.0
  outer loop
    vertex 61.779902739032764 10.050000000000008 26.8
    vertex 63.77990273903274 1.0000000000000044 26.8
    vertex 61.779902739032764 11.050000000000006 26.8
  endloop
endfacet
facet normal 1.0915999287282188e-15 -1.2543731246312502e-30 1.0
  outer loop
    vertex 61.779902739032764 11.050000000000006 26.8
    vertex 63.77990273903274 1.0000000000000044 26.8
    vertex 61.779902739032764 11.850000000000007 26.8
  endloop
endfacet
facet normal 1.0915999287282188e-15 -1.2543731246312502e-30 1.0
  outer loop
    vertex 61.779902739032764 11.850000000000007 26.8
    vertex 63.77990273903274 1.0000000000000044 26.8
    vertex 61.779902739032764 12.850000000000005 26.8
  endloop
endfacet
facet normal 1.0915999287282188e-15 -1.2543731246312502e-30 1.0
  outer loop
    vertex 61.779902739032764 12.850000000000005 26.8
    vertex 63.77990273903274 1.0000000000000044 26.8
    vertex 61.779902739032764 13.650000000000004 26.8
  endloop
endfacet
facet normal 1.0915999287282188e-15 -1.2543731246312502e-30 1.0
  outer loop
    vertex 61.779902739032764 13.650000000000004 26.8
    vertex 63.77990273903274 1.0000000000000044 26.8
    vertex 61.779902739032764 14.650000000000007 26.8
  endloop
endfacet
facet normal 1.0915999287282188e-15 -1.2543731246312502e-30 1.0
  outer loop
    vertex 48.279902739032764 16.50000000000002 26.80000000000002
    vertex 50.27990273903276 14.650000000000018 26.80000000000001
    vertex 63.77990273903277 16.500000000000004 26.8
  endloop
endfacet
facet normal 1.0915999287282188e-15 -1.2543731246312502e-30 1.0
  outer loop
    vertex 50.27990273903276 14.650000000000018 26.80000000000001
    vertex 48.279902739032764 16.50000000000002 26.80000000000002
    vertex 50.27990273903276 10.050000000000018 26.80000000000001
  endloop
endfacet
facet normal 1.0915999287282188e-15 -1.2543731246312502e-30 1.0
  outer loop
    vertex 50.27990273903276 14.650000000000018 26.80000000000001
    vertex 50.27990273903276 10.050000000000018 26.80000000000001
    vertex 50.27990273903276 11.050000000000018 26.80000000000001
  endloop
endfacet
facet normal 1.0915999287282188e-15 -1.2543731246312502e-30 1.0
  outer loop
    vertex 50.27990273903276 14.650000000000018 26.80000000000001
    vertex 50.27990273903276 11.050000000000018 26.80000000000001
    vertex 50.27990273903276 11.850000000000017 26.80000000000001
  endloop
endfacet
facet normal 1.0915999287282188e-15 -1.2543731246312502e-30 1.0
  outer loop
    vertex 50.27990273903276 14.650000000000018 26.80000000000001
    vertex 50.27990273903276 11.850000000000017 26.80000000000001
    vertex 50.27990273903276 12.850000000000016 26.80000000000001
  endloop
endfacet
facet normal 1.0915999287282188e-15 -1.2543731246312502e-30 1.0
  outer loop
    vertex 50.27990273903276 14.650000000000018 26.80000000000001
    vertex 50.27990273903276 12.850000000000016 26.80000000000001
    vertex 50.27990273903276 13.650000000000015 26.80000000000001
  endloop
endfacet
facet normal 1.0915999287282188e-15 -1.2543731246312502e-30 1.0
  outer loop
    vertex 63.77990273903277 16.500000000000004 26.8
    vertex 50.27990273903276 14.650000000000018 26.80000000000001
    vertex 61.779902739032764 14.650000000000007 26.8
  endloop
endfacet
facet normal 1.0915999287282188e-15 -1.2543731246312502e-30 1.0
  outer loop
    vertex 63.77990273903277 16.500000000000004 26.8
    vertex 61.779902739032764 14.650000000000007 26.8
    vertex 63.77990273903274 1.0000000000000044 26.8
  endloop
endfacet
facet normal 1.0915999287282188e-15 -1.2543731246312502e-30 1.0
  outer loop
    vertex 61.779902739032764 12.850000000000005 26.8
    vertex 50.27990273903276 13.650000000000015 26.80000000000001
    vertex 50.27990273903276 12.850000000000016 26.80000000000001
  endloop
endfacet
facet normal 1.0915999287282188e-15 -1.2543731246312502e-30 1.0
  outer loop
    vertex 50.27990273903276 13.650000000000015 26.80000000000001
    vertex 61.779902739032764 12.850000000000005 26.8
    vertex 61.779902739032764 13.650000000000004 26.8
  endloop
endfacet
facet normal 1.0915999287282188e-15 -1.2543731246312502e-30 1.0
  outer loop
    vertex 61.779902739032764 11.050000000000006 26.8
    vertex 50.27990273903276 11.850000000000017 26.80000000000001
    vertex 50.27990273903276 11.050000000000018 26.80000000000001
  endloop
endfacet
facet normal 1.0915999287282188e-15 -1.2543731246312502e-30 1.0
  outer loop
    vertex 50.27990273903276 11.850000000000017 26.80000000000001
    vertex 61.779902739032764 11.050000000000006 26.8
    vertex 61.779902739032764 11.850000000000007 26.8
  endloop
endfacet
facet normal 1.0915999287282188e-15 -1.2543731246312502e-30 1.0
  outer loop
    vertex 50.27990273903276 10.050000000000018 26.80000000000001
    vertex 52.56518939629663 6.871101657388631 26.80000000000002
    vertex 61.779902739032764 10.050000000000008 26.8
  endloop
endfacet
facet normal 1.0915999287282188e-15 -1.2543731246312502e-30 1.0
  outer loop
    vertex 52.56518939629663 6.871101657388631 26.80000000000002
    vertex 50.27990273903276 10.050000000000018 26.80000000000001
    vertex 51.443249555709585 2.999999999999963 26.80000000000002
  endloop
endfacet
facet normal 1.0915999287282188e-15 -1.2543731246312502e-30 1.0
  outer loop
    vertex 52.56518939629663 6.871101657388631 26.80000000000002
    vertex 51.443249555709585 2.999999999999963 26.80000000000002
    vertex 52.47453118526425 6.3269547064776965 26.80000000000002
  endloop
endfacet
facet normal 1.0915999287282188e-15 -1.2543731246312502e-30 1.0
  outer loop
    vertex 61.779902739032764 10.050000000000008 26.8
    vertex 52.56518939629663 6.871101657388631 26.80000000000002
    vertex 53.544638093158994 6.951401189271217 26.80000000000001
  endloop
endfacet
facet normal 1.0915999287282188e-15 -1.2543731246312502e-30 1.0
  outer loop
    vertex 61.779902739032764 10.050000000000008 26.8
    vertex 53.544638093158994 6.951401189271217 26.80000000000001
    vertex 55.008098050142756 6.829627403846117 26.80000000000001
  endloop
endfacet
facet normal 1.0915999287282188e-15 -1.2543731246312502e-30 1.0
  outer loop
    vertex 55.008098050142756 6.829627403846117 26.80000000000001
    vertex 53.544638093158994 6.951401189271217 26.80000000000001
    vertex 54.785781817855344 2.999999999999963 26.80000000000001
  endloop
endfacet
facet normal 1.0915999287282188e-15 -1.2543731246312502e-30 1.0
  outer loop
    vertex 61.779902739032764 10.050000000000008 26.8
    vertex 55.008098050142756 6.829627403846117 26.80000000000001
    vertex 55.269793077976814 6.864617598684174 26.80000000000001
  endloop
endfacet
facet normal 1.0915999287282188e-15 -1.2543731246312502e-30 1.0
  outer loop
    vertex 61.779902739032764 10.050000000000008 26.8
    vertex 55.269793077976814 6.864617598684174 26.80000000000001
    vertex 55.56258391173187 6.891819015688221 26.80000000000001
  endloop
endfacet
facet normal 1.0915999287282188e-15 -1.2543731246312502e-30 1.0
  outer loop
    vertex 61.779902739032764 10.050000000000008 26.8
    vertex 55.56258391173187 6.891819015688221 26.80000000000001
    vertex 55.84630101699502 6.908661753542476 26.80000000000001
  endloop
endfacet
facet normal 1.0915999287282188e-15 -1.2543731246312502e-30 1.0
  outer loop
    vertex 61.779902739032764 10.050000000000008 26.8
    vertex 55.84630101699502 6.908661753542476 26.80000000000001
    vertex 56.083384297612405 6.915145812246928 26.80000000000001
  endloop
endfacet
facet normal 1.0915999287282188e-15 -1.2543731246312502e-30 1.0
  outer loop
    vertex 61.779902739032764 10.050000000000008 26.8
    vertex 56.083384297612405 6.915145812246928 26.80000000000001
    vertex 56.70008153951525 6.859438259109275 26.80000000000001
  endloop
endfacet
facet normal 1.0915999287282188e-15 -1.2543731246312502e-30 1.0
  outer loop
    vertex 61.779902739032764 10.050000000000008 26.8
    vertex 56.70008153951525 6.859438259109275 26.80000000000001
    vertex 56.97797188775666 6.7855931332236485 26.80000000000001
  endloop
endfacet
facet normal 1.0915999287282188e-15 -1.2543731246312502e-30 1.0
  outer loop
    vertex 61.779902739032764 10.050000000000008 26.8
    vertex 56.97797188775666 6.7855931332236485 26.80000000000001
    vertex 57.220881925395815 6.675472861842067 26.80000000000001
  endloop
endfacet
facet normal 1.0915999287282188e-15 -1.2543731246312502e-30 1.0
  outer loop
    vertex 61.779902739032764 10.050000000000008 26.8
    vertex 57.220881925395815 6.675472861842067 26.80000000000001
    vertex 57.42363231285785 6.526482833059176 26.80000000000001
  endloop
endfacet
facet normal 1.0915999287282188e-15 -1.2543731246312502e-30 1.0
  outer loop
    vertex 61.779902739032764 10.050000000000008 26.8
    vertex 57.42363231285785 6.526482833059176 26.80000000000001
    vertex 57.58104371056789 6.3360284349696 26.80000000000002
  endloop
endfacet
facet normal 1.0915999287282188e-15 -1.2543731246312502e-30 1.0
  outer loop
    vertex 61.779902739032764 10.050000000000008 26.8
    vertex 57.58104371056789 6.3360284349696 26.80000000000002
    vertex 57.68210013769339 6.099908867345609 26.80000000000002
  endloop
endfacet
facet normal 1.0915999287282188e-15 -1.2543731246312502e-30 1.0
  outer loop
    vertex 61.779902739032764 10.050000000000008 26.8
    vertex 57.68210013769339 6.099908867345609 26.80000000000002
    vertex 57.715785613401884 5.813923329959481 26.80000000000001
  endloop
endfacet
facet normal 1.0915999287282188e-15 -1.2543731246312502e-30 1.0
  outer loop
    vertex 61.779902739032764 10.050000000000008 26.8
    vertex 57.715785613401884 5.813923329959481 26.80000000000001
    vertex 58.40034801851323 6.424116744686215 26.80000000000001
  endloop
endfacet
facet normal 1.0915999287282188e-15 -1.2543731246312502e-30 1.0
  outer loop
    vertex 58.40034801851323 6.424116744686215 26.80000000000001
    vertex 57.715785613401884 5.813923329959481 26.80000000000001
    vertex 58.20600417362455 6.065259678643688 26.80000000000001
  endloop
endfacet
facet normal 1.0915999287282188e-15 -1.2543731246312502e-30 1.0
  outer loop
    vertex 58.20600417362455 6.065259678643688 26.80000000000001
    vertex 57.715785613401884 5.813923329959481 26.80000000000001
    vertex 58.195645494474775 3.4923140182185897 26.80000000000001
  endloop
endfacet
facet normal 1.0915999287282188e-15 -1.2543731246312502e-30 1.0
  outer loop
    vertex 58.195645494474775 3.4923140182185897 26.80000000000001
    vertex 57.715785613401884 5.813923329959481 26.80000000000001
    vertex 58.195645494474775 2.999999999999963 26.80000000000001
  endloop
endfacet
facet normal 1.0915999287282188e-15 -1.2543731246312502e-30 1.0
  outer loop
    vertex 61.779902739032764 10.050000000000008 26.8
    vertex 58.40034801851323 6.424116744686215 26.80000000000001
    vertex 58.68147545398893 6.696190220141667 26.80000000000001
  endloop
endfacet
facet normal 1.0915999287282188e-15 -1.2543731246312502e-30 1.0
  outer loop
    vertex 61.779902739032764 10.050000000000008 26.8
    vertex 58.68147545398893 6.696190220141667 26.80000000000001
    vertex 59.04940624852337 6.8697969382590784 26.80000000000001
  endloop
endfacet
facet normal 1.0915999287282188e-15 -1.2543731246312502e-30 1.0
  outer loop
    vertex 61.779902739032764 10.050000000000008 26.8
    vertex 59.04940624852337 6.8697969382590784 26.80000000000001
    vertex 59.506730071903945 6.930683830971624 26.800000000000008
  endloop
endfacet
facet normal 1.0915999287282188e-15 -1.2543731246312502e-30 1.0
  outer loop
    vertex 61.779902739032764 10.050000000000008 26.8
    vertex 59.506730071903945 6.930683830971624 26.800000000000008
    vertex 59.785920197156955 6.906393321419498 26.800000000000008
  endloop
endfacet
facet normal 1.0915999287282188e-15 -1.2543731246312502e-30 1.0
  outer loop
    vertex 61.779902739032764 10.050000000000008 26.8
    vertex 59.785920197156955 6.906393321419498 26.800000000000008
    vertex 60.03272956583104 6.833521792763122 26.800000000000008
  endloop
endfacet
facet normal 1.0915999287282188e-15 -1.2543731246312502e-30 1.0
  outer loop
    vertex 61.779902739032764 10.050000000000008 26.8
    vertex 60.03272956583104 6.833521792763122 26.800000000000008
    vertex 60.24553222113216 6.721138031376478 26.800000000000008
  endloop
endfacet
facet normal 1.0915999287282188e-15 -1.2543731246312502e-30 1.0
  outer loop
    vertex 61.779902739032764 10.050000000000008 26.8
    vertex 60.24553222113216 6.721138031376478 26.800000000000008
    vertex 60.422702206266266 6.578310823633564 26.800000000000008
  endloop
endfacet
facet normal 1.0915999287282188e-15 -1.2543731246312502e-30 1.0
  outer loop
    vertex 61.779902739032764 10.050000000000008 26.8
    vertex 60.422702206266266 6.578310823633564 26.800000000000008
    vertex 60.56294468633965 6.409567149544497 26.800000000000008
  endloop
endfacet
facet normal 1.0915999287282188e-15 -1.2543731246312502e-30 1.0
  outer loop
    vertex 61.779902739032764 10.050000000000008 26.8
    vertex 60.56294468633965 6.409567149544497 26.800000000000008
    vertex 60.664964826458565 6.2194339891193975 26.8
  endloop
endfacet
facet normal 1.0915999287282188e-15 -1.2543731246312502e-30 1.0
  outer loop
    vertex 61.779902739032764 10.050000000000008 26.8
    vertex 60.664964826458565 6.2194339891193975 26.8
    vertex 60.727146554064824 6.017642372532858 26.8
  endloop
endfacet
facet normal 1.0915999287282188e-15 -1.2543731246312502e-30 1.0
  outer loop
    vertex 61.779902739032764 10.050000000000008 26.8
    vertex 60.727146554064824 6.017642372532858 26.8
    vertex 60.74787379660027 5.813923329959482 26.80000000000001
  endloop
endfacet
facet normal 1.0915999287282188e-15 -1.2543731246312502e-30 1.0
  outer loop
    vertex 61.779902739032764 10.050000000000008 26.8
    vertex 60.74787379660027 5.813923329959482 26.80000000000001
    vertex 60.812635309758164 3.51821071609308 26.800000000000008
  endloop
endfacet
facet normal 1.0915999287282188e-15 -1.2543731246312502e-30 1.0
  outer loop
    vertex 55.106545039009184 6.269942434210491 26.80000000000001
    vertex 55.008098050142756 6.829627403846117 26.80000000000001
    vertex 55.106545039009184 2.999999999999963 26.80000000000001
  endloop
endfacet
facet normal 1.0 -2.819966482547887e-15 2.0142617732487235e-14
  outer loop
    vertex 50.27990273903276 13.65000000000002 26.66000000000003
    vertex 50.27990273903276 14.650000000000018 26.80000000000001
    vertex 50.27990273903276 13.650000000000015 26.80000000000001
  endloop
endfacet
facet normal 1.0 -2.819966482547887e-15 2.0142617732487235e-14
  outer loop
    vertex 50.27990273903276 14.650000000000018 26.80000000000001
    vertex 50.27990273903276 13.65000000000002 26.66000000000003
    vertex 50.279902739032764 14.650000000000018 26.66000000000003
  endloop
endfacet
facet normal -9.844928360601447e-16 -1.0 3.587859800764904e-16
  outer loop
    vertex 63.77990273903274 1.0000000000000044 26.8
    vertex 61.77990273903275 1.0000000000000056 17.3
    vertex 63.77990273903274 1.0000000000000036 17.3
  endloop
endfacet
facet normal -9.844928360601447e-16 -1.0 3.587859800764904e-16
  outer loop
    vertex 61.77990273903275 1.0000000000000056 17.3
    vertex 63.77990273903274 1.0000000000000044 26.8
    vertex 59.77990273903275 1.0000000000000075 17.300000000000004
  endloop
endfacet
facet normal -9.844928360601447e-16 -1.0 3.587859800764904e-16
  outer loop
    vertex 59.77990273903275 1.0000000000000075 17.300000000000004
    vertex 63.77990273903274 1.0000000000000044 26.8
    vertex 52.27990273903276 1.000000000000015 17.30000000000001
  endloop
endfacet
facet normal -9.844928360601447e-16 -1.0 3.587859800764904e-16
  outer loop
    vertex 52.27990273903276 1.000000000000015 17.30000000000001
    vertex 63.77990273903274 1.0000000000000044 26.8
    vertex 50.27990273903276 1.000000000000017 17.300000000000015
  endloop
endfacet
facet normal -9.844928360601447e-16 -1.0 3.587859800764904e-16
  outer loop
    vertex 50.27990273903276 1.000000000000017 17.300000000000015
    vertex 63.77990273903274 1.0000000000000044 26.8
    vertex 48.27990273903275 1.000000000000019 17.300000000000015
  endloop
endfacet
facet normal -9.844928360601447e-16 -1.0 3.587859800764904e-16
  outer loop
    vertex 48.27990273903275 1.000000000000019 17.300000000000015
    vertex 63.77990273903274 1.0000000000000044 26.8
    vertex 48.27990273903275 1.0000000000000198 26.80000000000002
  endloop
endfacet
facet normal -9.844928360601447e-16 -1.0 3.587859800764904e-16
  outer loop
    vertex 52.27990273903276 1.000000000000015 17.30000000000001
    vertex 50.27990273903274 1.0000000000000129 10.8
    vertex 52.27990273903274 1.000000000000011 10.8
  endloop
endfacet
facet normal -9.844928360601447e-16 -1.0 3.587859800764904e-16
  outer loop
    vertex 50.27990273903274 1.0000000000000129 10.8
    vertex 52.27990273903276 1.000000000000015 17.30000000000001
    vertex 50.27990273903275 1.0000000000000129 16.29999999999999
  endloop
endfacet
facet normal -9.844928360601447e-16 -1.0 3.587859800764904e-16
  outer loop
    vertex 50.27990273903275 1.0000000000000129 16.29999999999999
    vertex 52.27990273903276 1.000000000000015 17.30000000000001
    vertex 50.27990273903276 1.000000000000017 16.800000000000015
  endloop
endfacet
facet normal -9.844928360601447e-16 -1.0 3.587859800764904e-16
  outer loop
    vertex 50.27990273903276 1.000000000000017 16.800000000000015
    vertex 52.27990273903276 1.000000000000015 17.30000000000001
    vertex 50.27990273903276 1.000000000000017 17.300000000000015
  endloop
endfacet
facet normal -9.844928360601447e-16 -1.0 3.587859800764904e-16
  outer loop
    vertex 61.77990273903275 1.0000000000000056 17.3
    vertex 59.77990273903274 1.0000000000000024 10.799999999999994
    vertex 61.779902739032735 1.0000000000000002 10.799999999999988
  endloop
endfacet
facet normal -9.844928360601447e-16 -1.0 3.587859800764904e-16
  outer loop
    vertex 59.77990273903274 1.0000000000000024 10.799999999999994
    vertex 61.77990273903275 1.0000000000000056 17.3
    vertex 59.77990273903275 1.0000000000000075 17.300000000000004
  endloop
endfacet
facet normal 1.0 2.8199664825478986e-15 -2.014261773248729e-14
  outer loop
    vertex 50.27990273903276 11.050000000000018 26.66000000000003
    vertex 50.27990273903276 10.050000000000018 26.80000000000001
    vertex 50.27990273903276 10.050000000000018 26.66000000000003
  endloop
endfacet
facet normal 1.0 2.8199664825478986e-15 -2.014261773248729e-14
  outer loop
    vertex 50.27990273903276 10.050000000000018 26.80000000000001
    vertex 50.27990273903276 11.050000000000018 26.66000000000003
    vertex 50.27990273903276 11.050000000000018 26.80000000000001
  endloop
endfacet
facet normal 1.0 0.0 0.0
  outer loop
    vertex 58.195645494474775 3.4923140182185897 26.659999999999982
    vertex 58.195645494474775 2.999999999999963 26.80000000000001
    vertex 58.195645494474775 2.999999999999963 26.659999999999982
  endloop
endfacet
facet normal 1.0 0.0 0.0
  outer loop
    vertex 58.195645494474775 2.999999999999963 26.80000000000001
    vertex 58.195645494474775 3.4923140182185897 26.659999999999982
    vertex 58.195645494474775 3.4923140182185897 26.80000000000001
  endloop
endfacet
facet normal -0.9667182963210879 0.255843185482931 -1.3125121797081782e-15
  outer loop
    vertex 52.29052625105372 2.999999999999964 26.80000000000002
    vertex 52.58333685328046 4.106401821862314 26.659999999999982
    vertex 52.29052625105372 2.999999999999963 26.659999999999982
  endloop
endfacet
facet normal -0.9667182963210879 0.255843185482931 -1.3125121797081782e-15
  outer loop
    vertex 52.58333685328046 4.106401821862314 26.659999999999982
    vertex 52.29052625105372 2.999999999999964 26.80000000000002
    vertex 52.58333685328046 4.106401821862314 26.80000000000002
  endloop
endfacet
facet normal -8.582506686015446e-16 -1.0 -1.0071308866243628e-14
  outer loop
    vertex 61.779902739032764 14.650000000000007 26.8
    vertex 50.279902739032764 14.650000000000018 26.66000000000003
    vertex 61.77990273903275 14.65000000000001 26.660000000000018
  endloop
endfacet
facet normal -8.582506686015446e-16 -1.0 -1.0071308866243628e-14
  outer loop
    vertex 50.279902739032764 14.650000000000018 26.66000000000003
    vertex 61.779902739032764 14.650000000000007 26.8
    vertex 50.27990273903276 14.650000000000018 26.80000000000001
  endloop
endfacet
facet normal 9.808579069732215e-16 1.0 4.0285235464974545e-14
  outer loop
    vertex 50.27990273903276 13.65000000000002 26.66000000000003
    vertex 61.779902739032764 13.650000000000004 26.8
    vertex 61.77990273903275 13.65000000000001 26.660000000000018
  endloop
endfacet
facet normal 9.808579069732215e-16 1.0 4.0285235464974545e-14
  outer loop
    vertex 61.779902739032764 13.650000000000004 26.8
    vertex 50.27990273903276 13.65000000000002 26.66000000000003
    vertex 50.27990273903276 13.650000000000015 26.80000000000001
  endloop
endfacet
facet normal -0.853228833058844 0.521536727793013 0.0
  outer loop
    vertex 58.94318036605877 6.058138086728202 26.80000000000001
    vertex 58.80973329811848 5.839820027833969 26.659999999999982
    vertex 58.80973329811848 5.839820027833969 26.80000000000001
  endloop
endfacet
facet normal -0.853228833058844 0.521536727793013 0.0
  outer loop
    vertex 58.80973329811848 5.839820027833969 26.659999999999982
    vertex 58.94318036605877 6.058138086728202 26.80000000000001
    vertex 58.94318036605877 6.058138086728202 26.659999999999982
  endloop
endfacet
facet normal -0.46434868718446826 0.8856524694879256 -8.021799244964713e-15
  outer loop
    vertex 57.001619921979824 4.709137580655332 26.80000000000001
    vertex 57.24810311087153 4.838369022014132 26.659999999999982
    vertex 57.001619921979824 4.709137580655329 26.659999999999982
  endloop
endfacet
facet normal -0.46434868718446826 0.8856524694879256 -8.021799244964713e-15
  outer loop
    vertex 57.24810311087153 4.838369022014132 26.659999999999982
    vertex 57.001619921979824 4.709137580655332 26.80000000000001
    vertex 57.24810311087154 4.838369022014138 26.80000000000001
  endloop
endfacet
facet normal 3.4704577778215046e-16 1.0 -2.5178272165599987e-15
  outer loop
    vertex 52.58333685328046 4.106401821862314 26.80000000000002
    vertex 53.599040927167096 4.106401821862314 26.659999999999982
    vertex 52.58333685328046 4.106401821862314 26.659999999999982
  endloop
endfacet
facet normal 3.4704577778215046e-16 1.0 -2.5178272165599987e-15
  outer loop
    vertex 53.599040927167096 4.106401821862314 26.659999999999982
    vertex 52.58333685328046 4.106401821862314 26.80000000000002
    vertex 53.599040927167096 4.106401821862314 26.80000000000002
  endloop
endfacet
facet normal 1.0 0.0 0.0
  outer loop
    vertex 50.27990273903276 11.850000000000023 26.66000000000003
    vertex 50.27990273903276 12.850000000000016 26.80000000000001
    vertex 50.27990273903276 11.850000000000017 26.80000000000001
  endloop
endfacet
facet normal 1.0 0.0 0.0
  outer loop
    vertex 50.27990273903276 12.850000000000016 26.80000000000001
    vertex 50.27990273903276 11.850000000000023 26.66000000000003
    vertex 50.27990273903276 12.850000000000016 26.66000000000003
  endloop
endfacet
facet normal -9.808579069731818e-16 -1.0 5.771659326435016e-29
  outer loop
    vertex 61.779902739032764 11.050000000000006 26.8
    vertex 50.27990273903276 11.050000000000018 26.66000000000003
    vertex 61.77990273903275 11.050000000000006 26.660000000000018
  endloop
endfacet
facet normal -9.808579069731818e-16 -1.0 5.771659326435016e-29
  outer loop
    vertex 50.27990273903276 11.050000000000018 26.66000000000003
    vertex 61.779902739032764 11.050000000000006 26.8
    vertex 50.27990273903276 11.050000000000018 26.80000000000001
  endloop
endfacet
facet normal 0.7844287112938907 -0.6202189910812195 1.5909061215447314e-15
  outer loop
    vertex 58.47677292995048 3.8952350075910567 26.659999999999982
    vertex 58.8045539585436 4.3097996267712215 26.800000000000008
    vertex 58.47677292995048 3.895235007591055 26.800000000000008
  endloop
endfacet
facet normal 0.7844287112938907 -0.6202189910812195 1.5909061215447314e-15
  outer loop
    vertex 58.8045539585436 4.3097996267712215 26.800000000000008
    vertex 58.47677292995048 3.8952350075910567 26.659999999999982
    vertex 58.8045539585436 4.309799626771219 26.659999999999982
  endloop
endfacet
facet normal 0.0 1.0 0.0
  outer loop
    vertex 53.8996007702845 2.999999999999963 26.80000000000002
    vertex 54.785781817855344 2.999999999999963 26.659999999999982
    vertex 53.8996007702845 2.999999999999963 26.659999999999982
  endloop
endfacet
facet normal 0.0 1.0 0.0
  outer loop
    vertex 54.785781817855344 2.999999999999963 26.659999999999982
    vertex 53.8996007702845 2.999999999999963 26.80000000000002
    vertex 54.785781817855344 2.999999999999963 26.80000000000001
  endloop
endfacet
facet normal -1.0 9.540878108416856e-32 8.057047092994917e-14
  outer loop
    vertex 61.779902739032764 11.050000000000006 26.8
    vertex 61.77990273903275 10.050000000000011 26.660000000000018
    vertex 61.779902739032764 10.050000000000008 26.8
  endloop
endfacet
facet normal -1.0 9.540878108416856e-32 8.057047092994917e-14
  outer loop
    vertex 61.77990273903275 10.050000000000011 26.660000000000018
    vertex 61.779902739032764 11.050000000000006 26.8
    vertex 61.77990273903275 11.050000000000006 26.660000000000018
  endloop
endfacet
facet normal -1.0 8.445966799028667e-16 -1.0807916229540302e-16
  outer loop
    vertex 48.27990273903275 1.0000000000000198 26.80000000000002
    vertex 48.279902739032764 16.500000000000018 17.300000000000015
    vertex 48.27990273903275 1.000000000000019 17.300000000000015
  endloop
endfacet
facet normal -1.0 8.445966799028667e-16 -1.0807916229540302e-16
  outer loop
    vertex 48.279902739032764 16.500000000000018 17.300000000000015
    vertex 48.27990273903275 1.0000000000000198 26.80000000000002
    vertex 48.279902739032764 16.50000000000002 26.80000000000002
  endloop
endfacet
facet normal -1.0 0.0 0.0
  outer loop
    vertex 56.0160133461954 4.53652422823883 26.80000000000001
    vertex 56.0160133461954 2.999999999999963 26.659999999999982
    vertex 56.0160133461954 2.999999999999963 26.80000000000001
  endloop
endfacet
facet normal -1.0 0.0 0.0
  outer loop
    vertex 56.0160133461954 2.999999999999963 26.659999999999982
    vertex 56.0160133461954 4.53652422823883 26.80000000000001
    vertex 56.0160133461954 4.53652422823883 26.659999999999982
  endloop
endfacet
facet normal -0.29441751755791057 0.9556768938061847 -9.619000629304492e-15
  outer loop
    vertex 56.71044021866505 4.619433198380529 26.80000000000001
    vertex 57.001619921979824 4.709137580655329 26.659999999999982
    vertex 56.71044021866505 4.619433198380529 26.659999999999982
  endloop
endfacet
facet normal -0.29441751755791057 0.9556768938061847 -9.619000629304492e-15
  outer loop
    vertex 57.001619921979824 4.709137580655329 26.659999999999982
    vertex 56.71044021866505 4.619433198380529 26.80000000000001
    vertex 57.001619921979824 4.709137580655332 26.80000000000001
  endloop
endfacet
facet normal 0.8791722108079345 0.47650416970168147 -4.252583766614307e-15
  outer loop
    vertex 59.802130343918094 6.2025912512651455 26.659999999999982
    vertex 59.89411304255169 6.032878922064746 26.800000000000008
    vertex 59.89411304255169 6.032878922064744 26.659999999999982
  endloop
endfacet
facet normal 0.8791722108079345 0.47650416970168147 -4.252583766614307e-15
  outer loop
    vertex 59.89411304255169 6.032878922064746 26.800000000000008
    vertex 59.802130343918094 6.2025912512651455 26.659999999999982
    vertex 59.80213034391811 6.202591251265126 26.800000000000008
  endloop
endfacet
facet normal 0.34981877908003955 0.9368173897846637 0.0
  outer loop
    vertex 58.20600417362455 6.065259678643688 26.80000000000001
    vertex 58.80973329811848 5.839820027833969 26.659999999999982
    vertex 58.20600417362455 6.065259678643688 26.659999999999982
  endloop
endfacet
facet normal 0.34981877908003955 0.9368173897846637 0.0
  outer loop
    vertex 58.80973329811848 5.839820027833969 26.659999999999982
    vertex 58.20600417362455 6.065259678643688 26.80000000000001
    vertex 58.80973329811848 5.839820027833969 26.80000000000001
  endloop
endfacet
facet normal 0.4267281655754152 -0.9043799382475494 2.00261764566615e-15
  outer loop
    vertex 59.04940624852337 6.8697969382590784 26.80000000000001
    vertex 58.68147545398893 6.6961902201416645 26.659999999999982
    vertex 59.04940624852335 6.86979693825907 26.659999999999982
  endloop
endfacet
facet normal 0.4267281655754152 -0.9043799382475494 2.00261764566615e-15
  outer loop
    vertex 58.68147545398893 6.6961902201416645 26.659999999999982
    vertex 59.04940624852337 6.8697969382590784 26.80000000000001
    vertex 58.68147545398893 6.696190220141667 26.80000000000001
  endloop
endfacet
facet normal 8.476119248204087e-16 -1.0 -1.0071308866240806e-14
  outer loop
    vertex 60.812635309758164 3.51821071609308 26.800000000000008
    vertex 59.1491579565193 3.51821071609308 26.659999999999982
    vertex 60.812635309758164 3.51821071609308 26.659999999999982
  endloop
endfacet
facet normal 8.476119248204087e-16 -1.0 -1.0071308866240806e-14
  outer loop
    vertex 59.1491579565193 3.51821071609308 26.659999999999982
    vertex 60.812635309758164 3.51821071609308 26.800000000000008
    vertex 59.1491579565193 3.518210716093077 26.800000000000008
  endloop
endfacet
facet normal 0.23163872893100587 0.9728018807852029 2.0527899757785817e-14
  outer loop
    vertex 59.46786525662053 6.368428960020202 26.800000000000008
    vertex 59.65831471259218 6.323080086032352 26.659999999999982
    vertex 59.467865256620506 6.368428960020205 26.659999999999982
  endloop
endfacet
facet normal 0.23163872893100587 0.9728018807852029 2.0527899757785817e-14
  outer loop
    vertex 59.65831471259218 6.323080086032352 26.659999999999982
    vertex 59.46786525662053 6.368428960020202 26.800000000000008
    vertex 59.65831471259218 6.323080086032343 26.800000000000008
  endloop
endfacet
facet normal -0.9540437880430523 -0.2996672329375764 1.3368137556524651e-15
  outer loop
    vertex 53.544638093158994 6.951401189271217 26.80000000000001
    vertex 54.785781817855344 2.999999999999963 26.659999999999982
    vertex 54.785781817855344 2.999999999999963 26.80000000000001
  endloop
endfacet
facet normal -0.9540437880430523 -0.2996672329375764 1.3368137556524651e-15
  outer loop
    vertex 54.785781817855344 2.999999999999963 26.659999999999982
    vertex 53.544638093158994 6.951401189271217 26.80000000000001
    vertex 53.544638093158994 6.951401189271216 26.659999999999982
  endloop
endfacet
facet normal 0.1319728648054668 -0.9912533293538227 1.8674629712500246e-14
  outer loop
    vertex 59.506730071903945 6.930683830971624 26.800000000000008
    vertex 59.04940624852335 6.86979693825907 26.659999999999982
    vertex 59.50673007190392 6.930683830971621 26.659999999999982
  endloop
endfacet
facet normal 0.1319728648054668 -0.9912533293538227 1.8674629712500246e-14
  outer loop
    vertex 59.04940624852335 6.86979693825907 26.659999999999982
    vertex 59.506730071903945 6.930683830971624 26.800000000000008
    vertex 59.04940624852337 6.8697969382590784 26.80000000000001
  endloop
endfacet
facet normal 0.9551633613366203 -0.2960793021474633 4.093930634223023e-14
  outer loop
    vertex 52.47453118526426 6.326954706477695 26.659999999999982
    vertex 51.443249555709585 2.999999999999963 26.80000000000002
    vertex 51.443249555709585 2.999999999999963 26.659999999999982
  endloop
endfacet
facet normal 0.9551633613366203 -0.2960793021474633 4.093930634223023e-14
  outer loop
    vertex 51.443249555709585 2.999999999999963 26.80000000000002
    vertex 52.47453118526426 6.326954706477695 26.659999999999982
    vertex 52.47453118526425 6.3269547064776965 26.80000000000002
  endloop
endfacet
facet normal -0.7907184982730789 0.6121799216641844 4.7230323295332575e-14
  outer loop
    vertex 60.53799193298692 5.18558245824895 26.800000000000008
    vertex 60.32034106001121 4.904455022773241 26.659999999999982
    vertex 60.32034106001121 4.904455022773239 26.800000000000008
  endloop
endfacet
facet normal -0.7907184982730789 0.6121799216641844 4.7230323295332575e-14
  outer loop
    vertex 60.32034106001121 4.904455022773241 26.659999999999982
    vertex 60.53799193298692 5.18558245824895 26.800000000000008
    vertex 60.537991932986905 5.1855824582489545 26.659999999999982
  endloop
endfacet
facet normal -0.17579232645211515 0.98442727408405 2.6559009552198466e-14
  outer loop
    vertex 59.26835195639279 6.332801231971116 26.80000000000001
    vertex 59.467865256620506 6.368428960020205 26.659999999999982
    vertex 59.26835195639279 6.332801231971117 26.659999999999982
  endloop
endfacet
facet normal -0.17579232645211515 0.98442727408405 2.6559009552198466e-14
  outer loop
    vertex 59.467865256620506 6.368428960020205 26.659999999999982
    vertex 59.26835195639279 6.332801231971116 26.80000000000001
    vertex 59.46786525662053 6.368428960020202 26.800000000000008
  endloop
endfacet
facet normal -1.0 0.0 0.0
  outer loop
    vertex 60.812635309758164 3.51821071609308 26.800000000000008
    vertex 60.812635309758164 2.999999999999963 26.659999999999982
    vertex 60.812635309758164 2.999999999999963 26.800000000000008
  endloop
endfacet
facet normal -1.0 0.0 0.0
  outer loop
    vertex 60.812635309758164 2.999999999999963 26.659999999999982
    vertex 60.812635309758164 3.51821071609308 26.800000000000008
    vertex 60.812635309758164 3.51821071609308 26.659999999999982
  endloop
endfacet
facet normal 0.9650259566098159 0.26215434970511153 -5.847345025925031e-17
  outer loop
    vertex 53.599040927167096 4.106401821862314 26.659999999999982
    vertex 53.8996007702845 2.999999999999963 26.80000000000002
    vertex 53.8996007702845 2.999999999999963 26.659999999999982
  endloop
endfacet
facet normal 0.9650259566098159 0.26215434970511153 -5.847345025925031e-17
  outer loop
    vertex 53.8996007702845 2.999999999999963 26.80000000000002
    vertex 53.599040927167096 4.106401821862314 26.659999999999982
    vertex 53.599040927167096 4.106401821862314 26.80000000000002
  endloop
endfacet
facet normal -0.7565292828747431 0.6539598184544881 -8.241403254153922e-15
  outer loop
    vertex 59.53652115869541 3.987197937753002 26.800000000000008
    vertex 59.80082562478853 4.292956888916967 26.659999999999982
    vertex 59.53652115869541 3.9871979377530002 26.659999999999982
  endloop
endfacet
facet normal -0.7565292828747431 0.6539598184544881 -8.241403254153922e-15
  outer loop
    vertex 59.80082562478853 4.292956888916967 26.659999999999982
    vertex 59.53652115869541 3.987197937753002 26.800000000000008
    vertex 59.80082562478853 4.292956888916969 26.800000000000008
  endloop
endfacet
facet normal -0.0899657842762838 -0.9959448567363322 -6.426155010845374e-15
  outer loop
    vertex 56.70008153951525 6.859438259109275 26.80000000000001
    vertex 56.083384297612405 6.915145812246928 26.659999999999982
    vertex 56.700081539515246 6.859438259109278 26.659999999999982
  endloop
endfacet
facet normal -0.0899657842762838 -0.9959448567363322 -6.426155010845374e-15
  outer loop
    vertex 56.083384297612405 6.915145812246928 26.659999999999982
    vertex 56.70008153951525 6.859438259109275 26.80000000000001
    vertex 56.083384297612405 6.915145812246928 26.80000000000001
  endloop
endfacet
facet normal -0.7602971874266207 0.6495753896132227 -9.77991291653362e-15
  outer loop
    vertex 59.3085116065699 3.7203235703440947 26.800000000000008
    vertex 59.53652115869541 3.9871979377530002 26.659999999999982
    vertex 59.3085116065699 3.7203235703440924 26.659999999999982
  endloop
endfacet
facet normal -0.7602971874266207 0.6495753896132227 -9.77991291653362e-15
  outer loop
    vertex 59.53652115869541 3.9871979377530002 26.659999999999982
    vertex 59.3085116065699 3.7203235703440947 26.800000000000008
    vertex 59.53652115869541 3.987197937753002 26.800000000000008
  endloop
endfacet
facet normal 0.6954407865884236 -0.7185834066754359 4.339576034002499e-14
  outer loop
    vertex 58.68147545398893 6.696190220141667 26.80000000000001
    vertex 58.40034801851323 6.4241167446862 26.659999999999982
    vertex 58.68147545398893 6.6961902201416645 26.659999999999982
  endloop
endfacet
facet normal 0.6954407865884236 -0.7185834066754359 4.339576034002499e-14
  outer loop
    vertex 58.40034801851323 6.4241167446862 26.659999999999982
    vertex 58.68147545398893 6.696190220141667 26.80000000000001
    vertex 58.40034801851323 6.424116744686215 26.80000000000001
  endloop
endfacet
facet normal -0.5921553136464061 -0.8058238545242542 0.0
  outer loop
    vertex 57.42363231285785 6.526482833059176 26.80000000000001
    vertex 57.220881925395815 6.67547286184207 26.659999999999982
    vertex 57.42363231285785 6.526482833059173 26.659999999999982
  endloop
endfacet
facet normal -0.5921553136464061 -0.8058238545242542 0.0
  outer loop
    vertex 57.220881925395815 6.67547286184207 26.659999999999982
    vertex 57.42363231285785 6.526482833059176 26.80000000000001
    vertex 57.220881925395815 6.675472861842067 26.80000000000001
  endloop
endfacet
facet normal -0.8811651556274018 -0.47280859605990333 -3.550460859883641e-14
  outer loop
    vertex 60.56294468633965 6.409567149544497 26.800000000000008
    vertex 60.66496482645858 6.2194339891193975 26.659999999999982
    vertex 60.664964826458565 6.2194339891193975 26.8
  endloop
endfacet
facet normal -0.8811651556274018 -0.47280859605990333 -3.550460859883641e-14
  outer loop
    vertex 60.66496482645858 6.2194339891193975 26.659999999999982
    vertex 60.56294468633965 6.409567149544497 26.800000000000008
    vertex 60.56294468633965 6.409567149544497 26.659999999999982
  endloop
endfacet
facet normal -4.1603387919847804e-16 1.0 -2.5178272165599983e-15
  outer loop
    vertex 51.443249555709585 2.999999999999963 26.80000000000002
    vertex 52.29052625105372 2.999999999999963 26.659999999999982
    vertex 51.443249555709585 2.999999999999963 26.659999999999982
  endloop
endfacet
facet normal -4.1603387919847804e-16 1.0 -2.5178272165599983e-15
  outer loop
    vertex 52.29052625105372 2.999999999999963 26.659999999999982
    vertex 51.443249555709585 2.999999999999963 26.80000000000002
    vertex 52.29052625105372 2.999999999999964 26.80000000000002
  endloop
endfacet
facet normal -0.6533421306015232 0.7570627849663871 4.314563366555615e-14
  outer loop
    vertex 57.24810311087154 4.838369022014138 26.80000000000001
    vertex 57.44664775598792 5.0097122501264835 26.659999999999982
    vertex 57.24810311087153 4.838369022014132 26.659999999999982
  endloop
endfacet
facet normal -0.6533421306015232 0.7570627849663871 4.314563366555615e-14
  outer loop
    vertex 57.44664775598792 5.0097122501264835 26.659999999999982
    vertex 57.24810311087154 4.838369022014138 26.80000000000001
    vertex 57.44664775598793 5.009712250126482 26.80000000000001
  endloop
endfacet
facet normal 0.8201080722343495 -0.5722086593682929 -4.322643217464332e-15
  outer loop
    vertex 58.47677292995048 3.8952350075910567 26.659999999999982
    vertex 58.195645494474775 3.4923140182185897 26.80000000000001
    vertex 58.195645494474775 3.4923140182185897 26.659999999999982
  endloop
endfacet
facet normal 0.8201080722343495 -0.5722086593682929 -4.322643217464332e-15
  outer loop
    vertex 58.195645494474775 3.4923140182185897 26.80000000000001
    vertex 58.47677292995048 3.8952350075910567 26.659999999999982
    vertex 58.47677292995048 3.895235007591055 26.800000000000008
  endloop
endfacet
facet normal 0.0925055662866509 -0.9957121673485697 -1.293602873382886e-15
  outer loop
    vertex 55.56258391173187 6.891819015688221 26.80000000000001
    vertex 55.269793077976814 6.864617598684174 26.659999999999982
    vertex 55.56258391173188 6.891819015688223 26.659999999999982
  endloop
endfacet
facet normal 0.0925055662866509 -0.9957121673485697 -1.293602873382886e-15
  outer loop
    vertex 55.269793077976814 6.864617598684174 26.659999999999982
    vertex 55.56258391173187 6.891819015688221 26.80000000000001
    vertex 55.269793077976814 6.864617598684174 26.80000000000001
  endloop
endfacet
facet normal -0.11854999619001802 0.9929480844451773 0.0
  outer loop
    vertex 56.0160133461954 4.53652422823883 26.80000000000001
    vertex 56.71044021866505 4.619433198380529 26.659999999999982
    vertex 56.0160133461954 4.53652422823883 26.659999999999982
  endloop
endfacet
facet normal -0.11854999619001802 0.9929480844451773 0.0
  outer loop
    vertex 56.71044021866505 4.619433198380529 26.659999999999982
    vertex 56.0160133461954 4.53652422823883 26.80000000000001
    vertex 56.71044021866505 4.619433198380529 26.80000000000001
  endloop
endfacet
facet normal 0.05926021939222621 -0.9982425689167865 2.3858443845233305e-15
  outer loop
    vertex 55.84630101699502 6.908661753542476 26.80000000000001
    vertex 55.56258391173188 6.891819015688223 26.659999999999982
    vertex 55.84630101699502 6.908661753542474 26.659999999999982
  endloop
endfacet
facet normal 0.05926021939222621 -0.9982425689167865 2.3858443845233305e-15
  outer loop
    vertex 55.56258391173188 6.891819015688223 26.659999999999982
    vertex 55.84630101699502 6.908661753542476 26.80000000000001
    vertex 55.56258391173187 6.891819015688221 26.80000000000001
  endloop
endfacet
facet normal 0.6422031305862427 0.7665344995923077 5.133994415164198e-14
  outer loop
    vertex 59.65831471259218 6.323080086032343 26.800000000000008
    vertex 59.802130343918094 6.2025912512651455 26.659999999999982
    vertex 59.65831471259218 6.323080086032352 26.659999999999982
  endloop
endfacet
facet normal 0.6422031305862427 0.7665344995923077 5.133994415164198e-14
  outer loop
    vertex 59.802130343918094 6.2025912512651455 26.659999999999982
    vertex 59.65831471259218 6.323080086032343 26.800000000000008
    vertex 59.80213034391811 6.202591251265126 26.800000000000008
  endloop
endfacet
facet normal -0.9193390001994739 -0.39346639337080824 -9.87328831592486e-16
  outer loop
    vertex 57.58104371056789 6.3360284349696 26.80000000000002
    vertex 57.68210013769339 6.09990886734561 26.659999999999982
    vertex 57.68210013769339 6.099908867345609 26.80000000000002
  endloop
endfacet
facet normal -0.9193390001994739 -0.39346639337080824 -9.87328831592486e-16
  outer loop
    vertex 57.68210013769339 6.09990886734561 26.659999999999982
    vertex 57.58104371056789 6.3360284349696 26.80000000000002
    vertex 57.58104371056789 6.3360284349696 26.659999999999982
  endloop
endfacet
facet normal 0.0 1.0 0.0
  outer loop
    vertex 58.195645494474775 2.999999999999963 26.80000000000001
    vertex 60.812635309758164 2.999999999999963 26.659999999999982
    vertex 58.195645494474775 2.999999999999963 26.659999999999982
  endloop
endfacet
facet normal 0.0 1.0 0.0
  outer loop
    vertex 60.812635309758164 2.999999999999963 26.659999999999982
    vertex 58.195645494474775 2.999999999999963 26.80000000000001
    vertex 60.812635309758164 2.999999999999963 26.800000000000008
  endloop
endfacet
facet normal -0.955656459883607 -0.2944838377275259 -7.775902152813389e-14
  outer loop
    vertex 60.664964826458565 6.2194339891193975 26.8
    vertex 60.72714655406484 6.017642372532859 26.659999999999982
    vertex 60.727146554064824 6.017642372532858 26.8
  endloop
endfacet
facet normal -0.955656459883607 -0.2944838377275259 -7.775902152813389e-14
  outer loop
    vertex 60.72714655406484 6.017642372532859 26.659999999999982
    vertex 60.664964826458565 6.2194339891193975 26.8
    vertex 60.66496482645858 6.2194339891193975 26.659999999999982
  endloop
endfacet
facet normal -0.7420331964618267 0.6703631369255353 0.0
  outer loop
    vertex 59.09475512251121 6.225918047823852 26.80000000000001
    vertex 58.94318036605877 6.058138086728202 26.659999999999982
    vertex 58.94318036605877 6.058138086728202 26.80000000000001
  endloop
endfacet
facet normal -0.7420331964618267 0.6703631369255353 0.0
  outer loop
    vertex 58.94318036605877 6.058138086728202 26.659999999999982
    vertex 59.09475512251121 6.225918047823852 26.80000000000001
    vertex 59.09475512251121 6.225918047823852 26.659999999999982
  endloop
endfacet
facet normal 0.0 1.0 0.0
  outer loop
    vertex 55.106545039009184 2.999999999999963 26.80000000000001
    vertex 56.0160133461954 2.999999999999963 26.659999999999982
    vertex 55.106545039009184 2.999999999999963 26.659999999999982
  endloop
endfacet
facet normal 0.0 1.0 0.0
  outer loop
    vertex 56.0160133461954 2.999999999999963 26.659999999999982
    vertex 55.106545039009184 2.999999999999963 26.80000000000001
    vertex 56.0160133461954 2.999999999999963 26.80000000000001
  endloop
endfacet
facet normal -0.7852777833827723 0.6191436044452368 1.5536227283048486e-15
  outer loop
    vertex 59.3085116065699 3.7203235703440947 26.800000000000008
    vertex 59.1491579565193 3.51821071609308 26.659999999999982
    vertex 59.1491579565193 3.518210716093077 26.800000000000008
  endloop
endfacet
facet normal -0.7852777833827723 0.6191436044452368 1.5536227283048486e-15
  outer loop
    vertex 59.1491579565193 3.51821071609308 26.659999999999982
    vertex 59.3085116065699 3.7203235703440947 26.800000000000008
    vertex 59.3085116065699 3.7203235703440924 26.659999999999982
  endloop
endfacet
facet normal -0.9948638952132409 -0.1012216874051096 -3.957537399749331e-14
  outer loop
    vertex 60.74787379660027 5.813923329959482 26.80000000000001
    vertex 60.72714655406484 6.017642372532859 26.659999999999982
    vertex 60.74787379660027 5.813923329959479 26.659999999999982
  endloop
endfacet
facet normal -0.9948638952132409 -0.1012216874051096 -3.957537399749331e-14
  outer loop
    vertex 60.72714655406484 6.017642372532859 26.659999999999982
    vertex 60.74787379660027 5.813923329959482 26.80000000000001
    vertex 60.727146554064824 6.017642372532858 26.8
  endloop
endfacet
facet normal 0.759978243844407 -0.6499485124863131 1.4714538606573425e-14
  outer loop
    vertex 59.1336199377946 4.694573159159882 26.659999999999982
    vertex 58.8045539585436 4.3097996267712215 26.800000000000008
    vertex 58.8045539585436 4.309799626771219 26.659999999999982
  endloop
endfacet
facet normal 0.759978243844407 -0.6499485124863131 1.4714538606573425e-14
  outer loop
    vertex 58.8045539585436 4.3097996267712215 26.800000000000008
    vertex 59.1336199377946 4.694573159159882 26.659999999999982
    vertex 59.1336199377946 4.6945731591598845 26.800000000000008
  endloop
endfacet
facet normal -6.689667631586374e-16 -1.0 1.7124672293610846e-16
  outer loop
    vertex 58.77990273903274 7.722328988737634e-15 17.300000000000004
    vertex 53.27990273903274 9.663131206475607e-15 10.8
    vertex 58.77990273903274 3.2132103206270154e-15 10.799999999999994
  endloop
endfacet
facet normal -6.689667631586374e-16 -1.0 1.7124672293610846e-16
  outer loop
    vertex 53.27990273903274 9.663131206475607e-15 10.8
    vertex 58.77990273903274 7.722328988737634e-15 17.300000000000004
    vertex 53.27990273903276 1.389815081103405e-14 17.30000000000001
  endloop
endfacet
facet normal -1.0 1.8047785488306553e-15 2.020111517023655e-15
  outer loop
    vertex 62.77990273903276 9.250000000000009 16.800000000000022
    vertex 62.77990273903276 15.5 10.799999999999988
    vertex 62.77990273903275 9.25 10.799999999999988
  endloop
endfacet
facet normal -1.0 1.8047785488306553e-15 2.020111517023655e-15
  outer loop
    vertex 62.77990273903276 15.5 10.799999999999988
    vertex 62.77990273903276 9.250000000000009 16.800000000000022
    vertex 62.77990273903277 15.500000000000002 16.800000000000015
  endloop
endfacet
facet normal -0.2568217006340486 -0.96645880102746 1.2388030171266165e-15
  outer loop
    vertex 56.97797188775666 6.7855931332236485 26.80000000000001
    vertex 56.700081539515246 6.859438259109278 26.659999999999982
    vertex 56.977971887756645 6.785593133223651 26.659999999999982
  endloop
endfacet
facet normal -0.2568217006340486 -0.96645880102746 1.2388030171266165e-15
  outer loop
    vertex 56.700081539515246 6.859438259109278 26.659999999999982
    vertex 56.97797188775666 6.7855931332236485 26.80000000000001
    vertex 56.70008153951525 6.859438259109275 26.80000000000001
  endloop
endfacet
facet normal -0.9931344282221941 -0.116978662497806 3.159875613301591e-16
  outer loop
    vertex 57.715785613401884 5.813923329959481 26.80000000000001
    vertex 57.68210013769339 6.09990886734561 26.659999999999982
    vertex 57.715785613401884 5.813923329959479 26.659999999999982
  endloop
endfacet
facet normal -0.9931344282221941 -0.116978662497806 3.159875613301591e-16
  outer loop
    vertex 57.68210013769339 6.09990886734561 26.659999999999982
    vertex 57.715785613401884 5.813923329959481 26.80000000000001
    vertex 57.68210013769339 6.099908867345609 26.80000000000002
  endloop
endfacet
facet normal -0.46699016413565136 -0.8842625100051213 9.901037842304304e-15
  outer loop
    vertex 60.24553222113216 6.721138031376478 26.800000000000008
    vertex 60.03272956583104 6.833521792763122 26.659999999999982
    vertex 60.245532221132144 6.721138031376481 26.659999999999982
  endloop
endfacet
facet normal -0.46699016413565136 -0.8842625100051213 9.901037842304304e-15
  outer loop
    vertex 60.03272956583104 6.833521792763122 26.659999999999982
    vertex 60.24553222113216 6.721138031376478 26.800000000000008
    vertex 60.03272956583104 6.833521792763122 26.800000000000008
  endloop
endfacet
facet normal 0.08171027286479612 -0.9966561249038511 1.8346366344671407e-14
  outer loop
    vertex 53.544638093158994 6.951401189271217 26.80000000000001
    vertex 52.565189396296645 6.871101657388628 26.659999999999982
    vertex 53.544638093158994 6.951401189271216 26.659999999999982
  endloop
endfacet
facet normal 0.08171027286479612 -0.9966561249038511 1.8346366344671407e-14
  outer loop
    vertex 52.565189396296645 6.871101657388628 26.659999999999982
    vertex 53.544638093158994 6.951401189271217 26.80000000000001
    vertex 52.56518939629663 6.871101657388631 26.80000000000002
  endloop
endfacet
facet normal -0.8261129774227386 0.5635045239691853 3.608771227723136e-14
  outer loop
    vertex 57.59401182797678 5.225751992661907 26.80000000000001
    vertex 57.44664775598792 5.0097122501264835 26.659999999999982
    vertex 57.44664775598793 5.009712250126482 26.80000000000001
  endloop
endfacet
facet normal -0.8261129774227386 0.5635045239691853 3.608771227723136e-14
  outer loop
    vertex 57.44664775598792 5.0097122501264835 26.659999999999982
    vertex 57.59401182797678 5.225751992661907 26.80000000000001
    vertex 57.59401182797678 5.225751992661906 26.659999999999982
  endloop
endfacet
facet normal -0.9458923726569997 0.32448053770497826 -1.6465378038414547e-15
  outer loop
    vertex 57.59401182797678 5.225751992661907 26.80000000000001
    vertex 57.685342167045626 5.491988826859782 26.659999999999982
    vertex 57.59401182797678 5.225751992661906 26.659999999999982
  endloop
endfacet
facet normal -0.9458923726569997 0.32448053770497826 -1.6465378038414547e-15
  outer loop
    vertex 57.685342167045626 5.491988826859782 26.659999999999982
    vertex 57.59401182797678 5.225751992661907 26.80000000000001
    vertex 57.685342167045626 5.4919888268597825 26.80000000000001
  endloop
endfacet
facet normal -0.0866760363613152 -0.9962365505845949 1.7018251908845383e-14
  outer loop
    vertex 59.785920197156955 6.906393321419498 26.800000000000008
    vertex 59.50673007190392 6.930683830971621 26.659999999999982
    vertex 59.785920197156955 6.906393321419498 26.659999999999982
  endloop
endfacet
facet normal -0.0866760363613152 -0.9962365505845949 1.7018251908845383e-14
  outer loop
    vertex 59.50673007190392 6.930683830971621 26.659999999999982
    vertex 59.785920197156955 6.906393321419498 26.800000000000008
    vertex 59.506730071903945 6.930683830971624 26.800000000000008
  endloop
endfacet
facet normal -0.8872910039806527 0.4612100110090904 4.03498167507467e-14
  outer loop
    vertex 60.69086152433306 5.479678011133569 26.80000000000001
    vertex 60.537991932986905 5.1855824582489545 26.659999999999982
    vertex 60.53799193298692 5.18558245824895 26.800000000000008
  endloop
endfacet
facet normal -0.8872910039806527 0.4612100110090904 4.03498167507467e-14
  outer loop
    vertex 60.537991932986905 5.1855824582489545 26.659999999999982
    vertex 60.69086152433306 5.479678011133569 26.80000000000001
    vertex 60.69086152433306 5.479678011133566 26.659999999999982
  endloop
endfacet
facet normal 1.0 -1.2891275348790386e-15 -2.02011151702366e-15
  outer loop
    vertex 64.77990273903275 17.5 10.799999999999988
    vertex 64.77990273903275 1.412335059255949e-15 17.3
    vertex 64.77990273903274 -2.82957499911848e-15 10.799999999999988
  endloop
endfacet
facet normal 1.0 -1.2891275348790386e-15 -2.02011151702366e-15
  outer loop
    vertex 64.77990273903275 1.412335059255949e-15 17.3
    vertex 64.77990273903275 17.5 10.799999999999988
    vertex 64.77990273903276 17.5 17.3
  endloop
endfacet
facet normal -0.28316951007697366 -0.9590698767883218 0.0
  outer loop
    vertex 60.03272956583104 6.833521792763122 26.800000000000008
    vertex 59.785920197156955 6.906393321419498 26.659999999999982
    vertex 60.03272956583104 6.833521792763122 26.659999999999982
  endloop
endfacet
facet normal -0.28316951007697366 -0.9590698767883218 0.0
  outer loop
    vertex 59.785920197156955 6.906393321419498 26.659999999999982
    vertex 60.03272956583104 6.833521792763122 26.800000000000008
    vertex 59.785920197156955 6.906393321419498 26.800000000000008
  endloop
endfacet
facet normal 0.7716270408947862 -0.6360752390715708 1.9188782311925557e-14
  outer loop
    vertex 59.812489023067876 5.453761544787415 26.659999999999982
    vertex 59.654420323675176 5.262007369686204 26.800000000000008
    vertex 59.654420323675176 5.2620073696861995 26.659999999999982
  endloop
endfacet
facet normal 0.7716270408947862 -0.6360752390715708 1.9188782311925557e-14
  outer loop
    vertex 59.654420323675176 5.262007369686204 26.800000000000008
    vertex 59.812489023067876 5.453761544787415 26.659999999999982
    vertex 59.812489023067876 5.45376154478742 26.800000000000008
  endloop
endfacet
facet normal -0.9955585810569269 0.0941441006325869 -7.139596703959972e-16
  outer loop
    vertex 57.685342167045626 5.4919888268597825 26.80000000000001
    vertex 57.715785613401884 5.813923329959479 26.659999999999982
    vertex 57.685342167045626 5.491988826859782 26.659999999999982
  endloop
endfacet
facet normal -0.9955585810569269 0.0941441006325869 -7.139596703959972e-16
  outer loop
    vertex 57.715785613401884 5.813923329959479 26.659999999999982
    vertex 57.685342167045626 5.4919888268597825 26.80000000000001
    vertex 57.715785613401884 5.813923329959481 26.80000000000001
  endloop
endfacet
facet normal 0.8983343508476457 -0.4393124105771871 8.817749097321496e-15
  outer loop
    vertex 59.89929238212659 5.6312626518218245 26.659999999999982
    vertex 59.812489023067876 5.45376154478742 26.800000000000008
    vertex 59.812489023067876 5.453761544787415 26.659999999999982
  endloop
endfacet
facet normal 0.8983343508476457 -0.4393124105771871 8.817749097321496e-15
  outer loop
    vertex 59.812489023067876 5.45376154478742 26.800000000000008
    vertex 59.89929238212659 5.6312626518218245 26.659999999999982
    vertex 59.89929238212659 5.631262651821825 26.80000000000001
  endloop
endfacet
facet normal 9.526650550330989e-16 1.0 -4.648962341850804e-16
  outer loop
    vertex 49.27990273903275 9.250000000000014 10.800000000000006
    vertex 52.02990273903276 9.25000000000001 15.799999999999999
    vertex 52.02990273903274 9.25000000000001 10.8
  endloop
endfacet
facet normal 9.526650550330989e-16 1.0 -4.648962341850804e-16
  outer loop
    vertex 52.02990273903276 9.25000000000001 15.799999999999999
    vertex 49.27990273903275 9.250000000000014 10.800000000000006
    vertex 49.27990273903275 9.250000000000018 16.80000000000002
  endloop
endfacet
facet normal 9.526650550330989e-16 1.0 -4.648962341850804e-16
  outer loop
    vertex 52.02990273903276 9.25000000000001 15.799999999999999
    vertex 49.27990273903275 9.250000000000018 16.80000000000002
    vertex 54.62731124276282 9.25000000000001 16.299999999999994
  endloop
endfacet
facet normal 9.526650550330989e-16 1.0 -4.648962341850804e-16
  outer loop
    vertex 60.02990273903274 9.250000000000004 10.799999999999994
    vertex 62.77990273903276 9.250000000000009 16.800000000000022
    vertex 62.77990273903275 9.25 10.799999999999988
  endloop
endfacet
facet normal 9.526650550330989e-16 1.0 -4.648962341850804e-16
  outer loop
    vertex 62.77990273903276 9.250000000000009 16.800000000000022
    vertex 60.02990273903274 9.250000000000004 10.799999999999994
    vertex 60.02990273903275 9.250000000000004 15.79999999999999
  endloop
endfacet
facet normal 9.526650550330989e-16 1.0 -4.648962341850804e-16
  outer loop
    vertex 62.77990273903276 9.250000000000009 16.800000000000022
    vertex 60.02990273903275 9.250000000000004 15.79999999999999
    vertex 57.432494235302684 9.250000000000005 15.799999999999994
  endloop
endfacet
facet normal 9.526650550330989e-16 1.0 -4.648962341850804e-16
  outer loop
    vertex 62.77990273903276 9.250000000000009 16.800000000000022
    vertex 57.432494235302684 9.250000000000005 15.799999999999994
    vertex 57.432494235302684 9.250000000000009 16.29999999999999
  endloop
endfacet
facet normal 9.526650550330989e-16 1.0 -4.648962341850804e-16
  outer loop
    vertex 62.77990273903276 9.250000000000009 16.800000000000022
    vertex 57.432494235302684 9.250000000000009 16.29999999999999
    vertex 54.62731124276282 9.25000000000001 16.299999999999994
  endloop
endfacet
facet normal 9.526650550330989e-16 1.0 -4.648962341850804e-16
  outer loop
    vertex 62.77990273903276 9.250000000000009 16.800000000000022
    vertex 54.62731124276282 9.25000000000001 16.299999999999994
    vertex 49.27990273903275 9.250000000000018 16.80000000000002
  endloop
endfacet
facet normal 9.526650550330989e-16 1.0 -4.648962341850804e-16
  outer loop
    vertex 62.77990273903276 9.250000000000009 16.800000000000022
    vertex 49.27990273903275 9.250000000000018 16.80000000000002
    vertex 56.02990273903276 9.25000000000001 21.800000000000022
  endloop
endfacet
facet normal 9.526650550330989e-16 1.0 -4.648962341850804e-16
  outer loop
    vertex 54.62731124276282 9.25000000000001 16.299999999999994
    vertex 54.62731124276282 9.25000000000001 15.799999999999997
    vertex 52.02990273903276 9.25000000000001 15.799999999999999
  endloop
endfacet
facet normal 0.9848800620705503 0.1732375921557121 4.056792915327599e-14
  outer loop
    vertex 55.00809805014277 6.829627403846118 26.659999999999982
    vertex 55.106545039009184 6.269942434210491 26.80000000000001
    vertex 55.106545039009184 6.269942434210491 26.659999999999982
  endloop
endfacet
facet normal 0.9848800620705503 0.1732375921557121 4.056792915327599e-14
  outer loop
    vertex 55.106545039009184 6.269942434210491 26.80000000000001
    vertex 55.00809805014277 6.829627403846118 26.659999999999982
    vertex 55.008098050142756 6.829627403846117 26.80000000000001
  endloop
endfacet
facet normal -0.5242908312897948 0.851539267576931 2.1367752984169613e-15
  outer loop
    vertex 59.09475512251121 6.225918047823852 26.80000000000001
    vertex 59.26835195639279 6.332801231971117 26.659999999999982
    vertex 59.09475512251121 6.225918047823852 26.659999999999982
  endloop
endfacet
facet normal -0.5242908312897948 0.851539267576931 2.1367752984169613e-15
  outer loop
    vertex 59.26835195639279 6.332801231971117 26.659999999999982
    vertex 59.09475512251121 6.225918047823852 26.80000000000001
    vertex 59.26835195639279 6.332801231971116 26.80000000000001
  endloop
endfacet
facet normal -0.7690661899903648 -0.6391691446039179 0.0
  outer loop
    vertex 60.422702206266266 6.578310823633564 26.800000000000008
    vertex 60.56294468633965 6.409567149544497 26.659999999999982
    vertex 60.56294468633965 6.409567149544497 26.800000000000008
  endloop
endfacet
facet normal -0.7690661899903648 -0.6391691446039179 0.0
  outer loop
    vertex 60.56294468633965 6.409567149544497 26.659999999999982
    vertex 60.422702206266266 6.578310823633564 26.800000000000008
    vertex 60.422702206266266 6.578310823633564 26.659999999999982
  endloop
endfacet
facet normal -0.7708037373129811 -0.6370726791696067 6.402458542079972e-15
  outer loop
    vertex 57.42363231285785 6.526482833059176 26.80000000000001
    vertex 57.58104371056789 6.3360284349696 26.659999999999982
    vertex 57.58104371056789 6.3360284349696 26.80000000000002
  endloop
endfacet
facet normal -0.7708037373129811 -0.6370726791696067 6.402458542079972e-15
  outer loop
    vertex 57.58104371056789 6.3360284349696 26.659999999999982
    vertex 57.42363231285785 6.526482833059176 26.80000000000001
    vertex 57.42363231285785 6.526482833059173 26.659999999999982
  endloop
endfacet
facet normal 0.02733906441077939 -0.9996262179220508 5.032419803984705e-15
  outer loop
    vertex 56.083384297612405 6.915145812246928 26.80000000000001
    vertex 55.84630101699502 6.908661753542474 26.659999999999982
    vertex 56.083384297612405 6.915145812246928 26.659999999999982
  endloop
endfacet
facet normal 0.02733906441077939 -0.9996262179220508 5.032419803984705e-15
  outer loop
    vertex 55.84630101699502 6.908661753542474 26.659999999999982
    vertex 56.083384297612405 6.915145812246928 26.80000000000001
    vertex 55.84630101699502 6.908661753542476 26.80000000000001
  endloop
endfacet
facet normal 0.13252663666762554 -0.991179444184335 3.548059163848153e-16
  outer loop
    vertex 55.269793077976814 6.864617598684174 26.80000000000001
    vertex 55.00809805014277 6.829627403846118 26.659999999999982
    vertex 55.269793077976814 6.864617598684174 26.659999999999982
  endloop
endfacet
facet normal 0.13252663666762554 -0.991179444184335 3.548059163848153e-16
  outer loop
    vertex 55.00809805014277 6.829627403846118 26.659999999999982
    vertex 55.269793077976814 6.864617598684174 26.80000000000001
    vertex 55.008098050142756 6.829627403846117 26.80000000000001
  endloop
endfacet
facet normal -0.6276144864764417 -0.77852428116592 1.7453822766096188e-14
  outer loop
    vertex 60.422702206266266 6.578310823633564 26.800000000000008
    vertex 60.245532221132144 6.721138031376481 26.659999999999982
    vertex 60.422702206266266 6.578310823633564 26.659999999999982
  endloop
endfacet
facet normal -0.6276144864764417 -0.77852428116592 1.7453822766096188e-14
  outer loop
    vertex 60.245532221132144 6.721138031376481 26.659999999999982
    vertex 60.422702206266266 6.578310823633564 26.800000000000008
    vertex 60.24553222113216 6.721138031376478 26.800000000000008
  endloop
endfacet
facet normal -0.7625355105869261 0.6469463618368497 -6.493553770255787e-15
  outer loop
    vertex 59.80082562478853 4.292956888916969 26.800000000000008
    vertex 60.06902447979866 4.609074519230732 26.659999999999982
    vertex 59.80082562478853 4.292956888916967 26.659999999999982
  endloop
endfacet
facet normal -0.7625355105869261 0.6469463618368497 -6.493553770255787e-15
  outer loop
    vertex 60.06902447979866 4.609074519230732 26.659999999999982
    vertex 59.80082562478853 4.292956888916969 26.800000000000008
    vertex 60.06902447979866 4.609074519230733 26.800000000000008
  endloop
endfacet
facet normal 1.0 0.0 0.0
  outer loop
    vertex 55.106545039009184 6.269942434210491 26.659999999999982
    vertex 55.106545039009184 2.999999999999963 26.80000000000001
    vertex 55.106545039009184 2.999999999999963 26.659999999999982
  endloop
endfacet
facet normal 1.0 0.0 0.0
  outer loop
    vertex 55.106545039009184 2.999999999999963 26.80000000000001
    vertex 55.106545039009184 6.269942434210491 26.659999999999982
    vertex 55.106545039009184 6.269942434210491 26.80000000000001
  endloop
endfacet
facet normal 0.879330000454204 -0.4762129253823436 2.4005528426447925e-14
  outer loop
    vertex 58.40034801851323 6.4241167446862 26.659999999999982
    vertex 58.20600417362455 6.065259678643688 26.80000000000001
    vertex 58.20600417362455 6.065259678643688 26.659999999999982
  endloop
endfacet
facet normal 0.879330000454204 -0.4762129253823436 2.4005528426447925e-14
  outer loop
    vertex 58.20600417362455 6.065259678643688 26.80000000000001
    vertex 58.40034801851323 6.4241167446862 26.659999999999982
    vertex 58.40034801851323 6.424116744686215 26.80000000000001
  endloop
endfacet
facet normal -0.9857628344184032 0.16814170892255131 -2.5315171990717177e-15
  outer loop
    vertex 60.69086152433306 5.479678011133569 26.80000000000001
    vertex 60.74787379660027 5.813923329959479 26.659999999999982
    vertex 60.69086152433306 5.479678011133566 26.659999999999982
  endloop
endfacet
facet normal -0.9857628344184032 0.16814170892255131 -2.5315171990717177e-15
  outer loop
    vertex 60.74787379660027 5.813923329959479 26.659999999999982
    vertex 60.69086152433306 5.479678011133569 26.80000000000001
    vertex 60.74787379660027 5.813923329959482 26.80000000000001
  endloop
endfacet
facet normal -0.7616298452691713 0.6480123292000377 1.6621980239005557e-15
  outer loop
    vertex 60.06902447979866 4.609074519230733 26.800000000000008
    vertex 60.32034106001121 4.904455022773241 26.659999999999982
    vertex 60.06902447979866 4.609074519230732 26.659999999999982
  endloop
endfacet
facet normal -0.7616298452691713 0.6480123292000377 1.6621980239005557e-15
  outer loop
    vertex 60.32034106001121 4.904455022773241 26.659999999999982
    vertex 60.06902447979866 4.609074519230733 26.800000000000008
    vertex 60.32034106001121 4.904455022773239 26.800000000000008
  endloop
endfacet
facet normal 0.027339050427367464 -0.9996257066320423 -0.001011415898665614
  outer loop
    vertex 56.083384297612405 6.915145812246928 26.659999999999982
    vertex 55.83594233784523 6.908661753542463 26.38000000000001
    vertex 56.07302561846263 6.9151458122469185 26.38000000000001
  endloop
endfacet
facet normal 0.027339050427367464 -0.9996257066320423 -0.001011415898665614
  outer loop
    vertex 55.83594233784523 6.908661753542463 26.38000000000001
    vertex 56.083384297612405 6.915145812246928 26.659999999999982
    vertex 55.84630101699502 6.908661753542474 26.659999999999982
  endloop
endfacet
facet normal -0.11854885604243542 0.9929385348256193 0.004385748440398762
  outer loop
    vertex 56.0160133461954 4.53652422823883 26.659999999999982
    vertex 56.70008153951529 4.619433198380529 26.38000000000001
    vertex 56.00565466704562 4.536524228238822 26.38000000000001
  endloop
endfacet
facet normal -0.11854885604243542 0.9929385348256193 0.004385748440398762
  outer loop
    vertex 56.70008153951529 4.619433198380529 26.38000000000001
    vertex 56.0160133461954 4.53652422823883 26.659999999999982
    vertex 56.71044021866505 4.619433198380529 26.659999999999982
  endloop
endfacet
facet normal 0.003970774658317595 -0.9999887510430095 0.002594366214469712
  outer loop
    vertex 49.29058299029486 0.00942235977343335 16.80000000000002
    vertex 47.3878636783332 1.9703181445957636e-15 16.299999999999997
    vertex 49.28998790837227 0.006676252983559116 16.29999999999999
  endloop
endfacet
facet normal 0.003970774658317595 -0.9999887510430095 0.002594366214469712
  outer loop
    vertex 47.3878636783332 1.9703181445957636e-15 16.299999999999997
    vertex 47.27990273903275 2.0405475453030813e-14 16.80000000000002
    vertex 47.27990273903275 1.665848406571318e-14 16.299999999999994
  endloop
endfacet
facet normal 0.003970774658317595 -0.9999887510430095 0.002594366214469712
  outer loop
    vertex 47.27990273903275 2.0405475453030813e-14 16.80000000000002
    vertex 47.3878636783332 1.9703181445957636e-15 16.299999999999997
    vertex 49.29058299029486 0.00942235977343335 16.80000000000002
  endloop
endfacet
facet normal -0.7071067811865487 -0.7071067811865464 1.8170804979597034e-15
  outer loop
    vertex 62.77990273903275 3.5147207850840692e-15 17.3
    vertex 61.779902739032735 1.0000000000000002 10.799999999999988
    vertex 62.779902739032735 -4.4143495914590474e-16 10.799999999999988
  endloop
endfacet
facet normal -0.7071067811865487 -0.7071067811865464 1.8170804979597034e-15
  outer loop
    vertex 61.779902739032735 1.0000000000000002 10.799999999999988
    vertex 62.77990273903275 3.5147207850840692e-15 17.3
    vertex 61.77990273903275 1.0000000000000056 17.3
  endloop
endfacet
facet normal 1.0 -1.8047785488306545e-15 -7.234183135287402e-16
  outer loop
    vertex 49.27990273903276 15.50000000000001 10.800000000000006
    vertex 49.27990273903275 9.250000000000018 16.80000000000002
    vertex 49.27990273903275 9.250000000000014 10.800000000000006
  endloop
endfacet
facet normal 1.0 -1.8047785488306545e-15 -7.234183135287402e-16
  outer loop
    vertex 49.27990273903275 9.250000000000018 16.80000000000002
    vertex 49.27990273903276 15.50000000000001 10.800000000000006
    vertex 49.279902739032764 15.50000000000002 16.800000000000026
  endloop
endfacet
facet normal -1.0399064704096139e-15 -1.0 4.680576754011837e-16
  outer loop
    vertex 54.62731124276282 8.250000000000007 16.299999999999994
    vertex 52.02990273903276 8.250000000000012 15.799999999999999
    vertex 54.62731124276282 8.25000000000001 15.799999999999997
  endloop
endfacet
facet normal -1.0399064704096139e-15 -1.0 4.680576754011837e-16
  outer loop
    vertex 62.77990273903276 8.250000000000005 16.799999999999997
    vertex 60.02990273903274 8.250000000000004 10.799999999999994
    vertex 62.77990273903275 8.25 10.799999999999988
  endloop
endfacet
facet normal -1.0399064704096139e-15 -1.0 4.680576754011837e-16
  outer loop
    vertex 60.02990273903274 8.250000000000004 10.799999999999994
    vertex 62.77990273903276 8.250000000000005 16.799999999999997
    vertex 60.02990273903275 8.250000000000005 15.79999999999999
  endloop
endfacet
facet normal -1.0399064704096139e-15 -1.0 4.680576754011837e-16
  outer loop
    vertex 60.02990273903275 8.250000000000005 15.79999999999999
    vertex 62.77990273903276 8.250000000000005 16.799999999999997
    vertex 57.432494235302684 8.250000000000005 15.799999999999994
  endloop
endfacet
facet normal -1.0399064704096139e-15 -1.0 4.680576754011837e-16
  outer loop
    vertex 57.432494235302684 8.250000000000005 15.799999999999994
    vertex 62.77990273903276 8.250000000000005 16.799999999999997
    vertex 57.432494235302684 8.250000000000007 16.29999999999999
  endloop
endfacet
facet normal -1.0399064704096139e-15 -1.0 4.680576754011837e-16
  outer loop
    vertex 57.432494235302684 8.250000000000007 16.29999999999999
    vertex 62.77990273903276 8.250000000000005 16.799999999999997
    vertex 54.62731124276282 8.250000000000007 16.299999999999994
  endloop
endfacet
facet normal -1.0399064704096139e-15 -1.0 4.680576754011837e-16
  outer loop
    vertex 52.02990273903276 8.250000000000012 15.799999999999999
    vertex 49.27990273903275 8.250000000000014 10.800000000000006
    vertex 52.02990273903274 8.250000000000012 10.8
  endloop
endfacet
facet normal -1.0399064704096139e-15 -1.0 4.680576754011837e-16
  outer loop
    vertex 49.27990273903275 8.250000000000014 10.800000000000006
    vertex 52.02990273903276 8.250000000000012 15.799999999999999
    vertex 49.27990273903275 8.25000000000002 16.80000000000002
  endloop
endfacet
facet normal -1.0399064704096139e-15 -1.0 4.680576754011837e-16
  outer loop
    vertex 49.27990273903275 8.25000000000002 16.80000000000002
    vertex 52.02990273903276 8.250000000000012 15.799999999999999
    vertex 54.62731124276282 8.250000000000007 16.299999999999994
  endloop
endfacet
facet normal -1.0399064704096139e-15 -1.0 4.680576754011837e-16
  outer loop
    vertex 49.27990273903275 8.25000000000002 16.80000000000002
    vertex 54.62731124276282 8.250000000000007 16.299999999999994
    vertex 62.77990273903276 8.250000000000005 16.799999999999997
  endloop
endfacet
facet normal -1.0399064704096139e-15 -1.0 4.680576754011837e-16
  outer loop
    vertex 49.27990273903275 8.25000000000002 16.80000000000002
    vertex 62.77990273903276 8.250000000000005 16.799999999999997
    vertex 56.02990273903276 8.250000000000012 21.800000000000015
  endloop
endfacet
facet normal 0.9858521267642121 0.16761737426197756 -1.6824152616128722e-15
  outer loop
    vertex 59.89411304255169 6.032878922064744 26.659999999999982
    vertex 59.92649379913064 5.8424294660930824 26.800000000000008
    vertex 59.92649379913064 5.842429466093082 26.659999999999982
  endloop
endfacet
facet normal 0.9858521267642121 0.16761737426197756 -1.6824152616128722e-15
  outer loop
    vertex 59.92649379913064 5.8424294660930824 26.800000000000008
    vertex 59.89411304255169 6.032878922064744 26.659999999999982
    vertex 59.89411304255169 6.032878922064746 26.800000000000008
  endloop
endfacet
facet normal -0.9924647789657337 -0.11689978629321689 0.036716515045651835
  outer loop
    vertex 57.715785613401884 5.813923329959479 26.659999999999982
    vertex 57.671741458543586 6.099908867345601 26.38000000000001
    vertex 57.70542693425209 5.813923329959469 26.38000000000001
  endloop
endfacet
facet normal -0.9924647789657337 -0.11689978629321689 0.036716515045651835
  outer loop
    vertex 57.671741458543586 6.099908867345601 26.38000000000001
    vertex 57.715785613401884 5.813923329959479 26.659999999999982
    vertex 57.68210013769339 6.09990886734561 26.659999999999982
  endloop
endfacet
facet normal -0.9534500948152119 -0.29948075260089885 0.03527315577691784
  outer loop
    vertex 54.785781817855344 2.999999999999963 26.659999999999982
    vertex 53.53427941400919 6.951401189271212 26.380000000000017
    vertex 54.77542313870555 2.999999999999957 26.38000000000001
  endloop
endfacet
facet normal -0.9534500948152119 -0.29948075260089885 0.03527315577691784
  outer loop
    vertex 53.53427941400919 6.951401189271212 26.380000000000017
    vertex 54.785781817855344 2.999999999999963 26.659999999999982
    vertex 53.544638093158994 6.951401189271216 26.659999999999982
  endloop
endfacet
facet normal 0.7290608944953412 -0.6844488382031582 8.587468753287393e-15
  outer loop
    vertex 59.4160323239282 5.00808135121454 26.659999999999982
    vertex 59.654420323675176 5.262007369686204 26.800000000000008
    vertex 59.4160323239282 5.008081351214539 26.800000000000008
  endloop
endfacet
facet normal 0.7290608944953412 -0.6844488382031582 8.587468753287393e-15
  outer loop
    vertex 59.654420323675176 5.262007369686204 26.800000000000008
    vertex 59.4160323239282 5.00808135121454 26.659999999999982
    vertex 59.654420323675176 5.2620073696861995 26.659999999999982
  endloop
endfacet
facet normal 1.0071308866242485e-15 8.326672684688573e-17 1.0
  outer loop
    vertex 62.77990273903275 3.5147207850840692e-15 17.3
    vertex 63.77990273903274 1.0000000000000036 17.3
    vertex 61.77990273903275 1.0000000000000056 17.3
  endloop
endfacet
facet normal 1.0071308866242485e-15 8.326672684688573e-17 1.0
  outer loop
    vertex 63.77990273903274 1.0000000000000036 17.3
    vertex 62.77990273903275 3.5147207850840692e-15 17.3
    vertex 64.77990273903275 1.412335059255949e-15 17.3
  endloop
endfacet
facet normal 1.0071308866242485e-15 8.326672684688573e-17 1.0
  outer loop
    vertex 63.77990273903274 1.0000000000000036 17.3
    vertex 64.77990273903275 1.412335059255949e-15 17.3
    vertex 63.77990273903277 16.500000000000004 17.3
  endloop
endfacet
facet normal 1.0071308866242485e-15 8.326672684688573e-17 1.0
  outer loop
    vertex 63.77990273903277 16.500000000000004 17.3
    vertex 62.77990273903277 17.500000000000004 17.3
    vertex 61.779902739032764 16.500000000000007 17.3
  endloop
endfacet
facet normal 1.0071308866242485e-15 8.326672684688573e-17 1.0
  outer loop
    vertex 62.77990273903277 17.500000000000004 17.3
    vertex 63.77990273903277 16.500000000000004 17.3
    vertex 64.77990273903276 17.5 17.3
  endloop
endfacet
facet normal 1.0071308866242485e-15 8.326672684688573e-17 1.0
  outer loop
    vertex 64.77990273903276 17.5 17.3
    vertex 63.77990273903277 16.500000000000004 17.3
    vertex 64.77990273903275 1.412335059255949e-15 17.3
  endloop
endfacet
facet normal 0.7429935585049128 -0.669298567173281 6.792551569979154e-15
  outer loop
    vertex 59.4160323239282 5.00808135121454 26.659999999999982
    vertex 59.1336199377946 4.6945731591598845 26.800000000000008
    vertex 59.1336199377946 4.694573159159882 26.659999999999982
  endloop
endfacet
facet normal 0.7429935585049128 -0.669298567173281 6.792551569979154e-15
  outer loop
    vertex 59.1336199377946 4.6945731591598845 26.800000000000008
    vertex 59.4160323239282 5.00808135121454 26.659999999999982
    vertex 59.4160323239282 5.008081351214539 26.800000000000008
  endloop
endfacet
facet normal 0.9993163761815965 4.300137399032835e-20 -0.036969991821503734
  outer loop
    vertex 55.096186359859374 6.269942434210481 26.38000000000001
    vertex 55.106545039009184 2.999999999999963 26.659999999999982
    vertex 55.096186359859374 2.9999999999999547 26.38000000000001
  endloop
endfacet
facet normal 0.9993163761815965 4.300137399032835e-20 -0.036969991821503734
  outer loop
    vertex 55.106545039009184 2.999999999999963 26.659999999999982
    vertex 55.096186359859374 6.269942434210481 26.38000000000001
    vertex 55.106545039009184 6.269942434210491 26.659999999999982
  endloop
endfacet
facet normal 1.0879500318471818e-15 1.0 -5.114972160545097e-16
  outer loop
    vertex 49.27990273903274 2.0000000000000147 10.800000000000006
    vertex 62.77990273903275 2.0000000000000053 16.800000000000004
    vertex 62.77990273903275 1.9999999999999996 10.799999999999988
  endloop
endfacet
facet normal 1.0879500318471818e-15 1.0 -5.114972160545097e-16
  outer loop
    vertex 62.77990273903275 2.0000000000000053 16.800000000000004
    vertex 49.27990273903274 2.0000000000000147 10.800000000000006
    vertex 49.27990273903274 2.000000000000019 16.80000000000002
  endloop
endfacet
facet normal 1.0879500318471818e-15 1.0 -5.114972160545097e-16
  outer loop
    vertex 62.77990273903275 2.0000000000000053 16.800000000000004
    vertex 49.27990273903274 2.000000000000019 16.80000000000002
    vertex 56.02990273903275 2.000000000000012 21.800000000000015
  endloop
endfacet
facet normal -1.0444320305732947e-15 -1.0 3.6744873382532327e-16
  outer loop
    vertex 62.77990273903277 15.500000000000002 16.800000000000015
    vertex 49.27990273903276 15.50000000000001 10.800000000000006
    vertex 62.77990273903276 15.5 10.799999999999988
  endloop
endfacet
facet normal -1.0444320305732947e-15 -1.0 3.6744873382532327e-16
  outer loop
    vertex 49.27990273903276 15.50000000000001 10.800000000000006
    vertex 62.77990273903277 15.500000000000002 16.800000000000015
    vertex 49.279902739032764 15.50000000000002 16.800000000000026
  endloop
endfacet
facet normal -1.0444320305732947e-15 -1.0 3.6744873382532327e-16
  outer loop
    vertex 49.279902739032764 15.50000000000002 16.800000000000026
    vertex 62.77990273903277 15.500000000000002 16.800000000000015
    vertex 56.02990273903277 15.500000000000009 21.800000000000022
  endloop
endfacet
facet normal -1.0 1.2031856992204353e-15 1.8836174956031387e-15
  outer loop
    vertex 62.77990273903275 2.0000000000000053 16.800000000000004
    vertex 62.77990273903275 8.25 10.799999999999988
    vertex 62.77990273903275 1.9999999999999996 10.799999999999988
  endloop
endfacet
facet normal -1.0 1.2031856992204353e-15 1.8836174956031387e-15
  outer loop
    vertex 62.77990273903275 8.25 10.799999999999988
    vertex 62.77990273903275 2.0000000000000053 16.800000000000004
    vertex 62.77990273903276 8.250000000000005 16.799999999999997
  endloop
endfacet
facet normal 0.9918052137580742 -0.12775921869791265 1.2848890561837742e-15
  outer loop
    vertex 59.92649379913064 5.842429466093082 26.659999999999982
    vertex 59.89929238212659 5.631262651821825 26.80000000000001
    vertex 59.89929238212659 5.6312626518218245 26.659999999999982
  endloop
endfacet
facet normal 0.9918052137580742 -0.12775921869791265 1.2848890561837742e-15
  outer loop
    vertex 59.89929238212659 5.631262651821825 26.80000000000001
    vertex 59.92649379913064 5.842429466093082 26.659999999999982
    vertex 59.92649379913064 5.8424294660930824 26.800000000000008
  endloop
endfacet
facet normal -0.9453137582573462 0.32428204883143613 0.03497214970598765
  outer loop
    vertex 57.59401182797678 5.225751992661906 26.659999999999982
    vertex 57.67498348789582 5.491988826859777 26.38000000000001
    vertex 57.58365314882699 5.2257519926619045 26.38000000000001
  endloop
endfacet
facet normal -0.9453137582573462 0.32428204883143613 0.03497214970598765
  outer loop
    vertex 57.67498348789582 5.491988826859777 26.38000000000001
    vertex 57.59401182797678 5.225751992661906 26.659999999999982
    vertex 57.685342167045626 5.491988826859782 26.659999999999982
  endloop
endfacet
facet normal 0.9857474724057514 -0.16423155956016655 -0.03646800639064344
  outer loop
    vertex 52.55483071714686 6.871101657388617 26.380000000000017
    vertex 52.47453118526426 6.326954706477695 26.659999999999982
    vertex 52.464172506114444 6.32695470647769 26.380000000000017
  endloop
endfacet
facet normal 0.9857474724057514 -0.16423155956016655 -0.03646800639064344
  outer loop
    vertex 52.47453118526426 6.326954706477695 26.659999999999982
    vertex 52.55483071714686 6.871101657388617 26.380000000000017
    vertex 52.565189396296645 6.871101657388628 26.659999999999982
  endloop
endfacet
facet normal -0.08996528597591928 -0.9959393404204159 0.0033282911859113767
  outer loop
    vertex 56.700081539515246 6.859438259109278 26.659999999999982
    vertex 56.07302561846263 6.9151458122469185 26.38000000000001
    vertex 56.689722860365485 6.859438259109261 26.38000000000001
  endloop
endfacet
facet normal -0.08996528597591928 -0.9959393404204159 0.0033282911859113767
  outer loop
    vertex 56.07302561846263 6.9151458122469185 26.38000000000001
    vertex 56.700081539515246 6.859438259109278 26.659999999999982
    vertex 56.083384297612405 6.915145812246928 26.659999999999982
  endloop
endfacet
facet normal -1.5910780817746104e-15 1.0 -2.637832339049144e-14
  outer loop
    vertex 53.88924209113469 2.9999999999999543 26.380000000000017
    vertex 54.785781817855344 2.999999999999963 26.659999999999982
    vertex 54.77542313870555 2.999999999999957 26.38000000000001
  endloop
endfacet
facet normal -1.5910780817746104e-15 1.0 -2.637832339049144e-14
  outer loop
    vertex 54.785781817855344 2.999999999999963 26.659999999999982
    vertex 53.88924209113469 2.9999999999999543 26.380000000000017
    vertex 53.8996007702845 2.999999999999963 26.659999999999982
  endloop
endfacet
facet normal -0.41284291305330706 -0.9106741773396869 0.015273240269963208
  outer loop
    vertex 57.220881925395815 6.67547286184207 26.659999999999982
    vertex 56.96761320860688 6.785593133223634 26.38000000000001
    vertex 57.21052324624605 6.675472861842056 26.38000000000001
  endloop
endfacet
facet normal -0.41284291305330706 -0.9106741773396869 0.015273240269963208
  outer loop
    vertex 56.96761320860688 6.785593133223634 26.38000000000001
    vertex 57.220881925395815 6.67547286184207 26.659999999999982
    vertex 56.977971887756645 6.785593133223651 26.659999999999982
  endloop
endfacet
facet normal -0.9948840194924471 0.09408031132576032 0.036806015532796464
  outer loop
    vertex 57.685342167045626 5.491988826859782 26.659999999999982
    vertex 57.70542693425209 5.813923329959469 26.38000000000001
    vertex 57.67498348789582 5.491988826859777 26.38000000000001
  endloop
endfacet
facet normal -0.9948840194924471 0.09408031132576032 0.036806015532796464
  outer loop
    vertex 57.70542693425209 5.813923329959469 26.38000000000001
    vertex 57.685342167045626 5.491988826859782 26.659999999999982
    vertex 57.715785613401884 5.813923329959479 26.659999999999982
  endloop
endfacet
facet normal 1.0071308866242485e-15 8.326672684688573e-17 1.0
  outer loop
    vertex 59.779902739032764 16.500000000000007 17.3
    vertex 53.279902739032764 17.500000000000014 17.30000000000001
    vertex 52.279902739032764 16.500000000000014 17.30000000000001
  endloop
endfacet
facet normal 1.0071308866242485e-15 8.326672684688573e-17 1.0
  outer loop
    vertex 53.279902739032764 17.500000000000014 17.30000000000001
    vertex 59.779902739032764 16.500000000000007 17.3
    vertex 58.779902739032764 17.50000000000001 17.300000000000004
  endloop
endfacet
facet normal 1.409983241273952e-15 1.0 -2.8663744498309015e-16
  outer loop
    vertex 62.77990273903277 17.500000000000004 17.3
    vertex 64.77990273903275 17.5 10.799999999999988
    vertex 62.77990273903276 17.5 10.799999999999988
  endloop
endfacet
facet normal 1.409983241273952e-15 1.0 -2.8663744498309015e-16
  outer loop
    vertex 64.77990273903275 17.5 10.799999999999988
    vertex 62.77990273903277 17.500000000000004 17.3
    vertex 64.77990273903276 17.5 17.3
  endloop
endfacet
facet normal -0.7071067811865496 -0.7071067811865455 1.5154307710256873e-15
  outer loop
    vertex 53.27990273903276 1.389815081103405e-14 17.30000000000001
    vertex 52.27990273903274 1.000000000000011 10.8
    vertex 53.27990273903274 9.663131206475607e-15 10.8
  endloop
endfacet
facet normal -0.7071067811865496 -0.7071067811865455 1.5154307710256873e-15
  outer loop
    vertex 52.27990273903274 1.000000000000011 10.8
    vertex 53.27990273903276 1.389815081103405e-14 17.30000000000001
    vertex 52.27990273903276 1.000000000000015 17.30000000000001
  endloop
endfacet
facet normal 0.7071067811865486 0.7071067811865466 -1.1180192260173666e-15
  outer loop
    vertex 49.279902739032764 17.500000000000014 10.800000000000006
    vertex 50.279902739032764 16.500000000000018 17.30000000000001
    vertex 50.27990273903276 16.50000000000001 10.8
  endloop
endfacet
facet normal 0.7071067811865486 0.7071067811865466 -1.1180192260173666e-15
  outer loop
    vertex 50.279902739032764 16.500000000000018 17.30000000000001
    vertex 49.279902739032764 17.500000000000014 10.800000000000006
    vertex 49.279902739032764 17.500000000000018 17.300000000000015
  endloop
endfacet
facet normal 0.695210733727508 -0.7183456982008863 -0.025719517614864025
  outer loop
    vertex 58.40034801851323 6.4241167446862 26.659999999999982
    vertex 58.38998933936344 6.4241167446861915 26.38000000000001
    vertex 58.411673926747106 6.445030101635544 26.38203494897699
  endloop
endfacet
facet normal 0.6936164719462332 -0.7200121010223342 -0.021880681576783197
  outer loop
    vertex 58.68147545398893 6.6961902201416645 26.659999999999982
    vertex 58.65000591823361 6.670743407438998 26.380092609102125
    vertex 58.671116774839156 6.696190220141656 26.38000000000001
  endloop
endfacet
facet normal 0.6936164719462332 -0.7200121010223342 -0.021880681576783197
  outer loop
    vertex 58.65000591823361 6.670743407438998 26.380092609102125
    vertex 58.68147545398893 6.6961902201416645 26.659999999999982
    vertex 58.411673926747106 6.445030101635544 26.38203494897699
  endloop
endfacet
facet normal 0.6936164719462332 -0.7200121010223342 -0.021880681576783197
  outer loop
    vertex 58.411673926747106 6.445030101635544 26.38203494897699
    vertex 58.68147545398893 6.6961902201416645 26.659999999999982
    vertex 58.40034801851323 6.4241167446862 26.659999999999982
  endloop
endfacet
facet normal -0.2944000547127395 0.9556202095511975 0.010891413244444275
  outer loop
    vertex 56.71044021866505 4.619433198380529 26.659999999999982
    vertex 56.99126124283008 4.70913758065534 26.38000000000001
    vertex 56.70008153951529 4.619433198380529 26.38000000000001
  endloop
endfacet
facet normal -0.2944000547127395 0.9556202095511975 0.010891413244444275
  outer loop
    vertex 56.99126124283008 4.70913758065534 26.38000000000001
    vertex 56.71044021866505 4.619433198380529 26.659999999999982
    vertex 57.001619921979824 4.709137580655329 26.659999999999982
  endloop
endfacet
facet normal 1.0071308866242485e-15 8.326672684688573e-17 1.0
  outer loop
    vertex 53.27990273903276 1.389815081103405e-14 17.30000000000001
    vertex 59.77990273903275 1.0000000000000075 17.300000000000004
    vertex 52.27990273903276 1.000000000000015 17.30000000000001
  endloop
endfacet
facet normal 1.0071308866242485e-15 8.326672684688573e-17 1.0
  outer loop
    vertex 59.77990273903275 1.0000000000000075 17.300000000000004
    vertex 53.27990273903276 1.389815081103405e-14 17.30000000000001
    vertex 58.77990273903274 7.722328988737634e-15 17.300000000000004
  endloop
endfacet
facet normal -0.4642801858139456 0.8855218167916548 0.017176176715882067
  outer loop
    vertex 57.001619921979824 4.709137580655329 26.659999999999982
    vertex 57.237744431721765 4.8383690220141435 26.38000000000001
    vertex 56.99126124283008 4.70913758065534 26.38000000000001
  endloop
endfacet
facet normal -0.4642801858139456 0.8855218167916548 0.017176176715882067
  outer loop
    vertex 57.237744431721765 4.8383690220141435 26.38000000000001
    vertex 57.001619921979824 4.709137580655329 26.659999999999982
    vertex 57.24810311087153 4.838369022014132 26.659999999999982
  endloop
endfacet
facet normal 0.13252504385605599 -0.9911675313935586 -0.004902801459318686
  outer loop
    vertex 55.269793077976814 6.864617598684174 26.659999999999982
    vertex 54.99773937099301 6.829627403846112 26.38000000000001
    vertex 55.25943439882702 6.864617598684168 26.38000000000001
  endloop
endfacet
facet normal 0.13252504385605599 -0.9911675313935586 -0.004902801459318686
  outer loop
    vertex 54.99773937099301 6.829627403846112 26.38000000000001
    vertex 55.269793077976814 6.864617598684174 26.659999999999982
    vertex 55.00809805014277 6.829627403846118 26.659999999999982
  endloop
endfacet
facet normal 1.0 -9.023892744153269e-16 -1.6114094185987996e-15
  outer loop
    vertex 49.27990273903275 8.25000000000002 16.80000000000002
    vertex 49.27990273903276 2.000000000000019 23.800000000000015
    vertex 49.27990273903274 2.000000000000019 16.80000000000002
  endloop
endfacet
facet normal 1.0 -9.023892744153269e-16 -1.6114094185987996e-15
  outer loop
    vertex 49.27990273903276 2.000000000000019 23.800000000000015
    vertex 49.27990273903275 8.25000000000002 16.80000000000002
    vertex 49.279902739032764 8.25000000000002 23.800000000000015
  endloop
endfacet
facet normal 0.08170989953753478 -0.9966515712670342 -0.003022880830942316
  outer loop
    vertex 53.544638093158994 6.951401189271216 26.659999999999982
    vertex 52.55483071714686 6.871101657388617 26.380000000000017
    vertex 53.53427941400919 6.951401189271212 26.380000000000017
  endloop
endfacet
facet normal 0.08170989953753478 -0.9966515712670342 -0.003022880830942316
  outer loop
    vertex 52.55483071714686 6.871101657388617 26.380000000000017
    vertex 53.544638093158994 6.951401189271216 26.659999999999982
    vertex 52.565189396296645 6.871101657388628 26.659999999999982
  endloop
endfacet
facet normal 0.09250502458209264 -0.9957063365446646 -0.003422249533511279
  outer loop
    vertex 55.56258391173188 6.891819015688223 26.659999999999982
    vertex 55.29321004980815 6.867748588270318 26.3820078178502
    vertex 55.552225232582074 6.891819015688214 26.38000000000001
  endloop
endfacet
facet normal 0.09250502458209264 -0.9957063365446646 -0.003422249533511279
  outer loop
    vertex 55.29321004980815 6.867748588270318 26.3820078178502
    vertex 55.269793077976814 6.864617598684174 26.659999999999982
    vertex 55.25943439882702 6.864617598684168 26.38000000000001
  endloop
endfacet
facet normal 0.09250502458209264 -0.9957063365446646 -0.003422249533511279
  outer loop
    vertex 55.269793077976814 6.864617598684174 26.659999999999982
    vertex 55.29321004980815 6.867748588270318 26.3820078178502
    vertex 55.56258391173188 6.891819015688223 26.659999999999982
  endloop
endfacet
facet normal -0.7704905318183097 -0.6368138134506167 0.02850451502519201
  outer loop
    vertex 57.58104371056789 6.3360284349696 26.659999999999982
    vertex 57.41327363370808 6.526482833059171 26.38000000000001
    vertex 57.5706850314181 6.336028434969591 26.38000000000001
  endloop
endfacet
facet normal -0.7704905318183097 -0.6368138134506167 0.02850451502519201
  outer loop
    vertex 57.41327363370808 6.526482833059171 26.38000000000001
    vertex 57.58104371056789 6.3360284349696 26.659999999999982
    vertex 57.42363231285785 6.526482833059173 26.659999999999982
  endloop
endfacet
facet normal 1.0343002671926898e-15 1.0 -3.895783367547345e-16
  outer loop
    vertex 49.27990273903276 2.000000000000019 23.800000000000015
    vertex 56.02990273903275 2.000000000000012 21.800000000000015
    vertex 49.27990273903274 2.000000000000019 16.80000000000002
  endloop
endfacet
facet normal 1.0343002671926898e-15 1.0 -3.895783367547345e-16
  outer loop
    vertex 56.02990273903275 2.000000000000012 21.800000000000015
    vertex 49.27990273903276 2.000000000000019 23.800000000000015
    vertex 62.77990273903276 2.0000000000000044 23.8
  endloop
endfacet
facet normal 1.0343002671926898e-15 1.0 -3.895783367547345e-16
  outer loop
    vertex 62.77990273903276 2.0000000000000044 23.8
    vertex 49.27990273903276 2.000000000000019 23.800000000000015
    vertex 61.73410906091398 2.0000000000000058 23.800000000000004
  endloop
endfacet
facet normal 1.0343002671926898e-15 1.0 -3.895783367547345e-16
  outer loop
    vertex 61.73410906091398 2.0000000000000058 23.800000000000004
    vertex 49.27990273903276 2.000000000000019 23.800000000000015
    vertex 50.26684159402747 2.0000000000000173 23.800000000000015
  endloop
endfacet
facet normal 1.0343002671926898e-15 1.0 -3.895783367547345e-16
  outer loop
    vertex 61.73410906091398 2.0000000000000058 23.800000000000004
    vertex 50.26684159402747 2.0000000000000173 23.800000000000015
    vertex 61.73410906091398 2.000000000000012 26.38000000000001
  endloop
endfacet
facet normal 1.0343002671926898e-15 1.0 -3.895783367547345e-16
  outer loop
    vertex 61.73410906091398 2.000000000000012 26.38000000000001
    vertex 50.26684159402747 2.0000000000000173 23.800000000000015
    vertex 50.26684159402747 2.0000000000000235 26.38000000000002
  endloop
endfacet
facet normal 1.0343002671926898e-15 1.0 -3.895783367547345e-16
  outer loop
    vertex 62.77990273903276 2.0000000000000044 23.8
    vertex 62.77990273903275 2.0000000000000053 16.800000000000004
    vertex 56.02990273903275 2.000000000000012 21.800000000000015
  endloop
endfacet
facet normal -0.9188077327900094 -0.39323901710210674 0.033991551801173185
  outer loop
    vertex 57.68210013769339 6.09990886734561 26.659999999999982
    vertex 57.5706850314181 6.336028434969591 26.38000000000001
    vertex 57.671741458543586 6.099908867345601 26.38000000000001
  endloop
endfacet
facet normal -0.9188077327900094 -0.39323901710210674 0.033991551801173185
  outer loop
    vertex 57.5706850314181 6.336028434969591 26.38000000000001
    vertex 57.68210013769339 6.09990886734561 26.659999999999982
    vertex 57.58104371056789 6.3360284349696 26.659999999999982
  endloop
endfacet
facet normal 0.9842269607149502 0.17312271349109645 -0.03641175463077638
  outer loop
    vertex 54.99773937099301 6.829627403846112 26.38000000000001
    vertex 55.106545039009184 6.269942434210491 26.659999999999982
    vertex 55.096186359859374 6.269942434210481 26.38000000000001
  endloop
endfacet
facet normal 0.9842269607149502 0.17312271349109645 -0.03641175463077638
  outer loop
    vertex 55.106545039009184 6.269942434210491 26.659999999999982
    vertex 54.99773937099301 6.829627403846112 26.38000000000001
    vertex 55.00809805014277 6.829627403846118 26.659999999999982
  endloop
endfacet
facet normal -1.0 1.804778548830655e-15 1.6114094185987982e-15
  outer loop
    vertex 62.77990273903277 8.250000000000005 23.8
    vertex 62.77990273903275 2.0000000000000053 16.800000000000004
    vertex 62.77990273903276 2.0000000000000044 23.8
  endloop
endfacet
facet normal -1.0 1.804778548830655e-15 1.6114094185987982e-15
  outer loop
    vertex 62.77990273903275 2.0000000000000053 16.800000000000004
    vertex 62.77990273903277 8.250000000000005 23.8
    vertex 62.77990273903276 8.250000000000005 16.799999999999997
  endloop
endfacet
facet normal -0.6531513674637848 0.7568417374239993 0.02416351947068534
  outer loop
    vertex 57.24810311087153 4.838369022014132 26.659999999999982
    vertex 57.43628907683815 5.0097122501264755 26.38000000000001
    vertex 57.237744431721765 4.8383690220141435 26.38000000000001
  endloop
endfacet
facet normal -0.6531513674637848 0.7568417374239993 0.02416351947068534
  outer loop
    vertex 57.43628907683815 5.0097122501264755 26.38000000000001
    vertex 57.24810311087153 4.838369022014132 26.659999999999982
    vertex 57.44664775598792 5.0097122501264835 26.659999999999982
  endloop
endfacet
facet normal -0.825727430778236 0.5632415366002207 0.03054801971643554
  outer loop
    vertex 57.44664775598792 5.0097122501264835 26.659999999999982
    vertex 57.58365314882699 5.2257519926619045 26.38000000000001
    vertex 57.43628907683815 5.0097122501264755 26.38000000000001
  endloop
endfacet
facet normal -0.825727430778236 0.5632415366002207 0.03054801971643554
  outer loop
    vertex 57.58365314882699 5.2257519926619045 26.38000000000001
    vertex 57.44664775598792 5.0097122501264835 26.659999999999982
    vertex 57.59401182797678 5.225751992661906 26.659999999999982
  endloop
endfacet
facet normal 0.9545675768583693 -0.29589462226997726 -0.035314497341019206
  outer loop
    vertex 52.464172506114444 6.32695470647769 26.380000000000017
    vertex 51.443249555709585 2.999999999999963 26.659999999999982
    vertex 51.43289087655978 2.999999999999956 26.380000000000017
  endloop
endfacet
facet normal 0.9545675768583693 -0.29589462226997726 -0.035314497341019206
  outer loop
    vertex 51.443249555709585 2.999999999999963 26.659999999999982
    vertex 52.464172506114444 6.32695470647769 26.380000000000017
    vertex 52.47453118526426 6.326954706477695 26.659999999999982
  endloop
endfacet
facet normal 1.0 -1.3535839116229907e-15 -1.0930102645534435e-15
  outer loop
    vertex 50.266841594027476 8.25000000000002 23.800000000000015
    vertex 50.26684159402747 2.0000000000000235 26.38000000000002
    vertex 50.26684159402747 2.0000000000000173 23.800000000000015
  endloop
endfacet
facet normal 1.0 -1.3535839116229907e-15 -1.0930102645534435e-15
  outer loop
    vertex 50.26684159402747 2.0000000000000235 26.38000000000002
    vertex 50.266841594027476 8.25000000000002 23.800000000000015
    vertex 50.26684159402748 8.250000000000021 26.38000000000002
  endloop
endfacet
facet normal 4.160338791983898e-16 1.0 -2.645257706485383e-14
  outer loop
    vertex 51.43289087655978 2.999999999999956 26.380000000000017
    vertex 52.29052625105372 2.999999999999963 26.659999999999982
    vertex 52.28016757190392 2.9999999999999556 26.38000000000001
  endloop
endfacet
facet normal 4.160338791983898e-16 1.0 -2.645257706485383e-14
  outer loop
    vertex 52.29052625105372 2.999999999999963 26.659999999999982
    vertex 51.43289087655978 2.999999999999956 26.380000000000017
    vertex 51.443249555709585 2.999999999999963 26.659999999999982
  endloop
endfacet
facet normal -2.263525887460733e-31 1.0 -3.021392659873033e-14
  outer loop
    vertex 55.106545039009184 2.999999999999963 26.659999999999982
    vertex 56.00565466704562 2.9999999999999547 26.38000000000001
    vertex 55.096186359859374 2.9999999999999547 26.38000000000001
  endloop
endfacet
facet normal -2.263525887460733e-31 1.0 -3.021392659873033e-14
  outer loop
    vertex 56.00565466704562 2.9999999999999547 26.38000000000001
    vertex 55.106545039009184 2.999999999999963 26.659999999999982
    vertex 56.0160133461954 2.999999999999963 26.659999999999982
  endloop
endfacet
facet normal -6.940915555643008e-16 1.0 -4.0259557351672154e-14
  outer loop
    vertex 52.58333685328046 4.106401821862314 26.659999999999982
    vertex 53.58868224801729 4.1064018218623035 26.380000000000017
    vertex 52.572978174130654 4.106401821862302 26.380000000000017
  endloop
endfacet
facet normal -6.940915555643008e-16 1.0 -4.0259557351672154e-14
  outer loop
    vertex 53.58868224801729 4.1064018218623035 26.380000000000017
    vertex 52.58333685328046 4.106401821862314 26.659999999999982
    vertex 53.599040927167096 4.106401821862314 26.659999999999982
  endloop
endfacet
facet normal -0.999316376181601 2.73031860433611e-19 0.036969991821383115
  outer loop
    vertex 56.0160133461954 2.999999999999963 26.659999999999982
    vertex 56.00565466704562 4.536524228238822 26.38000000000001
    vertex 56.00565466704562 2.9999999999999547 26.38000000000001
  endloop
endfacet
facet normal -0.999316376181601 2.73031860433611e-19 0.036969991821383115
  outer loop
    vertex 56.00565466704562 4.536524228238822 26.38000000000001
    vertex 56.0160133461954 2.999999999999963 26.659999999999982
    vertex 56.0160133461954 4.53652422823883 26.659999999999982
  endloop
endfacet
facet normal -0.2568101094325841 -0.9664151815877975 0.009500762593015528
  outer loop
    vertex 56.977971887756645 6.785593133223651 26.659999999999982
    vertex 56.689722860365485 6.859438259109261 26.38000000000001
    vertex 56.96761320860688 6.785593133223634 26.38000000000001
  endloop
endfacet
facet normal -0.2568101094325841 -0.9664151815877975 0.009500762593015528
  outer loop
    vertex 56.689722860365485 6.859438259109261 26.38000000000001
    vertex 56.977971887756645 6.785593133223651 26.659999999999982
    vertex 56.700081539515246 6.859438259109278 26.659999999999982
  endloop
endfacet
facet normal 0.9644115374209095 0.2619874395180691 -0.03567867744471552
  outer loop
    vertex 53.58868224801729 4.1064018218623035 26.380000000000017
    vertex 53.8996007702845 2.999999999999963 26.659999999999982
    vertex 53.88924209113469 2.9999999999999543 26.380000000000017
  endloop
endfacet
facet normal 0.9644115374209095 0.2619874395180691 -0.03567867744471552
  outer loop
    vertex 53.8996007702845 2.999999999999963 26.659999999999982
    vertex 53.58868224801729 4.1064018218623035 26.380000000000017
    vertex 53.599040927167096 4.106401821862314 26.659999999999982
  endloop
endfacet
facet normal 0.05926007697880035 -0.9982401699527648 -0.002192343299306642
  outer loop
    vertex 55.84630101699502 6.908661753542474 26.659999999999982
    vertex 55.580839775774876 6.893515057071184 26.38120573905356
    vertex 55.83594233784523 6.908661753542463 26.38000000000001
  endloop
endfacet
facet normal 0.05926007697880035 -0.9982401699527648 -0.002192343299306642
  outer loop
    vertex 55.580839775774876 6.893515057071184 26.38120573905356
    vertex 55.56258391173188 6.891819015688223 26.659999999999982
    vertex 55.552225232582074 6.891819015688214 26.38000000000001
  endloop
endfacet
facet normal 0.05926007697880035 -0.9982401699527648 -0.002192343299306642
  outer loop
    vertex 55.56258391173188 6.891819015688223 26.659999999999982
    vertex 55.580839775774876 6.893515057071184 26.38120573905356
    vertex 55.84630101699502 6.908661753542474 26.659999999999982
  endloop
endfacet
facet normal -0.9661006410599136 0.25567972225879415 0.03574116631127485
  outer loop
    vertex 52.29052625105372 2.999999999999963 26.659999999999982
    vertex 52.572978174130654 4.106401821862302 26.380000000000017
    vertex 52.28016757190392 2.9999999999999556 26.38000000000001
  endloop
endfacet
facet normal -0.9661006410599136 0.25567972225879415 0.03574116631127485
  outer loop
    vertex 52.572978174130654 4.106401821862302 26.380000000000017
    vertex 52.29052625105372 2.999999999999963 26.659999999999982
    vertex 52.58333685328046 4.106401821862314 26.659999999999982
  endloop
endfacet
facet normal 1.0071308866242485e-15 8.326672684688573e-17 1.0
  outer loop
    vertex 47.27990273903275 2.0447108816454257e-14 17.300000000000015
    vertex 48.27990273903275 1.000000000000019 17.300000000000015
    vertex 47.27990273903277 17.50000000000002 17.300000000000015
  endloop
endfacet
facet normal 1.0071308866242485e-15 8.326672684688573e-17 1.0
  outer loop
    vertex 48.27990273903275 1.000000000000019 17.300000000000015
    vertex 47.27990273903275 2.0447108816454257e-14 17.300000000000015
    vertex 49.29058299029486 0.009422359773433392 17.300000000000015
  endloop
endfacet
facet normal 1.0071308866242485e-15 8.326672684688573e-17 1.0
  outer loop
    vertex 48.27990273903275 1.000000000000019 17.300000000000015
    vertex 49.29058299029486 0.009422359773433392 17.300000000000015
    vertex 49.78492799257282 0.5050252535410334 17.300000000000015
  endloop
endfacet
facet normal 1.0071308866242485e-15 8.326672684688573e-17 1.0
  outer loop
    vertex 48.27990273903275 1.000000000000019 17.300000000000015
    vertex 49.78492799257282 0.5050252535410334 17.300000000000015
    vertex 50.27990273903276 1.000000000000017 17.300000000000015
  endloop
endfacet
facet normal 1.0071308866242485e-15 8.326672684688573e-17 1.0
  outer loop
    vertex 47.27990273903277 17.50000000000002 17.300000000000015
    vertex 48.279902739032764 16.500000000000018 17.300000000000015
    vertex 49.279902739032764 17.500000000000018 17.300000000000015
  endloop
endfacet
facet normal 1.0071308866242485e-15 8.326672684688573e-17 1.0
  outer loop
    vertex 48.279902739032764 16.500000000000018 17.300000000000015
    vertex 47.27990273903277 17.50000000000002 17.300000000000015
    vertex 48.27990273903275 1.000000000000019 17.300000000000015
  endloop
endfacet
facet normal 1.0071308866242485e-15 8.326672684688573e-17 1.0
  outer loop
    vertex 49.279902739032764 17.500000000000018 17.300000000000015
    vertex 48.279902739032764 16.500000000000018 17.300000000000015
    vertex 50.279902739032764 16.500000000000018 17.30000000000001
  endloop
endfacet
facet normal 0.0046861037758006 -0.9999890201554228 7.85462927406312e-17
  outer loop
    vertex 49.29058299029486 0.009422359773433392 17.300000000000015
    vertex 47.27990273903275 2.0405475453030813e-14 16.80000000000002
    vertex 49.29058299029486 0.00942235977343335 16.80000000000002
  endloop
endfacet
facet normal 0.0046861037758006 -0.9999890201554228 7.85462927406312e-17
  outer loop
    vertex 47.27990273903275 2.0405475453030813e-14 16.80000000000002
    vertex 49.29058299029486 0.009422359773433392 17.300000000000015
    vertex 47.27990273903275 2.0447108816454257e-14 17.300000000000015
  endloop
endfacet
facet normal 0.7080047049900706 -0.7062077156983795 -6.542498013105692e-16
  outer loop
    vertex 49.78492799257282 0.5050252535410334 16.800000000000015
    vertex 49.29058299029486 0.009422359773433392 17.300000000000015
    vertex 49.29058299029486 0.00942235977343335 16.80000000000002
  endloop
endfacet
facet normal 0.7080047049900706 -0.7062077156983795 -6.542498013105692e-16
  outer loop
    vertex 49.29058299029486 0.009422359773433392 17.300000000000015
    vertex 49.78492799257282 0.5050252535410334 16.800000000000015
    vertex 49.78492799257282 0.5050252535410334 17.300000000000015
  endloop
endfacet
facet normal 0.7071067811858698 -0.7071067811872253 -6.532706122730462e-16
  outer loop
    vertex 50.27990273903276 1.000000000000017 17.300000000000015
    vertex 49.78492799257282 0.5050252535410334 16.800000000000015
    vertex 50.27990273903276 1.000000000000017 16.800000000000015
  endloop
endfacet
facet normal 0.7071067811858698 -0.7071067811872253 -6.532706122730462e-16
  outer loop
    vertex 49.78492799257282 0.5050252535410334 16.800000000000015
    vertex 50.27990273903276 1.000000000000017 17.300000000000015
    vertex 49.78492799257282 0.5050252535410334 17.300000000000015
  endloop
endfacet
endsolid Korry19x19_button_v5
