solid Korry19x19_button_v5
facet normal 0.9238795325113023 0.3826834323650526 -3.780992566074449e-15
  outer loop
    vertex 105.5135254576477 9.49999999999999 15.800000000000011
    vertex 105.61707884824096 9.24999999999999 16.29999999999996
    vertex 105.61707884824096 9.24999999999999 15.800000000000011
  endloop
endfacet
facet normal 0.9238795325113023 0.3826834323650526 -3.780992566074449e-15
  outer loop
    vertex 105.61707884824096 9.24999999999999 16.29999999999996
    vertex 105.5135254576477 9.49999999999999 15.800000000000011
    vertex 105.5135254576477 9.499999999999998 16.29999999999996
  endloop
endfacet
facet normal -0.3826834323651002 0.9238795325112825 -1.1889684440226757e-18
  outer loop
    vertex 103.46448735197104 10.04903810567665 16.29999999999996
    vertex 103.82625878431726 10.198888739433594 15.800000000000013
    vertex 103.46448735197104 10.04903810567665 15.800000000000013
  endloop
endfacet
facet normal -0.3826834323651002 0.9238795325112825 -1.1889684440226757e-18
  outer loop
    vertex 103.82625878431726 10.198888739433594 15.800000000000013
    vertex 103.46448735197104 10.04903810567665 16.29999999999996
    vertex 103.82625878431726 10.198888739433595 16.299999999999965
  endloop
endfacet
facet normal 0.6087614290087388 0.7933533402912213 -1.0996642818542638e-14
  outer loop
    vertex 104.96448735197104 10.049038105676647 15.800000000000013
    vertex 105.2751475237509 9.810660171779777 16.29999999999996
    vertex 105.27514752375086 9.81066017177981 15.800000000000011
  endloop
endfacet
facet normal 0.6087614290087388 0.7933533402912213 -1.0996642818542638e-14
  outer loop
    vertex 105.2751475237509 9.810660171779777 16.29999999999996
    vertex 104.96448735197104 10.049038105676647 15.800000000000013
    vertex 104.96448735197107 10.049038105676642 16.29999999999996
  endloop
endfacet
facet normal 1.0 -1.0071308866242491e-15 -1.0071308866242485e-15
  outer loop
    vertex 100.21448735197104 9.249999999999995 10.800000000000017
    vertex 100.21448735197104 8.249999999999995 15.800000000000017
    vertex 100.21448735197104 8.249999999999995 10.800000000000017
  endloop
endfacet
facet normal 1.0 -1.0071308866242491e-15 -1.0071308866242485e-15
  outer loop
    vertex 100.21448735197104 8.249999999999995 15.800000000000017
    vertex 100.21448735197104 9.249999999999995 10.800000000000017
    vertex 100.21448735197104 9.249999999999995 15.800000000000017
  endloop
endfacet
facet normal -1.0071970435460085e-15 -4.8042582852913933e-17 -1.0
  outer loop
    vertex 100.21448735197104 9.249999999999995 10.800000000000017
    vertex 97.46448735197103 8.249999999999998 10.800000000000022
    vertex 97.46448735197103 9.249999999999996 10.800000000000022
  endloop
endfacet
facet normal -1.0071970435460085e-15 -4.8042582852913933e-17 -1.0
  outer loop
    vertex 97.46448735197103 8.249999999999998 10.800000000000022
    vertex 100.21448735197104 9.249999999999995 10.800000000000017
    vertex 100.21448735197104 8.249999999999995 10.800000000000017
  endloop
endfacet
facet normal -1.0071970435460085e-15 -4.8042582852913933e-17 -1.0
  outer loop
    vertex 97.46448735197104 17.499999999999996 10.800000000000022
    vertex 97.46448735197103 9.249999999999996 10.800000000000022
    vertex 95.46448735197104 17.5 10.800000000000022
  endloop
endfacet
facet normal -1.0071970435460085e-15 -4.8042582852913933e-17 -1.0
  outer loop
    vertex 97.46448735197103 9.249999999999996 10.800000000000022
    vertex 97.46448735197104 17.499999999999996 10.800000000000022
    vertex 97.46448735197104 15.499999999999995 10.800000000000022
  endloop
endfacet
facet normal -1.0071970435460085e-15 -4.8042582852913933e-17 -1.0
  outer loop
    vertex 97.46448735197104 15.499999999999995 10.800000000000022
    vertex 97.46448735197104 17.499999999999996 10.800000000000022
    vertex 98.46448735197106 16.499999999999996 10.800000000000017
  endloop
endfacet
facet normal -1.0071970435460085e-15 -4.8042582852913933e-17 -1.0
  outer loop
    vertex 97.46448735197104 15.499999999999995 10.800000000000022
    vertex 98.46448735197106 16.499999999999996 10.800000000000017
    vertex 110.96448735197106 15.499999999999982 10.800000000000006
  endloop
endfacet
facet normal -1.0071970435460085e-15 -4.8042582852913933e-17 -1.0
  outer loop
    vertex 110.96448735197106 15.499999999999982 10.800000000000006
    vertex 98.46448735197106 16.499999999999996 10.800000000000017
    vertex 100.46448735197106 16.499999999999993 10.800000000000017
  endloop
endfacet
facet normal -1.0071970435460085e-15 -4.8042582852913933e-17 -1.0
  outer loop
    vertex 110.96448735197106 15.499999999999982 10.800000000000006
    vertex 100.46448735197106 16.499999999999993 10.800000000000017
    vertex 101.46448735197104 17.499999999999993 10.800000000000017
  endloop
endfacet
facet normal -1.0071970435460085e-15 -4.8042582852913933e-17 -1.0
  outer loop
    vertex 110.96448735197106 15.499999999999982 10.800000000000006
    vertex 101.46448735197104 17.499999999999993 10.800000000000017
    vertex 107.96448735197104 16.499999999999986 10.800000000000011
  endloop
endfacet
facet normal -1.0071970435460085e-15 -4.8042582852913933e-17 -1.0
  outer loop
    vertex 107.96448735197104 16.499999999999986 10.800000000000011
    vertex 101.46448735197104 17.499999999999993 10.800000000000017
    vertex 106.96448735197104 17.49999999999999 10.800000000000011
  endloop
endfacet
facet normal -1.0071970435460085e-15 -4.8042582852913933e-17 -1.0
  outer loop
    vertex 110.96448735197106 15.499999999999982 10.800000000000006
    vertex 107.96448735197104 16.499999999999986 10.800000000000011
    vertex 109.96448735197106 16.499999999999982 10.800000000000006
  endloop
endfacet
facet normal -1.0071970435460085e-15 -4.8042582852913933e-17 -1.0
  outer loop
    vertex 110.96448735197106 15.499999999999982 10.800000000000006
    vertex 109.96448735197106 16.499999999999982 10.800000000000006
    vertex 110.96448735197106 17.499999999999986 10.800000000000006
  endloop
endfacet
facet normal -1.0071970435460085e-15 -4.8042582852913933e-17 -1.0
  outer loop
    vertex 110.96448735197106 15.499999999999982 10.800000000000006
    vertex 110.96448735197106 17.499999999999986 10.800000000000006
    vertex 112.96448735197106 17.499999999999982 10.800000000000006
  endloop
endfacet
facet normal -1.0071970435460085e-15 -4.8042582852913933e-17 -1.0
  outer loop
    vertex 110.96448735197106 15.499999999999982 10.800000000000006
    vertex 112.96448735197106 17.499999999999982 10.800000000000006
    vertex 112.96448735197103 -1.9749373894405866e-14 10.800000000000006
  endloop
endfacet
facet normal -1.0071970435460085e-15 -4.8042582852913933e-17 -1.0
  outer loop
    vertex 110.96448735197103 9.249999999999982 10.800000000000006
    vertex 108.21448735197103 8.249999999999986 10.800000000000011
    vertex 108.21448735197103 9.249999999999986 10.800000000000011
  endloop
endfacet
facet normal -1.0071970435460085e-15 -4.8042582852913933e-17 -1.0
  outer loop
    vertex 108.21448735197103 8.249999999999986 10.800000000000011
    vertex 110.96448735197103 9.249999999999982 10.800000000000006
    vertex 110.96448735197103 8.249999999999984 10.800000000000006
  endloop
endfacet
facet normal -1.0071970435460085e-15 -4.8042582852913933e-17 -1.0
  outer loop
    vertex 110.96448735197103 8.249999999999984 10.800000000000006
    vertex 110.96448735197103 9.249999999999982 10.800000000000006
    vertex 110.96448735197106 15.499999999999982 10.800000000000006
  endloop
endfacet
facet normal -1.0071970435460085e-15 -4.8042582852913933e-17 -1.0
  outer loop
    vertex 110.96448735197103 8.249999999999984 10.800000000000006
    vertex 110.96448735197106 15.499999999999982 10.800000000000006
    vertex 110.96448735197103 1.9999999999999827 10.800000000000006
  endloop
endfacet
facet normal -1.0071970435460085e-15 -4.8042582852913933e-17 -1.0
  outer loop
    vertex 110.96448735197103 1.9999999999999827 10.800000000000006
    vertex 110.96448735197106 15.499999999999982 10.800000000000006
    vertex 110.96448735197103 -1.736123385443329e-14 10.800000000000006
  endloop
endfacet
facet normal -1.0071970435460085e-15 -4.8042582852913933e-17 -1.0
  outer loop
    vertex 110.96448735197103 -1.736123385443329e-14 10.800000000000006
    vertex 110.96448735197106 15.499999999999982 10.800000000000006
    vertex 112.96448735197103 -1.9749373894405866e-14 10.800000000000006
  endloop
endfacet
facet normal -1.0071970435460085e-15 -4.8042582852913933e-17 -1.0
  outer loop
    vertex 95.46448735197104 17.5 10.800000000000022
    vertex 97.47453785831753 0.005025253161791609 10.800000000000022
    vertex 95.46448735197104 -7.146001372075596e-16 10.800000000000022
  endloop
endfacet
facet normal -1.0071970435460085e-15 -4.8042582852913933e-17 -1.0
  outer loop
    vertex 97.47453785831753 0.005025253161791609 10.800000000000022
    vertex 95.46448735197104 17.5 10.800000000000022
    vertex 97.46448735197103 1.9999999999999978 10.800000000000022
  endloop
endfacet
facet normal -1.0071970435460085e-15 -4.8042582852913933e-17 -1.0
  outer loop
    vertex 97.46448735197103 1.9999999999999978 10.800000000000022
    vertex 95.46448735197104 17.5 10.800000000000022
    vertex 97.46448735197103 9.249999999999996 10.800000000000022
  endloop
endfacet
facet normal -1.0071970435460085e-15 -4.8042582852913933e-17 -1.0
  outer loop
    vertex 97.46448735197103 1.9999999999999978 10.800000000000022
    vertex 97.46448735197103 9.249999999999996 10.800000000000022
    vertex 97.46448735197103 8.249999999999998 10.800000000000022
  endloop
endfacet
facet normal -1.0071970435460085e-15 -4.8042582852913933e-17 -1.0
  outer loop
    vertex 97.47453785831753 0.005025253161791609 10.800000000000022
    vertex 97.46448735197103 1.9999999999999978 10.800000000000022
    vertex 98.46448735197103 0.999999999999996 10.800000000000017
  endloop
endfacet
facet normal -1.0071970435460085e-15 -4.8042582852913933e-17 -1.0
  outer loop
    vertex 98.46448735197103 0.999999999999996 10.800000000000017
    vertex 97.46448735197103 1.9999999999999978 10.800000000000022
    vertex 110.96448735197103 1.9999999999999827 10.800000000000006
  endloop
endfacet
facet normal -1.0071970435460085e-15 -4.8042582852913933e-17 -1.0
  outer loop
    vertex 97.47453785831753 0.005025253161791609 10.800000000000022
    vertex 98.46448735197103 0.999999999999996 10.800000000000017
    vertex 97.96951261119244 0.5025126326520974 10.800000000000022
  endloop
endfacet
facet normal -1.0071970435460085e-15 -4.8042582852913933e-17 -1.0
  outer loop
    vertex 98.46448735197103 0.999999999999996 10.800000000000017
    vertex 110.96448735197103 1.9999999999999827 10.800000000000006
    vertex 100.46448735197103 0.9999999999999941 10.800000000000017
  endloop
endfacet
facet normal -1.0071970435460085e-15 -4.8042582852913933e-17 -1.0
  outer loop
    vertex 100.46448735197103 0.9999999999999941 10.800000000000017
    vertex 110.96448735197103 1.9999999999999827 10.800000000000006
    vertex 101.46448735197104 -7.256667688811778e-15 10.800000000000017
  endloop
endfacet
facet normal -1.0071970435460085e-15 -4.8042582852913933e-17 -1.0
  outer loop
    vertex 101.46448735197104 -7.256667688811778e-15 10.800000000000017
    vertex 110.96448735197103 1.9999999999999827 10.800000000000006
    vertex 107.96448735197104 0.9999999999999855 10.800000000000011
  endloop
endfacet
facet normal -1.0071970435460085e-15 -4.8042582852913933e-17 -1.0
  outer loop
    vertex 101.46448735197104 -7.256667688811778e-15 10.800000000000017
    vertex 107.96448735197104 0.9999999999999855 10.800000000000011
    vertex 106.96448735197104 -1.3706588574660369e-14 10.800000000000011
  endloop
endfacet
facet normal -1.0071970435460085e-15 -4.8042582852913933e-17 -1.0
  outer loop
    vertex 107.96448735197104 0.9999999999999855 10.800000000000011
    vertex 110.96448735197103 1.9999999999999827 10.800000000000006
    vertex 109.96448735197103 0.9999999999999833 10.800000000000006
  endloop
endfacet
facet normal -1.0071970435460085e-15 -4.8042582852913933e-17 -1.0
  outer loop
    vertex 109.96448735197103 0.9999999999999833 10.800000000000006
    vertex 110.96448735197103 1.9999999999999827 10.800000000000006
    vertex 110.96448735197103 -1.736123385443329e-14 10.800000000000006
  endloop
endfacet
facet normal 0.7933533402912218 -0.6087614290087379 -8.648243394132828e-16
  outer loop
    vertex 105.27514752375086 7.689339828220168 15.800000000000011
    vertex 105.5135254576477 7.999999999999991 16.299999999999958
    vertex 105.27514752375086 7.689339828220166 16.299999999999958
  endloop
endfacet
facet normal 0.7933533402912218 -0.6087614290087379 -8.648243394132828e-16
  outer loop
    vertex 105.5135254576477 7.999999999999991 16.299999999999958
    vertex 105.27514752375086 7.689339828220168 15.800000000000011
    vertex 105.5135254576477 7.999999999999989 15.800000000000011
  endloop
endfacet
facet normal -1.0071308866242485e-15 -8.326672684688573e-17 -1.0
  outer loop
    vertex 102.81189585570112 9.249999999999993 15.800000000000013
    vertex 100.21448735197104 8.249999999999995 15.800000000000017
    vertex 100.21448735197104 9.249999999999995 15.800000000000017
  endloop
endfacet
facet normal -1.0071308866242485e-15 -8.326672684688573e-17 -1.0
  outer loop
    vertex 100.21448735197104 8.249999999999995 15.800000000000017
    vertex 102.81189585570112 9.249999999999993 15.800000000000013
    vertex 102.81189585570112 8.249999999999993 15.800000000000013
  endloop
endfacet
facet normal -1.0071308866242485e-15 -8.326672684688573e-17 -1.0
  outer loop
    vertex 102.81189585570112 8.249999999999993 15.800000000000013
    vertex 102.81189585570112 9.249999999999993 15.800000000000013
    vertex 102.91544924629439 9.499999999999993 15.800000000000013
  endloop
endfacet
facet normal -1.0071308866242485e-15 -8.326672684688573e-17 -1.0
  outer loop
    vertex 102.81189585570112 8.249999999999993 15.800000000000013
    vertex 102.91544924629439 9.499999999999993 15.800000000000013
    vertex 102.91544924629439 7.999999999999991 15.800000000000013
  endloop
endfacet
facet normal -1.0071308866242485e-15 -8.326672684688573e-17 -1.0
  outer loop
    vertex 102.91544924629439 7.999999999999991 15.800000000000013
    vertex 102.91544924629439 9.499999999999993 15.800000000000013
    vertex 103.15382718019123 9.810660171779812 15.800000000000013
  endloop
endfacet
facet normal -1.0071308866242485e-15 -8.326672684688573e-17 -1.0
  outer loop
    vertex 102.91544924629439 7.999999999999991 15.800000000000013
    vertex 103.15382718019123 9.810660171779812 15.800000000000013
    vertex 103.15382718019121 7.68933982822017 15.800000000000013
  endloop
endfacet
facet normal -1.0071308866242485e-15 -8.326672684688573e-17 -1.0
  outer loop
    vertex 103.15382718019121 7.68933982822017 15.800000000000013
    vertex 103.15382718019123 9.810660171779812 15.800000000000013
    vertex 103.46448735197104 7.450961894323334 15.800000000000013
  endloop
endfacet
facet normal -1.0071308866242485e-15 -8.326672684688573e-17 -1.0
  outer loop
    vertex 103.46448735197104 7.450961894323334 15.800000000000013
    vertex 103.15382718019123 9.810660171779812 15.800000000000013
    vertex 103.46448735197104 10.04903810567665 15.800000000000013
  endloop
endfacet
facet normal -1.0071308866242485e-15 -8.326672684688573e-17 -1.0
  outer loop
    vertex 103.46448735197104 7.450961894323334 15.800000000000013
    vertex 103.46448735197104 10.04903810567665 15.800000000000013
    vertex 103.82625878431726 10.198888739433594 15.800000000000013
  endloop
endfacet
facet normal -1.0071308866242485e-15 -8.326672684688573e-17 -1.0
  outer loop
    vertex 103.46448735197104 7.450961894323334 15.800000000000013
    vertex 103.82625878431726 10.198888739433594 15.800000000000013
    vertex 103.82625878431726 7.301111260566389 15.800000000000013
  endloop
endfacet
facet normal -1.0071308866242485e-15 -8.326672684688573e-17 -1.0
  outer loop
    vertex 103.82625878431726 7.301111260566389 15.800000000000013
    vertex 103.82625878431726 10.198888739433594 15.800000000000013
    vertex 104.21448735197103 10.24999999999999 15.800000000000013
  endloop
endfacet
facet normal -1.0071308866242485e-15 -8.326672684688573e-17 -1.0
  outer loop
    vertex 103.82625878431726 7.301111260566389 15.800000000000013
    vertex 104.21448735197103 10.24999999999999 15.800000000000013
    vertex 104.21448735197103 7.249999999999989 15.800000000000013
  endloop
endfacet
facet normal -1.0071308866242485e-15 -8.326672684688573e-17 -1.0
  outer loop
    vertex 104.21448735197103 7.249999999999989 15.800000000000013
    vertex 104.21448735197103 10.24999999999999 15.800000000000013
    vertex 104.60271591962484 10.198888739433592 15.800000000000013
  endloop
endfacet
facet normal -1.0071308866242485e-15 -8.326672684688573e-17 -1.0
  outer loop
    vertex 104.21448735197103 7.249999999999989 15.800000000000013
    vertex 104.60271591962484 10.198888739433592 15.800000000000013
    vertex 104.60271591962481 7.301111260566387 15.800000000000013
  endloop
endfacet
facet normal -1.0071308866242485e-15 -8.326672684688573e-17 -1.0
  outer loop
    vertex 104.60271591962481 7.301111260566387 15.800000000000013
    vertex 104.60271591962484 10.198888739433592 15.800000000000013
    vertex 104.96448735197104 7.4509618943233304 15.800000000000013
  endloop
endfacet
facet normal -1.0071308866242485e-15 -8.326672684688573e-17 -1.0
  outer loop
    vertex 104.96448735197104 7.4509618943233304 15.800000000000013
    vertex 104.60271591962484 10.198888739433592 15.800000000000013
    vertex 104.96448735197104 10.049038105676647 15.800000000000013
  endloop
endfacet
facet normal -1.0071308866242485e-15 -8.326672684688573e-17 -1.0
  outer loop
    vertex 104.96448735197104 7.4509618943233304 15.800000000000013
    vertex 104.96448735197104 10.049038105676647 15.800000000000013
    vertex 105.27514752375086 9.81066017177981 15.800000000000011
  endloop
endfacet
facet normal -1.0071308866242485e-15 -8.326672684688573e-17 -1.0
  outer loop
    vertex 104.96448735197104 7.4509618943233304 15.800000000000013
    vertex 105.27514752375086 9.81066017177981 15.800000000000011
    vertex 105.27514752375086 7.689339828220168 15.800000000000011
  endloop
endfacet
facet normal -1.0071308866242485e-15 -8.326672684688573e-17 -1.0
  outer loop
    vertex 105.27514752375086 7.689339828220168 15.800000000000011
    vertex 105.27514752375086 9.81066017177981 15.800000000000011
    vertex 105.5135254576477 9.49999999999999 15.800000000000011
  endloop
endfacet
facet normal -1.0071308866242485e-15 -8.326672684688573e-17 -1.0
  outer loop
    vertex 105.27514752375086 7.689339828220168 15.800000000000011
    vertex 105.5135254576477 9.49999999999999 15.800000000000011
    vertex 105.5135254576477 7.999999999999989 15.800000000000011
  endloop
endfacet
facet normal -1.0071308866242485e-15 -8.326672684688573e-17 -1.0
  outer loop
    vertex 105.5135254576477 7.999999999999989 15.800000000000011
    vertex 105.5135254576477 9.49999999999999 15.800000000000011
    vertex 105.61707884824096 9.24999999999999 15.800000000000011
  endloop
endfacet
facet normal -1.0071308866242485e-15 -8.326672684688573e-17 -1.0
  outer loop
    vertex 105.5135254576477 7.999999999999989 15.800000000000011
    vertex 105.61707884824096 9.24999999999999 15.800000000000011
    vertex 105.61707884824096 8.24999999999999 15.800000000000011
  endloop
endfacet
facet normal -1.0071308866242485e-15 -8.326672684688573e-17 -1.0
  outer loop
    vertex 105.61707884824096 8.24999999999999 15.800000000000011
    vertex 105.61707884824096 9.24999999999999 15.800000000000011
    vertex 108.21448735197104 9.249999999999988 15.800000000000008
  endloop
endfacet
facet normal -1.0071308866242485e-15 -8.326672684688573e-17 -1.0
  outer loop
    vertex 105.61707884824096 8.24999999999999 15.800000000000011
    vertex 108.21448735197104 9.249999999999988 15.800000000000008
    vertex 108.21448735197104 8.249999999999988 15.800000000000008
  endloop
endfacet
facet normal 0.13052619222005282 -0.9914448613738103 -2.9444561709297456e-15
  outer loop
    vertex 104.60271591962481 7.301111260566386 16.29999999999996
    vertex 104.21448735197103 7.249999999999989 15.800000000000013
    vertex 104.60271591962481 7.301111260566387 15.800000000000013
  endloop
endfacet
facet normal 0.13052619222005282 -0.9914448613738103 -2.9444561709297456e-15
  outer loop
    vertex 104.21448735197103 7.249999999999989 15.800000000000013
    vertex 104.60271591962481 7.301111260566386 16.29999999999996
    vertex 104.21448735197106 7.249999999999991 16.29999999999996
  endloop
endfacet
facet normal -0.6087614290086979 -0.7933533402912526 1.0995475693989324e-14
  outer loop
    vertex 103.46448735197107 7.450961894323325 16.29999999999996
    vertex 103.15382718019121 7.68933982822017 15.800000000000013
    vertex 103.46448735197104 7.450961894323334 15.800000000000013
  endloop
endfacet
facet normal -0.6087614290086979 -0.7933533402912526 1.0995475693989324e-14
  outer loop
    vertex 103.15382718019121 7.68933982822017 15.800000000000013
    vertex 103.46448735197107 7.450961894323325 16.29999999999996
    vertex 103.15382718019126 7.68933982822014 16.29999999999996
  endloop
endfacet
facet normal 0.9238795325112983 -0.3826834323650617 -5.353617792671971e-16
  outer loop
    vertex 105.61707884824096 8.24999999999999 15.800000000000011
    vertex 105.5135254576477 7.999999999999991 16.299999999999958
    vertex 105.5135254576477 7.999999999999989 15.800000000000011
  endloop
endfacet
facet normal 0.9238795325112983 -0.3826834323650617 -5.353617792671971e-16
  outer loop
    vertex 105.5135254576477 7.999999999999991 16.299999999999958
    vertex 105.61707884824096 8.24999999999999 15.800000000000011
    vertex 105.61707884824096 8.249999999999986 16.299999999999958
  endloop
endfacet
facet normal -0.7933533402912212 0.6087614290087388 -3.430382624245899e-15
  outer loop
    vertex 103.15382718019123 9.810660171779817 16.299999999999965
    vertex 102.91544924629439 9.499999999999993 15.800000000000013
    vertex 102.91544924629439 9.499999999999993 16.299999999999965
  endloop
endfacet
facet normal -0.7933533402912212 0.6087614290087388 -3.430382624245899e-15
  outer loop
    vertex 102.91544924629439 9.499999999999993 15.800000000000013
    vertex 103.15382718019123 9.810660171779817 16.299999999999965
    vertex 103.15382718019123 9.810660171779812 15.800000000000013
  endloop
endfacet
facet normal 0.3826834323650956 0.9238795325112844 -5.529293524716315e-15
  outer loop
    vertex 104.60271591962486 10.198888739433583 16.299999999999965
    vertex 104.96448735197104 10.049038105676647 15.800000000000013
    vertex 104.60271591962484 10.198888739433592 15.800000000000013
  endloop
endfacet
facet normal 0.3826834323650956 0.9238795325112844 -5.529293524716315e-15
  outer loop
    vertex 104.96448735197104 10.049038105676647 15.800000000000013
    vertex 104.60271591962486 10.198888739433583 16.299999999999965
    vertex 104.96448735197107 10.049038105676642 16.29999999999996
  endloop
endfacet
facet normal 0.38268343236508445 -0.923879532511289 3.916633963539277e-15
  outer loop
    vertex 104.96448735197104 7.450961894323337 16.299999999999958
    vertex 104.60271591962481 7.301111260566387 15.800000000000013
    vertex 104.96448735197104 7.4509618943233304 15.800000000000013
  endloop
endfacet
facet normal 0.38268343236508445 -0.923879532511289 3.916633963539277e-15
  outer loop
    vertex 104.60271591962481 7.301111260566387 15.800000000000013
    vertex 104.96448735197104 7.450961894323337 16.299999999999958
    vertex 104.60271591962481 7.301111260566386 16.29999999999996
  endloop
endfacet
facet normal -0.3826834323651017 -0.9238795325112817 3.323769689318509e-16
  outer loop
    vertex 103.82625878431728 7.301111260566379 16.29999999999996
    vertex 103.46448735197104 7.450961894323334 15.800000000000013
    vertex 103.82625878431726 7.301111260566389 15.800000000000013
  endloop
endfacet
facet normal -0.3826834323651017 -0.9238795325112817 3.323769689318509e-16
  outer loop
    vertex 103.46448735197104 7.450961894323334 15.800000000000013
    vertex 103.82625878431728 7.301111260566379 16.29999999999996
    vertex 103.46448735197107 7.450961894323325 16.29999999999996
  endloop
endfacet
facet normal -0.7933533402912345 -0.6087614290087214 1.8635535985488376e-14
  outer loop
    vertex 102.91544924629439 7.999999999999992 16.299999999999965
    vertex 103.15382718019121 7.68933982822017 15.800000000000013
    vertex 103.15382718019126 7.68933982822014 16.29999999999996
  endloop
endfacet
facet normal -0.7933533402912345 -0.6087614290087214 1.8635535985488376e-14
  outer loop
    vertex 103.15382718019121 7.68933982822017 15.800000000000013
    vertex 102.91544924629439 7.999999999999992 16.299999999999965
    vertex 102.91544924629439 7.999999999999991 15.800000000000013
  endloop
endfacet
facet normal -0.9238795325113007 -0.3826834323650562 5.420538015080202e-16
  outer loop
    vertex 102.91544924629439 7.999999999999992 16.299999999999965
    vertex 102.81189585570112 8.249999999999993 15.800000000000013
    vertex 102.91544924629439 7.999999999999991 15.800000000000013
  endloop
endfacet
facet normal -0.9238795325113007 -0.3826834323650562 5.420538015080202e-16
  outer loop
    vertex 102.81189585570112 8.249999999999993 15.800000000000013
    vertex 102.91544924629439 7.999999999999992 16.299999999999965
    vertex 102.81189585570112 8.249999999999993 16.299999999999965
  endloop
endfacet
facet normal -0.9238795325112996 0.38268343236505914 0.0
  outer loop
    vertex 102.91544924629439 9.499999999999993 16.299999999999965
    vertex 102.81189585570112 9.249999999999993 15.800000000000013
    vertex 102.81189585570112 9.249999999999993 16.299999999999965
  endloop
endfacet
facet normal -0.9238795325112996 0.38268343236505914 0.0
  outer loop
    vertex 102.81189585570112 9.249999999999993 15.800000000000013
    vertex 102.91544924629439 9.499999999999993 16.299999999999965
    vertex 102.91544924629439 9.499999999999993 15.800000000000013
  endloop
endfacet
facet normal -0.13052619222004203 -0.9914448613738118 -2.4980995594203917e-15
  outer loop
    vertex 104.21448735197106 7.249999999999991 16.29999999999996
    vertex 103.82625878431726 7.301111260566389 15.800000000000013
    vertex 104.21448735197103 7.249999999999989 15.800000000000013
  endloop
endfacet
facet normal -0.13052619222004203 -0.9914448613738118 -2.4980995594203917e-15
  outer loop
    vertex 103.82625878431726 7.301111260566389 15.800000000000013
    vertex 104.21448735197106 7.249999999999991 16.29999999999996
    vertex 103.82625878431728 7.301111260566379 16.29999999999996
  endloop
endfacet
facet normal -0.6087614290087255 0.7933533402912315 -3.348583181153025e-15
  outer loop
    vertex 103.15382718019123 9.810660171779817 16.299999999999965
    vertex 103.46448735197104 10.04903810567665 15.800000000000013
    vertex 103.15382718019123 9.810660171779812 15.800000000000013
  endloop
endfacet
facet normal -0.6087614290087255 0.7933533402912315 -3.348583181153025e-15
  outer loop
    vertex 103.46448735197104 10.04903810567665 15.800000000000013
    vertex 103.15382718019123 9.810660171779817 16.299999999999965
    vertex 103.46448735197104 10.04903810567665 16.29999999999996
  endloop
endfacet
facet normal -0.1305261922200473 0.9914448613738109 -1.3956681303421124e-15
  outer loop
    vertex 103.82625878431726 10.198888739433595 16.299999999999965
    vertex 104.21448735197103 10.24999999999999 15.800000000000013
    vertex 103.82625878431726 10.198888739433594 15.800000000000013
  endloop
endfacet
facet normal -0.1305261922200473 0.9914448613738109 -1.3956681303421124e-15
  outer loop
    vertex 104.21448735197103 10.24999999999999 15.800000000000013
    vertex 103.82625878431726 10.198888739433595 16.299999999999965
    vertex 104.21448735197103 10.24999999999999 16.299999999999965
  endloop
endfacet
facet normal 0.13052619222005207 0.9914448613738105 5.442555730349625e-15
  outer loop
    vertex 104.21448735197103 10.24999999999999 16.299999999999965
    vertex 104.60271591962484 10.198888739433592 15.800000000000013
    vertex 104.21448735197103 10.24999999999999 15.800000000000013
  endloop
endfacet
facet normal 0.13052619222005207 0.9914448613738105 5.442555730349625e-15
  outer loop
    vertex 104.60271591962484 10.198888739433592 15.800000000000013
    vertex 104.21448735197103 10.24999999999999 16.299999999999965
    vertex 104.60271591962486 10.198888739433583 16.299999999999965
  endloop
endfacet
facet normal -1.0 1.0071308866242491e-15 1.0071308866242485e-15
  outer loop
    vertex 108.21448735197104 8.249999999999988 15.800000000000008
    vertex 108.21448735197103 9.249999999999986 10.800000000000011
    vertex 108.21448735197103 8.249999999999986 10.800000000000011
  endloop
endfacet
facet normal -1.0 1.0071308866242491e-15 1.0071308866242485e-15
  outer loop
    vertex 108.21448735197103 9.249999999999986 10.800000000000011
    vertex 108.21448735197104 8.249999999999988 15.800000000000008
    vertex 108.21448735197104 9.249999999999988 15.800000000000008
  endloop
endfacet
facet normal 0.7933533402912277 0.6087614290087303 -2.034691540096839e-14
  outer loop
    vertex 105.27514752375086 9.81066017177981 15.800000000000011
    vertex 105.5135254576477 9.499999999999998 16.29999999999996
    vertex 105.5135254576477 9.49999999999999 15.800000000000011
  endloop
endfacet
facet normal 0.7933533402912277 0.6087614290087303 -2.034691540096839e-14
  outer loop
    vertex 105.5135254576477 9.499999999999998 16.29999999999996
    vertex 105.27514752375086 9.81066017177981 15.800000000000011
    vertex 105.2751475237509 9.810660171779777 16.29999999999996
  endloop
endfacet
facet normal 0.6087614290087244 -0.7933533402912323 2.2299165281169713e-15
  outer loop
    vertex 105.27514752375086 7.689339828220166 16.299999999999958
    vertex 104.96448735197104 7.4509618943233304 15.800000000000013
    vertex 105.27514752375086 7.689339828220168 15.800000000000011
  endloop
endfacet
facet normal 0.6087614290087244 -0.7933533402912323 2.2299165281169713e-15
  outer loop
    vertex 104.96448735197104 7.4509618943233304 15.800000000000013
    vertex 105.27514752375086 7.689339828220166 16.299999999999958
    vertex 104.96448735197104 7.450961894323337 16.299999999999958
  endloop
endfacet
facet normal 0.7086083414724299 -0.7056020173025713 0.00010758361509976937
  outer loop
    vertex 97.96951261119244 0.5025126326520974 10.800000000000022
    vertex 97.47457252131056 0.006676252983533729 16.299999999999958
    vertex 97.47453785831753 0.005025253161791609 10.800000000000022
  endloop
endfacet
facet normal 0.7086083414724299 -0.7056020173025713 0.00010758361509976937
  outer loop
    vertex 97.47457252131056 0.006676252983533729 16.299999999999958
    vertex 97.96951261119244 0.5025126326520974 10.800000000000022
    vertex 98.46448735197104 0.9999999999999966 16.299999999999958
  endloop
endfacet
facet normal 0.7086083414724299 -0.7056020173025713 0.00010758361509976937
  outer loop
    vertex 98.46448735197104 0.9999999999999966 16.299999999999958
    vertex 97.96951261119244 0.5025126326520974 10.800000000000022
    vertex 98.46448735197103 0.999999999999996 10.800000000000017
  endloop
endfacet
facet normal 0.0030057058333384777 -0.9999954761994095 0.00011538266622485413
  outer loop
    vertex 97.47457252131056 0.006676252983533729 16.299999999999958
    vertex 95.46448735197104 -7.146001372075596e-16 10.800000000000022
    vertex 97.47453785831753 0.005025253161791609 10.800000000000022
  endloop
endfacet
facet normal 0.0030057058333384777 -0.9999954761994095 0.00011538266622485413
  outer loop
    vertex 95.46448735197104 -7.146001372075596e-16 10.800000000000022
    vertex 97.47457252131056 0.006676252983533729 16.299999999999958
    vertex 95.46448735197104 -1.2133613222343896e-14 16.299999999999965
  endloop
endfacet
facet normal 0.0030057058333384777 -0.9999954761994095 0.00011538266622485413
  outer loop
    vertex 95.46448735197104 -1.2133613222343896e-14 16.299999999999965
    vertex 97.47457252131056 0.006676252983533729 16.299999999999958
    vertex 95.57244829127228 -1.2138212731865221e-14 16.299999999999965
  endloop
endfacet
facet normal 9.657346926178923e-16 -7.334005475584481e-16 1.0
  outer loop
    vertex 105.61707884824096 9.24999999999999 16.29999999999996
    vertex 102.91544924629439 9.499999999999993 16.299999999999965
    vertex 102.81189585570112 9.249999999999993 16.299999999999965
  endloop
endfacet
facet normal 9.657346926178923e-16 -7.334005475584481e-16 1.0
  outer loop
    vertex 102.91544924629439 9.499999999999993 16.299999999999965
    vertex 105.61707884824096 9.24999999999999 16.29999999999996
    vertex 103.15382718019123 9.810660171779817 16.299999999999965
  endloop
endfacet
facet normal 9.657346926178923e-16 -7.334005475584481e-16 1.0
  outer loop
    vertex 103.15382718019123 9.810660171779817 16.299999999999965
    vertex 105.61707884824096 9.24999999999999 16.29999999999996
    vertex 103.46448735197104 10.04903810567665 16.29999999999996
  endloop
endfacet
facet normal 9.657346926178923e-16 -7.334005475584481e-16 1.0
  outer loop
    vertex 103.46448735197104 10.04903810567665 16.29999999999996
    vertex 105.61707884824096 9.24999999999999 16.29999999999996
    vertex 103.82625878431726 10.198888739433595 16.299999999999965
  endloop
endfacet
facet normal 9.657346926178923e-16 -7.334005475584481e-16 1.0
  outer loop
    vertex 103.82625878431726 10.198888739433595 16.299999999999965
    vertex 105.61707884824096 9.24999999999999 16.29999999999996
    vertex 104.21448735197103 10.24999999999999 16.299999999999965
  endloop
endfacet
facet normal 9.657346926178923e-16 -7.334005475584481e-16 1.0
  outer loop
    vertex 104.21448735197103 10.24999999999999 16.299999999999965
    vertex 105.61707884824096 9.24999999999999 16.29999999999996
    vertex 104.60271591962486 10.198888739433583 16.299999999999965
  endloop
endfacet
facet normal 9.657346926178923e-16 -7.334005475584481e-16 1.0
  outer loop
    vertex 104.60271591962486 10.198888739433583 16.299999999999965
    vertex 105.61707884824096 9.24999999999999 16.29999999999996
    vertex 104.96448735197107 10.049038105676642 16.29999999999996
  endloop
endfacet
facet normal 9.657346926178923e-16 -7.334005475584481e-16 1.0
  outer loop
    vertex 104.96448735197107 10.049038105676642 16.29999999999996
    vertex 105.61707884824096 9.24999999999999 16.29999999999996
    vertex 105.2751475237509 9.810660171779777 16.29999999999996
  endloop
endfacet
facet normal 9.657346926178923e-16 -7.334005475584481e-16 1.0
  outer loop
    vertex 105.2751475237509 9.810660171779777 16.29999999999996
    vertex 105.61707884824096 9.24999999999999 16.29999999999996
    vertex 105.5135254576477 9.499999999999998 16.29999999999996
  endloop
endfacet
facet normal 1.851726642505703e-15 -4.881840601509521e-16 1.0
  outer loop
    vertex 102.91544924629439 7.999999999999992 16.299999999999965
    vertex 105.61707884824096 8.249999999999986 16.299999999999958
    vertex 102.81189585570112 8.249999999999993 16.299999999999965
  endloop
endfacet
facet normal 1.851726642505703e-15 -4.881840601509521e-16 1.0
  outer loop
    vertex 105.61707884824096 8.249999999999986 16.299999999999958
    vertex 102.91544924629439 7.999999999999992 16.299999999999965
    vertex 103.15382718019126 7.68933982822014 16.29999999999996
  endloop
endfacet
facet normal 1.851726642505703e-15 -4.881840601509521e-16 1.0
  outer loop
    vertex 105.61707884824096 8.249999999999986 16.299999999999958
    vertex 103.15382718019126 7.68933982822014 16.29999999999996
    vertex 103.46448735197107 7.450961894323325 16.29999999999996
  endloop
endfacet
facet normal 1.851726642505703e-15 -4.881840601509521e-16 1.0
  outer loop
    vertex 105.61707884824096 8.249999999999986 16.299999999999958
    vertex 103.46448735197107 7.450961894323325 16.29999999999996
    vertex 103.82625878431728 7.301111260566379 16.29999999999996
  endloop
endfacet
facet normal 1.851726642505703e-15 -4.881840601509521e-16 1.0
  outer loop
    vertex 105.61707884824096 8.249999999999986 16.299999999999958
    vertex 103.82625878431728 7.301111260566379 16.29999999999996
    vertex 104.21448735197106 7.249999999999991 16.29999999999996
  endloop
endfacet
facet normal 1.851726642505703e-15 -4.881840601509521e-16 1.0
  outer loop
    vertex 105.61707884824096 8.249999999999986 16.299999999999958
    vertex 104.21448735197106 7.249999999999991 16.29999999999996
    vertex 104.60271591962481 7.301111260566386 16.29999999999996
  endloop
endfacet
facet normal 1.851726642505703e-15 -4.881840601509521e-16 1.0
  outer loop
    vertex 105.61707884824096 8.249999999999986 16.299999999999958
    vertex 104.60271591962481 7.301111260566386 16.29999999999996
    vertex 104.96448735197104 7.450961894323337 16.299999999999958
  endloop
endfacet
facet normal 1.851726642505703e-15 -4.881840601509521e-16 1.0
  outer loop
    vertex 105.61707884824096 8.249999999999986 16.299999999999958
    vertex 104.96448735197104 7.450961894323337 16.299999999999958
    vertex 105.27514752375086 7.689339828220166 16.299999999999958
  endloop
endfacet
facet normal 1.851726642505703e-15 -4.881840601509521e-16 1.0
  outer loop
    vertex 105.61707884824096 8.249999999999986 16.299999999999958
    vertex 105.27514752375086 7.689339828220166 16.299999999999958
    vertex 105.5135254576477 7.999999999999991 16.299999999999958
  endloop
endfacet
facet normal 0.7071067811865446 0.7071067811865505 -4.15127481352063e-15
  outer loop
    vertex 106.96448735197106 17.50000000000001 17.300000000000004
    vertex 107.96448735197104 16.499999999999986 10.800000000000011
    vertex 106.96448735197104 17.49999999999999 10.800000000000011
  endloop
endfacet
facet normal 0.7071067811865446 0.7071067811865505 -4.15127481352063e-15
  outer loop
    vertex 107.96448735197104 16.499999999999986 10.800000000000011
    vertex 106.96448735197106 17.50000000000001 17.300000000000004
    vertex 107.96448735197106 16.500000000000007 17.3
  endloop
endfacet
facet normal -6.99678009205656e-16 -1.0 4.741892126524703e-16
  outer loop
    vertex 110.96448735197106 8.250000000000005 23.8
    vertex 104.21448735197106 8.250000000000014 21.800000000000004
    vertex 110.96448735197106 8.250000000000007 16.800000000000004
  endloop
endfacet
facet normal -6.99678009205656e-16 -1.0 4.741892126524703e-16
  outer loop
    vertex 109.91869367385229 8.25000000000001 26.38000000000001
    vertex 98.45142620696578 8.25000000000002 23.800000000000015
    vertex 109.91869367385229 8.250000000000005 23.800000000000004
  endloop
endfacet
facet normal -6.99678009205656e-16 -1.0 4.741892126524703e-16
  outer loop
    vertex 98.45142620696578 8.25000000000002 23.800000000000015
    vertex 109.91869367385229 8.25000000000001 26.38000000000001
    vertex 98.45142620696578 8.250000000000021 26.38000000000002
  endloop
endfacet
facet normal -6.99678009205656e-16 -1.0 4.741892126524703e-16
  outer loop
    vertex 104.21448735197106 8.250000000000014 21.800000000000004
    vertex 97.46448735197106 8.25000000000002 23.800000000000015
    vertex 97.46448735197107 8.250000000000018 16.80000000000002
  endloop
endfacet
facet normal -6.99678009205656e-16 -1.0 4.741892126524703e-16
  outer loop
    vertex 97.46448735197106 8.25000000000002 23.800000000000015
    vertex 104.21448735197106 8.250000000000014 21.800000000000004
    vertex 110.96448735197106 8.250000000000005 23.8
  endloop
endfacet
facet normal -6.99678009205656e-16 -1.0 4.741892126524703e-16
  outer loop
    vertex 97.46448735197106 8.25000000000002 23.800000000000015
    vertex 110.96448735197106 8.250000000000005 23.8
    vertex 109.91869367385229 8.250000000000005 23.800000000000004
  endloop
endfacet
facet normal -6.99678009205656e-16 -1.0 4.741892126524703e-16
  outer loop
    vertex 97.46448735197106 8.25000000000002 23.800000000000015
    vertex 109.91869367385229 8.250000000000005 23.800000000000004
    vertex 98.45142620696578 8.25000000000002 23.800000000000015
  endloop
endfacet
facet normal 1.0 -1.80477854883066e-15 -2.729880428410387e-15
  outer loop
    vertex 97.46448735197103 8.249999999999998 10.800000000000022
    vertex 97.46448735197104 2.0000000000000258 16.80000000000002
    vertex 97.46448735197103 1.9999999999999978 10.800000000000022
  endloop
endfacet
facet normal 1.0 -1.80477854883066e-15 -2.729880428410387e-15
  outer loop
    vertex 97.46448735197104 2.0000000000000258 16.80000000000002
    vertex 97.46448735197103 8.249999999999998 10.800000000000022
    vertex 97.46448735197107 8.250000000000018 16.80000000000002
  endloop
endfacet
facet normal -1.0 -1.6735838112449223e-30 4.0402230340473395e-15
  outer loop
    vertex 110.96448735197106 2.000000000000012 16.800000000000004
    vertex 110.96448735197103 8.249999999999984 10.800000000000006
    vertex 110.96448735197103 1.9999999999999827 10.800000000000006
  endloop
endfacet
facet normal -1.0 -1.6735838112449223e-30 4.0402230340473395e-15
  outer loop
    vertex 110.96448735197103 8.249999999999984 10.800000000000006
    vertex 110.96448735197106 2.000000000000012 16.800000000000004
    vertex 110.96448735197106 8.250000000000007 16.800000000000004
  endloop
endfacet
facet normal 1.0254423572901379e-15 1.0 -2.293099559864735e-15
  outer loop
    vertex 101.46448735197104 17.499999999999993 10.800000000000017
    vertex 106.96448735197106 17.50000000000001 17.300000000000004
    vertex 106.96448735197104 17.49999999999999 10.800000000000011
  endloop
endfacet
facet normal 1.0254423572901379e-15 1.0 -2.293099559864735e-15
  outer loop
    vertex 106.96448735197106 17.50000000000001 17.300000000000004
    vertex 101.46448735197104 17.499999999999993 10.800000000000017
    vertex 101.46448735197107 17.500000000000014 17.30000000000001
  endloop
endfacet
facet normal -1.0 1.074272945732532e-15 3.0301672755355066e-15
  outer loop
    vertex 95.46448735197104 2.0405475453030813e-14 16.80000000000002
    vertex 95.46448735197104 -7.146001372075596e-16 10.800000000000022
    vertex 95.46448735197104 -1.2133613222343896e-14 16.299999999999965
  endloop
endfacet
facet normal -1.0 1.074272945732532e-15 3.0301672755355066e-15
  outer loop
    vertex 95.46448735197104 -7.146001372075596e-16 10.800000000000022
    vertex 95.46448735197104 2.0405475453030813e-14 16.80000000000002
    vertex 95.46448735197104 17.5 10.800000000000022
  endloop
endfacet
facet normal -1.0 1.074272945732532e-15 3.0301672755355066e-15
  outer loop
    vertex 95.46448735197104 17.5 10.800000000000022
    vertex 95.46448735197104 2.0405475453030813e-14 16.80000000000002
    vertex 95.46448735197104 2.0447108816454257e-14 17.300000000000015
  endloop
endfacet
facet normal -1.0 1.074272945732532e-15 3.0301672755355066e-15
  outer loop
    vertex 95.46448735197104 17.5 10.800000000000022
    vertex 95.46448735197104 2.0447108816454257e-14 17.300000000000015
    vertex 95.46448735197107 17.50000000000002 17.300000000000015
  endloop
endfacet
facet normal -2.6964845375816238e-15 4.8794316207586546e-30 -1.0
  outer loop
    vertex 109.91869367385229 8.250000000000005 23.800000000000004
    vertex 110.96448735197106 2.0000000000000044 23.8
    vertex 109.91869367385226 2.0000000000000058 23.800000000000004
  endloop
endfacet
facet normal -2.6964845375816238e-15 4.8794316207586546e-30 -1.0
  outer loop
    vertex 110.96448735197106 2.0000000000000044 23.8
    vertex 109.91869367385229 8.250000000000005 23.800000000000004
    vertex 110.96448735197106 8.250000000000005 23.8
  endloop
endfacet
facet normal 1.091599928728218e-15 -1.5894278458683006e-30 1.0
  outer loop
    vertex 103.16687265173078 2.7408748734816815 26.80000000000001
    vertex 103.18292465071866 2.9999999999999067 26.80000000000001
    vertex 102.2967436031478 2.999999999999905 26.80000000000001
  endloop
endfacet
facet normal 1.091599928728218e-15 -1.5894278458683006e-30 1.0
  outer loop
    vertex 103.18292465071866 2.9999999999999067 26.80000000000001
    vertex 103.16687265173078 2.7408748734816815 26.80000000000001
    vertex 105.00395672308707 7.145764802631483 26.80000000000001
  endloop
endfacet
facet normal 1.091599928728218e-15 -1.5894278458683006e-30 1.0
  outer loop
    vertex 96.46448735197104 1.0000000000000198 26.80000000000002
    vertex 99.840392388573 2.999999999999904 26.800000000000026
    vertex 96.46448735197107 16.50000000000002 26.80000000000002
  endloop
endfacet
facet normal 1.091599928728218e-15 -1.5894278458683006e-30 1.0
  outer loop
    vertex 99.840392388573 2.999999999999904 26.800000000000026
    vertex 96.46448735197104 1.0000000000000198 26.80000000000002
    vertex 111.96448735197106 1.0000000000000044 26.8
  endloop
endfacet
facet normal 1.091599928728218e-15 -1.5894278458683006e-30 1.0
  outer loop
    vertex 96.46448735197107 16.50000000000002 26.80000000000002
    vertex 99.840392388573 2.999999999999904 26.800000000000026
    vertex 98.46448735197106 10.050000000000018 26.80000000000001
  endloop
endfacet
facet normal 1.091599928728218e-15 -1.5894278458683006e-30 1.0
  outer loop
    vertex 99.840392388573 2.999999999999904 26.800000000000026
    vertex 111.96448735197106 1.0000000000000044 26.8
    vertex 100.68766908391713 2.9999999999999067 26.80000000000001
  endloop
endfacet
facet normal 1.091599928728218e-15 -1.5894278458683006e-30 1.0
  outer loop
    vertex 100.68766908391713 2.9999999999999067 26.80000000000001
    vertex 111.96448735197106 1.0000000000000044 26.8
    vertex 103.16687265173078 2.7408748734816815 26.80000000000001
  endloop
endfacet
facet normal 1.091599928728218e-15 -1.5894278458683006e-30 1.0
  outer loop
    vertex 100.68766908391713 2.9999999999999067 26.80000000000001
    vertex 103.16687265173078 2.7408748734816815 26.80000000000001
    vertex 102.2967436031478 2.999999999999905 26.80000000000001
  endloop
endfacet
facet normal 1.091599928728218e-15 -1.5894278458683006e-30 1.0
  outer loop
    vertex 100.68766908391713 2.9999999999999067 26.80000000000001
    vertex 102.2967436031478 2.999999999999905 26.80000000000001
    vertex 100.98047968614381 4.106401821862254 26.80000000000001
  endloop
endfacet
facet normal 1.091599928728218e-15 -1.5894278458683006e-30 1.0
  outer loop
    vertex 100.98047968614381 4.106401821862254 26.80000000000001
    vertex 102.2967436031478 2.999999999999905 26.80000000000001
    vertex 101.99618376003042 4.106401821862253 26.80000000000001
  endloop
endfacet
facet normal 1.091599928728218e-15 -1.5894278458683006e-30 1.0
  outer loop
    vertex 103.16687265173078 2.7408748734816815 26.80000000000001
    vertex 111.96448735197106 1.0000000000000044 26.8
    vertex 104.0789108602328 2.7408748734816877 26.80000000000001
  endloop
endfacet
facet normal 1.091599928728218e-15 -1.5894278458683006e-30 1.0
  outer loop
    vertex 104.0789108602328 2.7408748734816877 26.80000000000001
    vertex 111.96448735197106 1.0000000000000044 26.8
    vertex 107.09913796043524 2.999999999999905 26.800000000000008
  endloop
endfacet
facet normal 1.091599928728218e-15 -1.5894278458683006e-30 1.0
  outer loop
    vertex 104.0789108602328 2.7408748734816877 26.80000000000001
    vertex 107.09913796043524 2.999999999999905 26.800000000000008
    vertex 106.0782545469737 6.295878669028248 26.800000000000008
  endloop
endfacet
facet normal 1.091599928728218e-15 -1.5894278458683006e-30 1.0
  outer loop
    vertex 104.0789108602328 2.7408748734816877 26.80000000000001
    vertex 106.0782545469737 6.295878669028248 26.800000000000008
    vertex 105.89270767197374 7.145764802631483 26.80000000000001
  endloop
endfacet
facet normal 1.091599928728218e-15 -1.5894278458683006e-30 1.0
  outer loop
    vertex 107.09913796043524 2.999999999999905 26.800000000000008
    vertex 111.96448735197106 1.0000000000000044 26.8
    vertex 108.0086062676215 2.999999999999905 26.800000000000008
  endloop
endfacet
facet normal 1.091599928728218e-15 -1.5894278458683006e-30 1.0
  outer loop
    vertex 108.0086062676215 2.999999999999905 26.800000000000008
    vertex 111.96448735197106 1.0000000000000044 26.8
    vertex 108.0086062676215 6.295878669028248 26.800000000000008
  endloop
endfacet
facet normal 1.091599928728218e-15 -1.5894278458683006e-30 1.0
  outer loop
    vertex 108.0086062676215 6.295878669028248 26.800000000000008
    vertex 111.96448735197106 1.0000000000000044 26.8
    vertex 109.01913100193325 6.295878669028248 26.800000000000008
  endloop
endfacet
facet normal 1.091599928728218e-15 -1.5894278458683006e-30 1.0
  outer loop
    vertex 109.01913100193325 6.295878669028248 26.800000000000008
    vertex 111.96448735197106 1.0000000000000044 26.8
    vertex 109.01913100193325 6.886639676113266 26.800000000000008
  endloop
endfacet
facet normal 1.091599928728218e-15 -1.5894278458683006e-30 1.0
  outer loop
    vertex 109.01913100193325 6.886639676113266 26.800000000000008
    vertex 111.96448735197106 1.0000000000000044 26.8
    vertex 109.96448735197106 10.050000000000008 26.8
  endloop
endfacet
facet normal 1.091599928728218e-15 -1.5894278458683006e-30 1.0
  outer loop
    vertex 109.96448735197106 10.050000000000008 26.8
    vertex 111.96448735197106 1.0000000000000044 26.8
    vertex 109.96448735197106 11.050000000000006 26.8
  endloop
endfacet
facet normal 1.091599928728218e-15 -1.5894278458683006e-30 1.0
  outer loop
    vertex 109.96448735197106 11.050000000000006 26.8
    vertex 111.96448735197106 1.0000000000000044 26.8
    vertex 109.96448735197106 11.850000000000007 26.8
  endloop
endfacet
facet normal 1.091599928728218e-15 -1.5894278458683006e-30 1.0
  outer loop
    vertex 109.96448735197106 11.850000000000007 26.8
    vertex 111.96448735197106 1.0000000000000044 26.8
    vertex 109.96448735197106 12.850000000000005 26.8
  endloop
endfacet
facet normal 1.091599928728218e-15 -1.5894278458683006e-30 1.0
  outer loop
    vertex 109.96448735197106 12.850000000000005 26.8
    vertex 111.96448735197106 1.0000000000000044 26.8
    vertex 109.96448735197106 13.650000000000004 26.8
  endloop
endfacet
facet normal 1.091599928728218e-15 -1.5894278458683006e-30 1.0
  outer loop
    vertex 109.96448735197106 13.650000000000004 26.8
    vertex 111.96448735197106 1.0000000000000044 26.8
    vertex 109.96448735197106 14.650000000000007 26.8
  endloop
endfacet
facet normal 1.091599928728218e-15 -1.5894278458683006e-30 1.0
  outer loop
    vertex 96.46448735197107 16.50000000000002 26.80000000000002
    vertex 98.46448735197107 14.650000000000018 26.80000000000001
    vertex 111.96448735197107 16.500000000000004 26.8
  endloop
endfacet
facet normal 1.091599928728218e-15 -1.5894278458683006e-30 1.0
  outer loop
    vertex 98.46448735197107 14.650000000000018 26.80000000000001
    vertex 96.46448735197107 16.50000000000002 26.80000000000002
    vertex 98.46448735197106 11.850000000000017 26.80000000000001
  endloop
endfacet
facet normal 1.091599928728218e-15 -1.5894278458683006e-30 1.0
  outer loop
    vertex 98.46448735197106 11.850000000000017 26.80000000000001
    vertex 96.46448735197107 16.50000000000002 26.80000000000002
    vertex 98.46448735197106 10.050000000000018 26.80000000000001
  endloop
endfacet
facet normal 1.091599928728218e-15 -1.5894278458683006e-30 1.0
  outer loop
    vertex 98.46448735197106 11.850000000000017 26.80000000000001
    vertex 98.46448735197106 10.050000000000018 26.80000000000001
    vertex 98.46448735197106 11.050000000000018 26.80000000000001
  endloop
endfacet
facet normal 1.091599928728218e-15 -1.5894278458683006e-30 1.0
  outer loop
    vertex 98.46448735197107 14.650000000000018 26.80000000000001
    vertex 98.46448735197106 11.850000000000017 26.80000000000001
    vertex 98.46448735197107 12.850000000000016 26.80000000000001
  endloop
endfacet
facet normal 1.091599928728218e-15 -1.5894278458683006e-30 1.0
  outer loop
    vertex 98.46448735197107 14.650000000000018 26.80000000000001
    vertex 98.46448735197107 12.850000000000016 26.80000000000001
    vertex 98.46448735197107 13.650000000000015 26.80000000000001
  endloop
endfacet
facet normal 1.091599928728218e-15 -1.5894278458683006e-30 1.0
  outer loop
    vertex 111.96448735197107 16.500000000000004 26.8
    vertex 98.46448735197107 14.650000000000018 26.80000000000001
    vertex 109.96448735197106 14.650000000000007 26.8
  endloop
endfacet
facet normal 1.091599928728218e-15 -1.5894278458683006e-30 1.0
  outer loop
    vertex 111.96448735197107 16.500000000000004 26.8
    vertex 109.96448735197106 14.650000000000007 26.8
    vertex 111.96448735197106 1.0000000000000044 26.8
  endloop
endfacet
facet normal 1.091599928728218e-15 -1.5894278458683006e-30 1.0
  outer loop
    vertex 109.96448735197106 12.850000000000005 26.8
    vertex 98.46448735197107 13.650000000000015 26.80000000000001
    vertex 98.46448735197107 12.850000000000016 26.80000000000001
  endloop
endfacet
facet normal 1.091599928728218e-15 -1.5894278458683006e-30 1.0
  outer loop
    vertex 98.46448735197107 13.650000000000015 26.80000000000001
    vertex 109.96448735197106 12.850000000000005 26.8
    vertex 109.96448735197106 13.650000000000004 26.8
  endloop
endfacet
facet normal 1.091599928728218e-15 -1.5894278458683006e-30 1.0
  outer loop
    vertex 109.96448735197106 11.050000000000006 26.8
    vertex 98.46448735197106 11.850000000000017 26.80000000000001
    vertex 98.46448735197106 11.050000000000018 26.80000000000001
  endloop
endfacet
facet normal 1.091599928728218e-15 -1.5894278458683006e-30 1.0
  outer loop
    vertex 98.46448735197106 11.850000000000017 26.80000000000001
    vertex 109.96448735197106 11.050000000000006 26.8
    vertex 109.96448735197106 11.850000000000007 26.8
  endloop
endfacet
facet normal 1.091599928728218e-15 -1.5894278458683006e-30 1.0
  outer loop
    vertex 98.46448735197106 10.050000000000018 26.80000000000001
    vertex 100.96233222916001 6.871101657388569 26.80000000000001
    vertex 109.96448735197106 10.050000000000008 26.8
  endloop
endfacet
facet normal 1.091599928728218e-15 -1.5894278458683006e-30 1.0
  outer loop
    vertex 100.96233222916001 6.871101657388569 26.80000000000001
    vertex 98.46448735197106 10.050000000000018 26.80000000000001
    vertex 99.840392388573 2.999999999999904 26.800000000000026
  endloop
endfacet
facet normal 1.091599928728218e-15 -1.5894278458683006e-30 1.0
  outer loop
    vertex 100.96233222916001 6.871101657388569 26.80000000000001
    vertex 99.840392388573 2.999999999999904 26.800000000000026
    vertex 100.87167401812764 6.32695470647764 26.80000000000001
  endloop
endfacet
facet normal 1.091599928728218e-15 -1.5894278458683006e-30 1.0
  outer loop
    vertex 109.96448735197106 10.050000000000008 26.8
    vertex 100.96233222916001 6.871101657388569 26.80000000000001
    vertex 101.94178092602235 6.951401189271162 26.80000000000001
  endloop
endfacet
facet normal 1.091599928728218e-15 -1.5894278458683006e-30 1.0
  outer loop
    vertex 109.96448735197106 10.050000000000008 26.8
    vertex 101.94178092602235 6.951401189271162 26.80000000000001
    vertex 105.00395672308707 7.145764802631483 26.80000000000001
  endloop
endfacet
facet normal 1.091599928728218e-15 -1.5894278458683006e-30 1.0
  outer loop
    vertex 105.00395672308707 7.145764802631483 26.80000000000001
    vertex 101.94178092602235 6.951401189271162 26.80000000000001
    vertex 103.18292465071866 2.9999999999999067 26.80000000000001
  endloop
endfacet
facet normal 1.091599928728218e-15 -1.5894278458683006e-30 1.0
  outer loop
    vertex 109.96448735197106 10.050000000000008 26.8
    vertex 105.00395672308707 7.145764802631483 26.80000000000001
    vertex 105.89270767197374 7.145764802631483 26.80000000000001
  endloop
endfacet
facet normal 1.091599928728218e-15 -1.5894278458683006e-30 1.0
  outer loop
    vertex 109.96448735197106 10.050000000000008 26.8
    vertex 105.89270767197374 7.145764802631483 26.80000000000001
    vertex 106.0782545469737 6.886639676113266 26.800000000000008
  endloop
endfacet
facet normal 1.091599928728218e-15 -1.5894278458683006e-30 1.0
  outer loop
    vertex 106.0782545469737 6.886639676113266 26.800000000000008
    vertex 105.89270767197374 7.145764802631483 26.80000000000001
    vertex 106.0782545469737 6.295878669028248 26.800000000000008
  endloop
endfacet
facet normal 1.091599928728218e-15 -1.5894278458683006e-30 1.0
  outer loop
    vertex 109.96448735197106 10.050000000000008 26.8
    vertex 106.0782545469737 6.886639676113266 26.800000000000008
    vertex 109.01913100193325 6.886639676113266 26.800000000000008
  endloop
endfacet
facet normal 1.091599928728218e-15 -1.5894278458683006e-30 1.0
  outer loop
    vertex 107.09913796043524 6.295878669028248 26.800000000000008
    vertex 106.0782545469737 6.295878669028248 26.800000000000008
    vertex 107.09913796043524 2.999999999999905 26.800000000000008
  endloop
endfacet
facet normal 0.0 0.0 -1.0
  outer loop
    vertex 98.45142620696578 8.25000000000002 23.800000000000015
    vertex 97.46448735197106 2.000000000000019 23.800000000000015
    vertex 97.46448735197106 8.25000000000002 23.800000000000015
  endloop
endfacet
facet normal 0.0 0.0 -1.0
  outer loop
    vertex 97.46448735197106 2.000000000000019 23.800000000000015
    vertex 98.45142620696578 8.25000000000002 23.800000000000015
    vertex 98.45142620696578 2.0000000000000173 23.800000000000015
  endloop
endfacet
facet normal 1.0071308866242485e-15 8.326672684688573e-17 1.0
  outer loop
    vertex 107.96448735197106 16.500000000000007 17.3
    vertex 101.46448735197107 17.500000000000014 17.30000000000001
    vertex 100.46448735197106 16.500000000000014 17.30000000000001
  endloop
endfacet
facet normal 1.0071308866242485e-15 8.326672684688573e-17 1.0
  outer loop
    vertex 101.46448735197107 17.500000000000014 17.30000000000001
    vertex 107.96448735197106 16.500000000000007 17.3
    vertex 106.96448735197106 17.50000000000001 17.300000000000004
  endloop
endfacet
facet normal 1.0071308866242485e-15 8.326672684688573e-17 1.0
  outer loop
    vertex 110.96448735197106 3.514720785084068e-15 17.3
    vertex 111.96448735197106 1.0000000000000036 17.3
    vertex 109.96448735197106 1.0000000000000056 17.3
  endloop
endfacet
facet normal 1.0071308866242485e-15 8.326672684688573e-17 1.0
  outer loop
    vertex 111.96448735197106 1.0000000000000036 17.3
    vertex 110.96448735197106 3.514720785084068e-15 17.3
    vertex 112.96448735197106 1.4123350592559502e-15 17.3
  endloop
endfacet
facet normal 1.0071308866242485e-15 8.326672684688573e-17 1.0
  outer loop
    vertex 111.96448735197106 1.0000000000000036 17.3
    vertex 112.96448735197106 1.4123350592559502e-15 17.3
    vertex 111.96448735197107 16.500000000000004 17.3
  endloop
endfacet
facet normal 1.0071308866242485e-15 8.326672684688573e-17 1.0
  outer loop
    vertex 111.96448735197107 16.500000000000004 17.3
    vertex 110.96448735197107 17.500000000000004 17.3
    vertex 109.96448735197106 16.500000000000007 17.3
  endloop
endfacet
facet normal 1.0071308866242485e-15 8.326672684688573e-17 1.0
  outer loop
    vertex 110.96448735197107 17.500000000000004 17.3
    vertex 111.96448735197107 16.500000000000004 17.3
    vertex 112.96448735197107 17.5 17.3
  endloop
endfacet
facet normal 1.0071308866242485e-15 8.326672684688573e-17 1.0
  outer loop
    vertex 112.96448735197107 17.5 17.3
    vertex 111.96448735197107 16.500000000000004 17.3
    vertex 112.96448735197106 1.4123350592559502e-15 17.3
  endloop
endfacet
facet normal -8.612705513200461e-16 -1.0 3.2125936597369105e-16
  outer loop
    vertex 110.96448735197107 15.500000000000002 23.8
    vertex 104.21448735197106 15.500000000000009 21.80000000000003
    vertex 110.96448735197107 15.500000000000009 16.80000000000001
  endloop
endfacet
facet normal -8.612705513200461e-16 -1.0 3.2125936597369105e-16
  outer loop
    vertex 109.96448735197109 15.50000000000001 26.380000000000017
    vertex 98.46448735197106 15.500000000000016 23.80000000000001
    vertex 109.96448735197106 15.500000000000005 23.8
  endloop
endfacet
facet normal -8.612705513200461e-16 -1.0 3.2125936597369105e-16
  outer loop
    vertex 98.46448735197106 15.500000000000016 23.80000000000001
    vertex 109.96448735197109 15.50000000000001 26.380000000000017
    vertex 98.46448735197107 15.500000000000023 26.380000000000027
  endloop
endfacet
facet normal -8.612705513200461e-16 -1.0 3.2125936597369105e-16
  outer loop
    vertex 104.21448735197106 15.500000000000009 21.80000000000003
    vertex 97.46448735197107 15.500000000000016 23.800000000000015
    vertex 97.46448735197106 15.500000000000014 16.800000000000036
  endloop
endfacet
facet normal -8.612705513200461e-16 -1.0 3.2125936597369105e-16
  outer loop
    vertex 97.46448735197107 15.500000000000016 23.800000000000015
    vertex 104.21448735197106 15.500000000000009 21.80000000000003
    vertex 98.46448735197106 15.500000000000016 23.80000000000001
  endloop
endfacet
facet normal -8.612705513200461e-16 -1.0 3.2125936597369105e-16
  outer loop
    vertex 98.46448735197106 15.500000000000016 23.80000000000001
    vertex 104.21448735197106 15.500000000000009 21.80000000000003
    vertex 109.96448735197106 15.500000000000005 23.8
  endloop
endfacet
facet normal -8.612705513200461e-16 -1.0 3.2125936597369105e-16
  outer loop
    vertex 109.96448735197106 15.500000000000005 23.8
    vertex 104.21448735197106 15.500000000000009 21.80000000000003
    vertex 110.96448735197107 15.500000000000002 23.8
  endloop
endfacet
facet normal -0.707106781186548 -0.707106781186547 3.0548019965699684e-15
  outer loop
    vertex 110.96448735197106 3.514720785084068e-15 17.3
    vertex 109.96448735197103 0.9999999999999833 10.800000000000006
    vertex 110.96448735197103 -1.736123385443329e-14 10.800000000000006
  endloop
endfacet
facet normal -0.707106781186548 -0.707106781186547 3.0548019965699684e-15
  outer loop
    vertex 109.96448735197103 0.9999999999999833 10.800000000000006
    vertex 110.96448735197106 3.514720785084068e-15 17.3
    vertex 109.96448735197106 1.0000000000000056 17.3
  endloop
endfacet
facet normal 1.0 -1.3808298172826085e-15 3.069689726870553e-16
  outer loop
    vertex 111.96448735197107 16.500000000000004 17.3
    vertex 111.96448735197106 1.0000000000000044 26.8
    vertex 111.96448735197106 1.0000000000000036 17.3
  endloop
endfacet
facet normal 1.0 -1.3808298172826085e-15 3.069689726870553e-16
  outer loop
    vertex 111.96448735197106 1.0000000000000044 26.8
    vertex 111.96448735197107 16.500000000000004 17.3
    vertex 111.96448735197107 16.500000000000004 26.8
  endloop
endfacet
facet normal -1.0 3.609557097661309e-15 1.834526382087517e-30
  outer loop
    vertex 110.96448735197107 15.500000000000002 23.8
    vertex 110.96448735197106 9.250000000000007 16.80000000000002
    vertex 110.96448735197106 9.250000000000005 23.8
  endloop
endfacet
facet normal -1.0 3.609557097661309e-15 1.834526382087517e-30
  outer loop
    vertex 110.96448735197106 9.250000000000007 16.80000000000002
    vertex 110.96448735197107 15.500000000000002 23.8
    vertex 110.96448735197107 15.500000000000009 16.80000000000001
  endloop
endfacet
facet normal 1.0 3.6654960523577236e-16 -3.573850864675563e-15
  outer loop
    vertex 98.46448735197106 15.500000000000016 23.80000000000001
    vertex 98.46448735197107 9.250000000000023 26.380000000000027
    vertex 98.46448735197106 9.250000000000018 23.800000000000015
  endloop
endfacet
facet normal 1.0 3.6654960523577236e-16 -3.573850864675563e-15
  outer loop
    vertex 98.46448735197107 9.250000000000023 26.380000000000027
    vertex 98.46448735197106 15.500000000000016 23.80000000000001
    vertex 98.46448735197107 10.050000000000018 26.380000000000027
  endloop
endfacet
facet normal 1.0 3.6654960523577236e-16 -3.573850864675563e-15
  outer loop
    vertex 98.46448735197107 10.050000000000018 26.380000000000027
    vertex 98.46448735197106 15.500000000000016 23.80000000000001
    vertex 98.46448735197107 10.05000000000002 26.66000000000003
  endloop
endfacet
facet normal 1.0 3.6654960523577236e-16 -3.573850864675563e-15
  outer loop
    vertex 98.46448735197107 10.05000000000002 26.66000000000003
    vertex 98.46448735197106 15.500000000000016 23.80000000000001
    vertex 98.46448735197107 11.050000000000018 26.380000000000027
  endloop
endfacet
facet normal 1.0 3.6654960523577236e-16 -3.573850864675563e-15
  outer loop
    vertex 98.46448735197107 11.050000000000018 26.380000000000027
    vertex 98.46448735197106 15.500000000000016 23.80000000000001
    vertex 98.46448735197107 11.850000000000017 26.380000000000027
  endloop
endfacet
facet normal 1.0 3.6654960523577236e-16 -3.573850864675563e-15
  outer loop
    vertex 98.46448735197107 11.850000000000017 26.380000000000027
    vertex 98.46448735197106 15.500000000000016 23.80000000000001
    vertex 98.46448735197107 11.85000000000002 26.66000000000003
  endloop
endfacet
facet normal 1.0 3.6654960523577236e-16 -3.573850864675563e-15
  outer loop
    vertex 98.46448735197107 11.85000000000002 26.66000000000003
    vertex 98.46448735197106 15.500000000000016 23.80000000000001
    vertex 98.46448735197107 12.850000000000016 26.380000000000027
  endloop
endfacet
facet normal 1.0 3.6654960523577236e-16 -3.573850864675563e-15
  outer loop
    vertex 98.46448735197107 12.850000000000016 26.380000000000027
    vertex 98.46448735197106 15.500000000000016 23.80000000000001
    vertex 98.46448735197106 13.650000000000018 26.380000000000027
  endloop
endfacet
facet normal 1.0 3.6654960523577236e-16 -3.573850864675563e-15
  outer loop
    vertex 98.46448735197106 13.650000000000018 26.380000000000027
    vertex 98.46448735197106 15.500000000000016 23.80000000000001
    vertex 98.46448735197107 13.650000000000018 26.66000000000003
  endloop
endfacet
facet normal 1.0 3.6654960523577236e-16 -3.573850864675563e-15
  outer loop
    vertex 98.46448735197107 13.650000000000018 26.66000000000003
    vertex 98.46448735197106 15.500000000000016 23.80000000000001
    vertex 98.46448735197106 14.650000000000023 26.380000000000027
  endloop
endfacet
facet normal 1.0 3.6654960523577236e-16 -3.573850864675563e-15
  outer loop
    vertex 98.46448735197107 13.650000000000018 26.66000000000003
    vertex 98.46448735197106 14.650000000000023 26.380000000000027
    vertex 98.46448735197107 14.650000000000018 26.66000000000003
  endloop
endfacet
facet normal 1.0 3.6654960523577236e-16 -3.573850864675563e-15
  outer loop
    vertex 98.46448735197106 14.650000000000023 26.380000000000027
    vertex 98.46448735197106 15.500000000000016 23.80000000000001
    vertex 98.46448735197107 15.500000000000023 26.380000000000027
  endloop
endfacet
facet normal 1.0 3.6654960523577236e-16 -3.573850864675563e-15
  outer loop
    vertex 98.46448735197107 12.850000000000016 26.66000000000003
    vertex 98.46448735197107 11.85000000000002 26.66000000000003
    vertex 98.46448735197107 12.850000000000016 26.380000000000027
  endloop
endfacet
facet normal 1.0 3.6654960523577236e-16 -3.573850864675563e-15
  outer loop
    vertex 98.46448735197107 11.050000000000018 26.66000000000003
    vertex 98.46448735197107 10.05000000000002 26.66000000000003
    vertex 98.46448735197107 11.050000000000018 26.380000000000027
  endloop
endfacet
facet normal -0.9993163761815979 0.0 0.036969991821465736
  outer loop
    vertex 109.01913100193333 6.886639676113265 26.659999999999954
    vertex 109.00877232278353 6.295878669028245 26.38
    vertex 109.01913100193333 6.295878669028245 26.659999999999954
  endloop
endfacet
facet normal -0.9993163761815979 0.0 0.036969991821465736
  outer loop
    vertex 109.00877232278353 6.295878669028245 26.38
    vertex 109.01913100193333 6.886639676113265 26.659999999999954
    vertex 109.00877232278353 6.886639676113265 26.38
  endloop
endfacet
facet normal 0.9857474724057508 -0.16423155956018662 -0.03646800639057318
  outer loop
    vertex 100.86131533897786 6.326954706477641 26.38000000000001
    vertex 100.96233222916005 6.871101657388569 26.659999999999954
    vertex 100.87167401812766 6.326954706477638 26.659999999999954
  endloop
endfacet
facet normal 0.9857474724057508 -0.16423155956018662 -0.03646800639057318
  outer loop
    vertex 100.96233222916005 6.871101657388569 26.659999999999954
    vertex 100.86131533897786 6.326954706477641 26.38000000000001
    vertex 100.9519735500103 6.871101657388573 26.380000000000006
  endloop
endfacet
facet normal -1.0 2.4063713984408703e-15 1.4903174779265588e-15
  outer loop
    vertex 109.91869367385226 2.000000000000012 26.38000000000001
    vertex 109.91869367385229 8.250000000000005 23.800000000000004
    vertex 109.91869367385226 2.0000000000000058 23.800000000000004
  endloop
endfacet
facet normal -1.0 2.4063713984408703e-15 1.4903174779265588e-15
  outer loop
    vertex 109.91869367385229 8.250000000000005 23.800000000000004
    vertex 109.91869367385226 2.000000000000012 26.38000000000001
    vertex 109.91869367385229 8.25000000000001 26.38000000000001
  endloop
endfacet
facet normal 1.0 9.023892744153282e-16 -8.057047092994006e-16
  outer loop
    vertex 97.46448735197107 9.250000000000021 16.800000000000026
    vertex 97.46448735197107 15.500000000000016 23.800000000000015
    vertex 97.46448735197107 9.250000000000018 23.800000000000015
  endloop
endfacet
facet normal 1.0 9.023892744153282e-16 -8.057047092994006e-16
  outer loop
    vertex 97.46448735197107 15.500000000000016 23.800000000000015
    vertex 97.46448735197107 9.250000000000021 16.800000000000026
    vertex 97.46448735197106 15.500000000000014 16.800000000000036
  endloop
endfacet
facet normal -1.4099832412739201e-15 -2.2559731860382935e-16 -1.0
  outer loop
    vertex 110.96448735197107 15.500000000000002 23.8
    vertex 109.96448735197106 9.250000000000005 23.800000000000004
    vertex 109.96448735197106 15.500000000000005 23.8
  endloop
endfacet
facet normal -1.4099832412739201e-15 -2.2559731860382935e-16 -1.0
  outer loop
    vertex 109.96448735197106 9.250000000000005 23.800000000000004
    vertex 110.96448735197107 15.500000000000002 23.8
    vertex 110.96448735197106 9.250000000000005 23.8
  endloop
endfacet
facet normal -0.9993163761815979 0.0 0.036969991821465736
  outer loop
    vertex 108.00860626762159 6.295878669028245 26.659999999999954
    vertex 107.99824758847178 2.999999999999905 26.38
    vertex 108.00860626762159 2.999999999999905 26.659999999999954
  endloop
endfacet
facet normal -0.9993163761815979 0.0 0.036969991821465736
  outer loop
    vertex 107.99824758847178 2.999999999999905 26.38
    vertex 108.00860626762159 6.295878669028245 26.659999999999954
    vertex 107.99824758847178 6.295878669028245 26.38
  endloop
endfacet
facet normal 9.39988827515942e-16 1.0 -1.8972668977452252e-15
  outer loop
    vertex 110.96448735197107 17.500000000000004 17.3
    vertex 112.96448735197106 17.499999999999982 10.800000000000006
    vertex 110.96448735197106 17.499999999999986 10.800000000000006
  endloop
endfacet
facet normal 9.39988827515942e-16 1.0 -1.8972668977452252e-15
  outer loop
    vertex 112.96448735197106 17.499999999999982 10.800000000000006
    vertex 110.96448735197107 17.500000000000004 17.3
    vertex 112.96448735197107 17.5 17.3
  endloop
endfacet
facet normal 1.0071308866242485e-15 8.326672684688573e-17 1.0
  outer loop
    vertex 101.46448735197104 1.3898150811034048e-14 17.30000000000001
    vertex 107.96448735197106 1.0000000000000075 17.300000000000004
    vertex 100.46448735197106 1.000000000000015 17.30000000000001
  endloop
endfacet
facet normal 1.0071308866242485e-15 8.326672684688573e-17 1.0
  outer loop
    vertex 107.96448735197106 1.0000000000000075 17.300000000000004
    vertex 101.46448735197104 1.3898150811034048e-14 17.30000000000001
    vertex 106.96448735197104 7.722328988737633e-15 17.300000000000004
  endloop
endfacet
facet normal -1.4099832412739675e-15 -2.2559731860383186e-16 -1.0
  outer loop
    vertex 98.46448735197106 15.500000000000016 23.80000000000001
    vertex 97.46448735197107 9.250000000000018 23.800000000000015
    vertex 97.46448735197107 15.500000000000016 23.800000000000015
  endloop
endfacet
facet normal -1.4099832412739675e-15 -2.2559731860383186e-16 -1.0
  outer loop
    vertex 97.46448735197107 9.250000000000018 23.800000000000015
    vertex 98.46448735197106 15.500000000000016 23.80000000000001
    vertex 98.46448735197106 9.250000000000018 23.800000000000015
  endloop
endfacet
facet normal 1.0 -1.8047785488306545e-15 -9.789333985095429e-31
  outer loop
    vertex 97.46448735197104 2.0000000000000258 16.80000000000002
    vertex 97.46448735197106 8.25000000000002 23.800000000000015
    vertex 97.46448735197106 2.000000000000019 23.800000000000015
  endloop
endfacet
facet normal 1.0 -1.8047785488306545e-15 -9.789333985095429e-31
  outer loop
    vertex 97.46448735197106 8.25000000000002 23.800000000000015
    vertex 97.46448735197104 2.0000000000000258 16.80000000000002
    vertex 97.46448735197107 8.250000000000018 16.80000000000002
  endloop
endfacet
facet normal -0.7071067811865474 -0.7071067811865477 3.0643781783774025e-15
  outer loop
    vertex 101.46448735197104 1.3898150811034048e-14 17.30000000000001
    vertex 100.46448735197103 0.9999999999999941 10.800000000000017
    vertex 101.46448735197104 -7.256667688811778e-15 10.800000000000017
  endloop
endfacet
facet normal -0.7071067811865474 -0.7071067811865477 3.0643781783774025e-15
  outer loop
    vertex 100.46448735197103 0.9999999999999941 10.800000000000017
    vertex 101.46448735197104 1.3898150811034048e-14 17.30000000000001
    vertex 100.46448735197106 1.000000000000015 17.30000000000001
  endloop
endfacet
facet normal 0.0 1.0 0.0
  outer loop
    vertex 107.09913796043536 2.999999999999905 26.659999999999954
    vertex 107.99824758847178 2.999999999999905 26.38
    vertex 107.08877928128555 2.999999999999905 26.38
  endloop
endfacet
facet normal 0.0 1.0 0.0
  outer loop
    vertex 107.99824758847178 2.999999999999905 26.38
    vertex 107.09913796043536 2.999999999999905 26.659999999999954
    vertex 108.00860626762159 2.999999999999905 26.659999999999954
  endloop
endfacet
facet normal 1.0 -8.594183565860252e-16 -3.1666612969560317e-15
  outer loop
    vertex 112.96448735197106 17.499999999999982 10.800000000000006
    vertex 112.96448735197106 1.4123350592559502e-15 17.3
    vertex 112.96448735197103 -1.9749373894405866e-14 10.800000000000006
  endloop
endfacet
facet normal 1.0 -8.594183565860252e-16 -3.1666612969560317e-15
  outer loop
    vertex 112.96448735197106 1.4123350592559502e-15 17.3
    vertex 112.96448735197106 17.499999999999982 10.800000000000006
    vertex 112.96448735197107 17.5 17.3
  endloop
endfacet
facet normal -8.014365126168774e-16 -1.0 1.4926369097791185e-15
  outer loop
    vertex 111.96448735197106 1.0000000000000044 26.8
    vertex 109.96448735197106 1.0000000000000056 17.3
    vertex 111.96448735197106 1.0000000000000036 17.3
  endloop
endfacet
facet normal -8.014365126168774e-16 -1.0 1.4926369097791185e-15
  outer loop
    vertex 109.96448735197106 1.0000000000000056 17.3
    vertex 111.96448735197106 1.0000000000000044 26.8
    vertex 107.96448735197106 1.0000000000000075 17.300000000000004
  endloop
endfacet
facet normal -8.014365126168774e-16 -1.0 1.4926369097791185e-15
  outer loop
    vertex 107.96448735197106 1.0000000000000075 17.300000000000004
    vertex 111.96448735197106 1.0000000000000044 26.8
    vertex 100.46448735197106 1.000000000000015 17.30000000000001
  endloop
endfacet
facet normal -8.014365126168774e-16 -1.0 1.4926369097791185e-15
  outer loop
    vertex 100.46448735197106 1.000000000000015 17.30000000000001
    vertex 111.96448735197106 1.0000000000000044 26.8
    vertex 98.46448735197106 1.000000000000017 17.300000000000015
  endloop
endfacet
facet normal -8.014365126168774e-16 -1.0 1.4926369097791185e-15
  outer loop
    vertex 98.46448735197106 1.000000000000017 17.300000000000015
    vertex 111.96448735197106 1.0000000000000044 26.8
    vertex 96.46448735197104 1.000000000000019 17.300000000000015
  endloop
endfacet
facet normal -8.014365126168774e-16 -1.0 1.4926369097791185e-15
  outer loop
    vertex 96.46448735197104 1.000000000000019 17.300000000000015
    vertex 111.96448735197106 1.0000000000000044 26.8
    vertex 96.46448735197104 1.0000000000000198 26.80000000000002
  endloop
endfacet
facet normal -8.014365126168774e-16 -1.0 1.4926369097791185e-15
  outer loop
    vertex 100.46448735197106 1.000000000000015 17.30000000000001
    vertex 98.46448735197103 0.999999999999996 10.800000000000017
    vertex 100.46448735197103 0.9999999999999941 10.800000000000017
  endloop
endfacet
facet normal -8.014365126168774e-16 -1.0 1.4926369097791185e-15
  outer loop
    vertex 98.46448735197103 0.999999999999996 10.800000000000017
    vertex 100.46448735197106 1.000000000000015 17.30000000000001
    vertex 98.46448735197104 0.9999999999999966 16.299999999999958
  endloop
endfacet
facet normal -8.014365126168774e-16 -1.0 1.4926369097791185e-15
  outer loop
    vertex 98.46448735197104 0.9999999999999966 16.299999999999958
    vertex 100.46448735197106 1.000000000000015 17.30000000000001
    vertex 98.46448735197106 1.000000000000017 16.800000000000015
  endloop
endfacet
facet normal -8.014365126168774e-16 -1.0 1.4926369097791185e-15
  outer loop
    vertex 98.46448735197106 1.000000000000017 16.800000000000015
    vertex 100.46448735197106 1.000000000000015 17.30000000000001
    vertex 98.46448735197106 1.000000000000017 17.300000000000015
  endloop
endfacet
facet normal -8.014365126168774e-16 -1.0 1.4926369097791185e-15
  outer loop
    vertex 109.96448735197106 1.0000000000000056 17.3
    vertex 107.96448735197104 0.9999999999999855 10.800000000000011
    vertex 109.96448735197103 0.9999999999999833 10.800000000000006
  endloop
endfacet
facet normal -8.014365126168774e-16 -1.0 1.4926369097791185e-15
  outer loop
    vertex 107.96448735197104 0.9999999999999855 10.800000000000011
    vertex 109.96448735197106 1.0000000000000056 17.3
    vertex 107.96448735197106 1.0000000000000075 17.300000000000004
  endloop
endfacet
facet normal -0.7071067811865426 0.7071067811865526 -1.6758318163021886e-17
  outer loop
    vertex 109.96448735197106 16.500000000000007 17.3
    vertex 110.96448735197106 17.499999999999986 10.800000000000006
    vertex 109.96448735197106 16.499999999999982 10.800000000000006
  endloop
endfacet
facet normal -0.7071067811865426 0.7071067811865526 -1.6758318163021886e-17
  outer loop
    vertex 110.96448735197106 17.499999999999986 10.800000000000006
    vertex 109.96448735197106 16.500000000000007 17.3
    vertex 110.96448735197107 17.500000000000004 17.3
  endloop
endfacet
facet normal -1.0 1.4554665716376245e-15 -2.0575454438217143e-31
  outer loop
    vertex 96.46448735197104 1.0000000000000198 26.80000000000002
    vertex 96.46448735197107 16.500000000000018 17.300000000000015
    vertex 96.46448735197104 1.000000000000019 17.300000000000015
  endloop
endfacet
facet normal -1.0 1.4554665716376245e-15 -2.0575454438217143e-31
  outer loop
    vertex 96.46448735197107 16.500000000000018 17.300000000000015
    vertex 96.46448735197104 1.0000000000000198 26.80000000000002
    vertex 96.46448735197107 16.50000000000002 26.80000000000002
  endloop
endfacet
facet normal -1.0 2.1057510854479726e-15 2.0373454215245884e-15
  outer loop
    vertex 109.96448735197106 11.050000000000011 26.660000000000018
    vertex 109.96448735197106 10.050000000000011 26.380000000000017
    vertex 109.96448735197106 10.050000000000008 26.660000000000018
  endloop
endfacet
facet normal -1.0 2.1057510854479726e-15 2.0373454215245884e-15
  outer loop
    vertex 109.96448735197106 10.050000000000011 26.380000000000017
    vertex 109.96448735197106 11.050000000000011 26.660000000000018
    vertex 109.96448735197106 11.050000000000008 26.380000000000017
  endloop
endfacet
facet normal -1.0 2.1057510854479726e-15 2.0373454215245884e-15
  outer loop
    vertex 109.96448735197106 12.850000000000005 26.660000000000018
    vertex 109.96448735197106 11.85000000000001 26.380000000000017
    vertex 109.96448735197106 11.850000000000007 26.660000000000018
  endloop
endfacet
facet normal -1.0 2.1057510854479726e-15 2.0373454215245884e-15
  outer loop
    vertex 109.96448735197109 14.650000000000007 26.660000000000018
    vertex 109.96448735197106 13.650000000000004 26.380000000000017
    vertex 109.96448735197109 13.650000000000004 26.660000000000018
  endloop
endfacet
facet normal -1.0 2.1057510854479726e-15 2.0373454215245884e-15
  outer loop
    vertex 109.96448735197106 9.250000000000012 26.380000000000017
    vertex 109.96448735197106 15.500000000000005 23.8
    vertex 109.96448735197106 9.250000000000005 23.800000000000004
  endloop
endfacet
facet normal -1.0 2.1057510854479726e-15 2.0373454215245884e-15
  outer loop
    vertex 109.96448735197106 15.500000000000005 23.8
    vertex 109.96448735197106 9.250000000000012 26.380000000000017
    vertex 109.96448735197106 10.050000000000011 26.380000000000017
  endloop
endfacet
facet normal -1.0 2.1057510854479726e-15 2.0373454215245884e-15
  outer loop
    vertex 109.96448735197106 15.500000000000005 23.8
    vertex 109.96448735197106 10.050000000000011 26.380000000000017
    vertex 109.96448735197106 11.050000000000008 26.380000000000017
  endloop
endfacet
facet normal -1.0 2.1057510854479726e-15 2.0373454215245884e-15
  outer loop
    vertex 109.96448735197106 15.500000000000005 23.8
    vertex 109.96448735197106 11.050000000000008 26.380000000000017
    vertex 109.96448735197106 11.85000000000001 26.380000000000017
  endloop
endfacet
facet normal -1.0 2.1057510854479726e-15 2.0373454215245884e-15
  outer loop
    vertex 109.96448735197106 15.500000000000005 23.8
    vertex 109.96448735197106 11.85000000000001 26.380000000000017
    vertex 109.96448735197106 12.850000000000005 26.380000000000017
  endloop
endfacet
facet normal -1.0 2.1057510854479726e-15 2.0373454215245884e-15
  outer loop
    vertex 109.96448735197106 12.850000000000005 26.380000000000017
    vertex 109.96448735197106 11.85000000000001 26.380000000000017
    vertex 109.96448735197106 12.850000000000005 26.660000000000018
  endloop
endfacet
facet normal -1.0 2.1057510854479726e-15 2.0373454215245884e-15
  outer loop
    vertex 109.96448735197106 15.500000000000005 23.8
    vertex 109.96448735197106 12.850000000000005 26.380000000000017
    vertex 109.96448735197106 13.650000000000004 26.380000000000017
  endloop
endfacet
facet normal -1.0 2.1057510854479726e-15 2.0373454215245884e-15
  outer loop
    vertex 109.96448735197106 15.500000000000005 23.8
    vertex 109.96448735197106 13.650000000000004 26.380000000000017
    vertex 109.96448735197106 14.650000000000013 26.380000000000017
  endloop
endfacet
facet normal -1.0 2.1057510854479726e-15 2.0373454215245884e-15
  outer loop
    vertex 109.96448735197106 14.650000000000013 26.380000000000017
    vertex 109.96448735197106 13.650000000000004 26.380000000000017
    vertex 109.96448735197109 14.650000000000007 26.660000000000018
  endloop
endfacet
facet normal -1.0 2.1057510854479726e-15 2.0373454215245884e-15
  outer loop
    vertex 109.96448735197106 15.500000000000005 23.8
    vertex 109.96448735197106 14.650000000000013 26.380000000000017
    vertex 109.96448735197109 15.50000000000001 26.380000000000017
  endloop
endfacet
facet normal 0.7071067811865445 -0.7071067811865507 5.793589993494935e-16
  outer loop
    vertex 107.96448735197106 1.0000000000000075 17.300000000000004
    vertex 106.96448735197104 -1.3706588574660369e-14 10.800000000000011
    vertex 107.96448735197104 0.9999999999999855 10.800000000000011
  endloop
endfacet
facet normal 0.7071067811865445 -0.7071067811865507 5.793589993494935e-16
  outer loop
    vertex 106.96448735197104 -1.3706588574660369e-14 10.800000000000011
    vertex 107.96448735197106 1.0000000000000075 17.300000000000004
    vertex 106.96448735197104 7.722328988737633e-15 17.300000000000004
  endloop
endfacet
facet normal 0.9993163761815965 3.4201216078474815e-15 -0.03696999182150595
  outer loop
    vertex 107.08877928128553 6.295878669028245 26.38
    vertex 107.09913796043536 2.999999999999905 26.659999999999954
    vertex 107.08877928128555 2.999999999999905 26.38
  endloop
endfacet
facet normal 0.9993163761815965 3.4201216078474815e-15 -0.03696999182150595
  outer loop
    vertex 107.09913796043536 2.999999999999905 26.659999999999954
    vertex 107.08877928128553 6.295878669028245 26.38
    vertex 107.09913796043536 6.295878669028245 26.659999999999954
  endloop
endfacet
facet normal -9.808579069731826e-16 -1.316814824836065e-31 -1.0
  outer loop
    vertex 109.96448735197106 10.050000000000011 26.380000000000017
    vertex 98.46448735197107 9.250000000000023 26.380000000000027
    vertex 98.46448735197107 10.050000000000018 26.380000000000027
  endloop
endfacet
facet normal -9.808579069731826e-16 -1.316814824836065e-31 -1.0
  outer loop
    vertex 98.46448735197107 9.250000000000023 26.380000000000027
    vertex 109.96448735197106 10.050000000000011 26.380000000000017
    vertex 109.96448735197106 9.250000000000012 26.380000000000017
  endloop
endfacet
facet normal 9.341526248505017e-16 1.0 3.0500030397668817e-16
  outer loop
    vertex 97.46448735197106 2.000000000000019 23.800000000000015
    vertex 104.21448735197106 2.0000000000000138 21.800000000000004
    vertex 97.46448735197104 2.0000000000000258 16.80000000000002
  endloop
endfacet
facet normal 9.341526248505017e-16 1.0 3.0500030397668817e-16
  outer loop
    vertex 104.21448735197106 2.0000000000000138 21.800000000000004
    vertex 97.46448735197106 2.000000000000019 23.800000000000015
    vertex 110.96448735197106 2.0000000000000044 23.8
  endloop
endfacet
facet normal 9.341526248505017e-16 1.0 3.0500030397668817e-16
  outer loop
    vertex 110.96448735197106 2.0000000000000044 23.8
    vertex 97.46448735197106 2.000000000000019 23.800000000000015
    vertex 109.91869367385226 2.0000000000000058 23.800000000000004
  endloop
endfacet
facet normal 9.341526248505017e-16 1.0 3.0500030397668817e-16
  outer loop
    vertex 109.91869367385226 2.0000000000000058 23.800000000000004
    vertex 97.46448735197106 2.000000000000019 23.800000000000015
    vertex 98.45142620696578 2.0000000000000173 23.800000000000015
  endloop
endfacet
facet normal 9.341526248505017e-16 1.0 3.0500030397668817e-16
  outer loop
    vertex 109.91869367385226 2.0000000000000058 23.800000000000004
    vertex 98.45142620696578 2.0000000000000173 23.800000000000015
    vertex 109.91869367385226 2.000000000000012 26.38000000000001
  endloop
endfacet
facet normal 9.341526248505017e-16 1.0 3.0500030397668817e-16
  outer loop
    vertex 109.91869367385226 2.000000000000012 26.38000000000001
    vertex 98.45142620696578 2.0000000000000173 23.800000000000015
    vertex 98.45142620696578 2.0000000000000235 26.38000000000002
  endloop
endfacet
facet normal 9.341526248505017e-16 1.0 3.0500030397668817e-16
  outer loop
    vertex 110.96448735197106 2.0000000000000044 23.8
    vertex 110.96448735197106 2.000000000000012 16.800000000000004
    vertex 104.21448735197106 2.0000000000000138 21.800000000000004
  endloop
endfacet
facet normal 1.0 -6.015928496102178e-16 -7.45158738963278e-16
  outer loop
    vertex 98.45142620696578 8.25000000000002 23.800000000000015
    vertex 98.45142620696578 2.0000000000000235 26.38000000000002
    vertex 98.45142620696578 2.0000000000000173 23.800000000000015
  endloop
endfacet
facet normal 1.0 -6.015928496102178e-16 -7.45158738963278e-16
  outer loop
    vertex 98.45142620696578 2.0000000000000235 26.38000000000002
    vertex 98.45142620696578 8.25000000000002 23.800000000000015
    vertex 98.45142620696578 8.250000000000021 26.38000000000002
  endloop
endfacet
facet normal 0.0 1.0 0.0
  outer loop
    vertex 108.00860626762159 6.295878669028245 26.659999999999954
    vertex 109.00877232278353 6.295878669028245 26.38
    vertex 107.99824758847178 6.295878669028245 26.38
  endloop
endfacet
facet normal 0.0 1.0 0.0
  outer loop
    vertex 109.00877232278353 6.295878669028245 26.38
    vertex 108.00860626762159 6.295878669028245 26.659999999999954
    vertex 109.01913100193333 6.295878669028245 26.659999999999954
  endloop
endfacet
facet normal -1.116617002991099e-15 -1.0 2.2169221569378354e-15
  outer loop
    vertex 106.96448735197104 7.722328988737633e-15 17.300000000000004
    vertex 101.46448735197104 -7.256667688811778e-15 10.800000000000017
    vertex 106.96448735197104 -1.3706588574660369e-14 10.800000000000011
  endloop
endfacet
facet normal -1.116617002991099e-15 -1.0 2.2169221569378354e-15
  outer loop
    vertex 101.46448735197104 -7.256667688811778e-15 10.800000000000017
    vertex 106.96448735197104 7.722328988737633e-15 17.300000000000004
    vertex 101.46448735197104 1.3898150811034048e-14 17.30000000000001
  endloop
endfacet
facet normal 1.0075939353077553e-15 1.0 -1.3754724060589432e-16
  outer loop
    vertex 97.46448735197107 9.250000000000018 23.800000000000015
    vertex 104.21448735197106 9.250000000000012 21.80000000000004
    vertex 97.46448735197107 9.250000000000021 16.800000000000026
  endloop
endfacet
facet normal 1.0075939353077553e-15 1.0 -1.3754724060589432e-16
  outer loop
    vertex 104.21448735197106 9.250000000000012 21.80000000000004
    vertex 97.46448735197107 9.250000000000018 23.800000000000015
    vertex 110.96448735197106 9.250000000000005 23.8
  endloop
endfacet
facet normal 1.0075939353077553e-15 1.0 -1.3754724060589432e-16
  outer loop
    vertex 110.96448735197106 9.250000000000005 23.8
    vertex 97.46448735197107 9.250000000000018 23.800000000000015
    vertex 109.96448735197106 9.250000000000005 23.800000000000004
  endloop
endfacet
facet normal 1.0075939353077553e-15 1.0 -1.3754724060589432e-16
  outer loop
    vertex 109.96448735197106 9.250000000000005 23.800000000000004
    vertex 97.46448735197107 9.250000000000018 23.800000000000015
    vertex 98.46448735197106 9.250000000000018 23.800000000000015
  endloop
endfacet
facet normal 1.0075939353077553e-15 1.0 -1.3754724060589432e-16
  outer loop
    vertex 109.96448735197106 9.250000000000005 23.800000000000004
    vertex 98.46448735197106 9.250000000000018 23.800000000000015
    vertex 109.96448735197106 9.250000000000012 26.380000000000017
  endloop
endfacet
facet normal 1.0075939353077553e-15 1.0 -1.3754724060589432e-16
  outer loop
    vertex 109.96448735197106 9.250000000000012 26.380000000000017
    vertex 98.46448735197106 9.250000000000018 23.800000000000015
    vertex 98.46448735197107 9.250000000000023 26.380000000000027
  endloop
endfacet
facet normal 1.0075939353077553e-15 1.0 -1.3754724060589432e-16
  outer loop
    vertex 110.96448735197106 9.250000000000005 23.8
    vertex 110.96448735197106 9.250000000000007 16.80000000000002
    vertex 104.21448735197106 9.250000000000012 21.80000000000004
  endloop
endfacet
facet normal 0.0 -1.0 0.0
  outer loop
    vertex 109.01913100193333 6.886639676113265 26.659999999999954
    vertex 106.067895867824 6.886639676113265 26.38
    vertex 109.00877232278353 6.886639676113265 26.38
  endloop
endfacet
facet normal 0.0 -1.0 0.0
  outer loop
    vertex 106.067895867824 6.886639676113265 26.38
    vertex 109.01913100193333 6.886639676113265 26.659999999999954
    vertex 106.07825454697381 6.886639676113265 26.659999999999954
  endloop
endfacet
facet normal -0.7071067811865459 0.7071067811865492 -9.576181807430127e-17
  outer loop
    vertex 100.46448735197106 16.500000000000014 17.30000000000001
    vertex 101.46448735197104 17.499999999999993 10.800000000000017
    vertex 100.46448735197106 16.499999999999993 10.800000000000017
  endloop
endfacet
facet normal -0.7071067811865459 0.7071067811865492 -9.576181807430127e-17
  outer loop
    vertex 101.46448735197104 17.499999999999993 10.800000000000017
    vertex 100.46448735197106 16.500000000000014 17.30000000000001
    vertex 101.46448735197107 17.500000000000014 17.30000000000001
  endloop
endfacet
facet normal 0.0 1.0 0.0
  outer loop
    vertex 106.07825454697381 6.295878669028245 26.659999999999954
    vertex 107.08877928128553 6.295878669028245 26.38
    vertex 106.067895867824 6.295878669028245 26.38
  endloop
endfacet
facet normal 0.0 1.0 0.0
  outer loop
    vertex 107.08877928128553 6.295878669028245 26.38
    vertex 106.07825454697381 6.295878669028245 26.659999999999954
    vertex 107.09913796043536 6.295878669028245 26.659999999999954
  endloop
endfacet
facet normal 1.4561185771946583e-15 1.0 -4.4600671473576824e-15
  outer loop
    vertex 99.8300337094232 2.999999999999905 26.38000000000001
    vertex 100.68766908391713 2.999999999999905 26.659999999999954
    vertex 100.67731040476735 2.9999999999999023 26.380000000000006
  endloop
endfacet
facet normal 1.4561185771946583e-15 1.0 -4.4600671473576824e-15
  outer loop
    vertex 100.68766908391713 2.999999999999905 26.659999999999954
    vertex 99.8300337094232 2.999999999999905 26.38000000000001
    vertex 99.840392388573 2.999999999999905 26.659999999999954
  endloop
endfacet
facet normal -0.9661006410599188 0.2556797222587806 0.035741166311227035
  outer loop
    vertex 100.68766908391713 2.999999999999905 26.659999999999954
    vertex 100.97012100699406 4.106401821862253 26.380000000000006
    vertex 100.67731040476735 2.9999999999999023 26.380000000000006
  endloop
endfacet
facet normal -0.9661006410599188 0.2556797222587806 0.035741166311227035
  outer loop
    vertex 100.97012100699406 4.106401821862253 26.380000000000006
    vertex 100.68766908391713 2.999999999999905 26.659999999999954
    vertex 100.98047968614385 4.106401821862253 26.659999999999954
  endloop
endfacet
facet normal -3.4704577778215426e-16 1.0 1.271752664931724e-15
  outer loop
    vertex 100.98047968614385 4.106401821862253 26.659999999999954
    vertex 101.9858250808807 4.106401821862254 26.380000000000006
    vertex 100.97012100699406 4.106401821862253 26.380000000000006
  endloop
endfacet
facet normal -3.4704577778215426e-16 1.0 1.271752664931724e-15
  outer loop
    vertex 101.9858250808807 4.106401821862254 26.380000000000006
    vertex 100.98047968614385 4.106401821862253 26.659999999999954
    vertex 101.99618376003049 4.106401821862253 26.659999999999954
  endloop
endfacet
facet normal 0.9644115374209118 0.26198743951807485 -0.03567867744461144
  outer loop
    vertex 101.9858250808807 4.106401821862254 26.380000000000006
    vertex 102.2967436031479 2.999999999999905 26.659999999999954
    vertex 102.28638492399811 2.9999999999999045 26.380000000000006
  endloop
endfacet
facet normal 0.9644115374209118 0.26198743951807485 -0.03567867744461144
  outer loop
    vertex 102.2967436031479 2.999999999999905 26.659999999999954
    vertex 101.9858250808807 4.106401821862254 26.380000000000006
    vertex 101.99618376003049 4.106401821862253 26.659999999999954
  endloop
endfacet
facet normal -0.9534500948152125 -0.2994807526009003 0.03527315577689304
  outer loop
    vertex 101.94178092602239 6.951401189271159 26.659999999999954
    vertex 103.17256597156896 2.999999999999907 26.380000000000006
    vertex 103.18292465071876 2.999999999999905 26.659999999999954
  endloop
endfacet
facet normal -0.9534500948152125 -0.2994807526009003 0.03527315577689304
  outer loop
    vertex 103.17256597156896 2.999999999999907 26.380000000000006
    vertex 101.94178092602239 6.951401189271159 26.659999999999954
    vertex 101.93142224687261 6.951401189271162 26.380000000000006
  endloop
endfacet
facet normal -7.93238669978501e-16 -1.0 2.5471733053878554e-15
  outer loop
    vertex 105.88234899282402 7.145764802631483 26.380000000000006
    vertex 105.00395672308717 7.145764802631484 26.659999999999954
    vertex 104.99359804393738 7.145764802631484 26.38
  endloop
endfacet
facet normal -7.93238669978501e-16 -1.0 2.5471733053878554e-15
  outer loop
    vertex 105.00395672308717 7.145764802631484 26.659999999999954
    vertex 105.88234899282402 7.145764802631483 26.380000000000006
    vertex 105.89270767197382 7.145764802631484 26.659999999999954
  endloop
endfacet
facet normal 9.39988827516013e-16 1.0 -1.0919521713642012e-15
  outer loop
    vertex 95.46448735197107 17.50000000000002 17.300000000000015
    vertex 97.46448735197104 17.499999999999996 10.800000000000022
    vertex 95.46448735197104 17.5 10.800000000000022
  endloop
endfacet
facet normal 9.39988827516013e-16 1.0 -1.0919521713642012e-15
  outer loop
    vertex 97.46448735197104 17.499999999999996 10.800000000000022
    vertex 95.46448735197107 17.50000000000002 17.300000000000015
    vertex 97.46448735197107 17.500000000000018 17.300000000000015
  endloop
endfacet
facet normal 0.9224118770005681 -0.3846970511689175 -0.034124888135026336
  outer loop
    vertex 104.99359804393738 7.145764802631484 26.38
    vertex 103.1668726517309 2.7408748734816863 26.659999999999954
    vertex 103.1565139725811 2.7408748734816863 26.380000000000006
  endloop
endfacet
facet normal 0.9224118770005681 -0.3846970511689175 -0.034124888135026336
  outer loop
    vertex 103.1668726517309 2.7408748734816863 26.659999999999954
    vertex 104.99359804393738 7.145764802631484 26.38
    vertex 105.00395672308717 7.145764802631484 26.659999999999954
  endloop
endfacet
facet normal 3.864923717367589e-16 1.0 -1.2732120028257592e-15
  outer loop
    vertex 103.1668726517309 2.7408748734816863 26.659999999999954
    vertex 104.06855218108313 2.7408748734816855 26.380000000000006
    vertex 103.1565139725811 2.7408748734816863 26.380000000000006
  endloop
endfacet
facet normal 3.864923717367589e-16 1.0 -1.2732120028257592e-15
  outer loop
    vertex 104.06855218108313 2.7408748734816855 26.380000000000006
    vertex 103.1668726517309 2.7408748734816863 26.659999999999954
    vertex 104.07891086023291 2.7408748734816863 26.659999999999954
  endloop
endfacet
facet normal -1.0 0.0 0.0
  outer loop
    vertex 110.96448735197106 8.250000000000005 23.8
    vertex 110.96448735197106 2.000000000000012 16.800000000000004
    vertex 110.96448735197106 2.0000000000000044 23.8
  endloop
endfacet
facet normal -1.0 0.0 0.0
  outer loop
    vertex 110.96448735197106 2.000000000000012 16.800000000000004
    vertex 110.96448735197106 8.250000000000005 23.8
    vertex 110.96448735197106 8.250000000000007 16.800000000000004
  endloop
endfacet
facet normal 0.08170989953753477 -0.996651571267034 -0.003022880830974438
  outer loop
    vertex 101.94178092602239 6.951401189271159 26.659999999999954
    vertex 100.9519735500103 6.871101657388573 26.380000000000006
    vertex 101.93142224687261 6.951401189271162 26.380000000000006
  endloop
endfacet
facet normal 0.08170989953753477 -0.996651571267034 -0.003022880830974438
  outer loop
    vertex 100.9519735500103 6.871101657388573 26.380000000000006
    vertex 101.94178092602239 6.951401189271159 26.659999999999954
    vertex 100.96233222916005 6.871101657388569 26.659999999999954
  endloop
endfacet
facet normal 0.003970774658317097 -0.9999887510430095 0.002594366214517446
  outer loop
    vertex 97.47516760323316 0.00942235977343335 16.80000000000002
    vertex 95.57244829127228 -1.2138212731865221e-14 16.299999999999965
    vertex 97.47457252131056 0.006676252983533729 16.299999999999958
  endloop
endfacet
facet normal 0.003970774658317097 -0.9999887510430095 0.002594366214517446
  outer loop
    vertex 95.57244829127228 -1.2138212731865221e-14 16.299999999999965
    vertex 97.47516760323316 0.00942235977343335 16.80000000000002
    vertex 95.46448735197104 -1.2133613222343896e-14 16.299999999999965
  endloop
endfacet
facet normal 0.003970774658317097 -0.9999887510430095 0.002594366214517446
  outer loop
    vertex 95.46448735197104 -1.2133613222343896e-14 16.299999999999965
    vertex 97.47516760323316 0.00942235977343335 16.80000000000002
    vertex 95.46448735197104 2.0405475453030813e-14 16.80000000000002
  endloop
endfacet
facet normal 0.9545675768583711 -0.2958946222699744 -0.035314497340991284
  outer loop
    vertex 100.86131533897786 6.326954706477641 26.38000000000001
    vertex 99.840392388573 2.999999999999905 26.659999999999954
    vertex 99.8300337094232 2.999999999999905 26.38000000000001
  endloop
endfacet
facet normal 0.9545675768583711 -0.2958946222699744 -0.035314497340991284
  outer loop
    vertex 99.840392388573 2.999999999999905 26.659999999999954
    vertex 100.86131533897786 6.326954706477641 26.38000000000001
    vertex 100.87167401812766 6.326954706477638 26.659999999999954
  endloop
endfacet
facet normal -1.3921933215526747e-15 1.0 3.198788606174362e-15
  outer loop
    vertex 102.2967436031479 2.999999999999905 26.659999999999954
    vertex 103.17256597156896 2.999999999999907 26.380000000000006
    vertex 102.28638492399811 2.9999999999999045 26.380000000000006
  endloop
endfacet
facet normal -1.3921933215526747e-15 1.0 3.198788606174362e-15
  outer loop
    vertex 103.17256597156896 2.999999999999907 26.380000000000006
    vertex 102.2967436031479 2.999999999999905 26.659999999999954
    vertex 103.18292465071876 2.999999999999905 26.659999999999954
  endloop
endfacet
facet normal 0.9993163761815979 0.0 -0.036969991821465736
  outer loop
    vertex 106.067895867824 6.886639676113265 26.38
    vertex 106.07825454697381 6.295878669028245 26.659999999999954
    vertex 106.067895867824 6.295878669028245 26.38
  endloop
endfacet
facet normal 0.9993163761815979 0.0 -0.036969991821465736
  outer loop
    vertex 106.07825454697381 6.295878669028245 26.659999999999954
    vertex 106.067895867824 6.886639676113265 26.38
    vertex 106.07825454697381 6.886639676113265 26.659999999999954
  endloop
endfacet
facet normal -9.836576989909705e-16 1.7917284086739228e-30 -1.0
  outer loop
    vertex 109.00877232278353 6.295878669028245 26.38
    vertex 107.99824758847178 2.999999999999905 26.38
    vertex 107.99824758847178 6.295878669028245 26.38
  endloop
endfacet
facet normal -9.836576989909705e-16 1.7917284086739228e-30 -1.0
  outer loop
    vertex 98.45142620696578 8.250000000000021 26.38000000000002
    vertex 100.9519735500103 6.871101657388573 26.380000000000006
    vertex 98.45142620696578 2.0000000000000235 26.38000000000002
  endloop
endfacet
facet normal -9.836576989909705e-16 1.7917284086739228e-30 -1.0
  outer loop
    vertex 100.9519735500103 6.871101657388573 26.380000000000006
    vertex 98.45142620696578 8.250000000000021 26.38000000000002
    vertex 109.91869367385229 8.25000000000001 26.38000000000001
  endloop
endfacet
facet normal -9.836576989909705e-16 1.7917284086739228e-30 -1.0
  outer loop
    vertex 98.45142620696578 2.0000000000000235 26.38000000000002
    vertex 100.9519735500103 6.871101657388573 26.380000000000006
    vertex 99.8300337094232 2.999999999999905 26.38000000000001
  endloop
endfacet
facet normal -9.836576989909705e-16 1.7917284086739228e-30 -1.0
  outer loop
    vertex 99.8300337094232 2.999999999999905 26.38000000000001
    vertex 100.9519735500103 6.871101657388573 26.380000000000006
    vertex 100.86131533897786 6.326954706477641 26.38000000000001
  endloop
endfacet
facet normal -9.836576989909705e-16 1.7917284086739228e-30 -1.0
  outer loop
    vertex 100.9519735500103 6.871101657388573 26.380000000000006
    vertex 109.91869367385229 8.25000000000001 26.38000000000001
    vertex 101.93142224687261 6.951401189271162 26.380000000000006
  endloop
endfacet
facet normal -9.836576989909705e-16 1.7917284086739228e-30 -1.0
  outer loop
    vertex 101.93142224687261 6.951401189271162 26.380000000000006
    vertex 109.91869367385229 8.25000000000001 26.38000000000001
    vertex 104.99359804393738 7.145764802631484 26.38
  endloop
endfacet
facet normal -9.836576989909705e-16 1.7917284086739228e-30 -1.0
  outer loop
    vertex 101.93142224687261 6.951401189271162 26.380000000000006
    vertex 104.99359804393738 7.145764802631484 26.38
    vertex 103.17256597156896 2.999999999999907 26.380000000000006
  endloop
endfacet
facet normal -9.836576989909705e-16 1.7917284086739228e-30 -1.0
  outer loop
    vertex 104.99359804393738 7.145764802631484 26.38
    vertex 109.91869367385229 8.25000000000001 26.38000000000001
    vertex 105.88234899282402 7.145764802631483 26.380000000000006
  endloop
endfacet
facet normal -9.836576989909705e-16 1.7917284086739228e-30 -1.0
  outer loop
    vertex 105.88234899282402 7.145764802631483 26.380000000000006
    vertex 109.91869367385229 8.25000000000001 26.38000000000001
    vertex 106.067895867824 6.886639676113265 26.38
  endloop
endfacet
facet normal -9.836576989909705e-16 1.7917284086739228e-30 -1.0
  outer loop
    vertex 106.067895867824 6.886639676113265 26.38
    vertex 109.91869367385229 8.25000000000001 26.38000000000001
    vertex 109.00877232278353 6.886639676113265 26.38
  endloop
endfacet
facet normal -9.836576989909705e-16 1.7917284086739228e-30 -1.0
  outer loop
    vertex 109.00877232278353 6.886639676113265 26.38
    vertex 109.91869367385229 8.25000000000001 26.38000000000001
    vertex 109.00877232278353 6.295878669028245 26.38
  endloop
endfacet
facet normal -9.836576989909705e-16 1.7917284086739228e-30 -1.0
  outer loop
    vertex 109.00877232278353 6.295878669028245 26.38
    vertex 109.91869367385229 8.25000000000001 26.38000000000001
    vertex 109.91869367385226 2.000000000000012 26.38000000000001
  endloop
endfacet
facet normal -9.836576989909705e-16 1.7917284086739228e-30 -1.0
  outer loop
    vertex 99.8300337094232 2.999999999999905 26.38000000000001
    vertex 109.91869367385226 2.000000000000012 26.38000000000001
    vertex 98.45142620696578 2.0000000000000235 26.38000000000002
  endloop
endfacet
facet normal -9.836576989909705e-16 1.7917284086739228e-30 -1.0
  outer loop
    vertex 109.91869367385226 2.000000000000012 26.38000000000001
    vertex 99.8300337094232 2.999999999999905 26.38000000000001
    vertex 100.67731040476735 2.9999999999999023 26.380000000000006
  endloop
endfacet
facet normal -9.836576989909705e-16 1.7917284086739228e-30 -1.0
  outer loop
    vertex 109.91869367385226 2.000000000000012 26.38000000000001
    vertex 100.67731040476735 2.9999999999999023 26.380000000000006
    vertex 103.1565139725811 2.7408748734816863 26.380000000000006
  endloop
endfacet
facet normal -9.836576989909705e-16 1.7917284086739228e-30 -1.0
  outer loop
    vertex 103.1565139725811 2.7408748734816863 26.380000000000006
    vertex 100.67731040476735 2.9999999999999023 26.380000000000006
    vertex 102.28638492399811 2.9999999999999045 26.380000000000006
  endloop
endfacet
facet normal -9.836576989909705e-16 1.7917284086739228e-30 -1.0
  outer loop
    vertex 102.28638492399811 2.9999999999999045 26.380000000000006
    vertex 100.67731040476735 2.9999999999999023 26.380000000000006
    vertex 100.97012100699406 4.106401821862253 26.380000000000006
  endloop
endfacet
facet normal -9.836576989909705e-16 1.7917284086739228e-30 -1.0
  outer loop
    vertex 102.28638492399811 2.9999999999999045 26.380000000000006
    vertex 100.97012100699406 4.106401821862253 26.380000000000006
    vertex 101.9858250808807 4.106401821862254 26.380000000000006
  endloop
endfacet
facet normal -9.836576989909705e-16 1.7917284086739228e-30 -1.0
  outer loop
    vertex 109.91869367385226 2.000000000000012 26.38000000000001
    vertex 103.1565139725811 2.7408748734816863 26.380000000000006
    vertex 104.06855218108313 2.7408748734816855 26.380000000000006
  endloop
endfacet
facet normal -9.836576989909705e-16 1.7917284086739228e-30 -1.0
  outer loop
    vertex 109.91869367385226 2.000000000000012 26.38000000000001
    vertex 104.06855218108313 2.7408748734816855 26.380000000000006
    vertex 107.08877928128555 2.999999999999905 26.38
  endloop
endfacet
facet normal -9.836576989909705e-16 1.7917284086739228e-30 -1.0
  outer loop
    vertex 107.08877928128555 2.999999999999905 26.38
    vertex 104.06855218108313 2.7408748734816855 26.380000000000006
    vertex 106.067895867824 6.295878669028245 26.38
  endloop
endfacet
facet normal -9.836576989909705e-16 1.7917284086739228e-30 -1.0
  outer loop
    vertex 106.067895867824 6.295878669028245 26.38
    vertex 104.06855218108313 2.7408748734816855 26.380000000000006
    vertex 105.88234899282402 7.145764802631483 26.380000000000006
  endloop
endfacet
facet normal -9.836576989909705e-16 1.7917284086739228e-30 -1.0
  outer loop
    vertex 106.067895867824 6.295878669028245 26.38
    vertex 105.88234899282402 7.145764802631483 26.380000000000006
    vertex 106.067895867824 6.886639676113265 26.38
  endloop
endfacet
facet normal -9.836576989909705e-16 1.7917284086739228e-30 -1.0
  outer loop
    vertex 107.08877928128555 2.999999999999905 26.38
    vertex 106.067895867824 6.295878669028245 26.38
    vertex 107.08877928128553 6.295878669028245 26.38
  endloop
endfacet
facet normal -9.836576989909705e-16 1.7917284086739228e-30 -1.0
  outer loop
    vertex 109.91869367385226 2.000000000000012 26.38000000000001
    vertex 107.08877928128555 2.999999999999905 26.38
    vertex 107.99824758847178 2.999999999999905 26.38
  endloop
endfacet
facet normal -9.836576989909705e-16 1.7917284086739228e-30 -1.0
  outer loop
    vertex 109.91869367385226 2.000000000000012 26.38000000000001
    vertex 107.99824758847178 2.999999999999905 26.38
    vertex 109.00877232278353 6.295878669028245 26.38
  endloop
endfacet
facet normal -9.836576989909705e-16 1.7917284086739228e-30 -1.0
  outer loop
    vertex 103.17256597156896 2.999999999999907 26.380000000000006
    vertex 103.1565139725811 2.7408748734816863 26.380000000000006
    vertex 102.28638492399811 2.9999999999999045 26.380000000000006
  endloop
endfacet
facet normal -9.836576989909705e-16 1.7917284086739228e-30 -1.0
  outer loop
    vertex 103.1565139725811 2.7408748734816863 26.380000000000006
    vertex 103.17256597156896 2.999999999999907 26.380000000000006
    vertex 104.99359804393738 7.145764802631484 26.38
  endloop
endfacet
facet normal 1.0421615261590107e-15 1.0 5.035654433121869e-15
  outer loop
    vertex 98.46448735197107 10.05000000000002 26.66000000000003
    vertex 109.96448735197106 10.050000000000008 26.8
    vertex 109.96448735197106 10.050000000000008 26.660000000000018
  endloop
endfacet
facet normal 1.0421615261590107e-15 1.0 5.035654433121869e-15
  outer loop
    vertex 109.96448735197106 10.050000000000008 26.8
    vertex 98.46448735197107 10.05000000000002 26.66000000000003
    vertex 98.46448735197106 10.050000000000018 26.80000000000001
  endloop
endfacet
facet normal -0.9540437880430523 -0.29966723293757624 -4.565361037563625e-13
  outer loop
    vertex 103.18292465071866 2.9999999999999067 26.80000000000001
    vertex 101.94178092602239 6.951401189271159 26.659999999999954
    vertex 103.18292465071876 2.999999999999905 26.659999999999954
  endloop
endfacet
facet normal -0.9540437880430523 -0.29966723293757624 -4.565361037563625e-13
  outer loop
    vertex 101.94178092602239 6.951401189271159 26.659999999999954
    vertex 103.18292465071866 2.9999999999999067 26.80000000000001
    vertex 101.94178092602235 6.951401189271162 26.80000000000001
  endloop
endfacet
facet normal 0.0 1.0 0.0
  outer loop
    vertex 107.09913796043524 2.999999999999905 26.800000000000008
    vertex 108.00860626762159 2.999999999999905 26.659999999999954
    vertex 107.09913796043536 2.999999999999905 26.659999999999954
  endloop
endfacet
facet normal 0.0 1.0 0.0
  outer loop
    vertex 108.00860626762159 2.999999999999905 26.659999999999954
    vertex 107.09913796043524 2.999999999999905 26.800000000000008
    vertex 108.0086062676215 2.999999999999905 26.800000000000008
  endloop
endfacet
facet normal 0.08171027286480301 -0.9966561249038505 3.3086658486698196e-14
  outer loop
    vertex 101.94178092602235 6.951401189271162 26.80000000000001
    vertex 100.96233222916005 6.871101657388569 26.659999999999954
    vertex 101.94178092602239 6.951401189271159 26.659999999999954
  endloop
endfacet
facet normal 0.08171027286480301 -0.9966561249038505 3.3086658486698196e-14
  outer loop
    vertex 100.96233222916005 6.871101657388569 26.659999999999954
    vertex 101.94178092602235 6.951401189271162 26.80000000000001
    vertex 100.96233222916001 6.871101657388569 26.80000000000001
  endloop
endfacet
facet normal -9.944238011090532e-16 1.0 -6.294568041399623e-15
  outer loop
    vertex 102.2967436031478 2.999999999999905 26.80000000000001
    vertex 103.18292465071876 2.999999999999905 26.659999999999954
    vertex 102.2967436031479 2.999999999999905 26.659999999999954
  endloop
endfacet
facet normal -9.944238011090532e-16 1.0 -6.294568041399623e-15
  outer loop
    vertex 103.18292465071876 2.999999999999905 26.659999999999954
    vertex 102.2967436031478 2.999999999999905 26.80000000000001
    vertex 103.18292465071866 2.9999999999999067 26.80000000000001
  endloop
endfacet
facet normal -9.808579069731812e-16 1.9608355299917046e-29 -1.0
  outer loop
    vertex 98.46448735197107 15.500000000000023 26.380000000000027
    vertex 109.96448735197106 14.650000000000013 26.380000000000017
    vertex 98.46448735197106 14.650000000000023 26.380000000000027
  endloop
endfacet
facet normal -9.808579069731812e-16 1.9608355299917046e-29 -1.0
  outer loop
    vertex 109.96448735197106 14.650000000000013 26.380000000000017
    vertex 98.46448735197107 15.500000000000023 26.380000000000027
    vertex 109.96448735197109 15.50000000000001 26.380000000000017
  endloop
endfacet
facet normal 1.8628404167287294e-32 1.0 -2.014261773247755e-14
  outer loop
    vertex 106.0782545469737 6.295878669028248 26.800000000000008
    vertex 107.09913796043536 6.295878669028245 26.659999999999954
    vertex 106.07825454697381 6.295878669028245 26.659999999999954
  endloop
endfacet
facet normal 1.8628404167287294e-32 1.0 -2.014261773247755e-14
  outer loop
    vertex 107.09913796043536 6.295878669028245 26.659999999999954
    vertex 106.0782545469737 6.295878669028248 26.800000000000008
    vertex 107.09913796043524 6.295878669028248 26.800000000000008
  endloop
endfacet
facet normal -0.924136153912905 0.3805305550291586 0.0341886782468122
  outer loop
    vertex 104.07891086023291 2.7408748734816863 26.659999999999954
    vertex 105.88234899282402 7.145764802631483 26.380000000000006
    vertex 104.06855218108313 2.7408748734816855 26.380000000000006
  endloop
endfacet
facet normal -0.924136153912905 0.3805305550291586 0.0341886782468122
  outer loop
    vertex 105.88234899282402 7.145764802631483 26.380000000000006
    vertex 104.07891086023291 2.7408748734816863 26.659999999999954
    vertex 105.89270767197382 7.145764802631484 26.659999999999954
  endloop
endfacet
facet normal 1.0421615261590107e-15 1.0 5.035654433121869e-15
  outer loop
    vertex 98.46448735197107 11.85000000000002 26.66000000000003
    vertex 109.96448735197106 11.850000000000007 26.8
    vertex 109.96448735197106 11.850000000000007 26.660000000000018
  endloop
endfacet
facet normal 1.0421615261590107e-15 1.0 5.035654433121869e-15
  outer loop
    vertex 109.96448735197106 11.850000000000007 26.8
    vertex 98.46448735197107 11.85000000000002 26.66000000000003
    vertex 98.46448735197106 11.850000000000017 26.80000000000001
  endloop
endfacet
facet normal -0.966718296321095 0.25584318548290397 -1.581803944699618e-13
  outer loop
    vertex 100.68766908391713 2.9999999999999067 26.80000000000001
    vertex 100.98047968614385 4.106401821862253 26.659999999999954
    vertex 100.68766908391713 2.999999999999905 26.659999999999954
  endloop
endfacet
facet normal -0.966718296321095 0.25584318548290397 -1.581803944699618e-13
  outer loop
    vertex 100.98047968614385 4.106401821862253 26.659999999999954
    vertex 100.68766908391713 2.9999999999999067 26.80000000000001
    vertex 100.98047968614381 4.106401821862254 26.80000000000001
  endloop
endfacet
facet normal 1.0 -9.232427275089378e-31 8.057047092991021e-13
  outer loop
    vertex 107.09913796043536 6.295878669028245 26.659999999999954
    vertex 107.09913796043524 2.999999999999905 26.800000000000008
    vertex 107.09913796043536 2.999999999999905 26.659999999999954
  endloop
endfacet
facet normal 1.0 -9.232427275089378e-31 8.057047092991021e-13
  outer loop
    vertex 107.09913796043524 2.999999999999905 26.800000000000008
    vertex 107.09913796043536 6.295878669028245 26.659999999999954
    vertex 107.09913796043524 6.295878669028248 26.800000000000008
  endloop
endfacet
facet normal 6.940915555643087e-16 1.0 2.7975416798602184e-28
  outer loop
    vertex 100.98047968614381 4.106401821862254 26.80000000000001
    vertex 101.99618376003049 4.106401821862253 26.659999999999954
    vertex 100.98047968614385 4.106401821862253 26.659999999999954
  endloop
endfacet
facet normal 6.940915555643087e-16 1.0 2.7975416798602184e-28
  outer loop
    vertex 101.99618376003049 4.106401821862253 26.659999999999954
    vertex 100.98047968614381 4.106401821862254 26.80000000000001
    vertex 101.99618376003042 4.106401821862253 26.80000000000001
  endloop
endfacet
facet normal -9.80857906973201e-16 -1.0 -2.01426177324848e-14
  outer loop
    vertex 109.96448735197109 14.650000000000007 26.660000000000018
    vertex 98.46448735197106 14.650000000000023 26.380000000000027
    vertex 109.96448735197106 14.650000000000013 26.380000000000017
  endloop
endfacet
facet normal -9.80857906973201e-16 -1.0 -2.01426177324848e-14
  outer loop
    vertex 98.46448735197106 14.650000000000023 26.380000000000027
    vertex 109.96448735197109 14.650000000000007 26.660000000000018
    vertex 98.46448735197107 14.650000000000018 26.66000000000003
  endloop
endfacet
facet normal -1.0 0.0 -1.6114094185989833e-13
  outer loop
    vertex 109.96448735197106 14.650000000000007 26.8
    vertex 109.96448735197109 13.650000000000004 26.660000000000018
    vertex 109.96448735197106 13.650000000000004 26.8
  endloop
endfacet
facet normal -1.0 0.0 -1.6114094185989833e-13
  outer loop
    vertex 109.96448735197109 13.650000000000004 26.660000000000018
    vertex 109.96448735197106 14.650000000000007 26.8
    vertex 109.96448735197109 14.650000000000007 26.660000000000018
  endloop
endfacet
facet normal -1.2465166986532953e-32 -1.0 -1.0071308866238371e-14
  outer loop
    vertex 105.89270767197374 7.145764802631483 26.80000000000001
    vertex 105.00395672308717 7.145764802631484 26.659999999999954
    vertex 105.89270767197382 7.145764802631484 26.659999999999954
  endloop
endfacet
facet normal -1.2465166986532953e-32 -1.0 -1.0071308866238371e-14
  outer loop
    vertex 105.00395672308717 7.145764802631484 26.659999999999954
    vertex 105.89270767197374 7.145764802631483 26.80000000000001
    vertex 105.00395672308707 7.145764802631483 26.80000000000001
  endloop
endfacet
facet normal 1.0 -2.7337871830876717e-30 8.05704709299102e-13
  outer loop
    vertex 106.07825454697381 6.886639676113265 26.659999999999954
    vertex 106.0782545469737 6.295878669028248 26.800000000000008
    vertex 106.07825454697381 6.295878669028245 26.659999999999954
  endloop
endfacet
facet normal 1.0 -2.7337871830876717e-30 8.05704709299102e-13
  outer loop
    vertex 106.0782545469737 6.295878669028248 26.800000000000008
    vertex 106.07825454697381 6.886639676113265 26.659999999999954
    vertex 106.0782545469737 6.886639676113266 26.800000000000008
  endloop
endfacet
facet normal 8.582506686015397e-16 1.0 5.035654433121215e-15
  outer loop
    vertex 98.46448735197107 10.050000000000018 26.380000000000027
    vertex 109.96448735197106 10.050000000000008 26.660000000000018
    vertex 109.96448735197106 10.050000000000011 26.380000000000017
  endloop
endfacet
facet normal 8.582506686015397e-16 1.0 5.035654433121215e-15
  outer loop
    vertex 109.96448735197106 10.050000000000008 26.660000000000018
    vertex 98.46448735197107 10.050000000000018 26.380000000000027
    vertex 98.46448735197107 10.05000000000002 26.66000000000003
  endloop
endfacet
facet normal 0.9650259566098183 0.2621543497051031 5.449581572709771e-13
  outer loop
    vertex 101.99618376003049 4.106401821862253 26.659999999999954
    vertex 102.2967436031478 2.999999999999905 26.80000000000001
    vertex 102.2967436031479 2.999999999999905 26.659999999999954
  endloop
endfacet
facet normal 0.9650259566098183 0.2621543497051031 5.449581572709771e-13
  outer loop
    vertex 102.2967436031478 2.999999999999905 26.80000000000001
    vertex 101.99618376003049 4.106401821862253 26.659999999999954
    vertex 101.99618376003042 4.106401821862253 26.80000000000001
  endloop
endfacet
facet normal -9.808579069731816e-16 -1.0 -7.880216816751368e-29
  outer loop
    vertex 109.96448735197106 14.650000000000007 26.8
    vertex 98.46448735197107 14.650000000000018 26.66000000000003
    vertex 109.96448735197109 14.650000000000007 26.660000000000018
  endloop
endfacet
facet normal -9.808579069731816e-16 -1.0 -7.880216816751368e-29
  outer loop
    vertex 98.46448735197107 14.650000000000018 26.66000000000003
    vertex 109.96448735197106 14.650000000000007 26.8
    vertex 98.46448735197107 14.650000000000018 26.80000000000001
  endloop
endfacet
facet normal 1.0 -5.639932965095814e-15 4.0285235464974564e-14
  outer loop
    vertex 98.46448735197107 11.85000000000002 26.66000000000003
    vertex 98.46448735197107 12.850000000000016 26.80000000000001
    vertex 98.46448735197106 11.850000000000017 26.80000000000001
  endloop
endfacet
facet normal 1.0 -5.639932965095814e-15 4.0285235464974564e-14
  outer loop
    vertex 98.46448735197107 12.850000000000016 26.80000000000001
    vertex 98.46448735197107 11.85000000000002 26.66000000000003
    vertex 98.46448735197107 12.850000000000016 26.66000000000003
  endloop
endfacet
facet normal -0.9246767233845162 0.38075314474193794 -6.703088274802228e-13
  outer loop
    vertex 104.0789108602328 2.7408748734816877 26.80000000000001
    vertex 105.89270767197382 7.145764802631484 26.659999999999954
    vertex 104.07891086023291 2.7408748734816863 26.659999999999954
  endloop
endfacet
facet normal -0.9246767233845162 0.38075314474193794 -6.703088274802228e-13
  outer loop
    vertex 105.89270767197382 7.145764802631484 26.659999999999954
    vertex 104.0789108602328 2.7408748734816877 26.80000000000001
    vertex 105.89270767197374 7.145764802631483 26.80000000000001
  endloop
endfacet
facet normal 8.582506686015397e-16 1.0 5.035654433121215e-15
  outer loop
    vertex 98.46448735197107 11.850000000000017 26.380000000000027
    vertex 109.96448735197106 11.850000000000007 26.660000000000018
    vertex 109.96448735197106 11.85000000000001 26.380000000000017
  endloop
endfacet
facet normal 8.582506686015397e-16 1.0 5.035654433121215e-15
  outer loop
    vertex 109.96448735197106 11.850000000000007 26.660000000000018
    vertex 98.46448735197107 11.850000000000017 26.380000000000027
    vertex 98.46448735197107 11.85000000000002 26.66000000000003
  endloop
endfacet
facet normal -7.969470494157035e-16 -1.0 7.553481649681824e-15
  outer loop
    vertex 109.96448735197106 11.050000000000011 26.660000000000018
    vertex 98.46448735197107 11.050000000000018 26.380000000000027
    vertex 109.96448735197106 11.050000000000008 26.380000000000017
  endloop
endfacet
facet normal -7.969470494157035e-16 -1.0 7.553481649681824e-15
  outer loop
    vertex 98.46448735197107 11.050000000000018 26.380000000000027
    vertex 109.96448735197106 11.050000000000011 26.660000000000018
    vertex 98.46448735197107 11.050000000000018 26.66000000000003
  endloop
endfacet
facet normal -1.9283877117524198e-32 1.0 -2.014261773247755e-14
  outer loop
    vertex 108.0086062676215 6.295878669028248 26.800000000000008
    vertex 109.01913100193333 6.295878669028245 26.659999999999954
    vertex 108.00860626762159 6.295878669028245 26.659999999999954
  endloop
endfacet
facet normal -1.9283877117524198e-32 1.0 -2.014261773247755e-14
  outer loop
    vertex 109.01913100193333 6.295878669028245 26.659999999999954
    vertex 108.0086062676215 6.295878669028248 26.800000000000008
    vertex 109.01913100193325 6.295878669028248 26.800000000000008
  endloop
endfacet
facet normal -8.582506686015542e-16 -1.0 -2.0142617732487332e-14
  outer loop
    vertex 109.96448735197106 11.050000000000006 26.8
    vertex 98.46448735197107 11.050000000000018 26.66000000000003
    vertex 109.96448735197106 11.050000000000011 26.660000000000018
  endloop
endfacet
facet normal -8.582506686015542e-16 -1.0 -2.0142617732487332e-14
  outer loop
    vertex 98.46448735197107 11.050000000000018 26.66000000000003
    vertex 109.96448735197106 11.050000000000006 26.8
    vertex 98.46448735197106 11.050000000000018 26.80000000000001
  endloop
endfacet
facet normal 0.9229494245304741 -0.3849212383837333 6.608144580308295e-13
  outer loop
    vertex 103.1668726517309 2.7408748734816863 26.659999999999954
    vertex 105.00395672308707 7.145764802631483 26.80000000000001
    vertex 103.16687265173078 2.7408748734816815 26.80000000000001
  endloop
endfacet
facet normal 0.9229494245304741 -0.3849212383837333 6.608144580308295e-13
  outer loop
    vertex 105.00395672308707 7.145764802631483 26.80000000000001
    vertex 103.1668726517309 2.7408748734816863 26.659999999999954
    vertex 105.00395672308717 7.145764802631484 26.659999999999954
  endloop
endfacet
facet normal 0.9864036073477961 -0.16434087565561714 1.9951847323090573e-13
  outer loop
    vertex 100.96233222916005 6.871101657388569 26.659999999999954
    vertex 100.87167401812764 6.32695470647764 26.80000000000001
    vertex 100.87167401812766 6.326954706477638 26.659999999999954
  endloop
endfacet
facet normal 0.9864036073477961 -0.16434087565561714 1.9951847323090573e-13
  outer loop
    vertex 100.87167401812764 6.32695470647764 26.80000000000001
    vertex 100.96233222916005 6.871101657388569 26.659999999999954
    vertex 100.96233222916001 6.871101657388569 26.80000000000001
  endloop
endfacet
facet normal -1.664135516793929e-15 1.0 -2.517827216559086e-15
  outer loop
    vertex 99.840392388573 2.999999999999904 26.800000000000026
    vertex 100.68766908391713 2.999999999999905 26.659999999999954
    vertex 99.840392388573 2.999999999999905 26.659999999999954
  endloop
endfacet
facet normal -1.664135516793929e-15 1.0 -2.517827216559086e-15
  outer loop
    vertex 100.68766908391713 2.999999999999905 26.659999999999954
    vertex 99.840392388573 2.999999999999904 26.800000000000026
    vertex 100.68766908391713 2.9999999999999067 26.80000000000001
  endloop
endfacet
facet normal -9.80857906973182e-16 -7.043271088730853e-30 -1.0
  outer loop
    vertex 109.96448735197106 13.650000000000004 26.380000000000017
    vertex 98.46448735197107 12.850000000000016 26.380000000000027
    vertex 98.46448735197106 13.650000000000018 26.380000000000027
  endloop
endfacet
facet normal -9.80857906973182e-16 -7.043271088730853e-30 -1.0
  outer loop
    vertex 98.46448735197107 12.850000000000016 26.380000000000027
    vertex 109.96448735197106 13.650000000000004 26.380000000000017
    vertex 109.96448735197106 12.850000000000005 26.380000000000017
  endloop
endfacet
facet normal -9.808579069731826e-16 -1.215521376771385e-31 -1.0
  outer loop
    vertex 109.96448735197106 11.85000000000001 26.380000000000017
    vertex 98.46448735197107 11.050000000000018 26.380000000000027
    vertex 98.46448735197107 11.850000000000017 26.380000000000027
  endloop
endfacet
facet normal -9.808579069731826e-16 -1.215521376771385e-31 -1.0
  outer loop
    vertex 98.46448735197107 11.050000000000018 26.380000000000027
    vertex 109.96448735197106 11.85000000000001 26.380000000000017
    vertex 109.96448735197106 11.050000000000008 26.380000000000017
  endloop
endfacet
facet normal 1.0 0.0 0.0
  outer loop
    vertex 98.46448735197107 13.650000000000018 26.66000000000003
    vertex 98.46448735197107 14.650000000000018 26.80000000000001
    vertex 98.46448735197107 13.650000000000015 26.80000000000001
  endloop
endfacet
facet normal 1.0 0.0 0.0
  outer loop
    vertex 98.46448735197107 14.650000000000018 26.80000000000001
    vertex 98.46448735197107 13.650000000000018 26.66000000000003
    vertex 98.46448735197107 14.650000000000018 26.66000000000003
  endloop
endfacet
facet normal -1.0918942820017074e-15 -1.0 1.906410634436057e-15
  outer loop
    vertex 102.81189585570112 8.249999999999993 16.299999999999965
    vertex 100.21448735197104 8.249999999999995 15.800000000000017
    vertex 102.81189585570112 8.249999999999993 15.800000000000013
  endloop
endfacet
facet normal -1.0918942820017074e-15 -1.0 1.906410634436057e-15
  outer loop
    vertex 110.96448735197106 8.250000000000007 16.800000000000004
    vertex 108.21448735197103 8.249999999999986 10.800000000000011
    vertex 110.96448735197103 8.249999999999984 10.800000000000006
  endloop
endfacet
facet normal -1.0918942820017074e-15 -1.0 1.906410634436057e-15
  outer loop
    vertex 108.21448735197103 8.249999999999986 10.800000000000011
    vertex 110.96448735197106 8.250000000000007 16.800000000000004
    vertex 108.21448735197104 8.249999999999988 15.800000000000008
  endloop
endfacet
facet normal -1.0918942820017074e-15 -1.0 1.906410634436057e-15
  outer loop
    vertex 108.21448735197104 8.249999999999988 15.800000000000008
    vertex 110.96448735197106 8.250000000000007 16.800000000000004
    vertex 105.61707884824096 8.24999999999999 15.800000000000011
  endloop
endfacet
facet normal -1.0918942820017074e-15 -1.0 1.906410634436057e-15
  outer loop
    vertex 105.61707884824096 8.24999999999999 15.800000000000011
    vertex 110.96448735197106 8.250000000000007 16.800000000000004
    vertex 105.61707884824096 8.249999999999986 16.299999999999958
  endloop
endfacet
facet normal -1.0918942820017074e-15 -1.0 1.906410634436057e-15
  outer loop
    vertex 105.61707884824096 8.249999999999986 16.299999999999958
    vertex 110.96448735197106 8.250000000000007 16.800000000000004
    vertex 102.81189585570112 8.249999999999993 16.299999999999965
  endloop
endfacet
facet normal -1.0918942820017074e-15 -1.0 1.906410634436057e-15
  outer loop
    vertex 100.21448735197104 8.249999999999995 15.800000000000017
    vertex 97.46448735197103 8.249999999999998 10.800000000000022
    vertex 100.21448735197104 8.249999999999995 10.800000000000017
  endloop
endfacet
facet normal -1.0918942820017074e-15 -1.0 1.906410634436057e-15
  outer loop
    vertex 97.46448735197103 8.249999999999998 10.800000000000022
    vertex 100.21448735197104 8.249999999999995 15.800000000000017
    vertex 97.46448735197107 8.250000000000018 16.80000000000002
  endloop
endfacet
facet normal -1.0918942820017074e-15 -1.0 1.906410634436057e-15
  outer loop
    vertex 97.46448735197107 8.250000000000018 16.80000000000002
    vertex 100.21448735197104 8.249999999999995 15.800000000000017
    vertex 102.81189585570112 8.249999999999993 16.299999999999965
  endloop
endfacet
facet normal -1.0918942820017074e-15 -1.0 1.906410634436057e-15
  outer loop
    vertex 97.46448735197107 8.250000000000018 16.80000000000002
    vertex 102.81189585570112 8.249999999999993 16.299999999999965
    vertex 110.96448735197106 8.250000000000007 16.800000000000004
  endloop
endfacet
facet normal -1.0918942820017074e-15 -1.0 1.906410634436057e-15
  outer loop
    vertex 97.46448735197107 8.250000000000018 16.80000000000002
    vertex 110.96448735197106 8.250000000000007 16.800000000000004
    vertex 104.21448735197106 8.250000000000014 21.800000000000004
  endloop
endfacet
facet normal 1.0 2.9842979198910165e-31 8.057047092994917e-14
  outer loop
    vertex 98.46448735197107 10.05000000000002 26.66000000000003
    vertex 98.46448735197106 11.050000000000018 26.80000000000001
    vertex 98.46448735197106 10.050000000000018 26.80000000000001
  endloop
endfacet
facet normal 1.0 2.9842979198910165e-31 8.057047092994917e-14
  outer loop
    vertex 98.46448735197106 11.050000000000018 26.80000000000001
    vertex 98.46448735197107 10.05000000000002 26.66000000000003
    vertex 98.46448735197107 11.050000000000018 26.66000000000003
  endloop
endfacet
facet normal -9.808579069731824e-16 -1.0 4.272240666641711e-31
  outer loop
    vertex 109.96448735197106 12.850000000000005 26.660000000000018
    vertex 98.46448735197107 12.850000000000016 26.380000000000027
    vertex 109.96448735197106 12.850000000000005 26.380000000000017
  endloop
endfacet
facet normal -9.808579069731824e-16 -1.0 4.272240666641711e-31
  outer loop
    vertex 98.46448735197107 12.850000000000016 26.380000000000027
    vertex 109.96448735197106 12.850000000000005 26.660000000000018
    vertex 98.46448735197107 12.850000000000016 26.66000000000003
  endloop
endfacet
facet normal -3.2851851597624512e-15 1.0 1.1330222474515519e-14
  outer loop
    vertex 103.16687265173078 2.7408748734816815 26.80000000000001
    vertex 104.07891086023291 2.7408748734816863 26.659999999999954
    vertex 103.1668726517309 2.7408748734816863 26.659999999999954
  endloop
endfacet
facet normal -3.2851851597624512e-15 1.0 1.1330222474515519e-14
  outer loop
    vertex 104.07891086023291 2.7408748734816863 26.659999999999954
    vertex 103.16687265173078 2.7408748734816815 26.80000000000001
    vertex 104.0789108602328 2.7408748734816877 26.80000000000001
  endloop
endfacet
facet normal 8.872462325813817e-16 1.0 -1.9358260578515816e-15
  outer loop
    vertex 97.46448735197103 9.249999999999996 10.800000000000022
    vertex 100.21448735197104 9.249999999999995 15.800000000000017
    vertex 100.21448735197104 9.249999999999995 10.800000000000017
  endloop
endfacet
facet normal 8.872462325813817e-16 1.0 -1.9358260578515816e-15
  outer loop
    vertex 100.21448735197104 9.249999999999995 15.800000000000017
    vertex 97.46448735197103 9.249999999999996 10.800000000000022
    vertex 97.46448735197107 9.250000000000021 16.800000000000026
  endloop
endfacet
facet normal 8.872462325813817e-16 1.0 -1.9358260578515816e-15
  outer loop
    vertex 100.21448735197104 9.249999999999995 15.800000000000017
    vertex 97.46448735197107 9.250000000000021 16.800000000000026
    vertex 102.81189585570112 9.249999999999993 16.299999999999965
  endloop
endfacet
facet normal 8.872462325813817e-16 1.0 -1.9358260578515816e-15
  outer loop
    vertex 102.81189585570112 9.249999999999993 16.299999999999965
    vertex 97.46448735197107 9.250000000000021 16.800000000000026
    vertex 110.96448735197106 9.250000000000007 16.80000000000002
  endloop
endfacet
facet normal 8.872462325813817e-16 1.0 -1.9358260578515816e-15
  outer loop
    vertex 110.96448735197106 9.250000000000007 16.80000000000002
    vertex 97.46448735197107 9.250000000000021 16.800000000000026
    vertex 104.21448735197106 9.250000000000012 21.80000000000004
  endloop
endfacet
facet normal 8.872462325813817e-16 1.0 -1.9358260578515816e-15
  outer loop
    vertex 108.21448735197103 9.249999999999986 10.800000000000011
    vertex 110.96448735197106 9.250000000000007 16.80000000000002
    vertex 110.96448735197103 9.249999999999982 10.800000000000006
  endloop
endfacet
facet normal 8.872462325813817e-16 1.0 -1.9358260578515816e-15
  outer loop
    vertex 110.96448735197106 9.250000000000007 16.80000000000002
    vertex 108.21448735197103 9.249999999999986 10.800000000000011
    vertex 108.21448735197104 9.249999999999988 15.800000000000008
  endloop
endfacet
facet normal 8.872462325813817e-16 1.0 -1.9358260578515816e-15
  outer loop
    vertex 110.96448735197106 9.250000000000007 16.80000000000002
    vertex 108.21448735197104 9.249999999999988 15.800000000000008
    vertex 105.61707884824096 9.24999999999999 15.800000000000011
  endloop
endfacet
facet normal 8.872462325813817e-16 1.0 -1.9358260578515816e-15
  outer loop
    vertex 110.96448735197106 9.250000000000007 16.80000000000002
    vertex 105.61707884824096 9.24999999999999 15.800000000000011
    vertex 105.61707884824096 9.24999999999999 16.29999999999996
  endloop
endfacet
facet normal 8.872462325813817e-16 1.0 -1.9358260578515816e-15
  outer loop
    vertex 110.96448735197106 9.250000000000007 16.80000000000002
    vertex 105.61707884824096 9.24999999999999 16.29999999999996
    vertex 102.81189585570112 9.249999999999993 16.299999999999965
  endloop
endfacet
facet normal 8.872462325813817e-16 1.0 -1.9358260578515816e-15
  outer loop
    vertex 102.81189585570112 9.249999999999993 16.299999999999965
    vertex 102.81189585570112 9.249999999999993 15.800000000000013
    vertex 100.21448735197104 9.249999999999995 15.800000000000017
  endloop
endfacet
facet normal -1.0 2.18702974647017e-30 -6.445637674392816e-13
  outer loop
    vertex 109.01913100193325 6.295878669028248 26.800000000000008
    vertex 109.01913100193333 6.886639676113265 26.659999999999954
    vertex 109.01913100193333 6.295878669028245 26.659999999999954
  endloop
endfacet
facet normal -1.0 2.18702974647017e-30 -6.445637674392816e-13
  outer loop
    vertex 109.01913100193333 6.886639676113265 26.659999999999954
    vertex 109.01913100193325 6.295878669028248 26.800000000000008
    vertex 109.01913100193325 6.886639676113266 26.800000000000008
  endloop
endfacet
facet normal 1.2260723837164762e-15 1.0 -7.491925265836999e-29
  outer loop
    vertex 98.46448735197106 13.650000000000018 26.380000000000027
    vertex 109.96448735197109 13.650000000000004 26.660000000000018
    vertex 109.96448735197106 13.650000000000004 26.380000000000017
  endloop
endfacet
facet normal 1.2260723837164762e-15 1.0 -7.491925265836999e-29
  outer loop
    vertex 109.96448735197109 13.650000000000004 26.660000000000018
    vertex 98.46448735197106 13.650000000000018 26.380000000000027
    vertex 98.46448735197107 13.650000000000018 26.66000000000003
  endloop
endfacet
facet normal 0.9551633613366217 -0.2960793021474587 7.803888138684578e-14
  outer loop
    vertex 99.840392388573 2.999999999999905 26.659999999999954
    vertex 100.87167401812764 6.32695470647764 26.80000000000001
    vertex 99.840392388573 2.999999999999904 26.800000000000026
  endloop
endfacet
facet normal 0.9551633613366217 -0.2960793021474587 7.803888138684578e-14
  outer loop
    vertex 100.87167401812764 6.32695470647764 26.80000000000001
    vertex 99.840392388573 2.999999999999905 26.659999999999954
    vertex 100.87167401812766 6.326954706477638 26.659999999999954
  endloop
endfacet
facet normal -1.526452508968868e-32 -1.0 1.0071308866238775e-14
  outer loop
    vertex 109.01913100193325 6.886639676113266 26.800000000000008
    vertex 106.07825454697381 6.886639676113265 26.659999999999954
    vertex 109.01913100193333 6.886639676113265 26.659999999999954
  endloop
endfacet
facet normal -1.526452508968868e-32 -1.0 1.0071308866238775e-14
  outer loop
    vertex 106.07825454697381 6.886639676113265 26.659999999999954
    vertex 109.01913100193325 6.886639676113266 26.800000000000008
    vertex 106.0782545469737 6.886639676113266 26.800000000000008
  endloop
endfacet
facet normal -9.808579069731826e-16 -1.0 -1.7915847956985045e-30
  outer loop
    vertex 109.96448735197106 12.850000000000005 26.8
    vertex 98.46448735197107 12.850000000000016 26.66000000000003
    vertex 109.96448735197106 12.850000000000005 26.660000000000018
  endloop
endfacet
facet normal -9.808579069731826e-16 -1.0 -1.7915847956985045e-30
  outer loop
    vertex 98.46448735197107 12.850000000000016 26.66000000000003
    vertex 109.96448735197106 12.850000000000005 26.8
    vertex 98.46448735197107 12.850000000000016 26.80000000000001
  endloop
endfacet
facet normal -1.0 0.0 0.0
  outer loop
    vertex 109.96448735197106 12.850000000000005 26.8
    vertex 109.96448735197106 11.850000000000007 26.660000000000018
    vertex 109.96448735197106 11.850000000000007 26.8
  endloop
endfacet
facet normal -1.0 0.0 0.0
  outer loop
    vertex 109.96448735197106 11.850000000000007 26.660000000000018
    vertex 109.96448735197106 12.850000000000005 26.8
    vertex 109.96448735197106 12.850000000000005 26.660000000000018
  endloop
endfacet
facet normal 1.1034651453448394e-15 1.0 1.0071308866243734e-14
  outer loop
    vertex 98.46448735197107 13.650000000000018 26.66000000000003
    vertex 109.96448735197106 13.650000000000004 26.8
    vertex 109.96448735197109 13.650000000000004 26.660000000000018
  endloop
endfacet
facet normal 1.1034651453448394e-15 1.0 1.0071308866243734e-14
  outer loop
    vertex 109.96448735197106 13.650000000000004 26.8
    vertex 98.46448735197107 13.650000000000018 26.66000000000003
    vertex 98.46448735197107 13.650000000000015 26.80000000000001
  endloop
endfacet
facet normal -1.0 7.385941820071505e-31 -6.445637674392817e-13
  outer loop
    vertex 108.0086062676215 6.295878669028248 26.800000000000008
    vertex 108.00860626762159 2.999999999999905 26.659999999999954
    vertex 108.0086062676215 2.999999999999905 26.800000000000008
  endloop
endfacet
facet normal -1.0 7.385941820071505e-31 -6.445637674392817e-13
  outer loop
    vertex 108.00860626762159 2.999999999999905 26.659999999999954
    vertex 108.0086062676215 6.295878669028248 26.800000000000008
    vertex 108.00860626762159 6.295878669028245 26.659999999999954
  endloop
endfacet
facet normal -1.0 0.0 0.0
  outer loop
    vertex 109.96448735197106 11.050000000000006 26.8
    vertex 109.96448735197106 10.050000000000008 26.660000000000018
    vertex 109.96448735197106 10.050000000000008 26.8
  endloop
endfacet
facet normal -1.0 0.0 0.0
  outer loop
    vertex 109.96448735197106 10.050000000000008 26.660000000000018
    vertex 109.96448735197106 11.050000000000006 26.8
    vertex 109.96448735197106 11.050000000000011 26.660000000000018
  endloop
endfacet
facet normal 1.0 -3.355094343951845e-30 -2.7298804284103877e-15
  outer loop
    vertex 97.46448735197104 15.499999999999995 10.800000000000022
    vertex 97.46448735197107 9.250000000000021 16.800000000000026
    vertex 97.46448735197103 9.249999999999996 10.800000000000022
  endloop
endfacet
facet normal 1.0 -3.355094343951845e-30 -2.7298804284103877e-15
  outer loop
    vertex 97.46448735197107 9.250000000000021 16.800000000000026
    vertex 97.46448735197104 15.499999999999995 10.800000000000022
    vertex 97.46448735197106 15.500000000000014 16.800000000000036
  endloop
endfacet
facet normal 8.721406855681094e-16 1.0 -1.5142105944193127e-15
  outer loop
    vertex 98.46448735197107 16.500000000000018 17.30000000000001
    vertex 100.46448735197106 16.499999999999993 10.800000000000017
    vertex 98.46448735197106 16.499999999999996 10.800000000000017
  endloop
endfacet
facet normal 8.721406855681094e-16 1.0 -1.5142105944193127e-15
  outer loop
    vertex 100.46448735197106 16.499999999999993 10.800000000000017
    vertex 98.46448735197107 16.500000000000018 17.30000000000001
    vertex 100.46448735197106 16.500000000000014 17.30000000000001
  endloop
endfacet
facet normal 8.721406855681094e-16 1.0 -1.5142105944193127e-15
  outer loop
    vertex 100.46448735197106 16.500000000000014 17.30000000000001
    vertex 98.46448735197107 16.500000000000018 17.30000000000001
    vertex 96.46448735197107 16.500000000000018 17.300000000000015
  endloop
endfacet
facet normal 8.721406855681094e-16 1.0 -1.5142105944193127e-15
  outer loop
    vertex 107.96448735197104 16.499999999999986 10.800000000000011
    vertex 109.96448735197106 16.500000000000007 17.3
    vertex 109.96448735197106 16.499999999999982 10.800000000000006
  endloop
endfacet
facet normal 8.721406855681094e-16 1.0 -1.5142105944193127e-15
  outer loop
    vertex 109.96448735197106 16.500000000000007 17.3
    vertex 107.96448735197104 16.499999999999986 10.800000000000011
    vertex 107.96448735197106 16.500000000000007 17.3
  endloop
endfacet
facet normal 8.721406855681094e-16 1.0 -1.5142105944193127e-15
  outer loop
    vertex 109.96448735197106 16.500000000000007 17.3
    vertex 107.96448735197106 16.500000000000007 17.3
    vertex 111.96448735197107 16.500000000000004 17.3
  endloop
endfacet
facet normal 8.721406855681094e-16 1.0 -1.5142105944193127e-15
  outer loop
    vertex 111.96448735197107 16.500000000000004 17.3
    vertex 107.96448735197106 16.500000000000007 17.3
    vertex 111.96448735197107 16.500000000000004 26.8
  endloop
endfacet
facet normal 8.721406855681094e-16 1.0 -1.5142105944193127e-15
  outer loop
    vertex 111.96448735197107 16.500000000000004 26.8
    vertex 107.96448735197106 16.500000000000007 17.3
    vertex 100.46448735197106 16.500000000000014 17.30000000000001
  endloop
endfacet
facet normal 8.721406855681094e-16 1.0 -1.5142105944193127e-15
  outer loop
    vertex 111.96448735197107 16.500000000000004 26.8
    vertex 100.46448735197106 16.500000000000014 17.30000000000001
    vertex 96.46448735197107 16.500000000000018 17.300000000000015
  endloop
endfacet
facet normal 8.721406855681094e-16 1.0 -1.5142105944193127e-15
  outer loop
    vertex 111.96448735197107 16.500000000000004 26.8
    vertex 96.46448735197107 16.500000000000018 17.300000000000015
    vertex 96.46448735197107 16.50000000000002 26.80000000000002
  endloop
endfacet
facet normal -1.0 3.609557097661318e-15 2.293099559864724e-15
  outer loop
    vertex 110.96448735197106 9.250000000000007 16.80000000000002
    vertex 110.96448735197106 15.499999999999982 10.800000000000006
    vertex 110.96448735197103 9.249999999999982 10.800000000000006
  endloop
endfacet
facet normal -1.0 3.609557097661318e-15 2.293099559864724e-15
  outer loop
    vertex 110.96448735197106 15.499999999999982 10.800000000000006
    vertex 110.96448735197106 9.250000000000007 16.80000000000002
    vertex 110.96448735197107 15.500000000000009 16.80000000000001
  endloop
endfacet
facet normal 0.707938358279908 -0.7062718936246192 0.001814704340429781
  outer loop
    vertex 98.46448735197104 0.9999999999999966 16.299999999999958
    vertex 97.47516760323316 0.00942235977343335 16.80000000000002
    vertex 97.47457252131056 0.006676252983533729 16.299999999999958
  endloop
endfacet
facet normal 0.707938358279908 -0.7062718936246192 0.001814704340429781
  outer loop
    vertex 97.47516760323316 0.00942235977343335 16.80000000000002
    vertex 98.46448735197104 0.9999999999999966 16.299999999999958
    vertex 97.96951260551113 0.5050252535410334 16.800000000000015
  endloop
endfacet
facet normal 0.707938358279908 -0.7062718936246192 0.001814704340429781
  outer loop
    vertex 97.96951260551113 0.5050252535410334 16.800000000000015
    vertex 98.46448735197104 0.9999999999999966 16.299999999999958
    vertex 98.46448735197106 1.000000000000017 16.800000000000015
  endloop
endfacet
facet normal 1.0792464315924015e-15 1.0 -2.4880234953762747e-15
  outer loop
    vertex 97.46448735197103 1.9999999999999978 10.800000000000022
    vertex 110.96448735197106 2.000000000000012 16.800000000000004
    vertex 110.96448735197103 1.9999999999999827 10.800000000000006
  endloop
endfacet
facet normal 1.0792464315924015e-15 1.0 -2.4880234953762747e-15
  outer loop
    vertex 110.96448735197106 2.000000000000012 16.800000000000004
    vertex 97.46448735197103 1.9999999999999978 10.800000000000022
    vertex 97.46448735197104 2.0000000000000258 16.80000000000002
  endloop
endfacet
facet normal 1.0792464315924015e-15 1.0 -2.4880234953762747e-15
  outer loop
    vertex 110.96448735197106 2.000000000000012 16.800000000000004
    vertex 97.46448735197104 2.0000000000000258 16.80000000000002
    vertex 104.21448735197106 2.0000000000000138 21.800000000000004
  endloop
endfacet
facet normal 0.7071067811865481 0.7071067811865469 -3.380392178022571e-15
  outer loop
    vertex 97.46448735197104 17.499999999999996 10.800000000000022
    vertex 98.46448735197107 16.500000000000018 17.30000000000001
    vertex 98.46448735197106 16.499999999999996 10.800000000000017
  endloop
endfacet
facet normal 0.7071067811865481 0.7071067811865469 -3.380392178022571e-15
  outer loop
    vertex 98.46448735197107 16.500000000000018 17.30000000000001
    vertex 97.46448735197104 17.499999999999996 10.800000000000022
    vertex 97.46448735197107 17.500000000000018 17.300000000000015
  endloop
endfacet
facet normal -1.1226314414501401e-15 -1.0 2.1624081536524507e-15
  outer loop
    vertex 112.96448735197106 1.4123350592559502e-15 17.3
    vertex 110.96448735197103 -1.736123385443329e-14 10.800000000000006
    vertex 112.96448735197103 -1.9749373894405866e-14 10.800000000000006
  endloop
endfacet
facet normal -1.1226314414501401e-15 -1.0 2.1624081536524507e-15
  outer loop
    vertex 110.96448735197103 -1.736123385443329e-14 10.800000000000006
    vertex 112.96448735197106 1.4123350592559502e-15 17.3
    vertex 110.96448735197106 3.514720785084068e-15 17.3
  endloop
endfacet
facet normal -6.962880203821924e-16 -1.0 2.000713079894567e-15
  outer loop
    vertex 110.96448735197107 15.500000000000009 16.80000000000001
    vertex 97.46448735197104 15.499999999999995 10.800000000000022
    vertex 110.96448735197106 15.499999999999982 10.800000000000006
  endloop
endfacet
facet normal -6.962880203821924e-16 -1.0 2.000713079894567e-15
  outer loop
    vertex 97.46448735197104 15.499999999999995 10.800000000000022
    vertex 110.96448735197107 15.500000000000009 16.80000000000001
    vertex 97.46448735197106 15.500000000000014 16.800000000000036
  endloop
endfacet
facet normal -6.962880203821924e-16 -1.0 2.000713079894567e-15
  outer loop
    vertex 97.46448735197106 15.500000000000014 16.800000000000036
    vertex 110.96448735197107 15.500000000000009 16.80000000000001
    vertex 104.21448735197106 15.500000000000009 21.80000000000003
  endloop
endfacet
facet normal 0.9903183544122187 0.13881482959062813 8.824342918961881e-16
  outer loop
    vertex 101.6230736259212 5.565196419534319 26.380000000000006
    vertex 101.48833172308717 6.526458122469541 26.659999999999954
    vertex 101.6230736259212 5.565196419534318 26.659999999999954
  endloop
endfacet
facet normal 0.9903183544122187 0.13881482959062813 8.824342918961881e-16
  outer loop
    vertex 101.48833172308717 6.526458122469541 26.659999999999954
    vertex 101.6230736259212 5.565196419534319 26.380000000000006
    vertex 101.48833172308717 6.526458122469544 26.380000000000006
  endloop
endfacet
facet normal 0.9708000020645082 0.2398902999113367 3.210447631784742e-16
  outer loop
    vertex 101.6230736259212 5.565196419534319 26.380000000000006
    vertex 101.84333393715599 4.673836032388568 26.659999999999954
    vertex 101.84333393715599 4.673836032388568 26.380000000000006
  endloop
endfacet
facet normal 0.9708000020645082 0.2398902999113367 3.210447631784742e-16
  outer loop
    vertex 101.84333393715599 4.673836032388568 26.659999999999954
    vertex 101.6230736259212 5.565196419534319 26.380000000000006
    vertex 101.6230736259212 5.565196419534318 26.659999999999954
  endloop
endfacet
facet normal 0.0 -1.0 0.0
  outer loop
    vertex 101.84333393715599 4.673836032388568 26.659999999999954
    vertex 101.13336904596167 4.673836032388568 26.380000000000006
    vertex 101.84333393715599 4.673836032388568 26.380000000000006
  endloop
endfacet
facet normal 0.0 -1.0 0.0
  outer loop
    vertex 101.13336904596167 4.673836032388568 26.380000000000006
    vertex 101.84333393715599 4.673836032388568 26.659999999999954
    vertex 101.13336904596167 4.673836032388568 26.659999999999954
  endloop
endfacet
facet normal 0.0 0.0 -1.0
  outer loop
    vertex 101.35101991893737 5.5651964195343195 26.380000000000006
    vertex 101.84333393715599 4.673836032388568 26.380000000000006
    vertex 101.13336904596167 4.673836032388568 26.380000000000006
  endloop
endfacet
facet normal 0.0 0.0 -1.0
  outer loop
    vertex 101.84333393715599 4.673836032388568 26.380000000000006
    vertex 101.35101991893737 5.5651964195343195 26.380000000000006
    vertex 101.6230736259212 5.565196419534319 26.380000000000006
  endloop
endfacet
facet normal 0.0 0.0 -1.0
  outer loop
    vertex 101.6230736259212 5.565196419534319 26.380000000000006
    vertex 101.35101991893737 5.5651964195343195 26.380000000000006
    vertex 101.48833172308717 6.526458122469544 26.380000000000006
  endloop
endfacet
facet normal -0.9899511222733802 0.14140995548289811 1.2458872274755774e-15
  outer loop
    vertex 101.48833172308717 6.526458122469541 26.659999999999954
    vertex 101.35101991893737 5.5651964195343195 26.380000000000006
    vertex 101.35101991893737 5.565196419534318 26.659999999999954
  endloop
endfacet
facet normal -0.9899511222733802 0.14140995548289811 1.2458872274755774e-15
  outer loop
    vertex 101.35101991893737 5.5651964195343195 26.380000000000006
    vertex 101.48833172308717 6.526458122469541 26.659999999999954
    vertex 101.48833172308717 6.526458122469544 26.380000000000006
  endloop
endfacet
facet normal -0.9714586108031158 0.2372091218660874 8.730055052201216e-16
  outer loop
    vertex 101.35101991893737 5.565196419534318 26.659999999999954
    vertex 101.13336904596167 4.673836032388568 26.380000000000006
    vertex 101.13336904596167 4.673836032388568 26.659999999999954
  endloop
endfacet
facet normal -0.9714586108031158 0.2372091218660874 8.730055052201216e-16
  outer loop
    vertex 101.13336904596167 4.673836032388568 26.380000000000006
    vertex 101.35101991893737 5.565196419534318 26.659999999999954
    vertex 101.35101991893737 5.5651964195343195 26.380000000000006
  endloop
endfacet
facet normal 0.9708000020645082 0.2398902999113362 4.717504058686493e-13
  outer loop
    vertex 101.84333393715599 4.673836032388568 26.659999999999954
    vertex 101.62307362592112 5.565196419534319 26.80000000000001
    vertex 101.84333393715593 4.673836032388565 26.80000000000001
  endloop
endfacet
facet normal 0.9708000020645082 0.2398902999113362 4.717504058686493e-13
  outer loop
    vertex 101.62307362592112 5.565196419534319 26.80000000000001
    vertex 101.84333393715599 4.673836032388568 26.659999999999954
    vertex 101.6230736259212 5.565196419534318 26.659999999999954
  endloop
endfacet
facet normal -1.985990094386257e-15 -1.0 -1.5106963299358276e-14
  outer loop
    vertex 101.84333393715593 4.673836032388565 26.80000000000001
    vertex 101.13336904596167 4.673836032388568 26.659999999999954
    vertex 101.84333393715599 4.673836032388568 26.659999999999954
  endloop
endfacet
facet normal -1.985990094386257e-15 -1.0 -1.5106963299358276e-14
  outer loop
    vertex 101.13336904596167 4.673836032388568 26.659999999999954
    vertex 101.84333393715593 4.673836032388565 26.80000000000001
    vertex 101.13336904596163 4.673836032388568 26.80000000000001
  endloop
endfacet
facet normal -0.9714586108031217 0.2372091218660636 -3.96178310434427e-13
  outer loop
    vertex 101.3510199189373 5.565196419534324 26.80000000000002
    vertex 101.13336904596167 4.673836032388568 26.659999999999954
    vertex 101.13336904596163 4.673836032388568 26.80000000000001
  endloop
endfacet
facet normal -0.9714586108031217 0.2372091218660636 -3.96178310434427e-13
  outer loop
    vertex 101.13336904596167 4.673836032388568 26.659999999999954
    vertex 101.3510199189373 5.565196419534324 26.80000000000002
    vertex 101.35101991893737 5.565196419534318 26.659999999999954
  endloop
endfacet
facet normal -0.9899511222733802 0.14140995548289842 -5.629779941734139e-13
  outer loop
    vertex 101.3510199189373 5.565196419534324 26.80000000000002
    vertex 101.48833172308717 6.526458122469541 26.659999999999954
    vertex 101.35101991893737 5.565196419534318 26.659999999999954
  endloop
endfacet
facet normal -0.9899511222733802 0.14140995548289842 -5.629779941734139e-13
  outer loop
    vertex 101.48833172308717 6.526458122469541 26.659999999999954
    vertex 101.3510199189373 5.565196419534324 26.80000000000002
    vertex 101.4883317230871 6.526458122469544 26.80000000000002
  endloop
endfacet
facet normal 0.990318354412218 0.13881482959063388 5.169093435140142e-13
  outer loop
    vertex 101.48833172308717 6.526458122469541 26.659999999999954
    vertex 101.62307362592112 5.565196419534319 26.80000000000001
    vertex 101.6230736259212 5.565196419534318 26.659999999999954
  endloop
endfacet
facet normal 0.990318354412218 0.13881482959063388 5.169093435140142e-13
  outer loop
    vertex 101.62307362592112 5.565196419534319 26.80000000000001
    vertex 101.48833172308717 6.526458122469541 26.659999999999954
    vertex 101.4883317230871 6.526458122469544 26.80000000000002
  endloop
endfacet
facet normal 2.654851885057912e-15 -3.0584954656842255e-15 1.0
  outer loop
    vertex 101.84333393715593 4.673836032388565 26.80000000000001
    vertex 101.3510199189373 5.565196419534324 26.80000000000002
    vertex 101.13336904596163 4.673836032388568 26.80000000000001
  endloop
endfacet
facet normal 2.654851885057912e-15 -3.0584954656842255e-15 1.0
  outer loop
    vertex 101.3510199189373 5.565196419534324 26.80000000000002
    vertex 101.84333393715593 4.673836032388565 26.80000000000001
    vertex 101.62307362592112 5.565196419534319 26.80000000000001
  endloop
endfacet
facet normal 2.654851885057912e-15 -3.0584954656842255e-15 1.0
  outer loop
    vertex 101.3510199189373 5.565196419534324 26.80000000000002
    vertex 101.62307362592112 5.565196419534319 26.80000000000001
    vertex 101.4883317230871 6.526458122469544 26.80000000000002
  endloop
endfacet
facet normal 1.0071308866242485e-15 8.326672684688573e-17 1.0
  outer loop
    vertex 95.46448735197104 2.0447108816454257e-14 17.300000000000015
    vertex 96.46448735197104 1.000000000000019 17.300000000000015
    vertex 95.46448735197107 17.50000000000002 17.300000000000015
  endloop
endfacet
facet normal 1.0071308866242485e-15 8.326672684688573e-17 1.0
  outer loop
    vertex 96.46448735197104 1.000000000000019 17.300000000000015
    vertex 95.46448735197104 2.0447108816454257e-14 17.300000000000015
    vertex 97.47516760323316 0.009422359773433392 17.300000000000015
  endloop
endfacet
facet normal 1.0071308866242485e-15 8.326672684688573e-17 1.0
  outer loop
    vertex 96.46448735197104 1.000000000000019 17.300000000000015
    vertex 97.47516760323316 0.009422359773433392 17.300000000000015
    vertex 97.96951260551113 0.5050252535410334 17.300000000000015
  endloop
endfacet
facet normal 1.0071308866242485e-15 8.326672684688573e-17 1.0
  outer loop
    vertex 96.46448735197104 1.000000000000019 17.300000000000015
    vertex 97.96951260551113 0.5050252535410334 17.300000000000015
    vertex 98.46448735197106 1.000000000000017 17.300000000000015
  endloop
endfacet
facet normal 1.0071308866242485e-15 8.326672684688573e-17 1.0
  outer loop
    vertex 95.46448735197107 17.50000000000002 17.300000000000015
    vertex 96.46448735197107 16.500000000000018 17.300000000000015
    vertex 97.46448735197107 17.500000000000018 17.300000000000015
  endloop
endfacet
facet normal 1.0071308866242485e-15 8.326672684688573e-17 1.0
  outer loop
    vertex 96.46448735197107 16.500000000000018 17.300000000000015
    vertex 95.46448735197107 17.50000000000002 17.300000000000015
    vertex 96.46448735197104 1.000000000000019 17.300000000000015
  endloop
endfacet
facet normal 1.0071308866242485e-15 8.326672684688573e-17 1.0
  outer loop
    vertex 97.46448735197107 17.500000000000018 17.300000000000015
    vertex 96.46448735197107 16.500000000000018 17.300000000000015
    vertex 98.46448735197107 16.500000000000018 17.30000000000001
  endloop
endfacet
facet normal 0.0046861037758006135 -0.9999890201554228 7.854629274063119e-17
  outer loop
    vertex 97.47516760323316 0.009422359773433392 17.300000000000015
    vertex 95.46448735197104 2.0405475453030813e-14 16.80000000000002
    vertex 97.47516760323316 0.00942235977343335 16.80000000000002
  endloop
endfacet
facet normal 0.0046861037758006135 -0.9999890201554228 7.854629274063119e-17
  outer loop
    vertex 95.46448735197104 2.0405475453030813e-14 16.80000000000002
    vertex 97.47516760323316 0.009422359773433392 17.300000000000015
    vertex 95.46448735197104 2.0447108816454257e-14 17.300000000000015
  endloop
endfacet
facet normal 0.7080047049900665 -0.7062077156983836 -6.542498013105648e-16
  outer loop
    vertex 97.96951260551113 0.5050252535410334 16.800000000000015
    vertex 97.47516760323316 0.009422359773433392 17.300000000000015
    vertex 97.47516760323316 0.00942235977343335 16.80000000000002
  endloop
endfacet
facet normal 0.7080047049900665 -0.7062077156983836 -6.542498013105648e-16
  outer loop
    vertex 97.47516760323316 0.009422359773433392 17.300000000000015
    vertex 97.96951260551113 0.5050252535410334 16.800000000000015
    vertex 97.96951260551113 0.5050252535410334 17.300000000000015
  endloop
endfacet
facet normal 0.7071067811858698 -0.7071067811872253 -6.532706122730462e-16
  outer loop
    vertex 98.46448735197106 1.000000000000017 17.300000000000015
    vertex 97.96951260551113 0.5050252535410334 16.800000000000015
    vertex 98.46448735197106 1.000000000000017 16.800000000000015
  endloop
endfacet
facet normal 0.7071067811858698 -0.7071067811872253 -6.532706122730462e-16
  outer loop
    vertex 97.96951260551113 0.5050252535410334 16.800000000000015
    vertex 98.46448735197106 1.000000000000017 17.300000000000015
    vertex 97.96951260551113 0.5050252535410334 17.300000000000015
  endloop
endfacet
endsolid Korry19x19_button_v5
