solid FCU_UNIT
facet normal -1.1131446641636449e-17 1.0 1.7624790515924373e-17
  outer loop
    vertex 512.0 120.53485257451237 -10.00000000000003
    vertex 510.00000000000006 120.53485257451237 -10.00000000000003
    vertex 512.0 120.53485257451237 5.999999999999966
  endloop
endfacet
facet normal -1.1131446641636449e-17 1.0 1.7624790515924373e-17
  outer loop
    vertex 510.00000000000006 120.53485257451237 5.999999999999966
    vertex 512.0 120.53485257451237 5.999999999999966
    vertex 510.00000000000006 120.53485257451237 -10.00000000000003
  endloop
endfacet
facet normal 1.0 1.1131446641636449e-17 -1.387778780781461e-17
  outer loop
    vertex 512.0 -5.000000000000109 5.999999999999964
    vertex 512.0 -5.000000000000109 -10.000000000000034
    vertex 512.0 120.53485257451237 5.999999999999966
  endloop
endfacet
facet normal 1.0 1.1131446641636449e-17 -1.387778780781461e-17
  outer loop
    vertex 512.0 120.53485257451237 -10.00000000000003
    vertex 512.0 120.53485257451237 5.999999999999966
    vertex 512.0 -5.000000000000109 -10.000000000000034
  endloop
endfacet
facet normal -1.0 -1.1131446641636449e-17 1.387778780781461e-17
  outer loop
    vertex 309.00000000000006 20.3999999999999 -5.000000000000004
    vertex 309.00000000000006 20.454518677937397 -5.414110472164035
    vertex 309.00000000000006 -5.000000000000111 -10.00000000000003
  endloop
endfacet
facet normal -1.0 -1.1131446641636449e-17 1.387778780781461e-17
  outer loop
    vertex 309.00000000000006 20.614359353944803 -5.800000000000003
    vertex 309.00000000000006 -5.000000000000111 -10.00000000000003
    vertex 309.00000000000006 20.454518677937397 -5.414110472164035
  endloop
endfacet
facet normal -1.0 -1.1131446641636449e-17 1.387778780781461e-17
  outer loop
    vertex 309.00000000000006 20.868629150101427 -6.1313708498984765
    vertex 309.00000000000006 -5.000000000000111 -10.00000000000003
    vertex 309.00000000000006 20.614359353944803 -5.800000000000003
  endloop
endfacet
facet normal -1.0 -1.1131446641636449e-17 1.387778780781461e-17
  outer loop
    vertex 309.00000000000006 21.1999999999999 -6.385640646055104
    vertex 309.00000000000006 -5.000000000000111 -10.00000000000003
    vertex 309.00000000000006 20.868629150101427 -6.1313708498984765
  endloop
endfacet
facet normal -1.0 -1.1131446641636449e-17 1.387778780781461e-17
  outer loop
    vertex 309.00000000000006 21.585889527835878 -6.54548132206251
    vertex 309.00000000000006 -5.000000000000111 -10.00000000000003
    vertex 309.00000000000006 21.1999999999999 -6.385640646055104
  endloop
endfacet
facet normal -1.0 -1.1131446641636449e-17 1.387778780781461e-17
  outer loop
    vertex 309.00000000000006 21.999999999999908 -6.599999999999999
    vertex 309.00000000000006 -5.000000000000111 -10.00000000000003
    vertex 309.00000000000006 21.585889527835878 -6.54548132206251
  endloop
endfacet
facet normal -1.0 -1.1131446641636449e-17 1.387778780781461e-17
  outer loop
    vertex 309.00000000000006 135.4999999999999 -10.000000000000028
    vertex 309.00000000000006 -5.000000000000111 -10.00000000000003
    vertex 309.00000000000006 21.999999999999908 -6.599999999999999
  endloop
endfacet
facet normal -1.0 -1.1131446641636449e-17 1.387778780781461e-17
  outer loop
    vertex 309.00000000000006 22.41411047216394 -6.545481322062507
    vertex 309.00000000000006 135.4999999999999 -10.000000000000028
    vertex 309.00000000000006 21.999999999999908 -6.599999999999999
  endloop
endfacet
facet normal -1.0 -1.1131446641636449e-17 1.387778780781461e-17
  outer loop
    vertex 309.00000000000006 22.79999999999991 -6.3856406460551005
    vertex 309.00000000000006 135.4999999999999 -10.000000000000028
    vertex 309.00000000000006 22.41411047216394 -6.545481322062507
  endloop
endfacet
facet normal -1.0 -1.1131446641636449e-17 1.387778780781461e-17
  outer loop
    vertex 309.00000000000006 23.131370849898378 -6.1313708498984765
    vertex 309.00000000000006 135.4999999999999 -10.000000000000028
    vertex 309.00000000000006 22.79999999999991 -6.3856406460551005
  endloop
endfacet
facet normal -1.0 -1.1131446641636449e-17 1.387778780781461e-17
  outer loop
    vertex 309.00000000000006 41.9999999999999 -6.599999999999985
    vertex 309.00000000000006 135.4999999999999 -10.000000000000028
    vertex 309.00000000000006 23.131370849898378 -6.1313708498984765
  endloop
endfacet
facet normal -1.0 -1.1131446641636449e-17 1.387778780781461e-17
  outer loop
    vertex 309.00000000000006 23.385640646055005 -5.8000000000000025
    vertex 309.00000000000006 41.9999999999999 -6.599999999999985
    vertex 309.00000000000006 23.131370849898378 -6.1313708498984765
  endloop
endfacet
facet normal -1.0 -1.1131446641636449e-17 1.387778780781461e-17
  outer loop
    vertex 309.00000000000006 23.54548132206241 -5.414110472164037
    vertex 309.00000000000006 41.9999999999999 -6.599999999999985
    vertex 309.00000000000006 23.385640646055005 -5.8000000000000025
  endloop
endfacet
facet normal -1.0 -1.1131446641636449e-17 1.387778780781461e-17
  outer loop
    vertex 309.00000000000006 23.599999999999895 -5.0000000000000036
    vertex 309.00000000000006 41.9999999999999 -6.599999999999985
    vertex 309.00000000000006 23.54548132206241 -5.414110472164037
  endloop
endfacet
facet normal -1.0 -1.1131446641636449e-17 1.387778780781461e-17
  outer loop
    vertex 309.00000000000006 41.58588952783587 -6.545481322062493
    vertex 309.00000000000006 41.9999999999999 -6.599999999999985
    vertex 309.00000000000006 23.599999999999895 -5.0000000000000036
  endloop
endfacet
facet normal -1.0 -1.1131446641636449e-17 1.387778780781461e-17
  outer loop
    vertex 309.00000000000006 41.1999999999999 -6.385640646055084
    vertex 309.00000000000006 41.58588952783587 -6.545481322062493
    vertex 309.00000000000006 23.599999999999895 -5.0000000000000036
  endloop
endfacet
facet normal -1.0 -1.1131446641636449e-17 1.387778780781461e-17
  outer loop
    vertex 309.00000000000006 40.868629150101434 -6.13137084989846
    vertex 309.00000000000006 41.1999999999999 -6.385640646055084
    vertex 309.00000000000006 23.599999999999895 -5.0000000000000036
  endloop
endfacet
facet normal -1.0 -1.1131446641636449e-17 1.387778780781461e-17
  outer loop
    vertex 309.00000000000006 40.614359353944806 -5.799999999999984
    vertex 309.00000000000006 40.868629150101434 -6.13137084989846
    vertex 309.00000000000006 23.599999999999895 -5.0000000000000036
  endloop
endfacet
facet normal -1.0 -1.1131446641636449e-17 1.387778780781461e-17
  outer loop
    vertex 309.00000000000006 40.45451867793741 -5.414110472164018
    vertex 309.00000000000006 40.614359353944806 -5.799999999999984
    vertex 309.00000000000006 23.599999999999895 -5.0000000000000036
  endloop
endfacet
facet normal -1.0 -1.1131446641636449e-17 1.387778780781461e-17
  outer loop
    vertex 309.00000000000006 40.39999999999991 -4.999999999999986
    vertex 309.00000000000006 40.45451867793741 -5.414110472164018
    vertex 309.00000000000006 23.599999999999895 -5.0000000000000036
  endloop
endfacet
facet normal -1.0 -1.1131446641636449e-17 1.387778780781461e-17
  outer loop
    vertex 309.00000000000006 42.414110472163934 -6.545481322062495
    vertex 309.00000000000006 135.4999999999999 -10.000000000000028
    vertex 309.00000000000006 41.9999999999999 -6.599999999999985
  endloop
endfacet
facet normal -1.0 -1.1131446641636449e-17 1.387778780781461e-17
  outer loop
    vertex 309.00000000000006 42.7999999999999 -6.38564064605509
    vertex 309.00000000000006 135.4999999999999 -10.000000000000028
    vertex 309.00000000000006 42.414110472163934 -6.545481322062495
  endloop
endfacet
facet normal -1.0 -1.1131446641636449e-17 1.387778780781461e-17
  outer loop
    vertex 309.00000000000006 43.131370849898374 -6.13137084989847
    vertex 309.00000000000006 135.4999999999999 -10.000000000000028
    vertex 309.00000000000006 42.7999999999999 -6.38564064605509
  endloop
endfacet
facet normal -1.0 -1.1131446641636449e-17 1.387778780781461e-17
  outer loop
    vertex 309.00000000000006 43.385640646054995 -5.8
    vertex 309.00000000000006 135.4999999999999 -10.000000000000028
    vertex 309.00000000000006 43.131370849898374 -6.13137084989847
  endloop
endfacet
facet normal -1.0 -1.1131446641636449e-17 1.387778780781461e-17
  outer loop
    vertex 309.00000000000006 43.5454813220624 -5.414110472164036
    vertex 309.00000000000006 135.4999999999999 -10.000000000000028
    vertex 309.00000000000006 43.385640646054995 -5.8
  endloop
endfacet
facet normal -1.0 -1.1131446641636449e-17 1.387778780781461e-17
  outer loop
    vertex 309.00000000000006 43.599999999999895 -5.000000000000005
    vertex 309.00000000000006 135.4999999999999 -10.000000000000028
    vertex 309.00000000000006 43.5454813220624 -5.414110472164036
  endloop
endfacet
facet normal -1.0 -1.1131446641636449e-17 1.387778780781461e-17
  outer loop
    vertex 309.00000000000006 95.49999999999989 -6.600000000000008
    vertex 309.00000000000006 135.4999999999999 -10.000000000000028
    vertex 309.00000000000006 43.599999999999895 -5.000000000000005
  endloop
endfacet
facet normal -1.0 -1.1131446641636449e-17 1.387778780781461e-17
  outer loop
    vertex 309.00000000000006 95.08588952783586 -6.545481322062515
    vertex 309.00000000000006 95.49999999999989 -6.600000000000008
    vertex 309.00000000000006 43.599999999999895 -5.000000000000005
  endloop
endfacet
facet normal -1.0 -1.1131446641636449e-17 1.387778780781461e-17
  outer loop
    vertex 309.00000000000006 94.69999999999989 -6.385640646055129
    vertex 309.00000000000006 95.08588952783586 -6.545481322062515
    vertex 309.00000000000006 43.599999999999895 -5.000000000000005
  endloop
endfacet
facet normal -1.0 -1.1131446641636449e-17 1.387778780781461e-17
  outer loop
    vertex 309.00000000000006 94.3686291501014 -6.131370849898503
    vertex 309.00000000000006 94.69999999999989 -6.385640646055129
    vertex 309.00000000000006 43.599999999999895 -5.000000000000005
  endloop
endfacet
facet normal -1.0 -1.1131446641636449e-17 1.387778780781461e-17
  outer loop
    vertex 309.00000000000006 94.11435935394476 -5.800000000000009
    vertex 309.00000000000006 94.3686291501014 -6.131370849898503
    vertex 309.00000000000006 43.599999999999895 -5.000000000000005
  endloop
endfacet
facet normal -1.0 -1.1131446641636449e-17 1.387778780781461e-17
  outer loop
    vertex 309.00000000000006 93.95451867793734 -5.414110472164037
    vertex 309.00000000000006 94.11435935394476 -5.800000000000009
    vertex 309.00000000000006 43.599999999999895 -5.000000000000005
  endloop
endfacet
facet normal -1.0 -1.1131446641636449e-17 1.387778780781461e-17
  outer loop
    vertex 309.00000000000006 93.89999999999988 -5.000000000000005
    vertex 309.00000000000006 93.95451867793734 -5.414110472164037
    vertex 309.00000000000006 43.599999999999895 -5.000000000000005
  endloop
endfacet
facet normal -1.0 -1.1131446641636449e-17 1.387778780781461e-17
  outer loop
    vertex 309.00000000000006 95.9141104721639 -6.545481322062507
    vertex 309.00000000000006 135.4999999999999 -10.000000000000028
    vertex 309.00000000000006 95.49999999999989 -6.600000000000008
  endloop
endfacet
facet normal -1.0 -1.1131446641636449e-17 1.387778780781461e-17
  outer loop
    vertex 309.00000000000006 96.29999999999987 -6.385640646055107
    vertex 309.00000000000006 135.4999999999999 -10.000000000000028
    vertex 309.00000000000006 95.9141104721639 -6.545481322062507
  endloop
endfacet
facet normal -1.0 -1.1131446641636449e-17 1.387778780781461e-17
  outer loop
    vertex 309.00000000000006 96.63137084989839 -6.13137084989848
    vertex 309.00000000000006 135.4999999999999 -10.000000000000028
    vertex 309.00000000000006 96.29999999999987 -6.385640646055107
  endloop
endfacet
facet normal -1.0 -1.1131446641636449e-17 1.387778780781461e-17
  outer loop
    vertex 309.00000000000006 96.885640646055 -5.800000000000006
    vertex 309.00000000000006 135.4999999999999 -10.000000000000028
    vertex 309.00000000000006 96.63137084989839 -6.13137084989848
  endloop
endfacet
facet normal -1.0 -1.1131446641636449e-17 1.387778780781461e-17
  outer loop
    vertex 309.00000000000006 97.0454813220624 -5.414110472164041
    vertex 309.00000000000006 135.4999999999999 -10.000000000000028
    vertex 309.00000000000006 96.885640646055 -5.800000000000006
  endloop
endfacet
facet normal -1.0 -1.1131446641636449e-17 1.387778780781461e-17
  outer loop
    vertex 309.00000000000006 97.09999999999991 -5.000000000000009
    vertex 309.00000000000006 135.4999999999999 -10.000000000000028
    vertex 309.00000000000006 97.0454813220624 -5.414110472164041
  endloop
endfacet
facet normal -1.0 -1.1131446641636449e-17 1.387778780781461e-17
  outer loop
    vertex 309.00000000000006 135.4999999999999 5.999999999999969
    vertex 309.00000000000006 21.999999999999908 -3.400000000000008
    vertex 309.00000000000006 -5.000000000000113 5.999999999999966
  endloop
endfacet
facet normal -1.0 -1.1131446641636449e-17 1.387778780781461e-17
  outer loop
    vertex 309.00000000000006 21.585889527835878 -3.454518677937496
    vertex 309.00000000000006 -5.000000000000113 5.999999999999966
    vertex 309.00000000000006 21.999999999999908 -3.400000000000008
  endloop
endfacet
facet normal -1.0 -1.1131446641636449e-17 1.387778780781461e-17
  outer loop
    vertex 309.00000000000006 -5.000000000000111 -10.00000000000003
    vertex 309.00000000000006 -5.000000000000113 5.999999999999966
    vertex 309.00000000000006 21.585889527835878 -3.454518677937496
  endloop
endfacet
facet normal -1.0 -1.1131446641636449e-17 1.387778780781461e-17
  outer loop
    vertex 309.00000000000006 21.19999999999991 -3.614359353944899
    vertex 309.00000000000006 -5.000000000000111 -10.00000000000003
    vertex 309.00000000000006 21.585889527835878 -3.454518677937496
  endloop
endfacet
facet normal -1.0 -1.1131446641636449e-17 1.387778780781461e-17
  outer loop
    vertex 309.00000000000006 20.868629150101427 -3.8686291501015293
    vertex 309.00000000000006 -5.000000000000111 -10.00000000000003
    vertex 309.00000000000006 21.19999999999991 -3.614359353944899
  endloop
endfacet
facet normal -1.0 -1.1131446641636449e-17 1.387778780781461e-17
  outer loop
    vertex 309.00000000000006 20.614359353944803 -4.200000000000004
    vertex 309.00000000000006 -5.000000000000111 -10.00000000000003
    vertex 309.00000000000006 20.868629150101427 -3.8686291501015293
  endloop
endfacet
facet normal -1.0 -1.1131446641636449e-17 1.387778780781461e-17
  outer loop
    vertex 309.00000000000006 20.454518677937397 -4.585889527835971
    vertex 309.00000000000006 -5.000000000000111 -10.00000000000003
    vertex 309.00000000000006 20.614359353944803 -4.200000000000004
  endloop
endfacet
facet normal -1.0 -1.1131446641636449e-17 1.387778780781461e-17
  outer loop
    vertex 309.00000000000006 20.3999999999999 -5.000000000000004
    vertex 309.00000000000006 -5.000000000000111 -10.00000000000003
    vertex 309.00000000000006 20.454518677937397 -4.585889527835971
  endloop
endfacet
facet normal -1.0 -1.1131446641636449e-17 1.387778780781461e-17
  outer loop
    vertex 309.00000000000006 22.41411047216394 -3.4545186779374975
    vertex 309.00000000000006 21.999999999999908 -3.400000000000008
    vertex 309.00000000000006 135.4999999999999 5.999999999999969
  endloop
endfacet
facet normal -1.0 -1.1131446641636449e-17 1.387778780781461e-17
  outer loop
    vertex 309.00000000000006 22.79999999999991 -3.614359353944906
    vertex 309.00000000000006 22.41411047216394 -3.4545186779374975
    vertex 309.00000000000006 135.4999999999999 5.999999999999969
  endloop
endfacet
facet normal -1.0 -1.1131446641636449e-17 1.387778780781461e-17
  outer loop
    vertex 309.00000000000006 23.131370849898378 -3.8686291501015324
    vertex 309.00000000000006 22.79999999999991 -3.614359353944906
    vertex 309.00000000000006 135.4999999999999 5.999999999999969
  endloop
endfacet
facet normal -1.0 -1.1131446641636449e-17 1.387778780781461e-17
  outer loop
    vertex 309.00000000000006 23.385640646055005 -4.200000000000005
    vertex 309.00000000000006 23.131370849898378 -3.8686291501015324
    vertex 309.00000000000006 135.4999999999999 5.999999999999969
  endloop
endfacet
facet normal -1.0 -1.1131446641636449e-17 1.387778780781461e-17
  outer loop
    vertex 309.00000000000006 23.54548132206241 -4.58588952783597
    vertex 309.00000000000006 23.385640646055005 -4.200000000000005
    vertex 309.00000000000006 135.4999999999999 5.999999999999969
  endloop
endfacet
facet normal -1.0 -1.1131446641636449e-17 1.387778780781461e-17
  outer loop
    vertex 309.00000000000006 23.599999999999895 -5.0000000000000036
    vertex 309.00000000000006 23.54548132206241 -4.58588952783597
    vertex 309.00000000000006 135.4999999999999 5.999999999999969
  endloop
endfacet
facet normal -1.0 -1.1131446641636449e-17 1.387778780781461e-17
  outer loop
    vertex 309.00000000000006 41.999999999999915 -3.400000000000001
    vertex 309.00000000000006 23.599999999999895 -5.0000000000000036
    vertex 309.00000000000006 135.4999999999999 5.999999999999969
  endloop
endfacet
facet normal -1.0 -1.1131446641636449e-17 1.387778780781461e-17
  outer loop
    vertex 309.00000000000006 41.58588952783589 -3.4545186779374903
    vertex 309.00000000000006 23.599999999999895 -5.0000000000000036
    vertex 309.00000000000006 41.999999999999915 -3.400000000000001
  endloop
endfacet
facet normal -1.0 -1.1131446641636449e-17 1.387778780781461e-17
  outer loop
    vertex 309.00000000000006 41.199999999999925 -3.6143593539448906
    vertex 309.00000000000006 23.599999999999895 -5.0000000000000036
    vertex 309.00000000000006 41.58588952783589 -3.4545186779374903
  endloop
endfacet
facet normal -1.0 -1.1131446641636449e-17 1.387778780781461e-17
  outer loop
    vertex 309.00000000000006 40.86862915010145 -3.868629150101521
    vertex 309.00000000000006 23.599999999999895 -5.0000000000000036
    vertex 309.00000000000006 41.199999999999925 -3.6143593539448906
  endloop
endfacet
facet normal -1.0 -1.1131446641636449e-17 1.387778780781461e-17
  outer loop
    vertex 309.00000000000006 40.61435935394481 -4.199999999999994
    vertex 309.00000000000006 23.599999999999895 -5.0000000000000036
    vertex 309.00000000000006 40.86862915010145 -3.868629150101521
  endloop
endfacet
facet normal -1.0 -1.1131446641636449e-17 1.387778780781461e-17
  outer loop
    vertex 309.00000000000006 40.45451867793741 -4.585889527835955
    vertex 309.00000000000006 23.599999999999895 -5.0000000000000036
    vertex 309.00000000000006 40.61435935394481 -4.199999999999994
  endloop
endfacet
facet normal -1.0 -1.1131446641636449e-17 1.387778780781461e-17
  outer loop
    vertex 309.00000000000006 40.39999999999991 -4.999999999999986
    vertex 309.00000000000006 23.599999999999895 -5.0000000000000036
    vertex 309.00000000000006 40.45451867793741 -4.585889527835955
  endloop
endfacet
facet normal -1.0 -1.1131446641636449e-17 1.387778780781461e-17
  outer loop
    vertex 309.00000000000006 42.41411047216394 -3.454518677937496
    vertex 309.00000000000006 41.999999999999915 -3.400000000000001
    vertex 309.00000000000006 135.4999999999999 5.999999999999969
  endloop
endfacet
facet normal -1.0 -1.1131446641636449e-17 1.387778780781461e-17
  outer loop
    vertex 309.00000000000006 42.79999999999992 -3.6143593539449075
    vertex 309.00000000000006 42.41411047216394 -3.454518677937496
    vertex 309.00000000000006 135.4999999999999 5.999999999999969
  endloop
endfacet
facet normal -1.0 -1.1131446641636449e-17 1.387778780781461e-17
  outer loop
    vertex 309.00000000000006 43.131370849898396 -3.8686291501015413
    vertex 309.00000000000006 42.79999999999992 -3.6143593539449075
    vertex 309.00000000000006 135.4999999999999 5.999999999999969
  endloop
endfacet
facet normal -1.0 -1.1131446641636449e-17 1.387778780781461e-17
  outer loop
    vertex 309.00000000000006 43.38564064605501 -4.200000000000009
    vertex 309.00000000000006 43.131370849898396 -3.8686291501015413
    vertex 309.00000000000006 135.4999999999999 5.999999999999969
  endloop
endfacet
facet normal -1.0 -1.1131446641636449e-17 1.387778780781461e-17
  outer loop
    vertex 309.00000000000006 43.54548132206241 -4.585889527835971
    vertex 309.00000000000006 43.38564064605501 -4.200000000000009
    vertex 309.00000000000006 135.4999999999999 5.999999999999969
  endloop
endfacet
facet normal -1.0 -1.1131446641636449e-17 1.387778780781461e-17
  outer loop
    vertex 309.00000000000006 43.599999999999895 -5.000000000000005
    vertex 309.00000000000006 43.54548132206241 -4.585889527835971
    vertex 309.00000000000006 135.4999999999999 5.999999999999969
  endloop
endfacet
facet normal -1.0 -1.1131446641636449e-17 1.387778780781461e-17
  outer loop
    vertex 309.00000000000006 95.08588952783589 -3.4545186779374863
    vertex 309.00000000000006 43.599999999999895 -5.000000000000005
    vertex 309.00000000000006 135.4999999999999 5.999999999999969
  endloop
endfacet
facet normal -1.0 -1.1131446641636449e-17 1.387778780781461e-17
  outer loop
    vertex 309.00000000000006 94.69999999999989 -3.6143593539448977
    vertex 309.00000000000006 43.599999999999895 -5.000000000000005
    vertex 309.00000000000006 95.08588952783589 -3.4545186779374863
  endloop
endfacet
facet normal -1.0 -1.1131446641636449e-17 1.387778780781461e-17
  outer loop
    vertex 309.00000000000006 94.3686291501014 -3.868629150101533
    vertex 309.00000000000006 43.599999999999895 -5.000000000000005
    vertex 309.00000000000006 94.69999999999989 -3.6143593539448977
  endloop
endfacet
facet normal -1.0 -1.1131446641636449e-17 1.387778780781461e-17
  outer loop
    vertex 309.00000000000006 94.11435935394479 -4.200000000000004
    vertex 309.00000000000006 43.599999999999895 -5.000000000000005
    vertex 309.00000000000006 94.3686291501014 -3.868629150101533
  endloop
endfacet
facet normal -1.0 -1.1131446641636449e-17 1.387778780781461e-17
  outer loop
    vertex 309.00000000000006 93.95451867793737 -4.5858895278359695
    vertex 309.00000000000006 43.599999999999895 -5.000000000000005
    vertex 309.00000000000006 94.11435935394479 -4.200000000000004
  endloop
endfacet
facet normal -1.0 -1.1131446641636449e-17 1.387778780781461e-17
  outer loop
    vertex 309.00000000000006 93.89999999999988 -5.000000000000005
    vertex 309.00000000000006 43.599999999999895 -5.000000000000005
    vertex 309.00000000000006 93.95451867793737 -4.5858895278359695
  endloop
endfacet
facet normal -1.0 -1.1131446641636449e-17 1.387778780781461e-17
  outer loop
    vertex 309.00000000000006 95.49999999999989 -3.400000000000012
    vertex 309.00000000000006 95.08588952783589 -3.4545186779374863
    vertex 309.00000000000006 135.4999999999999 5.999999999999969
  endloop
endfacet
facet normal -1.0 -1.1131446641636449e-17 1.387778780781461e-17
  outer loop
    vertex 309.00000000000006 95.91411047216393 -3.4545186779375032
    vertex 309.00000000000006 95.49999999999989 -3.400000000000012
    vertex 309.00000000000006 135.4999999999999 5.999999999999969
  endloop
endfacet
facet normal -1.0 -1.1131446641636449e-17 1.387778780781461e-17
  outer loop
    vertex 309.00000000000006 96.2999999999999 -3.614359353944909
    vertex 309.00000000000006 95.91411047216393 -3.4545186779375032
    vertex 309.00000000000006 135.4999999999999 5.999999999999969
  endloop
endfacet
facet normal -1.0 -1.1131446641636449e-17 1.387778780781461e-17
  outer loop
    vertex 309.00000000000006 96.63137084989839 -3.8686291501015617
    vertex 309.00000000000006 96.2999999999999 -3.614359353944909
    vertex 309.00000000000006 135.4999999999999 5.999999999999969
  endloop
endfacet
facet normal -1.0 -1.1131446641636449e-17 1.387778780781461e-17
  outer loop
    vertex 309.00000000000006 96.885640646055 -4.200000000000011
    vertex 309.00000000000006 96.63137084989839 -3.8686291501015617
    vertex 309.00000000000006 135.4999999999999 5.999999999999969
  endloop
endfacet
facet normal -1.0 -1.1131446641636449e-17 1.387778780781461e-17
  outer loop
    vertex 309.00000000000006 97.0454813220624 -4.585889527835977
    vertex 309.00000000000006 96.885640646055 -4.200000000000011
    vertex 309.00000000000006 135.4999999999999 5.999999999999969
  endloop
endfacet
facet normal -1.0 -1.1131446641636449e-17 1.387778780781461e-17
  outer loop
    vertex 309.00000000000006 97.09999999999991 -5.000000000000009
    vertex 309.00000000000006 97.0454813220624 -4.585889527835977
    vertex 309.00000000000006 135.4999999999999 5.999999999999969
  endloop
endfacet
facet normal -1.0 -1.1131446641636449e-17 1.387778780781461e-17
  outer loop
    vertex 309.00000000000006 135.4999999999999 -10.000000000000028
    vertex 309.00000000000006 97.09999999999991 -5.000000000000009
    vertex 309.00000000000006 135.4999999999999 5.999999999999969
  endloop
endfacet
facet normal 1.1131446641636449e-17 -1.0 -1.7624790515924373e-17
  outer loop
    vertex 379.50000000000006 -5.000000000000111 -7.150000000000039
    vertex 442.0000000000001 -5.00000000000011 -7.150000000000028
    vertex 380.0564609469705 -5.000000000000111 -7.076740526521547
  endloop
endfacet
facet normal 1.1131446641636449e-17 -1.0 -1.7624790515924373e-17
  outer loop
    vertex 441.4435390530296 -5.00000000000011 -7.076740526521522
    vertex 380.0564609469705 -5.000000000000111 -7.076740526521547
    vertex 442.0000000000001 -5.00000000000011 -7.150000000000028
  endloop
endfacet
facet normal 1.1131446641636449e-17 -1.0 -1.7624790515924373e-17
  outer loop
    vertex 380.5750000000001 -5.000000000000111 -6.861954618136595
    vertex 380.0564609469705 -5.000000000000111 -7.076740526521547
    vertex 441.4435390530296 -5.00000000000011 -7.076740526521522
  endloop
endfacet
facet normal 1.1131446641636449e-17 -1.0 -1.7624790515924373e-17
  outer loop
    vertex 440.92500000000007 -5.00000000000011 -6.861954618136573
    vertex 380.5750000000001 -5.000000000000111 -6.861954618136595
    vertex 441.4435390530296 -5.00000000000011 -7.076740526521522
  endloop
endfacet
facet normal 1.1131446641636449e-17 -1.0 -1.7624790515924373e-17
  outer loop
    vertex 381.02027957955113 -5.000000000000111 -6.5202795795511115
    vertex 380.5750000000001 -5.000000000000111 -6.861954618136595
    vertex 440.92500000000007 -5.00000000000011 -6.861954618136573
  endloop
endfacet
facet normal 1.1131446641636449e-17 -1.0 -1.7624790515924373e-17
  outer loop
    vertex 440.47972042044904 -5.00000000000011 -6.520279579551109
    vertex 381.02027957955113 -5.000000000000111 -6.5202795795511115
    vertex 440.92500000000007 -5.00000000000011 -6.861954618136573
  endloop
endfacet
facet normal 1.1131446641636449e-17 -1.0 -1.7624790515924373e-17
  outer loop
    vertex 381.3619546181366 -5.000000000000111 -6.075000000000035
    vertex 381.02027957955113 -5.000000000000111 -6.5202795795511115
    vertex 440.47972042044904 -5.00000000000011 -6.520279579551109
  endloop
endfacet
facet normal 1.1131446641636449e-17 -1.0 -1.7624790515924373e-17
  outer loop
    vertex 440.1380453818635 -5.00000000000011 -6.075000000000024
    vertex 381.3619546181366 -5.000000000000111 -6.075000000000035
    vertex 440.47972042044904 -5.00000000000011 -6.520279579551109
  endloop
endfacet
facet normal 1.1131446641636449e-17 -1.0 -1.7624790515924373e-17
  outer loop
    vertex 381.5767405265215 -5.000000000000111 -5.556460946970453
    vertex 381.3619546181366 -5.000000000000111 -6.075000000000035
    vertex 440.1380453818635 -5.00000000000011 -6.075000000000024
  endloop
endfacet
facet normal 1.1131446641636449e-17 -1.0 -1.7624790515924373e-17
  outer loop
    vertex 439.9232594734786 -5.00000000000011 -5.556460946970445
    vertex 381.5767405265215 -5.000000000000111 -5.556460946970453
    vertex 440.1380453818635 -5.00000000000011 -6.075000000000024
  endloop
endfacet
facet normal 1.1131446641636449e-17 -1.0 -1.7624790515924373e-17
  outer loop
    vertex 381.6500000000001 -5.000000000000111 -5.000000000000028
    vertex 381.5767405265215 -5.000000000000111 -5.556460946970453
    vertex 439.9232594734786 -5.00000000000011 -5.556460946970445
  endloop
endfacet
facet normal 1.1131446641636449e-17 -1.0 -1.7624790515924373e-17
  outer loop
    vertex 439.85 -5.00000000000011 -5.000000000000034
    vertex 381.6500000000001 -5.000000000000111 -5.000000000000028
    vertex 439.9232594734786 -5.00000000000011 -5.556460946970445
  endloop
endfacet
facet normal 1.1131446641636449e-17 -1.0 -1.7624790515924373e-17
  outer loop
    vertex 439.9232594734786 -5.00000000000011 -4.443539053029614
    vertex 381.6500000000001 -5.000000000000111 -5.000000000000028
    vertex 439.85 -5.00000000000011 -5.000000000000034
  endloop
endfacet
facet normal 1.1131446641636449e-17 -1.0 -1.7624790515924373e-17
  outer loop
    vertex 381.57674052652163 -5.000000000000111 -4.443539053029608
    vertex 381.6500000000001 -5.000000000000111 -5.000000000000028
    vertex 439.9232594734786 -5.00000000000011 -4.443539053029614
  endloop
endfacet
facet normal 1.1131446641636449e-17 -1.0 -1.7624790515924373e-17
  outer loop
    vertex 440.1380453818635 -5.00000000000011 -3.9250000000000322
    vertex 381.57674052652163 -5.000000000000111 -4.443539053029608
    vertex 439.9232594734786 -5.00000000000011 -4.443539053029614
  endloop
endfacet
facet normal 1.1131446641636449e-17 -1.0 -1.7624790515924373e-17
  outer loop
    vertex 381.3619546181366 -5.000000000000111 -3.9250000000000322
    vertex 381.57674052652163 -5.000000000000111 -4.443539053029608
    vertex 440.1380453818635 -5.00000000000011 -3.9250000000000322
  endloop
endfacet
facet normal 1.1131446641636449e-17 -1.0 -1.7624790515924373e-17
  outer loop
    vertex 381.02027957955113 -5.000000000000111 -3.479720420448942
    vertex 381.3619546181366 -5.000000000000111 -3.9250000000000322
    vertex 440.1380453818635 -5.00000000000011 -3.9250000000000322
  endloop
endfacet
facet normal 1.1131446641636449e-17 -1.0 -1.7624790515924373e-17
  outer loop
    vertex 440.47972042044904 -5.00000000000011 -3.4797204204489645
    vertex 381.02027957955113 -5.000000000000111 -3.479720420448942
    vertex 440.1380453818635 -5.00000000000011 -3.9250000000000322
  endloop
endfacet
facet normal 1.1131446641636449e-17 -1.0 -1.7624790515924373e-17
  outer loop
    vertex 440.92500000000007 -5.00000000000011 -3.1380453818635017
    vertex 381.02027957955113 -5.000000000000111 -3.479720420448942
    vertex 440.47972042044904 -5.00000000000011 -3.4797204204489645
  endloop
endfacet
facet normal 1.1131446641636449e-17 -1.0 -1.7624790515924373e-17
  outer loop
    vertex 380.5750000000001 -5.000000000000111 -3.138045381863468
    vertex 381.02027957955113 -5.000000000000111 -3.479720420448942
    vertex 440.92500000000007 -5.00000000000011 -3.1380453818635017
  endloop
endfacet
facet normal 1.1131446641636449e-17 -1.0 -1.7624790515924373e-17
  outer loop
    vertex 441.4435390530296 -5.00000000000011 -2.923259473478544
    vertex 380.5750000000001 -5.000000000000111 -3.138045381863468
    vertex 440.92500000000007 -5.00000000000011 -3.1380453818635017
  endloop
endfacet
facet normal 1.1131446641636449e-17 -1.0 -1.7624790515924373e-17
  outer loop
    vertex 380.05646094697045 -5.000000000000111 -2.9232594734785247
    vertex 380.5750000000001 -5.000000000000111 -3.138045381863468
    vertex 441.4435390530296 -5.00000000000011 -2.923259473478544
  endloop
endfacet
facet normal 1.1131446641636449e-17 -1.0 -1.7624790515924373e-17
  outer loop
    vertex 442.0000000000001 -5.00000000000011 -2.8500000000000356
    vertex 380.05646094697045 -5.000000000000111 -2.9232594734785247
    vertex 441.4435390530296 -5.00000000000011 -2.923259473478544
  endloop
endfacet
facet normal 1.1131446641636449e-17 -1.0 -1.7624790515924373e-17
  outer loop
    vertex 379.5000000000001 -5.000000000000111 -2.8500000000000214
    vertex 380.05646094697045 -5.000000000000111 -2.9232594734785247
    vertex 442.0000000000001 -5.00000000000011 -2.8500000000000356
  endloop
endfacet
facet normal 1.1131446641636449e-17 -1.0 -1.7624790515924373e-17
  outer loop
    vertex 512.0 -5.000000000000109 -10.000000000000034
    vertex 317.0 -5.000000000000111 -7.150000000000032
    vertex 309.00000000000006 -5.000000000000111 -10.00000000000003
  endloop
endfacet
facet normal 1.1131446641636449e-17 -1.0 -1.7624790515924373e-17
  outer loop
    vertex 316.4435390530296 -5.000000000000111 -7.076740526521523
    vertex 309.00000000000006 -5.000000000000111 -10.00000000000003
    vertex 317.0 -5.000000000000111 -7.150000000000032
  endloop
endfacet
facet normal 1.1131446641636449e-17 -1.0 -1.7624790515924373e-17
  outer loop
    vertex 315.92499999999995 -5.000000000000111 -6.861954618136527
    vertex 309.00000000000006 -5.000000000000111 -10.00000000000003
    vertex 316.4435390530296 -5.000000000000111 -7.076740526521523
  endloop
endfacet
facet normal 1.1131446641636449e-17 -1.0 -1.7624790515924373e-17
  outer loop
    vertex 315.47972042044904 -5.000000000000111 -6.520279579551111
    vertex 309.00000000000006 -5.000000000000111 -10.00000000000003
    vertex 315.92499999999995 -5.000000000000111 -6.861954618136527
  endloop
endfacet
facet normal 1.1131446641636449e-17 -1.0 -1.7624790515924373e-17
  outer loop
    vertex 315.1380453818635 -5.000000000000111 -6.075000000000032
    vertex 309.00000000000006 -5.000000000000111 -10.00000000000003
    vertex 315.47972042044904 -5.000000000000111 -6.520279579551111
  endloop
endfacet
facet normal 1.1131446641636449e-17 -1.0 -1.7624790515924373e-17
  outer loop
    vertex 309.00000000000006 -5.000000000000113 5.999999999999966
    vertex 309.00000000000006 -5.000000000000111 -10.00000000000003
    vertex 315.1380453818635 -5.000000000000111 -6.075000000000032
  endloop
endfacet
facet normal 1.1131446641636449e-17 -1.0 -1.7624790515924373e-17
  outer loop
    vertex 379.50000000000006 -5.000000000000111 -7.150000000000039
    vertex 317.0 -5.000000000000111 -7.150000000000032
    vertex 512.0 -5.000000000000109 -10.000000000000034
  endloop
endfacet
facet normal 1.1131446641636449e-17 -1.0 -1.7624790515924373e-17
  outer loop
    vertex 314.9232594734786 -5.000000000000111 -5.55646094697045
    vertex 309.00000000000006 -5.000000000000113 5.999999999999966
    vertex 315.1380453818635 -5.000000000000111 -6.075000000000032
  endloop
endfacet
facet normal 1.1131446641636449e-17 -1.0 -1.7624790515924373e-17
  outer loop
    vertex 314.8500000000001 -5.000000000000111 -5.000000000000028
    vertex 309.00000000000006 -5.000000000000113 5.999999999999966
    vertex 314.9232594734786 -5.000000000000111 -5.55646094697045
  endloop
endfacet
facet normal 1.1131446641636449e-17 -1.0 -1.7624790515924373e-17
  outer loop
    vertex 314.9232594734786 -5.000000000000111 -4.443539053029606
    vertex 309.00000000000006 -5.000000000000113 5.999999999999966
    vertex 314.8500000000001 -5.000000000000111 -5.000000000000028
  endloop
endfacet
facet normal 1.1131446641636449e-17 -1.0 -1.7624790515924373e-17
  outer loop
    vertex 315.1380453818635 -5.000000000000111 -3.925000000000021
    vertex 309.00000000000006 -5.000000000000113 5.999999999999966
    vertex 314.9232594734786 -5.000000000000111 -4.443539053029606
  endloop
endfacet
facet normal 1.1131446641636449e-17 -1.0 -1.7624790515924373e-17
  outer loop
    vertex 315.47972042044904 -5.000000000000111 -3.479720420448943
    vertex 309.00000000000006 -5.000000000000113 5.999999999999966
    vertex 315.1380453818635 -5.000000000000111 -3.925000000000021
  endloop
endfacet
facet normal 1.1131446641636449e-17 -1.0 -1.7624790515924373e-17
  outer loop
    vertex 315.92499999999995 -5.000000000000111 -3.138045381863512
    vertex 309.00000000000006 -5.000000000000113 5.999999999999966
    vertex 315.47972042044904 -5.000000000000111 -3.479720420448943
  endloop
endfacet
facet normal 1.1131446641636449e-17 -1.0 -1.7624790515924373e-17
  outer loop
    vertex 316.4435390530296 -5.000000000000111 -2.9232594734785597
    vertex 309.00000000000006 -5.000000000000113 5.999999999999966
    vertex 315.92499999999995 -5.000000000000111 -3.138045381863512
  endloop
endfacet
facet normal 1.1131446641636449e-17 -1.0 -1.7624790515924373e-17
  outer loop
    vertex 317.00000000000006 -5.000000000000111 -2.85000000000002
    vertex 309.00000000000006 -5.000000000000113 5.999999999999966
    vertex 316.4435390530296 -5.000000000000111 -2.9232594734785597
  endloop
endfacet
facet normal 1.1131446641636449e-17 -1.0 -1.7624790515924373e-17
  outer loop
    vertex 379.5000000000001 -5.000000000000111 -2.8500000000000214
    vertex 309.00000000000006 -5.000000000000113 5.999999999999966
    vertex 317.00000000000006 -5.000000000000111 -2.85000000000002
  endloop
endfacet
facet normal 1.1131446641636449e-17 -1.0 -1.7624790515924373e-17
  outer loop
    vertex 512.0 -5.000000000000109 5.999999999999964
    vertex 442.5564609469705 -5.00000000000011 -7.076740526521525
    vertex 512.0 -5.000000000000109 -10.000000000000034
  endloop
endfacet
facet normal 1.1131446641636449e-17 -1.0 -1.7624790515924373e-17
  outer loop
    vertex 442.0000000000001 -5.00000000000011 -7.150000000000028
    vertex 512.0 -5.000000000000109 -10.000000000000034
    vertex 442.5564609469705 -5.00000000000011 -7.076740526521525
  endloop
endfacet
facet normal 1.1131446641636449e-17 -1.0 -1.7624790515924373e-17
  outer loop
    vertex 379.50000000000006 -5.000000000000111 -7.150000000000039
    vertex 512.0 -5.000000000000109 -10.000000000000034
    vertex 442.0000000000001 -5.00000000000011 -7.150000000000028
  endloop
endfacet
facet normal 1.1131446641636449e-17 -1.0 -1.7624790515924373e-17
  outer loop
    vertex 443.07500000000005 -5.00000000000011 -6.8619546181365845
    vertex 442.5564609469705 -5.00000000000011 -7.076740526521525
    vertex 512.0 -5.000000000000109 5.999999999999964
  endloop
endfacet
facet normal 1.1131446641636449e-17 -1.0 -1.7624790515924373e-17
  outer loop
    vertex 443.5202795795512 -5.00000000000011 -6.5202795795511115
    vertex 443.07500000000005 -5.00000000000011 -6.8619546181365845
    vertex 512.0 -5.000000000000109 5.999999999999964
  endloop
endfacet
facet normal 1.1131446641636449e-17 -1.0 -1.7624790515924373e-17
  outer loop
    vertex 443.8619546181366 -5.00000000000011 -6.0750000000000295
    vertex 443.5202795795512 -5.00000000000011 -6.5202795795511115
    vertex 512.0 -5.000000000000109 5.999999999999964
  endloop
endfacet
facet normal 1.1131446641636449e-17 -1.0 -1.7624790515924373e-17
  outer loop
    vertex 444.0767405265216 -5.00000000000011 -5.556460946970453
    vertex 443.8619546181366 -5.00000000000011 -6.0750000000000295
    vertex 512.0 -5.000000000000109 5.999999999999964
  endloop
endfacet
facet normal 1.1131446641636449e-17 -1.0 -1.7624790515924373e-17
  outer loop
    vertex 444.15000000000003 -5.00000000000011 -5.000000000000032
    vertex 444.0767405265216 -5.00000000000011 -5.556460946970453
    vertex 512.0 -5.000000000000109 5.999999999999964
  endloop
endfacet
facet normal 1.1131446641636449e-17 -1.0 -1.7624790515924373e-17
  outer loop
    vertex 444.0767405265216 -5.00000000000011 -4.44353905302961
    vertex 444.15000000000003 -5.00000000000011 -5.000000000000032
    vertex 512.0 -5.000000000000109 5.999999999999964
  endloop
endfacet
facet normal 1.1131446641636449e-17 -1.0 -1.7624790515924373e-17
  outer loop
    vertex 443.8619546181366 -5.00000000000011 -3.925000000000031
    vertex 444.0767405265216 -5.00000000000011 -4.44353905302961
    vertex 512.0 -5.000000000000109 5.999999999999964
  endloop
endfacet
facet normal 1.1131446641636449e-17 -1.0 -1.7624790515924373e-17
  outer loop
    vertex 443.5202795795511 -5.00000000000011 -3.479720420448942
    vertex 443.8619546181366 -5.00000000000011 -3.925000000000031
    vertex 512.0 -5.000000000000109 5.999999999999964
  endloop
endfacet
facet normal 1.1131446641636449e-17 -1.0 -1.7624790515924373e-17
  outer loop
    vertex 443.07500000000005 -5.00000000000011 -3.1380453818634906
    vertex 443.5202795795511 -5.00000000000011 -3.479720420448942
    vertex 512.0 -5.000000000000109 5.999999999999964
  endloop
endfacet
facet normal 1.1131446641636449e-17 -1.0 -1.7624790515924373e-17
  outer loop
    vertex 442.5564609469704 -5.00000000000011 -2.9232594734785273
    vertex 443.07500000000005 -5.00000000000011 -3.1380453818634906
    vertex 512.0 -5.000000000000109 5.999999999999964
  endloop
endfacet
facet normal 1.1131446641636449e-17 -1.0 -1.7624790515924373e-17
  outer loop
    vertex 442.0000000000001 -5.00000000000011 -2.8500000000000356
    vertex 442.5564609469704 -5.00000000000011 -2.9232594734785273
    vertex 512.0 -5.000000000000109 5.999999999999964
  endloop
endfacet
facet normal 1.1131446641636449e-17 -1.0 -1.7624790515924373e-17
  outer loop
    vertex 379.5000000000001 -5.000000000000111 -2.8500000000000214
    vertex 442.0000000000001 -5.00000000000011 -2.8500000000000356
    vertex 512.0 -5.000000000000109 5.999999999999964
  endloop
endfacet
facet normal 1.1131446641636449e-17 -1.0 -1.7624790515924373e-17
  outer loop
    vertex 309.00000000000006 -5.000000000000113 5.999999999999966
    vertex 379.5000000000001 -5.000000000000111 -2.8500000000000214
    vertex 512.0 -5.000000000000109 5.999999999999964
  endloop
endfacet
facet normal 1.1131446641636449e-17 -1.0 -1.7624790515924373e-17
  outer loop
    vertex 379.50000000000006 -5.000000000000111 -7.150000000000039
    vertex 378.94353905302967 -5.000000000000111 -7.076740526521533
    vertex 317.0 -5.000000000000111 -7.150000000000032
  endloop
endfacet
facet normal 1.1131446641636449e-17 -1.0 -1.7624790515924373e-17
  outer loop
    vertex 317.55646094697045 -5.000000000000111 -7.076740526521546
    vertex 317.0 -5.000000000000111 -7.150000000000032
    vertex 378.94353905302967 -5.000000000000111 -7.076740526521533
  endloop
endfacet
facet normal 1.1131446641636449e-17 -1.0 -1.7624790515924373e-17
  outer loop
    vertex 318.07500000000005 -5.000000000000111 -6.861954618136594
    vertex 317.55646094697045 -5.000000000000111 -7.076740526521546
    vertex 378.94353905302967 -5.000000000000111 -7.076740526521533
  endloop
endfacet
facet normal 1.1131446641636449e-17 -1.0 -1.7624790515924373e-17
  outer loop
    vertex 378.425 -5.000000000000111 -6.8619546181365845
    vertex 318.07500000000005 -5.000000000000111 -6.861954618136594
    vertex 378.94353905302967 -5.000000000000111 -7.076740526521533
  endloop
endfacet
facet normal 1.1131446641636449e-17 -1.0 -1.7624790515924373e-17
  outer loop
    vertex 318.5202795795512 -5.000000000000111 -6.5202795795511115
    vertex 318.07500000000005 -5.000000000000111 -6.861954618136594
    vertex 378.425 -5.000000000000111 -6.8619546181365845
  endloop
endfacet
facet normal 1.1131446641636449e-17 -1.0 -1.7624790515924373e-17
  outer loop
    vertex 377.97972042044904 -5.000000000000111 -6.520279579551101
    vertex 318.5202795795512 -5.000000000000111 -6.5202795795511115
    vertex 378.425 -5.000000000000111 -6.8619546181365845
  endloop
endfacet
facet normal 1.1131446641636449e-17 -1.0 -1.7624790515924373e-17
  outer loop
    vertex 318.8619546181366 -5.000000000000111 -6.075000000000032
    vertex 318.5202795795512 -5.000000000000111 -6.5202795795511115
    vertex 377.97972042044904 -5.000000000000111 -6.520279579551101
  endloop
endfacet
facet normal 1.1131446641636449e-17 -1.0 -1.7624790515924373e-17
  outer loop
    vertex 377.63804538186355 -5.000000000000111 -6.075000000000021
    vertex 318.8619546181366 -5.000000000000111 -6.075000000000032
    vertex 377.97972042044904 -5.000000000000111 -6.520279579551101
  endloop
endfacet
facet normal 1.1131446641636449e-17 -1.0 -1.7624790515924373e-17
  outer loop
    vertex 319.0767405265216 -5.000000000000111 -5.556460946970454
    vertex 318.8619546181366 -5.000000000000111 -6.075000000000032
    vertex 377.63804538186355 -5.000000000000111 -6.075000000000021
  endloop
endfacet
facet normal 1.1131446641636449e-17 -1.0 -1.7624790515924373e-17
  outer loop
    vertex 377.4232594734786 -5.000000000000111 -5.556460946970451
    vertex 319.0767405265216 -5.000000000000111 -5.556460946970454
    vertex 377.63804538186355 -5.000000000000111 -6.075000000000021
  endloop
endfacet
facet normal 1.1131446641636449e-17 -1.0 -1.7624790515924373e-17
  outer loop
    vertex 319.1500000000001 -5.000000000000111 -5.000000000000028
    vertex 319.0767405265216 -5.000000000000111 -5.556460946970454
    vertex 377.4232594734786 -5.000000000000111 -5.556460946970451
  endloop
endfacet
facet normal 1.1131446641636449e-17 -1.0 -1.7624790515924373e-17
  outer loop
    vertex 377.3500000000001 -5.000000000000111 -5.000000000000029
    vertex 319.1500000000001 -5.000000000000111 -5.000000000000028
    vertex 377.4232594734786 -5.000000000000111 -5.556460946970451
  endloop
endfacet
facet normal 1.1131446641636449e-17 -1.0 -1.7624790515924373e-17
  outer loop
    vertex 377.4232594734786 -5.000000000000111 -4.443539053029612
    vertex 319.1500000000001 -5.000000000000111 -5.000000000000028
    vertex 377.3500000000001 -5.000000000000111 -5.000000000000029
  endloop
endfacet
facet normal 1.1131446641636449e-17 -1.0 -1.7624790515924373e-17
  outer loop
    vertex 319.0767405265216 -5.000000000000111 -4.443539053029608
    vertex 319.1500000000001 -5.000000000000111 -5.000000000000028
    vertex 377.4232594734786 -5.000000000000111 -4.443539053029612
  endloop
endfacet
facet normal 1.1131446641636449e-17 -1.0 -1.7624790515924373e-17
  outer loop
    vertex 377.63804538186355 -5.000000000000111 -3.925000000000031
    vertex 319.0767405265216 -5.000000000000111 -4.443539053029608
    vertex 377.4232594734786 -5.000000000000111 -4.443539053029612
  endloop
endfacet
facet normal 1.1131446641636449e-17 -1.0 -1.7624790515924373e-17
  outer loop
    vertex 318.8619546181366 -5.000000000000111 -3.925000000000031
    vertex 319.0767405265216 -5.000000000000111 -4.443539053029608
    vertex 377.63804538186355 -5.000000000000111 -3.925000000000031
  endloop
endfacet
facet normal 1.1131446641636449e-17 -1.0 -1.7624790515924373e-17
  outer loop
    vertex 318.5202795795512 -5.000000000000111 -3.4797204204489516
    vertex 318.8619546181366 -5.000000000000111 -3.925000000000031
    vertex 377.63804538186355 -5.000000000000111 -3.925000000000031
  endloop
endfacet
facet normal 1.1131446641636449e-17 -1.0 -1.7624790515924373e-17
  outer loop
    vertex 377.979720420449 -5.000000000000111 -3.4797204204489645
    vertex 318.5202795795512 -5.000000000000111 -3.4797204204489516
    vertex 377.63804538186355 -5.000000000000111 -3.925000000000031
  endloop
endfacet
facet normal 1.1131446641636449e-17 -1.0 -1.7624790515924373e-17
  outer loop
    vertex 378.425 -5.000000000000111 -3.1380453818635132
    vertex 318.5202795795512 -5.000000000000111 -3.4797204204489516
    vertex 377.979720420449 -5.000000000000111 -3.4797204204489645
  endloop
endfacet
facet normal 1.1131446641636449e-17 -1.0 -1.7624790515924373e-17
  outer loop
    vertex 318.07500000000005 -5.000000000000111 -3.138045381863444
    vertex 318.5202795795512 -5.000000000000111 -3.4797204204489516
    vertex 378.425 -5.000000000000111 -3.1380453818635132
  endloop
endfacet
facet normal 1.1131446641636449e-17 -1.0 -1.7624790515924373e-17
  outer loop
    vertex 378.94353905302967 -5.000000000000111 -2.9232594734785273
    vertex 318.07500000000005 -5.000000000000111 -3.138045381863444
    vertex 378.425 -5.000000000000111 -3.1380453818635132
  endloop
endfacet
facet normal 1.1131446641636449e-17 -1.0 -1.7624790515924373e-17
  outer loop
    vertex 317.55646094697045 -5.000000000000111 -2.9232594734785233
    vertex 318.07500000000005 -5.000000000000111 -3.138045381863444
    vertex 378.94353905302967 -5.000000000000111 -2.9232594734785273
  endloop
endfacet
facet normal 1.1131446641636449e-17 -1.0 -1.7624790515924373e-17
  outer loop
    vertex 379.5000000000001 -5.000000000000111 -2.8500000000000214
    vertex 317.55646094697045 -5.000000000000111 -2.9232594734785233
    vertex 378.94353905302967 -5.000000000000111 -2.9232594734785273
  endloop
endfacet
facet normal 1.1131446641636449e-17 -1.0 -1.7624790515924373e-17
  outer loop
    vertex 317.00000000000006 -5.000000000000111 -2.85000000000002
    vertex 317.55646094697045 -5.000000000000111 -2.9232594734785233
    vertex 379.5000000000001 -5.000000000000111 -2.8500000000000214
  endloop
endfacet
facet normal -1.1131446641636449e-17 1.0 1.7624790515924373e-17
  outer loop
    vertex 326.00000000000006 11.999999999999902 -10.00000000000003
    vertex 313.00000000000006 11.999999999999904 -10.00000000000003
    vertex 326.00000000000006 11.999999999999902 -3.101963130802687e-14
  endloop
endfacet
facet normal -1.1131446641636449e-17 1.0 1.7624790515924373e-17
  outer loop
    vertex 313.00000000000006 11.999999999999904 -3.101963130802687e-14
    vertex 326.00000000000006 11.999999999999902 -3.101963130802687e-14
    vertex 313.00000000000006 11.999999999999904 -10.00000000000003
  endloop
endfacet
facet normal 1.0 -2.4459310293718186e-34 0.0
  outer loop
    vertex 313.00000000000006 11.999999999999904 -10.00000000000003
    vertex 313.00000000000006 21.19999999999991 -3.6143593539449004
    vertex 313.00000000000006 11.999999999999904 -3.101963130802687e-14
  endloop
endfacet
facet normal 1.0 -2.4459310293718186e-34 0.0
  outer loop
    vertex 313.00000000000006 21.585889527835878 -3.454518677937496
    vertex 313.00000000000006 11.999999999999904 -3.101963130802687e-14
    vertex 313.00000000000006 21.19999999999991 -3.6143593539449004
  endloop
endfacet
facet normal 1.0 -2.4459310293718186e-34 0.0
  outer loop
    vertex 313.00000000000006 21.999999999999908 -3.4000000000000066
    vertex 313.00000000000006 11.999999999999904 -3.101963130802687e-14
    vertex 313.00000000000006 21.585889527835878 -3.454518677937496
  endloop
endfacet
facet normal 1.0 -2.4459310293718186e-34 0.0
  outer loop
    vertex 313.00000000000006 108.19999999999992 -2.9609648066752924e-14
    vertex 313.00000000000006 11.999999999999904 -3.101963130802687e-14
    vertex 313.00000000000006 21.999999999999908 -3.4000000000000066
  endloop
endfacet
facet normal 1.0 -2.4459310293718186e-34 0.0
  outer loop
    vertex 313.00000000000006 20.868629150101427 -3.8686291501015293
    vertex 313.00000000000006 21.19999999999991 -3.6143593539449004
    vertex 313.00000000000006 11.999999999999904 -10.00000000000003
  endloop
endfacet
facet normal 1.0 -2.4459310293718186e-34 0.0
  outer loop
    vertex 313.00000000000006 20.614359353944803 -4.200000000000004
    vertex 313.00000000000006 20.868629150101427 -3.8686291501015293
    vertex 313.00000000000006 11.999999999999904 -10.00000000000003
  endloop
endfacet
facet normal 1.0 -2.4459310293718186e-34 0.0
  outer loop
    vertex 313.00000000000006 20.454518677937397 -4.585889527835971
    vertex 313.00000000000006 20.614359353944803 -4.200000000000004
    vertex 313.00000000000006 11.999999999999904 -10.00000000000003
  endloop
endfacet
facet normal 1.0 -2.4459310293718186e-34 0.0
  outer loop
    vertex 313.00000000000006 20.3999999999999 -5.000000000000005
    vertex 313.00000000000006 20.454518677937397 -4.585889527835971
    vertex 313.00000000000006 11.999999999999904 -10.00000000000003
  endloop
endfacet
facet normal 1.0 -2.4459310293718186e-34 0.0
  outer loop
    vertex 313.00000000000006 22.41411047216394 -3.4545186779374975
    vertex 313.00000000000006 108.19999999999992 -2.9609648066752924e-14
    vertex 313.00000000000006 21.999999999999908 -3.4000000000000066
  endloop
endfacet
facet normal 1.0 -2.4459310293718186e-34 0.0
  outer loop
    vertex 313.00000000000006 22.79999999999991 -3.6143593539449106
    vertex 313.00000000000006 108.19999999999992 -2.9609648066752924e-14
    vertex 313.00000000000006 22.41411047216394 -3.4545186779374975
  endloop
endfacet
facet normal 1.0 -2.4459310293718186e-34 0.0
  outer loop
    vertex 313.00000000000006 23.131370849898378 -3.8686291501015324
    vertex 313.00000000000006 108.19999999999992 -2.9609648066752924e-14
    vertex 313.00000000000006 22.79999999999991 -3.6143593539449106
  endloop
endfacet
facet normal 1.0 -2.4459310293718186e-34 0.0
  outer loop
    vertex 313.00000000000006 23.385640646055005 -4.200000000000005
    vertex 313.00000000000006 108.19999999999992 -2.9609648066752924e-14
    vertex 313.00000000000006 23.131370849898378 -3.8686291501015324
  endloop
endfacet
facet normal 1.0 -2.4459310293718186e-34 0.0
  outer loop
    vertex 313.00000000000006 41.999999999999915 -3.400000000000029
    vertex 313.00000000000006 108.19999999999992 -2.9609648066752924e-14
    vertex 313.00000000000006 23.385640646055005 -4.200000000000005
  endloop
endfacet
facet normal 1.0 -2.4459310293718186e-34 0.0
  outer loop
    vertex 313.00000000000006 23.54548132206241 -4.58588952783597
    vertex 313.00000000000006 41.999999999999915 -3.400000000000029
    vertex 313.00000000000006 23.385640646055005 -4.200000000000005
  endloop
endfacet
facet normal 1.0 -2.4459310293718186e-34 0.0
  outer loop
    vertex 313.00000000000006 23.599999999999895 -5.000000000000003
    vertex 313.00000000000006 41.999999999999915 -3.400000000000029
    vertex 313.00000000000006 23.54548132206241 -4.58588952783597
  endloop
endfacet
facet normal 1.0 -2.4459310293718186e-34 0.0
  outer loop
    vertex 313.00000000000006 41.58588952783589 -3.4545186779375103
    vertex 313.00000000000006 41.999999999999915 -3.400000000000029
    vertex 313.00000000000006 23.599999999999895 -5.000000000000003
  endloop
endfacet
facet normal 1.0 -2.4459310293718186e-34 0.0
  outer loop
    vertex 313.00000000000006 41.19999999999993 -3.614359353944902
    vertex 313.00000000000006 41.58588952783589 -3.4545186779375103
    vertex 313.00000000000006 23.599999999999895 -5.000000000000003
  endloop
endfacet
facet normal 1.0 -2.4459310293718186e-34 0.0
  outer loop
    vertex 313.00000000000006 40.86862915010146 -3.8686291501015244
    vertex 313.00000000000006 41.19999999999993 -3.614359353944902
    vertex 313.00000000000006 23.599999999999895 -5.000000000000003
  endloop
endfacet
facet normal 1.0 -2.4459310293718186e-34 0.0
  outer loop
    vertex 313.00000000000006 40.61435935394481 -4.200000000000019
    vertex 313.00000000000006 40.86862915010146 -3.8686291501015244
    vertex 313.00000000000006 23.599999999999895 -5.000000000000003
  endloop
endfacet
facet normal 1.0 -2.4459310293718186e-34 0.0
  outer loop
    vertex 313.00000000000006 40.45451867793741 -4.585889527835982
    vertex 313.00000000000006 40.61435935394481 -4.200000000000019
    vertex 313.00000000000006 23.599999999999895 -5.000000000000003
  endloop
endfacet
facet normal 1.0 -2.4459310293718186e-34 0.0
  outer loop
    vertex 313.00000000000006 40.39999999999991 -5.0000000000000115
    vertex 313.00000000000006 40.45451867793741 -4.585889527835982
    vertex 313.00000000000006 23.599999999999895 -5.000000000000003
  endloop
endfacet
facet normal 1.0 -2.4459310293718186e-34 0.0
  outer loop
    vertex 313.00000000000006 42.41411047216394 -3.4545186779375188
    vertex 313.00000000000006 108.19999999999992 -2.9609648066752924e-14
    vertex 313.00000000000006 41.999999999999915 -3.400000000000029
  endloop
endfacet
facet normal 1.0 -2.4459310293718186e-34 0.0
  outer loop
    vertex 313.00000000000006 42.799999999999905 -3.6143593539449244
    vertex 313.00000000000006 108.19999999999992 -2.9609648066752924e-14
    vertex 313.00000000000006 42.41411047216394 -3.4545186779375188
  endloop
endfacet
facet normal 1.0 -2.4459310293718186e-34 0.0
  outer loop
    vertex 313.00000000000006 43.131370849898396 -3.8686291501015697
    vertex 313.00000000000006 108.19999999999992 -2.9609648066752924e-14
    vertex 313.00000000000006 42.799999999999905 -3.6143593539449244
  endloop
endfacet
facet normal 1.0 -2.4459310293718186e-34 0.0
  outer loop
    vertex 313.00000000000006 43.38564064605501 -4.200000000000034
    vertex 313.00000000000006 108.19999999999992 -2.9609648066752924e-14
    vertex 313.00000000000006 43.131370849898396 -3.8686291501015697
  endloop
endfacet
facet normal 1.0 -2.4459310293718186e-34 0.0
  outer loop
    vertex 313.00000000000006 43.54548132206241 -4.585889527835999
    vertex 313.00000000000006 108.19999999999992 -2.9609648066752924e-14
    vertex 313.00000000000006 43.38564064605501 -4.200000000000034
  endloop
endfacet
facet normal 1.0 -2.4459310293718186e-34 0.0
  outer loop
    vertex 313.00000000000006 43.599999999999895 -5.000000000000031
    vertex 313.00000000000006 108.19999999999992 -2.9609648066752924e-14
    vertex 313.00000000000006 43.54548132206241 -4.585889527835999
  endloop
endfacet
facet normal 1.0 -2.4459310293718186e-34 0.0
  outer loop
    vertex 313.00000000000006 95.08588952783589 -3.4545186779374935
    vertex 313.00000000000006 108.19999999999992 -2.9609648066752924e-14
    vertex 313.00000000000006 43.599999999999895 -5.000000000000031
  endloop
endfacet
facet normal 1.0 -2.4459310293718186e-34 0.0
  outer loop
    vertex 313.00000000000006 94.69999999999989 -3.6143593539448977
    vertex 313.00000000000006 95.08588952783589 -3.4545186779374935
    vertex 313.00000000000006 43.599999999999895 -5.000000000000031
  endloop
endfacet
facet normal 1.0 -2.4459310293718186e-34 0.0
  outer loop
    vertex 313.00000000000006 94.3686291501014 -3.868629150101541
    vertex 313.00000000000006 94.69999999999989 -3.6143593539448977
    vertex 313.00000000000006 43.599999999999895 -5.000000000000031
  endloop
endfacet
facet normal 1.0 -2.4459310293718186e-34 0.0
  outer loop
    vertex 313.00000000000006 94.11435935394479 -4.200000000000004
    vertex 313.00000000000006 94.3686291501014 -3.868629150101541
    vertex 313.00000000000006 43.599999999999895 -5.000000000000031
  endloop
endfacet
facet normal 1.0 -2.4459310293718186e-34 0.0
  outer loop
    vertex 313.00000000000006 93.95451867793737 -4.5858895278359695
    vertex 313.00000000000006 94.11435935394479 -4.200000000000004
    vertex 313.00000000000006 43.599999999999895 -5.000000000000031
  endloop
endfacet
facet normal 1.0 -2.4459310293718186e-34 0.0
  outer loop
    vertex 313.00000000000006 93.89999999999988 -5.000000000000005
    vertex 313.00000000000006 93.95451867793737 -4.5858895278359695
    vertex 313.00000000000006 43.599999999999895 -5.000000000000031
  endloop
endfacet
facet normal 1.0 -2.4459310293718186e-34 0.0
  outer loop
    vertex 313.00000000000006 95.49999999999989 -3.400000000000012
    vertex 313.00000000000006 108.19999999999992 -2.9609648066752924e-14
    vertex 313.00000000000006 95.08588952783589 -3.4545186779374935
  endloop
endfacet
facet normal 1.0 -2.4459310293718186e-34 0.0
  outer loop
    vertex 313.00000000000006 95.91411047216393 -3.4545186779375032
    vertex 313.00000000000006 108.19999999999992 -2.9609648066752924e-14
    vertex 313.00000000000006 95.49999999999989 -3.400000000000012
  endloop
endfacet
facet normal 1.0 -2.4459310293718186e-34 0.0
  outer loop
    vertex 313.00000000000006 96.2999999999999 -3.614359353944909
    vertex 313.00000000000006 108.19999999999992 -2.9609648066752924e-14
    vertex 313.00000000000006 95.91411047216393 -3.4545186779375032
  endloop
endfacet
facet normal 1.0 -2.4459310293718186e-34 0.0
  outer loop
    vertex 313.00000000000006 96.63137084989839 -3.868629150101534
    vertex 313.00000000000006 108.19999999999992 -2.9609648066752924e-14
    vertex 313.00000000000006 96.2999999999999 -3.614359353944909
  endloop
endfacet
facet normal 1.0 -2.4459310293718186e-34 0.0
  outer loop
    vertex 313.00000000000006 96.885640646055 -4.200000000000012
    vertex 313.00000000000006 108.19999999999992 -2.9609648066752924e-14
    vertex 313.00000000000006 96.63137084989839 -3.868629150101534
  endloop
endfacet
facet normal 1.0 -2.4459310293718186e-34 0.0
  outer loop
    vertex 313.00000000000006 97.0454813220624 -4.585889527835978
    vertex 313.00000000000006 108.19999999999992 -2.9609648066752924e-14
    vertex 313.00000000000006 96.885640646055 -4.200000000000012
  endloop
endfacet
facet normal 1.0 -2.4459310293718186e-34 0.0
  outer loop
    vertex 313.00000000000006 97.09999999999991 -5.000000000000009
    vertex 313.00000000000006 108.19999999999992 -2.9609648066752924e-14
    vertex 313.00000000000006 97.0454813220624 -4.585889527835978
  endloop
endfacet
facet normal 1.0 -2.4459310293718186e-34 0.0
  outer loop
    vertex 313.00000000000006 108.19999999999992 -10.00000000000003
    vertex 313.00000000000006 21.999999999999908 -6.599999999999999
    vertex 313.00000000000006 11.999999999999904 -10.00000000000003
  endloop
endfacet
facet normal 1.0 -2.4459310293718186e-34 0.0
  outer loop
    vertex 313.00000000000006 21.585889527835878 -6.545481322062515
    vertex 313.00000000000006 11.999999999999904 -10.00000000000003
    vertex 313.00000000000006 21.999999999999908 -6.599999999999999
  endloop
endfacet
facet normal 1.0 -2.4459310293718186e-34 0.0
  outer loop
    vertex 313.00000000000006 21.19999999999991 -6.385640646055107
    vertex 313.00000000000006 11.999999999999904 -10.00000000000003
    vertex 313.00000000000006 21.585889527835878 -6.545481322062515
  endloop
endfacet
facet normal 1.0 -2.4459310293718186e-34 0.0
  outer loop
    vertex 313.00000000000006 20.868629150101427 -6.1313708498984765
    vertex 313.00000000000006 11.999999999999904 -10.00000000000003
    vertex 313.00000000000006 21.19999999999991 -6.385640646055107
  endloop
endfacet
facet normal 1.0 -2.4459310293718186e-34 0.0
  outer loop
    vertex 313.00000000000006 20.614359353944803 -5.800000000000002
    vertex 313.00000000000006 11.999999999999904 -10.00000000000003
    vertex 313.00000000000006 20.868629150101427 -6.1313708498984765
  endloop
endfacet
facet normal 1.0 -2.4459310293718186e-34 0.0
  outer loop
    vertex 313.00000000000006 20.454518677937397 -5.414110472164035
    vertex 313.00000000000006 11.999999999999904 -10.00000000000003
    vertex 313.00000000000006 20.614359353944803 -5.800000000000002
  endloop
endfacet
facet normal 1.0 -2.4459310293718186e-34 0.0
  outer loop
    vertex 313.00000000000006 20.3999999999999 -5.000000000000005
    vertex 313.00000000000006 11.999999999999904 -10.00000000000003
    vertex 313.00000000000006 20.454518677937397 -5.414110472164035
  endloop
endfacet
facet normal 1.0 -2.4459310293718186e-34 0.0
  outer loop
    vertex 313.00000000000006 22.41411047216394 -6.545481322062507
    vertex 313.00000000000006 21.999999999999908 -6.599999999999999
    vertex 313.00000000000006 108.19999999999992 -10.00000000000003
  endloop
endfacet
facet normal 1.0 -2.4459310293718186e-34 0.0
  outer loop
    vertex 313.00000000000006 22.79999999999991 -6.3856406460551005
    vertex 313.00000000000006 22.41411047216394 -6.545481322062507
    vertex 313.00000000000006 108.19999999999992 -10.00000000000003
  endloop
endfacet
facet normal 1.0 -2.4459310293718186e-34 0.0
  outer loop
    vertex 313.00000000000006 23.131370849898378 -6.1313708498984765
    vertex 313.00000000000006 22.79999999999991 -6.3856406460551005
    vertex 313.00000000000006 108.19999999999992 -10.00000000000003
  endloop
endfacet
facet normal 1.0 -2.4459310293718186e-34 0.0
  outer loop
    vertex 313.00000000000006 23.385640646055005 -5.800000000000003
    vertex 313.00000000000006 23.131370849898378 -6.1313708498984765
    vertex 313.00000000000006 108.19999999999992 -10.00000000000003
  endloop
endfacet
facet normal 1.0 -2.4459310293718186e-34 0.0
  outer loop
    vertex 313.00000000000006 41.999999999999886 -6.600000000000013
    vertex 313.00000000000006 23.385640646055005 -5.800000000000003
    vertex 313.00000000000006 108.19999999999992 -10.00000000000003
  endloop
endfacet
facet normal 1.0 -2.4459310293718186e-34 0.0
  outer loop
    vertex 313.00000000000006 23.54548132206241 -5.414110472164038
    vertex 313.00000000000006 23.385640646055005 -5.800000000000003
    vertex 313.00000000000006 41.999999999999886 -6.600000000000013
  endloop
endfacet
facet normal 1.0 -2.4459310293718186e-34 0.0
  outer loop
    vertex 313.00000000000006 23.599999999999895 -5.000000000000003
    vertex 313.00000000000006 23.54548132206241 -5.414110472164038
    vertex 313.00000000000006 41.999999999999886 -6.600000000000013
  endloop
endfacet
facet normal 1.0 -2.4459310293718186e-34 0.0
  outer loop
    vertex 313.00000000000006 41.58588952783587 -6.545481322062521
    vertex 313.00000000000006 23.599999999999895 -5.000000000000003
    vertex 313.00000000000006 41.999999999999886 -6.600000000000013
  endloop
endfacet
facet normal 1.0 -2.4459310293718186e-34 0.0
  outer loop
    vertex 313.00000000000006 41.1999999999999 -6.385640646055112
    vertex 313.00000000000006 23.599999999999895 -5.000000000000003
    vertex 313.00000000000006 41.58588952783587 -6.545481322062521
  endloop
endfacet
facet normal 1.0 -2.4459310293718186e-34 0.0
  outer loop
    vertex 313.00000000000006 40.868629150101434 -6.1313708498984845
    vertex 313.00000000000006 23.599999999999895 -5.000000000000003
    vertex 313.00000000000006 41.1999999999999 -6.385640646055112
  endloop
endfacet
facet normal 1.0 -2.4459310293718186e-34 0.0
  outer loop
    vertex 313.00000000000006 40.614359353944806 -5.8000000000000105
    vertex 313.00000000000006 23.599999999999895 -5.000000000000003
    vertex 313.00000000000006 40.868629150101434 -6.1313708498984845
  endloop
endfacet
facet normal 1.0 -2.4459310293718186e-34 0.0
  outer loop
    vertex 313.00000000000006 40.45451867793741 -5.414110472164044
    vertex 313.00000000000006 23.599999999999895 -5.000000000000003
    vertex 313.00000000000006 40.614359353944806 -5.8000000000000105
  endloop
endfacet
facet normal 1.0 -2.4459310293718186e-34 0.0
  outer loop
    vertex 313.00000000000006 40.39999999999991 -5.0000000000000115
    vertex 313.00000000000006 23.599999999999895 -5.000000000000003
    vertex 313.00000000000006 40.45451867793741 -5.414110472164044
  endloop
endfacet
facet normal 1.0 -2.4459310293718186e-34 0.0
  outer loop
    vertex 313.00000000000006 42.414110472163934 -6.545481322062521
    vertex 313.00000000000006 41.999999999999886 -6.600000000000013
    vertex 313.00000000000006 108.19999999999992 -10.00000000000003
  endloop
endfacet
facet normal 1.0 -2.4459310293718186e-34 0.0
  outer loop
    vertex 313.00000000000006 42.7999999999999 -6.385640646055115
    vertex 313.00000000000006 42.414110472163934 -6.545481322062521
    vertex 313.00000000000006 108.19999999999992 -10.00000000000003
  endloop
endfacet
facet normal 1.0 -2.4459310293718186e-34 0.0
  outer loop
    vertex 313.00000000000006 43.131370849898374 -6.1313708498984925
    vertex 313.00000000000006 42.7999999999999 -6.385640646055115
    vertex 313.00000000000006 108.19999999999992 -10.00000000000003
  endloop
endfacet
facet normal 1.0 -2.4459310293718186e-34 0.0
  outer loop
    vertex 313.00000000000006 43.385640646054995 -5.8000000000000265
    vertex 313.00000000000006 43.131370849898374 -6.1313708498984925
    vertex 313.00000000000006 108.19999999999992 -10.00000000000003
  endloop
endfacet
facet normal 1.0 -2.4459310293718186e-34 0.0
  outer loop
    vertex 313.00000000000006 43.5454813220624 -5.414110472164062
    vertex 313.00000000000006 43.385640646054995 -5.8000000000000265
    vertex 313.00000000000006 108.19999999999992 -10.00000000000003
  endloop
endfacet
facet normal 1.0 -2.4459310293718186e-34 0.0
  outer loop
    vertex 313.00000000000006 43.599999999999895 -5.000000000000031
    vertex 313.00000000000006 43.5454813220624 -5.414110472164062
    vertex 313.00000000000006 108.19999999999992 -10.00000000000003
  endloop
endfacet
facet normal 1.0 -2.4459310293718186e-34 0.0
  outer loop
    vertex 313.00000000000006 95.08588952783586 -6.545481322062515
    vertex 313.00000000000006 43.599999999999895 -5.000000000000031
    vertex 313.00000000000006 108.19999999999992 -10.00000000000003
  endloop
endfacet
facet normal 1.0 -2.4459310293718186e-34 0.0
  outer loop
    vertex 313.00000000000006 94.69999999999989 -6.385640646055129
    vertex 313.00000000000006 43.599999999999895 -5.000000000000031
    vertex 313.00000000000006 95.08588952783586 -6.545481322062515
  endloop
endfacet
facet normal 1.0 -2.4459310293718186e-34 0.0
  outer loop
    vertex 313.00000000000006 94.3686291501014 -6.131370849898503
    vertex 313.00000000000006 43.599999999999895 -5.000000000000031
    vertex 313.00000000000006 94.69999999999989 -6.385640646055129
  endloop
endfacet
facet normal 1.0 -2.4459310293718186e-34 0.0
  outer loop
    vertex 313.00000000000006 94.11435935394479 -5.800000000000002
    vertex 313.00000000000006 43.599999999999895 -5.000000000000031
    vertex 313.00000000000006 94.3686291501014 -6.131370849898503
  endloop
endfacet
facet normal 1.0 -2.4459310293718186e-34 0.0
  outer loop
    vertex 313.00000000000006 93.95451867793734 -5.414110472164037
    vertex 313.00000000000006 43.599999999999895 -5.000000000000031
    vertex 313.00000000000006 94.11435935394479 -5.800000000000002
  endloop
endfacet
facet normal 1.0 -2.4459310293718186e-34 0.0
  outer loop
    vertex 313.00000000000006 93.89999999999988 -5.000000000000005
    vertex 313.00000000000006 43.599999999999895 -5.000000000000031
    vertex 313.00000000000006 93.95451867793734 -5.414110472164037
  endloop
endfacet
facet normal 1.0 -2.4459310293718186e-34 0.0
  outer loop
    vertex 313.00000000000006 95.49999999999989 -6.600000000000008
    vertex 313.00000000000006 95.08588952783586 -6.545481322062515
    vertex 313.00000000000006 108.19999999999992 -10.00000000000003
  endloop
endfacet
facet normal 1.0 -2.4459310293718186e-34 0.0
  outer loop
    vertex 313.00000000000006 95.9141104721639 -6.545481322062507
    vertex 313.00000000000006 95.49999999999989 -6.600000000000008
    vertex 313.00000000000006 108.19999999999992 -10.00000000000003
  endloop
endfacet
facet normal 1.0 -2.4459310293718186e-34 0.0
  outer loop
    vertex 313.00000000000006 96.29999999999987 -6.385640646055107
    vertex 313.00000000000006 95.9141104721639 -6.545481322062507
    vertex 313.00000000000006 108.19999999999992 -10.00000000000003
  endloop
endfacet
facet normal 1.0 -2.4459310293718186e-34 0.0
  outer loop
    vertex 313.00000000000006 96.63137084989839 -6.131370849898482
    vertex 313.00000000000006 96.29999999999987 -6.385640646055107
    vertex 313.00000000000006 108.19999999999992 -10.00000000000003
  endloop
endfacet
facet normal 1.0 -2.4459310293718186e-34 0.0
  outer loop
    vertex 313.00000000000006 96.885640646055 -5.800000000000008
    vertex 313.00000000000006 96.63137084989839 -6.131370849898482
    vertex 313.00000000000006 108.19999999999992 -10.00000000000003
  endloop
endfacet
facet normal 1.0 -2.4459310293718186e-34 0.0
  outer loop
    vertex 313.00000000000006 97.0454813220624 -5.414110472164042
    vertex 313.00000000000006 96.885640646055 -5.800000000000008
    vertex 313.00000000000006 108.19999999999992 -10.00000000000003
  endloop
endfacet
facet normal 1.0 -2.4459310293718186e-34 0.0
  outer loop
    vertex 313.00000000000006 97.09999999999991 -5.000000000000009
    vertex 313.00000000000006 97.0454813220624 -5.414110472164042
    vertex 313.00000000000006 108.19999999999992 -10.00000000000003
  endloop
endfacet
facet normal 1.0 -2.4459310293718186e-34 0.0
  outer loop
    vertex 313.00000000000006 108.19999999999992 -2.9609648066752924e-14
    vertex 313.00000000000006 97.09999999999991 -5.000000000000009
    vertex 313.00000000000006 108.19999999999992 -10.00000000000003
  endloop
endfacet
facet normal 1.0 -2.4459310293718186e-34 0.0
  outer loop
    vertex 313.00000000000006 108.19999999999992 -7.000000000000029
    vertex 313.00000000000006 108.19999999999992 -2.9609648066752924e-14
    vertex 313.00000000000006 108.19999999999992 -10.00000000000003
  endloop
endfacet
facet normal -8.676819946301236e-16 -1.0 1.6114094185987982e-15
  outer loop
    vertex 326.00000000000006 108.19999999999992 -7.000000000000031
    vertex 326.00000000000006 108.19999999999992 -2.9609648066752924e-14
    vertex 313.00000000000006 108.19999999999992 -7.000000000000029
  endloop
endfacet
facet normal -8.676819946301236e-16 -1.0 1.6114094185987982e-15
  outer loop
    vertex 313.00000000000006 108.19999999999992 -2.9609648066752924e-14
    vertex 313.00000000000006 108.19999999999992 -7.000000000000029
    vertex 326.00000000000006 108.19999999999992 -2.9609648066752924e-14
  endloop
endfacet
facet normal 1.0 1.1131446641636449e-17 -1.387778780781461e-17
  outer loop
    vertex 310.00000000000006 -9.446887716535457e-14 5.999999999999966
    vertex 310.00000000000006 -9.446887716535457e-14 -3.101963130802687e-14
    vertex 310.00000000000006 133.4999999999999 5.999999999999969
  endloop
endfacet
facet normal 1.0 1.1131446641636449e-17 -1.387778780781461e-17
  outer loop
    vertex 310.00000000000006 133.4999999999999 -2.8199664825478976e-14
    vertex 310.00000000000006 133.4999999999999 5.999999999999969
    vertex 310.00000000000006 -9.446887716535457e-14 -3.101963130802687e-14
  endloop
endfacet
facet normal -1.1131446641636449e-17 1.0 1.7624790515924373e-17
  outer loop
    vertex 309.00000000000006 135.4999999999999 -10.000000000000028
    vertex 415.0 135.4999999999999 -7.1500000000000306
    vertex 430.0 135.4999999999999 -10.00000000000003
  endloop
endfacet
facet normal -1.1131446641636449e-17 1.0 1.7624790515924373e-17
  outer loop
    vertex 415.5564609469705 135.4999999999999 -7.076740526521528
    vertex 430.0 135.4999999999999 -10.00000000000003
    vertex 415.0 135.4999999999999 -7.1500000000000306
  endloop
endfacet
facet normal -1.1131446641636449e-17 1.0 1.7624790515924373e-17
  outer loop
    vertex 416.07500000000005 135.4999999999999 -6.861954618136587
    vertex 430.0 135.4999999999999 -10.00000000000003
    vertex 415.5564609469705 135.4999999999999 -7.076740526521528
  endloop
endfacet
facet normal -1.1131446641636449e-17 1.0 1.7624790515924373e-17
  outer loop
    vertex 416.5202795795512 135.4999999999999 -6.520279579551109
    vertex 430.0 135.4999999999999 -10.00000000000003
    vertex 416.07500000000005 135.4999999999999 -6.861954618136587
  endloop
endfacet
facet normal -1.1131446641636449e-17 1.0 1.7624790515924373e-17
  outer loop
    vertex 430.0 135.4999999999999 5.999999999999966
    vertex 430.0 135.4999999999999 -10.00000000000003
    vertex 416.5202795795512 135.4999999999999 -6.520279579551109
  endloop
endfacet
facet normal -1.1131446641636449e-17 1.0 1.7624790515924373e-17
  outer loop
    vertex 319.0 135.4999999999999 -7.15000000000004
    vertex 415.0 135.4999999999999 -7.1500000000000306
    vertex 309.00000000000006 135.4999999999999 -10.000000000000028
  endloop
endfacet
facet normal -1.1131446641636449e-17 1.0 1.7624790515924373e-17
  outer loop
    vertex 416.8619546181366 135.49999999999994 -6.075000000000027
    vertex 430.0 135.4999999999999 5.999999999999966
    vertex 416.5202795795512 135.4999999999999 -6.520279579551109
  endloop
endfacet
facet normal -1.1131446641636449e-17 1.0 1.7624790515924373e-17
  outer loop
    vertex 417.0767405265216 135.4999999999999 -5.55646094697045
    vertex 430.0 135.4999999999999 5.999999999999966
    vertex 416.8619546181366 135.49999999999994 -6.075000000000027
  endloop
endfacet
facet normal -1.1131446641636449e-17 1.0 1.7624790515924373e-17
  outer loop
    vertex 417.15000000000003 135.4999999999999 -5.00000000000003
    vertex 430.0 135.4999999999999 5.999999999999966
    vertex 417.0767405265216 135.4999999999999 -5.55646094697045
  endloop
endfacet
facet normal -1.1131446641636449e-17 1.0 1.7624790515924373e-17
  outer loop
    vertex 417.0767405265216 135.4999999999999 -4.443539053029609
    vertex 430.0 135.4999999999999 5.999999999999966
    vertex 417.15000000000003 135.4999999999999 -5.00000000000003
  endloop
endfacet
facet normal -1.1131446641636449e-17 1.0 1.7624790515924373e-17
  outer loop
    vertex 416.8619546181366 135.4999999999999 -3.92500000000003
    vertex 430.0 135.4999999999999 5.999999999999966
    vertex 417.0767405265216 135.4999999999999 -4.443539053029609
  endloop
endfacet
facet normal -1.1131446641636449e-17 1.0 1.7624790515924373e-17
  outer loop
    vertex 416.5202795795512 135.4999999999999 -3.4797204204489502
    vertex 430.0 135.4999999999999 5.999999999999966
    vertex 416.8619546181366 135.4999999999999 -3.92500000000003
  endloop
endfacet
facet normal -1.1131446641636449e-17 1.0 1.7624790515924373e-17
  outer loop
    vertex 416.07500000000005 135.4999999999999 -3.138045381863488
    vertex 430.0 135.4999999999999 5.999999999999966
    vertex 416.5202795795512 135.4999999999999 -3.4797204204489502
  endloop
endfacet
facet normal -1.1131446641636449e-17 1.0 1.7624790515924373e-17
  outer loop
    vertex 415.5564609469705 135.4999999999999 -2.9232594734785247
    vertex 430.0 135.4999999999999 5.999999999999966
    vertex 416.07500000000005 135.4999999999999 -3.138045381863488
  endloop
endfacet
facet normal -1.1131446641636449e-17 1.0 1.7624790515924373e-17
  outer loop
    vertex 415.0000000000001 135.4999999999999 -2.8500000000000356
    vertex 430.0 135.4999999999999 5.999999999999966
    vertex 415.5564609469705 135.4999999999999 -2.9232594734785247
  endloop
endfacet
facet normal -1.1131446641636449e-17 1.0 1.7624790515924373e-17
  outer loop
    vertex 319.0 135.4999999999999 -2.8500000000000316
    vertex 430.0 135.4999999999999 5.999999999999966
    vertex 415.0000000000001 135.4999999999999 -2.8500000000000356
  endloop
endfacet
facet normal -1.1131446641636449e-17 1.0 1.7624790515924373e-17
  outer loop
    vertex 309.00000000000006 135.4999999999999 5.999999999999969
    vertex 317.1380453818635 135.4999999999999 -6.075000000000031
    vertex 309.00000000000006 135.4999999999999 -10.000000000000028
  endloop
endfacet
facet normal -1.1131446641636449e-17 1.0 1.7624790515924373e-17
  outer loop
    vertex 317.47972042044904 135.4999999999999 -6.520279579551089
    vertex 309.00000000000006 135.4999999999999 -10.000000000000028
    vertex 317.1380453818635 135.4999999999999 -6.075000000000031
  endloop
endfacet
facet normal -1.1131446641636449e-17 1.0 1.7624790515924373e-17
  outer loop
    vertex 317.92499999999995 135.4999999999999 -6.8619546181365685
    vertex 309.00000000000006 135.4999999999999 -10.000000000000028
    vertex 317.47972042044904 135.4999999999999 -6.520279579551089
  endloop
endfacet
facet normal -1.1131446641636449e-17 1.0 1.7624790515924373e-17
  outer loop
    vertex 318.4435390530296 135.4999999999999 -7.076740526521521
    vertex 309.00000000000006 135.4999999999999 -10.000000000000028
    vertex 317.92499999999995 135.4999999999999 -6.8619546181365685
  endloop
endfacet
facet normal -1.1131446641636449e-17 1.0 1.7624790515924373e-17
  outer loop
    vertex 319.0 135.4999999999999 -7.15000000000004
    vertex 309.00000000000006 135.4999999999999 -10.000000000000028
    vertex 318.4435390530296 135.4999999999999 -7.076740526521521
  endloop
endfacet
facet normal -1.1131446641636449e-17 1.0 1.7624790515924373e-17
  outer loop
    vertex 316.92325947347854 135.4999999999999 -5.556460946970449
    vertex 317.1380453818635 135.4999999999999 -6.075000000000031
    vertex 309.00000000000006 135.4999999999999 5.999999999999969
  endloop
endfacet
facet normal -1.1131446641636449e-17 1.0 1.7624790515924373e-17
  outer loop
    vertex 316.85 135.4999999999999 -5.000000000000029
    vertex 316.92325947347854 135.4999999999999 -5.556460946970449
    vertex 309.00000000000006 135.4999999999999 5.999999999999969
  endloop
endfacet
facet normal -1.1131446641636449e-17 1.0 1.7624790515924373e-17
  outer loop
    vertex 316.92325947347854 135.4999999999999 -4.443539053029609
    vertex 316.85 135.4999999999999 -5.000000000000029
    vertex 309.00000000000006 135.4999999999999 5.999999999999969
  endloop
endfacet
facet normal -1.1131446641636449e-17 1.0 1.7624790515924373e-17
  outer loop
    vertex 317.1380453818635 135.4999999999999 -3.925000000000013
    vertex 316.92325947347854 135.4999999999999 -4.443539053029609
    vertex 309.00000000000006 135.4999999999999 5.999999999999969
  endloop
endfacet
facet normal -1.1131446641636449e-17 1.0 1.7624790515924373e-17
  outer loop
    vertex 317.479720420449 135.4999999999999 -3.479720420448932
    vertex 317.1380453818635 135.4999999999999 -3.925000000000013
    vertex 309.00000000000006 135.4999999999999 5.999999999999969
  endloop
endfacet
facet normal -1.1131446641636449e-17 1.0 1.7624790515924373e-17
  outer loop
    vertex 317.92500000000007 135.4999999999999 -3.138045381863475
    vertex 317.479720420449 135.4999999999999 -3.479720420448932
    vertex 309.00000000000006 135.4999999999999 5.999999999999969
  endloop
endfacet
facet normal -1.1131446641636449e-17 1.0 1.7624790515924373e-17
  outer loop
    vertex 318.44353905302967 135.4999999999999 -2.9232594734785233
    vertex 317.92500000000007 135.4999999999999 -3.138045381863475
    vertex 309.00000000000006 135.4999999999999 5.999999999999969
  endloop
endfacet
facet normal -1.1131446641636449e-17 1.0 1.7624790515924373e-17
  outer loop
    vertex 319.0 135.4999999999999 -2.8500000000000316
    vertex 318.44353905302967 135.4999999999999 -2.9232594734785233
    vertex 309.00000000000006 135.4999999999999 5.999999999999969
  endloop
endfacet
facet normal -1.1131446641636449e-17 1.0 1.7624790515924373e-17
  outer loop
    vertex 430.0 135.4999999999999 5.999999999999966
    vertex 319.0 135.4999999999999 -2.8500000000000316
    vertex 309.00000000000006 135.4999999999999 5.999999999999969
  endloop
endfacet
facet normal -1.1131446641636449e-17 1.0 1.7624790515924373e-17
  outer loop
    vertex 319.0 135.4999999999999 -7.15000000000004
    vertex 319.55646094697045 135.4999999999999 -7.076740526521535
    vertex 415.0 135.4999999999999 -7.1500000000000306
  endloop
endfacet
facet normal -1.1131446641636449e-17 1.0 1.7624790515924373e-17
  outer loop
    vertex 414.4435390530296 135.4999999999999 -7.076740526521511
    vertex 415.0 135.4999999999999 -7.1500000000000306
    vertex 319.55646094697045 135.4999999999999 -7.076740526521535
  endloop
endfacet
facet normal -1.1131446641636449e-17 1.0 1.7624790515924373e-17
  outer loop
    vertex 320.0750000000001 135.4999999999999 -6.8619546181365685
    vertex 414.4435390530296 135.4999999999999 -7.076740526521511
    vertex 319.55646094697045 135.4999999999999 -7.076740526521535
  endloop
endfacet
facet normal -1.1131446641636449e-17 1.0 1.7624790515924373e-17
  outer loop
    vertex 413.92500000000007 135.4999999999999 -6.861954618136559
    vertex 414.4435390530296 135.4999999999999 -7.076740526521511
    vertex 320.0750000000001 135.4999999999999 -6.8619546181365685
  endloop
endfacet
facet normal -1.1131446641636449e-17 1.0 1.7624790515924373e-17
  outer loop
    vertex 320.5202795795512 135.4999999999999 -6.520279579551118
    vertex 413.92500000000007 135.4999999999999 -6.861954618136559
    vertex 320.0750000000001 135.4999999999999 -6.8619546181365685
  endloop
endfacet
facet normal -1.1131446641636449e-17 1.0 1.7624790515924373e-17
  outer loop
    vertex 413.47972042044904 135.4999999999999 -6.520279579551098
    vertex 413.92500000000007 135.4999999999999 -6.861954618136559
    vertex 320.5202795795512 135.4999999999999 -6.520279579551118
  endloop
endfacet
facet normal -1.1131446641636449e-17 1.0 1.7624790515924373e-17
  outer loop
    vertex 320.8619546181366 135.4999999999999 -6.07500000000003
    vertex 413.47972042044904 135.4999999999999 -6.520279579551098
    vertex 320.5202795795512 135.4999999999999 -6.520279579551118
  endloop
endfacet
facet normal -1.1131446641636449e-17 1.0 1.7624790515924373e-17
  outer loop
    vertex 413.1380453818635 135.49999999999994 -6.075000000000028
    vertex 413.47972042044904 135.4999999999999 -6.520279579551098
    vertex 320.8619546181366 135.4999999999999 -6.07500000000003
  endloop
endfacet
facet normal -1.1131446641636449e-17 1.0 1.7624790515924373e-17
  outer loop
    vertex 321.0767405265216 135.4999999999999 -5.556460946970448
    vertex 413.1380453818635 135.49999999999994 -6.075000000000028
    vertex 320.8619546181366 135.4999999999999 -6.07500000000003
  endloop
endfacet
facet normal -1.1131446641636449e-17 1.0 1.7624790515924373e-17
  outer loop
    vertex 412.9232594734786 135.49999999999994 -5.556460946970447
    vertex 413.1380453818635 135.49999999999994 -6.075000000000028
    vertex 321.0767405265216 135.4999999999999 -5.556460946970448
  endloop
endfacet
facet normal -1.1131446641636449e-17 1.0 1.7624790515924373e-17
  outer loop
    vertex 321.15000000000003 135.4999999999999 -5.000000000000029
    vertex 412.9232594734786 135.49999999999994 -5.556460946970447
    vertex 321.0767405265216 135.4999999999999 -5.556460946970448
  endloop
endfacet
facet normal -1.1131446641636449e-17 1.0 1.7624790515924373e-17
  outer loop
    vertex 412.85 135.4999999999999 -5.000000000000033
    vertex 412.9232594734786 135.49999999999994 -5.556460946970447
    vertex 321.15000000000003 135.4999999999999 -5.000000000000029
  endloop
endfacet
facet normal -1.1131446641636449e-17 1.0 1.7624790515924373e-17
  outer loop
    vertex 412.92325947347854 135.49999999999994 -4.4435390530296095
    vertex 412.85 135.4999999999999 -5.000000000000033
    vertex 321.15000000000003 135.4999999999999 -5.000000000000029
  endloop
endfacet
facet normal -1.1131446641636449e-17 1.0 1.7624790515924373e-17
  outer loop
    vertex 321.0767405265216 135.4999999999999 -4.443539053029605
    vertex 412.92325947347854 135.49999999999994 -4.4435390530296095
    vertex 321.15000000000003 135.4999999999999 -5.000000000000029
  endloop
endfacet
facet normal -1.1131446641636449e-17 1.0 1.7624790515924373e-17
  outer loop
    vertex 413.1380453818635 135.49999999999994 -3.9250000000000296
    vertex 412.92325947347854 135.49999999999994 -4.4435390530296095
    vertex 321.0767405265216 135.4999999999999 -4.443539053029605
  endloop
endfacet
facet normal -1.1131446641636449e-17 1.0 1.7624790515924373e-17
  outer loop
    vertex 320.8619546181366 135.4999999999999 -3.925000000000023
    vertex 413.1380453818635 135.49999999999994 -3.9250000000000296
    vertex 321.0767405265216 135.4999999999999 -4.443539053029605
  endloop
endfacet
facet normal -1.1131446641636449e-17 1.0 1.7624790515924373e-17
  outer loop
    vertex 413.47972042044904 135.4999999999999 -3.479720420448984
    vertex 413.1380453818635 135.49999999999994 -3.9250000000000296
    vertex 320.8619546181366 135.4999999999999 -3.925000000000023
  endloop
endfacet
facet normal -1.1131446641636449e-17 1.0 1.7624790515924373e-17
  outer loop
    vertex 320.5202795795512 135.4999999999999 -3.479720420448929
    vertex 413.47972042044904 135.4999999999999 -3.479720420448984
    vertex 320.8619546181366 135.4999999999999 -3.925000000000023
  endloop
endfacet
facet normal -1.1131446641636449e-17 1.0 1.7624790515924373e-17
  outer loop
    vertex 413.92500000000007 135.4999999999999 -3.138045381863505
    vertex 413.47972042044904 135.4999999999999 -3.479720420448984
    vertex 320.5202795795512 135.4999999999999 -3.479720420448929
  endloop
endfacet
facet normal -1.1131446641636449e-17 1.0 1.7624790515924373e-17
  outer loop
    vertex 320.07500000000005 135.4999999999999 -3.138045381863475
    vertex 413.92500000000007 135.4999999999999 -3.138045381863505
    vertex 320.5202795795512 135.4999999999999 -3.479720420448929
  endloop
endfacet
facet normal -1.1131446641636449e-17 1.0 1.7624790515924373e-17
  outer loop
    vertex 414.4435390530296 135.4999999999999 -2.9232594734785526
    vertex 413.92500000000007 135.4999999999999 -3.138045381863505
    vertex 320.07500000000005 135.4999999999999 -3.138045381863475
  endloop
endfacet
facet normal -1.1131446641636449e-17 1.0 1.7624790515924373e-17
  outer loop
    vertex 319.5564609469705 135.4999999999999 -2.9232594734785233
    vertex 414.4435390530296 135.4999999999999 -2.9232594734785526
    vertex 320.07500000000005 135.4999999999999 -3.138045381863475
  endloop
endfacet
facet normal -1.1131446641636449e-17 1.0 1.7624790515924373e-17
  outer loop
    vertex 415.0000000000001 135.4999999999999 -2.8500000000000356
    vertex 414.4435390530296 135.4999999999999 -2.9232594734785526
    vertex 319.5564609469705 135.4999999999999 -2.9232594734785233
  endloop
endfacet
facet normal -1.1131446641636449e-17 1.0 1.7624790515924373e-17
  outer loop
    vertex 319.0 135.4999999999999 -2.8500000000000316
    vertex 415.0000000000001 135.4999999999999 -2.8500000000000356
    vertex 319.5564609469705 135.4999999999999 -2.9232594734785233
  endloop
endfacet
facet normal 1.113144664163655e-17 -1.0 3.55894753959668e-16
  outer loop
    vertex 437.00000000000006 118.49999999999996 -10.000000000000028
    vertex 437.00000000000006 118.49999999999996 -2.8199664825478976e-14
    vertex 423.0 118.49999999999996 -10.000000000000025
  endloop
endfacet
facet normal 1.113144664163655e-17 -1.0 3.55894753959668e-16
  outer loop
    vertex 423.0 118.49999999999996 -2.5379698342931078e-14
    vertex 423.0 118.49999999999996 -10.000000000000025
    vertex 437.00000000000006 118.49999999999996 -2.8199664825478976e-14
  endloop
endfacet
facet normal 1.0 2.931280948964262e-16 2.681188604469751e-16
  outer loop
    vertex 326.00000000000006 5.999999999999906 -3.101963130802687e-14
    vertex 326.00000000000006 5.999999999999906 -10.00000000000003
    vertex 326.00000000000006 11.999999999999902 -3.101963130802687e-14
  endloop
endfacet
facet normal 1.0 2.931280948964262e-16 2.681188604469751e-16
  outer loop
    vertex 326.00000000000006 11.999999999999902 -10.00000000000003
    vertex 326.00000000000006 11.999999999999902 -3.101963130802687e-14
    vertex 326.00000000000006 5.999999999999906 -10.00000000000003
  endloop
endfacet
facet normal -1.1131446641636449e-17 1.0 1.7624790515924373e-17
  outer loop
    vertex 423.0 5.999999999999906 -10.000000000000032
    vertex 326.00000000000006 5.999999999999906 -10.00000000000003
    vertex 423.0 5.999999999999906 -3.3839597790574766e-14
  endloop
endfacet
facet normal -1.1131446641636449e-17 1.0 1.7624790515924373e-17
  outer loop
    vertex 326.00000000000006 5.999999999999906 -3.101963130802687e-14
    vertex 423.0 5.999999999999906 -3.3839597790574766e-14
    vertex 326.00000000000006 5.999999999999906 -10.00000000000003
  endloop
endfacet
facet normal -1.1131446641636449e-17 1.0 1.9131314459035435e-17
  outer loop
    vertex 447.0000000000001 12.799999999999907 -10.000000000000034
    vertex 423.0 12.799999999999907 -10.000000000000034
    vertex 447.0000000000001 12.799999999999907 -3.3839597790574766e-14
  endloop
endfacet
facet normal -1.1131446641636449e-17 1.0 1.9131314459035435e-17
  outer loop
    vertex 423.0 12.799999999999907 -3.3839597790574766e-14
    vertex 447.0000000000001 12.799999999999907 -3.3839597790574766e-14
    vertex 423.0 12.799999999999907 -10.000000000000034
  endloop
endfacet
facet normal 1.0 1.1131446641636449e-17 -1.387778780781461e-17
  outer loop
    vertex 447.0000000000001 -9.305889392408061e-14 -3.3839597790574766e-14
    vertex 447.0000000000001 -9.305889392408061e-14 -10.000000000000032
    vertex 447.0000000000001 12.799999999999907 -3.3839597790574766e-14
  endloop
endfacet
facet normal 1.0 1.1131446641636449e-17 -1.387778780781461e-17
  outer loop
    vertex 447.0000000000001 12.799999999999907 -10.000000000000034
    vertex 447.0000000000001 12.799999999999907 -3.3839597790574766e-14
    vertex 447.0000000000001 -9.305889392408061e-14 -10.000000000000032
  endloop
endfacet
facet normal -1.0 -1.1131446641636449e-17 1.387778780781461e-17
  outer loop
    vertex 423.0 5.999999999999906 -10.000000000000032
    vertex 423.0 5.999999999999906 -3.3839597790574766e-14
    vertex 423.0 12.799999999999907 -10.000000000000034
  endloop
endfacet
facet normal -1.0 -1.1131446641636449e-17 1.387778780781461e-17
  outer loop
    vertex 423.0 12.799999999999907 -3.3839597790574766e-14
    vertex 423.0 12.799999999999907 -10.000000000000034
    vertex 423.0 5.999999999999906 -3.3839597790574766e-14
  endloop
endfacet
facet normal -1.1131446641636449e-17 1.0 1.7624790515924373e-17
  outer loop
    vertex 510.00000000000006 -9.235390230344364e-14 -3.524958103184872e-14
    vertex 508.00000000000006 -9.235390230344364e-14 -3.524958103184872e-14
    vertex 510.00000000000006 -9.235390230344364e-14 5.999999999999964
  endloop
endfacet
facet normal -1.1131446641636449e-17 1.0 1.7624790515924373e-17
  outer loop
    vertex 447.0000000000001 -9.305889392408061e-14 -3.3839597790574766e-14
    vertex 510.00000000000006 -9.235390230344364e-14 5.999999999999964
    vertex 508.00000000000006 -9.235390230344364e-14 -3.524958103184872e-14
  endloop
endfacet
facet normal -1.1131446641636449e-17 1.0 1.7624790515924373e-17
  outer loop
    vertex 310.00000000000006 -9.446887716535457e-14 -3.101963130802687e-14
    vertex 510.00000000000006 -9.235390230344364e-14 5.999999999999964
    vertex 447.0000000000001 -9.305889392408061e-14 -3.3839597790574766e-14
  endloop
endfacet
facet normal -1.1131446641636449e-17 1.0 1.7624790515924373e-17
  outer loop
    vertex 310.00000000000006 -9.446887716535457e-14 5.999999999999966
    vertex 510.00000000000006 -9.235390230344364e-14 5.999999999999964
    vertex 310.00000000000006 -9.446887716535457e-14 -3.101963130802687e-14
  endloop
endfacet
facet normal -1.1131446641636449e-17 1.0 1.7624790515924373e-17
  outer loop
    vertex 508.00000000000006 -9.235390230344364e-14 -10.000000000000034
    vertex 447.0000000000001 -9.305889392408061e-14 -10.000000000000032
    vertex 508.00000000000006 -9.235390230344364e-14 -3.524958103184872e-14
  endloop
endfacet
facet normal -1.1131446641636449e-17 1.0 1.7624790515924373e-17
  outer loop
    vertex 447.0000000000001 -9.305889392408061e-14 -3.3839597790574766e-14
    vertex 508.00000000000006 -9.235390230344364e-14 -3.524958103184872e-14
    vertex 447.0000000000001 -9.305889392408061e-14 -10.000000000000032
  endloop
endfacet
facet normal -1.0 -1.1131446641636449e-17 1.387778780781461e-17
  outer loop
    vertex 510.00000000000006 -9.235390230344364e-14 -3.524958103184872e-14
    vertex 510.00000000000006 -9.235390230344364e-14 5.999999999999964
    vertex 510.00000000000006 118.49999999999991 -3.101963130802687e-14
  endloop
endfacet
facet normal -1.0 -1.1131446641636449e-17 1.387778780781461e-17
  outer loop
    vertex 510.00000000000006 118.49999999999991 5.999999999999966
    vertex 510.00000000000006 118.49999999999991 -3.101963130802687e-14
    vertex 510.00000000000006 -9.235390230344364e-14 5.999999999999964
  endloop
endfacet
facet normal 1.387778780781461e-17 -1.7624790515924373e-17 1.0
  outer loop
    vertex 512.0 120.53485257451237 5.999999999999966
    vertex 510.00000000000006 -9.235390230344364e-14 5.999999999999964
    vertex 512.0 -5.000000000000109 5.999999999999964
  endloop
endfacet
facet normal 1.387778780781461e-17 -1.7624790515924373e-17 1.0
  outer loop
    vertex 309.00000000000006 -5.000000000000113 5.999999999999966
    vertex 512.0 -5.000000000000109 5.999999999999964
    vertex 510.00000000000006 -9.235390230344364e-14 5.999999999999964
  endloop
endfacet
facet normal 1.387778780781461e-17 -1.7624790515924373e-17 1.0
  outer loop
    vertex 310.00000000000006 -9.446887716535457e-14 5.999999999999966
    vertex 309.00000000000006 -5.000000000000113 5.999999999999966
    vertex 510.00000000000006 -9.235390230344364e-14 5.999999999999964
  endloop
endfacet
facet normal 1.387778780781461e-17 -1.7624790515924373e-17 1.0
  outer loop
    vertex 310.00000000000006 133.4999999999999 5.999999999999969
    vertex 309.00000000000006 -5.000000000000113 5.999999999999966
    vertex 310.00000000000006 -9.446887716535457e-14 5.999999999999966
  endloop
endfacet
facet normal 1.387778780781461e-17 -1.7624790515924373e-17 1.0
  outer loop
    vertex 512.0 120.53485257451237 5.999999999999966
    vertex 510.00000000000006 120.53485257451237 5.999999999999966
    vertex 510.00000000000006 -9.235390230344364e-14 5.999999999999964
  endloop
endfacet
facet normal 1.387778780781461e-17 -1.7624790515924373e-17 1.0
  outer loop
    vertex 510.00000000000006 118.49999999999991 5.999999999999966
    vertex 510.00000000000006 -9.235390230344364e-14 5.999999999999964
    vertex 510.00000000000006 120.53485257451237 5.999999999999966
  endloop
endfacet
facet normal 1.387778780781461e-17 -1.7624790515924373e-17 1.0
  outer loop
    vertex 430.0 133.4999999999999 5.999999999999966
    vertex 510.00000000000006 118.49999999999991 5.999999999999966
    vertex 510.00000000000006 120.53485257451237 5.999999999999966
  endloop
endfacet
facet normal 1.387778780781461e-17 -1.7624790515924373e-17 1.0
  outer loop
    vertex 430.0 135.4999999999999 5.999999999999966
    vertex 430.0 133.4999999999999 5.999999999999966
    vertex 510.00000000000006 120.53485257451237 5.999999999999966
  endloop
endfacet
facet normal 1.387778780781461e-17 -1.7624790515924373e-17 1.0
  outer loop
    vertex 310.00000000000006 133.4999999999999 5.999999999999969
    vertex 430.0 133.4999999999999 5.999999999999966
    vertex 430.0 135.4999999999999 5.999999999999966
  endloop
endfacet
facet normal 1.387778780781461e-17 -1.7624790515924373e-17 1.0
  outer loop
    vertex 309.00000000000006 135.4999999999999 5.999999999999969
    vertex 310.00000000000006 133.4999999999999 5.999999999999969
    vertex 430.0 135.4999999999999 5.999999999999966
  endloop
endfacet
facet normal 1.387778780781461e-17 -1.7624790515924373e-17 1.0
  outer loop
    vertex 309.00000000000006 -5.000000000000113 5.999999999999966
    vertex 310.00000000000006 133.4999999999999 5.999999999999969
    vertex 309.00000000000006 135.4999999999999 5.999999999999969
  endloop
endfacet
facet normal 0.18387483327488438 0.9829496658975644 2.3426881895224193e-17
  outer loop
    vertex 490.34100668204877 124.21234924001007 -7.150000000000035
    vertex 444.74424498846355 132.74187750087663 -7.150000000000032
    vertex 489.79403358013917 124.31466840385824 -7.076740526521525
  endloop
endfacet
facet normal 0.18387483327488438 0.9829496658975644 2.3426881895224193e-17
  outer loop
    vertex 445.2912180903732 132.63955833702846 -7.076740526521526
    vertex 489.79403358013917 124.31466840385824 -7.076740526521525
    vertex 444.74424498846355 132.74187750087663 -7.150000000000032
  endloop
endfacet
facet normal 0.18387483327488438 0.9829496658975644 2.3426881895224193e-17
  outer loop
    vertex 445.80091587930343 132.54421205510616 -6.861954618136583
    vertex 489.79403358013917 124.31466840385824 -7.076740526521525
    vertex 445.2912180903732 132.63955833702846 -7.076740526521526
  endloop
endfacet
facet normal 0.18387483327488438 0.9829496658975644 2.3426881895224193e-17
  outer loop
    vertex 489.28433579120895 124.41001468578057 -6.86195461813657
    vertex 489.79403358013917 124.31466840385824 -7.076740526521525
    vertex 445.80091587930343 132.54421205510616 -6.861954618136583
  endloop
endfacet
facet normal 0.18387483327488438 0.9829496658975644 2.3426881895224193e-17
  outer loop
    vertex 446.23860329325413 132.46233634665543 -6.520279579551132
    vertex 489.28433579120895 124.41001468578057 -6.86195461813657
    vertex 445.80091587930343 132.54421205510616 -6.861954618136583
  endloop
endfacet
facet normal 0.18387483327488438 0.9829496658975644 2.3426881895224193e-17
  outer loop
    vertex 488.8466483772582 124.49189039423122 -6.5202795795511035
    vertex 489.28433579120895 124.41001468578057 -6.86195461813657
    vertex 446.23860329325413 132.46233634665543 -6.520279579551132
  endloop
endfacet
facet normal 0.18387483327488438 0.9829496658975644 2.3426881895224193e-17
  outer loop
    vertex 446.5744526582772 132.39951090590137 -6.075000000000022
    vertex 488.8466483772582 124.49189039423122 -6.5202795795511035
    vertex 446.23860329325413 132.46233634665543 -6.520279579551132
  endloop
endfacet
facet normal 0.18387483327488438 0.9829496658975644 2.3426881895224193e-17
  outer loop
    vertex 488.51079901223505 124.55471583498534 -6.075000000000026
    vertex 488.8466483772582 124.49189039423122 -6.5202795795511035
    vertex 446.5744526582772 132.39951090590137 -6.075000000000022
  endloop
endfacet
facet normal 0.18387483327488438 0.9829496658975644 2.3426881895224193e-17
  outer loop
    vertex 488.2996752753485 124.59420955807938 -5.556460946970452
    vertex 488.51079901223505 124.55471583498534 -6.075000000000026
    vertex 446.5744526582772 132.39951090590137 -6.075000000000022
  endloop
endfacet
facet normal 0.18387483327488438 0.9829496658975644 2.3426881895224193e-17
  outer loop
    vertex 446.7855763951638 132.36001718280727 -5.55646094697045
    vertex 488.2996752753485 124.59420955807938 -5.556460946970452
    vertex 446.5744526582772 132.39951090590137 -6.075000000000022
  endloop
endfacet
facet normal 0.18387483327488438 0.9829496658975644 2.3426881895224193e-17
  outer loop
    vertex 488.227664900369 124.60768013155109 -5.000000000000032
    vertex 488.2996752753485 124.59420955807938 -5.556460946970452
    vertex 446.7855763951638 132.36001718280727 -5.55646094697045
  endloop
endfacet
facet normal 0.18387483327488438 0.9829496658975644 2.3426881895224193e-17
  outer loop
    vertex 446.85758677014326 132.3465466093356 -5.00000000000003
    vertex 488.227664900369 124.60768013155109 -5.000000000000032
    vertex 446.7855763951638 132.36001718280727 -5.55646094697045
  endloop
endfacet
facet normal 0.18387483327488438 0.9829496658975644 2.3426881895224193e-17
  outer loop
    vertex 488.2996752753486 124.59420955807943 -4.443539053029612
    vertex 488.227664900369 124.60768013155109 -5.000000000000032
    vertex 446.85758677014326 132.3465466093356 -5.00000000000003
  endloop
endfacet
facet normal 0.18387483327488438 0.9829496658975644 2.3426881895224193e-17
  outer loop
    vertex 446.7855763951638 132.36001718280727 -4.4435390530296095
    vertex 488.2996752753486 124.59420955807943 -4.443539053029612
    vertex 446.85758677014326 132.3465466093356 -5.00000000000003
  endloop
endfacet
facet normal 0.18387483327488438 0.9829496658975644 2.3426881895224193e-17
  outer loop
    vertex 488.51079901223505 124.5547158349853 -3.9250000000000336
    vertex 488.2996752753486 124.59420955807943 -4.443539053029612
    vertex 446.7855763951638 132.36001718280727 -4.4435390530296095
  endloop
endfacet
facet normal 0.18387483327488438 0.9829496658975644 2.3426881895224193e-17
  outer loop
    vertex 446.5744526582773 132.3995109059014 -3.9250000000000274
    vertex 488.51079901223505 124.5547158349853 -3.9250000000000336
    vertex 446.7855763951638 132.36001718280727 -4.4435390530296095
  endloop
endfacet
facet normal 0.18387483327488438 0.9829496658975644 2.3426881895224193e-17
  outer loop
    vertex 488.84664837725813 124.49189039423122 -3.4797204204489574
    vertex 488.51079901223505 124.5547158349853 -3.9250000000000336
    vertex 446.5744526582773 132.3995109059014 -3.9250000000000274
  endloop
endfacet
facet normal 0.18387483327488438 0.9829496658975644 2.3426881895224193e-17
  outer loop
    vertex 446.23860329325413 132.4623363466555 -3.4797204204489542
    vertex 488.84664837725813 124.49189039423122 -3.4797204204489574
    vertex 446.5744526582773 132.3995109059014 -3.9250000000000274
  endloop
endfacet
facet normal 0.18387483327488438 0.9829496658975644 2.3426881895224193e-17
  outer loop
    vertex 489.28433579120895 124.41001468578061 -3.1380453818634892
    vertex 488.84664837725813 124.49189039423122 -3.4797204204489574
    vertex 446.23860329325413 132.4623363466555 -3.4797204204489542
  endloop
endfacet
facet normal 0.18387483327488438 0.9829496658975644 2.3426881895224193e-17
  outer loop
    vertex 445.80091587930343 132.5442120551061 -3.1380453818634866
    vertex 489.28433579120895 124.41001468578061 -3.1380453818634892
    vertex 446.23860329325413 132.4623363466555 -3.4797204204489542
  endloop
endfacet
facet normal 0.18387483327488438 0.9829496658975644 2.3426881895224193e-17
  outer loop
    vertex 489.79403358013917 124.31466840385828 -2.9232594734785358
    vertex 489.28433579120895 124.41001468578061 -3.1380453818634892
    vertex 445.80091587930343 132.5442120551061 -3.1380453818634866
  endloop
endfacet
facet normal 0.18387483327488438 0.9829496658975644 2.3426881895224193e-17
  outer loop
    vertex 445.2912180903731 132.63955833702846 -2.9232594734785344
    vertex 489.79403358013917 124.31466840385828 -2.9232594734785358
    vertex 445.80091587930343 132.5442120551061 -3.1380453818634866
  endloop
endfacet
facet normal 0.18387483327488438 0.9829496658975644 2.3426881895224193e-17
  outer loop
    vertex 490.34100668204877 124.21234924001007 -2.850000000000033
    vertex 489.79403358013917 124.31466840385828 -2.9232594734785358
    vertex 445.2912180903731 132.63955833702846 -2.9232594734785344
  endloop
endfacet
facet normal 0.18387483327488438 0.9829496658975644 2.3426881895224193e-17
  outer loop
    vertex 444.74424498846355 132.74187750087663 -2.85000000000004
    vertex 490.34100668204877 124.21234924001007 -2.850000000000033
    vertex 445.2912180903731 132.63955833702846 -2.9232594734785344
  endloop
endfacet
facet normal 0.18387483327488438 0.9829496658975644 2.3426881895224193e-17
  outer loop
    vertex 490.34100668204877 124.21234924001007 -7.150000000000035
    vertex 490.8879797839584 124.1100300761619 -7.076740526521532
    vertex 510.00000000000006 120.53485257451237 -10.00000000000003
  endloop
endfacet
facet normal 0.18387483327488438 0.9829496658975644 2.3426881895224193e-17
  outer loop
    vertex 491.39767757288865 124.01468379423957 -6.861954618136574
    vertex 510.00000000000006 120.53485257451237 -10.00000000000003
    vertex 490.8879797839584 124.1100300761619 -7.076740526521532
  endloop
endfacet
facet normal 0.18387483327488438 0.9829496658975644 2.3426881895224193e-17
  outer loop
    vertex 510.00000000000006 120.53485257451237 5.999999999999966
    vertex 510.00000000000006 120.53485257451237 -10.00000000000003
    vertex 491.39767757288865 124.01468379423957 -6.861954618136574
  endloop
endfacet
facet normal 0.18387483327488438 0.9829496658975644 2.3426881895224193e-17
  outer loop
    vertex 491.83536498683935 123.93280808578892 -6.520279579551109
    vertex 510.00000000000006 120.53485257451237 5.999999999999966
    vertex 491.39767757288865 124.01468379423957 -6.861954618136574
  endloop
endfacet
facet normal 0.18387483327488438 0.9829496658975644 2.3426881895224193e-17
  outer loop
    vertex 492.17121435186255 123.86998264503484 -6.0750000000000295
    vertex 510.00000000000006 120.53485257451237 5.999999999999966
    vertex 491.83536498683935 123.93280808578892 -6.520279579551109
  endloop
endfacet
facet normal 0.18387483327488438 0.9829496658975644 2.3426881895224193e-17
  outer loop
    vertex 492.382338088749 123.83048892194076 -5.55646094697045
    vertex 510.00000000000006 120.53485257451237 5.999999999999966
    vertex 492.17121435186255 123.86998264503484 -6.0750000000000295
  endloop
endfacet
facet normal 0.18387483327488438 0.9829496658975644 2.3426881895224193e-17
  outer loop
    vertex 492.4543484637286 123.81701834846909 -5.00000000000003
    vertex 510.00000000000006 120.53485257451237 5.999999999999966
    vertex 492.382338088749 123.83048892194076 -5.55646094697045
  endloop
endfacet
facet normal 0.18387483327488438 0.9829496658975644 2.3426881895224193e-17
  outer loop
    vertex 492.382338088749 123.83048892194071 -4.443539053029606
    vertex 510.00000000000006 120.53485257451237 5.999999999999966
    vertex 492.4543484637286 123.81701834846909 -5.00000000000003
  endloop
endfacet
facet normal 0.18387483327488438 0.9829496658975644 2.3426881895224193e-17
  outer loop
    vertex 492.17121435186255 123.8699826450348 -3.925000000000026
    vertex 510.00000000000006 120.53485257451237 5.999999999999966
    vertex 492.382338088749 123.83048892194071 -4.443539053029606
  endloop
endfacet
facet normal 0.18387483327488438 0.9829496658975644 2.3426881895224193e-17
  outer loop
    vertex 491.83536498683935 123.93280808578892 -3.479720420448949
    vertex 510.00000000000006 120.53485257451237 5.999999999999966
    vertex 492.17121435186255 123.8699826450348 -3.925000000000026
  endloop
endfacet
facet normal 0.18387483327488438 0.9829496658975644 2.3426881895224193e-17
  outer loop
    vertex 491.39767757288865 124.01468379423957 -3.138045381863485
    vertex 510.00000000000006 120.53485257451237 5.999999999999966
    vertex 491.83536498683935 123.93280808578892 -3.479720420448949
  endloop
endfacet
facet normal 0.18387483327488438 0.9829496658975644 2.3426881895224193e-17
  outer loop
    vertex 490.8879797839584 124.1100300761619 -2.9232594734785344
    vertex 510.00000000000006 120.53485257451237 5.999999999999966
    vertex 491.39767757288865 124.01468379423957 -3.138045381863485
  endloop
endfacet
facet normal 0.18387483327488438 0.9829496658975644 2.3426881895224193e-17
  outer loop
    vertex 490.34100668204877 124.21234924001007 -2.850000000000033
    vertex 510.00000000000006 120.53485257451237 5.999999999999966
    vertex 490.8879797839584 124.1100300761619 -2.9232594734785344
  endloop
endfacet
facet normal 0.18387483327488438 0.9829496658975644 2.3426881895224193e-17
  outer loop
    vertex 430.0 135.4999999999999 5.999999999999966
    vertex 443.2498866836729 133.0214186550978 -6.520279579551115
    vertex 430.0 135.4999999999999 -10.00000000000003
  endloop
endfacet
facet normal 0.18387483327488438 0.9829496658975644 2.3426881895224193e-17
  outer loop
    vertex 443.6875740976236 132.93954294664712 -6.861954618136566
    vertex 430.0 135.4999999999999 -10.00000000000003
    vertex 443.2498866836729 133.0214186550978 -6.520279579551115
  endloop
endfacet
facet normal 0.18387483327488438 0.9829496658975644 2.3426881895224193e-17
  outer loop
    vertex 444.1972718865539 132.8441966647248 -7.076740526521523
    vertex 430.0 135.4999999999999 -10.00000000000003
    vertex 443.6875740976236 132.93954294664712 -6.861954618136566
  endloop
endfacet
facet normal 0.18387483327488438 0.9829496658975644 2.3426881895224193e-17
  outer loop
    vertex 444.74424498846355 132.74187750087663 -7.150000000000032
    vertex 430.0 135.4999999999999 -10.00000000000003
    vertex 444.1972718865539 132.8441966647248 -7.076740526521523
  endloop
endfacet
facet normal 0.18387483327488438 0.9829496658975644 2.3426881895224193e-17
  outer loop
    vertex 510.00000000000006 120.53485257451237 -10.00000000000003
    vertex 430.0 135.4999999999999 -10.00000000000003
    vertex 444.74424498846355 132.74187750087663 -7.150000000000032
  endloop
endfacet
facet normal 0.18387483327488438 0.9829496658975644 2.3426881895224193e-17
  outer loop
    vertex 490.34100668204877 124.21234924001007 -7.150000000000035
    vertex 510.00000000000006 120.53485257451237 -10.00000000000003
    vertex 444.74424498846355 132.74187750087663 -7.150000000000032
  endloop
endfacet
facet normal 0.18387483327488438 0.9829496658975644 2.3426881895224193e-17
  outer loop
    vertex 442.91403731864983 133.08424409585186 -6.075000000000034
    vertex 443.2498866836729 133.0214186550978 -6.520279579551115
    vertex 430.0 135.4999999999999 5.999999999999966
  endloop
endfacet
facet normal 0.18387483327488438 0.9829496658975644 2.3426881895224193e-17
  outer loop
    vertex 442.70291358176326 133.12373781894595 -5.556460946970454
    vertex 442.91403731864983 133.08424409585186 -6.075000000000034
    vertex 430.0 135.4999999999999 5.999999999999966
  endloop
endfacet
facet normal 0.18387483327488438 0.9829496658975644 2.3426881895224193e-17
  outer loop
    vertex 442.6309032067838 133.13720839241762 -5.0000000000000355
    vertex 442.70291358176326 133.12373781894595 -5.556460946970454
    vertex 430.0 135.4999999999999 5.999999999999966
  endloop
endfacet
facet normal 0.18387483327488438 0.9829496658975644 2.3426881895224193e-17
  outer loop
    vertex 442.70291358176326 133.12373781894595 -4.443539053029612
    vertex 442.6309032067838 133.13720839241762 -5.0000000000000355
    vertex 430.0 135.4999999999999 5.999999999999966
  endloop
endfacet
facet normal 0.18387483327488438 0.9829496658975644 2.3426881895224193e-17
  outer loop
    vertex 442.91403731864983 133.08424409585186 -3.9250000000000322
    vertex 442.70291358176326 133.12373781894595 -4.443539053029612
    vertex 430.0 135.4999999999999 5.999999999999966
  endloop
endfacet
facet normal 0.18387483327488438 0.9829496658975644 2.3426881895224193e-17
  outer loop
    vertex 443.2498866836729 133.0214186550978 -3.4797204204489742
    vertex 442.91403731864983 133.08424409585186 -3.9250000000000322
    vertex 430.0 135.4999999999999 5.999999999999966
  endloop
endfacet
facet normal 0.18387483327488438 0.9829496658975644 2.3426881895224193e-17
  outer loop
    vertex 443.6875740976236 132.93954294664712 -3.1380453818634892
    vertex 443.2498866836729 133.0214186550978 -3.4797204204489742
    vertex 430.0 135.4999999999999 5.999999999999966
  endloop
endfacet
facet normal 0.18387483327488438 0.9829496658975644 2.3426881895224193e-17
  outer loop
    vertex 444.19727188655395 132.8441966647248 -2.923259473478543
    vertex 443.6875740976236 132.93954294664712 -3.1380453818634892
    vertex 430.0 135.4999999999999 5.999999999999966
  endloop
endfacet
facet normal 0.18387483327488438 0.9829496658975644 2.3426881895224193e-17
  outer loop
    vertex 444.74424498846355 132.74187750087663 -2.85000000000004
    vertex 444.19727188655395 132.8441966647248 -2.923259473478543
    vertex 430.0 135.4999999999999 5.999999999999966
  endloop
endfacet
facet normal 0.18387483327488438 0.9829496658975644 2.3426881895224193e-17
  outer loop
    vertex 490.34100668204877 124.21234924001007 -2.850000000000033
    vertex 444.74424498846355 132.74187750087663 -2.85000000000004
    vertex 430.0 135.4999999999999 5.999999999999966
  endloop
endfacet
facet normal 0.18387483327488438 0.9829496658975644 2.3426881895224193e-17
  outer loop
    vertex 510.00000000000006 120.53485257451237 5.999999999999966
    vertex 490.34100668204877 124.21234924001007 -2.850000000000033
    vertex 430.0 135.4999999999999 5.999999999999966
  endloop
endfacet
facet normal -1.2831033156073541e-17 1.83383248822719e-17 -1.0
  outer loop
    vertex 447.0000000000001 -9.305889392408061e-14 -10.000000000000032
    vertex 431.07500000000016 8.861954618136455 -10.000000000000032
    vertex 447.0000000000001 12.799999999999907 -10.000000000000034
  endloop
endfacet
facet normal -1.2831033156073541e-17 1.83383248822719e-17 -1.0
  outer loop
    vertex 423.0 12.799999999999907 -10.000000000000034
    vertex 447.0000000000001 12.799999999999907 -10.000000000000034
    vertex 431.07500000000016 8.861954618136455 -10.000000000000032
  endloop
endfacet
facet normal -1.2831033156073541e-17 1.83383248822719e-17 -1.0
  outer loop
    vertex 431.5202795795512 8.520279579550992 -10.000000000000032
    vertex 431.07500000000016 8.861954618136455 -10.000000000000032
    vertex 447.0000000000001 -9.305889392408061e-14 -10.000000000000032
  endloop
endfacet
facet normal -1.2831033156073541e-17 1.83383248822719e-17 -1.0
  outer loop
    vertex 431.8619546181366 8.074999999999907 -10.000000000000032
    vertex 431.5202795795512 8.520279579550992 -10.000000000000032
    vertex 447.0000000000001 -9.305889392408061e-14 -10.000000000000032
  endloop
endfacet
facet normal -1.2831033156073541e-17 1.83383248822719e-17 -1.0
  outer loop
    vertex 432.0767405265216 7.556460946970321 -10.000000000000032
    vertex 431.8619546181366 8.074999999999907 -10.000000000000032
    vertex 447.0000000000001 -9.305889392408061e-14 -10.000000000000032
  endloop
endfacet
facet normal -1.2831033156073541e-17 1.83383248822719e-17 -1.0
  outer loop
    vertex 432.1500000000001 6.999999999999904 -10.000000000000032
    vertex 432.0767405265216 7.556460946970321 -10.000000000000032
    vertex 447.0000000000001 -9.305889392408061e-14 -10.000000000000032
  endloop
endfacet
facet normal -1.2831033156073541e-17 1.83383248822719e-17 -1.0
  outer loop
    vertex 430.5564609469705 9.076740526521407 -10.000000000000032
    vertex 423.0 12.799999999999907 -10.000000000000034
    vertex 431.07500000000016 8.861954618136455 -10.000000000000032
  endloop
endfacet
facet normal -1.2831033156073541e-17 1.83383248822719e-17 -1.0
  outer loop
    vertex 430.0000000000001 9.149999999999915 -10.000000000000032
    vertex 423.0 12.799999999999907 -10.000000000000034
    vertex 430.5564609469705 9.076740526521407 -10.000000000000032
  endloop
endfacet
facet normal -1.2831033156073541e-17 1.83383248822719e-17 -1.0
  outer loop
    vertex 429.4435390530297 9.076740526521412 -10.000000000000032
    vertex 423.0 12.799999999999907 -10.000000000000034
    vertex 430.0000000000001 9.149999999999915 -10.000000000000032
  endloop
endfacet
facet normal -1.2831033156073541e-17 1.83383248822719e-17 -1.0
  outer loop
    vertex 428.92500000000007 8.86195461813645 -10.000000000000032
    vertex 423.0 12.799999999999907 -10.000000000000034
    vertex 429.4435390530297 9.076740526521412 -10.000000000000032
  endloop
endfacet
facet normal -1.2831033156073541e-17 1.83383248822719e-17 -1.0
  outer loop
    vertex 428.4797204204489 8.520279579550987 -10.000000000000032
    vertex 423.0 12.799999999999907 -10.000000000000034
    vertex 428.92500000000007 8.86195461813645 -10.000000000000032
  endloop
endfacet
facet normal -1.2831033156073541e-17 1.83383248822719e-17 -1.0
  outer loop
    vertex 428.1380453818635 8.074999999999918 -10.000000000000032
    vertex 423.0 12.799999999999907 -10.000000000000034
    vertex 428.4797204204489 8.520279579550987 -10.000000000000032
  endloop
endfacet
facet normal -1.2831033156073541e-17 1.83383248822719e-17 -1.0
  outer loop
    vertex 427.92325947347854 7.556460946970338 -10.000000000000032
    vertex 423.0 12.799999999999907 -10.000000000000034
    vertex 428.1380453818635 8.074999999999918 -10.000000000000032
  endloop
endfacet
facet normal -1.2831033156073541e-17 1.83383248822719e-17 -1.0
  outer loop
    vertex 427.8500000000001 6.999999999999912 -10.000000000000032
    vertex 423.0 12.799999999999907 -10.000000000000034
    vertex 427.92325947347854 7.556460946970338 -10.000000000000032
  endloop
endfacet
facet normal -1.2831033156073541e-17 1.83383248822719e-17 -1.0
  outer loop
    vertex 326.00000000000006 11.999999999999902 -10.00000000000003
    vertex 326.00000000000006 5.999999999999906 -10.00000000000003
    vertex 313.00000000000006 11.999999999999904 -10.00000000000003
  endloop
endfacet
facet normal -1.2831033156073541e-17 1.83383248822719e-17 -1.0
  outer loop
    vertex 321.07500000000005 7.8619546181364655 -10.00000000000003
    vertex 313.00000000000006 11.999999999999904 -10.00000000000003
    vertex 326.00000000000006 5.999999999999906 -10.00000000000003
  endloop
endfacet
facet normal -1.2831033156073541e-17 1.83383248822719e-17 -1.0
  outer loop
    vertex 321.52027957955113 7.520279579550999 -10.00000000000003
    vertex 321.07500000000005 7.8619546181364655 -10.00000000000003
    vertex 326.00000000000006 5.999999999999906 -10.00000000000003
  endloop
endfacet
facet normal -1.2831033156073541e-17 1.83383248822719e-17 -1.0
  outer loop
    vertex 321.8619546181366 7.074999999999918 -10.00000000000003
    vertex 321.52027957955113 7.520279579550999 -10.00000000000003
    vertex 326.00000000000006 5.999999999999906 -10.00000000000003
  endloop
endfacet
facet normal -1.2831033156073541e-17 1.83383248822719e-17 -1.0
  outer loop
    vertex 322.0767405265216 6.556460946970337 -10.00000000000003
    vertex 321.8619546181366 7.074999999999918 -10.00000000000003
    vertex 326.00000000000006 5.999999999999906 -10.00000000000003
  endloop
endfacet
facet normal -1.2831033156073541e-17 1.83383248822719e-17 -1.0
  outer loop
    vertex 322.1500000000001 5.999999999999914 -10.00000000000003
    vertex 322.0767405265216 6.556460946970337 -10.00000000000003
    vertex 326.00000000000006 5.999999999999906 -10.00000000000003
  endloop
endfacet
facet normal -1.2831033156073541e-17 1.83383248822719e-17 -1.0
  outer loop
    vertex 320.55646094697045 8.076740526521418 -10.00000000000003
    vertex 313.00000000000006 11.999999999999904 -10.00000000000003
    vertex 321.07500000000005 7.8619546181364655 -10.00000000000003
  endloop
endfacet
facet normal -1.2831033156073541e-17 1.83383248822719e-17 -1.0
  outer loop
    vertex 320.0000000000001 8.149999999999926 -10.00000000000003
    vertex 313.00000000000006 11.999999999999904 -10.00000000000003
    vertex 320.55646094697045 8.076740526521418 -10.00000000000003
  endloop
endfacet
facet normal -1.2831033156073541e-17 1.83383248822719e-17 -1.0
  outer loop
    vertex 319.44353905302955 8.076740526521384 -10.00000000000003
    vertex 313.00000000000006 11.999999999999904 -10.00000000000003
    vertex 320.0000000000001 8.149999999999926 -10.00000000000003
  endloop
endfacet
facet normal -1.2831033156073541e-17 1.83383248822719e-17 -1.0
  outer loop
    vertex 318.925 7.861954618136432 -10.00000000000003
    vertex 313.00000000000006 11.999999999999904 -10.00000000000003
    vertex 319.44353905302955 8.076740526521384 -10.00000000000003
  endloop
endfacet
facet normal -1.2831033156073541e-17 1.83383248822719e-17 -1.0
  outer loop
    vertex 318.479720420449 7.520279579550993 -10.00000000000003
    vertex 313.00000000000006 11.999999999999904 -10.00000000000003
    vertex 318.925 7.861954618136432 -10.00000000000003
  endloop
endfacet
facet normal -1.2831033156073541e-17 1.83383248822719e-17 -1.0
  outer loop
    vertex 318.13804538186355 7.074999999999924 -10.00000000000003
    vertex 313.00000000000006 11.999999999999904 -10.00000000000003
    vertex 318.479720420449 7.520279579550993 -10.00000000000003
  endloop
endfacet
facet normal -1.2831033156073541e-17 1.83383248822719e-17 -1.0
  outer loop
    vertex 317.92325947347854 6.5564609469703425 -10.00000000000003
    vertex 313.00000000000006 11.999999999999904 -10.00000000000003
    vertex 318.13804538186355 7.074999999999924 -10.00000000000003
  endloop
endfacet
facet normal -1.2831033156073541e-17 1.83383248822719e-17 -1.0
  outer loop
    vertex 317.8500000000001 5.999999999999918 -10.00000000000003
    vertex 313.00000000000006 11.999999999999904 -10.00000000000003
    vertex 317.92325947347854 6.5564609469703425 -10.00000000000003
  endloop
endfacet
facet normal -1.2831033156073541e-17 1.83383248822719e-17 -1.0
  outer loop
    vertex 510.00000000000006 120.53485257451237 -10.00000000000003
    vertex 508.00000000000006 116.84014742548747 -10.000000000000028
    vertex 430.0 135.4999999999999 -10.00000000000003
  endloop
endfacet
facet normal -1.2831033156073541e-17 1.83383248822719e-17 -1.0
  outer loop
    vertex 437.00000000000006 130.15264742548743 -10.000000000000032
    vertex 430.0 135.4999999999999 -10.00000000000003
    vertex 508.00000000000006 116.84014742548747 -10.000000000000028
  endloop
endfacet
facet normal -1.2831033156073541e-17 1.83383248822719e-17 -1.0
  outer loop
    vertex 437.00000000000006 118.49999999999996 -10.000000000000028
    vertex 430.0 135.4999999999999 -10.00000000000003
    vertex 437.00000000000006 130.15264742548743 -10.000000000000032
  endloop
endfacet
facet normal -1.2831033156073541e-17 1.83383248822719e-17 -1.0
  outer loop
    vertex 432.0767405265215 129.05646094696877 -10.00000000000003
    vertex 430.0 135.4999999999999 -10.00000000000003
    vertex 437.00000000000006 118.49999999999996 -10.000000000000028
  endloop
endfacet
facet normal -1.2831033156073541e-17 1.83383248822719e-17 -1.0
  outer loop
    vertex 432.1500000000001 128.49999999999838 -10.00000000000003
    vertex 432.0767405265215 129.05646094696877 -10.00000000000003
    vertex 437.00000000000006 118.49999999999996 -10.000000000000028
  endloop
endfacet
facet normal -1.2831033156073541e-17 1.83383248822719e-17 -1.0
  outer loop
    vertex 431.8619546181366 129.57499999999834 -10.00000000000003
    vertex 430.0 135.4999999999999 -10.00000000000003
    vertex 432.0767405265215 129.05646094696877 -10.00000000000003
  endloop
endfacet
facet normal -1.2831033156073541e-17 1.83383248822719e-17 -1.0
  outer loop
    vertex 431.5202795795512 130.0202795795494 -10.00000000000003
    vertex 430.0 135.4999999999999 -10.00000000000003
    vertex 431.8619546181366 129.57499999999834 -10.00000000000003
  endloop
endfacet
facet normal -1.2831033156073541e-17 1.83383248822719e-17 -1.0
  outer loop
    vertex 431.07500000000005 130.36195461813486 -10.00000000000003
    vertex 430.0 135.4999999999999 -10.00000000000003
    vertex 431.5202795795512 130.0202795795494 -10.00000000000003
  endloop
endfacet
facet normal -1.2831033156073541e-17 1.83383248822719e-17 -1.0
  outer loop
    vertex 430.55646094697045 130.5767405265198 -10.00000000000003
    vertex 430.0 135.4999999999999 -10.00000000000003
    vertex 431.07500000000005 130.36195461813486 -10.00000000000003
  endloop
endfacet
facet normal -1.2831033156073541e-17 1.83383248822719e-17 -1.0
  outer loop
    vertex 430.0 130.64999999999827 -10.00000000000003
    vertex 430.0 135.4999999999999 -10.00000000000003
    vertex 430.55646094697045 130.5767405265198 -10.00000000000003
  endloop
endfacet
facet normal -1.2831033156073541e-17 1.83383248822719e-17 -1.0
  outer loop
    vertex 309.00000000000006 135.4999999999999 -10.000000000000028
    vertex 430.0 135.4999999999999 -10.00000000000003
    vertex 430.0 130.64999999999827 -10.00000000000003
  endloop
endfacet
facet normal -1.2831033156073541e-17 1.83383248822719e-17 -1.0
  outer loop
    vertex 429.4435390530296 130.5767405265198 -10.00000000000003
    vertex 309.00000000000006 135.4999999999999 -10.000000000000028
    vertex 430.0 130.64999999999827 -10.00000000000003
  endloop
endfacet
facet normal -1.2831033156073541e-17 1.83383248822719e-17 -1.0
  outer loop
    vertex 428.92500000000007 130.36195461813483 -10.00000000000003
    vertex 309.00000000000006 135.4999999999999 -10.000000000000028
    vertex 429.4435390530296 130.5767405265198 -10.00000000000003
  endloop
endfacet
facet normal -1.2831033156073541e-17 1.83383248822719e-17 -1.0
  outer loop
    vertex 428.47972042044904 130.0202795795494 -10.00000000000003
    vertex 309.00000000000006 135.4999999999999 -10.000000000000028
    vertex 428.92500000000007 130.36195461813483 -10.00000000000003
  endloop
endfacet
facet normal -1.2831033156073541e-17 1.83383248822719e-17 -1.0
  outer loop
    vertex 428.1380453818636 129.57499999999834 -10.00000000000003
    vertex 309.00000000000006 135.4999999999999 -10.000000000000028
    vertex 428.47972042044904 130.0202795795494 -10.00000000000003
  endloop
endfacet
facet normal -1.2831033156073541e-17 1.83383248822719e-17 -1.0
  outer loop
    vertex 427.92325947347865 129.0564609469687 -10.00000000000003
    vertex 309.00000000000006 135.4999999999999 -10.000000000000028
    vertex 428.1380453818636 129.57499999999834 -10.00000000000003
  endloop
endfacet
facet normal -1.2831033156073541e-17 1.83383248822719e-17 -1.0
  outer loop
    vertex 427.85000000000014 128.49999999999827 -10.00000000000003
    vertex 309.00000000000006 135.4999999999999 -10.000000000000028
    vertex 427.92325947347865 129.0564609469687 -10.00000000000003
  endloop
endfacet
facet normal -1.2831033156073541e-17 1.83383248822719e-17 -1.0
  outer loop
    vertex 423.0 128.4999999999999 -10.000000000000028
    vertex 309.00000000000006 135.4999999999999 -10.000000000000028
    vertex 427.85000000000014 128.49999999999827 -10.00000000000003
  endloop
endfacet
facet normal -1.2831033156073541e-17 1.83383248822719e-17 -1.0
  outer loop
    vertex 326.00000000000006 128.4999999999999 -10.000000000000028
    vertex 309.00000000000006 135.4999999999999 -10.000000000000028
    vertex 423.0 128.4999999999999 -10.000000000000028
  endloop
endfacet
facet normal -1.2831033156073541e-17 1.83383248822719e-17 -1.0
  outer loop
    vertex 313.00000000000006 128.4999999999999 -10.00000000000003
    vertex 309.00000000000006 135.4999999999999 -10.000000000000028
    vertex 326.00000000000006 128.4999999999999 -10.000000000000028
  endloop
endfacet
facet normal -1.2831033156073541e-17 1.83383248822719e-17 -1.0
  outer loop
    vertex 313.00000000000006 108.19999999999992 -10.00000000000003
    vertex 309.00000000000006 135.4999999999999 -10.000000000000028
    vertex 313.00000000000006 128.4999999999999 -10.00000000000003
  endloop
endfacet
facet normal -1.2831033156073541e-17 1.83383248822719e-17 -1.0
  outer loop
    vertex 313.00000000000006 11.999999999999904 -10.00000000000003
    vertex 309.00000000000006 135.4999999999999 -10.000000000000028
    vertex 313.00000000000006 108.19999999999992 -10.00000000000003
  endloop
endfacet
facet normal -1.2831033156073541e-17 1.83383248822719e-17 -1.0
  outer loop
    vertex 512.0 120.53485257451237 -10.00000000000003
    vertex 512.0 -5.000000000000109 -10.000000000000034
    vertex 510.00000000000006 120.53485257451237 -10.00000000000003
  endloop
endfacet
facet normal -1.2831033156073541e-17 1.83383248822719e-17 -1.0
  outer loop
    vertex 508.00000000000006 -9.235390230344364e-14 -10.000000000000034
    vertex 510.00000000000006 120.53485257451237 -10.00000000000003
    vertex 512.0 -5.000000000000109 -10.000000000000034
  endloop
endfacet
facet normal -1.2831033156073541e-17 1.83383248822719e-17 -1.0
  outer loop
    vertex 309.00000000000006 -5.000000000000111 -10.00000000000003
    vertex 508.00000000000006 -9.235390230344364e-14 -10.000000000000034
    vertex 512.0 -5.000000000000109 -10.000000000000034
  endloop
endfacet
facet normal -1.2831033156073541e-17 1.83383248822719e-17 -1.0
  outer loop
    vertex 508.00000000000006 116.84014742548747 -10.000000000000028
    vertex 510.00000000000006 120.53485257451237 -10.00000000000003
    vertex 508.00000000000006 -9.235390230344364e-14 -10.000000000000034
  endloop
endfacet
facet normal -1.2831033156073541e-17 1.83383248822719e-17 -1.0
  outer loop
    vertex 447.0000000000001 -9.305889392408061e-14 -10.000000000000032
    vertex 508.00000000000006 -9.235390230344364e-14 -10.000000000000034
    vertex 309.00000000000006 -5.000000000000111 -10.00000000000003
  endloop
endfacet
facet normal -1.2831033156073541e-17 1.83383248822719e-17 -1.0
  outer loop
    vertex 430.0000000000001 4.849999999999899 -10.000000000000032
    vertex 447.0000000000001 -9.305889392408061e-14 -10.000000000000032
    vertex 309.00000000000006 -5.000000000000111 -10.00000000000003
  endloop
endfacet
facet normal -1.2831033156073541e-17 1.83383248822719e-17 -1.0
  outer loop
    vertex 430.5564609469705 4.9232594734783826 -10.000000000000032
    vertex 447.0000000000001 -9.305889392408061e-14 -10.000000000000032
    vertex 430.0000000000001 4.849999999999899 -10.000000000000032
  endloop
endfacet
facet normal -1.2831033156073541e-17 1.83383248822719e-17 -1.0
  outer loop
    vertex 431.07500000000005 5.138045381863335 -10.000000000000032
    vertex 447.0000000000001 -9.305889392408061e-14 -10.000000000000032
    vertex 430.5564609469705 4.9232594734783826 -10.000000000000032
  endloop
endfacet
facet normal -1.2831033156073541e-17 1.83383248822719e-17 -1.0
  outer loop
    vertex 431.5202795795512 5.479720420448814 -10.000000000000032
    vertex 447.0000000000001 -9.305889392408061e-14 -10.000000000000032
    vertex 431.07500000000005 5.138045381863335 -10.000000000000032
  endloop
endfacet
facet normal -1.2831033156073541e-17 1.83383248822719e-17 -1.0
  outer loop
    vertex 431.8619546181366 5.9249999999998915 -10.000000000000032
    vertex 447.0000000000001 -9.305889392408061e-14 -10.000000000000032
    vertex 431.5202795795512 5.479720420448814 -10.000000000000032
  endloop
endfacet
facet normal -1.2831033156073541e-17 1.83383248822719e-17 -1.0
  outer loop
    vertex 432.0767405265216 6.443539053029482 -10.000000000000032
    vertex 447.0000000000001 -9.305889392408061e-14 -10.000000000000032
    vertex 431.8619546181366 5.9249999999998915 -10.000000000000032
  endloop
endfacet
facet normal -1.2831033156073541e-17 1.83383248822719e-17 -1.0
  outer loop
    vertex 432.1500000000001 6.999999999999904 -10.000000000000032
    vertex 447.0000000000001 -9.305889392408061e-14 -10.000000000000032
    vertex 432.0767405265216 6.443539053029482 -10.000000000000032
  endloop
endfacet
facet normal -1.2831033156073541e-17 1.83383248822719e-17 -1.0
  outer loop
    vertex 429.4435390530297 4.923259473478406 -10.000000000000032
    vertex 430.0000000000001 4.849999999999899 -10.000000000000032
    vertex 309.00000000000006 -5.000000000000111 -10.00000000000003
  endloop
endfacet
facet normal -1.2831033156073541e-17 1.83383248822719e-17 -1.0
  outer loop
    vertex 428.92500000000007 5.138045381863363 -10.000000000000032
    vertex 429.4435390530297 4.923259473478406 -10.000000000000032
    vertex 309.00000000000006 -5.000000000000111 -10.00000000000003
  endloop
endfacet
facet normal -1.2831033156073541e-17 1.83383248822719e-17 -1.0
  outer loop
    vertex 428.47972042044904 5.479720420448831 -10.000000000000032
    vertex 428.92500000000007 5.138045381863363 -10.000000000000032
    vertex 309.00000000000006 -5.000000000000111 -10.00000000000003
  endloop
endfacet
facet normal -1.2831033156073541e-17 1.83383248822719e-17 -1.0
  outer loop
    vertex 428.1380453818635 5.924999999999908 -10.000000000000032
    vertex 428.47972042044904 5.479720420448831 -10.000000000000032
    vertex 309.00000000000006 -5.000000000000111 -10.00000000000003
  endloop
endfacet
facet normal -1.2831033156073541e-17 1.83383248822719e-17 -1.0
  outer loop
    vertex 427.92325947347854 6.44353905302949 -10.000000000000032
    vertex 428.1380453818635 5.924999999999908 -10.000000000000032
    vertex 309.00000000000006 -5.000000000000111 -10.00000000000003
  endloop
endfacet
facet normal -1.2831033156073541e-17 1.83383248822719e-17 -1.0
  outer loop
    vertex 423.0 5.999999999999906 -10.000000000000032
    vertex 427.92325947347854 6.44353905302949 -10.000000000000032
    vertex 309.00000000000006 -5.000000000000111 -10.00000000000003
  endloop
endfacet
facet normal -1.2831033156073541e-17 1.83383248822719e-17 -1.0
  outer loop
    vertex 427.8500000000001 6.999999999999912 -10.000000000000032
    vertex 427.92325947347854 6.44353905302949 -10.000000000000032
    vertex 423.0 5.999999999999906 -10.000000000000032
  endloop
endfacet
facet normal -1.2831033156073541e-17 1.83383248822719e-17 -1.0
  outer loop
    vertex 423.0 12.799999999999907 -10.000000000000034
    vertex 427.8500000000001 6.999999999999912 -10.000000000000032
    vertex 423.0 5.999999999999906 -10.000000000000032
  endloop
endfacet
facet normal -1.2831033156073541e-17 1.83383248822719e-17 -1.0
  outer loop
    vertex 326.00000000000006 5.999999999999906 -10.00000000000003
    vertex 423.0 5.999999999999906 -10.000000000000032
    vertex 309.00000000000006 -5.000000000000111 -10.00000000000003
  endloop
endfacet
facet normal -1.2831033156073541e-17 1.83383248822719e-17 -1.0
  outer loop
    vertex 321.07500000000005 4.138045381863318 -10.00000000000003
    vertex 326.00000000000006 5.999999999999906 -10.00000000000003
    vertex 309.00000000000006 -5.000000000000111 -10.00000000000003
  endloop
endfacet
facet normal -1.2831033156073541e-17 1.83383248822719e-17 -1.0
  outer loop
    vertex 321.52027957955113 4.479720420448792 -10.00000000000003
    vertex 326.00000000000006 5.999999999999906 -10.00000000000003
    vertex 321.07500000000005 4.138045381863318 -10.00000000000003
  endloop
endfacet
facet normal -1.2831033156073541e-17 1.83383248822719e-17 -1.0
  outer loop
    vertex 321.8619546181366 4.924999999999907 -10.00000000000003
    vertex 326.00000000000006 5.999999999999906 -10.00000000000003
    vertex 321.52027957955113 4.479720420448792 -10.00000000000003
  endloop
endfacet
facet normal -1.2831033156073541e-17 1.83383248822719e-17 -1.0
  outer loop
    vertex 322.0767405265216 5.443539053029494 -10.00000000000003
    vertex 326.00000000000006 5.999999999999906 -10.00000000000003
    vertex 321.8619546181366 4.924999999999907 -10.00000000000003
  endloop
endfacet
facet normal -1.2831033156073541e-17 1.83383248822719e-17 -1.0
  outer loop
    vertex 322.1500000000001 5.999999999999914 -10.00000000000003
    vertex 326.00000000000006 5.999999999999906 -10.00000000000003
    vertex 322.0767405265216 5.443539053029494 -10.00000000000003
  endloop
endfacet
facet normal -1.2831033156073541e-17 1.83383248822719e-17 -1.0
  outer loop
    vertex 320.55646094697056 3.923259473478414 -10.00000000000003
    vertex 321.07500000000005 4.138045381863318 -10.00000000000003
    vertex 309.00000000000006 -5.000000000000111 -10.00000000000003
  endloop
endfacet
facet normal -1.2831033156073541e-17 1.83383248822719e-17 -1.0
  outer loop
    vertex 320.0000000000001 3.849999999999914 -10.00000000000003
    vertex 320.55646094697056 3.923259473478414 -10.00000000000003
    vertex 309.00000000000006 -5.000000000000111 -10.00000000000003
  endloop
endfacet
facet normal -1.2831033156073541e-17 1.83383248822719e-17 -1.0
  outer loop
    vertex 319.44353905302967 3.923259473478417 -10.00000000000003
    vertex 320.0000000000001 3.849999999999914 -10.00000000000003
    vertex 309.00000000000006 -5.000000000000111 -10.00000000000003
  endloop
endfacet
facet normal -1.2831033156073541e-17 1.83383248822719e-17 -1.0
  outer loop
    vertex 318.925 4.138045381863408 -10.00000000000003
    vertex 319.44353905302967 3.923259473478417 -10.00000000000003
    vertex 309.00000000000006 -5.000000000000111 -10.00000000000003
  endloop
endfacet
facet normal -1.2831033156073541e-17 1.83383248822719e-17 -1.0
  outer loop
    vertex 318.479720420449 4.479720420448859 -10.00000000000003
    vertex 318.925 4.138045381863408 -10.00000000000003
    vertex 309.00000000000006 -5.000000000000111 -10.00000000000003
  endloop
endfacet
facet normal -1.2831033156073541e-17 1.83383248822719e-17 -1.0
  outer loop
    vertex 318.13804538186355 4.924999999999917 -10.00000000000003
    vertex 318.479720420449 4.479720420448859 -10.00000000000003
    vertex 309.00000000000006 -5.000000000000111 -10.00000000000003
  endloop
endfacet
facet normal -1.2831033156073541e-17 1.83383248822719e-17 -1.0
  outer loop
    vertex 317.92325947347854 5.4435390530294985 -10.00000000000003
    vertex 318.13804538186355 4.924999999999917 -10.00000000000003
    vertex 309.00000000000006 -5.000000000000111 -10.00000000000003
  endloop
endfacet
facet normal -1.2831033156073541e-17 1.83383248822719e-17 -1.0
  outer loop
    vertex 317.8500000000001 5.999999999999918 -10.00000000000003
    vertex 317.92325947347854 5.4435390530294985 -10.00000000000003
    vertex 309.00000000000006 -5.000000000000111 -10.00000000000003
  endloop
endfacet
facet normal -1.2831033156073541e-17 1.83383248822719e-17 -1.0
  outer loop
    vertex 313.00000000000006 11.999999999999904 -10.00000000000003
    vertex 317.8500000000001 5.999999999999918 -10.00000000000003
    vertex 309.00000000000006 -5.000000000000111 -10.00000000000003
  endloop
endfacet
facet normal -1.2831033156073541e-17 1.83383248822719e-17 -1.0
  outer loop
    vertex 309.00000000000006 135.4999999999999 -10.000000000000028
    vertex 313.00000000000006 11.999999999999904 -10.00000000000003
    vertex 309.00000000000006 -5.000000000000111 -10.00000000000003
  endloop
endfacet
facet normal -1.2831033156073541e-17 1.83383248822719e-17 -1.0
  outer loop
    vertex 423.0 118.49999999999996 -10.000000000000025
    vertex 431.5202795795512 126.9797204204473 -10.00000000000003
    vertex 437.00000000000006 118.49999999999996 -10.000000000000028
  endloop
endfacet
facet normal -1.2831033156073541e-17 1.83383248822719e-17 -1.0
  outer loop
    vertex 431.8619546181366 127.42499999999839 -10.00000000000003
    vertex 437.00000000000006 118.49999999999996 -10.000000000000028
    vertex 431.5202795795512 126.9797204204473 -10.00000000000003
  endloop
endfacet
facet normal -1.2831033156073541e-17 1.83383248822719e-17 -1.0
  outer loop
    vertex 432.0767405265216 127.94353905302792 -10.00000000000003
    vertex 437.00000000000006 118.49999999999996 -10.000000000000028
    vertex 431.8619546181366 127.42499999999839 -10.00000000000003
  endloop
endfacet
facet normal -1.2831033156073541e-17 1.83383248822719e-17 -1.0
  outer loop
    vertex 432.1500000000001 128.49999999999838 -10.00000000000003
    vertex 437.00000000000006 118.49999999999996 -10.000000000000028
    vertex 432.0767405265216 127.94353905302792 -10.00000000000003
  endloop
endfacet
facet normal -1.2831033156073541e-17 1.83383248822719e-17 -1.0
  outer loop
    vertex 431.07500000000016 126.63804538186173 -10.00000000000003
    vertex 431.5202795795512 126.9797204204473 -10.00000000000003
    vertex 423.0 118.49999999999996 -10.000000000000025
  endloop
endfacet
facet normal -1.2831033156073541e-17 1.83383248822719e-17 -1.0
  outer loop
    vertex 430.5564609469705 126.42325947347683 -10.00000000000003
    vertex 431.07500000000016 126.63804538186173 -10.00000000000003
    vertex 423.0 118.49999999999996 -10.000000000000025
  endloop
endfacet
facet normal -1.2831033156073541e-17 1.83383248822719e-17 -1.0
  outer loop
    vertex 430.0000000000001 126.34999999999832 -10.00000000000003
    vertex 430.5564609469705 126.42325947347683 -10.00000000000003
    vertex 423.0 118.49999999999996 -10.000000000000025
  endloop
endfacet
facet normal -1.2831033156073541e-17 1.83383248822719e-17 -1.0
  outer loop
    vertex 429.4435390530297 126.42325947347683 -10.00000000000003
    vertex 430.0000000000001 126.34999999999832 -10.00000000000003
    vertex 423.0 118.49999999999996 -10.000000000000025
  endloop
endfacet
facet normal -1.2831033156073541e-17 1.83383248822719e-17 -1.0
  outer loop
    vertex 428.92500000000007 126.63804538186177 -10.00000000000003
    vertex 429.4435390530297 126.42325947347683 -10.00000000000003
    vertex 423.0 118.49999999999996 -10.000000000000025
  endloop
endfacet
facet normal -1.2831033156073541e-17 1.83383248822719e-17 -1.0
  outer loop
    vertex 428.47972042044904 126.9797204204473 -10.00000000000003
    vertex 428.92500000000007 126.63804538186177 -10.00000000000003
    vertex 423.0 118.49999999999996 -10.000000000000025
  endloop
endfacet
facet normal -1.2831033156073541e-17 1.83383248822719e-17 -1.0
  outer loop
    vertex 428.1380453818636 127.42499999999829 -10.00000000000003
    vertex 428.47972042044904 126.9797204204473 -10.00000000000003
    vertex 423.0 118.49999999999996 -10.000000000000025
  endloop
endfacet
facet normal -1.2831033156073541e-17 1.83383248822719e-17 -1.0
  outer loop
    vertex 427.92325947347865 127.94353905302788 -10.00000000000003
    vertex 428.1380453818636 127.42499999999829 -10.00000000000003
    vertex 423.0 118.49999999999996 -10.000000000000025
  endloop
endfacet
facet normal -1.2831033156073541e-17 1.83383248822719e-17 -1.0
  outer loop
    vertex 427.85000000000014 128.49999999999827 -10.00000000000003
    vertex 427.92325947347865 127.94353905302788 -10.00000000000003
    vertex 423.0 118.49999999999996 -10.000000000000025
  endloop
endfacet
facet normal -1.2831033156073541e-17 1.83383248822719e-17 -1.0
  outer loop
    vertex 423.0 128.4999999999999 -10.000000000000028
    vertex 427.85000000000014 128.49999999999827 -10.00000000000003
    vertex 423.0 118.49999999999996 -10.000000000000025
  endloop
endfacet
facet normal 1.1131446641636449e-17 -1.0 -1.7624790515924373e-17
  outer loop
    vertex 310.00000000000006 133.4999999999999 -2.8199664825478976e-14
    vertex 430.0 133.4999999999999 -2.9609648066752924e-14
    vertex 310.00000000000006 133.4999999999999 5.999999999999969
  endloop
endfacet
facet normal 1.1131446641636449e-17 -1.0 -1.7624790515924373e-17
  outer loop
    vertex 430.0 133.4999999999999 5.999999999999966
    vertex 310.00000000000006 133.4999999999999 5.999999999999969
    vertex 430.0 133.4999999999999 -2.9609648066752924e-14
  endloop
endfacet
facet normal 1.0 -2.4459310293718186e-34 0.0
  outer loop
    vertex 326.00000000000006 108.19999999999992 -2.9609648066752924e-14
    vertex 326.00000000000006 108.19999999999992 -7.000000000000031
    vertex 326.00000000000006 128.4999999999999 -2.9609648066752924e-14
  endloop
endfacet
facet normal 1.0 -2.4459310293718186e-34 0.0
  outer loop
    vertex 326.00000000000006 128.4999999999999 -7.000000000000029
    vertex 326.00000000000006 128.4999999999999 -2.9609648066752924e-14
    vertex 326.00000000000006 108.19999999999992 -7.000000000000031
  endloop
endfacet
facet normal -1.0 -1.1131446641636449e-17 1.387778780781461e-17
  outer loop
    vertex 423.0 118.49999999999996 -10.000000000000025
    vertex 423.0 118.49999999999996 -2.5379698342931078e-14
    vertex 423.0 128.4999999999999 -10.000000000000028
  endloop
endfacet
facet normal -1.0 -1.1131446641636449e-17 1.387778780781461e-17
  outer loop
    vertex 423.0 128.4999999999999 -2.8199664825478976e-14
    vertex 423.0 128.4999999999999 -10.000000000000028
    vertex 423.0 118.49999999999996 -2.5379698342931078e-14
  endloop
endfacet
facet normal 2.4459310293718186e-34 -1.0 0.0
  outer loop
    vertex 326.00000000000006 128.4999999999999 -10.000000000000028
    vertex 423.0 128.4999999999999 -10.000000000000028
    vertex 326.00000000000006 128.4999999999999 -7.000000000000029
  endloop
endfacet
facet normal 2.4459310293718186e-34 -1.0 0.0
  outer loop
    vertex 423.0 128.4999999999999 -2.8199664825478976e-14
    vertex 326.00000000000006 128.4999999999999 -7.000000000000029
    vertex 423.0 128.4999999999999 -10.000000000000028
  endloop
endfacet
facet normal 2.4459310293718186e-34 -1.0 0.0
  outer loop
    vertex 326.00000000000006 128.4999999999999 -2.9609648066752924e-14
    vertex 326.00000000000006 128.4999999999999 -7.000000000000029
    vertex 423.0 128.4999999999999 -2.8199664825478976e-14
  endloop
endfacet
facet normal -9.224800773515555e-18 0.9914448613738125 0.13052619222003628
  outer loop
    vertex 313.00000000000006 93.95451867793734 -5.414110472164037
    vertex 309.00000000000006 93.95451867793734 -5.414110472164037
    vertex 313.00000000000006 93.89999999999988 -5.000000000000005
  endloop
endfacet
facet normal -9.224800773515555e-18 0.9914448613738125 0.13052619222003628
  outer loop
    vertex 309.00000000000006 93.89999999999988 -5.000000000000005
    vertex 313.00000000000006 93.89999999999988 -5.000000000000005
    vertex 309.00000000000006 93.95451867793734 -5.414110472164037
  endloop
endfacet
facet normal -1.2847630371499571e-17 0.9914448613738057 -0.1305261922200882
  outer loop
    vertex 313.00000000000006 93.89999999999988 -5.000000000000005
    vertex 309.00000000000006 93.89999999999988 -5.000000000000005
    vertex 313.00000000000006 93.95451867793737 -4.5858895278359695
  endloop
endfacet
facet normal -1.2847630371499571e-17 0.9914448613738057 -0.1305261922200882
  outer loop
    vertex 309.00000000000006 93.95451867793737 -4.5858895278359695
    vertex 313.00000000000006 93.95451867793737 -4.5858895278359695
    vertex 309.00000000000006 93.89999999999988 -5.000000000000005
  endloop
endfacet
facet normal 1.7081224320184807e-17 -0.3826834323650752 0.9238795325112927
  outer loop
    vertex 313.00000000000006 95.9141104721639 -6.545481322062507
    vertex 313.00000000000006 96.29999999999987 -6.385640646055107
    vertex 309.00000000000006 95.9141104721639 -6.545481322062507
  endloop
endfacet
facet normal 1.7081224320184807e-17 -0.3826834323650752 0.9238795325112927
  outer loop
    vertex 309.00000000000006 96.29999999999987 -6.385640646055107
    vertex 309.00000000000006 95.9141104721639 -6.545481322062507
    vertex 313.00000000000006 96.29999999999987 -6.385640646055107
  endloop
endfacet
facet normal 1.778638467767963e-17 -0.6087614290087244 0.7933533402912323
  outer loop
    vertex 313.00000000000006 96.29999999999987 -6.385640646055107
    vertex 313.00000000000006 96.63137084989839 -6.131370849898482
    vertex 309.00000000000006 96.29999999999987 -6.385640646055107
  endloop
endfacet
facet normal 1.778638467767963e-17 -0.6087614290087244 0.7933533402912323
  outer loop
    vertex 309.00000000000006 96.63137084989839 -6.13137084989848
    vertex 309.00000000000006 96.29999999999987 -6.385640646055107
    vertex 313.00000000000006 96.63137084989839 -6.131370849898482
  endloop
endfacet
facet normal -6.054416532130816e-16 0.7933533402912266 -0.6087614290087319
  outer loop
    vertex 313.00000000000006 94.11435935394479 -4.200000000000004
    vertex 309.00000000000006 94.11435935394479 -4.200000000000004
    vertex 313.00000000000006 94.3686291501014 -3.868629150101541
  endloop
endfacet
facet normal -6.054416532130816e-16 0.7933533402912266 -0.6087614290087319
  outer loop
    vertex 309.00000000000006 94.3686291501014 -3.868629150101533
    vertex 313.00000000000006 94.3686291501014 -3.868629150101541
    vertex 309.00000000000006 94.11435935394479 -4.200000000000004
  endloop
endfacet
facet normal -1.5594915191378285e-17 0.9238795325112878 -0.3826834323650874
  outer loop
    vertex 313.00000000000006 93.95451867793737 -4.5858895278359695
    vertex 309.00000000000006 93.95451867793737 -4.5858895278359695
    vertex 313.00000000000006 94.11435935394479 -4.200000000000004
  endloop
endfacet
facet normal -1.5594915191378285e-17 0.9238795325112878 -0.3826834323650874
  outer loop
    vertex 309.00000000000006 94.11435935394479 -4.200000000000004
    vertex 313.00000000000006 94.11435935394479 -4.200000000000004
    vertex 309.00000000000006 93.95451867793737 -4.5858895278359695
  endloop
endfacet
facet normal -1.2306116065260408e-17 -0.1305261922200528 -0.9914448613738103
  outer loop
    vertex 313.00000000000006 95.91411047216393 -3.4545186779375032
    vertex 313.00000000000006 95.49999999999989 -3.400000000000012
    vertex 309.00000000000006 95.91411047216393 -3.4545186779375032
  endloop
endfacet
facet normal -1.2306116065260408e-17 -0.1305261922200528 -0.9914448613738103
  outer loop
    vertex 309.00000000000006 95.49999999999989 -3.400000000000012
    vertex 309.00000000000006 95.91411047216393 -3.4545186779375032
    vertex 313.00000000000006 95.49999999999989 -3.400000000000012
  endloop
endfacet
facet normal -8.891299781203134e-16 0.1305261922200248 -0.991444861373814
  outer loop
    vertex 313.00000000000006 95.49999999999989 -3.400000000000012
    vertex 313.00000000000006 95.08588952783589 -3.4545186779374935
    vertex 309.00000000000006 95.49999999999989 -3.400000000000012
  endloop
endfacet
facet normal -8.891299781203134e-16 0.1305261922200248 -0.991444861373814
  outer loop
    vertex 309.00000000000006 95.08588952783589 -3.4545186779374863
    vertex 309.00000000000006 95.49999999999989 -3.400000000000012
    vertex 313.00000000000006 95.08588952783589 -3.4545186779374935
  endloop
endfacet
facet normal -8.329577524237629e-16 0.38268343236508157 -0.9238795325112903
  outer loop
    vertex 313.00000000000006 95.08588952783589 -3.4545186779374935
    vertex 313.00000000000006 94.69999999999989 -3.6143593539448977
    vertex 309.00000000000006 95.08588952783589 -3.4545186779374863
  endloop
endfacet
facet normal -8.329577524237629e-16 0.38268343236508157 -0.9238795325112903
  outer loop
    vertex 309.00000000000006 94.69999999999989 -3.6143593539448977
    vertex 309.00000000000006 95.08588952783589 -3.4545186779374863
    vertex 313.00000000000006 94.69999999999989 -3.6143593539448977
  endloop
endfacet
facet normal 1.7279432312780964e-17 -0.7933533402912332 0.6087614290087232
  outer loop
    vertex 313.00000000000006 96.63137084989839 -6.131370849898482
    vertex 313.00000000000006 96.885640646055 -5.800000000000008
    vertex 309.00000000000006 96.63137084989839 -6.13137084989848
  endloop
endfacet
facet normal 1.7279432312780964e-17 -0.7933533402912332 0.6087614290087232
  outer loop
    vertex 309.00000000000006 96.885640646055 -5.800000000000006
    vertex 309.00000000000006 96.63137084989839 -6.13137084989848
    vertex 313.00000000000006 96.885640646055 -5.800000000000008
  endloop
endfacet
facet normal 1.5594915191378288e-17 -0.9238795325112875 0.3826834323650879
  outer loop
    vertex 313.00000000000006 96.885640646055 -5.800000000000008
    vertex 313.00000000000006 97.0454813220624 -5.414110472164042
    vertex 309.00000000000006 96.885640646055 -5.800000000000006
  endloop
endfacet
facet normal 1.5594915191378288e-17 -0.9238795325112875 0.3826834323650879
  outer loop
    vertex 309.00000000000006 97.0454813220624 -5.414110472164041
    vertex 309.00000000000006 96.885640646055 -5.800000000000006
    vertex 313.00000000000006 97.0454813220624 -5.414110472164042
  endloop
endfacet
facet normal -1.7097531362370097e-15 0.7933533402912476 0.6087614290087043
  outer loop
    vertex 313.00000000000006 94.3686291501014 -6.131370849898503
    vertex 309.00000000000006 94.3686291501014 -6.131370849898503
    vertex 313.00000000000006 94.11435935394479 -5.800000000000002
  endloop
endfacet
facet normal -1.7097531362370097e-15 0.7933533402912476 0.6087614290087043
  outer loop
    vertex 309.00000000000006 94.11435935394476 -5.800000000000009
    vertex 313.00000000000006 94.11435935394479 -5.800000000000002
    vertex 309.00000000000006 94.3686291501014 -6.131370849898503
  endloop
endfacet
facet normal 4.2335939486859295e-18 0.6087614290087133 0.7933533402912407
  outer loop
    vertex 313.00000000000006 94.3686291501014 -6.131370849898503
    vertex 313.00000000000006 94.69999999999989 -6.385640646055129
    vertex 309.00000000000006 94.3686291501014 -6.131370849898503
  endloop
endfacet
facet normal 4.2335939486859295e-18 0.6087614290087133 0.7933533402912407
  outer loop
    vertex 309.00000000000006 94.69999999999989 -6.385640646055129
    vertex 309.00000000000006 94.3686291501014 -6.131370849898503
    vertex 313.00000000000006 94.69999999999989 -6.385640646055129
  endloop
endfacet
facet normal 8.561583904165204e-18 0.38268343236503677 0.9238795325113087
  outer loop
    vertex 313.00000000000006 94.69999999999989 -6.385640646055129
    vertex 313.00000000000006 95.08588952783586 -6.545481322062515
    vertex 309.00000000000006 94.69999999999989 -6.385640646055129
  endloop
endfacet
facet normal 8.561583904165204e-18 0.38268343236503677 0.9238795325113087
  outer loop
    vertex 309.00000000000006 95.08588952783586 -6.545481322062515
    vertex 309.00000000000006 94.69999999999989 -6.385640646055129
    vertex 313.00000000000006 95.08588952783586 -6.545481322062515
  endloop
endfacet
facet normal -9.977611263612127e-18 -0.9914448613738089 0.13052619222006254
  outer loop
    vertex 313.00000000000006 97.0454813220624 -5.414110472164042
    vertex 313.00000000000006 97.09999999999991 -5.000000000000009
    vertex 309.00000000000006 97.0454813220624 -5.414110472164041
  endloop
endfacet
facet normal -9.977611263612127e-18 -0.9914448613738089 0.13052619222006254
  outer loop
    vertex 309.00000000000006 97.09999999999991 -5.000000000000009
    vertex 309.00000000000006 97.0454813220624 -5.414110472164041
    vertex 313.00000000000006 97.09999999999991 -5.000000000000009
  endloop
endfacet
facet normal -8.561583904164362e-18 -0.3826834323650867 -0.9238795325112881
  outer loop
    vertex 313.00000000000006 96.2999999999999 -3.614359353944909
    vertex 313.00000000000006 95.91411047216393 -3.4545186779375032
    vertex 309.00000000000006 96.2999999999999 -3.614359353944909
  endloop
endfacet
facet normal -8.561583904164362e-18 -0.3826834323650867 -0.9238795325112881
  outer loop
    vertex 309.00000000000006 95.91411047216393 -3.4545186779375032
    vertex 309.00000000000006 96.2999999999999 -3.614359353944909
    vertex 313.00000000000006 95.91411047216393 -3.4545186779375032
  endloop
endfacet
facet normal 2.0027456209079774e-15 -0.6087614290087537 -0.7933533402912099
  outer loop
    vertex 313.00000000000006 96.63137084989839 -3.868629150101534
    vertex 313.00000000000006 96.2999999999999 -3.614359353944909
    vertex 309.00000000000006 96.63137084989839 -3.8686291501015617
  endloop
endfacet
facet normal 2.0027456209079774e-15 -0.6087614290087537 -0.7933533402912099
  outer loop
    vertex 309.00000000000006 96.2999999999999 -3.614359353944909
    vertex 309.00000000000006 96.63137084989839 -3.8686291501015617
    vertex 313.00000000000006 96.2999999999999 -3.614359353944909
  endloop
endfacet
facet normal 4.9733162475205706e-18 -0.9238795325112878 -0.3826834323650874
  outer loop
    vertex 313.00000000000006 97.0454813220624 -4.585889527835978
    vertex 313.00000000000006 96.885640646055 -4.200000000000012
    vertex 309.00000000000006 97.0454813220624 -4.585889527835977
  endloop
endfacet
facet normal 4.9733162475205706e-18 -0.9238795325112878 -0.3826834323650874
  outer loop
    vertex 309.00000000000006 96.885640646055 -4.200000000000011
    vertex 309.00000000000006 97.0454813220624 -4.585889527835977
    vertex 313.00000000000006 96.885640646055 -4.200000000000012
  endloop
endfacet
facet normal 1.080125836763497e-15 -0.7933533402912429 -0.6087614290087104
  outer loop
    vertex 313.00000000000006 96.885640646055 -4.200000000000012
    vertex 313.00000000000006 96.63137084989839 -3.868629150101534
    vertex 309.00000000000006 96.885640646055 -4.200000000000011
  endloop
endfacet
facet normal 1.080125836763497e-15 -0.7933533402912429 -0.6087614290087104
  outer loop
    vertex 309.00000000000006 96.63137084989839 -3.8686291501015617
    vertex 309.00000000000006 96.885640646055 -4.200000000000011
    vertex 313.00000000000006 96.63137084989839 -3.868629150101534
  endloop
endfacet
facet normal 1.5212006753327694e-17 -0.13052619222008308 0.9914448613738064
  outer loop
    vertex 313.00000000000006 95.49999999999989 -6.600000000000008
    vertex 313.00000000000006 95.9141104721639 -6.545481322062507
    vertex 309.00000000000006 95.49999999999989 -6.600000000000008
  endloop
endfacet
facet normal 1.5212006753327694e-17 -0.13052619222008308 0.9914448613738064
  outer loop
    vertex 309.00000000000006 95.9141104721639 -6.545481322062507
    vertex 309.00000000000006 95.49999999999989 -6.600000000000008
    vertex 313.00000000000006 95.9141104721639 -6.545481322062507
  endloop
endfacet
facet normal 1.2306116065260368e-17 0.1305261922200561 0.9914448613738098
  outer loop
    vertex 313.00000000000006 95.08588952783586 -6.545481322062515
    vertex 313.00000000000006 95.49999999999989 -6.600000000000008
    vertex 309.00000000000006 95.08588952783586 -6.545481322062515
  endloop
endfacet
facet normal 1.2306116065260368e-17 0.1305261922200561 0.9914448613738098
  outer loop
    vertex 309.00000000000006 95.49999999999989 -6.600000000000008
    vertex 309.00000000000006 95.08588952783586 -6.545481322062515
    vertex 313.00000000000006 95.49999999999989 -6.600000000000008
  endloop
endfacet
facet normal -1.6789557006804526e-15 0.9238795325112744 0.38268343236511987
  outer loop
    vertex 309.00000000000006 94.11435935394476 -5.800000000000009
    vertex 309.00000000000006 93.95451867793734 -5.414110472164037
    vertex 313.00000000000006 94.11435935394479 -5.800000000000002
  endloop
endfacet
facet normal -1.6789557006804526e-15 0.9238795325112744 0.38268343236511987
  outer loop
    vertex 313.00000000000006 93.95451867793734 -5.414110472164037
    vertex 313.00000000000006 94.11435935394479 -5.800000000000002
    vertex 309.00000000000006 93.95451867793734 -5.414110472164037
  endloop
endfacet
facet normal -7.860284951378251e-16 0.60876142900872 -0.7933533402912357
  outer loop
    vertex 313.00000000000006 94.69999999999989 -3.6143593539448977
    vertex 313.00000000000006 94.3686291501014 -3.868629150101541
    vertex 309.00000000000006 94.69999999999989 -3.6143593539448977
  endloop
endfacet
facet normal -7.860284951378251e-16 0.60876142900872 -0.7933533402912357
  outer loop
    vertex 309.00000000000006 94.3686291501014 -3.868629150101533
    vertex 309.00000000000006 94.69999999999989 -3.6143593539448977
    vertex 313.00000000000006 94.3686291501014 -3.868629150101541
  endloop
endfacet
facet normal 3.205004240862657e-17 -0.9914448613738089 -0.1305261922200628
  outer loop
    vertex 309.00000000000006 97.09999999999991 -5.000000000000009
    vertex 313.00000000000006 97.09999999999991 -5.000000000000009
    vertex 309.00000000000006 97.0454813220624 -4.585889527835977
  endloop
endfacet
facet normal 3.205004240862657e-17 -0.9914448613738089 -0.1305261922200628
  outer loop
    vertex 313.00000000000006 97.0454813220624 -4.585889527835978
    vertex 309.00000000000006 97.0454813220624 -4.585889527835977
    vertex 313.00000000000006 97.09999999999991 -5.000000000000009
  endloop
endfacet
facet normal 5.877659651440426e-15 -0.3826834323650867 0.9238795325112881
  outer loop
    vertex 313.00000000000006 42.414110472163934 -6.545481322062521
    vertex 313.00000000000006 42.7999999999999 -6.385640646055115
    vertex 309.00000000000006 42.414110472163934 -6.545481322062495
  endloop
endfacet
facet normal 5.877659651440426e-15 -0.3826834323650867 0.9238795325112881
  outer loop
    vertex 309.00000000000006 42.7999999999999 -6.38564064605509
    vertex 309.00000000000006 42.414110472163934 -6.545481322062495
    vertex 313.00000000000006 42.7999999999999 -6.385640646055115
  endloop
endfacet
facet normal 4.771176056847593e-15 -0.6087614290087137 0.7933533402912406
  outer loop
    vertex 313.00000000000006 42.7999999999999 -6.385640646055115
    vertex 313.00000000000006 43.131370849898374 -6.1313708498984925
    vertex 309.00000000000006 42.7999999999999 -6.38564064605509
  endloop
endfacet
facet normal 4.771176056847593e-15 -0.6087614290087137 0.7933533402912406
  outer loop
    vertex 309.00000000000006 43.131370849898374 -6.13137084989847
    vertex 309.00000000000006 42.7999999999999 -6.38564064605509
    vertex 313.00000000000006 43.131370849898374 -6.1313708498984925
  endloop
endfacet
facet normal -2.772078062915499e-15 0.6087614290087205 -0.7933533402912352
  outer loop
    vertex 313.00000000000006 41.19999999999993 -3.614359353944902
    vertex 313.00000000000006 40.86862915010146 -3.8686291501015244
    vertex 309.00000000000006 41.199999999999925 -3.6143593539448906
  endloop
endfacet
facet normal -2.772078062915499e-15 0.6087614290087205 -0.7933533402912352
  outer loop
    vertex 309.00000000000006 40.86862915010145 -3.868629150101521
    vertex 309.00000000000006 41.199999999999925 -3.6143593539448906
    vertex 313.00000000000006 40.86862915010146 -3.8686291501015244
  endloop
endfacet
facet normal -3.334115639404859e-15 0.7933533402912285 -0.6087614290087293
  outer loop
    vertex 313.00000000000006 40.61435935394481 -4.200000000000019
    vertex 309.00000000000006 40.61435935394481 -4.199999999999994
    vertex 313.00000000000006 40.86862915010146 -3.8686291501015244
  endloop
endfacet
facet normal -3.334115639404859e-15 0.7933533402912285 -0.6087614290087293
  outer loop
    vertex 309.00000000000006 40.86862915010145 -3.868629150101521
    vertex 313.00000000000006 40.86862915010146 -3.8686291501015244
    vertex 309.00000000000006 40.61435935394481 -4.199999999999994
  endloop
endfacet
facet normal 8.307440913984986e-16 0.9914448613738107 0.1305261922200494
  outer loop
    vertex 313.00000000000006 40.45451867793741 -5.414110472164044
    vertex 309.00000000000006 40.45451867793741 -5.414110472164018
    vertex 313.00000000000006 40.39999999999991 -5.0000000000000115
  endloop
endfacet
facet normal 8.307440913984986e-16 0.9914448613738107 0.1305261922200494
  outer loop
    vertex 309.00000000000006 40.39999999999991 -4.999999999999986
    vertex 313.00000000000006 40.39999999999991 -5.0000000000000115
    vertex 309.00000000000006 40.45451867793741 -5.414110472164018
  endloop
endfacet
facet normal 2.5246110907895626e-15 0.9238795325112927 0.38268343236507546
  outer loop
    vertex 313.00000000000006 40.614359353944806 -5.8000000000000105
    vertex 309.00000000000006 40.614359353944806 -5.799999999999984
    vertex 313.00000000000006 40.45451867793741 -5.414110472164044
  endloop
endfacet
facet normal 2.5246110907895626e-15 0.9238795325112927 0.38268343236507546
  outer loop
    vertex 309.00000000000006 40.45451867793741 -5.414110472164018
    vertex 313.00000000000006 40.45451867793741 -5.414110472164044
    vertex 309.00000000000006 40.614359353944806 -5.799999999999984
  endloop
endfacet
facet normal 3.970377424517763e-15 0.7933533402912338 0.6087614290087224
  outer loop
    vertex 313.00000000000006 40.868629150101434 -6.1313708498984845
    vertex 309.00000000000006 40.868629150101434 -6.13137084989846
    vertex 313.00000000000006 40.614359353944806 -5.8000000000000105
  endloop
endfacet
facet normal 3.970377424517763e-15 0.7933533402912338 0.6087614290087224
  outer loop
    vertex 309.00000000000006 40.614359353944806 -5.799999999999984
    vertex 313.00000000000006 40.614359353944806 -5.8000000000000105
    vertex 309.00000000000006 40.868629150101434 -6.13137084989846
  endloop
endfacet
facet normal 7.010767379333234e-15 0.1305261922200562 0.9914448613738098
  outer loop
    vertex 313.00000000000006 41.58588952783587 -6.545481322062521
    vertex 313.00000000000006 41.999999999999886 -6.600000000000013
    vertex 309.00000000000006 41.58588952783587 -6.545481322062493
  endloop
endfacet
facet normal 7.010767379333234e-15 0.1305261922200562 0.9914448613738098
  outer loop
    vertex 309.00000000000006 41.9999999999999 -6.599999999999985
    vertex 309.00000000000006 41.58588952783587 -6.545481322062493
    vertex 313.00000000000006 41.999999999999886 -6.600000000000013
  endloop
endfacet
facet normal 6.471157732362441e-15 -0.1305261922200478 0.9914448613738109
  outer loop
    vertex 313.00000000000006 41.999999999999886 -6.600000000000013
    vertex 313.00000000000006 42.414110472163934 -6.545481322062521
    vertex 309.00000000000006 41.9999999999999 -6.599999999999985
  endloop
endfacet
facet normal 6.471157732362441e-15 -0.1305261922200478 0.9914448613738109
  outer loop
    vertex 309.00000000000006 42.414110472163934 -6.545481322062495
    vertex 309.00000000000006 41.9999999999999 -6.599999999999985
    vertex 313.00000000000006 42.414110472163934 -6.545481322062521
  endloop
endfacet
facet normal -2.4782590998201716e-15 0.9238795325112865 -0.38268343236509067
  outer loop
    vertex 313.00000000000006 40.45451867793741 -4.585889527835982
    vertex 309.00000000000006 40.45451867793741 -4.585889527835955
    vertex 313.00000000000006 40.61435935394481 -4.200000000000019
  endloop
endfacet
facet normal -2.4782590998201716e-15 0.9238795325112865 -0.38268343236509067
  outer loop
    vertex 309.00000000000006 40.61435935394481 -4.199999999999994
    vertex 313.00000000000006 40.61435935394481 -4.200000000000019
    vertex 309.00000000000006 40.45451867793741 -4.585889527835955
  endloop
endfacet
facet normal -2.491150979585382e-15 -0.9238795325112918 -0.3826834323650775
  outer loop
    vertex 313.00000000000006 43.54548132206241 -4.585889527835999
    vertex 313.00000000000006 43.38564064605501 -4.200000000000034
    vertex 309.00000000000006 43.54548132206241 -4.585889527835971
  endloop
endfacet
facet normal -2.491150979585382e-15 -0.9238795325112918 -0.3826834323650775
  outer loop
    vertex 309.00000000000006 43.38564064605501 -4.200000000000009
    vertex 309.00000000000006 43.54548132206241 -4.585889527835971
    vertex 313.00000000000006 43.38564064605501 -4.200000000000034
  endloop
endfacet
facet normal -8.535693330336063e-16 -0.9914448613738107 -0.1305261922200492
  outer loop
    vertex 313.00000000000006 43.599999999999895 -5.000000000000031
    vertex 313.00000000000006 43.54548132206241 -4.585889527835999
    vertex 309.00000000000006 43.599999999999895 -5.000000000000005
  endloop
endfacet
facet normal -8.535693330336063e-16 -0.9914448613738107 -0.1305261922200492
  outer loop
    vertex 309.00000000000006 43.54548132206241 -4.585889527835971
    vertex 309.00000000000006 43.599999999999895 -5.000000000000005
    vertex 313.00000000000006 43.54548132206241 -4.585889527835999
  endloop
endfacet
facet normal -5.618985605699102e-15 -0.38268343236509217 -0.9238795325112857
  outer loop
    vertex 313.00000000000006 42.799999999999905 -3.6143593539449244
    vertex 313.00000000000006 42.41411047216394 -3.4545186779375188
    vertex 309.00000000000006 42.79999999999992 -3.6143593539449075
  endloop
endfacet
facet normal -5.618985605699102e-15 -0.38268343236509217 -0.9238795325112857
  outer loop
    vertex 309.00000000000006 42.41411047216394 -3.454518677937496
    vertex 309.00000000000006 42.79999999999992 -3.6143593539449075
    vertex 313.00000000000006 42.41411047216394 -3.4545186779375188
  endloop
endfacet
facet normal -6.303106838657964e-15 -0.13052619222005785 -0.9914448613738096
  outer loop
    vertex 313.00000000000006 42.41411047216394 -3.4545186779375188
    vertex 313.00000000000006 41.999999999999915 -3.400000000000029
    vertex 309.00000000000006 42.41411047216394 -3.454518677937496
  endloop
endfacet
facet normal -6.303106838657964e-15 -0.13052619222005785 -0.9914448613738096
  outer loop
    vertex 309.00000000000006 41.999999999999915 -3.400000000000001
    vertex 309.00000000000006 42.41411047216394 -3.454518677937496
    vertex 313.00000000000006 41.999999999999915 -3.400000000000029
  endloop
endfacet
facet normal -5.782095383833416e-15 0.13052619222004125 -0.9914448613738118
  outer loop
    vertex 313.00000000000006 41.999999999999915 -3.400000000000029
    vertex 313.00000000000006 41.58588952783589 -3.4545186779375103
    vertex 309.00000000000006 41.999999999999915 -3.400000000000001
  endloop
endfacet
facet normal -5.782095383833416e-15 0.13052619222004125 -0.9914448613738118
  outer loop
    vertex 309.00000000000006 41.58588952783589 -3.4545186779374903
    vertex 309.00000000000006 41.999999999999915 -3.400000000000001
    vertex 313.00000000000006 41.58588952783589 -3.4545186779375103
  endloop
endfacet
facet normal 3.716580278699225e-15 -0.7933533402912344 0.6087614290087217
  outer loop
    vertex 313.00000000000006 43.131370849898374 -6.1313708498984925
    vertex 313.00000000000006 43.385640646054995 -5.8000000000000265
    vertex 309.00000000000006 43.131370849898374 -6.13137084989847
  endloop
endfacet
facet normal 3.716580278699225e-15 -0.7933533402912344 0.6087614290087217
  outer loop
    vertex 309.00000000000006 43.385640646054995 -5.8
    vertex 309.00000000000006 43.131370849898374 -6.13137084989847
    vertex 313.00000000000006 43.385640646054995 -5.8000000000000265
  endloop
endfacet
facet normal 2.4749130886997403e-15 -0.9238795325112873 0.3826834323650888
  outer loop
    vertex 313.00000000000006 43.385640646054995 -5.8000000000000265
    vertex 313.00000000000006 43.5454813220624 -5.414110472164062
    vertex 309.00000000000006 43.385640646054995 -5.8
  endloop
endfacet
facet normal 2.4749130886997403e-15 -0.9238795325112873 0.3826834323650888
  outer loop
    vertex 309.00000000000006 43.5454813220624 -5.414110472164036
    vertex 309.00000000000006 43.385640646054995 -5.8
    vertex 313.00000000000006 43.5454813220624 -5.414110472164062
  endloop
endfacet
facet normal 8.414039017260465e-16 -0.9914448613738089 0.1305261922200632
  outer loop
    vertex 313.00000000000006 43.5454813220624 -5.414110472164062
    vertex 313.00000000000006 43.599999999999895 -5.000000000000031
    vertex 309.00000000000006 43.5454813220624 -5.414110472164036
  endloop
endfacet
facet normal 8.414039017260465e-16 -0.9914448613738089 0.1305261922200632
  outer loop
    vertex 309.00000000000006 43.599999999999895 -5.000000000000005
    vertex 309.00000000000006 43.5454813220624 -5.414110472164036
    vertex 313.00000000000006 43.599999999999895 -5.000000000000031
  endloop
endfacet
facet normal -8.528165225436029e-16 0.9914448613738089 -0.1305261922200633
  outer loop
    vertex 313.00000000000006 40.39999999999991 -5.0000000000000115
    vertex 309.00000000000006 40.39999999999991 -4.999999999999986
    vertex 313.00000000000006 40.45451867793741 -4.585889527835982
  endloop
endfacet
facet normal -8.528165225436029e-16 0.9914448613738089 -0.1305261922200633
  outer loop
    vertex 309.00000000000006 40.45451867793741 -4.585889527835955
    vertex 313.00000000000006 40.45451867793741 -4.585889527835982
    vertex 309.00000000000006 40.39999999999991 -4.999999999999986
  endloop
endfacet
facet normal 6.196298420808498e-15 0.3826834323650925 0.9238795325112857
  outer loop
    vertex 313.00000000000006 41.1999999999999 -6.385640646055112
    vertex 313.00000000000006 41.58588952783587 -6.545481322062521
    vertex 309.00000000000006 41.1999999999999 -6.385640646055084
  endloop
endfacet
facet normal 6.196298420808498e-15 0.3826834323650925 0.9238795325112857
  outer loop
    vertex 309.00000000000006 41.58588952783587 -6.545481322062493
    vertex 309.00000000000006 41.1999999999999 -6.385640646055084
    vertex 313.00000000000006 41.58588952783587 -6.545481322062521
  endloop
endfacet
facet normal 5.177295028491798e-15 0.6087614290087265 0.7933533402912306
  outer loop
    vertex 313.00000000000006 40.868629150101434 -6.1313708498984845
    vertex 313.00000000000006 41.1999999999999 -6.385640646055112
    vertex 309.00000000000006 40.868629150101434 -6.13137084989846
  endloop
endfacet
facet normal 5.177295028491798e-15 0.6087614290087265 0.7933533402912306
  outer loop
    vertex 309.00000000000006 41.1999999999999 -6.385640646055084
    vertex 309.00000000000006 40.868629150101434 -6.13137084989846
    vertex 313.00000000000006 41.1999999999999 -6.385640646055112
  endloop
endfacet
facet normal -4.020943407309994e-15 -0.7933533402912456 -0.6087614290087071
  outer loop
    vertex 313.00000000000006 43.38564064605501 -4.200000000000034
    vertex 313.00000000000006 43.131370849898396 -3.8686291501015697
    vertex 309.00000000000006 43.38564064605501 -4.200000000000009
  endloop
endfacet
facet normal -4.020943407309994e-15 -0.7933533402912456 -0.6087614290087071
  outer loop
    vertex 309.00000000000006 43.131370849898396 -3.8686291501015413
    vertex 309.00000000000006 43.38564064605501 -4.200000000000009
    vertex 313.00000000000006 43.131370849898396 -3.8686291501015697
  endloop
endfacet
facet normal -3.949801510553292e-15 0.3826834323650745 -0.9238795325112932
  outer loop
    vertex 313.00000000000006 41.58588952783589 -3.4545186779375103
    vertex 313.00000000000006 41.19999999999993 -3.614359353944902
    vertex 309.00000000000006 41.58588952783589 -3.4545186779374903
  endloop
endfacet
facet normal -3.949801510553292e-15 0.3826834323650745 -0.9238795325112932
  outer loop
    vertex 309.00000000000006 41.199999999999925 -3.6143593539448906
    vertex 309.00000000000006 41.58588952783589 -3.4545186779374903
    vertex 313.00000000000006 41.19999999999993 -3.614359353944902
  endloop
endfacet
facet normal -5.763860661413197e-15 -0.6087614290087272 -0.7933533402912302
  outer loop
    vertex 313.00000000000006 43.131370849898396 -3.8686291501015697
    vertex 313.00000000000006 42.799999999999905 -3.6143593539449244
    vertex 309.00000000000006 43.131370849898396 -3.8686291501015413
  endloop
endfacet
facet normal -5.763860661413197e-15 -0.6087614290087272 -0.7933533402912302
  outer loop
    vertex 309.00000000000006 42.79999999999992 -3.6143593539449075
    vertex 309.00000000000006 43.131370849898396 -3.8686291501015413
    vertex 313.00000000000006 42.799999999999905 -3.6143593539449244
  endloop
endfacet
facet normal 1.621524002274665e-16 -0.1305261922200528 -0.9914448613738103
  outer loop
    vertex 313.00000000000006 22.41411047216394 -3.4545186779374975
    vertex 313.00000000000006 21.999999999999908 -3.4000000000000066
    vertex 309.00000000000006 22.41411047216394 -3.4545186779374975
  endloop
endfacet
facet normal 1.621524002274665e-16 -0.1305261922200528 -0.9914448613738103
  outer loop
    vertex 309.00000000000006 21.999999999999908 -3.400000000000008
    vertex 309.00000000000006 22.41411047216394 -3.4545186779374975
    vertex 313.00000000000006 21.999999999999908 -3.4000000000000066
  endloop
endfacet
facet normal 1.597883061738491e-16 0.13052619222004785 -0.9914448613738109
  outer loop
    vertex 313.00000000000006 21.999999999999908 -3.4000000000000066
    vertex 313.00000000000006 21.585889527835878 -3.454518677937496
    vertex 309.00000000000006 21.999999999999908 -3.400000000000008
  endloop
endfacet
facet normal 1.597883061738491e-16 0.13052619222004785 -0.9914448613738109
  outer loop
    vertex 309.00000000000006 21.585889527835878 -3.454518677937496
    vertex 309.00000000000006 21.999999999999908 -3.400000000000008
    vertex 313.00000000000006 21.585889527835878 -3.454518677937496
  endloop
endfacet
facet normal 1.521200675332744e-17 -0.13052619222005615 0.9914448613738098
  outer loop
    vertex 313.00000000000006 21.999999999999908 -6.599999999999999
    vertex 313.00000000000006 22.41411047216394 -6.545481322062507
    vertex 309.00000000000006 21.999999999999908 -6.599999999999999
  endloop
endfacet
facet normal 1.521200675332744e-17 -0.13052619222005615 0.9914448613738098
  outer loop
    vertex 309.00000000000006 22.41411047216394 -6.545481322062507
    vertex 309.00000000000006 21.999999999999908 -6.599999999999999
    vertex 313.00000000000006 22.41411047216394 -6.545481322062507
  endloop
endfacet
facet normal 4.9054414390124645e-16 0.13052619222004494 0.9914448613738114
  outer loop
    vertex 313.00000000000006 21.585889527835878 -6.545481322062515
    vertex 313.00000000000006 21.999999999999908 -6.599999999999999
    vertex 309.00000000000006 21.585889527835878 -6.54548132206251
  endloop
endfacet
facet normal 4.9054414390124645e-16 0.13052619222004494 0.9914448613738114
  outer loop
    vertex 309.00000000000006 21.999999999999908 -6.599999999999999
    vertex 309.00000000000006 21.585889527835878 -6.54548132206251
    vertex 313.00000000000006 21.999999999999908 -6.599999999999999
  endloop
endfacet
facet normal 1.7081224320184884e-17 -0.38268343236508956 0.9238795325112868
  outer loop
    vertex 313.00000000000006 22.41411047216394 -6.545481322062507
    vertex 313.00000000000006 22.79999999999991 -6.3856406460551005
    vertex 309.00000000000006 22.41411047216394 -6.545481322062507
  endloop
endfacet
facet normal 1.7081224320184884e-17 -0.38268343236508956 0.9238795325112868
  outer loop
    vertex 309.00000000000006 22.79999999999991 -6.3856406460551005
    vertex 309.00000000000006 22.41411047216394 -6.545481322062507
    vertex 313.00000000000006 22.79999999999991 -6.3856406460551005
  endloop
endfacet
facet normal 1.778638467767963e-17 -0.6087614290087213 0.7933533402912347
  outer loop
    vertex 313.00000000000006 22.79999999999991 -6.3856406460551005
    vertex 313.00000000000006 23.131370849898378 -6.1313708498984765
    vertex 309.00000000000006 22.79999999999991 -6.3856406460551005
  endloop
endfacet
facet normal 1.778638467767963e-17 -0.6087614290087213 0.7933533402912347
  outer loop
    vertex 309.00000000000006 23.131370849898378 -6.1313708498984765
    vertex 309.00000000000006 22.79999999999991 -6.3856406460551005
    vertex 313.00000000000006 23.131370849898378 -6.1313708498984765
  endloop
endfacet
facet normal -2.8265940313916706e-16 -0.38268343236509483 -0.9238795325112846
  outer loop
    vertex 313.00000000000006 22.79999999999991 -3.6143593539449106
    vertex 313.00000000000006 22.41411047216394 -3.4545186779374975
    vertex 309.00000000000006 22.79999999999991 -3.614359353944906
  endloop
endfacet
facet normal -2.8265940313916706e-16 -0.38268343236509483 -0.9238795325112846
  outer loop
    vertex 309.00000000000006 22.41411047216394 -3.4545186779374975
    vertex 309.00000000000006 22.79999999999991 -3.614359353944906
    vertex 313.00000000000006 22.41411047216394 -3.4545186779374975
  endloop
endfacet
facet normal -2.18782004403916e-18 -0.9914448613738107 -0.1305261922200492
  outer loop
    vertex 309.00000000000006 23.599999999999895 -5.0000000000000036
    vertex 313.00000000000006 23.599999999999895 -5.000000000000003
    vertex 309.00000000000006 23.54548132206241 -4.58588952783597
  endloop
endfacet
facet normal -2.18782004403916e-18 -0.9914448613738107 -0.1305261922200492
  outer loop
    vertex 313.00000000000006 23.54548132206241 -4.58588952783597
    vertex 309.00000000000006 23.54548132206241 -4.58588952783597
    vertex 313.00000000000006 23.599999999999895 -5.000000000000003
  endloop
endfacet
facet normal -3.015980051688512e-17 -0.9238795325112854 -0.3826834323650934
  outer loop
    vertex 309.00000000000006 23.54548132206241 -4.58588952783597
    vertex 313.00000000000006 23.54548132206241 -4.58588952783597
    vertex 309.00000000000006 23.385640646055005 -4.200000000000005
  endloop
endfacet
facet normal -3.015980051688512e-17 -0.9238795325112854 -0.3826834323650934
  outer loop
    vertex 313.00000000000006 23.385640646055005 -4.200000000000005
    vertex 309.00000000000006 23.385640646055005 -4.200000000000005
    vertex 313.00000000000006 23.54548132206241 -4.58588952783597
  endloop
endfacet
facet normal 3.829084380509821e-19 -0.7933533402912377 -0.6087614290087172
  outer loop
    vertex 309.00000000000006 23.385640646055005 -4.200000000000005
    vertex 313.00000000000006 23.385640646055005 -4.200000000000005
    vertex 309.00000000000006 23.131370849898378 -3.8686291501015324
  endloop
endfacet
facet normal 3.829084380509821e-19 -0.7933533402912377 -0.6087614290087172
  outer loop
    vertex 313.00000000000006 23.131370849898378 -3.8686291501015324
    vertex 309.00000000000006 23.131370849898378 -3.8686291501015324
    vertex 313.00000000000006 23.385640646055005 -4.200000000000005
  endloop
endfacet
facet normal 4.192242756404951e-16 0.38268343236508745 0.9238795325112878
  outer loop
    vertex 313.00000000000006 21.19999999999991 -6.385640646055107
    vertex 313.00000000000006 21.585889527835878 -6.545481322062515
    vertex 309.00000000000006 21.1999999999999 -6.385640646055104
  endloop
endfacet
facet normal 4.192242756404951e-16 0.38268343236508745 0.9238795325112878
  outer loop
    vertex 309.00000000000006 21.585889527835878 -6.54548132206251
    vertex 309.00000000000006 21.1999999999999 -6.385640646055104
    vertex 313.00000000000006 21.585889527835878 -6.545481322062515
  endloop
endfacet
facet normal -2.4260251189053586e-17 0.9914448613738107 -0.13052619222004894
  outer loop
    vertex 313.00000000000006 20.3999999999999 -5.000000000000005
    vertex 309.00000000000006 20.3999999999999 -5.000000000000004
    vertex 313.00000000000006 20.454518677937397 -4.585889527835971
  endloop
endfacet
facet normal -2.4260251189053586e-17 0.9914448613738107 -0.13052619222004894
  outer loop
    vertex 309.00000000000006 20.454518677937397 -4.585889527835971
    vertex 313.00000000000006 20.454518677937397 -4.585889527835971
    vertex 309.00000000000006 20.3999999999999 -5.000000000000004
  endloop
endfacet
facet normal 2.1878200440392523e-18 0.9914448613738107 0.13052619222005007
  outer loop
    vertex 313.00000000000006 20.454518677937397 -5.414110472164035
    vertex 309.00000000000006 20.454518677937397 -5.414110472164035
    vertex 313.00000000000006 20.3999999999999 -5.000000000000005
  endloop
endfacet
facet normal 2.1878200440392523e-18 0.9914448613738107 0.13052619222005007
  outer loop
    vertex 309.00000000000006 20.3999999999999 -5.000000000000004
    vertex 313.00000000000006 20.3999999999999 -5.000000000000005
    vertex 309.00000000000006 20.454518677937397 -5.414110472164035
  endloop
endfacet
facet normal 2.1978526356730594e-16 0.9238795325112849 0.38268343236509444
  outer loop
    vertex 309.00000000000006 20.614359353944803 -5.800000000000003
    vertex 309.00000000000006 20.454518677937397 -5.414110472164035
    vertex 313.00000000000006 20.614359353944803 -5.800000000000002
  endloop
endfacet
facet normal 2.1978526356730594e-16 0.9238795325112849 0.38268343236509444
  outer loop
    vertex 313.00000000000006 20.454518677937397 -5.414110472164035
    vertex 313.00000000000006 20.614359353944803 -5.800000000000002
    vertex 309.00000000000006 20.454518677937397 -5.414110472164035
  endloop
endfacet
facet normal 1.237341329282177e-16 -0.7933533402912364 0.608761429008719
  outer loop
    vertex 309.00000000000006 23.131370849898378 -6.1313708498984765
    vertex 313.00000000000006 23.131370849898378 -6.1313708498984765
    vertex 309.00000000000006 23.385640646055005 -5.8000000000000025
  endloop
endfacet
facet normal 1.237341329282177e-16 -0.7933533402912364 0.608761429008719
  outer loop
    vertex 313.00000000000006 23.385640646055005 -5.800000000000003
    vertex 309.00000000000006 23.385640646055005 -5.8000000000000025
    vertex 313.00000000000006 23.131370849898378 -6.1313708498984765
  endloop
endfacet
facet normal 1.5110836556837118e-16 -0.9238795325112854 0.38268343236509306
  outer loop
    vertex 313.00000000000006 23.385640646055005 -5.800000000000003
    vertex 313.00000000000006 23.54548132206241 -5.414110472164038
    vertex 309.00000000000006 23.385640646055005 -5.8000000000000025
  endloop
endfacet
facet normal 1.5110836556837118e-16 -0.9238795325112854 0.38268343236509306
  outer loop
    vertex 309.00000000000006 23.54548132206241 -5.414110472164037
    vertex 309.00000000000006 23.385640646055005 -5.8000000000000025
    vertex 313.00000000000006 23.54548132206241 -5.414110472164038
  endloop
endfacet
facet normal -4.514697883524917e-17 0.3826834323650836 -0.9238795325112894
  outer loop
    vertex 313.00000000000006 21.585889527835878 -3.454518677937496
    vertex 313.00000000000006 21.19999999999991 -3.6143593539449004
    vertex 309.00000000000006 21.585889527835878 -3.454518677937496
  endloop
endfacet
facet normal -4.514697883524917e-17 0.3826834323650836 -0.9238795325112894
  outer loop
    vertex 309.00000000000006 21.19999999999991 -3.614359353944899
    vertex 309.00000000000006 21.585889527835878 -3.454518677937496
    vertex 313.00000000000006 21.19999999999991 -3.6143593539449004
  endloop
endfacet
facet normal 3.567287200660806e-17 -0.9914448613738107 0.1305261922200488
  outer loop
    vertex 313.00000000000006 23.54548132206241 -5.414110472164038
    vertex 313.00000000000006 23.599999999999895 -5.000000000000003
    vertex 309.00000000000006 23.54548132206241 -5.414110472164037
  endloop
endfacet
facet normal 3.567287200660806e-17 -0.9914448613738107 0.1305261922200488
  outer loop
    vertex 309.00000000000006 23.599999999999895 -5.0000000000000036
    vertex 309.00000000000006 23.54548132206241 -5.414110472164037
    vertex 313.00000000000006 23.599999999999895 -5.000000000000003
  endloop
endfacet
facet normal 1.1913815527555213e-16 0.7933533402912377 0.6087614290087172
  outer loop
    vertex 313.00000000000006 20.868629150101427 -6.1313708498984765
    vertex 309.00000000000006 20.868629150101427 -6.1313708498984765
    vertex 313.00000000000006 20.614359353944803 -5.800000000000002
  endloop
endfacet
facet normal 1.1913815527555213e-16 0.7933533402912377 0.6087614290087172
  outer loop
    vertex 309.00000000000006 20.614359353944803 -5.800000000000003
    vertex 313.00000000000006 20.614359353944803 -5.800000000000002
    vertex 309.00000000000006 20.868629150101427 -6.1313708498984765
  endloop
endfacet
facet normal -1.3896735412555984e-16 -0.6087614290087233 -0.7933533402912332
  outer loop
    vertex 313.00000000000006 23.131370849898378 -3.8686291501015324
    vertex 313.00000000000006 22.79999999999991 -3.6143593539449106
    vertex 309.00000000000006 23.131370849898378 -3.8686291501015324
  endloop
endfacet
facet normal -1.3896735412555984e-16 -0.6087614290087233 -0.7933533402912332
  outer loop
    vertex 309.00000000000006 22.79999999999991 -3.614359353944906
    vertex 309.00000000000006 23.131370849898378 -3.8686291501015324
    vertex 313.00000000000006 22.79999999999991 -3.6143593539449106
  endloop
endfacet
facet normal 5.731573633207474e-17 0.6087614290087193 -0.7933533402912363
  outer loop
    vertex 313.00000000000006 21.19999999999991 -3.6143593539449004
    vertex 313.00000000000006 20.868629150101427 -3.8686291501015293
    vertex 309.00000000000006 21.19999999999991 -3.614359353944899
  endloop
endfacet
facet normal 5.731573633207474e-17 0.6087614290087193 -0.7933533402912363
  outer loop
    vertex 309.00000000000006 20.868629150101427 -3.8686291501015293
    vertex 309.00000000000006 21.19999999999991 -3.614359353944899
    vertex 313.00000000000006 20.868629150101427 -3.8686291501015293
  endloop
endfacet
facet normal -1.7279432312780946e-17 0.7933533402912365 -0.608761429008719
  outer loop
    vertex 313.00000000000006 20.614359353944803 -4.200000000000004
    vertex 309.00000000000006 20.614359353944803 -4.200000000000004
    vertex 313.00000000000006 20.868629150101427 -3.8686291501015293
  endloop
endfacet
facet normal -1.7279432312780946e-17 0.7933533402912365 -0.608761429008719
  outer loop
    vertex 309.00000000000006 20.868629150101427 -3.8686291501015293
    vertex 313.00000000000006 20.868629150101427 -3.8686291501015293
    vertex 309.00000000000006 20.614359353944803 -4.200000000000004
  endloop
endfacet
facet normal -1.5594915191378325e-17 0.923879532511286 -0.38268343236509184
  outer loop
    vertex 313.00000000000006 20.454518677937397 -4.585889527835971
    vertex 309.00000000000006 20.454518677937397 -4.585889527835971
    vertex 313.00000000000006 20.614359353944803 -4.200000000000004
  endloop
endfacet
facet normal -1.5594915191378325e-17 0.923879532511286 -0.38268343236509184
  outer loop
    vertex 309.00000000000006 20.614359353944803 -4.200000000000004
    vertex 313.00000000000006 20.614359353944803 -4.200000000000004
    vertex 309.00000000000006 20.454518677937397 -4.585889527835971
  endloop
endfacet
facet normal -1.4330928055543656e-16 0.6087614290087189 0.7933533402912367
  outer loop
    vertex 313.00000000000006 20.868629150101427 -6.1313708498984765
    vertex 313.00000000000006 21.19999999999991 -6.385640646055107
    vertex 309.00000000000006 20.868629150101427 -6.1313708498984765
  endloop
endfacet
facet normal -1.4330928055543656e-16 0.6087614290087189 0.7933533402912367
  outer loop
    vertex 309.00000000000006 21.1999999999999 -6.385640646055104
    vertex 309.00000000000006 20.868629150101427 -6.1313708498984765
    vertex 313.00000000000006 21.19999999999991 -6.385640646055107
  endloop
endfacet
facet normal -1.0 -1.1131446641636449e-17 1.387778780781461e-17
  outer loop
    vertex 508.00000000000006 -9.235390230344364e-14 -10.000000000000034
    vertex 508.00000000000006 -9.235390230344364e-14 -3.524958103184872e-14
    vertex 508.00000000000006 116.84014742548747 -10.000000000000028
  endloop
endfacet
facet normal -1.0 -1.1131446641636449e-17 1.387778780781461e-17
  outer loop
    vertex 508.00000000000006 116.84014742548747 -3.101963130802687e-14
    vertex 508.00000000000006 116.84014742548747 -10.000000000000028
    vertex 508.00000000000006 -9.235390230344364e-14 -3.524958103184872e-14
  endloop
endfacet
facet normal -0.18428853505018536 -0.9828721869343219 -8.90076961586791e-16
  outer loop
    vertex 430.0 133.4999999999999 -2.9609648066752924e-14
    vertex 510.00000000000006 118.49999999999991 -3.101963130802687e-14
    vertex 430.0 133.4999999999999 5.999999999999966
  endloop
endfacet
facet normal -0.18428853505018536 -0.9828721869343219 -8.90076961586791e-16
  outer loop
    vertex 510.00000000000006 118.49999999999991 5.999999999999966
    vertex 430.0 133.4999999999999 5.999999999999966
    vertex 510.00000000000006 118.49999999999991 -3.101963130802687e-14
  endloop
endfacet
facet normal 1.0 1.1131446641636449e-17 -1.387778780781461e-17
  outer loop
    vertex 437.00000000000006 118.49999999999996 -2.8199664825478976e-14
    vertex 437.00000000000006 118.49999999999996 -10.000000000000028
    vertex 437.00000000000006 130.15264742548743 -3.242961454930082e-14
  endloop
endfacet
facet normal 1.0 1.1131446641636449e-17 -1.387778780781461e-17
  outer loop
    vertex 437.00000000000006 130.15264742548743 -10.000000000000032
    vertex 437.00000000000006 130.15264742548743 -3.242961454930082e-14
    vertex 437.00000000000006 118.49999999999996 -10.000000000000028
  endloop
endfacet
facet normal -0.1842885350501851 -0.9828721869343219 -3.676550304008693e-17
  outer loop
    vertex 508.00000000000006 116.84014742548747 -10.000000000000028
    vertex 444.0138834597538 128.8375442767836 -7.1500000000000306
    vertex 437.00000000000006 130.15264742548743 -10.000000000000032
  endloop
endfacet
facet normal -0.1842885350501851 -0.9828721869343219 -3.676550304008693e-17
  outer loop
    vertex 443.46695342341656 128.94009365859685 -7.076740526521523
    vertex 437.00000000000006 130.15264742548743 -10.000000000000032
    vertex 444.0138834597538 128.8375442767836 -7.1500000000000306
  endloop
endfacet
facet normal -0.1842885350501851 -0.9828721869343219 -3.676550304008693e-17
  outer loop
    vertex 442.9572957652111 129.0356544695104 -6.861954618136571
    vertex 437.00000000000006 130.15264742548743 -10.000000000000032
    vertex 443.46695342341656 128.94009365859685 -7.076740526521523
  endloop
endfacet
facet normal -0.1842885350501851 -0.9828721869343219 -3.676550304008693e-17
  outer loop
    vertex 442.5196428122949 129.11771439818216 -6.520279579551115
    vertex 437.00000000000006 130.15264742548743 -10.000000000000032
    vertex 442.9572957652111 129.0356544695104 -6.861954618136571
  endloop
endfacet
facet normal -0.1842885350501851 -0.9828721869343219 -3.676550304008693e-17
  outer loop
    vertex 437.00000000000006 130.15264742548743 -3.242961454930082e-14
    vertex 437.00000000000006 130.15264742548743 -10.000000000000032
    vertex 442.5196428122949 129.11771439818216 -6.520279579551115
  endloop
endfacet
facet normal -0.1842885350501851 -0.9828721869343219 -3.676550304008693e-17
  outer loop
    vertex 442.18381989015364 129.18068119608367 -6.075000000000036
    vertex 437.00000000000006 130.15264742548743 -3.242961454930082e-14
    vertex 442.5196428122949 129.11771439818216 -6.520279579551115
  endloop
endfacet
facet normal -0.1842885350501851 -0.9828721869343219 -3.676550304008693e-17
  outer loop
    vertex 441.9727127759576 129.2202637799954 -5.556460946970456
    vertex 437.00000000000006 130.15264742548743 -3.242961454930082e-14
    vertex 442.18381989015364 129.18068119608367 -6.075000000000036
  endloop
endfacet
facet normal -0.1842885350501851 -0.9828721869343219 -3.676550304008693e-17
  outer loop
    vertex 441.90070807066826 129.23376466223718 -5.000000000000033
    vertex 437.00000000000006 130.15264742548743 -3.242961454930082e-14
    vertex 441.9727127759576 129.2202637799954 -5.556460946970456
  endloop
endfacet
facet normal -0.1842885350501851 -0.9828721869343219 -3.676550304008693e-17
  outer loop
    vertex 441.9727127759576 129.22026377999546 -4.443539053029605
    vertex 437.00000000000006 130.15264742548743 -3.242961454930082e-14
    vertex 441.90070807066826 129.23376466223718 -5.000000000000033
  endloop
endfacet
facet normal -0.1842885350501851 -0.9828721869343219 -3.676550304008693e-17
  outer loop
    vertex 442.18381989015364 129.18068119608367 -3.9250000000000247
    vertex 437.00000000000006 130.15264742548743 -3.242961454930082e-14
    vertex 441.9727127759576 129.22026377999546 -4.443539053029605
  endloop
endfacet
facet normal -0.1842885350501851 -0.9828721869343219 -3.676550304008693e-17
  outer loop
    vertex 442.5196428122949 129.11771439818213 -3.4797204204489627
    vertex 437.00000000000006 130.15264742548743 -3.242961454930082e-14
    vertex 442.18381989015364 129.18068119608367 -3.9250000000000247
  endloop
endfacet
facet normal -0.1842885350501851 -0.9828721869343219 -3.676550304008693e-17
  outer loop
    vertex 442.9572957652111 129.0356544695104 -3.1380453818635003
    vertex 437.00000000000006 130.15264742548743 -3.242961454930082e-14
    vertex 442.5196428122949 129.11771439818213 -3.4797204204489627
  endloop
endfacet
facet normal -0.1842885350501851 -0.9828721869343219 -3.676550304008693e-17
  outer loop
    vertex 443.4669534234165 128.94009365859685 -2.9232594734785486
    vertex 437.00000000000006 130.15264742548743 -3.242961454930082e-14
    vertex 442.9572957652111 129.0356544695104 -3.1380453818635003
  endloop
endfacet
facet normal -0.1842885350501851 -0.9828721869343219 -3.676550304008693e-17
  outer loop
    vertex 444.0138834597538 128.8375442767836 -2.8500000000000427
    vertex 437.00000000000006 130.15264742548743 -3.242961454930082e-14
    vertex 443.4669534234165 128.94009365859685 -2.9232594734785486
  endloop
endfacet
facet normal -0.1842885350501851 -0.9828721869343219 -3.676550304008693e-17
  outer loop
    vertex 489.6070551218871 120.28882459013364 -2.850000000000026
    vertex 437.00000000000006 130.15264742548743 -3.242961454930082e-14
    vertex 444.0138834597538 128.8375442767836 -2.8500000000000427
  endloop
endfacet
facet normal -0.1842885350501851 -0.9828721869343219 -3.676550304008693e-17
  outer loop
    vertex 508.00000000000006 116.84014742548747 -3.101963130802687e-14
    vertex 490.1539851582244 120.1862752083204 -7.076740526521523
    vertex 508.00000000000006 116.84014742548747 -10.000000000000028
  endloop
endfacet
facet normal -0.1842885350501851 -0.9828721869343219 -3.676550304008693e-17
  outer loop
    vertex 489.6070551218871 120.28882459013364 -7.150000000000028
    vertex 508.00000000000006 116.84014742548747 -10.000000000000028
    vertex 490.1539851582244 120.1862752083204 -7.076740526521523
  endloop
endfacet
facet normal -0.1842885350501851 -0.9828721869343219 -3.676550304008693e-17
  outer loop
    vertex 444.0138834597538 128.8375442767836 -7.1500000000000306
    vertex 508.00000000000006 116.84014742548747 -10.000000000000028
    vertex 489.6070551218871 120.28882459013364 -7.150000000000028
  endloop
endfacet
facet normal -0.1842885350501851 -0.9828721869343219 -3.676550304008693e-17
  outer loop
    vertex 490.6636428164299 120.09071439740686 -6.8619546181365685
    vertex 490.1539851582244 120.1862752083204 -7.076740526521523
    vertex 508.00000000000006 116.84014742548747 -3.101963130802687e-14
  endloop
endfacet
facet normal -0.1842885350501851 -0.9828721869343219 -3.676550304008693e-17
  outer loop
    vertex 491.10129576934605 120.00865446873507 -6.5202795795511035
    vertex 490.6636428164299 120.09071439740686 -6.8619546181365685
    vertex 508.00000000000006 116.84014742548747 -3.101963130802687e-14
  endloop
endfacet
facet normal -0.1842885350501851 -0.9828721869343219 -3.676550304008693e-17
  outer loop
    vertex 491.4371186914873 119.94568767083364 -6.075000000000024
    vertex 491.10129576934605 120.00865446873507 -6.5202795795511035
    vertex 508.00000000000006 116.84014742548747 -3.101963130802687e-14
  endloop
endfacet
facet normal -0.1842885350501851 -0.9828721869343219 -3.676550304008693e-17
  outer loop
    vertex 491.64822580568324 119.90610508692188 -5.556460946970443
    vertex 491.4371186914873 119.94568767083364 -6.075000000000024
    vertex 508.00000000000006 116.84014742548747 -3.101963130802687e-14
  endloop
endfacet
facet normal -0.1842885350501851 -0.9828721869343219 -3.676550304008693e-17
  outer loop
    vertex 491.72023051097267 119.89260420468007 -5.000000000000023
    vertex 491.64822580568324 119.90610508692188 -5.556460946970443
    vertex 508.00000000000006 116.84014742548747 -3.101963130802687e-14
  endloop
endfacet
facet normal -0.1842885350501851 -0.9828721869343219 -3.676550304008693e-17
  outer loop
    vertex 491.64822580568324 119.90610508692184 -4.4435390530296015
    vertex 491.72023051097267 119.89260420468007 -5.000000000000023
    vertex 508.00000000000006 116.84014742548747 -3.101963130802687e-14
  endloop
endfacet
facet normal -0.1842885350501851 -0.9828721869343219 -3.676550304008693e-17
  outer loop
    vertex 491.4371186914873 119.94568767083359 -3.925000000000024
    vertex 491.64822580568324 119.90610508692184 -4.4435390530296015
    vertex 508.00000000000006 116.84014742548747 -3.101963130802687e-14
  endloop
endfacet
facet normal -0.1842885350501851 -0.9828721869343219 -3.676550304008693e-17
  outer loop
    vertex 491.10129576934605 120.00865446873507 -3.479720420448943
    vertex 491.4371186914873 119.94568767083359 -3.925000000000024
    vertex 508.00000000000006 116.84014742548747 -3.101963130802687e-14
  endloop
endfacet
facet normal -0.1842885350501851 -0.9828721869343219 -3.676550304008693e-17
  outer loop
    vertex 490.6636428164299 120.09071439740686 -3.138045381863475
    vertex 491.10129576934605 120.00865446873507 -3.479720420448943
    vertex 508.00000000000006 116.84014742548747 -3.101963130802687e-14
  endloop
endfacet
facet normal -0.1842885350501851 -0.9828721869343219 -3.676550304008693e-17
  outer loop
    vertex 490.1539851582244 120.1862752083204 -2.9232594734785287
    vertex 490.6636428164299 120.09071439740686 -3.138045381863475
    vertex 508.00000000000006 116.84014742548747 -3.101963130802687e-14
  endloop
endfacet
facet normal -0.1842885350501851 -0.9828721869343219 -3.676550304008693e-17
  outer loop
    vertex 489.6070551218871 120.28882459013364 -2.850000000000026
    vertex 490.1539851582244 120.1862752083204 -2.9232594734785287
    vertex 508.00000000000006 116.84014742548747 -3.101963130802687e-14
  endloop
endfacet
facet normal -0.1842885350501851 -0.9828721869343219 -3.676550304008693e-17
  outer loop
    vertex 437.00000000000006 130.15264742548743 -3.242961454930082e-14
    vertex 489.6070551218871 120.28882459013364 -2.850000000000026
    vertex 508.00000000000006 116.84014742548747 -3.101963130802687e-14
  endloop
endfacet
facet normal -0.1842885350501851 -0.9828721869343219 -3.676550304008693e-17
  outer loop
    vertex 444.0138834597538 128.8375442767836 -7.1500000000000306
    vertex 489.6070551218871 120.28882459013364 -7.150000000000028
    vertex 444.5608134960911 128.73499489497036 -7.076740526521526
  endloop
endfacet
facet normal -0.1842885350501851 -0.9828721869343219 -3.676550304008693e-17
  outer loop
    vertex 489.0601250855498 120.39137397194688 -7.076740526521516
    vertex 444.5608134960911 128.73499489497036 -7.076740526521526
    vertex 489.6070551218871 120.28882459013364 -7.150000000000028
  endloop
endfacet
facet normal -0.1842885350501851 -0.9828721869343219 -3.676550304008693e-17
  outer loop
    vertex 445.07047115429657 128.63943408405683 -6.861954618136571
    vertex 444.5608134960911 128.73499489497036 -7.076740526521526
    vertex 489.0601250855498 120.39137397194688 -7.076740526521516
  endloop
endfacet
facet normal -0.1842885350501851 -0.9828721869343219 -3.676550304008693e-17
  outer loop
    vertex 488.55046742734424 120.48693478286037 -6.861954618136563
    vertex 445.07047115429657 128.63943408405683 -6.861954618136571
    vertex 489.0601250855498 120.39137397194688 -7.076740526521516
  endloop
endfacet
facet normal -0.1842885350501851 -0.9828721869343219 -3.676550304008693e-17
  outer loop
    vertex 445.5081241072128 128.55737415538505 -6.520279579551098
    vertex 445.07047115429657 128.63943408405683 -6.861954618136571
    vertex 488.55046742734424 120.48693478286037 -6.861954618136563
  endloop
endfacet
facet normal -0.1842885350501851 -0.9828721869343219 -3.676550304008693e-17
  outer loop
    vertex 488.11281447442815 120.5689947115322 -6.5202795795511035
    vertex 445.5081241072128 128.55737415538505 -6.520279579551098
    vertex 488.55046742734424 120.48693478286037 -6.861954618136563
  endloop
endfacet
facet normal -0.1842885350501851 -0.9828721869343219 -3.676550304008693e-17
  outer loop
    vertex 487.7769915522869 120.6319615094337 -6.075000000000026
    vertex 445.5081241072128 128.55737415538505 -6.520279579551098
    vertex 488.11281447442815 120.5689947115322 -6.5202795795511035
  endloop
endfacet
facet normal -0.1842885350501851 -0.9828721869343219 -3.676550304008693e-17
  outer loop
    vertex 445.843947029354 128.4944073574836 -6.075000000000022
    vertex 445.5081241072128 128.55737415538505 -6.520279579551098
    vertex 487.7769915522869 120.6319615094337 -6.075000000000026
  endloop
endfacet
facet normal -0.1842885350501851 -0.9828721869343219 -3.676550304008693e-17
  outer loop
    vertex 487.56588443809085 120.67154409334545 -5.55646094697045
    vertex 445.843947029354 128.4944073574836 -6.075000000000022
    vertex 487.7769915522869 120.6319615094337 -6.075000000000026
  endloop
endfacet
facet normal -0.1842885350501851 -0.9828721869343219 -3.676550304008693e-17
  outer loop
    vertex 446.0550541435501 128.4548247735718 -5.556460946970447
    vertex 445.843947029354 128.4944073574836 -6.075000000000022
    vertex 487.56588443809085 120.67154409334545 -5.55646094697045
  endloop
endfacet
facet normal -0.1842885350501851 -0.9828721869343219 -3.676550304008693e-17
  outer loop
    vertex 487.49387973280153 120.68504497558716 -5.000000000000023
    vertex 446.0550541435501 128.4548247735718 -5.556460946970447
    vertex 487.56588443809085 120.67154409334545 -5.55646094697045
  endloop
endfacet
facet normal -0.1842885350501851 -0.9828721869343219 -3.676550304008693e-17
  outer loop
    vertex 446.1270588488394 128.44132389133003 -5.00000000000003
    vertex 446.0550541435501 128.4548247735718 -5.556460946970447
    vertex 487.49387973280153 120.68504497558716 -5.000000000000023
  endloop
endfacet
facet normal -0.1842885350501851 -0.9828721869343219 -3.676550304008693e-17
  outer loop
    vertex 446.0550541435501 128.4548247735718 -4.443539053029609
    vertex 446.1270588488394 128.44132389133003 -5.00000000000003
    vertex 487.49387973280153 120.68504497558716 -5.000000000000023
  endloop
endfacet
facet normal -0.1842885350501851 -0.9828721869343219 -3.676550304008693e-17
  outer loop
    vertex 487.56588443809085 120.67154409334545 -4.443539053029607
    vertex 446.0550541435501 128.4548247735718 -4.443539053029609
    vertex 487.49387973280153 120.68504497558716 -5.000000000000023
  endloop
endfacet
facet normal -0.1842885350501851 -0.9828721869343219 -3.676550304008693e-17
  outer loop
    vertex 445.843947029354 128.49440735748357 -3.9250000000000296
    vertex 446.0550541435501 128.4548247735718 -4.443539053029609
    vertex 487.56588443809085 120.67154409334545 -4.443539053029607
  endloop
endfacet
facet normal -0.1842885350501851 -0.9828721869343219 -3.676550304008693e-17
  outer loop
    vertex 487.7769915522869 120.63196150943364 -3.925000000000023
    vertex 445.843947029354 128.49440735748357 -3.9250000000000296
    vertex 487.56588443809085 120.67154409334545 -4.443539053029607
  endloop
endfacet
facet normal -0.1842885350501851 -0.9828721869343219 -3.676550304008693e-17
  outer loop
    vertex 445.5081241072128 128.55737415538505 -3.4797204204489574
    vertex 445.843947029354 128.49440735748357 -3.9250000000000296
    vertex 487.7769915522869 120.63196150943364 -3.925000000000023
  endloop
endfacet
facet normal -0.1842885350501851 -0.9828721869343219 -3.676550304008693e-17
  outer loop
    vertex 488.11281447442815 120.5689947115322 -3.4797204204489574
    vertex 445.5081241072128 128.55737415538505 -3.4797204204489574
    vertex 487.7769915522869 120.63196150943364 -3.925000000000023
  endloop
endfacet
facet normal -0.1842885350501851 -0.9828721869343219 -3.676550304008693e-17
  outer loop
    vertex 445.07047115429657 128.63943408405686 -3.1380453818634866
    vertex 445.5081241072128 128.55737415538505 -3.4797204204489574
    vertex 488.11281447442815 120.5689947115322 -3.4797204204489574
  endloop
endfacet
facet normal -0.1842885350501851 -0.9828721869343219 -3.676550304008693e-17
  outer loop
    vertex 488.55046742734436 120.48693478286043 -3.1380453818634866
    vertex 445.07047115429657 128.63943408405686 -3.1380453818634866
    vertex 488.11281447442815 120.5689947115322 -3.4797204204489574
  endloop
endfacet
facet normal -0.1842885350501851 -0.9828721869343219 -3.676550304008693e-17
  outer loop
    vertex 444.5608134960911 128.73499489497036 -2.9232594734785344
    vertex 445.07047115429657 128.63943408405686 -3.1380453818634866
    vertex 488.55046742734436 120.48693478286043 -3.1380453818634866
  endloop
endfacet
facet normal -0.1842885350501851 -0.9828721869343219 -3.676550304008693e-17
  outer loop
    vertex 489.0601250855498 120.39137397194688 -2.9232594734785287
    vertex 444.5608134960911 128.73499489497036 -2.9232594734785344
    vertex 488.55046742734436 120.48693478286043 -3.1380453818634866
  endloop
endfacet
facet normal -0.1842885350501851 -0.9828721869343219 -3.676550304008693e-17
  outer loop
    vertex 444.0138834597538 128.8375442767836 -2.8500000000000427
    vertex 444.5608134960911 128.73499489497036 -2.9232594734785344
    vertex 489.0601250855498 120.39137397194688 -2.9232594734785287
  endloop
endfacet
facet normal -0.1842885350501851 -0.9828721869343219 -3.676550304008693e-17
  outer loop
    vertex 489.6070551218871 120.28882459013364 -2.850000000000026
    vertex 444.0138834597538 128.8375442767836 -2.8500000000000427
    vertex 489.0601250855498 120.39137397194688 -2.9232594734785287
  endloop
endfacet
facet normal 1.9705071115305446e-17 -2.638355100490277e-17 1.0
  outer loop
    vertex 326.00000000000006 128.4999999999999 -2.9609648066752924e-14
    vertex 322.0767405265216 113.4435390530295 -2.9609648066752924e-14
    vertex 326.00000000000006 108.19999999999992 -2.9609648066752924e-14
  endloop
endfacet
facet normal 1.9705071115305446e-17 -2.638355100490277e-17 1.0
  outer loop
    vertex 321.8619546181366 112.92499999999997 -2.9609648066752924e-14
    vertex 326.00000000000006 108.19999999999992 -2.9609648066752924e-14
    vertex 322.0767405265216 113.4435390530295 -2.9609648066752924e-14
  endloop
endfacet
facet normal 1.9705071115305446e-17 -2.638355100490277e-17 1.0
  outer loop
    vertex 321.52027957955113 112.47972042044887 -2.9609648066752924e-14
    vertex 326.00000000000006 108.19999999999992 -2.9609648066752924e-14
    vertex 321.8619546181366 112.92499999999997 -2.9609648066752924e-14
  endloop
endfacet
facet normal 1.9705071115305446e-17 -2.638355100490277e-17 1.0
  outer loop
    vertex 321.07500000000005 112.13804538186339 -2.9609648066752924e-14
    vertex 326.00000000000006 108.19999999999992 -2.9609648066752924e-14
    vertex 321.52027957955113 112.47972042044887 -2.9609648066752924e-14
  endloop
endfacet
facet normal 1.9705071115305446e-17 -2.638355100490277e-17 1.0
  outer loop
    vertex 313.00000000000006 108.19999999999992 -2.9609648066752924e-14
    vertex 326.00000000000006 108.19999999999992 -2.9609648066752924e-14
    vertex 321.07500000000005 112.13804538186339 -2.9609648066752924e-14
  endloop
endfacet
facet normal 1.9705071115305446e-17 -2.638355100490277e-17 1.0
  outer loop
    vertex 322.15000000000003 113.99999999999994 -2.9609648066752924e-14
    vertex 322.0767405265216 113.4435390530295 -2.9609648066752924e-14
    vertex 326.00000000000006 128.4999999999999 -2.9609648066752924e-14
  endloop
endfacet
facet normal 1.9705071115305446e-17 -2.638355100490277e-17 1.0
  outer loop
    vertex 320.5564609469705 111.92325947347847 -2.9609648066752924e-14
    vertex 313.00000000000006 108.19999999999992 -2.9609648066752924e-14
    vertex 321.07500000000005 112.13804538186339 -2.9609648066752924e-14
  endloop
endfacet
facet normal 1.9705071115305446e-17 -2.638355100490277e-17 1.0
  outer loop
    vertex 320.00000000000006 111.84999999999994 -2.9609648066752924e-14
    vertex 313.00000000000006 108.19999999999992 -2.9609648066752924e-14
    vertex 320.5564609469705 111.92325947347847 -2.9609648066752924e-14
  endloop
endfacet
facet normal 1.9705071115305446e-17 -2.638355100490277e-17 1.0
  outer loop
    vertex 319.44353905302967 111.92325947347847 -2.9609648066752924e-14
    vertex 313.00000000000006 108.19999999999992 -2.9609648066752924e-14
    vertex 320.00000000000006 111.84999999999994 -2.9609648066752924e-14
  endloop
endfacet
facet normal 1.9705071115305446e-17 -2.638355100490277e-17 1.0
  outer loop
    vertex 318.92500000000007 112.13804538186339 -2.9609648066752924e-14
    vertex 313.00000000000006 108.19999999999992 -2.9609648066752924e-14
    vertex 319.44353905302967 111.92325947347847 -2.9609648066752924e-14
  endloop
endfacet
facet normal 1.9705071115305446e-17 -2.638355100490277e-17 1.0
  outer loop
    vertex 318.479720420449 112.47972042044887 -2.9609648066752924e-14
    vertex 313.00000000000006 108.19999999999992 -2.9609648066752924e-14
    vertex 318.92500000000007 112.13804538186339 -2.9609648066752924e-14
  endloop
endfacet
facet normal 1.9705071115305446e-17 -2.638355100490277e-17 1.0
  outer loop
    vertex 318.13804538186355 112.92499999999997 -2.9609648066752924e-14
    vertex 313.00000000000006 108.19999999999992 -2.9609648066752924e-14
    vertex 318.479720420449 112.47972042044887 -2.9609648066752924e-14
  endloop
endfacet
facet normal 1.9705071115305446e-17 -2.638355100490277e-17 1.0
  outer loop
    vertex 317.92325947347854 113.44353905302954 -2.9609648066752924e-14
    vertex 313.00000000000006 108.19999999999992 -2.9609648066752924e-14
    vertex 318.13804538186355 112.92499999999997 -2.9609648066752924e-14
  endloop
endfacet
facet normal 1.9705071115305446e-17 -2.638355100490277e-17 1.0
  outer loop
    vertex 317.8500000000001 113.99999999999994 -2.9609648066752924e-14
    vertex 313.00000000000006 108.19999999999992 -2.9609648066752924e-14
    vertex 317.92325947347854 113.44353905302954 -2.9609648066752924e-14
  endloop
endfacet
facet normal 1.9705071115305446e-17 -2.638355100490277e-17 1.0
  outer loop
    vertex 447.0000000000001 12.799999999999907 -3.3839597790574766e-14
    vertex 431.07500000000016 5.138045381863363 -3.3839597790574766e-14
    vertex 447.0000000000001 -9.305889392408061e-14 -3.3839597790574766e-14
  endloop
endfacet
facet normal 1.9705071115305446e-17 -2.638355100490277e-17 1.0
  outer loop
    vertex 430.5564609469705 4.923259473478416 -3.3839597790574766e-14
    vertex 447.0000000000001 -9.305889392408061e-14 -3.3839597790574766e-14
    vertex 431.07500000000016 5.138045381863363 -3.3839597790574766e-14
  endloop
endfacet
facet normal 1.9705071115305446e-17 -2.638355100490277e-17 1.0
  outer loop
    vertex 430.0000000000001 4.849999999999897 -3.3839597790574766e-14
    vertex 447.0000000000001 -9.305889392408061e-14 -3.3839597790574766e-14
    vertex 430.5564609469705 4.923259473478416 -3.3839597790574766e-14
  endloop
endfacet
facet normal 1.9705071115305446e-17 -2.638355100490277e-17 1.0
  outer loop
    vertex 310.00000000000006 -9.446887716535457e-14 -3.101963130802687e-14
    vertex 447.0000000000001 -9.305889392408061e-14 -3.3839597790574766e-14
    vertex 430.0000000000001 4.849999999999897 -3.3839597790574766e-14
  endloop
endfacet
facet normal 1.9705071115305446e-17 -2.638355100490277e-17 1.0
  outer loop
    vertex 431.5202795795512 5.479720420448823 -3.3839597790574766e-14
    vertex 431.07500000000016 5.138045381863363 -3.3839597790574766e-14
    vertex 447.0000000000001 12.799999999999907 -3.3839597790574766e-14
  endloop
endfacet
facet normal 1.9705071115305446e-17 -2.638355100490277e-17 1.0
  outer loop
    vertex 431.8619546181366 5.924999999999898 -3.3839597790574766e-14
    vertex 431.5202795795512 5.479720420448823 -3.3839597790574766e-14
    vertex 447.0000000000001 12.799999999999907 -3.3839597790574766e-14
  endloop
endfacet
facet normal 1.9705071115305446e-17 -2.638355100490277e-17 1.0
  outer loop
    vertex 432.0767405265216 6.443539053029478 -3.3839597790574766e-14
    vertex 431.8619546181366 5.924999999999898 -3.3839597790574766e-14
    vertex 447.0000000000001 12.799999999999907 -3.3839597790574766e-14
  endloop
endfacet
facet normal 1.9705071115305446e-17 -2.638355100490277e-17 1.0
  outer loop
    vertex 432.1500000000001 6.999999999999904 -3.3839597790574766e-14
    vertex 432.0767405265216 6.443539053029478 -3.3839597790574766e-14
    vertex 447.0000000000001 12.799999999999907 -3.3839597790574766e-14
  endloop
endfacet
facet normal 1.9705071115305446e-17 -2.638355100490277e-17 1.0
  outer loop
    vertex 429.4435390530297 4.923259473478399 -3.3839597790574766e-14
    vertex 310.00000000000006 -9.446887716535457e-14 -3.101963130802687e-14
    vertex 430.0000000000001 4.849999999999897 -3.3839597790574766e-14
  endloop
endfacet
facet normal 1.9705071115305446e-17 -2.638355100490277e-17 1.0
  outer loop
    vertex 428.92500000000007 5.13804538186334 -3.3839597790574766e-14
    vertex 310.00000000000006 -9.446887716535457e-14 -3.101963130802687e-14
    vertex 429.4435390530297 4.923259473478399 -3.3839597790574766e-14
  endloop
endfacet
facet normal 1.9705071115305446e-17 -2.638355100490277e-17 1.0
  outer loop
    vertex 428.47972042044904 5.4797204204488255 -3.3839597790574766e-14
    vertex 310.00000000000006 -9.446887716535457e-14 -3.101963130802687e-14
    vertex 428.92500000000007 5.13804538186334 -3.3839597790574766e-14
  endloop
endfacet
facet normal 1.9705071115305446e-17 -2.638355100490277e-17 1.0
  outer loop
    vertex 428.1380453818635 5.924999999999903 -3.3839597790574766e-14
    vertex 310.00000000000006 -9.446887716535457e-14 -3.101963130802687e-14
    vertex 428.47972042044904 5.4797204204488255 -3.3839597790574766e-14
  endloop
endfacet
facet normal 1.9705071115305446e-17 -2.638355100490277e-17 1.0
  outer loop
    vertex 423.0 5.999999999999906 -3.3839597790574766e-14
    vertex 310.00000000000006 -9.446887716535457e-14 -3.101963130802687e-14
    vertex 428.1380453818635 5.924999999999903 -3.3839597790574766e-14
  endloop
endfacet
facet normal 1.9705071115305446e-17 -2.638355100490277e-17 1.0
  outer loop
    vertex 427.92325947347854 6.443539053029482 -3.3839597790574766e-14
    vertex 423.0 5.999999999999906 -3.3839597790574766e-14
    vertex 428.1380453818635 5.924999999999903 -3.3839597790574766e-14
  endloop
endfacet
facet normal 1.9705071115305446e-17 -2.638355100490277e-17 1.0
  outer loop
    vertex 427.8500000000001 6.999999999999909 -3.3839597790574766e-14
    vertex 423.0 5.999999999999906 -3.3839597790574766e-14
    vertex 427.92325947347854 6.443539053029482 -3.3839597790574766e-14
  endloop
endfacet
facet normal 1.9705071115305446e-17 -2.638355100490277e-17 1.0
  outer loop
    vertex 320.5564609469705 3.92325947347842 -3.101963130802687e-14
    vertex 310.00000000000006 -9.446887716535457e-14 -3.101963130802687e-14
    vertex 423.0 5.999999999999906 -3.3839597790574766e-14
  endloop
endfacet
facet normal 1.9705071115305446e-17 -2.638355100490277e-17 1.0
  outer loop
    vertex 326.00000000000006 5.999999999999906 -3.101963130802687e-14
    vertex 320.5564609469705 3.92325947347842 -3.101963130802687e-14
    vertex 423.0 5.999999999999906 -3.3839597790574766e-14
  endloop
endfacet
facet normal 1.9705071115305446e-17 -2.638355100490277e-17 1.0
  outer loop
    vertex 321.07500000000005 4.138045381863375 -3.101963130802687e-14
    vertex 320.5564609469705 3.92325947347842 -3.101963130802687e-14
    vertex 326.00000000000006 5.999999999999906 -3.101963130802687e-14
  endloop
endfacet
facet normal 1.9705071115305446e-17 -2.638355100490277e-17 1.0
  outer loop
    vertex 321.52027957955113 4.47972042044884 -3.101963130802687e-14
    vertex 321.07500000000005 4.138045381863375 -3.101963130802687e-14
    vertex 326.00000000000006 5.999999999999906 -3.101963130802687e-14
  endloop
endfacet
facet normal 1.9705071115305446e-17 -2.638355100490277e-17 1.0
  outer loop
    vertex 321.8619546181366 4.924999999999915 -3.101963130802687e-14
    vertex 321.52027957955113 4.47972042044884 -3.101963130802687e-14
    vertex 326.00000000000006 5.999999999999906 -3.101963130802687e-14
  endloop
endfacet
facet normal 1.9705071115305446e-17 -2.638355100490277e-17 1.0
  outer loop
    vertex 326.00000000000006 11.999999999999902 -3.101963130802687e-14
    vertex 321.8619546181366 4.924999999999915 -3.101963130802687e-14
    vertex 326.00000000000006 5.999999999999906 -3.101963130802687e-14
  endloop
endfacet
facet normal 1.9705071115305446e-17 -2.638355100490277e-17 1.0
  outer loop
    vertex 322.0767405265216 5.443539053029497 -3.101963130802687e-14
    vertex 321.8619546181366 4.924999999999915 -3.101963130802687e-14
    vertex 326.00000000000006 11.999999999999902 -3.101963130802687e-14
  endloop
endfacet
facet normal 1.9705071115305446e-17 -2.638355100490277e-17 1.0
  outer loop
    vertex 322.1500000000001 5.999999999999917 -3.101963130802687e-14
    vertex 322.0767405265216 5.443539053029497 -3.101963130802687e-14
    vertex 326.00000000000006 11.999999999999902 -3.101963130802687e-14
  endloop
endfacet
facet normal 1.9705071115305446e-17 -2.638355100490277e-17 1.0
  outer loop
    vertex 320.00000000000006 3.8499999999999166 -3.101963130802687e-14
    vertex 310.00000000000006 -9.446887716535457e-14 -3.101963130802687e-14
    vertex 320.5564609469705 3.92325947347842 -3.101963130802687e-14
  endloop
endfacet
facet normal 1.9705071115305446e-17 -2.638355100490277e-17 1.0
  outer loop
    vertex 319.44353905302967 3.92325947347842 -3.101963130802687e-14
    vertex 310.00000000000006 -9.446887716535457e-14 -3.101963130802687e-14
    vertex 320.00000000000006 3.8499999999999166 -3.101963130802687e-14
  endloop
endfacet
facet normal 1.9705071115305446e-17 -2.638355100490277e-17 1.0
  outer loop
    vertex 318.92500000000007 4.138045381863375 -3.101963130802687e-14
    vertex 310.00000000000006 -9.446887716535457e-14 -3.101963130802687e-14
    vertex 319.44353905302967 3.92325947347842 -3.101963130802687e-14
  endloop
endfacet
facet normal 1.9705071115305446e-17 -2.638355100490277e-17 1.0
  outer loop
    vertex 318.479720420449 4.47972042044884 -3.101963130802687e-14
    vertex 310.00000000000006 -9.446887716535457e-14 -3.101963130802687e-14
    vertex 318.92500000000007 4.138045381863375 -3.101963130802687e-14
  endloop
endfacet
facet normal 1.9705071115305446e-17 -2.638355100490277e-17 1.0
  outer loop
    vertex 318.13804538186355 4.924999999999915 -3.101963130802687e-14
    vertex 310.00000000000006 -9.446887716535457e-14 -3.101963130802687e-14
    vertex 318.479720420449 4.47972042044884 -3.101963130802687e-14
  endloop
endfacet
facet normal 1.9705071115305446e-17 -2.638355100490277e-17 1.0
  outer loop
    vertex 317.92325947347854 5.443539053029496 -3.101963130802687e-14
    vertex 310.00000000000006 -9.446887716535457e-14 -3.101963130802687e-14
    vertex 318.13804538186355 4.924999999999915 -3.101963130802687e-14
  endloop
endfacet
facet normal 1.9705071115305446e-17 -2.638355100490277e-17 1.0
  outer loop
    vertex 317.8500000000001 5.999999999999918 -3.101963130802687e-14
    vertex 310.00000000000006 -9.446887716535457e-14 -3.101963130802687e-14
    vertex 317.92325947347854 5.443539053029496 -3.101963130802687e-14
  endloop
endfacet
facet normal 1.9705071115305446e-17 -2.638355100490277e-17 1.0
  outer loop
    vertex 313.00000000000006 11.999999999999904 -3.101963130802687e-14
    vertex 310.00000000000006 -9.446887716535457e-14 -3.101963130802687e-14
    vertex 317.8500000000001 5.999999999999918 -3.101963130802687e-14
  endloop
endfacet
facet normal 1.9705071115305446e-17 -2.638355100490277e-17 1.0
  outer loop
    vertex 313.00000000000006 108.19999999999992 -2.9609648066752924e-14
    vertex 310.00000000000006 -9.446887716535457e-14 -3.101963130802687e-14
    vertex 313.00000000000006 11.999999999999904 -3.101963130802687e-14
  endloop
endfacet
facet normal 1.9705071115305446e-17 -2.638355100490277e-17 1.0
  outer loop
    vertex 510.00000000000006 -9.235390230344364e-14 -3.524958103184872e-14
    vertex 510.00000000000006 118.49999999999991 -3.101963130802687e-14
    vertex 508.00000000000006 -9.235390230344364e-14 -3.524958103184872e-14
  endloop
endfacet
facet normal 1.9705071115305446e-17 -2.638355100490277e-17 1.0
  outer loop
    vertex 508.00000000000006 116.84014742548747 -3.101963130802687e-14
    vertex 508.00000000000006 -9.235390230344364e-14 -3.524958103184872e-14
    vertex 510.00000000000006 118.49999999999991 -3.101963130802687e-14
  endloop
endfacet
facet normal 1.9705071115305446e-17 -2.638355100490277e-17 1.0
  outer loop
    vertex 430.0 133.4999999999999 -2.9609648066752924e-14
    vertex 508.00000000000006 116.84014742548747 -3.101963130802687e-14
    vertex 510.00000000000006 118.49999999999991 -3.101963130802687e-14
  endloop
endfacet
facet normal 1.9705071115305446e-17 -2.638355100490277e-17 1.0
  outer loop
    vertex 437.00000000000006 130.15264742548743 -3.242961454930082e-14
    vertex 508.00000000000006 116.84014742548747 -3.101963130802687e-14
    vertex 430.0 133.4999999999999 -2.9609648066752924e-14
  endloop
endfacet
facet normal 1.9705071115305446e-17 -2.638355100490277e-17 1.0
  outer loop
    vertex 431.8619546181366 129.57499999999834 -3.242961454930082e-14
    vertex 437.00000000000006 130.15264742548743 -3.242961454930082e-14
    vertex 430.0 133.4999999999999 -2.9609648066752924e-14
  endloop
endfacet
facet normal 1.9705071115305446e-17 -2.638355100490277e-17 1.0
  outer loop
    vertex 432.0767405265216 129.0564609469687 -3.242961454930082e-14
    vertex 437.00000000000006 130.15264742548743 -3.242961454930082e-14
    vertex 431.8619546181366 129.57499999999834 -3.242961454930082e-14
  endloop
endfacet
facet normal 1.9705071115305446e-17 -2.638355100490277e-17 1.0
  outer loop
    vertex 432.1500000000001 128.49999999999827 -3.242961454930082e-14
    vertex 437.00000000000006 130.15264742548743 -3.242961454930082e-14
    vertex 432.0767405265216 129.0564609469687 -3.242961454930082e-14
  endloop
endfacet
facet normal 1.9705071115305446e-17 -2.638355100490277e-17 1.0
  outer loop
    vertex 431.5202795795512 130.02027957954937 -3.242961454930082e-14
    vertex 431.8619546181366 129.57499999999834 -3.242961454930082e-14
    vertex 430.0 133.4999999999999 -2.9609648066752924e-14
  endloop
endfacet
facet normal 1.9705071115305446e-17 -2.638355100490277e-17 1.0
  outer loop
    vertex 431.07500000000016 130.36195461813483 -3.242961454930082e-14
    vertex 431.5202795795512 130.02027957954937 -3.242961454930082e-14
    vertex 430.0 133.4999999999999 -2.9609648066752924e-14
  endloop
endfacet
facet normal 1.9705071115305446e-17 -2.638355100490277e-17 1.0
  outer loop
    vertex 430.5564609469705 130.5767405265198 -3.242961454930082e-14
    vertex 431.07500000000016 130.36195461813483 -3.242961454930082e-14
    vertex 430.0 133.4999999999999 -2.9609648066752924e-14
  endloop
endfacet
facet normal 1.9705071115305446e-17 -2.638355100490277e-17 1.0
  outer loop
    vertex 430.0000000000001 130.64999999999833 -2.9609648066752924e-14
    vertex 430.5564609469705 130.5767405265198 -3.242961454930082e-14
    vertex 430.0 133.4999999999999 -2.9609648066752924e-14
  endloop
endfacet
facet normal 1.9705071115305446e-17 -2.638355100490277e-17 1.0
  outer loop
    vertex 429.4435390530296 130.5767405265198 -2.9609648066752924e-14
    vertex 430.0000000000001 130.64999999999833 -2.9609648066752924e-14
    vertex 430.0 133.4999999999999 -2.9609648066752924e-14
  endloop
endfacet
facet normal 1.9705071115305446e-17 -2.638355100490277e-17 1.0
  outer loop
    vertex 310.00000000000006 133.4999999999999 -2.8199664825478976e-14
    vertex 429.4435390530296 130.5767405265198 -2.9609648066752924e-14
    vertex 430.0 133.4999999999999 -2.9609648066752924e-14
  endloop
endfacet
facet normal 1.9705071115305446e-17 -2.638355100490277e-17 1.0
  outer loop
    vertex 428.92500000000007 130.36195461813486 -2.9609648066752924e-14
    vertex 429.4435390530296 130.5767405265198 -2.9609648066752924e-14
    vertex 310.00000000000006 133.4999999999999 -2.8199664825478976e-14
  endloop
endfacet
facet normal 1.9705071115305446e-17 -2.638355100490277e-17 1.0
  outer loop
    vertex 428.47972042044904 130.0202795795494 -2.9609648066752924e-14
    vertex 428.92500000000007 130.36195461813486 -2.9609648066752924e-14
    vertex 310.00000000000006 133.4999999999999 -2.8199664825478976e-14
  endloop
endfacet
facet normal 1.9705071115305446e-17 -2.638355100490277e-17 1.0
  outer loop
    vertex 428.1380453818636 129.57499999999834 -2.9609648066752924e-14
    vertex 428.47972042044904 130.0202795795494 -2.9609648066752924e-14
    vertex 310.00000000000006 133.4999999999999 -2.8199664825478976e-14
  endloop
endfacet
facet normal 1.9705071115305446e-17 -2.638355100490277e-17 1.0
  outer loop
    vertex 427.92325947347865 129.0564609469687 -2.9609648066752924e-14
    vertex 428.1380453818636 129.57499999999834 -2.9609648066752924e-14
    vertex 310.00000000000006 133.4999999999999 -2.8199664825478976e-14
  endloop
endfacet
facet normal 1.9705071115305446e-17 -2.638355100490277e-17 1.0
  outer loop
    vertex 427.85000000000014 128.49999999999827 -3.242961454930082e-14
    vertex 427.92325947347865 129.0564609469687 -2.9609648066752924e-14
    vertex 310.00000000000006 133.4999999999999 -2.8199664825478976e-14
  endloop
endfacet
facet normal 1.9705071115305446e-17 -2.638355100490277e-17 1.0
  outer loop
    vertex 423.0 128.4999999999999 -2.8199664825478976e-14
    vertex 427.85000000000014 128.49999999999827 -3.242961454930082e-14
    vertex 310.00000000000006 133.4999999999999 -2.8199664825478976e-14
  endloop
endfacet
facet normal 1.9705071115305446e-17 -2.638355100490277e-17 1.0
  outer loop
    vertex 423.0 118.49999999999996 -2.5379698342931078e-14
    vertex 427.85000000000014 128.49999999999827 -3.242961454930082e-14
    vertex 423.0 128.4999999999999 -2.8199664825478976e-14
  endloop
endfacet
facet normal 1.9705071115305446e-17 -2.638355100490277e-17 1.0
  outer loop
    vertex 326.00000000000006 128.4999999999999 -2.9609648066752924e-14
    vertex 423.0 128.4999999999999 -2.8199664825478976e-14
    vertex 310.00000000000006 133.4999999999999 -2.8199664825478976e-14
  endloop
endfacet
facet normal 1.9705071115305446e-17 -2.638355100490277e-17 1.0
  outer loop
    vertex 321.8619546181366 115.07500000000002 -2.9609648066752924e-14
    vertex 326.00000000000006 128.4999999999999 -2.9609648066752924e-14
    vertex 310.00000000000006 133.4999999999999 -2.8199664825478976e-14
  endloop
endfacet
facet normal 1.9705071115305446e-17 -2.638355100490277e-17 1.0
  outer loop
    vertex 322.0767405265215 114.5564609469704 -2.9609648066752924e-14
    vertex 326.00000000000006 128.4999999999999 -2.9609648066752924e-14
    vertex 321.8619546181366 115.07500000000002 -2.9609648066752924e-14
  endloop
endfacet
facet normal 1.9705071115305446e-17 -2.638355100490277e-17 1.0
  outer loop
    vertex 322.15000000000003 113.99999999999994 -2.9609648066752924e-14
    vertex 326.00000000000006 128.4999999999999 -2.9609648066752924e-14
    vertex 322.0767405265215 114.5564609469704 -2.9609648066752924e-14
  endloop
endfacet
facet normal 1.9705071115305446e-17 -2.638355100490277e-17 1.0
  outer loop
    vertex 321.52027957955113 115.52027957955103 -2.9609648066752924e-14
    vertex 321.8619546181366 115.07500000000002 -2.9609648066752924e-14
    vertex 310.00000000000006 133.4999999999999 -2.8199664825478976e-14
  endloop
endfacet
facet normal 1.9705071115305446e-17 -2.638355100490277e-17 1.0
  outer loop
    vertex 321.07500000000005 115.86195461813651 -2.9609648066752924e-14
    vertex 321.52027957955113 115.52027957955103 -2.9609648066752924e-14
    vertex 310.00000000000006 133.4999999999999 -2.8199664825478976e-14
  endloop
endfacet
facet normal 1.9705071115305446e-17 -2.638355100490277e-17 1.0
  outer loop
    vertex 320.5564609469705 116.07674052652148 -2.9609648066752924e-14
    vertex 321.07500000000005 115.86195461813651 -2.9609648066752924e-14
    vertex 310.00000000000006 133.4999999999999 -2.8199664825478976e-14
  endloop
endfacet
facet normal 1.9705071115305446e-17 -2.638355100490277e-17 1.0
  outer loop
    vertex 320.00000000000006 116.14999999999996 -2.9609648066752924e-14
    vertex 320.5564609469705 116.07674052652148 -2.9609648066752924e-14
    vertex 310.00000000000006 133.4999999999999 -2.8199664825478976e-14
  endloop
endfacet
facet normal 1.9705071115305446e-17 -2.638355100490277e-17 1.0
  outer loop
    vertex 319.44353905302967 116.07674052652148 -2.9609648066752924e-14
    vertex 320.00000000000006 116.14999999999996 -2.9609648066752924e-14
    vertex 310.00000000000006 133.4999999999999 -2.8199664825478976e-14
  endloop
endfacet
facet normal 1.9705071115305446e-17 -2.638355100490277e-17 1.0
  outer loop
    vertex 318.92500000000007 115.86195461813651 -2.9609648066752924e-14
    vertex 319.44353905302967 116.07674052652148 -2.9609648066752924e-14
    vertex 310.00000000000006 133.4999999999999 -2.8199664825478976e-14
  endloop
endfacet
facet normal 1.9705071115305446e-17 -2.638355100490277e-17 1.0
  outer loop
    vertex 318.479720420449 115.52027957955107 -2.9609648066752924e-14
    vertex 318.92500000000007 115.86195461813651 -2.9609648066752924e-14
    vertex 310.00000000000006 133.4999999999999 -2.8199664825478976e-14
  endloop
endfacet
facet normal 1.9705071115305446e-17 -2.638355100490277e-17 1.0
  outer loop
    vertex 318.13804538186355 115.07499999999997 -2.9609648066752924e-14
    vertex 318.479720420449 115.52027957955107 -2.9609648066752924e-14
    vertex 310.00000000000006 133.4999999999999 -2.8199664825478976e-14
  endloop
endfacet
facet normal 1.9705071115305446e-17 -2.638355100490277e-17 1.0
  outer loop
    vertex 317.92325947347854 114.5564609469704 -2.9609648066752924e-14
    vertex 318.13804538186355 115.07499999999997 -2.9609648066752924e-14
    vertex 310.00000000000006 133.4999999999999 -2.8199664825478976e-14
  endloop
endfacet
facet normal 1.9705071115305446e-17 -2.638355100490277e-17 1.0
  outer loop
    vertex 317.8500000000001 113.99999999999994 -2.9609648066752924e-14
    vertex 317.92325947347854 114.5564609469704 -2.9609648066752924e-14
    vertex 310.00000000000006 133.4999999999999 -2.8199664825478976e-14
  endloop
endfacet
facet normal 1.9705071115305446e-17 -2.638355100490277e-17 1.0
  outer loop
    vertex 313.00000000000006 108.19999999999992 -2.9609648066752924e-14
    vertex 317.8500000000001 113.99999999999994 -2.9609648066752924e-14
    vertex 310.00000000000006 133.4999999999999 -2.8199664825478976e-14
  endloop
endfacet
facet normal 1.9705071115305446e-17 -2.638355100490277e-17 1.0
  outer loop
    vertex 310.00000000000006 -9.446887716535457e-14 -3.101963130802687e-14
    vertex 313.00000000000006 108.19999999999992 -2.9609648066752924e-14
    vertex 310.00000000000006 133.4999999999999 -2.8199664825478976e-14
  endloop
endfacet
facet normal 1.9705071115305446e-17 -2.638355100490277e-17 1.0
  outer loop
    vertex 313.00000000000006 11.999999999999904 -3.101963130802687e-14
    vertex 321.07500000000005 7.861954618136454 -3.101963130802687e-14
    vertex 326.00000000000006 11.999999999999902 -3.101963130802687e-14
  endloop
endfacet
facet normal 1.9705071115305446e-17 -2.638355100490277e-17 1.0
  outer loop
    vertex 321.52027957955113 7.52027957955099 -3.101963130802687e-14
    vertex 326.00000000000006 11.999999999999902 -3.101963130802687e-14
    vertex 321.07500000000005 7.861954618136454 -3.101963130802687e-14
  endloop
endfacet
facet normal 1.9705071115305446e-17 -2.638355100490277e-17 1.0
  outer loop
    vertex 321.8619546181366 7.074999999999915 -3.101963130802687e-14
    vertex 326.00000000000006 11.999999999999902 -3.101963130802687e-14
    vertex 321.52027957955113 7.52027957955099 -3.101963130802687e-14
  endloop
endfacet
facet normal 1.9705071115305446e-17 -2.638355100490277e-17 1.0
  outer loop
    vertex 322.0767405265216 6.556460946970337 -3.101963130802687e-14
    vertex 326.00000000000006 11.999999999999902 -3.101963130802687e-14
    vertex 321.8619546181366 7.074999999999915 -3.101963130802687e-14
  endloop
endfacet
facet normal 1.9705071115305446e-17 -2.638355100490277e-17 1.0
  outer loop
    vertex 322.1500000000001 5.999999999999917 -3.101963130802687e-14
    vertex 326.00000000000006 11.999999999999902 -3.101963130802687e-14
    vertex 322.0767405265216 6.556460946970337 -3.101963130802687e-14
  endloop
endfacet
facet normal 1.9705071115305446e-17 -2.638355100490277e-17 1.0
  outer loop
    vertex 320.5564609469705 8.076740526521412 -3.101963130802687e-14
    vertex 321.07500000000005 7.861954618136454 -3.101963130802687e-14
    vertex 313.00000000000006 11.999999999999904 -3.101963130802687e-14
  endloop
endfacet
facet normal 1.9705071115305446e-17 -2.638355100490277e-17 1.0
  outer loop
    vertex 320.00000000000006 8.149999999999915 -3.101963130802687e-14
    vertex 320.5564609469705 8.076740526521412 -3.101963130802687e-14
    vertex 313.00000000000006 11.999999999999904 -3.101963130802687e-14
  endloop
endfacet
facet normal 1.9705071115305446e-17 -2.638355100490277e-17 1.0
  outer loop
    vertex 319.44353905302967 8.076740526521412 -3.101963130802687e-14
    vertex 320.00000000000006 8.149999999999915 -3.101963130802687e-14
    vertex 313.00000000000006 11.999999999999904 -3.101963130802687e-14
  endloop
endfacet
facet normal 1.9705071115305446e-17 -2.638355100490277e-17 1.0
  outer loop
    vertex 318.92500000000007 7.861954618136454 -3.101963130802687e-14
    vertex 319.44353905302967 8.076740526521412 -3.101963130802687e-14
    vertex 313.00000000000006 11.999999999999904 -3.101963130802687e-14
  endloop
endfacet
facet normal 1.9705071115305446e-17 -2.638355100490277e-17 1.0
  outer loop
    vertex 318.479720420449 7.52027957955099 -3.101963130802687e-14
    vertex 318.92500000000007 7.861954618136454 -3.101963130802687e-14
    vertex 313.00000000000006 11.999999999999904 -3.101963130802687e-14
  endloop
endfacet
facet normal 1.9705071115305446e-17 -2.638355100490277e-17 1.0
  outer loop
    vertex 318.13804538186355 7.074999999999915 -3.101963130802687e-14
    vertex 318.479720420449 7.52027957955099 -3.101963130802687e-14
    vertex 313.00000000000006 11.999999999999904 -3.101963130802687e-14
  endloop
endfacet
facet normal 1.9705071115305446e-17 -2.638355100490277e-17 1.0
  outer loop
    vertex 317.92325947347854 6.5564609469703345 -3.101963130802687e-14
    vertex 318.13804538186355 7.074999999999915 -3.101963130802687e-14
    vertex 313.00000000000006 11.999999999999904 -3.101963130802687e-14
  endloop
endfacet
facet normal 1.9705071115305446e-17 -2.638355100490277e-17 1.0
  outer loop
    vertex 317.8500000000001 5.999999999999918 -3.101963130802687e-14
    vertex 317.92325947347854 6.5564609469703345 -3.101963130802687e-14
    vertex 313.00000000000006 11.999999999999904 -3.101963130802687e-14
  endloop
endfacet
facet normal 1.9705071115305446e-17 -2.638355100490277e-17 1.0
  outer loop
    vertex 437.00000000000006 118.49999999999996 -2.8199664825478976e-14
    vertex 437.00000000000006 130.15264742548743 -3.242961454930082e-14
    vertex 423.0 118.49999999999996 -2.5379698342931078e-14
  endloop
endfacet
facet normal 1.9705071115305446e-17 -2.638355100490277e-17 1.0
  outer loop
    vertex 431.5202795795512 126.97972042044724 -3.242961454930082e-14
    vertex 423.0 118.49999999999996 -2.5379698342931078e-14
    vertex 437.00000000000006 130.15264742548743 -3.242961454930082e-14
  endloop
endfacet
facet normal 1.9705071115305446e-17 -2.638355100490277e-17 1.0
  outer loop
    vertex 431.8619546181366 127.42499999999833 -3.242961454930082e-14
    vertex 431.5202795795512 126.97972042044724 -3.242961454930082e-14
    vertex 437.00000000000006 130.15264742548743 -3.242961454930082e-14
  endloop
endfacet
facet normal 1.9705071115305446e-17 -2.638355100490277e-17 1.0
  outer loop
    vertex 432.0767405265216 127.94353905302792 -3.242961454930082e-14
    vertex 431.8619546181366 127.42499999999833 -3.242961454930082e-14
    vertex 437.00000000000006 130.15264742548743 -3.242961454930082e-14
  endloop
endfacet
facet normal 1.9705071115305446e-17 -2.638355100490277e-17 1.0
  outer loop
    vertex 432.1500000000001 128.49999999999827 -3.242961454930082e-14
    vertex 432.0767405265216 127.94353905302792 -3.242961454930082e-14
    vertex 437.00000000000006 130.15264742548743 -3.242961454930082e-14
  endloop
endfacet
facet normal 1.9705071115305446e-17 -2.638355100490277e-17 1.0
  outer loop
    vertex 431.07500000000016 126.63804538186177 -3.101963130802687e-14
    vertex 423.0 118.49999999999996 -2.5379698342931078e-14
    vertex 431.5202795795512 126.97972042044724 -3.242961454930082e-14
  endloop
endfacet
facet normal 1.9705071115305446e-17 -2.638355100490277e-17 1.0
  outer loop
    vertex 430.5564609469705 126.42325947347679 -3.101963130802687e-14
    vertex 423.0 118.49999999999996 -2.5379698342931078e-14
    vertex 431.07500000000016 126.63804538186177 -3.101963130802687e-14
  endloop
endfacet
facet normal 1.9705071115305446e-17 -2.638355100490277e-17 1.0
  outer loop
    vertex 430.0000000000001 126.34999999999827 -3.101963130802687e-14
    vertex 423.0 118.49999999999996 -2.5379698342931078e-14
    vertex 430.5564609469705 126.42325947347679 -3.101963130802687e-14
  endloop
endfacet
facet normal 1.9705071115305446e-17 -2.638355100490277e-17 1.0
  outer loop
    vertex 429.4435390530297 126.42325947347679 -3.101963130802687e-14
    vertex 423.0 118.49999999999996 -2.5379698342931078e-14
    vertex 430.0000000000001 126.34999999999827 -3.101963130802687e-14
  endloop
endfacet
facet normal 1.9705071115305446e-17 -2.638355100490277e-17 1.0
  outer loop
    vertex 428.92500000000007 126.63804538186173 -3.101963130802687e-14
    vertex 423.0 118.49999999999996 -2.5379698342931078e-14
    vertex 429.4435390530297 126.42325947347679 -3.101963130802687e-14
  endloop
endfacet
facet normal 1.9705071115305446e-17 -2.638355100490277e-17 1.0
  outer loop
    vertex 428.47972042044904 126.97972042044724 -3.101963130802687e-14
    vertex 423.0 118.49999999999996 -2.5379698342931078e-14
    vertex 428.92500000000007 126.63804538186173 -3.101963130802687e-14
  endloop
endfacet
facet normal 1.9705071115305446e-17 -2.638355100490277e-17 1.0
  outer loop
    vertex 428.1380453818635 127.42499999999829 -3.101963130802687e-14
    vertex 423.0 118.49999999999996 -2.5379698342931078e-14
    vertex 428.47972042044904 126.97972042044724 -3.101963130802687e-14
  endloop
endfacet
facet normal 1.9705071115305446e-17 -2.638355100490277e-17 1.0
  outer loop
    vertex 427.92325947347854 127.94353905302788 -3.101963130802687e-14
    vertex 423.0 118.49999999999996 -2.5379698342931078e-14
    vertex 428.1380453818635 127.42499999999829 -3.101963130802687e-14
  endloop
endfacet
facet normal 1.9705071115305446e-17 -2.638355100490277e-17 1.0
  outer loop
    vertex 427.85000000000014 128.49999999999827 -3.242961454930082e-14
    vertex 423.0 118.49999999999996 -2.5379698342931078e-14
    vertex 427.92325947347854 127.94353905302788 -3.101963130802687e-14
  endloop
endfacet
facet normal 1.9705071115305446e-17 -2.638355100490277e-17 1.0
  outer loop
    vertex 423.0 12.799999999999907 -3.3839597790574766e-14
    vertex 431.07500000000016 8.861954618136439 -3.3839597790574766e-14
    vertex 447.0000000000001 12.799999999999907 -3.3839597790574766e-14
  endloop
endfacet
facet normal 1.9705071115305446e-17 -2.638355100490277e-17 1.0
  outer loop
    vertex 431.5202795795512 8.520279579550982 -3.3839597790574766e-14
    vertex 447.0000000000001 12.799999999999907 -3.3839597790574766e-14
    vertex 431.07500000000016 8.861954618136439 -3.3839597790574766e-14
  endloop
endfacet
facet normal 1.9705071115305446e-17 -2.638355100490277e-17 1.0
  outer loop
    vertex 431.8619546181366 8.074999999999907 -3.3839597790574766e-14
    vertex 447.0000000000001 12.799999999999907 -3.3839597790574766e-14
    vertex 431.5202795795512 8.520279579550982 -3.3839597790574766e-14
  endloop
endfacet
facet normal 1.9705071115305446e-17 -2.638355100490277e-17 1.0
  outer loop
    vertex 432.0767405265216 7.5564609469703266 -3.3839597790574766e-14
    vertex 447.0000000000001 12.799999999999907 -3.3839597790574766e-14
    vertex 431.8619546181366 8.074999999999907 -3.3839597790574766e-14
  endloop
endfacet
facet normal 1.9705071115305446e-17 -2.638355100490277e-17 1.0
  outer loop
    vertex 432.1500000000001 6.999999999999904 -3.3839597790574766e-14
    vertex 447.0000000000001 12.799999999999907 -3.3839597790574766e-14
    vertex 432.0767405265216 7.5564609469703266 -3.3839597790574766e-14
  endloop
endfacet
facet normal 1.9705071115305446e-17 -2.638355100490277e-17 1.0
  outer loop
    vertex 430.5564609469705 9.076740526521412 -3.3839597790574766e-14
    vertex 431.07500000000016 8.861954618136439 -3.3839597790574766e-14
    vertex 423.0 12.799999999999907 -3.3839597790574766e-14
  endloop
endfacet
facet normal 1.9705071115305446e-17 -2.638355100490277e-17 1.0
  outer loop
    vertex 430.0000000000001 9.149999999999915 -3.3839597790574766e-14
    vertex 430.5564609469705 9.076740526521412 -3.3839597790574766e-14
    vertex 423.0 12.799999999999907 -3.3839597790574766e-14
  endloop
endfacet
facet normal 1.9705071115305446e-17 -2.638355100490277e-17 1.0
  outer loop
    vertex 429.4435390530296 9.076740526521412 -3.3839597790574766e-14
    vertex 430.0000000000001 9.149999999999915 -3.3839597790574766e-14
    vertex 423.0 12.799999999999907 -3.3839597790574766e-14
  endloop
endfacet
facet normal 1.9705071115305446e-17 -2.638355100490277e-17 1.0
  outer loop
    vertex 428.92500000000007 8.861954618136473 -3.3839597790574766e-14
    vertex 429.4435390530296 9.076740526521412 -3.3839597790574766e-14
    vertex 423.0 12.799999999999907 -3.3839597790574766e-14
  endloop
endfacet
facet normal 1.9705071115305446e-17 -2.638355100490277e-17 1.0
  outer loop
    vertex 428.47972042044904 8.520279579550998 -3.3839597790574766e-14
    vertex 428.92500000000007 8.861954618136473 -3.3839597790574766e-14
    vertex 423.0 12.799999999999907 -3.3839597790574766e-14
  endloop
endfacet
facet normal 1.9705071115305446e-17 -2.638355100490277e-17 1.0
  outer loop
    vertex 428.1380453818635 8.074999999999912 -3.3839597790574766e-14
    vertex 428.47972042044904 8.520279579550998 -3.3839597790574766e-14
    vertex 423.0 12.799999999999907 -3.3839597790574766e-14
  endloop
endfacet
facet normal 1.9705071115305446e-17 -2.638355100490277e-17 1.0
  outer loop
    vertex 427.92325947347854 7.556460946970329 -3.3839597790574766e-14
    vertex 428.1380453818635 8.074999999999912 -3.3839597790574766e-14
    vertex 423.0 12.799999999999907 -3.3839597790574766e-14
  endloop
endfacet
facet normal 1.9705071115305446e-17 -2.638355100490277e-17 1.0
  outer loop
    vertex 427.8500000000001 6.999999999999909 -3.3839597790574766e-14
    vertex 427.92325947347854 7.556460946970329 -3.3839597790574766e-14
    vertex 423.0 12.799999999999907 -3.3839597790574766e-14
  endloop
endfacet
facet normal 1.9705071115305446e-17 -2.638355100490277e-17 1.0
  outer loop
    vertex 423.0 5.999999999999906 -3.3839597790574766e-14
    vertex 427.8500000000001 6.999999999999909 -3.3839597790574766e-14
    vertex 423.0 12.799999999999907 -3.3839597790574766e-14
  endloop
endfacet
facet normal 0.13052619222007805 1.7756330700029025e-15 -0.991444861373807
  outer loop
    vertex 317.0000000000001 -1.0856870957809406e-13 -2.850000000000023
    vertex 317.00000000000006 -5.000000000000111 -2.85000000000002
    vertex 316.44353905302967 -1.0856870957809406e-13 -2.9232594734785273
  endloop
endfacet
facet normal 0.13052619222007805 1.7756330700029025e-15 -0.991444861373807
  outer loop
    vertex 316.4435390530296 -5.000000000000111 -2.9232594734785597
    vertex 316.44353905302967 -1.0856870957809406e-13 -2.9232594734785273
    vertex 317.00000000000006 -5.000000000000111 -2.85000000000002
  endloop
endfacet
facet normal -0.13052619222005374 2.0149713685747037e-16 -0.9914448613738103
  outer loop
    vertex 317.5564609469705 -1.0856870957809406e-13 -2.9232594734785273
    vertex 317.55646094697045 -5.000000000000111 -2.9232594734785233
    vertex 317.0000000000001 -1.0856870957809406e-13 -2.850000000000023
  endloop
endfacet
facet normal -0.13052619222005374 2.0149713685747037e-16 -0.9914448613738103
  outer loop
    vertex 317.00000000000006 -5.000000000000111 -2.85000000000002
    vertex 317.0000000000001 -1.0856870957809406e-13 -2.850000000000023
    vertex 317.55646094697045 -5.000000000000111 -2.9232594734785233
  endloop
endfacet
facet normal -0.38268343236506713 -4.4312387549052947e-16 -0.9238795325112962
  outer loop
    vertex 318.0750000000001 -1.0856870957809406e-13 -3.138045381863482
    vertex 318.07500000000005 -5.000000000000111 -3.138045381863444
    vertex 317.5564609469705 -1.0856870957809406e-13 -2.9232594734785273
  endloop
endfacet
facet normal -0.38268343236506713 -4.4312387549052947e-16 -0.9238795325112962
  outer loop
    vertex 317.55646094697045 -5.000000000000111 -2.9232594734785233
    vertex 317.5564609469705 -1.0856870957809406e-13 -2.9232594734785273
    vertex 318.07500000000005 -5.000000000000111 -3.138045381863444
  endloop
endfacet
facet normal -0.6087614290087268 -4.400092337243662e-17 -0.7933533402912305
  outer loop
    vertex 318.5202795795512 -1.0856870957809406e-13 -3.479720420448949
    vertex 318.5202795795512 -5.000000000000111 -3.4797204204489516
    vertex 318.0750000000001 -1.0856870957809406e-13 -3.138045381863482
  endloop
endfacet
facet normal -0.6087614290087268 -4.400092337243662e-17 -0.7933533402912305
  outer loop
    vertex 318.07500000000005 -5.000000000000111 -3.138045381863444
    vertex 318.0750000000001 -1.0856870957809406e-13 -3.138045381863482
    vertex 318.5202795795512 -5.000000000000111 -3.4797204204489516
  endloop
endfacet
facet normal -0.7933533402912296 3.885415949203078e-16 -0.6087614290087278
  outer loop
    vertex 318.8619546181366 -5.000000000000111 -3.925000000000031
    vertex 318.5202795795512 -5.000000000000111 -3.4797204204489516
    vertex 318.8619546181366 -1.0856870957809406e-13 -3.9250000000000274
  endloop
endfacet
facet normal -0.7933533402912296 3.885415949203078e-16 -0.6087614290087278
  outer loop
    vertex 318.5202795795512 -1.0856870957809406e-13 -3.479720420448949
    vertex 318.8619546181366 -1.0856870957809406e-13 -3.9250000000000274
    vertex 318.5202795795512 -5.000000000000111 -3.4797204204489516
  endloop
endfacet
facet normal 0.9914448613738132 2.3095850142698503e-15 0.13052619222003115
  outer loop
    vertex 314.8500000000001 -5.000000000000111 -5.000000000000028
    vertex 314.9232594734786 -5.000000000000111 -5.55646094697045
    vertex 314.85 -1.0856870957809406e-13 -5.000000000000031
  endloop
endfacet
facet normal 0.9914448613738132 2.3095850142698503e-15 0.13052619222003115
  outer loop
    vertex 314.9232594734786 -1.0856870957809406e-13 -5.556460946970452
    vertex 314.85 -1.0856870957809406e-13 -5.000000000000031
    vertex 314.9232594734786 -5.000000000000111 -5.55646094697045
  endloop
endfacet
facet normal 0.9238795325112888 -3.0932010019439485e-16 -0.382683432365085
  outer loop
    vertex 315.1380453818635 -5.000000000000111 -3.925000000000021
    vertex 314.9232594734786 -5.000000000000111 -4.443539053029606
    vertex 315.1380453818635 -1.0856870957809406e-13 -3.9250000000000265
  endloop
endfacet
facet normal 0.9238795325112888 -3.0932010019439485e-16 -0.382683432365085
  outer loop
    vertex 314.9232594734786 -1.0856870957809406e-13 -4.443539053029609
    vertex 315.1380453818635 -1.0856870957809406e-13 -3.9250000000000265
    vertex 314.9232594734786 -5.000000000000111 -4.443539053029606
  endloop
endfacet
facet normal 0.9914448613738132 2.176869354182494e-15 -0.13052619222003092
  outer loop
    vertex 314.9232594734786 -5.000000000000111 -4.443539053029606
    vertex 314.8500000000001 -5.000000000000111 -5.000000000000028
    vertex 314.9232594734786 -1.0856870957809406e-13 -4.443539053029609
  endloop
endfacet
facet normal 0.9914448613738132 2.176869354182494e-15 -0.13052619222003092
  outer loop
    vertex 314.85 -1.0856870957809406e-13 -5.000000000000031
    vertex 314.9232594734786 -1.0856870957809406e-13 -4.443539053029609
    vertex 314.8500000000001 -5.000000000000111 -5.000000000000028
  endloop
endfacet
facet normal 0.793353340291229 -6.685627217423214e-16 -0.6087614290087288
  outer loop
    vertex 315.47972042044904 -5.000000000000111 -3.479720420448943
    vertex 315.1380453818635 -5.000000000000111 -3.925000000000021
    vertex 315.47972042044904 -1.0856870957809406e-13 -3.479720420448949
  endloop
endfacet
facet normal 0.793353340291229 -6.685627217423214e-16 -0.6087614290087288
  outer loop
    vertex 315.1380453818635 -1.0856870957809406e-13 -3.9250000000000265
    vertex 315.47972042044904 -1.0856870957809406e-13 -3.479720420448949
    vertex 315.1380453818635 -5.000000000000111 -3.925000000000021
  endloop
endfacet
facet normal 0.6087614290087334 -2.0839293157008785e-15 -0.7933533402912253
  outer loop
    vertex 315.92500000000007 -1.0856870957809406e-13 -3.138045381863481
    vertex 315.92499999999995 -5.000000000000111 -3.138045381863512
    vertex 315.47972042044904 -1.0856870957809406e-13 -3.479720420448949
  endloop
endfacet
facet normal 0.6087614290087334 -2.0839293157008785e-15 -0.7933533402912253
  outer loop
    vertex 315.47972042044904 -5.000000000000111 -3.479720420448943
    vertex 315.47972042044904 -1.0856870957809406e-13 -3.479720420448949
    vertex 315.92499999999995 -5.000000000000111 -3.138045381863512
  endloop
endfacet
facet normal 1.1131446641636449e-17 -1.0 -1.7624790515924373e-17
  outer loop
    vertex 317.0000000000001 -1.0856870957809406e-13 -7.150000000000038
    vertex 317.5564609469705 -1.0856870957809406e-13 -7.076740526521535
    vertex 316.44353905302967 -1.0856870957809406e-13 -7.076740526521535
  endloop
endfacet
facet normal 1.1131446641636449e-17 -1.0 -1.7624790515924373e-17
  outer loop
    vertex 315.92500000000007 -1.0856870957809406e-13 -6.86195461813658
    vertex 316.44353905302967 -1.0856870957809406e-13 -7.076740526521535
    vertex 317.5564609469705 -1.0856870957809406e-13 -7.076740526521535
  endloop
endfacet
facet normal 1.1131446641636449e-17 -1.0 -1.7624790515924373e-17
  outer loop
    vertex 318.0750000000001 -1.0856870957809406e-13 -6.861954618136581
    vertex 315.92500000000007 -1.0856870957809406e-13 -6.86195461813658
    vertex 317.5564609469705 -1.0856870957809406e-13 -7.076740526521535
  endloop
endfacet
facet normal 1.1131446641636449e-17 -1.0 -1.7624790515924373e-17
  outer loop
    vertex 318.5202795795512 -1.0856870957809406e-13 -6.520279579551115
    vertex 315.92500000000007 -1.0856870957809406e-13 -6.86195461813658
    vertex 318.0750000000001 -1.0856870957809406e-13 -6.861954618136581
  endloop
endfacet
facet normal 1.1131446641636449e-17 -1.0 -1.7624790515924373e-17
  outer loop
    vertex 315.47972042044904 -1.0856870957809406e-13 -6.5202795795511115
    vertex 315.92500000000007 -1.0856870957809406e-13 -6.86195461813658
    vertex 318.5202795795512 -1.0856870957809406e-13 -6.520279579551115
  endloop
endfacet
facet normal 1.1131446641636449e-17 -1.0 -1.7624790515924373e-17
  outer loop
    vertex 318.8619546181366 -1.0856870957809406e-13 -6.075000000000036
    vertex 315.47972042044904 -1.0856870957809406e-13 -6.5202795795511115
    vertex 318.5202795795512 -1.0856870957809406e-13 -6.520279579551115
  endloop
endfacet
facet normal 1.1131446641636449e-17 -1.0 -1.7624790515924373e-17
  outer loop
    vertex 315.1380453818635 -1.0856870957809406e-13 -6.075000000000034
    vertex 315.47972042044904 -1.0856870957809406e-13 -6.5202795795511115
    vertex 318.8619546181366 -1.0856870957809406e-13 -6.075000000000036
  endloop
endfacet
facet normal 1.1131446641636449e-17 -1.0 -1.7624790515924373e-17
  outer loop
    vertex 319.0767405265216 -1.0856870957809406e-13 -5.5564609469704545
    vertex 315.1380453818635 -1.0856870957809406e-13 -6.075000000000034
    vertex 318.8619546181366 -1.0856870957809406e-13 -6.075000000000036
  endloop
endfacet
facet normal 1.1131446641636449e-17 -1.0 -1.7624790515924373e-17
  outer loop
    vertex 314.9232594734786 -1.0856870957809406e-13 -5.556460946970452
    vertex 315.1380453818635 -1.0856870957809406e-13 -6.075000000000034
    vertex 319.0767405265216 -1.0856870957809406e-13 -5.5564609469704545
  endloop
endfacet
facet normal 1.1131446641636449e-17 -1.0 -1.7624790515924373e-17
  outer loop
    vertex 319.15000000000003 -1.0856870957809406e-13 -5.000000000000031
    vertex 314.9232594734786 -1.0856870957809406e-13 -5.556460946970452
    vertex 319.0767405265216 -1.0856870957809406e-13 -5.5564609469704545
  endloop
endfacet
facet normal 1.1131446641636449e-17 -1.0 -1.7624790515924373e-17
  outer loop
    vertex 314.85 -1.0856870957809406e-13 -5.000000000000031
    vertex 314.9232594734786 -1.0856870957809406e-13 -5.556460946970452
    vertex 319.15000000000003 -1.0856870957809406e-13 -5.000000000000031
  endloop
endfacet
facet normal 1.1131446641636449e-17 -1.0 -1.7624790515924373e-17
  outer loop
    vertex 314.9232594734786 -1.0856870957809406e-13 -4.443539053029609
    vertex 314.85 -1.0856870957809406e-13 -5.000000000000031
    vertex 319.15000000000003 -1.0856870957809406e-13 -5.000000000000031
  endloop
endfacet
facet normal 1.1131446641636449e-17 -1.0 -1.7624790515924373e-17
  outer loop
    vertex 319.0767405265216 -1.0856870957809406e-13 -4.4435390530296095
    vertex 314.9232594734786 -1.0856870957809406e-13 -4.443539053029609
    vertex 319.15000000000003 -1.0856870957809406e-13 -5.000000000000031
  endloop
endfacet
facet normal 1.1131446641636449e-17 -1.0 -1.7624790515924373e-17
  outer loop
    vertex 318.8619546181366 -1.0856870957809406e-13 -3.9250000000000274
    vertex 314.9232594734786 -1.0856870957809406e-13 -4.443539053029609
    vertex 319.0767405265216 -1.0856870957809406e-13 -4.4435390530296095
  endloop
endfacet
facet normal 1.1131446641636449e-17 -1.0 -1.7624790515924373e-17
  outer loop
    vertex 315.1380453818635 -1.0856870957809406e-13 -3.9250000000000265
    vertex 314.9232594734786 -1.0856870957809406e-13 -4.443539053029609
    vertex 318.8619546181366 -1.0856870957809406e-13 -3.9250000000000274
  endloop
endfacet
facet normal 1.1131446641636449e-17 -1.0 -1.7624790515924373e-17
  outer loop
    vertex 318.5202795795512 -1.0856870957809406e-13 -3.479720420448949
    vertex 315.1380453818635 -1.0856870957809406e-13 -3.9250000000000265
    vertex 318.8619546181366 -1.0856870957809406e-13 -3.9250000000000274
  endloop
endfacet
facet normal 1.1131446641636449e-17 -1.0 -1.7624790515924373e-17
  outer loop
    vertex 315.47972042044904 -1.0856870957809406e-13 -3.479720420448949
    vertex 315.1380453818635 -1.0856870957809406e-13 -3.9250000000000265
    vertex 318.5202795795512 -1.0856870957809406e-13 -3.479720420448949
  endloop
endfacet
facet normal 1.1131446641636449e-17 -1.0 -1.7624790515924373e-17
  outer loop
    vertex 315.92500000000007 -1.0856870957809406e-13 -3.138045381863481
    vertex 315.47972042044904 -1.0856870957809406e-13 -3.479720420448949
    vertex 318.5202795795512 -1.0856870957809406e-13 -3.479720420448949
  endloop
endfacet
facet normal 1.1131446641636449e-17 -1.0 -1.7624790515924373e-17
  outer loop
    vertex 318.0750000000001 -1.0856870957809406e-13 -3.138045381863482
    vertex 315.92500000000007 -1.0856870957809406e-13 -3.138045381863481
    vertex 318.5202795795512 -1.0856870957809406e-13 -3.479720420448949
  endloop
endfacet
facet normal 1.1131446641636449e-17 -1.0 -1.7624790515924373e-17
  outer loop
    vertex 317.5564609469705 -1.0856870957809406e-13 -2.9232594734785273
    vertex 315.92500000000007 -1.0856870957809406e-13 -3.138045381863481
    vertex 318.0750000000001 -1.0856870957809406e-13 -3.138045381863482
  endloop
endfacet
facet normal 1.1131446641636449e-17 -1.0 -1.7624790515924373e-17
  outer loop
    vertex 316.44353905302967 -1.0856870957809406e-13 -2.9232594734785273
    vertex 315.92500000000007 -1.0856870957809406e-13 -3.138045381863481
    vertex 317.5564609469705 -1.0856870957809406e-13 -2.9232594734785273
  endloop
endfacet
facet normal 1.1131446641636449e-17 -1.0 -1.7624790515924373e-17
  outer loop
    vertex 317.0000000000001 -1.0856870957809406e-13 -2.850000000000023
    vertex 316.44353905302967 -1.0856870957809406e-13 -2.9232594734785273
    vertex 317.5564609469705 -1.0856870957809406e-13 -2.9232594734785273
  endloop
endfacet
facet normal 0.9238795325112886 1.3760159931662867e-16 0.38268343236508573
  outer loop
    vertex 314.9232594734786 -5.000000000000111 -5.55646094697045
    vertex 315.1380453818635 -5.000000000000111 -6.075000000000032
    vertex 314.9232594734786 -1.0856870957809406e-13 -5.556460946970452
  endloop
endfacet
facet normal 0.9238795325112886 1.3760159931662867e-16 0.38268343236508573
  outer loop
    vertex 315.1380453818635 -1.0856870957809406e-13 -6.075000000000034
    vertex 314.9232594734786 -1.0856870957809406e-13 -5.556460946970452
    vertex 315.1380453818635 -5.000000000000111 -6.075000000000032
  endloop
endfacet
facet normal 0.38268343236508967 7.039101000217219e-16 -0.9238795325112868
  outer loop
    vertex 316.44353905302967 -1.0856870957809406e-13 -2.9232594734785273
    vertex 316.4435390530296 -5.000000000000111 -2.9232594734785597
    vertex 315.92500000000007 -1.0856870957809406e-13 -3.138045381863481
  endloop
endfacet
facet normal 0.38268343236508967 7.039101000217219e-16 -0.9238795325112868
  outer loop
    vertex 315.92499999999995 -5.000000000000111 -3.138045381863512
    vertex 315.92500000000007 -1.0856870957809406e-13 -3.138045381863481
    vertex 316.4435390530296 -5.000000000000111 -2.9232594734785597
  endloop
endfacet
facet normal -0.9238795325112806 -2.0347697014036634e-15 -0.3826834323651049
  outer loop
    vertex 319.0767405265216 -5.000000000000111 -4.443539053029608
    vertex 318.8619546181366 -5.000000000000111 -3.925000000000031
    vertex 319.0767405265216 -1.0856870957809406e-13 -4.4435390530296095
  endloop
endfacet
facet normal -0.9238795325112806 -2.0347697014036634e-15 -0.3826834323651049
  outer loop
    vertex 318.8619546181366 -1.0856870957809406e-13 -3.9250000000000274
    vertex 319.0767405265216 -1.0856870957809406e-13 -4.4435390530296095
    vertex 318.8619546181366 -5.000000000000111 -3.925000000000031
  endloop
endfacet
facet normal -0.9914448613738082 -2.203127124505882e-15 0.13052619222006984
  outer loop
    vertex 319.0767405265216 -5.000000000000111 -5.556460946970454
    vertex 319.1500000000001 -5.000000000000111 -5.000000000000028
    vertex 319.0767405265216 -1.0856870957809406e-13 -5.5564609469704545
  endloop
endfacet
facet normal -0.9914448613738082 -2.203127124505882e-15 0.13052619222006984
  outer loop
    vertex 319.15000000000003 -1.0856870957809406e-13 -5.000000000000031
    vertex 319.0767405265216 -1.0856870957809406e-13 -5.5564609469704545
    vertex 319.1500000000001 -5.000000000000111 -5.000000000000028
  endloop
endfacet
facet normal -0.9238795325112878 1.178823373265157e-16 0.3826834323650875
  outer loop
    vertex 318.8619546181366 -5.000000000000111 -6.075000000000032
    vertex 319.0767405265216 -5.000000000000111 -5.556460946970454
    vertex 318.8619546181366 -1.0856870957809406e-13 -6.075000000000036
  endloop
endfacet
facet normal -0.9238795325112878 1.178823373265157e-16 0.3826834323650875
  outer loop
    vertex 319.0767405265216 -1.0856870957809406e-13 -5.5564609469704545
    vertex 318.8619546181366 -1.0856870957809406e-13 -6.075000000000036
    vertex 319.0767405265216 -5.000000000000111 -5.556460946970454
  endloop
endfacet
facet normal 0.7933533402912293 2.1101127894583807e-16 0.6087614290087283
  outer loop
    vertex 315.1380453818635 -5.000000000000111 -6.075000000000032
    vertex 315.47972042044904 -5.000000000000111 -6.520279579551111
    vertex 315.1380453818635 -1.0856870957809406e-13 -6.075000000000034
  endloop
endfacet
facet normal 0.7933533402912293 2.1101127894583807e-16 0.6087614290087283
  outer loop
    vertex 315.47972042044904 -1.0856870957809406e-13 -6.5202795795511115
    vertex 315.1380453818635 -1.0856870957809406e-13 -6.075000000000034
    vertex 315.47972042044904 -5.000000000000111 -6.520279579551111
  endloop
endfacet
facet normal -0.6087614290087131 1.883634749197936e-15 0.7933533402912412
  outer loop
    vertex 318.5202795795512 -5.000000000000111 -6.5202795795511115
    vertex 318.5202795795512 -1.0856870957809406e-13 -6.520279579551115
    vertex 318.07500000000005 -5.000000000000111 -6.861954618136594
  endloop
endfacet
facet normal -0.6087614290087131 1.883634749197936e-15 0.7933533402912412
  outer loop
    vertex 318.0750000000001 -1.0856870957809406e-13 -6.861954618136581
    vertex 318.07500000000005 -5.000000000000111 -6.861954618136594
    vertex 318.5202795795512 -1.0856870957809406e-13 -6.520279579551115
  endloop
endfacet
facet normal -0.7933533402912296 2.8021597389720345e-16 0.6087614290087279
  outer loop
    vertex 318.5202795795512 -5.000000000000111 -6.5202795795511115
    vertex 318.8619546181366 -5.000000000000111 -6.075000000000032
    vertex 318.5202795795512 -1.0856870957809406e-13 -6.520279579551115
  endloop
endfacet
facet normal -0.7933533402912296 2.8021597389720345e-16 0.6087614290087279
  outer loop
    vertex 318.8619546181366 -1.0856870957809406e-13 -6.075000000000036
    vertex 318.5202795795512 -1.0856870957809406e-13 -6.520279579551115
    vertex 318.8619546181366 -5.000000000000111 -6.075000000000032
  endloop
endfacet
facet normal -0.13052619222003506 7.410773126105745e-16 0.9914448613738127
  outer loop
    vertex 317.5564609469705 -1.0856870957809406e-13 -7.076740526521535
    vertex 317.0000000000001 -1.0856870957809406e-13 -7.150000000000038
    vertex 317.55646094697045 -5.000000000000111 -7.076740526521546
  endloop
endfacet
facet normal -0.13052619222003506 7.410773126105745e-16 0.9914448613738127
  outer loop
    vertex 317.0 -5.000000000000111 -7.150000000000032
    vertex 317.55646094697045 -5.000000000000111 -7.076740526521546
    vertex 317.0000000000001 -1.0856870957809406e-13 -7.150000000000038
  endloop
endfacet
facet normal -0.9914448613738105 -4.546084613236997e-15 -0.13052619222005094
  outer loop
    vertex 319.1500000000001 -5.000000000000111 -5.000000000000028
    vertex 319.0767405265216 -5.000000000000111 -4.443539053029608
    vertex 319.15000000000003 -1.0856870957809406e-13 -5.000000000000031
  endloop
endfacet
facet normal -0.9914448613738105 -4.546084613236997e-15 -0.13052619222005094
  outer loop
    vertex 319.0767405265216 -1.0856870957809406e-13 -4.4435390530296095
    vertex 319.15000000000003 -1.0856870957809406e-13 -5.000000000000031
    vertex 319.0767405265216 -5.000000000000111 -4.443539053029608
  endloop
endfacet
facet normal 0.1305261922200528 2.576722656458013e-16 0.9914448613738103
  outer loop
    vertex 317.0000000000001 -1.0856870957809406e-13 -7.150000000000038
    vertex 316.44353905302967 -1.0856870957809406e-13 -7.076740526521535
    vertex 317.0 -5.000000000000111 -7.150000000000032
  endloop
endfacet
facet normal 0.1305261922200528 2.576722656458013e-16 0.9914448613738103
  outer loop
    vertex 316.4435390530296 -5.000000000000111 -7.076740526521523
    vertex 317.0 -5.000000000000111 -7.150000000000032
    vertex 316.44353905302967 -1.0856870957809406e-13 -7.076740526521535
  endloop
endfacet
facet normal 0.3826834323651247 8.341959197798731e-16 0.9238795325112723
  outer loop
    vertex 316.44353905302967 -1.0856870957809406e-13 -7.076740526521535
    vertex 315.92500000000007 -1.0856870957809406e-13 -6.86195461813658
    vertex 316.4435390530296 -5.000000000000111 -7.076740526521523
  endloop
endfacet
facet normal 0.3826834323651247 8.341959197798731e-16 0.9238795325112723
  outer loop
    vertex 315.92499999999995 -5.000000000000111 -6.861954618136527
    vertex 316.4435390530296 -5.000000000000111 -7.076740526521523
    vertex 315.92500000000007 -1.0856870957809406e-13 -6.86195461813658
  endloop
endfacet
facet normal -0.38268343236509017 1.2820793869295173e-15 0.9238795325112867
  outer loop
    vertex 318.0750000000001 -1.0856870957809406e-13 -6.861954618136581
    vertex 317.5564609469705 -1.0856870957809406e-13 -7.076740526521535
    vertex 318.07500000000005 -5.000000000000111 -6.861954618136594
  endloop
endfacet
facet normal -0.38268343236509017 1.2820793869295173e-15 0.9238795325112867
  outer loop
    vertex 317.55646094697045 -5.000000000000111 -7.076740526521546
    vertex 318.07500000000005 -5.000000000000111 -6.861954618136594
    vertex 317.5564609469705 -1.0856870957809406e-13 -7.076740526521535
  endloop
endfacet
facet normal 0.6087614290087245 3.1873317153610745e-16 0.7933533402912322
  outer loop
    vertex 315.92500000000007 -1.0856870957809406e-13 -6.86195461813658
    vertex 315.47972042044904 -1.0856870957809406e-13 -6.5202795795511115
    vertex 315.92499999999995 -5.000000000000111 -6.861954618136527
  endloop
endfacet
facet normal 0.6087614290087245 3.1873317153610745e-16 0.7933533402912322
  outer loop
    vertex 315.47972042044904 -5.000000000000111 -6.520279579551111
    vertex 315.92499999999995 -5.000000000000111 -6.861954618136527
    vertex 315.47972042044904 -1.0856870957809406e-13 -6.5202795795511115
  endloop
endfacet
facet normal 0.9238795325112882 4.590002816387052e-15 -0.3826834323650862
  outer loop
    vertex 377.63804538186355 -5.000000000000111 -3.925000000000031
    vertex 377.4232594734786 -5.000000000000111 -4.443539053029612
    vertex 377.63804538186355 -1.0786371795745708e-13 -3.925000000000026
  endloop
endfacet
facet normal 0.9238795325112882 4.590002816387052e-15 -0.3826834323650862
  outer loop
    vertex 377.4232594734786 -1.0786371795745708e-13 -4.443539053029609
    vertex 377.63804538186355 -1.0786371795745708e-13 -3.925000000000026
    vertex 377.4232594734786 -5.000000000000111 -4.443539053029612
  endloop
endfacet
facet normal -0.6087614290087325 -9.441756934803004e-16 0.7933533402912261
  outer loop
    vertex 381.02027957955113 -5.000000000000111 -6.5202795795511115
    vertex 381.02027957955113 -1.0786371795745708e-13 -6.520279579551115
    vertex 380.5750000000001 -5.000000000000111 -6.861954618136595
  endloop
endfacet
facet normal -0.6087614290087325 -9.441756934803004e-16 0.7933533402912261
  outer loop
    vertex 380.5750000000001 -1.0786371795745708e-13 -6.861954618136583
    vertex 380.5750000000001 -5.000000000000111 -6.861954618136595
    vertex 381.02027957955113 -1.0786371795745708e-13 -6.520279579551115
  endloop
endfacet
facet normal -0.7933533402912436 1.578624882460384e-15 -0.6087614290087098
  outer loop
    vertex 381.3619546181366 -5.000000000000111 -3.9250000000000322
    vertex 381.02027957955113 -5.000000000000111 -3.479720420448942
    vertex 381.3619546181366 -1.0786371795745708e-13 -3.9250000000000274
  endloop
endfacet
facet normal -0.7933533402912436 1.578624882460384e-15 -0.6087614290087098
  outer loop
    vertex 381.02027957955113 -1.0786371795745708e-13 -3.4797204204489502
    vertex 381.3619546181366 -1.0786371795745708e-13 -3.9250000000000274
    vertex 381.02027957955113 -5.000000000000111 -3.479720420448942
  endloop
endfacet
facet normal -0.38268343236509017 -2.234557249199053e-15 0.9238795325112867
  outer loop
    vertex 380.5750000000001 -5.000000000000111 -6.861954618136595
    vertex 380.5750000000001 -1.0786371795745708e-13 -6.861954618136583
    vertex 380.0564609469705 -5.000000000000111 -7.076740526521547
  endloop
endfacet
facet normal -0.38268343236509017 -2.234557249199053e-15 0.9238795325112867
  outer loop
    vertex 380.0564609469705 -1.0786371795745708e-13 -7.076740526521536
    vertex 380.0564609469705 -5.000000000000111 -7.076740526521547
    vertex 380.5750000000001 -1.0786371795745708e-13 -6.861954618136583
  endloop
endfacet
facet normal 0.1305261922200533 1.587408597622482e-16 0.9914448613738103
  outer loop
    vertex 379.50000000000006 -5.000000000000111 -7.150000000000039
    vertex 379.50000000000006 -1.0786371795745708e-13 -7.150000000000039
    vertex 378.94353905302967 -5.000000000000111 -7.076740526521533
  endloop
endfacet
facet normal 0.1305261922200533 1.587408597622482e-16 0.9914448613738103
  outer loop
    vertex 378.94353905302967 -1.0786371795745708e-13 -7.076740526521535
    vertex 378.94353905302967 -5.000000000000111 -7.076740526521533
    vertex 379.50000000000006 -1.0786371795745708e-13 -7.150000000000039
  endloop
endfacet
facet normal 0.7933533402912548 -4.841029149359528e-16 -0.608761429008695
  outer loop
    vertex 377.979720420449 -5.000000000000111 -3.4797204204489645
    vertex 377.63804538186355 -5.000000000000111 -3.925000000000031
    vertex 377.979720420449 -1.0786371795745708e-13 -3.4797204204489502
  endloop
endfacet
facet normal 0.7933533402912548 -4.841029149359528e-16 -0.608761429008695
  outer loop
    vertex 377.63804538186355 -1.0786371795745708e-13 -3.925000000000026
    vertex 377.979720420449 -1.0786371795745708e-13 -3.4797204204489502
    vertex 377.63804538186355 -5.000000000000111 -3.925000000000031
  endloop
endfacet
facet normal 0.9914448613738105 -2.917401009440145e-20 0.1305261922200509
  outer loop
    vertex 377.3500000000001 -5.000000000000111 -5.000000000000029
    vertex 377.4232594734786 -5.000000000000111 -5.556460946970451
    vertex 377.3500000000001 -1.0786371795745708e-13 -5.00000000000003
  endloop
endfacet
facet normal 0.9914448613738105 -2.917401009440145e-20 0.1305261922200509
  outer loop
    vertex 377.4232594734786 -1.0786371795745708e-13 -5.556460946970451
    vertex 377.3500000000001 -1.0786371795745708e-13 -5.00000000000003
    vertex 377.4232594734786 -5.000000000000111 -5.556460946970451
  endloop
endfacet
facet normal 0.9914448613738079 2.3141860078592983e-15 -0.13052619222007103
  outer loop
    vertex 377.4232594734786 -5.000000000000111 -4.443539053029612
    vertex 377.3500000000001 -5.000000000000111 -5.000000000000029
    vertex 377.4232594734786 -1.0786371795745708e-13 -4.443539053029609
  endloop
endfacet
facet normal 0.9914448613738079 2.3141860078592983e-15 -0.13052619222007103
  outer loop
    vertex 377.3500000000001 -1.0786371795745708e-13 -5.00000000000003
    vertex 377.4232594734786 -1.0786371795745708e-13 -4.443539053029609
    vertex 377.3500000000001 -5.000000000000111 -5.000000000000029
  endloop
endfacet
facet normal -0.13052619222003967 -1.1021734723867104e-15 0.991444861373812
  outer loop
    vertex 380.0564609469705 -5.000000000000111 -7.076740526521547
    vertex 380.0564609469705 -1.0786371795745708e-13 -7.076740526521536
    vertex 379.50000000000006 -5.000000000000111 -7.150000000000039
  endloop
endfacet
facet normal -0.13052619222003967 -1.1021734723867104e-15 0.991444861373812
  outer loop
    vertex 379.50000000000006 -1.0786371795745708e-13 -7.150000000000039
    vertex 379.50000000000006 -5.000000000000111 -7.150000000000039
    vertex 380.0564609469705 -1.0786371795745708e-13 -7.076740526521536
  endloop
endfacet
facet normal -0.13052619222005632 -6.837570347186247e-16 -0.9914448613738098
  outer loop
    vertex 380.0564609469705 -1.0786371795745708e-13 -2.9232594734785287
    vertex 380.05646094697045 -5.000000000000111 -2.9232594734785247
    vertex 379.50000000000006 -1.0786371795745708e-13 -2.8500000000000245
  endloop
endfacet
facet normal -0.13052619222005632 -6.837570347186247e-16 -0.9914448613738098
  outer loop
    vertex 379.5000000000001 -5.000000000000111 -2.8500000000000214
    vertex 379.50000000000006 -1.0786371795745708e-13 -2.8500000000000245
    vertex 380.05646094697045 -5.000000000000111 -2.9232594734785247
  endloop
endfacet
facet normal -0.9914448613738105 -4.546084613236997e-15 -0.13052619222005094
  outer loop
    vertex 381.6500000000001 -5.000000000000111 -5.000000000000028
    vertex 381.57674052652163 -5.000000000000111 -4.443539053029608
    vertex 381.6500000000001 -1.0786371795745708e-13 -5.000000000000031
  endloop
endfacet
facet normal -0.9914448613738105 -4.546084613236997e-15 -0.13052619222005094
  outer loop
    vertex 381.5767405265216 -1.0786371795745708e-13 -4.4435390530296095
    vertex 381.6500000000001 -1.0786371795745708e-13 -5.000000000000031
    vertex 381.57674052652163 -5.000000000000111 -4.443539053029608
  endloop
endfacet
facet normal 0.3826834323651022 1.1599596176563436e-15 -0.9238795325112816
  outer loop
    vertex 378.94353905302967 -1.0786371795745708e-13 -2.9232594734785273
    vertex 378.94353905302967 -5.000000000000111 -2.9232594734785273
    vertex 378.42500000000007 -1.0786371795745708e-13 -3.138045381863482
  endloop
endfacet
facet normal 0.3826834323651022 1.1599596176563436e-15 -0.9238795325112816
  outer loop
    vertex 378.425 -5.000000000000111 -3.1380453818635132
    vertex 378.42500000000007 -1.0786371795745708e-13 -3.138045381863482
    vertex 378.94353905302967 -5.000000000000111 -2.9232594734785273
  endloop
endfacet
facet normal 0.9238795325112797 2.51958571930995e-15 0.38268343236510705
  outer loop
    vertex 377.4232594734786 -5.000000000000111 -5.556460946970451
    vertex 377.63804538186355 -5.000000000000111 -6.075000000000021
    vertex 377.4232594734786 -1.0786371795745708e-13 -5.556460946970451
  endloop
endfacet
facet normal 0.9238795325112797 2.51958571930995e-15 0.38268343236510705
  outer loop
    vertex 377.63804538186355 -1.0786371795745708e-13 -6.075000000000033
    vertex 377.4232594734786 -1.0786371795745708e-13 -5.556460946970451
    vertex 377.63804538186355 -5.000000000000111 -6.075000000000021
  endloop
endfacet
facet normal 0.13052619222004974 3.453130127811652e-17 -0.9914448613738107
  outer loop
    vertex 379.5000000000001 -5.000000000000111 -2.8500000000000214
    vertex 378.94353905302967 -5.000000000000111 -2.9232594734785273
    vertex 379.50000000000006 -1.0786371795745708e-13 -2.8500000000000245
  endloop
endfacet
facet normal 0.13052619222004974 3.453130127811652e-17 -0.9914448613738107
  outer loop
    vertex 378.94353905302967 -1.0786371795745708e-13 -2.9232594734785273
    vertex 379.50000000000006 -1.0786371795745708e-13 -2.8500000000000245
    vertex 378.94353905302967 -5.000000000000111 -2.9232594734785273
  endloop
endfacet
facet normal 0.608761429008753 6.636751292593054e-16 0.7933533402912104
  outer loop
    vertex 378.42500000000007 -1.0786371795745708e-13 -6.86195461813658
    vertex 377.979720420449 -1.0786371795745708e-13 -6.5202795795511115
    vertex 378.425 -5.000000000000111 -6.8619546181365845
  endloop
endfacet
facet normal 0.608761429008753 6.636751292593054e-16 0.7933533402912104
  outer loop
    vertex 377.97972042044904 -5.000000000000111 -6.520279579551101
    vertex 378.425 -5.000000000000111 -6.8619546181365845
    vertex 377.979720420449 -1.0786371795745708e-13 -6.5202795795511115
  endloop
endfacet
facet normal 0.6087614290087147 -1.7830765261527313e-15 -0.7933533402912397
  outer loop
    vertex 378.42500000000007 -1.0786371795745708e-13 -3.138045381863482
    vertex 378.425 -5.000000000000111 -3.1380453818635132
    vertex 377.979720420449 -1.0786371795745708e-13 -3.4797204204489502
  endloop
endfacet
facet normal 0.6087614290087147 -1.7830765261527313e-15 -0.7933533402912397
  outer loop
    vertex 377.979720420449 -5.000000000000111 -3.4797204204489645
    vertex 377.979720420449 -1.0786371795745708e-13 -3.4797204204489502
    vertex 378.425 -5.000000000000111 -3.1380453818635132
  endloop
endfacet
facet normal -0.6087614290087183 -4.1129332641613826e-16 -0.7933533402912369
  outer loop
    vertex 381.02027957955113 -1.0786371795745708e-13 -3.4797204204489502
    vertex 381.02027957955113 -5.000000000000111 -3.479720420448942
    vertex 380.5750000000001 -1.0786371795745708e-13 -3.138045381863482
  endloop
endfacet
facet normal -0.6087614290087183 -4.1129332641613826e-16 -0.7933533402912369
  outer loop
    vertex 380.5750000000001 -5.000000000000111 -3.138045381863468
    vertex 380.5750000000001 -1.0786371795745708e-13 -3.138045381863482
    vertex 381.02027957955113 -5.000000000000111 -3.479720420448942
  endloop
endfacet
facet normal -0.38268343236508323 4.4883993921049176e-17 -0.9238795325112895
  outer loop
    vertex 380.5750000000001 -1.0786371795745708e-13 -3.138045381863482
    vertex 380.5750000000001 -5.000000000000111 -3.138045381863468
    vertex 380.0564609469705 -1.0786371795745708e-13 -2.9232594734785287
  endloop
endfacet
facet normal -0.38268343236508323 4.4883993921049176e-17 -0.9238795325112895
  outer loop
    vertex 380.05646094697045 -5.000000000000111 -2.9232594734785247
    vertex 380.0564609469705 -1.0786371795745708e-13 -2.9232594734785287
    vertex 380.5750000000001 -5.000000000000111 -3.138045381863468
  endloop
endfacet
facet normal 0.38268343236508123 -1.0378787373966817e-15 0.9238795325112903
  outer loop
    vertex 378.94353905302967 -5.000000000000111 -7.076740526521533
    vertex 378.94353905302967 -1.0786371795745708e-13 -7.076740526521535
    vertex 378.425 -5.000000000000111 -6.8619546181365845
  endloop
endfacet
facet normal 0.38268343236508123 -1.0378787373966817e-15 0.9238795325112903
  outer loop
    vertex 378.42500000000007 -1.0786371795745708e-13 -6.86195461813658
    vertex 378.425 -5.000000000000111 -6.8619546181365845
    vertex 378.94353905302967 -1.0786371795745708e-13 -7.076740526521535
  endloop
endfacet
facet normal 0.7933533402912294 5.0343448276352526e-15 0.6087614290087282
  outer loop
    vertex 377.63804538186355 -5.000000000000111 -6.075000000000021
    vertex 377.97972042044904 -5.000000000000111 -6.520279579551101
    vertex 377.63804538186355 -1.0786371795745708e-13 -6.075000000000033
  endloop
endfacet
facet normal 0.7933533402912294 5.0343448276352526e-15 0.6087614290087282
  outer loop
    vertex 377.979720420449 -1.0786371795745708e-13 -6.5202795795511115
    vertex 377.63804538186355 -1.0786371795745708e-13 -6.075000000000033
    vertex 377.97972042044904 -5.000000000000111 -6.520279579551101
  endloop
endfacet
facet normal -0.9238795325112733 1.030894472438377e-16 -0.3826834323651225
  outer loop
    vertex 381.57674052652163 -5.000000000000111 -4.443539053029608
    vertex 381.3619546181366 -5.000000000000111 -3.9250000000000322
    vertex 381.5767405265216 -1.0786371795745708e-13 -4.4435390530296095
  endloop
endfacet
facet normal -0.9238795325112733 1.030894472438377e-16 -0.3826834323651225
  outer loop
    vertex 381.3619546181366 -1.0786371795745708e-13 -3.9250000000000274
    vertex 381.5767405265216 -1.0786371795745708e-13 -4.4435390530296095
    vertex 381.3619546181366 -5.000000000000111 -3.9250000000000322
  endloop
endfacet
facet normal 1.1131446641636449e-17 -1.0 -1.7624790515924373e-17
  outer loop
    vertex 379.50000000000006 -1.0786371795745708e-13 -7.150000000000039
    vertex 380.0564609469705 -1.0786371795745708e-13 -7.076740526521536
    vertex 378.94353905302967 -1.0786371795745708e-13 -7.076740526521535
  endloop
endfacet
facet normal 1.1131446641636449e-17 -1.0 -1.7624790515924373e-17
  outer loop
    vertex 380.5750000000001 -1.0786371795745708e-13 -6.861954618136583
    vertex 378.94353905302967 -1.0786371795745708e-13 -7.076740526521535
    vertex 380.0564609469705 -1.0786371795745708e-13 -7.076740526521536
  endloop
endfacet
facet normal 1.1131446641636449e-17 -1.0 -1.7624790515924373e-17
  outer loop
    vertex 378.42500000000007 -1.0786371795745708e-13 -6.86195461813658
    vertex 378.94353905302967 -1.0786371795745708e-13 -7.076740526521535
    vertex 380.5750000000001 -1.0786371795745708e-13 -6.861954618136583
  endloop
endfacet
facet normal 1.1131446641636449e-17 -1.0 -1.7624790515924373e-17
  outer loop
    vertex 381.02027957955113 -1.0786371795745708e-13 -6.520279579551115
    vertex 378.42500000000007 -1.0786371795745708e-13 -6.86195461813658
    vertex 380.5750000000001 -1.0786371795745708e-13 -6.861954618136583
  endloop
endfacet
facet normal 1.1131446641636449e-17 -1.0 -1.7624790515924373e-17
  outer loop
    vertex 377.979720420449 -1.0786371795745708e-13 -6.5202795795511115
    vertex 378.42500000000007 -1.0786371795745708e-13 -6.86195461813658
    vertex 381.02027957955113 -1.0786371795745708e-13 -6.520279579551115
  endloop
endfacet
facet normal 1.1131446641636449e-17 -1.0 -1.7624790515924373e-17
  outer loop
    vertex 381.3619546181366 -1.0786371795745708e-13 -6.075000000000036
    vertex 377.979720420449 -1.0786371795745708e-13 -6.5202795795511115
    vertex 381.02027957955113 -1.0786371795745708e-13 -6.520279579551115
  endloop
endfacet
facet normal 1.1131446641636449e-17 -1.0 -1.7624790515924373e-17
  outer loop
    vertex 377.63804538186355 -1.0786371795745708e-13 -6.075000000000033
    vertex 377.979720420449 -1.0786371795745708e-13 -6.5202795795511115
    vertex 381.3619546181366 -1.0786371795745708e-13 -6.075000000000036
  endloop
endfacet
facet normal 1.1131446641636449e-17 -1.0 -1.7624790515924373e-17
  outer loop
    vertex 381.5767405265216 -1.0786371795745708e-13 -5.5564609469704545
    vertex 377.63804538186355 -1.0786371795745708e-13 -6.075000000000033
    vertex 381.3619546181366 -1.0786371795745708e-13 -6.075000000000036
  endloop
endfacet
facet normal 1.1131446641636449e-17 -1.0 -1.7624790515924373e-17
  outer loop
    vertex 377.4232594734786 -1.0786371795745708e-13 -5.556460946970451
    vertex 377.63804538186355 -1.0786371795745708e-13 -6.075000000000033
    vertex 381.5767405265216 -1.0786371795745708e-13 -5.5564609469704545
  endloop
endfacet
facet normal 1.1131446641636449e-17 -1.0 -1.7624790515924373e-17
  outer loop
    vertex 381.6500000000001 -1.0786371795745708e-13 -5.000000000000031
    vertex 377.4232594734786 -1.0786371795745708e-13 -5.556460946970451
    vertex 381.5767405265216 -1.0786371795745708e-13 -5.5564609469704545
  endloop
endfacet
facet normal 1.1131446641636449e-17 -1.0 -1.7624790515924373e-17
  outer loop
    vertex 377.3500000000001 -1.0786371795745708e-13 -5.00000000000003
    vertex 377.4232594734786 -1.0786371795745708e-13 -5.556460946970451
    vertex 381.6500000000001 -1.0786371795745708e-13 -5.000000000000031
  endloop
endfacet
facet normal 1.1131446641636449e-17 -1.0 -1.7624790515924373e-17
  outer loop
    vertex 381.5767405265216 -1.0786371795745708e-13 -4.4435390530296095
    vertex 377.3500000000001 -1.0786371795745708e-13 -5.00000000000003
    vertex 381.6500000000001 -1.0786371795745708e-13 -5.000000000000031
  endloop
endfacet
facet normal 1.1131446641636449e-17 -1.0 -1.7624790515924373e-17
  outer loop
    vertex 377.4232594734786 -1.0786371795745708e-13 -4.443539053029609
    vertex 377.3500000000001 -1.0786371795745708e-13 -5.00000000000003
    vertex 381.5767405265216 -1.0786371795745708e-13 -4.4435390530296095
  endloop
endfacet
facet normal 1.1131446641636449e-17 -1.0 -1.7624790515924373e-17
  outer loop
    vertex 381.3619546181366 -1.0786371795745708e-13 -3.9250000000000274
    vertex 377.4232594734786 -1.0786371795745708e-13 -4.443539053029609
    vertex 381.5767405265216 -1.0786371795745708e-13 -4.4435390530296095
  endloop
endfacet
facet normal 1.1131446641636449e-17 -1.0 -1.7624790515924373e-17
  outer loop
    vertex 377.63804538186355 -1.0786371795745708e-13 -3.925000000000026
    vertex 377.4232594734786 -1.0786371795745708e-13 -4.443539053029609
    vertex 381.3619546181366 -1.0786371795745708e-13 -3.9250000000000274
  endloop
endfacet
facet normal 1.1131446641636449e-17 -1.0 -1.7624790515924373e-17
  outer loop
    vertex 381.02027957955113 -1.0786371795745708e-13 -3.4797204204489502
    vertex 377.63804538186355 -1.0786371795745708e-13 -3.925000000000026
    vertex 381.3619546181366 -1.0786371795745708e-13 -3.9250000000000274
  endloop
endfacet
facet normal 1.1131446641636449e-17 -1.0 -1.7624790515924373e-17
  outer loop
    vertex 377.979720420449 -1.0786371795745708e-13 -3.4797204204489502
    vertex 377.63804538186355 -1.0786371795745708e-13 -3.925000000000026
    vertex 381.02027957955113 -1.0786371795745708e-13 -3.4797204204489502
  endloop
endfacet
facet normal 1.1131446641636449e-17 -1.0 -1.7624790515924373e-17
  outer loop
    vertex 378.42500000000007 -1.0786371795745708e-13 -3.138045381863482
    vertex 377.979720420449 -1.0786371795745708e-13 -3.4797204204489502
    vertex 381.02027957955113 -1.0786371795745708e-13 -3.4797204204489502
  endloop
endfacet
facet normal 1.1131446641636449e-17 -1.0 -1.7624790515924373e-17
  outer loop
    vertex 380.5750000000001 -1.0786371795745708e-13 -3.138045381863482
    vertex 378.42500000000007 -1.0786371795745708e-13 -3.138045381863482
    vertex 381.02027957955113 -1.0786371795745708e-13 -3.4797204204489502
  endloop
endfacet
facet normal 1.1131446641636449e-17 -1.0 -1.7624790515924373e-17
  outer loop
    vertex 378.94353905302967 -1.0786371795745708e-13 -2.9232594734785273
    vertex 378.42500000000007 -1.0786371795745708e-13 -3.138045381863482
    vertex 380.5750000000001 -1.0786371795745708e-13 -3.138045381863482
  endloop
endfacet
facet normal 1.1131446641636449e-17 -1.0 -1.7624790515924373e-17
  outer loop
    vertex 380.0564609469705 -1.0786371795745708e-13 -2.9232594734785287
    vertex 378.94353905302967 -1.0786371795745708e-13 -2.9232594734785273
    vertex 380.5750000000001 -1.0786371795745708e-13 -3.138045381863482
  endloop
endfacet
facet normal 1.1131446641636449e-17 -1.0 -1.7624790515924373e-17
  outer loop
    vertex 379.50000000000006 -1.0786371795745708e-13 -2.8500000000000245
    vertex 378.94353905302967 -1.0786371795745708e-13 -2.9232594734785273
    vertex 380.0564609469705 -1.0786371795745708e-13 -2.9232594734785287
  endloop
endfacet
facet normal -0.9238795325112953 2.17351752607665e-15 0.3826834323650692
  outer loop
    vertex 381.3619546181366 -5.000000000000111 -6.075000000000035
    vertex 381.5767405265215 -5.000000000000111 -5.556460946970453
    vertex 381.3619546181366 -1.0786371795745708e-13 -6.075000000000036
  endloop
endfacet
facet normal -0.9238795325112953 2.17351752607665e-15 0.3826834323650692
  outer loop
    vertex 381.5767405265216 -1.0786371795745708e-13 -5.5564609469704545
    vertex 381.3619546181366 -1.0786371795745708e-13 -6.075000000000036
    vertex 381.5767405265215 -5.000000000000111 -5.556460946970453
  endloop
endfacet
facet normal -0.9914448613738055 5.1669575809582925e-17 0.13052619222008982
  outer loop
    vertex 381.5767405265215 -5.000000000000111 -5.556460946970453
    vertex 381.6500000000001 -5.000000000000111 -5.000000000000028
    vertex 381.5767405265216 -1.0786371795745708e-13 -5.5564609469704545
  endloop
endfacet
facet normal -0.9914448613738055 5.1669575809582925e-17 0.13052619222008982
  outer loop
    vertex 381.6500000000001 -1.0786371795745708e-13 -5.000000000000031
    vertex 381.5767405265216 -1.0786371795745708e-13 -5.5564609469704545
    vertex 381.6500000000001 -5.000000000000111 -5.000000000000028
  endloop
endfacet
facet normal -0.7933533402912287 1.0818517770265613e-16 0.608761429008729
  outer loop
    vertex 381.02027957955113 -5.000000000000111 -6.5202795795511115
    vertex 381.3619546181366 -5.000000000000111 -6.075000000000035
    vertex 381.02027957955113 -1.0786371795745708e-13 -6.520279579551115
  endloop
endfacet
facet normal -0.7933533402912287 1.0818517770265613e-16 0.608761429008729
  outer loop
    vertex 381.3619546181366 -1.0786371795745708e-13 -6.075000000000036
    vertex 381.02027957955113 -1.0786371795745708e-13 -6.520279579551115
    vertex 381.3619546181366 -5.000000000000111 -6.075000000000035
  endloop
endfacet
facet normal 0.7933533402912453 1.148153001764836e-15 0.6087614290087073
  outer loop
    vertex 440.1380453818635 -5.00000000000011 -6.075000000000024
    vertex 440.47972042044904 -5.00000000000011 -6.520279579551109
    vertex 440.1380453818635 -1.071587263368201e-13 -6.0750000000000295
  endloop
endfacet
facet normal 0.7933533402912453 1.148153001764836e-15 0.6087614290087073
  outer loop
    vertex 440.47972042044904 -1.071587263368201e-13 -6.520279579551106
    vertex 440.1380453818635 -1.071587263368201e-13 -6.0750000000000295
    vertex 440.47972042044904 -5.00000000000011 -6.520279579551109
  endloop
endfacet
facet normal -0.9238795325112876 -3.247564679503731e-16 -0.3826834323650877
  outer loop
    vertex 444.0767405265216 -5.00000000000011 -4.44353905302961
    vertex 443.8619546181366 -5.00000000000011 -3.925000000000031
    vertex 444.0767405265216 -1.071587263368201e-13 -4.443539053029615
  endloop
endfacet
facet normal -0.9238795325112876 -3.247564679503731e-16 -0.3826834323650877
  outer loop
    vertex 443.8619546181366 -1.071587263368201e-13 -3.925000000000035
    vertex 444.0767405265216 -1.071587263368201e-13 -4.443539053029615
    vertex 443.8619546181366 -5.00000000000011 -3.925000000000031
  endloop
endfacet
facet normal -0.6087614290087171 1.7783220950069243e-16 0.7933533402912379
  outer loop
    vertex 443.5202795795512 -5.00000000000011 -6.5202795795511115
    vertex 443.5202795795512 -1.071587263368201e-13 -6.520279579551109
    vertex 443.07500000000005 -5.00000000000011 -6.8619546181365845
  endloop
endfacet
facet normal -0.6087614290087171 1.7783220950069243e-16 0.7933533402912379
  outer loop
    vertex 443.07500000000005 -1.071587263368201e-13 -6.861954618136573
    vertex 443.07500000000005 -5.00000000000011 -6.8619546181365845
    vertex 443.5202795795512 -1.071587263368201e-13 -6.520279579551109
  endloop
endfacet
facet normal -0.3826834323650879 -9.640517012769783e-16 0.9238795325112875
  outer loop
    vertex 443.07500000000005 -5.00000000000011 -6.8619546181365845
    vertex 443.07500000000005 -1.071587263368201e-13 -6.861954618136573
    vertex 442.5564609469705 -5.00000000000011 -7.076740526521525
  endloop
endfacet
facet normal -0.3826834323650879 -9.640517012769783e-16 0.9238795325112875
  outer loop
    vertex 442.5564609469705 -1.071587263368201e-13 -7.076740526521526
    vertex 442.5564609469705 -5.00000000000011 -7.076740526521525
    vertex 443.07500000000005 -1.071587263368201e-13 -6.861954618136573
  endloop
endfacet
facet normal 0.1305261922200501 7.378654260843658e-17 0.9914448613738107
  outer loop
    vertex 442.0000000000001 -5.00000000000011 -7.150000000000028
    vertex 442.0000000000001 -1.071587263368201e-13 -7.150000000000029
    vertex 441.4435390530296 -5.00000000000011 -7.076740526521522
  endloop
endfacet
facet normal 0.1305261922200501 7.378654260843658e-17 0.9914448613738107
  outer loop
    vertex 441.4435390530296 -1.071587263368201e-13 -7.076740526521526
    vertex 441.4435390530296 -5.00000000000011 -7.076740526521522
    vertex 442.0000000000001 -1.071587263368201e-13 -7.150000000000029
  endloop
endfacet
facet normal -0.7933533402912343 7.915388942544472e-16 0.6087614290087219
  outer loop
    vertex 443.5202795795512 -5.00000000000011 -6.5202795795511115
    vertex 443.8619546181366 -5.00000000000011 -6.0750000000000295
    vertex 443.5202795795512 -1.071587263368201e-13 -6.520279579551109
  endloop
endfacet
facet normal -0.7933533402912343 7.915388942544472e-16 0.6087614290087219
  outer loop
    vertex 443.8619546181366 -1.071587263368201e-13 -6.075000000000032
    vertex 443.5202795795512 -1.071587263368201e-13 -6.520279579551109
    vertex 443.8619546181366 -5.00000000000011 -6.0750000000000295
  endloop
endfacet
facet normal -0.9914448613738105 -8.177649201013721e-17 -0.13052619222005116
  outer loop
    vertex 444.15000000000003 -5.00000000000011 -5.000000000000032
    vertex 444.0767405265216 -5.00000000000011 -4.44353905302961
    vertex 444.15000000000003 -1.071587263368201e-13 -5.000000000000033
  endloop
endfacet
facet normal -0.9914448613738105 -8.177649201013721e-17 -0.13052619222005116
  outer loop
    vertex 444.0767405265216 -1.071587263368201e-13 -4.443539053029615
    vertex 444.15000000000003 -1.071587263368201e-13 -5.000000000000033
    vertex 444.0767405265216 -5.00000000000011 -4.44353905302961
  endloop
endfacet
facet normal -0.13052619222005088 8.29260714483525e-18 0.9914448613738105
  outer loop
    vertex 442.5564609469705 -5.00000000000011 -7.076740526521525
    vertex 442.5564609469705 -1.071587263368201e-13 -7.076740526521526
    vertex 442.0000000000001 -5.00000000000011 -7.150000000000028
  endloop
endfacet
facet normal -0.13052619222005088 8.29260714483525e-18 0.9914448613738105
  outer loop
    vertex 442.0000000000001 -1.071587263368201e-13 -7.150000000000029
    vertex 442.0000000000001 -5.00000000000011 -7.150000000000028
    vertex 442.5564609469705 -1.071587263368201e-13 -7.076740526521526
  endloop
endfacet
facet normal -0.13052619222004644 -6.606972626482646e-16 -0.9914448613738112
  outer loop
    vertex 442.5564609469705 -1.071587263368201e-13 -2.92325947347854
    vertex 442.5564609469704 -5.00000000000011 -2.9232594734785273
    vertex 442.0000000000001 -1.071587263368201e-13 -2.8500000000000356
  endloop
endfacet
facet normal -0.13052619222004644 -6.606972626482646e-16 -0.9914448613738112
  outer loop
    vertex 442.0000000000001 -5.00000000000011 -2.8500000000000356
    vertex 442.0000000000001 -1.071587263368201e-13 -2.8500000000000356
    vertex 442.5564609469704 -5.00000000000011 -2.9232594734785273
  endloop
endfacet
facet normal 0.6087614290087215 -2.60257958689303e-16 0.7933533402912345
  outer loop
    vertex 440.92500000000007 -5.00000000000011 -6.861954618136573
    vertex 440.92500000000007 -1.071587263368201e-13 -6.861954618136571
    vertex 440.47972042044904 -5.00000000000011 -6.520279579551109
  endloop
endfacet
facet normal 0.6087614290087215 -2.60257958689303e-16 0.7933533402912345
  outer loop
    vertex 440.47972042044904 -1.071587263368201e-13 -6.520279579551106
    vertex 440.47972042044904 -5.00000000000011 -6.520279579551109
    vertex 440.92500000000007 -1.071587263368201e-13 -6.861954618136571
  endloop
endfacet
facet normal -0.3826834323650841 3.046720052459139e-16 -0.9238795325112892
  outer loop
    vertex 443.07500000000005 -1.071587263368201e-13 -3.1380453818634932
    vertex 443.07500000000005 -5.00000000000011 -3.1380453818634906
    vertex 442.5564609469705 -1.071587263368201e-13 -2.92325947347854
  endloop
endfacet
facet normal -0.3826834323650841 3.046720052459139e-16 -0.9238795325112892
  outer loop
    vertex 442.5564609469704 -5.00000000000011 -2.9232594734785273
    vertex 442.5564609469705 -1.071587263368201e-13 -2.92325947347854
    vertex 443.07500000000005 -5.00000000000011 -3.1380453818634906
  endloop
endfacet
facet normal -0.7933533402912268 1.3979015913591259e-15 -0.6087614290087315
  outer loop
    vertex 443.8619546181366 -5.00000000000011 -3.925000000000031
    vertex 443.5202795795511 -5.00000000000011 -3.479720420448942
    vertex 443.8619546181366 -1.071587263368201e-13 -3.925000000000035
  endloop
endfacet
facet normal -0.7933533402912268 1.3979015913591259e-15 -0.6087614290087315
  outer loop
    vertex 443.5202795795512 -1.071587263368201e-13 -3.4797204204489587
    vertex 443.8619546181366 -1.071587263368201e-13 -3.925000000000035
    vertex 443.5202795795511 -5.00000000000011 -3.479720420448942
  endloop
endfacet
facet normal -0.9914448613738105 2.3183674248947903e-17 0.13052619222005105
  outer loop
    vertex 444.0767405265216 -5.00000000000011 -5.556460946970453
    vertex 444.15000000000003 -5.00000000000011 -5.000000000000032
    vertex 444.0767405265216 -1.071587263368201e-13 -5.556460946970454
  endloop
endfacet
facet normal -0.9914448613738105 2.3183674248947903e-17 0.13052619222005105
  outer loop
    vertex 444.15000000000003 -1.071587263368201e-13 -5.000000000000033
    vertex 444.0767405265216 -1.071587263368201e-13 -5.556460946970454
    vertex 444.15000000000003 -5.00000000000011 -5.000000000000032
  endloop
endfacet
facet normal -0.6087614290087235 1.1874446664412106e-15 -0.7933533402912328
  outer loop
    vertex 443.5202795795512 -1.071587263368201e-13 -3.4797204204489587
    vertex 443.5202795795511 -5.00000000000011 -3.479720420448942
    vertex 443.07500000000005 -1.071587263368201e-13 -3.1380453818634932
  endloop
endfacet
facet normal -0.6087614290087235 1.1874446664412106e-15 -0.7933533402912328
  outer loop
    vertex 443.07500000000005 -5.00000000000011 -3.1380453818634906
    vertex 443.07500000000005 -1.071587263368201e-13 -3.1380453818634932
    vertex 443.5202795795511 -5.00000000000011 -3.479720420448942
  endloop
endfacet
facet normal -0.9238795325112873 1.2002378444358464e-16 0.3826834323650887
  outer loop
    vertex 443.8619546181366 -5.00000000000011 -6.0750000000000295
    vertex 444.0767405265216 -5.00000000000011 -5.556460946970453
    vertex 443.8619546181366 -1.071587263368201e-13 -6.075000000000032
  endloop
endfacet
facet normal -0.9238795325112873 1.2002378444358464e-16 0.3826834323650887
  outer loop
    vertex 444.0767405265216 -1.071587263368201e-13 -5.556460946970454
    vertex 443.8619546181366 -1.071587263368201e-13 -6.075000000000032
    vertex 444.0767405265216 -5.00000000000011 -5.556460946970453
  endloop
endfacet
facet normal 0.38268343236509467 -6.798624232823527e-16 0.9238795325112849
  outer loop
    vertex 441.4435390530296 -5.00000000000011 -7.076740526521522
    vertex 441.4435390530296 -1.071587263368201e-13 -7.076740526521526
    vertex 440.92500000000007 -5.00000000000011 -6.861954618136573
  endloop
endfacet
facet normal 0.38268343236509467 -6.798624232823527e-16 0.9238795325112849
  outer loop
    vertex 440.92500000000007 -1.071587263368201e-13 -6.861954618136571
    vertex 440.92500000000007 -5.00000000000011 -6.861954618136573
    vertex 441.4435390530296 -1.071587263368201e-13 -7.076740526521526
  endloop
endfacet
facet normal 0.793353340291239 -6.603867030962366e-16 -0.6087614290087155
  outer loop
    vertex 440.47972042044904 -5.00000000000011 -3.4797204204489645
    vertex 440.1380453818635 -5.00000000000011 -3.9250000000000322
    vertex 440.47972042044904 -1.071587263368201e-13 -3.4797204204489587
  endloop
endfacet
facet normal 0.793353340291239 -6.603867030962366e-16 -0.6087614290087155
  outer loop
    vertex 440.1380453818635 -1.071587263368201e-13 -3.925000000000033
    vertex 440.47972042044904 -1.071587263368201e-13 -3.4797204204489587
    vertex 440.1380453818635 -5.00000000000011 -3.9250000000000322
  endloop
endfacet
facet normal 0.9238795325112916 9.773908412362085e-16 -0.38268343236507846
  outer loop
    vertex 440.1380453818635 -5.00000000000011 -3.9250000000000322
    vertex 439.9232594734786 -5.00000000000011 -4.443539053029614
    vertex 440.1380453818635 -1.071587263368201e-13 -3.925000000000033
  endloop
endfacet
facet normal 0.9238795325112916 9.773908412362085e-16 -0.38268343236507846
  outer loop
    vertex 439.92325947347854 -1.071587263368201e-13 -4.443539053029612
    vertex 440.1380453818635 -1.071587263368201e-13 -3.925000000000033
    vertex 439.9232594734786 -5.00000000000011 -4.443539053029614
  endloop
endfacet
facet normal 0.6087614290087104 -2.311062447903666e-16 -0.7933533402912429
  outer loop
    vertex 440.92500000000007 -1.071587263368201e-13 -3.1380453818634932
    vertex 440.92500000000007 -5.00000000000011 -3.1380453818635017
    vertex 440.47972042044904 -1.071587263368201e-13 -3.4797204204489587
  endloop
endfacet
facet normal 0.6087614290087104 -2.311062447903666e-16 -0.7933533402912429
  outer loop
    vertex 440.47972042044904 -5.00000000000011 -3.4797204204489645
    vertex 440.47972042044904 -1.071587263368201e-13 -3.4797204204489587
    vertex 440.92500000000007 -5.00000000000011 -3.1380453818635017
  endloop
endfacet
facet normal 1.1131446641636449e-17 -1.0 -1.7624790515924373e-17
  outer loop
    vertex 442.0000000000001 -1.071587263368201e-13 -7.150000000000029
    vertex 442.5564609469705 -1.071587263368201e-13 -7.076740526521526
    vertex 441.4435390530296 -1.071587263368201e-13 -7.076740526521526
  endloop
endfacet
facet normal 1.1131446641636449e-17 -1.0 -1.7624790515924373e-17
  outer loop
    vertex 440.92500000000007 -1.071587263368201e-13 -6.861954618136571
    vertex 441.4435390530296 -1.071587263368201e-13 -7.076740526521526
    vertex 442.5564609469705 -1.071587263368201e-13 -7.076740526521526
  endloop
endfacet
facet normal 1.1131446641636449e-17 -1.0 -1.7624790515924373e-17
  outer loop
    vertex 443.07500000000005 -1.071587263368201e-13 -6.861954618136573
    vertex 440.92500000000007 -1.071587263368201e-13 -6.861954618136571
    vertex 442.5564609469705 -1.071587263368201e-13 -7.076740526521526
  endloop
endfacet
facet normal 1.1131446641636449e-17 -1.0 -1.7624790515924373e-17
  outer loop
    vertex 443.5202795795512 -1.071587263368201e-13 -6.520279579551109
    vertex 440.92500000000007 -1.071587263368201e-13 -6.861954618136571
    vertex 443.07500000000005 -1.071587263368201e-13 -6.861954618136573
  endloop
endfacet
facet normal 1.1131446641636449e-17 -1.0 -1.7624790515924373e-17
  outer loop
    vertex 440.47972042044904 -1.071587263368201e-13 -6.520279579551106
    vertex 440.92500000000007 -1.071587263368201e-13 -6.861954618136571
    vertex 443.5202795795512 -1.071587263368201e-13 -6.520279579551109
  endloop
endfacet
facet normal 1.1131446641636449e-17 -1.0 -1.7624790515924373e-17
  outer loop
    vertex 443.8619546181366 -1.071587263368201e-13 -6.075000000000032
    vertex 440.47972042044904 -1.071587263368201e-13 -6.520279579551106
    vertex 443.5202795795512 -1.071587263368201e-13 -6.520279579551109
  endloop
endfacet
facet normal 1.1131446641636449e-17 -1.0 -1.7624790515924373e-17
  outer loop
    vertex 440.1380453818635 -1.071587263368201e-13 -6.0750000000000295
    vertex 440.47972042044904 -1.071587263368201e-13 -6.520279579551106
    vertex 443.8619546181366 -1.071587263368201e-13 -6.075000000000032
  endloop
endfacet
facet normal 1.1131446641636449e-17 -1.0 -1.7624790515924373e-17
  outer loop
    vertex 444.0767405265216 -1.071587263368201e-13 -5.556460946970454
    vertex 440.1380453818635 -1.071587263368201e-13 -6.0750000000000295
    vertex 443.8619546181366 -1.071587263368201e-13 -6.075000000000032
  endloop
endfacet
facet normal 1.1131446641636449e-17 -1.0 -1.7624790515924373e-17
  outer loop
    vertex 439.92325947347854 -1.071587263368201e-13 -5.55646094697045
    vertex 440.1380453818635 -1.071587263368201e-13 -6.0750000000000295
    vertex 444.0767405265216 -1.071587263368201e-13 -5.556460946970454
  endloop
endfacet
facet normal 1.1131446641636449e-17 -1.0 -1.7624790515924373e-17
  outer loop
    vertex 444.15000000000003 -1.071587263368201e-13 -5.000000000000033
    vertex 439.92325947347854 -1.071587263368201e-13 -5.55646094697045
    vertex 444.0767405265216 -1.071587263368201e-13 -5.556460946970454
  endloop
endfacet
facet normal 1.1131446641636449e-17 -1.0 -1.7624790515924373e-17
  outer loop
    vertex 439.85 -1.071587263368201e-13 -5.000000000000032
    vertex 439.92325947347854 -1.071587263368201e-13 -5.55646094697045
    vertex 444.15000000000003 -1.071587263368201e-13 -5.000000000000033
  endloop
endfacet
facet normal 1.1131446641636449e-17 -1.0 -1.7624790515924373e-17
  outer loop
    vertex 444.0767405265216 -1.071587263368201e-13 -4.443539053029615
    vertex 439.85 -1.071587263368201e-13 -5.000000000000032
    vertex 444.15000000000003 -1.071587263368201e-13 -5.000000000000033
  endloop
endfacet
facet normal 1.1131446641636449e-17 -1.0 -1.7624790515924373e-17
  outer loop
    vertex 439.92325947347854 -1.071587263368201e-13 -4.443539053029612
    vertex 439.85 -1.071587263368201e-13 -5.000000000000032
    vertex 444.0767405265216 -1.071587263368201e-13 -4.443539053029615
  endloop
endfacet
facet normal 1.1131446641636449e-17 -1.0 -1.7624790515924373e-17
  outer loop
    vertex 443.8619546181366 -1.071587263368201e-13 -3.925000000000035
    vertex 439.92325947347854 -1.071587263368201e-13 -4.443539053029612
    vertex 444.0767405265216 -1.071587263368201e-13 -4.443539053029615
  endloop
endfacet
facet normal 1.1131446641636449e-17 -1.0 -1.7624790515924373e-17
  outer loop
    vertex 440.1380453818635 -1.071587263368201e-13 -3.925000000000033
    vertex 439.92325947347854 -1.071587263368201e-13 -4.443539053029612
    vertex 443.8619546181366 -1.071587263368201e-13 -3.925000000000035
  endloop
endfacet
facet normal 1.1131446641636449e-17 -1.0 -1.7624790515924373e-17
  outer loop
    vertex 443.5202795795512 -1.071587263368201e-13 -3.4797204204489587
    vertex 440.1380453818635 -1.071587263368201e-13 -3.925000000000033
    vertex 443.8619546181366 -1.071587263368201e-13 -3.925000000000035
  endloop
endfacet
facet normal 1.1131446641636449e-17 -1.0 -1.7624790515924373e-17
  outer loop
    vertex 440.47972042044904 -1.071587263368201e-13 -3.4797204204489587
    vertex 440.1380453818635 -1.071587263368201e-13 -3.925000000000033
    vertex 443.5202795795512 -1.071587263368201e-13 -3.4797204204489587
  endloop
endfacet
facet normal 1.1131446641636449e-17 -1.0 -1.7624790515924373e-17
  outer loop
    vertex 440.92500000000007 -1.071587263368201e-13 -3.1380453818634932
    vertex 440.47972042044904 -1.071587263368201e-13 -3.4797204204489587
    vertex 443.5202795795512 -1.071587263368201e-13 -3.4797204204489587
  endloop
endfacet
facet normal 1.1131446641636449e-17 -1.0 -1.7624790515924373e-17
  outer loop
    vertex 443.07500000000005 -1.071587263368201e-13 -3.1380453818634932
    vertex 440.92500000000007 -1.071587263368201e-13 -3.1380453818634932
    vertex 443.5202795795512 -1.071587263368201e-13 -3.4797204204489587
  endloop
endfacet
facet normal 1.1131446641636449e-17 -1.0 -1.7624790515924373e-17
  outer loop
    vertex 441.44353905302967 -1.071587263368201e-13 -2.923259473478539
    vertex 440.92500000000007 -1.071587263368201e-13 -3.1380453818634932
    vertex 443.07500000000005 -1.071587263368201e-13 -3.1380453818634932
  endloop
endfacet
facet normal 1.1131446641636449e-17 -1.0 -1.7624790515924373e-17
  outer loop
    vertex 442.5564609469705 -1.071587263368201e-13 -2.92325947347854
    vertex 441.44353905302967 -1.071587263368201e-13 -2.923259473478539
    vertex 443.07500000000005 -1.071587263368201e-13 -3.1380453818634932
  endloop
endfacet
facet normal 1.1131446641636449e-17 -1.0 -1.7624790515924373e-17
  outer loop
    vertex 442.0000000000001 -1.071587263368201e-13 -2.8500000000000356
    vertex 441.44353905302967 -1.071587263368201e-13 -2.923259473478539
    vertex 442.5564609469705 -1.071587263368201e-13 -2.92325947347854
  endloop
endfacet
facet normal 0.9914448613738089 1.200428403400103e-15 0.13052619222006237
  outer loop
    vertex 439.85 -5.00000000000011 -5.000000000000034
    vertex 439.9232594734786 -5.00000000000011 -5.556460946970445
    vertex 439.85 -1.071587263368201e-13 -5.000000000000032
  endloop
endfacet
facet normal 0.9914448613738089 1.200428403400103e-15 0.13052619222006237
  outer loop
    vertex 439.92325947347854 -1.071587263368201e-13 -5.55646094697045
    vertex 439.85 -1.071587263368201e-13 -5.000000000000032
    vertex 439.9232594734786 -5.00000000000011 -5.556460946970445
  endloop
endfacet
facet normal 0.382683432365095 4.603573048809991e-16 -0.9238795325112846
  outer loop
    vertex 441.44353905302967 -1.071587263368201e-13 -2.923259473478539
    vertex 441.4435390530296 -5.00000000000011 -2.923259473478544
    vertex 440.92500000000007 -1.071587263368201e-13 -3.1380453818634932
  endloop
endfacet
facet normal 0.382683432365095 4.603573048809991e-16 -0.9238795325112846
  outer loop
    vertex 440.92500000000007 -5.00000000000011 -3.1380453818635017
    vertex 440.92500000000007 -1.071587263368201e-13 -3.1380453818634932
    vertex 441.4435390530296 -5.00000000000011 -2.923259473478544
  endloop
endfacet
facet normal 0.13052619222005488 5.697387813444616e-16 -0.99144486137381
  outer loop
    vertex 442.0000000000001 -1.071587263368201e-13 -2.8500000000000356
    vertex 442.0000000000001 -5.00000000000011 -2.8500000000000356
    vertex 441.44353905302967 -1.071587263368201e-13 -2.923259473478539
  endloop
endfacet
facet normal 0.13052619222005488 5.697387813444616e-16 -0.99144486137381
  outer loop
    vertex 441.4435390530296 -5.00000000000011 -2.923259473478544
    vertex 441.44353905302967 -1.071587263368201e-13 -2.923259473478539
    vertex 442.0000000000001 -5.00000000000011 -2.8500000000000356
  endloop
endfacet
facet normal 0.9914448613738092 1.141447016237165e-15 -0.13052619222006115
  outer loop
    vertex 439.9232594734786 -5.00000000000011 -4.443539053029614
    vertex 439.85 -5.00000000000011 -5.000000000000034
    vertex 439.92325947347854 -1.071587263368201e-13 -4.443539053029612
  endloop
endfacet
facet normal 0.9914448613738092 1.141447016237165e-15 -0.13052619222006115
  outer loop
    vertex 439.85 -1.071587263368201e-13 -5.000000000000032
    vertex 439.92325947347854 -1.071587263368201e-13 -4.443539053029612
    vertex 439.85 -5.00000000000011 -5.000000000000034
  endloop
endfacet
facet normal 0.9238795325112876 2.573121897236658e-15 0.3826834323650877
  outer loop
    vertex 439.9232594734786 -5.00000000000011 -5.556460946970445
    vertex 440.1380453818635 -5.00000000000011 -6.075000000000024
    vertex 439.92325947347854 -1.071587263368201e-13 -5.55646094697045
  endloop
endfacet
facet normal 0.9238795325112876 2.573121897236658e-15 0.3826834323650877
  outer loop
    vertex 440.1380453818635 -1.071587263368201e-13 -6.0750000000000295
    vertex 439.92325947347854 -1.071587263368201e-13 -5.55646094697045
    vertex 440.1380453818635 -5.00000000000011 -6.075000000000024
  endloop
endfacet
facet normal 0.779826400777987 -0.14587771317412485 0.6087614290087193
  outer loop
    vertex 488.11281447442815 120.5689947115322 -6.5202795795511035
    vertex 488.8466483772582 124.49189039423122 -6.5202795795511035
    vertex 487.7769915522869 120.6319615094337 -6.075000000000026
  endloop
endfacet
facet normal 0.779826400777987 -0.14587771317412485 0.6087614290087193
  outer loop
    vertex 488.51079901223505 124.55471583498534 -6.075000000000026
    vertex 487.7769915522869 120.6319615094337 -6.075000000000026
    vertex 488.8466483772582 124.49189039423122 -6.5202795795511035
  endloop
endfacet
facet normal 0.908127077811561 -0.16987819500659193 0.38268343236510427
  outer loop
    vertex 487.7769915522869 120.6319615094337 -6.075000000000026
    vertex 488.51079901223505 124.55471583498534 -6.075000000000026
    vertex 487.56588443809085 120.67154409334545 -5.55646094697045
  endloop
endfacet
facet normal 0.908127077811561 -0.16987819500659193 0.38268343236510427
  outer loop
    vertex 488.2996752753485 124.59420955807938 -5.556460946970452
    vertex 487.56588443809085 120.67154409334545 -5.55646094697045
    vertex 488.51079901223505 124.55471583498534 -6.075000000000026
  endloop
endfacet
facet normal 0.5983818432554451 -0.11193590626315907 0.7933533402912357
  outer loop
    vertex 489.28433579120895 124.41001468578057 -6.86195461813657
    vertex 488.8466483772582 124.49189039423122 -6.5202795795511035
    vertex 488.55046742734424 120.48693478286037 -6.861954618136563
  endloop
endfacet
facet normal 0.5983818432554451 -0.11193590626315907 0.7933533402912357
  outer loop
    vertex 488.11281447442815 120.5689947115322 -6.5202795795511035
    vertex 488.55046742734424 120.48693478286037 -6.861954618136563
    vertex 488.8466483772582 124.49189039423122 -6.5202795795511035
  endloop
endfacet
facet normal 0.37615855198779863 -0.07036585232319048 0.9238795325112867
  outer loop
    vertex 489.79403358013917 124.31466840385824 -7.076740526521525
    vertex 489.28433579120895 124.41001468578057 -6.86195461813657
    vertex 489.0601250855498 120.39137397194688 -7.076740526521516
  endloop
endfacet
facet normal 0.37615855198779863 -0.07036585232319048 0.9238795325112867
  outer loop
    vertex 488.55046742734424 120.48693478286037 -6.861954618136563
    vertex 489.0601250855498 120.39137397194688 -7.076740526521516
    vertex 489.28433579120895 124.41001468578057 -6.86195461813657
  endloop
endfacet
facet normal 0.12830067703357964 -0.02400048183246922 -0.9914448613738105
  outer loop
    vertex 490.34100668204877 124.21234924001007 -2.850000000000033
    vertex 489.6070551218871 120.28882459013364 -2.850000000000026
    vertex 489.79403358013917 124.31466840385828 -2.9232594734785358
  endloop
endfacet
facet normal 0.12830067703357964 -0.02400048183246922 -0.9914448613738105
  outer loop
    vertex 489.0601250855498 120.39137397194688 -2.9232594734785287
    vertex 489.79403358013917 124.31466840385828 -2.9232594734785358
    vertex 489.6070551218871 120.28882459013364 -2.850000000000026
  endloop
endfacet
facet normal 0.3761585519878034 -0.07036585232319373 -0.9238795325112844
  outer loop
    vertex 489.79403358013917 124.31466840385828 -2.9232594734785358
    vertex 489.0601250855498 120.39137397194688 -2.9232594734785287
    vertex 489.28433579120895 124.41001468578061 -3.1380453818634892
  endloop
endfacet
facet normal 0.3761585519878034 -0.07036585232319373 -0.9238795325112844
  outer loop
    vertex 488.55046742734436 120.48693478286043 -3.1380453818634866
    vertex 489.28433579120895 124.41001468578061 -3.1380453818634892
    vertex 489.0601250855498 120.39137397194688 -2.9232594734785287
  endloop
endfacet
facet normal 0.1283006770335935 -0.02400048183246826 0.9914448613738088
  outer loop
    vertex 490.34100668204877 124.21234924001007 -7.150000000000035
    vertex 489.79403358013917 124.31466840385824 -7.076740526521525
    vertex 489.6070551218871 120.28882459013364 -7.150000000000028
  endloop
endfacet
facet normal 0.1283006770335935 -0.02400048183246826 0.9914448613738088
  outer loop
    vertex 489.0601250855498 120.39137397194688 -7.076740526521516
    vertex 489.6070551218871 120.28882459013364 -7.150000000000028
    vertex 489.79403358013917 124.31466840385824 -7.076740526521525
  endloop
endfacet
facet normal -0.5983818432554421 0.11193590626315705 -0.7933533402912382
  outer loop
    vertex 491.83536498683935 123.93280808578892 -3.479720420448949
    vertex 491.10129576934605 120.00865446873507 -3.479720420448943
    vertex 491.39767757288865 124.01468379423957 -3.138045381863485
  endloop
endfacet
facet normal -0.5983818432554421 0.11193590626315705 -0.7933533402912382
  outer loop
    vertex 490.6636428164299 120.09071439740686 -3.138045381863475
    vertex 491.39767757288865 124.01468379423957 -3.138045381863485
    vertex 491.10129576934605 120.00865446873507 -3.479720420448943
  endloop
endfacet
facet normal -0.3761585519877899 0.07036585232318827 -0.9238795325112903
  outer loop
    vertex 491.39767757288865 124.01468379423957 -3.138045381863485
    vertex 490.6636428164299 120.09071439740686 -3.138045381863475
    vertex 490.8879797839584 124.1100300761619 -2.9232594734785344
  endloop
endfacet
facet normal -0.3761585519877899 0.07036585232318827 -0.9238795325112903
  outer loop
    vertex 490.1539851582244 120.1862752083204 -2.9232594734785287
    vertex 490.8879797839584 124.1100300761619 -2.9232594734785344
    vertex 490.6636428164299 120.09071439740686 -3.138045381863475
  endloop
endfacet
facet normal -0.9081270778115649 0.16987819500659138 -0.3826834323650955
  outer loop
    vertex 491.64822580568324 119.90610508692184 -4.4435390530296015
    vertex 491.4371186914873 119.94568767083359 -3.925000000000024
    vertex 492.382338088749 123.83048892194071 -4.443539053029606
  endloop
endfacet
facet normal -0.9081270778115649 0.16987819500659138 -0.3826834323650955
  outer loop
    vertex 492.17121435186255 123.8699826450348 -3.925000000000026
    vertex 492.382338088749 123.83048892194071 -4.443539053029606
    vertex 491.4371186914873 119.94568767083359 -3.925000000000024
  endloop
endfacet
facet normal -0.7798264007779826 0.1458777131741239 -0.6087614290087255
  outer loop
    vertex 491.4371186914873 119.94568767083359 -3.925000000000024
    vertex 491.10129576934605 120.00865446873507 -3.479720420448943
    vertex 492.17121435186255 123.8699826450348 -3.925000000000026
  endloop
endfacet
facet normal -0.7798264007779826 0.1458777131741239 -0.6087614290087255
  outer loop
    vertex 491.83536498683935 123.93280808578892 -3.479720420448949
    vertex 492.17121435186255 123.8699826450348 -3.925000000000026
    vertex 491.10129576934605 120.00865446873507 -3.479720420448943
  endloop
endfacet
facet normal -0.12830067703358114 0.024000481832469632 0.9914448613738105
  outer loop
    vertex 490.8879797839584 124.1100300761619 -7.076740526521532
    vertex 490.34100668204877 124.21234924001007 -7.150000000000035
    vertex 490.1539851582244 120.1862752083204 -7.076740526521523
  endloop
endfacet
facet normal -0.12830067703358114 0.024000481832469632 0.9914448613738105
  outer loop
    vertex 489.6070551218871 120.28882459013364 -7.150000000000028
    vertex 490.1539851582244 120.1862752083204 -7.076740526521523
    vertex 490.34100668204877 124.21234924001007 -7.150000000000035
  endloop
endfacet
facet normal -0.1283006770335817 0.024000481832466287 -0.9914448613738105
  outer loop
    vertex 490.8879797839584 124.1100300761619 -2.9232594734785344
    vertex 490.1539851582244 120.1862752083204 -2.9232594734785287
    vertex 490.34100668204877 124.21234924001007 -2.850000000000033
  endloop
endfacet
facet normal -0.1283006770335817 0.024000481832466287 -0.9914448613738105
  outer loop
    vertex 489.6070551218871 120.28882459013364 -2.850000000000026
    vertex 490.34100668204877 124.21234924001007 -2.850000000000033
    vertex 490.1539851582244 120.1862752083204 -2.9232594734785287
  endloop
endfacet
facet normal 0.9745403952432439 -0.18230175858635095 -0.13052619222005266
  outer loop
    vertex 487.56588443809085 120.67154409334545 -4.443539053029607
    vertex 487.49387973280153 120.68504497558716 -5.000000000000023
    vertex 488.2996752753486 124.59420955807943 -4.443539053029612
  endloop
endfacet
facet normal 0.9745403952432439 -0.18230175858635095 -0.13052619222005266
  outer loop
    vertex 488.227664900369 124.60768013155109 -5.000000000000032
    vertex 488.2996752753486 124.59420955807943 -4.443539053029612
    vertex 487.49387973280153 120.68504497558716 -5.000000000000023
  endloop
endfacet
facet normal 0.9745403952432456 -0.18230175858635247 0.13052619222003795
  outer loop
    vertex 487.56588443809085 120.67154409334545 -5.55646094697045
    vertex 488.2996752753485 124.59420955807938 -5.556460946970452
    vertex 487.49387973280153 120.68504497558716 -5.000000000000023
  endloop
endfacet
facet normal 0.9745403952432456 -0.18230175858635247 0.13052619222003795
  outer loop
    vertex 488.227664900369 124.60768013155109 -5.000000000000032
    vertex 487.49387973280153 120.68504497558716 -5.000000000000023
    vertex 488.2996752753485 124.59420955807938 -5.556460946970452
  endloop
endfacet
facet normal -0.3761585519877988 0.07036585232319302 0.9238795325112865
  outer loop
    vertex 491.39767757288865 124.01468379423957 -6.861954618136574
    vertex 490.8879797839584 124.1100300761619 -7.076740526521532
    vertex 490.6636428164299 120.09071439740686 -6.8619546181365685
  endloop
endfacet
facet normal -0.3761585519877988 0.07036585232319302 0.9238795325112865
  outer loop
    vertex 490.1539851582244 120.1862752083204 -7.076740526521523
    vertex 490.6636428164299 120.09071439740686 -6.8619546181365685
    vertex 490.8879797839584 124.1100300761619 -7.076740526521532
  endloop
endfacet
facet normal -0.9745403952432433 0.18230175858635067 0.130526192220057
  outer loop
    vertex 491.72023051097267 119.89260420468007 -5.000000000000023
    vertex 492.4543484637286 123.81701834846909 -5.00000000000003
    vertex 491.64822580568324 119.90610508692188 -5.556460946970443
  endloop
endfacet
facet normal -0.9745403952432433 0.18230175858635067 0.130526192220057
  outer loop
    vertex 492.382338088749 123.83048892194076 -5.55646094697045
    vertex 491.64822580568324 119.90610508692188 -5.556460946970443
    vertex 492.4543484637286 123.81701834846909 -5.00000000000003
  endloop
endfacet
facet normal -0.974540395243245 0.1823017585863502 -0.13052619222004422
  outer loop
    vertex 491.72023051097267 119.89260420468007 -5.000000000000023
    vertex 491.64822580568324 119.90610508692184 -4.4435390530296015
    vertex 492.4543484637286 123.81701834846909 -5.00000000000003
  endloop
endfacet
facet normal -0.974540395243245 0.1823017585863502 -0.13052619222004422
  outer loop
    vertex 492.382338088749 123.83048892194071 -4.443539053029606
    vertex 492.4543484637286 123.81701834846909 -5.00000000000003
    vertex 491.64822580568324 119.90610508692184 -4.4435390530296015
  endloop
endfacet
facet normal -0.5983818432554456 0.11193590626315945 0.7933533402912352
  outer loop
    vertex 491.83536498683935 123.93280808578892 -6.520279579551109
    vertex 491.39767757288865 124.01468379423957 -6.861954618136574
    vertex 491.10129576934605 120.00865446873507 -6.5202795795511035
  endloop
endfacet
facet normal -0.5983818432554456 0.11193590626315945 0.7933533402912352
  outer loop
    vertex 490.6636428164299 120.09071439740686 -6.8619546181365685
    vertex 491.10129576934605 120.00865446873507 -6.5202795795511035
    vertex 491.39767757288865 124.01468379423957 -6.861954618136574
  endloop
endfacet
facet normal -0.7798264007779884 0.14587771317412535 0.6087614290087179
  outer loop
    vertex 491.4371186914873 119.94568767083364 -6.075000000000024
    vertex 492.17121435186255 123.86998264503484 -6.0750000000000295
    vertex 491.10129576934605 120.00865446873507 -6.5202795795511035
  endloop
endfacet
facet normal -0.7798264007779884 0.14587771317412535 0.6087614290087179
  outer loop
    vertex 491.83536498683935 123.93280808578892 -6.520279579551109
    vertex 491.10129576934605 120.00865446873507 -6.5202795795511035
    vertex 492.17121435186255 123.86998264503484 -6.0750000000000295
  endloop
endfacet
facet normal 0.5983818432554484 -0.11193590626316025 -0.7933533402912331
  outer loop
    vertex 489.28433579120895 124.41001468578061 -3.1380453818634892
    vertex 488.55046742734436 120.48693478286043 -3.1380453818634866
    vertex 488.84664837725813 124.49189039423122 -3.4797204204489574
  endloop
endfacet
facet normal 0.5983818432554484 -0.11193590626316025 -0.7933533402912331
  outer loop
    vertex 488.11281447442815 120.5689947115322 -3.4797204204489574
    vertex 488.84664837725813 124.49189039423122 -3.4797204204489574
    vertex 488.55046742734436 120.48693478286043 -3.1380453818634866
  endloop
endfacet
facet normal 0.7798264007779866 -0.14587771317412637 -0.6087614290087199
  outer loop
    vertex 488.11281447442815 120.5689947115322 -3.4797204204489574
    vertex 487.7769915522869 120.63196150943364 -3.925000000000023
    vertex 488.84664837725813 124.49189039423122 -3.4797204204489574
  endloop
endfacet
facet normal 0.7798264007779866 -0.14587771317412637 -0.6087614290087199
  outer loop
    vertex 488.51079901223505 124.5547158349853 -3.9250000000000336
    vertex 488.84664837725813 124.49189039423122 -3.4797204204489574
    vertex 487.7769915522869 120.63196150943364 -3.925000000000023
  endloop
endfacet
facet normal -0.9081270778115655 0.1698781950065931 0.3826834323650928
  outer loop
    vertex 491.64822580568324 119.90610508692188 -5.556460946970443
    vertex 492.382338088749 123.83048892194076 -5.55646094697045
    vertex 491.4371186914873 119.94568767083364 -6.075000000000024
  endloop
endfacet
facet normal -0.9081270778115655 0.1698781950065931 0.3826834323650928
  outer loop
    vertex 492.17121435186255 123.86998264503484 -6.0750000000000295
    vertex 491.4371186914873 119.94568767083364 -6.075000000000024
    vertex 492.382338088749 123.83048892194076 -5.55646094697045
  endloop
endfacet
facet normal 0.9081270778115663 -0.16987819500659296 -0.3826834323650912
  outer loop
    vertex 487.7769915522869 120.63196150943364 -3.925000000000023
    vertex 487.56588443809085 120.67154409334545 -4.443539053029607
    vertex 488.51079901223505 124.5547158349853 -3.9250000000000336
  endloop
endfacet
facet normal 0.9081270778115663 -0.16987819500659296 -0.3826834323650912
  outer loop
    vertex 488.2996752753486 124.59420955807943 -4.443539053029612
    vertex 488.51079901223505 124.5547158349853 -3.9250000000000336
    vertex 487.56588443809085 120.67154409334545 -4.443539053029607
  endloop
endfacet
facet normal -0.5983818432554483 0.11193590626315245 0.7933533402912343
  outer loop
    vertex 446.23860329325413 132.46233634665543 -6.520279579551132
    vertex 445.80091587930343 132.54421205510616 -6.861954618136583
    vertex 445.5081241072128 128.55737415538505 -6.520279579551098
  endloop
endfacet
facet normal -0.5983818432554483 0.11193590626315245 0.7933533402912343
  outer loop
    vertex 445.07047115429657 128.63943408405683 -6.861954618136571
    vertex 445.5081241072128 128.55737415538505 -6.520279579551098
    vertex 445.80091587930343 132.54421205510616 -6.861954618136583
  endloop
endfacet
facet normal -0.7798264007779925 0.14587771317411483 0.6087614290087149
  outer loop
    vertex 445.843947029354 128.4944073574836 -6.075000000000022
    vertex 446.5744526582772 132.39951090590137 -6.075000000000022
    vertex 445.5081241072128 128.55737415538505 -6.520279579551098
  endloop
endfacet
facet normal -0.7798264007779925 0.14587771317411483 0.6087614290087149
  outer loop
    vertex 446.23860329325413 132.46233634665543 -6.520279579551132
    vertex 445.5081241072128 128.55737415538505 -6.520279579551098
    vertex 446.5744526582772 132.39951090590137 -6.075000000000022
  endloop
endfacet
facet normal 0.7798264007779941 -0.1458777131741148 0.6087614290087129
  outer loop
    vertex 442.5196428122949 129.11771439818216 -6.520279579551115
    vertex 443.2498866836729 133.0214186550978 -6.520279579551115
    vertex 442.18381989015364 129.18068119608367 -6.075000000000036
  endloop
endfacet
facet normal 0.7798264007779941 -0.1458777131741148 0.6087614290087129
  outer loop
    vertex 442.91403731864983 133.08424409585186 -6.075000000000034
    vertex 442.18381989015364 129.18068119608367 -6.075000000000036
    vertex 443.2498866836729 133.0214186550978 -6.520279579551115
  endloop
endfacet
facet normal 0.5983818432554349 -0.11193590626314728 0.793353340291245
  outer loop
    vertex 443.6875740976236 132.93954294664712 -6.861954618136566
    vertex 443.2498866836729 133.0214186550978 -6.520279579551115
    vertex 442.9572957652111 129.0356544695104 -6.861954618136571
  endloop
endfacet
facet normal 0.5983818432554349 -0.11193590626314728 0.793353340291245
  outer loop
    vertex 442.5196428122949 129.11771439818216 -6.520279579551115
    vertex 442.9572957652111 129.0356544695104 -6.861954618136571
    vertex 443.2498866836729 133.0214186550978 -6.520279579551115
  endloop
endfacet
facet normal 0.37615855198779763 -0.07036585232318507 0.9238795325112875
  outer loop
    vertex 444.1972718865539 132.8441966647248 -7.076740526521523
    vertex 443.6875740976236 132.93954294664712 -6.861954618136566
    vertex 443.46695342341656 128.94009365859685 -7.076740526521523
  endloop
endfacet
facet normal 0.37615855198779763 -0.07036585232318507 0.9238795325112875
  outer loop
    vertex 442.9572957652111 129.0356544695104 -6.861954618136571
    vertex 443.46695342341656 128.94009365859685 -7.076740526521523
    vertex 443.6875740976236 132.93954294664712 -6.861954618136566
  endloop
endfacet
facet normal 0.9745403952432433 -0.18230175858634004 0.13052619222007134
  outer loop
    vertex 441.9727127759576 129.2202637799954 -5.556460946970456
    vertex 442.70291358176326 133.12373781894595 -5.556460946970454
    vertex 441.90070807066826 129.23376466223718 -5.000000000000033
  endloop
endfacet
facet normal 0.9745403952432433 -0.18230175858634004 0.13052619222007134
  outer loop
    vertex 442.6309032067838 133.13720839241762 -5.0000000000000355
    vertex 441.90070807066826 129.23376466223718 -5.000000000000033
    vertex 442.70291358176326 133.12373781894595 -5.556460946970454
  endloop
endfacet
facet normal 0.9081270778115691 -0.16987819500658136 0.3826834323650898
  outer loop
    vertex 442.18381989015364 129.18068119608367 -6.075000000000036
    vertex 442.91403731864983 133.08424409585186 -6.075000000000034
    vertex 441.9727127759576 129.2202637799954 -5.556460946970456
  endloop
endfacet
facet normal 0.9081270778115691 -0.16987819500658136 0.3826834323650898
  outer loop
    vertex 442.70291358176326 133.12373781894595 -5.556460946970454
    vertex 441.9727127759576 129.2202637799954 -5.556460946970456
    vertex 442.91403731864983 133.08424409585186 -6.075000000000034
  endloop
endfacet
facet normal -0.3761585519877966 0.07036585232318586 -0.9238795325112878
  outer loop
    vertex 445.80091587930343 132.5442120551061 -3.1380453818634866
    vertex 445.07047115429657 128.63943408405686 -3.1380453818634866
    vertex 445.2912180903731 132.63955833702846 -2.9232594734785344
  endloop
endfacet
facet normal -0.3761585519877966 0.07036585232318586 -0.9238795325112878
  outer loop
    vertex 444.5608134960911 128.73499489497036 -2.9232594734785344
    vertex 445.2912180903731 132.63955833702846 -2.9232594734785344
    vertex 445.07047115429657 128.63943408405686 -3.1380453818634866
  endloop
endfacet
facet normal -0.5983818432554485 0.11193590626315202 -0.7933533402912342
  outer loop
    vertex 446.23860329325413 132.4623363466555 -3.4797204204489542
    vertex 445.5081241072128 128.55737415538505 -3.4797204204489574
    vertex 445.80091587930343 132.5442120551061 -3.1380453818634866
  endloop
endfacet
facet normal -0.5983818432554485 0.11193590626315202 -0.7933533402912342
  outer loop
    vertex 445.07047115429657 128.63943408405686 -3.1380453818634866
    vertex 445.80091587930343 132.5442120551061 -3.1380453818634866
    vertex 445.5081241072128 128.55737415538505 -3.4797204204489574
  endloop
endfacet
facet normal -0.9081270778115627 0.1698781950065801 0.38268343236510544
  outer loop
    vertex 446.0550541435501 128.4548247735718 -5.556460946970447
    vertex 446.7855763951638 132.36001718280727 -5.55646094697045
    vertex 445.843947029354 128.4944073574836 -6.075000000000022
  endloop
endfacet
facet normal -0.9081270778115627 0.1698781950065801 0.38268343236510544
  outer loop
    vertex 446.5744526582772 132.39951090590137 -6.075000000000022
    vertex 445.843947029354 128.4944073574836 -6.075000000000022
    vertex 446.7855763951638 132.36001718280727 -5.55646094697045
  endloop
endfacet
facet normal -0.3761585519877967 0.0703658523231875 0.9238795325112878
  outer loop
    vertex 445.80091587930343 132.54421205510616 -6.861954618136583
    vertex 445.2912180903732 132.63955833702846 -7.076740526521526
    vertex 445.07047115429657 128.63943408405683 -6.861954618136571
  endloop
endfacet
facet normal -0.3761585519877967 0.0703658523231875 0.9238795325112878
  outer loop
    vertex 444.5608134960911 128.73499489497036 -7.076740526521526
    vertex 445.07047115429657 128.63943408405683 -6.861954618136571
    vertex 445.2912180903732 132.63955833702846 -7.076740526521526
  endloop
endfacet
facet normal 0.12830067703358294 -0.02400048183246621 -0.9914448613738103
  outer loop
    vertex 444.74424498846355 132.74187750087663 -2.85000000000004
    vertex 444.0138834597538 128.8375442767836 -2.8500000000000427
    vertex 444.19727188655395 132.8441966647248 -2.923259473478543
  endloop
endfacet
facet normal 0.12830067703358294 -0.02400048183246621 -0.9914448613738103
  outer loop
    vertex 443.4669534234165 128.94009365859685 -2.9232594734785486
    vertex 444.19727188655395 132.8441966647248 -2.923259473478543
    vertex 444.0138834597538 128.8375442767836 -2.8500000000000427
  endloop
endfacet
facet normal 0.37615855198779585 -0.070365852323186 -0.9238795325112881
  outer loop
    vertex 444.19727188655395 132.8441966647248 -2.923259473478543
    vertex 443.4669534234165 128.94009365859685 -2.9232594734785486
    vertex 443.6875740976236 132.93954294664712 -3.1380453818634892
  endloop
endfacet
facet normal 0.37615855198779585 -0.070365852323186 -0.9238795325112881
  outer loop
    vertex 442.9572957652111 129.0356544695104 -3.1380453818635003
    vertex 443.6875740976236 132.93954294664712 -3.1380453818634892
    vertex 443.4669534234165 128.94009365859685 -2.9232594734785486
  endloop
endfacet
facet normal -0.9745403952432437 0.18230175858633912 0.13052619222006945
  outer loop
    vertex 446.1270588488394 128.44132389133003 -5.00000000000003
    vertex 446.85758677014326 132.3465466093356 -5.00000000000003
    vertex 446.0550541435501 128.4548247735718 -5.556460946970447
  endloop
endfacet
facet normal -0.9745403952432437 0.18230175858633912 0.13052619222006945
  outer loop
    vertex 446.7855763951638 132.36001718280727 -5.55646094697045
    vertex 446.0550541435501 128.4548247735718 -5.556460946970447
    vertex 446.85758677014326 132.3465466093356 -5.00000000000003
  endloop
endfacet
facet normal 0.5983818432554583 -0.11193590626315003 -0.793353340291227
  outer loop
    vertex 443.6875740976236 132.93954294664712 -3.1380453818634892
    vertex 442.9572957652111 129.0356544695104 -3.1380453818635003
    vertex 443.2498866836729 133.0214186550978 -3.4797204204489742
  endloop
endfacet
facet normal 0.5983818432554583 -0.11193590626315003 -0.793353340291227
  outer loop
    vertex 442.5196428122949 129.11771439818213 -3.4797204204489627
    vertex 443.2498866836729 133.0214186550978 -3.4797204204489742
    vertex 442.9572957652111 129.0356544695104 -3.1380453818635003
  endloop
endfacet
facet normal -0.9081270778115734 0.16987819500658305 -0.3826834323650786
  outer loop
    vertex 446.0550541435501 128.4548247735718 -4.443539053029609
    vertex 445.843947029354 128.49440735748357 -3.9250000000000296
    vertex 446.7855763951638 132.36001718280727 -4.4435390530296095
  endloop
endfacet
facet normal -0.9081270778115734 0.16987819500658305 -0.3826834323650786
  outer loop
    vertex 446.5744526582773 132.3995109059014 -3.9250000000000274
    vertex 446.7855763951638 132.36001718280727 -4.4435390530296095
    vertex 445.843947029354 128.49440735748357 -3.9250000000000296
  endloop
endfacet
facet normal -0.7798264007779792 0.1458777131741135 -0.6087614290087324
  outer loop
    vertex 445.843947029354 128.49440735748357 -3.9250000000000296
    vertex 445.5081241072128 128.55737415538505 -3.4797204204489574
    vertex 446.5744526582773 132.3995109059014 -3.9250000000000274
  endloop
endfacet
facet normal -0.7798264007779792 0.1458777131741135 -0.6087614290087324
  outer loop
    vertex 446.23860329325413 132.4623363466555 -3.4797204204489542
    vertex 446.5744526582773 132.3995109059014 -3.9250000000000274
    vertex 445.5081241072128 128.55737415538505 -3.4797204204489574
  endloop
endfacet
facet normal 0.7798264007779818 -0.1458777131741101 -0.6087614290087296
  outer loop
    vertex 442.5196428122949 129.11771439818213 -3.4797204204489627
    vertex 442.18381989015364 129.18068119608367 -3.9250000000000247
    vertex 443.2498866836729 133.0214186550978 -3.4797204204489742
  endloop
endfacet
facet normal 0.7798264007779818 -0.1458777131741101 -0.6087614290087296
  outer loop
    vertex 442.91403731864983 133.08424409585186 -3.9250000000000322
    vertex 443.2498866836729 133.0214186550978 -3.4797204204489742
    vertex 442.18381989015364 129.18068119608367 -3.9250000000000247
  endloop
endfacet
facet normal 0.9081270778115609 -0.16987819500658186 -0.3826834323651094
  outer loop
    vertex 442.18381989015364 129.18068119608367 -3.9250000000000247
    vertex 441.9727127759576 129.22026377999546 -4.443539053029605
    vertex 442.91403731864983 133.08424409585186 -3.9250000000000322
  endloop
endfacet
facet normal 0.9081270778115609 -0.16987819500658186 -0.3826834323651094
  outer loop
    vertex 442.70291358176326 133.12373781894595 -4.443539053029612
    vertex 442.91403731864983 133.08424409585186 -3.9250000000000322
    vertex 441.9727127759576 129.22026377999546 -4.443539053029605
  endloop
endfacet
facet normal 0.9745403952432466 -0.18230175858634187 -0.1305261922200437
  outer loop
    vertex 441.9727127759576 129.22026377999546 -4.443539053029605
    vertex 441.90070807066826 129.23376466223718 -5.000000000000033
    vertex 442.70291358176326 133.12373781894595 -4.443539053029612
  endloop
endfacet
facet normal 0.9745403952432466 -0.18230175858634187 -0.1305261922200437
  outer loop
    vertex 442.6309032067838 133.13720839241762 -5.0000000000000355
    vertex 442.70291358176326 133.12373781894595 -4.443539053029612
    vertex 441.90070807066826 129.23376466223718 -5.000000000000033
  endloop
endfacet
facet normal 0.12830067703359174 -0.02400048183246746 0.9914448613738092
  outer loop
    vertex 444.74424498846355 132.74187750087663 -7.150000000000032
    vertex 444.1972718865539 132.8441966647248 -7.076740526521523
    vertex 444.0138834597538 128.8375442767836 -7.1500000000000306
  endloop
endfacet
facet normal 0.12830067703359174 -0.02400048183246746 0.9914448613738092
  outer loop
    vertex 443.46695342341656 128.94009365859685 -7.076740526521523
    vertex 444.0138834597538 128.8375442767836 -7.1500000000000306
    vertex 444.1972718865539 132.8441966647248 -7.076740526521523
  endloop
endfacet
facet normal -0.9745403952432441 0.1823017585863398 -0.13052619222006523
  outer loop
    vertex 446.1270588488394 128.44132389133003 -5.00000000000003
    vertex 446.0550541435501 128.4548247735718 -4.443539053029609
    vertex 446.85758677014326 132.3465466093356 -5.00000000000003
  endloop
endfacet
facet normal -0.9745403952432441 0.1823017585863398 -0.13052619222006523
  outer loop
    vertex 446.7855763951638 132.36001718280727 -4.4435390530296095
    vertex 446.85758677014326 132.3465466093356 -5.00000000000003
    vertex 446.0550541435501 128.4548247735718 -4.443539053029609
  endloop
endfacet
facet normal -0.12830067703356254 0.024000481832463103 -0.9914448613738129
  outer loop
    vertex 445.2912180903731 132.63955833702846 -2.9232594734785344
    vertex 444.5608134960911 128.73499489497036 -2.9232594734785344
    vertex 444.74424498846355 132.74187750087663 -2.85000000000004
  endloop
endfacet
facet normal -0.12830067703356254 0.024000481832463103 -0.9914448613738129
  outer loop
    vertex 444.0138834597538 128.8375442767836 -2.8500000000000427
    vertex 444.74424498846355 132.74187750087663 -2.85000000000004
    vertex 444.5608134960911 128.73499489497036 -2.9232594734785344
  endloop
endfacet
facet normal -0.12830067703358383 0.024000481832466787 0.99144486137381
  outer loop
    vertex 445.2912180903732 132.63955833702846 -7.076740526521526
    vertex 444.74424498846355 132.74187750087663 -7.150000000000032
    vertex 444.5608134960911 128.73499489497036 -7.076740526521526
  endloop
endfacet
facet normal -0.12830067703358383 0.024000481832466787 0.99144486137381
  outer loop
    vertex 444.0138834597538 128.8375442767836 -7.1500000000000306
    vertex 444.5608134960911 128.73499489497036 -7.076740526521526
    vertex 444.74424498846355 132.74187750087663 -7.150000000000032
  endloop
endfacet
facet normal 0.7933533402912321 1.3741358428368906e-15 -0.6087614290087247
  outer loop
    vertex 413.47972042044904 130.4999999999999 -3.479720420448956
    vertex 413.1380453818635 130.4999999999999 -3.9250000000000345
    vertex 413.47972042044904 135.4999999999999 -3.479720420448984
  endloop
endfacet
facet normal 0.7933533402912321 1.3741358428368906e-15 -0.6087614290087247
  outer loop
    vertex 413.1380453818635 135.49999999999994 -3.9250000000000296
    vertex 413.47972042044904 135.4999999999999 -3.479720420448984
    vertex 413.1380453818635 130.4999999999999 -3.9250000000000345
  endloop
endfacet
facet normal -0.6087614290087154 -1.383391768789573e-15 -0.7933533402912393
  outer loop
    vertex 416.5202795795512 135.4999999999999 -3.4797204204489502
    vertex 416.5202795795512 130.4999999999999 -3.479720420448956
    vertex 416.07500000000005 135.4999999999999 -3.138045381863488
  endloop
endfacet
facet normal -0.6087614290087154 -1.383391768789573e-15 -0.7933533402912393
  outer loop
    vertex 416.07500000000005 130.4999999999999 -3.1380453818634906
    vertex 416.07500000000005 135.4999999999999 -3.138045381863488
    vertex 416.5202795795512 130.4999999999999 -3.479720420448956
  endloop
endfacet
facet normal -0.13052619222004158 9.871306121063975e-16 -0.9914448613738118
  outer loop
    vertex 415.5564609469705 135.4999999999999 -2.9232594734785247
    vertex 415.5564609469705 130.4999999999999 -2.9232594734785358
    vertex 415.0000000000001 135.4999999999999 -2.8500000000000356
  endloop
endfacet
facet normal -0.13052619222004158 9.871306121063975e-16 -0.9914448613738118
  outer loop
    vertex 415.0000000000001 130.4999999999999 -2.8500000000000356
    vertex 415.0000000000001 135.4999999999999 -2.8500000000000356
    vertex 415.5564609469705 130.4999999999999 -2.9232594734785358
  endloop
endfacet
facet normal 0.1305261922200558 -1.2242075479150868e-15 -0.9914448613738098
  outer loop
    vertex 415.0000000000001 135.4999999999999 -2.8500000000000356
    vertex 415.0000000000001 130.4999999999999 -2.8500000000000356
    vertex 414.4435390530296 135.4999999999999 -2.9232594734785526
  endloop
endfacet
facet normal 0.1305261922200558 -1.2242075479150868e-15 -0.9914448613738098
  outer loop
    vertex 414.44353905302967 130.4999999999999 -2.923259473478539
    vertex 414.4435390530296 135.4999999999999 -2.9232594734785526
    vertex 415.0000000000001 130.4999999999999 -2.8500000000000356
  endloop
endfacet
facet normal 0.6087614290087344 3.2027282863339877e-16 -0.7933533402912245
  outer loop
    vertex 413.92500000000007 135.4999999999999 -3.138045381863505
    vertex 413.92500000000007 130.4999999999999 -3.1380453818634906
    vertex 413.47972042044904 135.4999999999999 -3.479720420448984
  endloop
endfacet
facet normal 0.6087614290087344 3.2027282863339877e-16 -0.7933533402912245
  outer loop
    vertex 413.47972042044904 130.4999999999999 -3.479720420448956
    vertex 413.47972042044904 135.4999999999999 -3.479720420448984
    vertex 413.92500000000007 130.4999999999999 -3.1380453818634906
  endloop
endfacet
facet normal 0.9238795325112878 2.452992637188325e-15 -0.3826834323650876
  outer loop
    vertex 413.1380453818635 130.4999999999999 -3.9250000000000345
    vertex 412.9232594734786 130.4999999999999 -4.443539053029614
    vertex 413.1380453818635 135.49999999999994 -3.9250000000000296
  endloop
endfacet
facet normal 0.9238795325112878 2.452992637188325e-15 -0.3826834323650876
  outer loop
    vertex 412.92325947347854 135.49999999999994 -4.4435390530296095
    vertex 413.1380453818635 135.49999999999994 -3.9250000000000296
    vertex 412.9232594734786 130.4999999999999 -4.443539053029614
  endloop
endfacet
facet normal 0.9914448613738118 1.1775477655873053e-15 -0.13052619222004122
  outer loop
    vertex 412.9232594734786 130.4999999999999 -4.443539053029614
    vertex 412.85 130.4999999999999 -5.000000000000032
    vertex 412.92325947347854 135.49999999999994 -4.4435390530296095
  endloop
endfacet
facet normal 0.9914448613738118 1.1775477655873053e-15 -0.13052619222004122
  outer loop
    vertex 412.85 135.4999999999999 -5.000000000000033
    vertex 412.92325947347854 135.49999999999994 -4.4435390530296095
    vertex 412.85 130.4999999999999 -5.000000000000032
  endloop
endfacet
facet normal 0.9914448613738105 -2.751080541230971e-17 0.13052619222005182
  outer loop
    vertex 412.85 130.4999999999999 -5.000000000000032
    vertex 412.9232594734786 130.4999999999999 -5.556460946970451
    vertex 412.85 135.4999999999999 -5.000000000000033
  endloop
endfacet
facet normal 0.9914448613738105 -2.751080541230971e-17 0.13052619222005182
  outer loop
    vertex 412.9232594734786 135.49999999999994 -5.556460946970447
    vertex 412.85 135.4999999999999 -5.000000000000033
    vertex 412.9232594734786 130.4999999999999 -5.556460946970451
  endloop
endfacet
facet normal 0.9238795325112878 -2.405855709557064e-16 0.3826834323650876
  outer loop
    vertex 412.9232594734786 130.4999999999999 -5.556460946970451
    vertex 413.1380453818635 130.4999999999999 -6.07500000000003
    vertex 412.9232594734786 135.49999999999994 -5.556460946970447
  endloop
endfacet
facet normal 0.9238795325112878 -2.405855709557064e-16 0.3826834323650876
  outer loop
    vertex 413.1380453818635 135.49999999999994 -6.075000000000028
    vertex 412.9232594734786 135.49999999999994 -5.556460946970447
    vertex 413.1380453818635 130.4999999999999 -6.07500000000003
  endloop
endfacet
facet normal -0.3826834323650947 1.5109806898200664e-16 -0.9238795325112849
  outer loop
    vertex 416.07500000000005 135.4999999999999 -3.138045381863488
    vertex 416.07500000000005 130.4999999999999 -3.1380453818634906
    vertex 415.5564609469705 135.4999999999999 -2.9232594734785247
  endloop
endfacet
facet normal -0.3826834323650947 1.5109806898200664e-16 -0.9238795325112849
  outer loop
    vertex 415.5564609469705 130.4999999999999 -2.9232594734785358
    vertex 415.5564609469705 135.4999999999999 -2.9232594734785247
    vertex 416.07500000000005 130.4999999999999 -3.1380453818634906
  endloop
endfacet
facet normal 0.38268343236508967 1.3874072743868986e-16 -0.9238795325112868
  outer loop
    vertex 414.44353905302967 130.4999999999999 -2.923259473478539
    vertex 413.92500000000007 130.4999999999999 -3.1380453818634906
    vertex 414.4435390530296 135.4999999999999 -2.9232594734785526
  endloop
endfacet
facet normal 0.38268343236508967 1.3874072743868986e-16 -0.9238795325112868
  outer loop
    vertex 413.92500000000007 135.4999999999999 -3.138045381863505
    vertex 414.4435390530296 135.4999999999999 -2.9232594734785526
    vertex 413.92500000000007 130.4999999999999 -3.1380453818634906
  endloop
endfacet
facet normal -0.9238795325112873 1.8490794591193021e-16 -0.3826834323650883
  outer loop
    vertex 417.0767405265216 130.4999999999999 -4.443539053029611
    vertex 416.8619546181366 130.4999999999999 -3.925000000000033
    vertex 417.0767405265216 135.4999999999999 -4.443539053029609
  endloop
endfacet
facet normal -0.9238795325112873 1.8490794591193021e-16 -0.3826834323650883
  outer loop
    vertex 416.8619546181366 135.4999999999999 -3.92500000000003
    vertex 417.0767405265216 135.4999999999999 -4.443539053029609
    vertex 416.8619546181366 130.4999999999999 -3.925000000000033
  endloop
endfacet
facet normal -0.793353340291229 -1.2705796900402162e-15 -0.6087614290087289
  outer loop
    vertex 416.8619546181366 130.4999999999999 -3.925000000000033
    vertex 416.5202795795512 130.4999999999999 -3.479720420448956
    vertex 416.8619546181366 135.4999999999999 -3.92500000000003
  endloop
endfacet
facet normal -0.793353340291229 -1.2705796900402162e-15 -0.6087614290087289
  outer loop
    vertex 416.5202795795512 135.4999999999999 -3.4797204204489502
    vertex 416.8619546181366 135.4999999999999 -3.92500000000003
    vertex 416.5202795795512 130.4999999999999 -3.479720420448956
  endloop
endfacet
facet normal -1.1131446641636449e-17 1.0 1.762479051592208e-17
  outer loop
    vertex 415.0000000000001 130.4999999999999 -7.150000000000028
    vertex 414.44353905302967 130.4999999999999 -7.076740526521525
    vertex 415.5564609469705 130.4999999999999 -7.076740526521523
  endloop
endfacet
facet normal -1.1131446641636449e-17 1.0 1.762479051592208e-17
  outer loop
    vertex 413.92500000000007 130.4999999999999 -6.861954618136571
    vertex 415.5564609469705 130.4999999999999 -7.076740526521523
    vertex 414.44353905302967 130.4999999999999 -7.076740526521525
  endloop
endfacet
facet normal -1.1131446641636449e-17 1.0 1.762479051592208e-17
  outer loop
    vertex 416.0750000000001 130.4999999999999 -6.861954618136571
    vertex 415.5564609469705 130.4999999999999 -7.076740526521523
    vertex 413.92500000000007 130.4999999999999 -6.861954618136571
  endloop
endfacet
facet normal -1.1131446641636449e-17 1.0 1.762479051592208e-17
  outer loop
    vertex 416.5202795795512 130.4999999999999 -6.520279579551106
    vertex 416.0750000000001 130.4999999999999 -6.861954618136571
    vertex 413.92500000000007 130.4999999999999 -6.861954618136571
  endloop
endfacet
facet normal -1.1131446641636449e-17 1.0 1.762479051592208e-17
  outer loop
    vertex 413.47972042044904 130.4999999999999 -6.520279579551106
    vertex 416.5202795795512 130.4999999999999 -6.520279579551106
    vertex 413.92500000000007 130.4999999999999 -6.861954618136571
  endloop
endfacet
facet normal -1.1131446641636449e-17 1.0 1.762479051592208e-17
  outer loop
    vertex 416.8619546181366 130.4999999999999 -6.0750000000000295
    vertex 416.5202795795512 130.4999999999999 -6.520279579551106
    vertex 413.47972042044904 130.4999999999999 -6.520279579551106
  endloop
endfacet
facet normal -1.1131446641636449e-17 1.0 1.762479051592208e-17
  outer loop
    vertex 413.1380453818635 130.4999999999999 -6.07500000000003
    vertex 416.8619546181366 130.4999999999999 -6.0750000000000295
    vertex 413.47972042044904 130.4999999999999 -6.520279579551106
  endloop
endfacet
facet normal -1.1131446641636449e-17 1.0 1.762479051592208e-17
  outer loop
    vertex 412.9232594734786 130.4999999999999 -5.556460946970451
    vertex 416.8619546181366 130.4999999999999 -6.0750000000000295
    vertex 413.1380453818635 130.4999999999999 -6.07500000000003
  endloop
endfacet
facet normal -1.1131446641636449e-17 1.0 1.762479051592208e-17
  outer loop
    vertex 417.0767405265216 130.4999999999999 -5.55646094697045
    vertex 416.8619546181366 130.4999999999999 -6.0750000000000295
    vertex 412.9232594734786 130.4999999999999 -5.556460946970451
  endloop
endfacet
facet normal -1.1131446641636449e-17 1.0 1.762479051592208e-17
  outer loop
    vertex 412.85 130.4999999999999 -5.000000000000032
    vertex 417.0767405265216 130.4999999999999 -5.55646094697045
    vertex 412.9232594734786 130.4999999999999 -5.556460946970451
  endloop
endfacet
facet normal -1.1131446641636449e-17 1.0 1.762479051592208e-17
  outer loop
    vertex 417.15000000000003 130.4999999999999 -5.000000000000032
    vertex 417.0767405265216 130.4999999999999 -5.55646094697045
    vertex 412.85 130.4999999999999 -5.000000000000032
  endloop
endfacet
facet normal -1.1131446641636449e-17 1.0 1.762479051592208e-17
  outer loop
    vertex 417.0767405265216 130.4999999999999 -4.443539053029611
    vertex 417.15000000000003 130.4999999999999 -5.000000000000032
    vertex 412.85 130.4999999999999 -5.000000000000032
  endloop
endfacet
facet normal -1.1131446641636449e-17 1.0 1.762479051592208e-17
  outer loop
    vertex 412.9232594734786 130.4999999999999 -4.443539053029614
    vertex 417.0767405265216 130.4999999999999 -4.443539053029611
    vertex 412.85 130.4999999999999 -5.000000000000032
  endloop
endfacet
facet normal -1.1131446641636449e-17 1.0 1.762479051592208e-17
  outer loop
    vertex 413.1380453818635 130.4999999999999 -3.9250000000000345
    vertex 417.0767405265216 130.4999999999999 -4.443539053029611
    vertex 412.9232594734786 130.4999999999999 -4.443539053029614
  endloop
endfacet
facet normal -1.1131446641636449e-17 1.0 1.762479051592208e-17
  outer loop
    vertex 416.8619546181366 130.4999999999999 -3.925000000000033
    vertex 417.0767405265216 130.4999999999999 -4.443539053029611
    vertex 413.1380453818635 130.4999999999999 -3.9250000000000345
  endloop
endfacet
facet normal -1.1131446641636449e-17 1.0 1.762479051592208e-17
  outer loop
    vertex 413.47972042044904 130.4999999999999 -3.479720420448956
    vertex 416.8619546181366 130.4999999999999 -3.925000000000033
    vertex 413.1380453818635 130.4999999999999 -3.9250000000000345
  endloop
endfacet
facet normal -1.1131446641636449e-17 1.0 1.762479051592208e-17
  outer loop
    vertex 416.5202795795512 130.4999999999999 -3.479720420448956
    vertex 416.8619546181366 130.4999999999999 -3.925000000000033
    vertex 413.47972042044904 130.4999999999999 -3.479720420448956
  endloop
endfacet
facet normal -1.1131446641636449e-17 1.0 1.762479051592208e-17
  outer loop
    vertex 416.07500000000005 130.4999999999999 -3.1380453818634906
    vertex 416.5202795795512 130.4999999999999 -3.479720420448956
    vertex 413.47972042044904 130.4999999999999 -3.479720420448956
  endloop
endfacet
facet normal -1.1131446641636449e-17 1.0 1.762479051592208e-17
  outer loop
    vertex 413.92500000000007 130.4999999999999 -3.1380453818634906
    vertex 416.07500000000005 130.4999999999999 -3.1380453818634906
    vertex 413.47972042044904 130.4999999999999 -3.479720420448956
  endloop
endfacet
facet normal -1.1131446641636449e-17 1.0 1.762479051592208e-17
  outer loop
    vertex 415.5564609469705 130.4999999999999 -2.9232594734785358
    vertex 416.07500000000005 130.4999999999999 -3.1380453818634906
    vertex 413.92500000000007 130.4999999999999 -3.1380453818634906
  endloop
endfacet
facet normal -1.1131446641636449e-17 1.0 1.762479051592208e-17
  outer loop
    vertex 414.44353905302967 130.4999999999999 -2.923259473478539
    vertex 415.5564609469705 130.4999999999999 -2.9232594734785358
    vertex 413.92500000000007 130.4999999999999 -3.1380453818634906
  endloop
endfacet
facet normal -1.1131446641636449e-17 1.0 1.762479051592208e-17
  outer loop
    vertex 415.0000000000001 130.4999999999999 -2.8500000000000356
    vertex 415.5564609469705 130.4999999999999 -2.9232594734785358
    vertex 414.44353905302967 130.4999999999999 -2.923259473478539
  endloop
endfacet
facet normal -0.9238795325112873 -1.5118017961875616e-16 0.3826834323650883
  outer loop
    vertex 416.8619546181366 130.4999999999999 -6.0750000000000295
    vertex 417.0767405265216 130.4999999999999 -5.55646094697045
    vertex 416.8619546181366 135.49999999999994 -6.075000000000027
  endloop
endfacet
facet normal -0.9238795325112873 -1.5118017961875616e-16 0.3826834323650883
  outer loop
    vertex 417.0767405265216 135.4999999999999 -5.55646094697045
    vertex 416.8619546181366 135.49999999999994 -6.075000000000027
    vertex 417.0767405265216 130.4999999999999 -5.55646094697045
  endloop
endfacet
facet normal 0.13052619222006726 -4.065709036717638e-16 0.9914448613738084
  outer loop
    vertex 415.0000000000001 130.4999999999999 -7.150000000000028
    vertex 415.0 135.4999999999999 -7.1500000000000306
    vertex 414.44353905302967 130.4999999999999 -7.076740526521525
  endloop
endfacet
facet normal 0.13052619222006726 -4.065709036717638e-16 0.9914448613738084
  outer loop
    vertex 414.4435390530296 135.4999999999999 -7.076740526521511
    vertex 414.44353905302967 130.4999999999999 -7.076740526521525
    vertex 415.0 135.4999999999999 -7.1500000000000306
  endloop
endfacet
facet normal -0.7933533402912392 -1.0527370776495885e-16 0.6087614290087154
  outer loop
    vertex 416.5202795795512 130.4999999999999 -6.520279579551106
    vertex 416.8619546181366 130.4999999999999 -6.0750000000000295
    vertex 416.5202795795512 135.4999999999999 -6.520279579551109
  endloop
endfacet
facet normal -0.7933533402912392 -1.0527370776495885e-16 0.6087614290087154
  outer loop
    vertex 416.8619546181366 135.49999999999994 -6.075000000000027
    vertex 416.5202795795512 135.4999999999999 -6.520279579551109
    vertex 416.8619546181366 130.4999999999999 -6.0750000000000295
  endloop
endfacet
facet normal -0.6087614290087153 -6.85498410822922e-16 0.7933533402912392
  outer loop
    vertex 416.5202795795512 130.4999999999999 -6.520279579551106
    vertex 416.5202795795512 135.4999999999999 -6.520279579551109
    vertex 416.0750000000001 130.4999999999999 -6.861954618136571
  endloop
endfacet
facet normal -0.6087614290087153 -6.85498410822922e-16 0.7933533402912392
  outer loop
    vertex 416.07500000000005 135.4999999999999 -6.861954618136587
    vertex 416.0750000000001 130.4999999999999 -6.861954618136571
    vertex 416.5202795795512 135.4999999999999 -6.520279579551109
  endloop
endfacet
facet normal -0.9914448613738105 3.773651366483888e-17 -0.13052619222005094
  outer loop
    vertex 417.15000000000003 130.4999999999999 -5.000000000000032
    vertex 417.0767405265216 130.4999999999999 -4.443539053029611
    vertex 417.15000000000003 135.4999999999999 -5.00000000000003
  endloop
endfacet
facet normal -0.9914448613738105 3.773651366483888e-17 -0.13052619222005094
  outer loop
    vertex 417.0767405265216 135.4999999999999 -4.443539053029609
    vertex 417.15000000000003 135.4999999999999 -5.00000000000003
    vertex 417.0767405265216 130.4999999999999 -4.443539053029611
  endloop
endfacet
facet normal 0.7933533402912307 -1.5413949626535611e-15 0.6087614290087263
  outer loop
    vertex 413.1380453818635 130.4999999999999 -6.07500000000003
    vertex 413.47972042044904 130.4999999999999 -6.520279579551106
    vertex 413.1380453818635 135.49999999999994 -6.075000000000028
  endloop
endfacet
facet normal 0.7933533402912307 -1.5413949626535611e-15 0.6087614290087263
  outer loop
    vertex 413.47972042044904 135.4999999999999 -6.520279579551098
    vertex 413.1380453818635 135.49999999999994 -6.075000000000028
    vertex 413.47972042044904 130.4999999999999 -6.520279579551106
  endloop
endfacet
facet normal 0.6087614290087193 -1.5709772867250191e-15 0.7933533402912363
  outer loop
    vertex 413.92500000000007 130.4999999999999 -6.861954618136571
    vertex 413.92500000000007 135.4999999999999 -6.861954618136559
    vertex 413.47972042044904 130.4999999999999 -6.520279579551106
  endloop
endfacet
facet normal 0.6087614290087193 -1.5709772867250191e-15 0.7933533402912363
  outer loop
    vertex 413.47972042044904 135.4999999999999 -6.520279579551098
    vertex 413.47972042044904 130.4999999999999 -6.520279579551106
    vertex 413.92500000000007 135.4999999999999 -6.861954618136559
  endloop
endfacet
facet normal 0.3826834323650932 -1.0588609003360785e-15 0.9238795325112854
  outer loop
    vertex 414.44353905302967 130.4999999999999 -7.076740526521525
    vertex 414.4435390530296 135.4999999999999 -7.076740526521511
    vertex 413.92500000000007 130.4999999999999 -6.861954618136571
  endloop
endfacet
facet normal 0.3826834323650932 -1.0588609003360785e-15 0.9238795325112854
  outer loop
    vertex 413.92500000000007 135.4999999999999 -6.861954618136559
    vertex 413.92500000000007 130.4999999999999 -6.861954618136571
    vertex 414.4435390530296 135.4999999999999 -7.076740526521511
  endloop
endfacet
facet normal -0.9914448613738105 -4.0361798463196547e-17 0.13052619222005143
  outer loop
    vertex 417.0767405265216 130.4999999999999 -5.55646094697045
    vertex 417.15000000000003 130.4999999999999 -5.000000000000032
    vertex 417.0767405265216 135.4999999999999 -5.55646094697045
  endloop
endfacet
facet normal -0.9914448613738105 -4.0361798463196547e-17 0.13052619222005143
  outer loop
    vertex 417.15000000000003 135.4999999999999 -5.00000000000003
    vertex 417.0767405265216 135.4999999999999 -5.55646094697045
    vertex 417.15000000000003 130.4999999999999 -5.000000000000032
  endloop
endfacet
facet normal -0.38268343236507724 -3.231237657812227e-16 0.9238795325112921
  outer loop
    vertex 416.0750000000001 130.4999999999999 -6.861954618136571
    vertex 416.07500000000005 135.4999999999999 -6.861954618136587
    vertex 415.5564609469705 130.4999999999999 -7.076740526521523
  endloop
endfacet
facet normal -0.38268343236507724 -3.231237657812227e-16 0.9238795325112921
  outer loop
    vertex 415.5564609469705 135.4999999999999 -7.076740526521528
    vertex 415.5564609469705 130.4999999999999 -7.076740526521523
    vertex 416.07500000000005 135.4999999999999 -6.861954618136587
  endloop
endfacet
facet normal -0.1305261922200528 1.2751099607467539e-16 0.9914448613738103
  outer loop
    vertex 415.5564609469705 130.4999999999999 -7.076740526521523
    vertex 415.5564609469705 135.4999999999999 -7.076740526521528
    vertex 415.0000000000001 130.4999999999999 -7.150000000000028
  endloop
endfacet
facet normal -0.1305261922200528 1.2751099607467539e-16 0.9914448613738103
  outer loop
    vertex 415.0 135.4999999999999 -7.1500000000000306
    vertex 415.0000000000001 130.4999999999999 -7.150000000000028
    vertex 415.5564609469705 135.4999999999999 -7.076740526521528
  endloop
endfacet
facet normal 0.3826834323650905 3.246222920437642e-15 0.9238795325112865
  outer loop
    vertex 318.44353905302967 130.4999999999999 -7.076740526521532
    vertex 318.4435390530296 135.4999999999999 -7.076740526521521
    vertex 317.92500000000007 130.4999999999999 -6.86195461813658
  endloop
endfacet
facet normal 0.3826834323650905 3.246222920437642e-15 0.9238795325112865
  outer loop
    vertex 317.92499999999995 135.4999999999999 -6.8619546181365685
    vertex 317.92500000000007 130.4999999999999 -6.86195461813658
    vertex 318.4435390530296 135.4999999999999 -7.076740526521521
  endloop
endfacet
facet normal 0.9914448613738105 -1.9019775050545698e-17 0.13052619222005094
  outer loop
    vertex 316.85 130.4999999999999 -5.000000000000029
    vertex 316.92325947347854 130.4999999999999 -5.556460946970451
    vertex 316.85 135.4999999999999 -5.000000000000029
  endloop
endfacet
facet normal 0.9914448613738105 -1.9019775050545698e-17 0.13052619222005094
  outer loop
    vertex 316.92325947347854 135.4999999999999 -5.556460946970449
    vertex 316.85 135.4999999999999 -5.000000000000029
    vertex 316.92325947347854 130.4999999999999 -5.556460946970451
  endloop
endfacet
facet normal -0.9914448613738105 -3.1596905675354613e-17 0.1305261922200512
  outer loop
    vertex 321.0767405265216 130.4999999999999 -5.55646094697045
    vertex 321.15000000000003 130.4999999999999 -5.000000000000029
    vertex 321.0767405265216 135.4999999999999 -5.556460946970448
  endloop
endfacet
facet normal -0.9914448613738105 -3.1596905675354613e-17 0.1305261922200512
  outer loop
    vertex 321.15000000000003 135.4999999999999 -5.000000000000029
    vertex 321.0767405265216 135.4999999999999 -5.556460946970448
    vertex 321.15000000000003 130.4999999999999 -5.000000000000029
  endloop
endfacet
facet normal 0.7933533402912298 5.144890200128754e-15 -0.6087614290087275
  outer loop
    vertex 317.47972042044904 130.4999999999999 -3.479720420448946
    vertex 317.1380453818635 130.4999999999999 -3.925000000000026
    vertex 317.479720420449 135.4999999999999 -3.479720420448932
  endloop
endfacet
facet normal 0.7933533402912298 5.144890200128754e-15 -0.6087614290087275
  outer loop
    vertex 317.1380453818635 135.4999999999999 -3.925000000000013
    vertex 317.479720420449 135.4999999999999 -3.479720420448932
    vertex 317.1380453818635 130.4999999999999 -3.925000000000026
  endloop
endfacet
facet normal 0.6087614290087089 2.7365485405233565e-15 -0.7933533402912442
  outer loop
    vertex 317.92500000000007 135.4999999999999 -3.138045381863475
    vertex 317.92500000000007 130.4999999999999 -3.138045381863478
    vertex 317.479720420449 135.4999999999999 -3.479720420448932
  endloop
endfacet
facet normal 0.6087614290087089 2.7365485405233565e-15 -0.7933533402912442
  outer loop
    vertex 317.47972042044904 130.4999999999999 -3.479720420448946
    vertex 317.479720420449 135.4999999999999 -3.479720420448932
    vertex 317.92500000000007 130.4999999999999 -3.138045381863478
  endloop
endfacet
facet normal 0.9238795325112884 -1.6050305817542528e-16 0.3826834323650859
  outer loop
    vertex 316.92325947347854 130.4999999999999 -5.556460946970451
    vertex 317.1380453818635 130.4999999999999 -6.075000000000033
    vertex 316.92325947347854 135.4999999999999 -5.556460946970449
  endloop
endfacet
facet normal 0.9238795325112884 -1.6050305817542528e-16 0.3826834323650859
  outer loop
    vertex 317.1380453818635 135.4999999999999 -6.075000000000031
    vertex 316.92325947347854 135.4999999999999 -5.556460946970449
    vertex 317.1380453818635 130.4999999999999 -6.075000000000033
  endloop
endfacet
facet normal -0.3826834323650799 -1.4374864534394951e-15 0.9238795325112908
  outer loop
    vertex 320.0750000000001 135.4999999999999 -6.8619546181365685
    vertex 319.55646094697045 135.4999999999999 -7.076740526521535
    vertex 320.07500000000005 130.4999999999999 -6.861954618136577
  endloop
endfacet
facet normal -0.3826834323650799 -1.4374864534394951e-15 0.9238795325112908
  outer loop
    vertex 319.5564609469705 130.4999999999999 -7.076740526521532
    vertex 320.07500000000005 130.4999999999999 -6.861954618136577
    vertex 319.55646094697045 135.4999999999999 -7.076740526521535
  endloop
endfacet
facet normal 0.3826834323650907 5.405625342997221e-16 -0.9238795325112863
  outer loop
    vertex 318.44353905302967 135.4999999999999 -2.9232594734785233
    vertex 318.44353905302967 130.4999999999999 -2.9232594734785233
    vertex 317.92500000000007 135.4999999999999 -3.138045381863475
  endloop
endfacet
facet normal 0.3826834323650907 5.405625342997221e-16 -0.9238795325112863
  outer loop
    vertex 317.92500000000007 130.4999999999999 -3.138045381863478
    vertex 317.92500000000007 135.4999999999999 -3.138045381863475
    vertex 318.44353905302967 130.4999999999999 -2.9232594734785233
  endloop
endfacet
facet normal 0.7933533402912125 -3.297229569195992e-15 0.6087614290087503
  outer loop
    vertex 317.1380453818635 130.4999999999999 -6.075000000000033
    vertex 317.47972042044904 130.4999999999999 -6.5202795795511115
    vertex 317.1380453818635 135.4999999999999 -6.075000000000031
  endloop
endfacet
facet normal 0.7933533402912125 -3.297229569195992e-15 0.6087614290087503
  outer loop
    vertex 317.47972042044904 135.4999999999999 -6.520279579551089
    vertex 317.1380453818635 135.4999999999999 -6.075000000000031
    vertex 317.47972042044904 130.4999999999999 -6.5202795795511115
  endloop
endfacet
facet normal 0.6087614290087705 2.234949312426872e-16 0.7933533402911971
  outer loop
    vertex 317.92500000000007 130.4999999999999 -6.86195461813658
    vertex 317.92499999999995 135.4999999999999 -6.8619546181365685
    vertex 317.47972042044904 130.4999999999999 -6.5202795795511115
  endloop
endfacet
facet normal 0.6087614290087705 2.234949312426872e-16 0.7933533402911971
  outer loop
    vertex 317.47972042044904 135.4999999999999 -6.520279579551089
    vertex 317.47972042044904 130.4999999999999 -6.5202795795511115
    vertex 317.92499999999995 135.4999999999999 -6.8619546181365685
  endloop
endfacet
facet normal 0.130526192220065 1.0871560365097408e-15 0.9914448613738088
  outer loop
    vertex 319.0000000000001 130.4999999999999 -7.150000000000035
    vertex 319.0 135.4999999999999 -7.15000000000004
    vertex 318.44353905302967 130.4999999999999 -7.076740526521532
  endloop
endfacet
facet normal 0.130526192220065 1.0871560365097408e-15 0.9914448613738088
  outer loop
    vertex 318.4435390530296 135.4999999999999 -7.076740526521521
    vertex 318.44353905302967 130.4999999999999 -7.076740526521532
    vertex 319.0 135.4999999999999 -7.15000000000004
  endloop
endfacet
facet normal 0.9238795325112972 2.5600649930417754e-15 -0.3826834323650645
  outer loop
    vertex 317.1380453818635 130.4999999999999 -3.925000000000026
    vertex 316.92325947347854 130.4999999999999 -4.443539053029609
    vertex 317.1380453818635 135.4999999999999 -3.925000000000013
  endloop
endfacet
facet normal 0.9238795325112972 2.5600649930417754e-15 -0.3826834323650645
  outer loop
    vertex 316.92325947347854 135.4999999999999 -4.443539053029609
    vertex 317.1380453818635 135.4999999999999 -3.925000000000013
    vertex 316.92325947347854 130.4999999999999 -4.443539053029609
  endloop
endfacet
facet normal 0.9914448613738105 4.571819579304447e-18 -0.1305261922200511
  outer loop
    vertex 316.92325947347854 130.4999999999999 -4.443539053029609
    vertex 316.85 130.4999999999999 -5.000000000000029
    vertex 316.92325947347854 135.4999999999999 -4.443539053029609
  endloop
endfacet
facet normal 0.9914448613738105 4.571819579304447e-18 -0.1305261922200511
  outer loop
    vertex 316.85 135.4999999999999 -5.000000000000029
    vertex 316.92325947347854 135.4999999999999 -4.443539053029609
    vertex 316.85 130.4999999999999 -5.000000000000029
  endloop
endfacet
facet normal -0.13052619222005038 -7.230681908966297e-16 0.9914448613738107
  outer loop
    vertex 319.5564609469705 130.4999999999999 -7.076740526521532
    vertex 319.55646094697045 135.4999999999999 -7.076740526521535
    vertex 319.0000000000001 130.4999999999999 -7.150000000000035
  endloop
endfacet
facet normal -0.13052619222005038 -7.230681908966297e-16 0.9914448613738107
  outer loop
    vertex 319.0 135.4999999999999 -7.15000000000004
    vertex 319.0000000000001 130.4999999999999 -7.150000000000035
    vertex 319.55646094697045 135.4999999999999 -7.076740526521535
  endloop
endfacet
facet normal -0.6087614290087148 2.5850762138456824e-15 0.7933533402912397
  outer loop
    vertex 320.5202795795512 130.4999999999999 -6.5202795795511115
    vertex 320.5202795795512 135.4999999999999 -6.520279579551118
    vertex 320.07500000000005 130.4999999999999 -6.861954618136577
  endloop
endfacet
facet normal -0.6087614290087148 2.5850762138456824e-15 0.7933533402912397
  outer loop
    vertex 320.0750000000001 135.4999999999999 -6.8619546181365685
    vertex 320.07500000000005 130.4999999999999 -6.861954618136577
    vertex 320.5202795795512 135.4999999999999 -6.520279579551118
  endloop
endfacet
facet normal -0.793353340291242 2.0704894500159468e-15 0.6087614290087116
  outer loop
    vertex 320.5202795795512 130.4999999999999 -6.5202795795511115
    vertex 320.8619546181366 130.4999999999999 -6.075000000000032
    vertex 320.5202795795512 135.4999999999999 -6.520279579551118
  endloop
endfacet
facet normal -0.793353340291242 2.0704894500159468e-15 0.6087614290087116
  outer loop
    vertex 320.8619546181366 135.4999999999999 -6.07500000000003
    vertex 320.5202795795512 135.4999999999999 -6.520279579551118
    vertex 320.8619546181366 130.4999999999999 -6.075000000000032
  endloop
endfacet
facet normal -0.9238795325112884 -1.7892984249725667e-16 0.38268343236508595
  outer loop
    vertex 320.8619546181366 130.4999999999999 -6.075000000000032
    vertex 321.0767405265216 130.4999999999999 -5.55646094697045
    vertex 320.8619546181366 135.4999999999999 -6.07500000000003
  endloop
endfacet
facet normal -0.9238795325112884 -1.7892984249725667e-16 0.38268343236508595
  outer loop
    vertex 321.0767405265216 135.4999999999999 -5.556460946970448
    vertex 320.8619546181366 135.4999999999999 -6.07500000000003
    vertex 321.0767405265216 130.4999999999999 -5.55646094697045
  endloop
endfacet
facet normal -1.1131446641636449e-17 1.0 1.7624790515926524e-17
  outer loop
    vertex 319.0000000000001 130.4999999999999 -7.150000000000035
    vertex 318.44353905302967 130.4999999999999 -7.076740526521532
    vertex 319.5564609469705 130.4999999999999 -7.076740526521532
  endloop
endfacet
facet normal -1.1131446641636449e-17 1.0 1.7624790515926524e-17
  outer loop
    vertex 317.92500000000007 130.4999999999999 -6.86195461813658
    vertex 319.5564609469705 130.4999999999999 -7.076740526521532
    vertex 318.44353905302967 130.4999999999999 -7.076740526521532
  endloop
endfacet
facet normal -1.1131446641636449e-17 1.0 1.7624790515926524e-17
  outer loop
    vertex 320.07500000000005 130.4999999999999 -6.861954618136577
    vertex 319.5564609469705 130.4999999999999 -7.076740526521532
    vertex 317.92500000000007 130.4999999999999 -6.86195461813658
  endloop
endfacet
facet normal -1.1131446641636449e-17 1.0 1.7624790515926524e-17
  outer loop
    vertex 317.47972042044904 130.4999999999999 -6.5202795795511115
    vertex 320.07500000000005 130.4999999999999 -6.861954618136577
    vertex 317.92500000000007 130.4999999999999 -6.86195461813658
  endloop
endfacet
facet normal -1.1131446641636449e-17 1.0 1.7624790515926524e-17
  outer loop
    vertex 320.5202795795512 130.4999999999999 -6.5202795795511115
    vertex 320.07500000000005 130.4999999999999 -6.861954618136577
    vertex 317.47972042044904 130.4999999999999 -6.5202795795511115
  endloop
endfacet
facet normal -1.1131446641636449e-17 1.0 1.7624790515926524e-17
  outer loop
    vertex 317.1380453818635 130.4999999999999 -6.075000000000033
    vertex 320.5202795795512 130.4999999999999 -6.5202795795511115
    vertex 317.47972042044904 130.4999999999999 -6.5202795795511115
  endloop
endfacet
facet normal -1.1131446641636449e-17 1.0 1.7624790515926524e-17
  outer loop
    vertex 320.8619546181366 130.4999999999999 -6.075000000000032
    vertex 320.5202795795512 130.4999999999999 -6.5202795795511115
    vertex 317.1380453818635 130.4999999999999 -6.075000000000033
  endloop
endfacet
facet normal -1.1131446641636449e-17 1.0 1.7624790515926524e-17
  outer loop
    vertex 316.92325947347854 130.4999999999999 -5.556460946970451
    vertex 320.8619546181366 130.4999999999999 -6.075000000000032
    vertex 317.1380453818635 130.4999999999999 -6.075000000000033
  endloop
endfacet
facet normal -1.1131446641636449e-17 1.0 1.7624790515926524e-17
  outer loop
    vertex 321.0767405265216 130.4999999999999 -5.55646094697045
    vertex 320.8619546181366 130.4999999999999 -6.075000000000032
    vertex 316.92325947347854 130.4999999999999 -5.556460946970451
  endloop
endfacet
facet normal -1.1131446641636449e-17 1.0 1.7624790515926524e-17
  outer loop
    vertex 316.85 130.4999999999999 -5.000000000000029
    vertex 321.0767405265216 130.4999999999999 -5.55646094697045
    vertex 316.92325947347854 130.4999999999999 -5.556460946970451
  endloop
endfacet
facet normal -1.1131446641636449e-17 1.0 1.7624790515926524e-17
  outer loop
    vertex 321.15000000000003 130.4999999999999 -5.000000000000029
    vertex 321.0767405265216 130.4999999999999 -5.55646094697045
    vertex 316.85 130.4999999999999 -5.000000000000029
  endloop
endfacet
facet normal -1.1131446641636449e-17 1.0 1.7624790515926524e-17
  outer loop
    vertex 321.0767405265216 130.4999999999999 -4.443539053029605
    vertex 321.15000000000003 130.4999999999999 -5.000000000000029
    vertex 316.85 130.4999999999999 -5.000000000000029
  endloop
endfacet
facet normal -1.1131446641636449e-17 1.0 1.7624790515926524e-17
  outer loop
    vertex 316.92325947347854 130.4999999999999 -4.443539053029609
    vertex 321.0767405265216 130.4999999999999 -4.443539053029605
    vertex 316.85 130.4999999999999 -5.000000000000029
  endloop
endfacet
facet normal -1.1131446641636449e-17 1.0 1.7624790515926524e-17
  outer loop
    vertex 317.1380453818635 130.4999999999999 -3.925000000000026
    vertex 321.0767405265216 130.4999999999999 -4.443539053029605
    vertex 316.92325947347854 130.4999999999999 -4.443539053029609
  endloop
endfacet
facet normal -1.1131446641636449e-17 1.0 1.7624790515926524e-17
  outer loop
    vertex 320.8619546181366 130.4999999999999 -3.9250000000000247
    vertex 321.0767405265216 130.4999999999999 -4.443539053029605
    vertex 317.1380453818635 130.4999999999999 -3.925000000000026
  endloop
endfacet
facet normal -1.1131446641636449e-17 1.0 1.7624790515926524e-17
  outer loop
    vertex 317.47972042044904 130.4999999999999 -3.479720420448946
    vertex 320.8619546181366 130.4999999999999 -3.9250000000000247
    vertex 317.1380453818635 130.4999999999999 -3.925000000000026
  endloop
endfacet
facet normal -1.1131446641636449e-17 1.0 1.7624790515926524e-17
  outer loop
    vertex 320.5202795795512 130.4999999999999 -3.479720420448946
    vertex 320.8619546181366 130.4999999999999 -3.9250000000000247
    vertex 317.47972042044904 130.4999999999999 -3.479720420448946
  endloop
endfacet
facet normal -1.1131446641636449e-17 1.0 1.7624790515926524e-17
  outer loop
    vertex 320.07500000000005 130.4999999999999 -3.138045381863478
    vertex 320.5202795795512 130.4999999999999 -3.479720420448946
    vertex 317.47972042044904 130.4999999999999 -3.479720420448946
  endloop
endfacet
facet normal -1.1131446641636449e-17 1.0 1.7624790515926524e-17
  outer loop
    vertex 317.92500000000007 130.4999999999999 -3.138045381863478
    vertex 320.07500000000005 130.4999999999999 -3.138045381863478
    vertex 317.47972042044904 130.4999999999999 -3.479720420448946
  endloop
endfacet
facet normal -1.1131446641636449e-17 1.0 1.7624790515926524e-17
  outer loop
    vertex 319.5564609469705 130.4999999999999 -2.9232594734785233
    vertex 320.07500000000005 130.4999999999999 -3.138045381863478
    vertex 317.92500000000007 130.4999999999999 -3.138045381863478
  endloop
endfacet
facet normal -1.1131446641636449e-17 1.0 1.7624790515926524e-17
  outer loop
    vertex 318.44353905302967 130.4999999999999 -2.9232594734785233
    vertex 319.5564609469705 130.4999999999999 -2.9232594734785233
    vertex 317.92500000000007 130.4999999999999 -3.138045381863478
  endloop
endfacet
facet normal -1.1131446641636449e-17 1.0 1.7624790515926524e-17
  outer loop
    vertex 319.0000000000001 130.4999999999999 -2.85000000000002
    vertex 319.5564609469705 130.4999999999999 -2.9232594734785233
    vertex 318.44353905302967 130.4999999999999 -2.9232594734785233
  endloop
endfacet
facet normal -0.7933533402912438 2.9049597946706007e-15 -0.6087614290087094
  outer loop
    vertex 320.8619546181366 130.4999999999999 -3.9250000000000247
    vertex 320.5202795795512 130.4999999999999 -3.479720420448946
    vertex 320.8619546181366 135.4999999999999 -3.925000000000023
  endloop
endfacet
facet normal -0.7933533402912438 2.9049597946706007e-15 -0.6087614290087094
  outer loop
    vertex 320.5202795795512 135.4999999999999 -3.479720420448929
    vertex 320.8619546181366 135.4999999999999 -3.925000000000023
    vertex 320.5202795795512 130.4999999999999 -3.479720420448946
  endloop
endfacet
facet normal -0.3826834323650907 2.752452991246347e-16 -0.9238795325112863
  outer loop
    vertex 320.07500000000005 135.4999999999999 -3.138045381863475
    vertex 320.07500000000005 130.4999999999999 -3.138045381863478
    vertex 319.5564609469705 135.4999999999999 -2.9232594734785233
  endloop
endfacet
facet normal -0.3826834323650907 2.752452991246347e-16 -0.9238795325112863
  outer loop
    vertex 319.5564609469705 130.4999999999999 -2.9232594734785233
    vertex 319.5564609469705 135.4999999999999 -2.9232594734785233
    vertex 320.07500000000005 130.4999999999999 -3.138045381863478
  endloop
endfacet
facet normal 0.1305261922200464 -3.708924799599284e-16 -0.9914448613738112
  outer loop
    vertex 319.0000000000001 130.4999999999999 -2.85000000000002
    vertex 318.44353905302967 130.4999999999999 -2.9232594734785233
    vertex 319.0 135.4999999999999 -2.8500000000000316
  endloop
endfacet
facet normal 0.1305261922200464 -3.708924799599284e-16 -0.9914448613738112
  outer loop
    vertex 318.44353905302967 135.4999999999999 -2.9232594734785233
    vertex 319.0 135.4999999999999 -2.8500000000000316
    vertex 318.44353905302967 130.4999999999999 -2.9232594734785233
  endloop
endfacet
facet normal -0.6087614290087073 2.947190648305172e-15 -0.7933533402912455
  outer loop
    vertex 320.5202795795512 135.4999999999999 -3.479720420448929
    vertex 320.5202795795512 130.4999999999999 -3.479720420448946
    vertex 320.07500000000005 135.4999999999999 -3.138045381863475
  endloop
endfacet
facet normal -0.6087614290087073 2.947190648305172e-15 -0.7933533402912455
  outer loop
    vertex 320.07500000000005 130.4999999999999 -3.138045381863478
    vertex 320.07500000000005 135.4999999999999 -3.138045381863475
    vertex 320.5202795795512 130.4999999999999 -3.479720420448946
  endloop
endfacet
facet normal -0.9238795325112881 7.440166527311409e-17 -0.38268343236508656
  outer loop
    vertex 321.0767405265216 130.4999999999999 -4.443539053029605
    vertex 320.8619546181366 130.4999999999999 -3.9250000000000247
    vertex 321.0767405265216 135.4999999999999 -4.443539053029605
  endloop
endfacet
facet normal -0.9238795325112881 7.440166527311409e-17 -0.38268343236508656
  outer loop
    vertex 320.8619546181366 135.4999999999999 -3.925000000000023
    vertex 321.0767405265216 135.4999999999999 -4.443539053029605
    vertex 320.8619546181366 130.4999999999999 -3.9250000000000247
  endloop
endfacet
facet normal -0.13052619222003478 -1.6913394809968663e-15 -0.9914448613738127
  outer loop
    vertex 319.5564609469705 135.4999999999999 -2.9232594734785233
    vertex 319.5564609469705 130.4999999999999 -2.9232594734785233
    vertex 319.0 135.4999999999999 -2.8500000000000316
  endloop
endfacet
facet normal -0.13052619222003478 -1.6913394809968663e-15 -0.9914448613738127
  outer loop
    vertex 319.0000000000001 130.4999999999999 -2.85000000000002
    vertex 319.0 135.4999999999999 -2.8500000000000316
    vertex 319.5564609469705 130.4999999999999 -2.9232594734785233
  endloop
endfacet
facet normal -0.9914448613738107 -8.735718777827759e-18 -0.13052619222005019
  outer loop
    vertex 321.15000000000003 130.4999999999999 -5.000000000000029
    vertex 321.0767405265216 130.4999999999999 -4.443539053029605
    vertex 321.15000000000003 135.4999999999999 -5.000000000000029
  endloop
endfacet
facet normal -0.9914448613738107 -8.735718777827759e-18 -0.13052619222005019
  outer loop
    vertex 321.0767405265216 135.4999999999999 -4.443539053029605
    vertex 321.15000000000003 135.4999999999999 -5.000000000000029
    vertex 321.0767405265216 130.4999999999999 -4.443539053029605
  endloop
endfacet
facet normal -0.13052619222003672 -0.9914448613738125 1.8472023784899298e-15
  outer loop
    vertex 430.0 130.64999999999827 -10.00000000000003
    vertex 430.55646094697045 130.5767405265198 -10.00000000000003
    vertex 430.0000000000001 130.64999999999833 -2.9609648066752924e-14
  endloop
endfacet
facet normal -0.13052619222003672 -0.9914448613738125 1.8472023784899298e-15
  outer loop
    vertex 430.5564609469705 130.5767405265198 -3.242961454930082e-14
    vertex 430.0000000000001 130.64999999999833 -2.9609648066752924e-14
    vertex 430.55646094697045 130.5767405265198 -10.00000000000003
  endloop
endfacet
facet normal 0.3826834323650706 0.9238795325112948 3.87355673040313e-15
  outer loop
    vertex 429.4435390530297 126.42325947347683 -10.00000000000003
    vertex 428.92500000000007 126.63804538186177 -10.00000000000003
    vertex 429.4435390530297 126.42325947347679 -3.101963130802687e-14
  endloop
endfacet
facet normal 0.3826834323650706 0.9238795325112948 3.87355673040313e-15
  outer loop
    vertex 428.92500000000007 126.63804538186173 -3.101963130802687e-14
    vertex 429.4435390530297 126.42325947347679 -3.101963130802687e-14
    vertex 428.92500000000007 126.63804538186177 -10.00000000000003
  endloop
endfacet
facet normal 0.9914448613738118 0.13052619222004191 7.546520849315905e-16
  outer loop
    vertex 427.92325947347854 127.94353905302788 -3.101963130802687e-14
    vertex 427.92325947347865 127.94353905302788 -10.00000000000003
    vertex 427.85000000000014 128.49999999999827 -3.242961454930082e-14
  endloop
endfacet
facet normal 0.9914448613738118 0.13052619222004191 7.546520849315905e-16
  outer loop
    vertex 427.85000000000014 128.49999999999827 -10.00000000000003
    vertex 427.85000000000014 128.49999999999827 -3.242961454930082e-14
    vertex 427.92325947347865 127.94353905302788 -10.00000000000003
  endloop
endfacet
facet normal 0.7933533402912336 -0.6087614290087228 7.462742547932455e-16
  outer loop
    vertex 428.1380453818636 129.57499999999834 -2.9609648066752924e-14
    vertex 428.1380453818636 129.57499999999834 -10.00000000000003
    vertex 428.47972042044904 130.0202795795494 -2.9609648066752924e-14
  endloop
endfacet
facet normal 0.7933533402912336 -0.6087614290087228 7.462742547932455e-16
  outer loop
    vertex 428.47972042044904 130.0202795795494 -10.00000000000003
    vertex 428.47972042044904 130.0202795795494 -2.9609648066752924e-14
    vertex 428.1380453818636 129.57499999999834 -10.00000000000003
  endloop
endfacet
facet normal 0.9238795325112884 -0.38268343236508573 1.1203528379977289e-15
  outer loop
    vertex 427.92325947347865 129.0564609469687 -2.9609648066752924e-14
    vertex 427.92325947347865 129.0564609469687 -10.00000000000003
    vertex 428.1380453818636 129.57499999999834 -2.9609648066752924e-14
  endloop
endfacet
facet normal 0.9238795325112884 -0.38268343236508573 1.1203528379977289e-15
  outer loop
    vertex 428.1380453818636 129.57499999999834 -10.00000000000003
    vertex 428.1380453818636 129.57499999999834 -2.9609648066752924e-14
    vertex 427.92325947347865 129.0564609469687 -10.00000000000003
  endloop
endfacet
facet normal 0.6087614290087252 -0.7933533402912316 -1.1580444619478374e-15
  outer loop
    vertex 428.47972042044904 130.0202795795494 -10.00000000000003
    vertex 428.92500000000007 130.36195461813483 -10.00000000000003
    vertex 428.47972042044904 130.0202795795494 -2.9609648066752924e-14
  endloop
endfacet
facet normal 0.6087614290087252 -0.7933533402912316 -1.1580444619478374e-15
  outer loop
    vertex 428.92500000000007 130.36195461813486 -2.9609648066752924e-14
    vertex 428.47972042044904 130.0202795795494 -2.9609648066752924e-14
    vertex 428.92500000000007 130.36195461813483 -10.00000000000003
  endloop
endfacet
facet normal 0.9914448613738112 -0.1305261922200464 -5.807990225784484e-17
  outer loop
    vertex 427.85000000000014 128.49999999999827 -3.242961454930082e-14
    vertex 427.85000000000014 128.49999999999827 -10.00000000000003
    vertex 427.92325947347865 129.0564609469687 -2.9609648066752924e-14
  endloop
endfacet
facet normal 0.9914448613738112 -0.1305261922200464 -5.807990225784484e-17
  outer loop
    vertex 427.92325947347865 129.0564609469687 -10.00000000000003
    vertex 427.92325947347865 129.0564609469687 -2.9609648066752924e-14
    vertex 427.85000000000014 128.49999999999827 -10.00000000000003
  endloop
endfacet
facet normal 0.6087614290087253 0.7933533402912316 4.369440409673093e-15
  outer loop
    vertex 428.92500000000007 126.63804538186177 -10.00000000000003
    vertex 428.47972042044904 126.9797204204473 -10.00000000000003
    vertex 428.92500000000007 126.63804538186173 -3.101963130802687e-14
  endloop
endfacet
facet normal 0.6087614290087253 0.7933533402912316 4.369440409673093e-15
  outer loop
    vertex 428.47972042044904 126.97972042044724 -3.101963130802687e-14
    vertex 428.92500000000007 126.63804538186173 -3.101963130802687e-14
    vertex 428.47972042044904 126.9797204204473 -10.00000000000003
  endloop
endfacet
facet normal 0.7933533402912268 0.6087614290087315 4.385839898023553e-15
  outer loop
    vertex 428.47972042044904 126.97972042044724 -3.101963130802687e-14
    vertex 428.47972042044904 126.9797204204473 -10.00000000000003
    vertex 428.1380453818635 127.42499999999829 -3.101963130802687e-14
  endloop
endfacet
facet normal 0.7933533402912268 0.6087614290087315 4.385839898023553e-15
  outer loop
    vertex 428.1380453818636 127.42499999999829 -10.00000000000003
    vertex 428.1380453818635 127.42499999999829 -3.101963130802687e-14
    vertex 428.47972042044904 126.9797204204473 -10.00000000000003
  endloop
endfacet
facet normal 0.13052619222007877 0.9914448613738068 4.1958645613971826e-15
  outer loop
    vertex 430.0000000000001 126.34999999999832 -10.00000000000003
    vertex 429.4435390530297 126.42325947347683 -10.00000000000003
    vertex 430.0000000000001 126.34999999999827 -3.101963130802687e-14
  endloop
endfacet
facet normal 0.13052619222007877 0.9914448613738068 4.1958645613971826e-15
  outer loop
    vertex 429.4435390530297 126.42325947347679 -3.101963130802687e-14
    vertex 430.0000000000001 126.34999999999827 -3.101963130802687e-14
    vertex 429.4435390530297 126.42325947347683 -10.00000000000003
  endloop
endfacet
facet normal -0.1305261922200516 0.9914448613738105 4.278873022865677e-15
  outer loop
    vertex 430.5564609469705 126.42325947347683 -10.00000000000003
    vertex 430.0000000000001 126.34999999999832 -10.00000000000003
    vertex 430.5564609469705 126.42325947347679 -3.101963130802687e-14
  endloop
endfacet
facet normal -0.1305261922200516 0.9914448613738105 4.278873022865677e-15
  outer loop
    vertex 430.0000000000001 126.34999999999827 -3.101963130802687e-14
    vertex 430.5564609469705 126.42325947347679 -3.101963130802687e-14
    vertex 430.0000000000001 126.34999999999832 -10.00000000000003
  endloop
endfacet
facet normal -0.9914448613738107 -0.1305261922200499 1.2156261252452844e-15
  outer loop
    vertex 432.1500000000001 128.49999999999827 -3.242961454930082e-14
    vertex 432.0767405265216 129.0564609469687 -3.242961454930082e-14
    vertex 432.1500000000001 128.49999999999838 -10.00000000000003
  endloop
endfacet
facet normal -0.9914448613738107 -0.1305261922200499 1.2156261252452844e-15
  outer loop
    vertex 432.0767405265215 129.05646094696877 -10.00000000000003
    vertex 432.1500000000001 128.49999999999838 -10.00000000000003
    vertex 432.0767405265216 129.0564609469687 -3.242961454930082e-14
  endloop
endfacet
facet normal -0.9238795325112888 -0.3826834323650849 1.3930618204716432e-15
  outer loop
    vertex 432.0767405265216 129.0564609469687 -3.242961454930082e-14
    vertex 431.8619546181366 129.57499999999834 -3.242961454930082e-14
    vertex 432.0767405265215 129.05646094696877 -10.00000000000003
  endloop
endfacet
facet normal -0.9238795325112888 -0.3826834323650849 1.3930618204716432e-15
  outer loop
    vertex 431.8619546181366 129.57499999999834 -10.00000000000003
    vertex 432.0767405265215 129.05646094696877 -10.00000000000003
    vertex 431.8619546181366 129.57499999999834 -3.242961454930082e-14
  endloop
endfacet
facet normal 0.38268343236509567 -0.9238795325112843 5.057642988930763e-16
  outer loop
    vertex 428.92500000000007 130.36195461813483 -10.00000000000003
    vertex 429.4435390530296 130.5767405265198 -10.00000000000003
    vertex 428.92500000000007 130.36195461813486 -2.9609648066752924e-14
  endloop
endfacet
facet normal 0.38268343236509567 -0.9238795325112843 5.057642988930763e-16
  outer loop
    vertex 429.4435390530296 130.5767405265198 -2.9609648066752924e-14
    vertex 428.92500000000007 130.36195461813486 -2.9609648066752924e-14
    vertex 429.4435390530296 130.5767405265198 -10.00000000000003
  endloop
endfacet
facet normal 0.130526192220049 -0.9914448613738107 1.7213510842185716e-15
  outer loop
    vertex 429.4435390530296 130.5767405265198 -10.00000000000003
    vertex 430.0 130.64999999999827 -10.00000000000003
    vertex 429.4435390530296 130.5767405265198 -2.9609648066752924e-14
  endloop
endfacet
facet normal 0.130526192220049 -0.9914448613738107 1.7213510842185716e-15
  outer loop
    vertex 430.0000000000001 130.64999999999833 -2.9609648066752924e-14
    vertex 429.4435390530296 130.5767405265198 -2.9609648066752924e-14
    vertex 430.0 130.64999999999827 -10.00000000000003
  endloop
endfacet
facet normal -0.7933533402912445 -0.6087614290087083 1.51738917590841e-15
  outer loop
    vertex 431.8619546181366 129.57499999999834 -10.00000000000003
    vertex 431.8619546181366 129.57499999999834 -3.242961454930082e-14
    vertex 431.5202795795512 130.0202795795494 -10.00000000000003
  endloop
endfacet
facet normal -0.7933533402912445 -0.6087614290087083 1.51738917590841e-15
  outer loop
    vertex 431.5202795795512 130.02027957954937 -3.242961454930082e-14
    vertex 431.5202795795512 130.0202795795494 -10.00000000000003
    vertex 431.8619546181366 129.57499999999834 -3.242961454930082e-14
  endloop
endfacet
facet normal -0.6087614290087616 0.7933533402912036 2.3608594412612055e-15
  outer loop
    vertex 431.5202795795512 126.9797204204473 -10.00000000000003
    vertex 431.07500000000016 126.63804538186173 -10.00000000000003
    vertex 431.5202795795512 126.97972042044724 -3.242961454930082e-14
  endloop
endfacet
facet normal -0.6087614290087616 0.7933533402912036 2.3608594412612055e-15
  outer loop
    vertex 431.07500000000016 126.63804538186177 -3.101963130802687e-14
    vertex 431.5202795795512 126.97972042044724 -3.242961454930082e-14
    vertex 431.07500000000016 126.63804538186173 -10.00000000000003
  endloop
endfacet
facet normal -0.7933533402912417 0.6087614290087121 4.06085935780619e-15
  outer loop
    vertex 431.5202795795512 126.97972042044724 -3.242961454930082e-14
    vertex 431.8619546181366 127.42499999999833 -3.242961454930082e-14
    vertex 431.5202795795512 126.9797204204473 -10.00000000000003
  endloop
endfacet
facet normal -0.7933533402912417 0.6087614290087121 4.06085935780619e-15
  outer loop
    vertex 431.8619546181366 127.42499999999839 -10.00000000000003
    vertex 431.5202795795512 126.9797204204473 -10.00000000000003
    vertex 431.8619546181366 127.42499999999833 -3.242961454930082e-14
  endloop
endfacet
facet normal -0.9238795325112901 0.38268343236508184 1.2872274942587337e-15
  outer loop
    vertex 431.8619546181366 127.42499999999833 -3.242961454930082e-14
    vertex 432.0767405265216 127.94353905302792 -3.242961454930082e-14
    vertex 431.8619546181366 127.42499999999839 -10.00000000000003
  endloop
endfacet
facet normal -0.9238795325112901 0.38268343236508184 1.2872274942587337e-15
  outer loop
    vertex 432.0767405265216 127.94353905302792 -10.00000000000003
    vertex 431.8619546181366 127.42499999999839 -10.00000000000003
    vertex 432.0767405265216 127.94353905302792 -3.242961454930082e-14
  endloop
endfacet
facet normal -0.3826834323650744 0.9238795325112932 4.772225430608301e-16
  outer loop
    vertex 431.07500000000016 126.63804538186173 -10.00000000000003
    vertex 430.5564609469705 126.42325947347683 -10.00000000000003
    vertex 431.07500000000016 126.63804538186177 -3.101963130802687e-14
  endloop
endfacet
facet normal -0.3826834323650744 0.9238795325112932 4.772225430608301e-16
  outer loop
    vertex 430.5564609469705 126.42325947347679 -3.101963130802687e-14
    vertex 431.07500000000016 126.63804538186177 -3.101963130802687e-14
    vertex 430.5564609469705 126.42325947347683 -10.00000000000003
  endloop
endfacet
facet normal 0.9238795325112895 0.3826834323650829 3.4899903724968474e-15
  outer loop
    vertex 428.1380453818635 127.42499999999829 -3.101963130802687e-14
    vertex 428.1380453818636 127.42499999999829 -10.00000000000003
    vertex 427.92325947347854 127.94353905302788 -3.101963130802687e-14
  endloop
endfacet
facet normal 0.9238795325112895 0.3826834323650829 3.4899903724968474e-15
  outer loop
    vertex 427.92325947347865 127.94353905302788 -10.00000000000003
    vertex 427.92325947347854 127.94353905302788 -3.101963130802687e-14
    vertex 428.1380453818636 127.42499999999829 -10.00000000000003
  endloop
endfacet
facet normal -0.38268343236509295 -0.9238795325112854 2.441778395641927e-15
  outer loop
    vertex 430.55646094697045 130.5767405265198 -10.00000000000003
    vertex 431.07500000000005 130.36195461813486 -10.00000000000003
    vertex 430.5564609469705 130.5767405265198 -3.242961454930082e-14
  endloop
endfacet
facet normal -0.38268343236509295 -0.9238795325112854 2.441778395641927e-15
  outer loop
    vertex 431.07500000000016 130.36195461813483 -3.242961454930082e-14
    vertex 430.5564609469705 130.5767405265198 -3.242961454930082e-14
    vertex 431.07500000000005 130.36195461813486 -10.00000000000003
  endloop
endfacet
facet normal -0.6087614290087099 -0.7933533402912434 2.0746383186340077e-15
  outer loop
    vertex 431.07500000000005 130.36195461813486 -10.00000000000003
    vertex 431.5202795795512 130.0202795795494 -10.00000000000003
    vertex 431.07500000000016 130.36195461813483 -3.242961454930082e-14
  endloop
endfacet
facet normal -0.6087614290087099 -0.7933533402912434 2.0746383186340077e-15
  outer loop
    vertex 431.5202795795512 130.02027957954937 -3.242961454930082e-14
    vertex 431.07500000000016 130.36195461813483 -3.242961454930082e-14
    vertex 431.5202795795512 130.0202795795494 -10.00000000000003
  endloop
endfacet
facet normal -0.9914448613738152 0.13052619222001555 1.2863313597764407e-15
  outer loop
    vertex 432.0767405265216 127.94353905302792 -10.00000000000003
    vertex 432.0767405265216 127.94353905302792 -3.242961454930082e-14
    vertex 432.1500000000001 128.49999999999838 -10.00000000000003
  endloop
endfacet
facet normal -0.9914448613738152 0.13052619222001555 1.2863313597764407e-15
  outer loop
    vertex 432.1500000000001 128.49999999999827 -3.242961454930082e-14
    vertex 432.1500000000001 128.49999999999838 -10.00000000000003
    vertex 432.0767405265216 127.94353905302792 -3.242961454930082e-14
  endloop
endfacet
facet normal -0.3826834323650999 -0.9238795325112827 7.953237001972073e-15
  outer loop
    vertex 320.55646094697056 116.07674052652139 -7.000000000000029
    vertex 321.07500000000005 115.86195461813645 -7.000000000000029
    vertex 320.5564609469705 116.07674052652148 -2.9609648066752924e-14
  endloop
endfacet
facet normal -0.3826834323650999 -0.9238795325112827 7.953237001972073e-15
  outer loop
    vertex 321.07500000000005 115.86195461813651 -2.9609648066752924e-14
    vertex 320.5564609469705 116.07674052652148 -2.9609648066752924e-14
    vertex 321.07500000000005 115.86195461813645 -7.000000000000029
  endloop
endfacet
facet normal 0.9238795325112731 0.3826834323651229 -5.954629257446068e-15
  outer loop
    vertex 318.13804538186355 112.92499999999997 -2.9609648066752924e-14
    vertex 318.1380453818635 112.92499999999997 -7.000000000000029
    vertex 317.92325947347854 113.44353905302954 -2.9609648066752924e-14
  endloop
endfacet
facet normal 0.9238795325112731 0.3826834323651229 -5.954629257446068e-15
  outer loop
    vertex 317.92325947347854 113.44353905302954 -7.000000000000029
    vertex 317.92325947347854 113.44353905302954 -2.9609648066752924e-14
    vertex 318.1380453818635 112.92499999999997 -7.000000000000029
  endloop
endfacet
facet normal 0.13052619222004466 0.9914448613738114 -3.195405979241199e-15
  outer loop
    vertex 320.0000000000001 111.84999999999994 -7.000000000000029
    vertex 319.4435390530296 111.92325947347842 -7.000000000000029
    vertex 320.00000000000006 111.84999999999994 -2.9609648066752924e-14
  endloop
endfacet
facet normal 0.13052619222004466 0.9914448613738114 -3.195405979241199e-15
  outer loop
    vertex 319.44353905302967 111.92325947347847 -2.9609648066752924e-14
    vertex 320.00000000000006 111.84999999999994 -2.9609648066752924e-14
    vertex 319.4435390530296 111.92325947347842 -7.000000000000029
  endloop
endfacet
facet normal -0.9914448613738118 -0.13052619222004208 -1.7027606488828688e-14
  outer loop
    vertex 322.15000000000003 113.99999999999994 -2.9609648066752924e-14
    vertex 322.0767405265215 114.5564609469704 -2.9609648066752924e-14
    vertex 322.15000000000015 114.0 -7.000000000000029
  endloop
endfacet
facet normal -0.9914448613738118 -0.13052619222004208 -1.7027606488828688e-14
  outer loop
    vertex 322.0767405265217 114.55646094697045 -7.000000000000029
    vertex 322.15000000000015 114.0 -7.000000000000029
    vertex 322.0767405265215 114.5564609469704 -2.9609648066752924e-14
  endloop
endfacet
facet normal -0.9238795325112505 -0.3826834323651773 -8.42166374231418e-15
  outer loop
    vertex 322.0767405265215 114.5564609469704 -2.9609648066752924e-14
    vertex 321.8619546181366 115.07500000000002 -2.9609648066752924e-14
    vertex 322.0767405265217 114.55646094697045 -7.000000000000029
  endloop
endfacet
facet normal -0.9238795325112505 -0.3826834323651773 -8.42166374231418e-15
  outer loop
    vertex 321.86195461813656 115.07500000000002 -7.000000000000029
    vertex 322.0767405265217 114.55646094697045 -7.000000000000029
    vertex 321.8619546181366 115.07500000000002 -2.9609648066752924e-14
  endloop
endfacet
facet normal 0.9914448613738149 0.13052619222001818 -6.180279580562802e-15
  outer loop
    vertex 317.92325947347854 113.44353905302954 -2.9609648066752924e-14
    vertex 317.92325947347854 113.44353905302954 -7.000000000000029
    vertex 317.8500000000001 113.99999999999994 -2.9609648066752924e-14
  endloop
endfacet
facet normal 0.9914448613738149 0.13052619222001818 -6.180279580562802e-15
  outer loop
    vertex 317.85 113.99999999999994 -7.000000000000029
    vertex 317.8500000000001 113.99999999999994 -2.9609648066752924e-14
    vertex 317.92325947347854 113.44353905302954 -7.000000000000029
  endloop
endfacet
facet normal 0.9914448613738116 -0.13052619222004208 -3.826333121518656e-15
  outer loop
    vertex 317.8500000000001 113.99999999999994 -2.9609648066752924e-14
    vertex 317.85 113.99999999999994 -7.000000000000029
    vertex 317.92325947347854 114.5564609469704 -2.9609648066752924e-14
  endloop
endfacet
facet normal 0.9914448613738116 -0.13052619222004208 -3.826333121518656e-15
  outer loop
    vertex 317.92325947347854 114.55646094697045 -7.000000000000029
    vertex 317.92325947347854 114.5564609469704 -2.9609648066752924e-14
    vertex 317.85 113.99999999999994 -7.000000000000029
  endloop
endfacet
facet normal 0.9238795325112672 -0.38268343236513713 -2.4960052079258577e-31
  outer loop
    vertex 317.92325947347854 114.5564609469704 -2.9609648066752924e-14
    vertex 317.92325947347854 114.55646094697045 -7.000000000000029
    vertex 318.13804538186355 115.07499999999997 -2.9609648066752924e-14
  endloop
endfacet
facet normal 0.9238795325112672 -0.38268343236513713 -2.4960052079258577e-31
  outer loop
    vertex 318.13804538186355 115.07499999999993 -7.000000000000029
    vertex 318.13804538186355 115.07499999999997 -2.9609648066752924e-14
    vertex 317.92325947347854 114.55646094697045 -7.000000000000029
  endloop
endfacet
facet normal -0.7933533402912779 0.6087614290086649 -8.0475293485101965e-16
  outer loop
    vertex 321.52027957955113 112.47972042044887 -2.9609648066752924e-14
    vertex 321.8619546181366 112.92499999999997 -2.9609648066752924e-14
    vertex 321.5202795795513 112.479720420449 -7.000000000000029
  endloop
endfacet
facet normal -0.7933533402912779 0.6087614290086649 -8.0475293485101965e-16
  outer loop
    vertex 321.8619546181366 112.92500000000001 -7.000000000000029
    vertex 321.5202795795513 112.479720420449 -7.000000000000029
    vertex 321.8619546181366 112.92499999999997 -2.9609648066752924e-14
  endloop
endfacet
facet normal -0.9238795325112814 0.3826834323651028 6.676114353583222e-15
  outer loop
    vertex 321.8619546181366 112.92499999999997 -2.9609648066752924e-14
    vertex 322.0767405265216 113.4435390530295 -2.9609648066752924e-14
    vertex 321.8619546181366 112.92500000000001 -7.000000000000029
  endloop
endfacet
facet normal -0.9238795325112814 0.3826834323651028 6.676114353583222e-15
  outer loop
    vertex 322.0767405265216 113.4435390530296 -7.000000000000029
    vertex 321.8619546181366 112.92500000000001 -7.000000000000029
    vertex 322.0767405265216 113.4435390530295 -2.9609648066752924e-14
  endloop
endfacet
facet normal 0.7933533402912569 -0.6087614290086922 -1.1325262604116703e-18
  outer loop
    vertex 318.13804538186355 115.07499999999993 -7.000000000000029
    vertex 318.479720420449 115.52027957955112 -7.000000000000029
    vertex 318.13804538186355 115.07499999999997 -2.9609648066752924e-14
  endloop
endfacet
facet normal 0.7933533402912569 -0.6087614290086922 -1.1325262604116703e-18
  outer loop
    vertex 318.479720420449 115.52027957955107 -2.9609648066752924e-14
    vertex 318.13804538186355 115.07499999999997 -2.9609648066752924e-14
    vertex 318.479720420449 115.52027957955112 -7.000000000000029
  endloop
endfacet
facet normal 0.38268343236509145 0.923879532511286 -5.1888599162425045e-15
  outer loop
    vertex 318.92499999999995 112.13804538186339 -7.000000000000031
    vertex 318.92500000000007 112.13804538186339 -2.9609648066752924e-14
    vertex 319.4435390530296 111.92325947347842 -7.000000000000029
  endloop
endfacet
facet normal 0.38268343236509145 0.923879532511286 -5.1888599162425045e-15
  outer loop
    vertex 319.44353905302967 111.92325947347847 -2.9609648066752924e-14
    vertex 319.4435390530296 111.92325947347842 -7.000000000000029
    vertex 318.92500000000007 112.13804538186339 -2.9609648066752924e-14
  endloop
endfacet
facet normal 0.6087614290087262 0.793353340291231 -6.39189972067962e-15
  outer loop
    vertex 318.92499999999995 112.13804538186339 -7.000000000000031
    vertex 318.47972042044904 112.47972042044879 -7.000000000000029
    vertex 318.92500000000007 112.13804538186339 -2.9609648066752924e-14
  endloop
endfacet
facet normal 0.6087614290087262 0.793353340291231 -6.39189972067962e-15
  outer loop
    vertex 318.479720420449 112.47972042044887 -2.9609648066752924e-14
    vertex 318.92500000000007 112.13804538186339 -2.9609648066752924e-14
    vertex 318.47972042044904 112.47972042044879 -7.000000000000029
  endloop
endfacet
facet normal 0.7933533402912598 0.6087614290086886 -2.347493093981352e-15
  outer loop
    vertex 318.47972042044904 112.47972042044879 -7.000000000000029
    vertex 318.1380453818635 112.92499999999997 -7.000000000000029
    vertex 318.479720420449 112.47972042044887 -2.9609648066752924e-14
  endloop
endfacet
facet normal 0.7933533402912598 0.6087614290086886 -2.347493093981352e-15
  outer loop
    vertex 318.13804538186355 112.92499999999997 -2.9609648066752924e-14
    vertex 318.479720420449 112.47972042044887 -2.9609648066752924e-14
    vertex 318.1380453818635 112.92499999999997 -7.000000000000029
  endloop
endfacet
facet normal 0.6087614290087244 -0.7933533402912323 -5.026475419328151e-15
  outer loop
    vertex 318.479720420449 115.52027957955112 -7.000000000000029
    vertex 318.9250000000002 115.86195461813664 -7.000000000000029
    vertex 318.479720420449 115.52027957955107 -2.9609648066752924e-14
  endloop
endfacet
facet normal 0.6087614290087244 -0.7933533402912323 -5.026475419328151e-15
  outer loop
    vertex 318.92500000000007 115.86195461813651 -2.9609648066752924e-14
    vertex 318.479720420449 115.52027957955107 -2.9609648066752924e-14
    vertex 318.9250000000002 115.86195461813664 -7.000000000000029
  endloop
endfacet
facet normal -0.60876142900871 0.7933533402912434 1.191741501579338e-15
  outer loop
    vertex 321.5202795795513 112.479720420449 -7.000000000000029
    vertex 321.075 112.13804538186339 -7.000000000000029
    vertex 321.52027957955113 112.47972042044887 -2.9609648066752924e-14
  endloop
endfacet
facet normal -0.60876142900871 0.7933533402912434 1.191741501579338e-15
  outer loop
    vertex 321.07500000000005 112.13804538186339 -2.9609648066752924e-14
    vertex 321.52027957955113 112.47972042044887 -2.9609648066752924e-14
    vertex 321.075 112.13804538186339 -7.000000000000029
  endloop
endfacet
facet normal -0.3826834323650999 0.9238795325112825 9.780474568153384e-16
  outer loop
    vertex 321.075 112.13804538186339 -7.000000000000029
    vertex 320.5564609469705 111.92325947347847 -7.000000000000029
    vertex 321.07500000000005 112.13804538186339 -2.9609648066752924e-14
  endloop
endfacet
facet normal -0.3826834323650999 0.9238795325112825 9.780474568153384e-16
  outer loop
    vertex 320.5564609469705 111.92325947347847 -2.9609648066752924e-14
    vertex 321.07500000000005 112.13804538186339 -2.9609648066752924e-14
    vertex 320.5564609469705 111.92325947347847 -7.000000000000029
  endloop
endfacet
facet normal -0.13052619222006961 0.9914448613738082 -2.0182558365324808e-15
  outer loop
    vertex 320.5564609469705 111.92325947347847 -7.000000000000029
    vertex 320.0000000000001 111.84999999999994 -7.000000000000029
    vertex 320.5564609469705 111.92325947347847 -2.9609648066752924e-14
  endloop
endfacet
facet normal -0.13052619222006961 0.9914448613738082 -2.0182558365324808e-15
  outer loop
    vertex 320.00000000000006 111.84999999999994 -2.9609648066752924e-14
    vertex 320.5564609469705 111.92325947347847 -2.9609648066752924e-14
    vertex 320.0000000000001 111.84999999999994 -7.000000000000029
  endloop
endfacet
facet normal -0.1305261922200987 -0.9914448613738042 6.726092262721647e-15
  outer loop
    vertex 320.55646094697056 116.07674052652139 -7.000000000000029
    vertex 320.5564609469705 116.07674052652148 -2.9609648066752924e-14
    vertex 320.0000000000001 116.14999999999996 -7.000000000000029
  endloop
endfacet
facet normal -0.1305261922200987 -0.9914448613738042 6.726092262721647e-15
  outer loop
    vertex 320.00000000000006 116.14999999999996 -2.9609648066752924e-14
    vertex 320.0000000000001 116.14999999999996 -7.000000000000029
    vertex 320.5564609469705 116.07674052652148 -2.9609648066752924e-14
  endloop
endfacet
facet normal 0.13052619222004985 -0.9914448613738107 3.615781912966259e-15
  outer loop
    vertex 319.44353905302967 116.07674052652143 -7.000000000000029
    vertex 320.0000000000001 116.14999999999996 -7.000000000000029
    vertex 319.44353905302967 116.07674052652148 -2.9609648066752924e-14
  endloop
endfacet
facet normal 0.13052619222004985 -0.9914448613738107 3.615781912966259e-15
  outer loop
    vertex 320.00000000000006 116.14999999999996 -2.9609648066752924e-14
    vertex 319.44353905302967 116.07674052652148 -2.9609648066752924e-14
    vertex 320.0000000000001 116.14999999999996 -7.000000000000029
  endloop
endfacet
facet normal -0.6087614290087067 -0.7933533402912458 3.2398106779991588e-15
  outer loop
    vertex 321.07500000000005 115.86195461813645 -7.000000000000029
    vertex 321.5202795795511 115.52027957955107 -7.000000000000029
    vertex 321.07500000000005 115.86195461813651 -2.9609648066752924e-14
  endloop
endfacet
facet normal -0.6087614290087067 -0.7933533402912458 3.2398106779991588e-15
  outer loop
    vertex 321.52027957955113 115.52027957955103 -2.9609648066752924e-14
    vertex 321.07500000000005 115.86195461813651 -2.9609648066752924e-14
    vertex 321.5202795795511 115.52027957955107 -7.000000000000029
  endloop
endfacet
facet normal -0.7933533402912047 -0.6087614290087603 2.16912320301623e-15
  outer loop
    vertex 321.86195461813656 115.07500000000002 -7.000000000000029
    vertex 321.8619546181366 115.07500000000002 -2.9609648066752924e-14
    vertex 321.5202795795511 115.52027957955107 -7.000000000000029
  endloop
endfacet
facet normal -0.7933533402912047 -0.6087614290087603 2.16912320301623e-15
  outer loop
    vertex 321.52027957955113 115.52027957955103 -2.9609648066752924e-14
    vertex 321.5202795795511 115.52027957955107 -7.000000000000029
    vertex 321.8619546181366 115.07500000000002 -2.9609648066752924e-14
  endloop
endfacet
facet normal 0.3826834323650141 -0.9238795325113182 -3.4875947725791506e-15
  outer loop
    vertex 318.9250000000002 115.86195461813664 -7.000000000000029
    vertex 319.44353905302967 116.07674052652143 -7.000000000000029
    vertex 318.92500000000007 115.86195461813651 -2.9609648066752924e-14
  endloop
endfacet
facet normal 0.3826834323650141 -0.9238795325113182 -3.4875947725791506e-15
  outer loop
    vertex 319.44353905302967 116.07674052652148 -2.9609648066752924e-14
    vertex 318.92500000000007 115.86195461813651 -2.9609648066752924e-14
    vertex 319.44353905302967 116.07674052652143 -7.000000000000029
  endloop
endfacet
facet normal -0.9914448613738048 0.1305261922200946 -5.128641508818946e-15
  outer loop
    vertex 322.0767405265216 113.4435390530295 -2.9609648066752924e-14
    vertex 322.15000000000003 113.99999999999994 -2.9609648066752924e-14
    vertex 322.0767405265216 113.4435390530296 -7.000000000000029
  endloop
endfacet
facet normal -0.9914448613738048 0.1305261922200946 -5.128641508818946e-15
  outer loop
    vertex 322.15000000000015 114.0 -7.000000000000029
    vertex 322.0767405265216 113.4435390530296 -7.000000000000029
    vertex 322.15000000000003 113.99999999999994 -2.9609648066752924e-14
  endloop
endfacet
facet normal -0.38268343236507996 0.9238795325112908 -2.23728037867757e-15
  outer loop
    vertex 321.07500000000005 4.138045381863318 -10.00000000000003
    vertex 320.55646094697056 3.923259473478414 -10.00000000000003
    vertex 321.07500000000005 4.138045381863375 -3.101963130802687e-14
  endloop
endfacet
facet normal -0.38268343236507996 0.9238795325112908 -2.23728037867757e-15
  outer loop
    vertex 320.5564609469705 3.92325947347842 -3.101963130802687e-14
    vertex 321.07500000000005 4.138045381863375 -3.101963130802687e-14
    vertex 320.55646094697056 3.923259473478414 -10.00000000000003
  endloop
endfacet
facet normal -0.9914448613738105 0.13052619222005107 -2.6467470947714455e-17
  outer loop
    vertex 322.0767405265216 5.443539053029494 -10.00000000000003
    vertex 322.0767405265216 5.443539053029497 -3.101963130802687e-14
    vertex 322.1500000000001 5.999999999999914 -10.00000000000003
  endloop
endfacet
facet normal -0.9914448613738105 0.13052619222005107 -2.6467470947714455e-17
  outer loop
    vertex 322.1500000000001 5.999999999999917 -3.101963130802687e-14
    vertex 322.1500000000001 5.999999999999914 -10.00000000000003
    vertex 322.0767405265216 5.443539053029497 -3.101963130802687e-14
  endloop
endfacet
facet normal -0.7933533402912413 -0.6087614290087128 -1.0603657087357631e-15
  outer loop
    vertex 321.8619546181366 7.074999999999915 -3.101963130802687e-14
    vertex 321.52027957955113 7.52027957955099 -3.101963130802687e-14
    vertex 321.8619546181366 7.074999999999918 -10.00000000000003
  endloop
endfacet
facet normal -0.7933533402912413 -0.6087614290087128 -1.0603657087357631e-15
  outer loop
    vertex 321.52027957955113 7.520279579550999 -10.00000000000003
    vertex 321.8619546181366 7.074999999999918 -10.00000000000003
    vertex 321.52027957955113 7.52027957955099 -3.101963130802687e-14
  endloop
endfacet
facet normal 0.9914448613738105 -0.13052619222005096 -6.433475298581701e-17
  outer loop
    vertex 317.8500000000001 5.999999999999918 -3.101963130802687e-14
    vertex 317.8500000000001 5.999999999999918 -10.00000000000003
    vertex 317.92325947347854 6.5564609469703345 -3.101963130802687e-14
  endloop
endfacet
facet normal 0.9914448613738105 -0.13052619222005096 -6.433475298581701e-17
  outer loop
    vertex 317.92325947347854 6.5564609469703425 -10.00000000000003
    vertex 317.92325947347854 6.5564609469703345 -3.101963130802687e-14
    vertex 317.8500000000001 5.999999999999918 -10.00000000000003
  endloop
endfacet
facet normal -0.3826834323650915 -0.923879532511286 -5.564296570353653e-17
  outer loop
    vertex 320.55646094697045 8.076740526521418 -10.00000000000003
    vertex 321.07500000000005 7.8619546181364655 -10.00000000000003
    vertex 320.5564609469705 8.076740526521412 -3.101963130802687e-14
  endloop
endfacet
facet normal -0.3826834323650915 -0.923879532511286 -5.564296570353653e-17
  outer loop
    vertex 321.07500000000005 7.861954618136454 -3.101963130802687e-14
    vertex 320.5564609469705 8.076740526521412 -3.101963130802687e-14
    vertex 321.07500000000005 7.8619546181364655 -10.00000000000003
  endloop
endfacet
facet normal 0.38268343236510194 0.9238795325112816 5.354390420694104e-16
  outer loop
    vertex 319.44353905302967 3.923259473478417 -10.00000000000003
    vertex 318.925 4.138045381863408 -10.00000000000003
    vertex 319.44353905302967 3.92325947347842 -3.101963130802687e-14
  endloop
endfacet
facet normal 0.38268343236510194 0.9238795325112816 5.354390420694104e-16
  outer loop
    vertex 318.92500000000007 4.138045381863375 -3.101963130802687e-14
    vertex 319.44353905302967 3.92325947347842 -3.101963130802687e-14
    vertex 318.925 4.138045381863408 -10.00000000000003
  endloop
endfacet
facet normal 0.9914448613738105 0.13052619222005085 -5.673976576382034e-18
  outer loop
    vertex 317.92325947347854 5.443539053029496 -3.101963130802687e-14
    vertex 317.92325947347854 5.4435390530294985 -10.00000000000003
    vertex 317.8500000000001 5.999999999999918 -3.101963130802687e-14
  endloop
endfacet
facet normal 0.9914448613738105 0.13052619222005085 -5.673976576382034e-18
  outer loop
    vertex 317.8500000000001 5.999999999999918 -10.00000000000003
    vertex 317.8500000000001 5.999999999999918 -3.101963130802687e-14
    vertex 317.92325947347854 5.4435390530294985 -10.00000000000003
  endloop
endfacet
facet normal 0.9238795325112878 0.382683432365087 6.788776756328992e-17
  outer loop
    vertex 318.13804538186355 4.924999999999915 -3.101963130802687e-14
    vertex 318.13804538186355 4.924999999999917 -10.00000000000003
    vertex 317.92325947347854 5.443539053029496 -3.101963130802687e-14
  endloop
endfacet
facet normal 0.9238795325112878 0.382683432365087 6.788776756328992e-17
  outer loop
    vertex 317.92325947347854 5.4435390530294985 -10.00000000000003
    vertex 317.92325947347854 5.443539053029496 -3.101963130802687e-14
    vertex 318.13804538186355 4.924999999999917 -10.00000000000003
  endloop
endfacet
facet normal -0.6087614290087169 -0.793353340291238 -4.190050116903837e-17
  outer loop
    vertex 321.07500000000005 7.8619546181364655 -10.00000000000003
    vertex 321.52027957955113 7.520279579550999 -10.00000000000003
    vertex 321.07500000000005 7.861954618136454 -3.101963130802687e-14
  endloop
endfacet
facet normal -0.6087614290087169 -0.793353340291238 -4.190050116903837e-17
  outer loop
    vertex 321.52027957955113 7.52027957955099 -3.101963130802687e-14
    vertex 321.07500000000005 7.861954618136454 -3.101963130802687e-14
    vertex 321.52027957955113 7.520279579550999 -10.00000000000003
  endloop
endfacet
facet normal -0.9914448613738105 -0.13052619222005096 2.805510921676556e-17
  outer loop
    vertex 322.1500000000001 5.999999999999914 -10.00000000000003
    vertex 322.1500000000001 5.999999999999917 -3.101963130802687e-14
    vertex 322.0767405265216 6.556460946970337 -10.00000000000003
  endloop
endfacet
facet normal -0.9914448613738105 -0.13052619222005096 2.805510921676556e-17
  outer loop
    vertex 322.0767405265216 6.556460946970337 -3.101963130802687e-14
    vertex 322.0767405265216 6.556460946970337 -10.00000000000003
    vertex 322.1500000000001 5.999999999999917 -3.101963130802687e-14
  endloop
endfacet
facet normal -0.9238795325112787 -0.3826834323651094 -9.790747692313376e-16
  outer loop
    vertex 322.0767405265216 6.556460946970337 -10.00000000000003
    vertex 322.0767405265216 6.556460946970337 -3.101963130802687e-14
    vertex 321.8619546181366 7.074999999999918 -10.00000000000003
  endloop
endfacet
facet normal -0.9238795325112787 -0.3826834323651094 -9.790747692313376e-16
  outer loop
    vertex 321.8619546181366 7.074999999999915 -3.101963130802687e-14
    vertex 321.8619546181366 7.074999999999918 -10.00000000000003
    vertex 322.0767405265216 6.556460946970337 -3.101963130802687e-14
  endloop
endfacet
facet normal 0.3826834323650915 -0.9238795325112862 -3.6694064061624807e-16
  outer loop
    vertex 318.925 7.861954618136432 -10.00000000000003
    vertex 319.44353905302955 8.076740526521384 -10.00000000000003
    vertex 318.92500000000007 7.861954618136454 -3.101963130802687e-14
  endloop
endfacet
facet normal 0.3826834323650915 -0.9238795325112862 -3.6694064061624807e-16
  outer loop
    vertex 319.44353905302967 8.076740526521412 -3.101963130802687e-14
    vertex 318.92500000000007 7.861954618136454 -3.101963130802687e-14
    vertex 319.44353905302955 8.076740526521384 -10.00000000000003
  endloop
endfacet
facet normal 0.13052619222006762 -0.9914448613738084 3.718273845288437e-16
  outer loop
    vertex 319.44353905302955 8.076740526521384 -10.00000000000003
    vertex 320.0000000000001 8.149999999999926 -10.00000000000003
    vertex 319.44353905302967 8.076740526521412 -3.101963130802687e-14
  endloop
endfacet
facet normal 0.13052619222006762 -0.9914448613738084 3.718273845288437e-16
  outer loop
    vertex 320.00000000000006 8.149999999999915 -3.101963130802687e-14
    vertex 319.44353905302967 8.076740526521412 -3.101963130802687e-14
    vertex 320.0000000000001 8.149999999999926 -10.00000000000003
  endloop
endfacet
facet normal -0.1305261922200583 -0.9914448613738096 -8.985059512200365e-16
  outer loop
    vertex 320.0000000000001 8.149999999999926 -10.00000000000003
    vertex 320.55646094697045 8.076740526521418 -10.00000000000003
    vertex 320.00000000000006 8.149999999999915 -3.101963130802687e-14
  endloop
endfacet
facet normal -0.1305261922200583 -0.9914448613738096 -8.985059512200365e-16
  outer loop
    vertex 320.5564609469705 8.076740526521412 -3.101963130802687e-14
    vertex 320.00000000000006 8.149999999999915 -3.101963130802687e-14
    vertex 320.55646094697045 8.076740526521418 -10.00000000000003
  endloop
endfacet
facet normal -0.608761429008726 0.7933533402912311 -1.2750047747661571e-15
  outer loop
    vertex 321.52027957955113 4.479720420448792 -10.00000000000003
    vertex 321.07500000000005 4.138045381863318 -10.00000000000003
    vertex 321.52027957955113 4.47972042044884 -3.101963130802687e-14
  endloop
endfacet
facet normal -0.608761429008726 0.7933533402912311 -1.2750047747661571e-15
  outer loop
    vertex 321.07500000000005 4.138045381863375 -3.101963130802687e-14
    vertex 321.52027957955113 4.47972042044884 -3.101963130802687e-14
    vertex 321.07500000000005 4.138045381863318 -10.00000000000003
  endloop
endfacet
facet normal -0.7933533402912359 0.6087614290087199 -7.352135573608017e-16
  outer loop
    vertex 321.52027957955113 4.479720420448792 -10.00000000000003
    vertex 321.52027957955113 4.47972042044884 -3.101963130802687e-14
    vertex 321.8619546181366 4.924999999999907 -10.00000000000003
  endloop
endfacet
facet normal -0.7933533402912359 0.6087614290087199 -7.352135573608017e-16
  outer loop
    vertex 321.8619546181366 4.924999999999915 -3.101963130802687e-14
    vertex 321.8619546181366 4.924999999999907 -10.00000000000003
    vertex 321.52027957955113 4.47972042044884 -3.101963130802687e-14
  endloop
endfacet
facet normal 0.6087614290087188 -0.7933533402912366 -2.463446510166996e-15
  outer loop
    vertex 318.479720420449 7.520279579550993 -10.00000000000003
    vertex 318.925 7.861954618136432 -10.00000000000003
    vertex 318.479720420449 7.52027957955099 -3.101963130802687e-14
  endloop
endfacet
facet normal 0.6087614290087188 -0.7933533402912366 -2.463446510166996e-15
  outer loop
    vertex 318.92500000000007 7.861954618136454 -3.101963130802687e-14
    vertex 318.479720420449 7.52027957955099 -3.101963130802687e-14
    vertex 318.925 7.861954618136432 -10.00000000000003
  endloop
endfacet
facet normal -0.13052619222004821 0.9914448613738109 -6.384242029423822e-16
  outer loop
    vertex 320.55646094697056 3.923259473478414 -10.00000000000003
    vertex 320.0000000000001 3.849999999999914 -10.00000000000003
    vertex 320.5564609469705 3.92325947347842 -3.101963130802687e-14
  endloop
endfacet
facet normal -0.13052619222004821 0.9914448613738109 -6.384242029423822e-16
  outer loop
    vertex 320.00000000000006 3.8499999999999166 -3.101963130802687e-14
    vertex 320.5564609469705 3.92325947347842 -3.101963130802687e-14
    vertex 320.0000000000001 3.849999999999914 -10.00000000000003
  endloop
endfacet
facet normal 0.13052619222004816 0.9914448613738109 -1.0649462430629714e-16
  outer loop
    vertex 320.0000000000001 3.849999999999914 -10.00000000000003
    vertex 319.44353905302967 3.923259473478417 -10.00000000000003
    vertex 320.00000000000006 3.8499999999999166 -3.101963130802687e-14
  endloop
endfacet
facet normal 0.13052619222004816 0.9914448613738109 -1.0649462430629714e-16
  outer loop
    vertex 319.44353905302967 3.92325947347842 -3.101963130802687e-14
    vertex 320.00000000000006 3.8499999999999166 -3.101963130802687e-14
    vertex 319.44353905302967 3.923259473478417 -10.00000000000003
  endloop
endfacet
facet normal 0.6087614290087164 0.7933533402912383 -5.658189073634001e-16
  outer loop
    vertex 318.925 4.138045381863408 -10.00000000000003
    vertex 318.479720420449 4.479720420448859 -10.00000000000003
    vertex 318.92500000000007 4.138045381863375 -3.101963130802687e-14
  endloop
endfacet
facet normal 0.6087614290087164 0.7933533402912383 -5.658189073634001e-16
  outer loop
    vertex 318.479720420449 4.47972042044884 -3.101963130802687e-14
    vertex 318.92500000000007 4.138045381863375 -3.101963130802687e-14
    vertex 318.479720420449 4.479720420448859 -10.00000000000003
  endloop
endfacet
facet normal 0.7933533402912363 0.6087614290087192 -1.0158200370852688e-15
  outer loop
    vertex 318.479720420449 4.47972042044884 -3.101963130802687e-14
    vertex 318.479720420449 4.479720420448859 -10.00000000000003
    vertex 318.13804538186355 4.924999999999915 -3.101963130802687e-14
  endloop
endfacet
facet normal 0.7933533402912363 0.6087614290087192 -1.0158200370852688e-15
  outer loop
    vertex 318.13804538186355 4.924999999999917 -10.00000000000003
    vertex 318.13804538186355 4.924999999999915 -3.101963130802687e-14
    vertex 318.479720420449 4.479720420448859 -10.00000000000003
  endloop
endfacet
facet normal 0.9238795325112878 -0.3826834323650874 -3.111974044633519e-16
  outer loop
    vertex 317.92325947347854 6.5564609469703345 -3.101963130802687e-14
    vertex 317.92325947347854 6.5564609469703425 -10.00000000000003
    vertex 318.13804538186355 7.074999999999915 -3.101963130802687e-14
  endloop
endfacet
facet normal 0.9238795325112878 -0.3826834323650874 -3.111974044633519e-16
  outer loop
    vertex 318.13804538186355 7.074999999999924 -10.00000000000003
    vertex 318.13804538186355 7.074999999999915 -3.101963130802687e-14
    vertex 317.92325947347854 6.5564609469703425 -10.00000000000003
  endloop
endfacet
facet normal 0.7933533402912395 -0.6087614290087151 -1.974105291510864e-15
  outer loop
    vertex 318.13804538186355 7.074999999999915 -3.101963130802687e-14
    vertex 318.13804538186355 7.074999999999924 -10.00000000000003
    vertex 318.479720420449 7.52027957955099 -3.101963130802687e-14
  endloop
endfacet
facet normal 0.7933533402912395 -0.6087614290087151 -1.974105291510864e-15
  outer loop
    vertex 318.479720420449 7.520279579550993 -10.00000000000003
    vertex 318.479720420449 7.52027957955099 -3.101963130802687e-14
    vertex 318.13804538186355 7.074999999999924 -10.00000000000003
  endloop
endfacet
facet normal -0.923879532511279 0.3826834323651088 -1.1638138362174326e-15
  outer loop
    vertex 321.8619546181366 4.924999999999907 -10.00000000000003
    vertex 321.8619546181366 4.924999999999915 -3.101963130802687e-14
    vertex 322.0767405265216 5.443539053029494 -10.00000000000003
  endloop
endfacet
facet normal -0.923879532511279 0.3826834323651088 -1.1638138362174326e-15
  outer loop
    vertex 322.0767405265216 5.443539053029497 -3.101963130802687e-14
    vertex 322.0767405265216 5.443539053029494 -10.00000000000003
    vertex 321.8619546181366 4.924999999999915 -3.101963130802687e-14
  endloop
endfacet
facet normal 0.6087614290087119 -0.7933533402912418 -6.858682889422023e-16
  outer loop
    vertex 428.4797204204489 8.520279579550987 -10.000000000000032
    vertex 428.92500000000007 8.86195461813645 -10.000000000000032
    vertex 428.47972042044904 8.520279579550998 -3.3839597790574766e-14
  endloop
endfacet
facet normal 0.6087614290087119 -0.7933533402912418 -6.858682889422023e-16
  outer loop
    vertex 428.92500000000007 8.861954618136473 -3.3839597790574766e-14
    vertex 428.47972042044904 8.520279579550998 -3.3839597790574766e-14
    vertex 428.92500000000007 8.86195461813645 -10.000000000000032
  endloop
endfacet
facet normal 0.38268343236509395 -0.923879532511285 9.471265328261852e-16
  outer loop
    vertex 428.92500000000007 8.86195461813645 -10.000000000000032
    vertex 429.4435390530297 9.076740526521412 -10.000000000000032
    vertex 428.92500000000007 8.861954618136473 -3.3839597790574766e-14
  endloop
endfacet
facet normal 0.38268343236509395 -0.923879532511285 9.471265328261852e-16
  outer loop
    vertex 429.4435390530296 9.076740526521412 -3.3839597790574766e-14
    vertex 428.92500000000007 8.861954618136473 -3.3839597790574766e-14
    vertex 429.4435390530297 9.076740526521412 -10.000000000000032
  endloop
endfacet
facet normal 0.38268343236508473 0.9238795325112888 2.230939546335276e-16
  outer loop
    vertex 429.4435390530297 4.923259473478406 -10.000000000000032
    vertex 428.92500000000007 5.138045381863363 -10.000000000000032
    vertex 429.4435390530297 4.923259473478399 -3.3839597790574766e-14
  endloop
endfacet
facet normal 0.38268343236508473 0.9238795325112888 2.230939546335276e-16
  outer loop
    vertex 428.92500000000007 5.13804538186334 -3.3839597790574766e-14
    vertex 429.4435390530297 4.923259473478399 -3.3839597790574766e-14
    vertex 428.92500000000007 5.138045381863363 -10.000000000000032
  endloop
endfacet
facet normal 0.13052619222005488 0.99144486137381 -2.2261264012132998e-17
  outer loop
    vertex 430.0000000000001 4.849999999999899 -10.000000000000032
    vertex 429.4435390530297 4.923259473478406 -10.000000000000032
    vertex 430.0000000000001 4.849999999999897 -3.3839597790574766e-14
  endloop
endfacet
facet normal 0.13052619222005488 0.99144486137381 -2.2261264012132998e-17
  outer loop
    vertex 429.4435390530297 4.923259473478399 -3.3839597790574766e-14
    vertex 430.0000000000001 4.849999999999897 -3.3839597790574766e-14
    vertex 429.4435390530297 4.923259473478406 -10.000000000000032
  endloop
endfacet
facet normal 0.7933533402912407 -0.6087614290087133 -6.666267633751113e-16
  outer loop
    vertex 428.1380453818635 8.074999999999912 -3.3839597790574766e-14
    vertex 428.1380453818635 8.074999999999918 -10.000000000000032
    vertex 428.47972042044904 8.520279579550998 -3.3839597790574766e-14
  endloop
endfacet
facet normal 0.7933533402912407 -0.6087614290087133 -6.666267633751113e-16
  outer loop
    vertex 428.4797204204489 8.520279579550987 -10.000000000000032
    vertex 428.47972042044904 8.520279579550998 -3.3839597790574766e-14
    vertex 428.1380453818635 8.074999999999918 -10.000000000000032
  endloop
endfacet
facet normal -0.9914448613738105 0.13052619222005052 1.0460434759047776e-15
  outer loop
    vertex 432.0767405265216 6.443539053029478 -3.3839597790574766e-14
    vertex 432.1500000000001 6.999999999999904 -3.3839597790574766e-14
    vertex 432.0767405265216 6.443539053029482 -10.000000000000032
  endloop
endfacet
facet normal -0.9914448613738105 0.13052619222005052 1.0460434759047776e-15
  outer loop
    vertex 432.1500000000001 6.999999999999904 -10.000000000000032
    vertex 432.0767405265216 6.443539053029482 -10.000000000000032
    vertex 432.1500000000001 6.999999999999904 -3.3839597790574766e-14
  endloop
endfacet
facet normal -0.9238795325112913 0.382683432365079 4.327941850959259e-16
  outer loop
    vertex 431.8619546181366 5.9249999999998915 -10.000000000000032
    vertex 431.8619546181366 5.924999999999898 -3.3839597790574766e-14
    vertex 432.0767405265216 6.443539053029482 -10.000000000000032
  endloop
endfacet
facet normal -0.9238795325112913 0.382683432365079 4.327941850959259e-16
  outer loop
    vertex 432.0767405265216 6.443539053029478 -3.3839597790574766e-14
    vertex 432.0767405265216 6.443539053029482 -10.000000000000032
    vertex 431.8619546181366 5.924999999999898 -3.3839597790574766e-14
  endloop
endfacet
facet normal -0.7933533402912316 0.6087614290087253 -7.971068844893969e-16
  outer loop
    vertex 431.5202795795512 5.479720420448814 -10.000000000000032
    vertex 431.5202795795512 5.479720420448823 -3.3839597790574766e-14
    vertex 431.8619546181366 5.9249999999998915 -10.000000000000032
  endloop
endfacet
facet normal -0.7933533402912316 0.6087614290087253 -7.971068844893969e-16
  outer loop
    vertex 431.8619546181366 5.924999999999898 -3.3839597790574766e-14
    vertex 431.8619546181366 5.9249999999998915 -10.000000000000032
    vertex 431.5202795795512 5.479720420448823 -3.3839597790574766e-14
  endloop
endfacet
facet normal 0.9914448613738105 -0.13052619222005082 -7.011934102400916e-17
  outer loop
    vertex 427.8500000000001 6.999999999999909 -3.3839597790574766e-14
    vertex 427.8500000000001 6.999999999999912 -10.000000000000032
    vertex 427.92325947347854 7.556460946970329 -3.3839597790574766e-14
  endloop
endfacet
facet normal 0.9914448613738105 -0.13052619222005082 -7.011934102400916e-17
  outer loop
    vertex 427.92325947347854 7.556460946970338 -10.000000000000032
    vertex 427.92325947347854 7.556460946970329 -3.3839597790574766e-14
    vertex 427.8500000000001 6.999999999999912 -10.000000000000032
  endloop
endfacet
facet normal 0.9238795325112857 -0.38268343236509217 2.4340092704680626e-16
  outer loop
    vertex 427.92325947347854 7.556460946970329 -3.3839597790574766e-14
    vertex 427.92325947347854 7.556460946970338 -10.000000000000032
    vertex 428.1380453818635 8.074999999999912 -3.3839597790574766e-14
  endloop
endfacet
facet normal 0.9238795325112857 -0.38268343236509217 2.4340092704680626e-16
  outer loop
    vertex 428.1380453818635 8.074999999999918 -10.000000000000032
    vertex 428.1380453818635 8.074999999999912 -3.3839597790574766e-14
    vertex 427.92325947347854 7.556460946970338 -10.000000000000032
  endloop
endfacet
facet normal 0.9914448613738107 0.1305261922200501 5.5954175838413e-17
  outer loop
    vertex 427.92325947347854 6.443539053029482 -3.3839597790574766e-14
    vertex 427.92325947347854 6.44353905302949 -10.000000000000032
    vertex 427.8500000000001 6.999999999999909 -3.3839597790574766e-14
  endloop
endfacet
facet normal 0.9914448613738107 0.1305261922200501 5.5954175838413e-17
  outer loop
    vertex 427.8500000000001 6.999999999999912 -10.000000000000032
    vertex 427.8500000000001 6.999999999999909 -3.3839597790574766e-14
    vertex 427.92325947347854 6.44353905302949 -10.000000000000032
  endloop
endfacet
facet normal -0.13052619222004994 0.9914448613738107 -7.674943885947843e-16
  outer loop
    vertex 430.5564609469705 4.9232594734783826 -10.000000000000032
    vertex 430.0000000000001 4.849999999999899 -10.000000000000032
    vertex 430.5564609469705 4.923259473478416 -3.3839597790574766e-14
  endloop
endfacet
facet normal -0.13052619222004994 0.9914448613738107 -7.674943885947843e-16
  outer loop
    vertex 430.0000000000001 4.849999999999897 -3.3839597790574766e-14
    vertex 430.5564609469705 4.923259473478416 -3.3839597790574766e-14
    vertex 430.0000000000001 4.849999999999899 -10.000000000000032
  endloop
endfacet
facet normal -0.9238795325112878 -0.38268343236508706 7.370133458498769e-17
  outer loop
    vertex 432.0767405265216 7.556460946970321 -10.000000000000032
    vertex 432.0767405265216 7.5564609469703266 -3.3839597790574766e-14
    vertex 431.8619546181366 8.074999999999907 -10.000000000000032
  endloop
endfacet
facet normal -0.9238795325112878 -0.38268343236508706 7.370133458498769e-17
  outer loop
    vertex 431.8619546181366 8.074999999999907 -3.3839597790574766e-14
    vertex 431.8619546181366 8.074999999999907 -10.000000000000032
    vertex 432.0767405265216 7.5564609469703266 -3.3839597790574766e-14
  endloop
endfacet
facet normal -0.7933533402912334 -0.608761429008723 -6.936718759393473e-16
  outer loop
    vertex 431.8619546181366 8.074999999999907 -10.000000000000032
    vertex 431.8619546181366 8.074999999999907 -3.3839597790574766e-14
    vertex 431.5202795795512 8.520279579550992 -10.000000000000032
  endloop
endfacet
facet normal -0.7933533402912334 -0.608761429008723 -6.936718759393473e-16
  outer loop
    vertex 431.5202795795512 8.520279579550982 -3.3839597790574766e-14
    vertex 431.5202795795512 8.520279579550992 -10.000000000000032
    vertex 431.8619546181366 8.074999999999907 -3.3839597790574766e-14
  endloop
endfacet
facet normal 0.6087614290087274 0.79335334029123 3.187483027141809e-17
  outer loop
    vertex 428.92500000000007 5.138045381863363 -10.000000000000032
    vertex 428.47972042044904 5.479720420448831 -10.000000000000032
    vertex 428.92500000000007 5.13804538186334 -3.3839597790574766e-14
  endloop
endfacet
facet normal 0.6087614290087274 0.79335334029123 3.187483027141809e-17
  outer loop
    vertex 428.47972042044904 5.4797204204488255 -3.3839597790574766e-14
    vertex 428.92500000000007 5.13804538186334 -3.3839597790574766e-14
    vertex 428.47972042044904 5.479720420448831 -10.000000000000032
  endloop
endfacet
facet normal -0.13052619222005407 -0.99144486137381 5.2468514570602716e-17
  outer loop
    vertex 430.0000000000001 9.149999999999915 -10.000000000000032
    vertex 430.5564609469705 9.076740526521407 -10.000000000000032
    vertex 430.0000000000001 9.149999999999915 -3.3839597790574766e-14
  endloop
endfacet
facet normal -0.13052619222005407 -0.99144486137381 5.2468514570602716e-17
  outer loop
    vertex 430.5564609469705 9.076740526521412 -3.3839597790574766e-14
    vertex 430.0000000000001 9.149999999999915 -3.3839597790574766e-14
    vertex 430.5564609469705 9.076740526521407 -10.000000000000032
  endloop
endfacet
facet normal -0.38268343236509345 -0.9238795325112852 -1.1110519099670635e-15
  outer loop
    vertex 430.5564609469705 9.076740526521407 -10.000000000000032
    vertex 431.07500000000016 8.861954618136455 -10.000000000000032
    vertex 430.5564609469705 9.076740526521412 -3.3839597790574766e-14
  endloop
endfacet
facet normal -0.38268343236509345 -0.9238795325112852 -1.1110519099670635e-15
  outer loop
    vertex 431.07500000000016 8.861954618136439 -3.3839597790574766e-14
    vertex 430.5564609469705 9.076740526521412 -3.3839597790574766e-14
    vertex 431.07500000000016 8.861954618136455 -10.000000000000032
  endloop
endfacet
facet normal -0.38268343236508473 0.9238795325112888 4.3561805309203214e-16
  outer loop
    vertex 431.07500000000005 5.138045381863335 -10.000000000000032
    vertex 430.5564609469705 4.9232594734783826 -10.000000000000032
    vertex 431.07500000000016 5.138045381863363 -3.3839597790574766e-14
  endloop
endfacet
facet normal -0.38268343236508473 0.9238795325112888 4.3561805309203214e-16
  outer loop
    vertex 430.5564609469705 4.923259473478416 -3.3839597790574766e-14
    vertex 431.07500000000016 5.138045381863363 -3.3839597790574766e-14
    vertex 430.5564609469705 4.9232594734783826 -10.000000000000032
  endloop
endfacet
facet normal 0.9238795325112878 0.38268343236508706 2.253263960714507e-16
  outer loop
    vertex 428.1380453818635 5.924999999999903 -3.3839597790574766e-14
    vertex 428.1380453818635 5.924999999999908 -10.000000000000032
    vertex 427.92325947347854 6.443539053029482 -3.3839597790574766e-14
  endloop
endfacet
facet normal 0.9238795325112878 0.38268343236508706 2.253263960714507e-16
  outer loop
    vertex 427.92325947347854 6.44353905302949 -10.000000000000032
    vertex 427.92325947347854 6.443539053029482 -3.3839597790574766e-14
    vertex 428.1380453818635 5.924999999999908 -10.000000000000032
  endloop
endfacet
facet normal -0.6087614290087249 0.793353340291232 7.02411265391222e-16
  outer loop
    vertex 431.5202795795512 5.479720420448814 -10.000000000000032
    vertex 431.07500000000005 5.138045381863335 -10.000000000000032
    vertex 431.5202795795512 5.479720420448823 -3.3839597790574766e-14
  endloop
endfacet
facet normal -0.6087614290087249 0.793353340291232 7.02411265391222e-16
  outer loop
    vertex 431.07500000000016 5.138045381863363 -3.3839597790574766e-14
    vertex 431.5202795795512 5.479720420448823 -3.3839597790574766e-14
    vertex 431.07500000000005 5.138045381863335 -10.000000000000032
  endloop
endfacet
facet normal 0.13052619222004977 -0.9914448613738107 2.896739270266063e-16
  outer loop
    vertex 429.4435390530297 9.076740526521412 -10.000000000000032
    vertex 430.0000000000001 9.149999999999915 -10.000000000000032
    vertex 429.4435390530296 9.076740526521412 -3.3839597790574766e-14
  endloop
endfacet
facet normal 0.13052619222004977 -0.9914448613738107 2.896739270266063e-16
  outer loop
    vertex 430.0000000000001 9.149999999999915 -3.3839597790574766e-14
    vertex 429.4435390530296 9.076740526521412 -3.3839597790574766e-14
    vertex 430.0000000000001 9.149999999999915 -10.000000000000032
  endloop
endfacet
facet normal -0.9914448613738114 -0.13052619222004427 5.740049211424909e-16
  outer loop
    vertex 432.1500000000001 6.999999999999904 -10.000000000000032
    vertex 432.1500000000001 6.999999999999904 -3.3839597790574766e-14
    vertex 432.0767405265216 7.556460946970321 -10.000000000000032
  endloop
endfacet
facet normal -0.9914448613738114 -0.13052619222004427 5.740049211424909e-16
  outer loop
    vertex 432.0767405265216 7.5564609469703266 -3.3839597790574766e-14
    vertex 432.0767405265216 7.556460946970321 -10.000000000000032
    vertex 432.1500000000001 6.999999999999904 -3.3839597790574766e-14
  endloop
endfacet
facet normal 0.793353340291229 0.6087614290087288 2.375615160380785e-16
  outer loop
    vertex 428.47972042044904 5.4797204204488255 -3.3839597790574766e-14
    vertex 428.47972042044904 5.479720420448831 -10.000000000000032
    vertex 428.1380453818635 5.924999999999903 -3.3839597790574766e-14
  endloop
endfacet
facet normal 0.793353340291229 0.6087614290087288 2.375615160380785e-16
  outer loop
    vertex 428.1380453818635 5.924999999999908 -10.000000000000032
    vertex 428.1380453818635 5.924999999999903 -3.3839597790574766e-14
    vertex 428.47972042044904 5.479720420448831 -10.000000000000032
  endloop
endfacet
facet normal -0.6087614290087255 -0.7933533402912316 -1.027309405579082e-15
  outer loop
    vertex 431.07500000000016 8.861954618136455 -10.000000000000032
    vertex 431.5202795795512 8.520279579550992 -10.000000000000032
    vertex 431.07500000000016 8.861954618136439 -3.3839597790574766e-14
  endloop
endfacet
facet normal -0.6087614290087255 -0.7933533402912316 -1.027309405579082e-15
  outer loop
    vertex 431.5202795795512 8.520279579550982 -3.3839597790574766e-14
    vertex 431.07500000000016 8.861954618136439 -3.3839597790574766e-14
    vertex 431.5202795795512 8.520279579550992 -10.000000000000032
  endloop
endfacet
facet normal -1.084602493287654e-16 6.94573025258103e-17 -1.0
  outer loop
    vertex 326.00000000000006 108.19999999999992 -7.000000000000031
    vertex 321.86195461813656 115.07500000000002 -7.000000000000029
    vertex 326.00000000000006 128.4999999999999 -7.000000000000029
  endloop
endfacet
facet normal -1.084602493287654e-16 6.94573025258103e-17 -1.0
  outer loop
    vertex 313.00000000000006 128.4999999999999 -7.000000000000028
    vertex 326.00000000000006 128.4999999999999 -7.000000000000029
    vertex 321.86195461813656 115.07500000000002 -7.000000000000029
  endloop
endfacet
facet normal -1.084602493287654e-16 6.94573025258103e-17 -1.0
  outer loop
    vertex 322.0767405265217 114.55646094697045 -7.000000000000029
    vertex 321.86195461813656 115.07500000000002 -7.000000000000029
    vertex 326.00000000000006 108.19999999999992 -7.000000000000031
  endloop
endfacet
facet normal -1.084602493287654e-16 6.94573025258103e-17 -1.0
  outer loop
    vertex 322.15000000000015 114.0 -7.000000000000029
    vertex 322.0767405265217 114.55646094697045 -7.000000000000029
    vertex 326.00000000000006 108.19999999999992 -7.000000000000031
  endloop
endfacet
facet normal -1.084602493287654e-16 6.94573025258103e-17 -1.0
  outer loop
    vertex 321.5202795795511 115.52027957955107 -7.000000000000029
    vertex 313.00000000000006 128.4999999999999 -7.000000000000028
    vertex 321.86195461813656 115.07500000000002 -7.000000000000029
  endloop
endfacet
facet normal -1.084602493287654e-16 6.94573025258103e-17 -1.0
  outer loop
    vertex 321.07500000000005 115.86195461813645 -7.000000000000029
    vertex 313.00000000000006 128.4999999999999 -7.000000000000028
    vertex 321.5202795795511 115.52027957955107 -7.000000000000029
  endloop
endfacet
facet normal -1.084602493287654e-16 6.94573025258103e-17 -1.0
  outer loop
    vertex 320.55646094697056 116.07674052652139 -7.000000000000029
    vertex 313.00000000000006 128.4999999999999 -7.000000000000028
    vertex 321.07500000000005 115.86195461813645 -7.000000000000029
  endloop
endfacet
facet normal -1.084602493287654e-16 6.94573025258103e-17 -1.0
  outer loop
    vertex 320.0000000000001 116.14999999999996 -7.000000000000029
    vertex 313.00000000000006 128.4999999999999 -7.000000000000028
    vertex 320.55646094697056 116.07674052652139 -7.000000000000029
  endloop
endfacet
facet normal -1.084602493287654e-16 6.94573025258103e-17 -1.0
  outer loop
    vertex 319.44353905302967 116.07674052652143 -7.000000000000029
    vertex 313.00000000000006 128.4999999999999 -7.000000000000028
    vertex 320.0000000000001 116.14999999999996 -7.000000000000029
  endloop
endfacet
facet normal -1.084602493287654e-16 6.94573025258103e-17 -1.0
  outer loop
    vertex 318.9250000000002 115.86195461813664 -7.000000000000029
    vertex 313.00000000000006 128.4999999999999 -7.000000000000028
    vertex 319.44353905302967 116.07674052652143 -7.000000000000029
  endloop
endfacet
facet normal -1.084602493287654e-16 6.94573025258103e-17 -1.0
  outer loop
    vertex 318.479720420449 115.52027957955112 -7.000000000000029
    vertex 313.00000000000006 128.4999999999999 -7.000000000000028
    vertex 318.9250000000002 115.86195461813664 -7.000000000000029
  endloop
endfacet
facet normal -1.084602493287654e-16 6.94573025258103e-17 -1.0
  outer loop
    vertex 318.13804538186355 115.07499999999993 -7.000000000000029
    vertex 313.00000000000006 128.4999999999999 -7.000000000000028
    vertex 318.479720420449 115.52027957955112 -7.000000000000029
  endloop
endfacet
facet normal -1.084602493287654e-16 6.94573025258103e-17 -1.0
  outer loop
    vertex 317.92325947347854 114.55646094697045 -7.000000000000029
    vertex 313.00000000000006 128.4999999999999 -7.000000000000028
    vertex 318.13804538186355 115.07499999999993 -7.000000000000029
  endloop
endfacet
facet normal -1.084602493287654e-16 6.94573025258103e-17 -1.0
  outer loop
    vertex 317.85 113.99999999999994 -7.000000000000029
    vertex 313.00000000000006 128.4999999999999 -7.000000000000028
    vertex 317.92325947347854 114.55646094697045 -7.000000000000029
  endloop
endfacet
facet normal -1.084602493287654e-16 6.94573025258103e-17 -1.0
  outer loop
    vertex 313.00000000000006 108.19999999999992 -7.000000000000029
    vertex 321.075 112.13804538186339 -7.000000000000029
    vertex 326.00000000000006 108.19999999999992 -7.000000000000031
  endloop
endfacet
facet normal -1.084602493287654e-16 6.94573025258103e-17 -1.0
  outer loop
    vertex 321.5202795795513 112.479720420449 -7.000000000000029
    vertex 326.00000000000006 108.19999999999992 -7.000000000000031
    vertex 321.075 112.13804538186339 -7.000000000000029
  endloop
endfacet
facet normal -1.084602493287654e-16 6.94573025258103e-17 -1.0
  outer loop
    vertex 321.8619546181366 112.92500000000001 -7.000000000000029
    vertex 326.00000000000006 108.19999999999992 -7.000000000000031
    vertex 321.5202795795513 112.479720420449 -7.000000000000029
  endloop
endfacet
facet normal -1.084602493287654e-16 6.94573025258103e-17 -1.0
  outer loop
    vertex 322.0767405265216 113.4435390530296 -7.000000000000029
    vertex 326.00000000000006 108.19999999999992 -7.000000000000031
    vertex 321.8619546181366 112.92500000000001 -7.000000000000029
  endloop
endfacet
facet normal -1.084602493287654e-16 6.94573025258103e-17 -1.0
  outer loop
    vertex 322.15000000000015 114.0 -7.000000000000029
    vertex 326.00000000000006 108.19999999999992 -7.000000000000031
    vertex 322.0767405265216 113.4435390530296 -7.000000000000029
  endloop
endfacet
facet normal -1.084602493287654e-16 6.94573025258103e-17 -1.0
  outer loop
    vertex 320.5564609469705 111.92325947347847 -7.000000000000029
    vertex 321.075 112.13804538186339 -7.000000000000029
    vertex 313.00000000000006 108.19999999999992 -7.000000000000029
  endloop
endfacet
facet normal -1.084602493287654e-16 6.94573025258103e-17 -1.0
  outer loop
    vertex 320.0000000000001 111.84999999999994 -7.000000000000029
    vertex 320.5564609469705 111.92325947347847 -7.000000000000029
    vertex 313.00000000000006 108.19999999999992 -7.000000000000029
  endloop
endfacet
facet normal -1.084602493287654e-16 6.94573025258103e-17 -1.0
  outer loop
    vertex 319.4435390530296 111.92325947347842 -7.000000000000029
    vertex 320.0000000000001 111.84999999999994 -7.000000000000029
    vertex 313.00000000000006 108.19999999999992 -7.000000000000029
  endloop
endfacet
facet normal -1.084602493287654e-16 6.94573025258103e-17 -1.0
  outer loop
    vertex 318.92499999999995 112.13804538186339 -7.000000000000031
    vertex 319.4435390530296 111.92325947347842 -7.000000000000029
    vertex 313.00000000000006 108.19999999999992 -7.000000000000029
  endloop
endfacet
facet normal -1.084602493287654e-16 6.94573025258103e-17 -1.0
  outer loop
    vertex 318.47972042044904 112.47972042044879 -7.000000000000029
    vertex 318.92499999999995 112.13804538186339 -7.000000000000031
    vertex 313.00000000000006 108.19999999999992 -7.000000000000029
  endloop
endfacet
facet normal -1.084602493287654e-16 6.94573025258103e-17 -1.0
  outer loop
    vertex 318.1380453818635 112.92499999999997 -7.000000000000029
    vertex 318.47972042044904 112.47972042044879 -7.000000000000029
    vertex 313.00000000000006 108.19999999999992 -7.000000000000029
  endloop
endfacet
facet normal -1.084602493287654e-16 6.94573025258103e-17 -1.0
  outer loop
    vertex 317.92325947347854 113.44353905302954 -7.000000000000029
    vertex 318.1380453818635 112.92499999999997 -7.000000000000029
    vertex 313.00000000000006 108.19999999999992 -7.000000000000029
  endloop
endfacet
facet normal -1.084602493287654e-16 6.94573025258103e-17 -1.0
  outer loop
    vertex 317.85 113.99999999999994 -7.000000000000029
    vertex 317.92325947347854 113.44353905302954 -7.000000000000029
    vertex 313.00000000000006 108.19999999999992 -7.000000000000029
  endloop
endfacet
facet normal -1.084602493287654e-16 6.94573025258103e-17 -1.0
  outer loop
    vertex 313.00000000000006 128.4999999999999 -7.000000000000028
    vertex 317.85 113.99999999999994 -7.000000000000029
    vertex 313.00000000000006 108.19999999999992 -7.000000000000029
  endloop
endfacet
facet normal 1.0 -2.4459310293718186e-34 0.0
  outer loop
    vertex 313.00000000000006 108.19999999999992 -7.000000000000029
    vertex 313.00000000000006 108.19999999999992 -10.00000000000003
    vertex 313.00000000000006 128.4999999999999 -7.000000000000028
  endloop
endfacet
facet normal 1.0 -2.4459310293718186e-34 0.0
  outer loop
    vertex 313.00000000000006 128.4999999999999 -10.00000000000003
    vertex 313.00000000000006 128.4999999999999 -7.000000000000028
    vertex 313.00000000000006 108.19999999999992 -10.00000000000003
  endloop
endfacet
facet normal 2.4459310293718186e-34 -1.0 0.0
  outer loop
    vertex 313.00000000000006 128.4999999999999 -10.00000000000003
    vertex 326.00000000000006 128.4999999999999 -10.000000000000028
    vertex 313.00000000000006 128.4999999999999 -7.000000000000028
  endloop
endfacet
facet normal 2.4459310293718186e-34 -1.0 0.0
  outer loop
    vertex 326.00000000000006 128.4999999999999 -7.000000000000029
    vertex 313.00000000000006 128.4999999999999 -7.000000000000028
    vertex 326.00000000000006 128.4999999999999 -10.000000000000028
  endloop
endfacet
endsolid FCU_UNIT
