solid PushPullBlackSelector
facet normal 0.24298017990326082 -0.9700312531945448 8.908559693997637e-17
  outer loop
    vertex 2.3540980144891623 -9.39808608276957 12.300000000000002
    vertex 1.8971651093451651 -9.51254181719047 4.999999999999999
    vertex 2.354098014489164 -9.39808608276957 4.999999999999999
  endloop
endfacet
facet normal 0.24298017990326082 -0.9700312531945448 8.908559693997637e-17
  outer loop
    vertex 1.8971651093451651 -9.51254181719047 4.999999999999999
    vertex 2.3540980144891623 -9.39808608276957 12.300000000000002
    vertex 1.8971651093451636 -9.512541817190463 12.300000000000002
  endloop
endfacet
facet normal -0.9700312531945448 -0.24298017990326093 -5.99962850692249e-17
  outer loop
    vertex 1.872867091354838 -9.415538691871014 4.999999999999999
    vertex 1.8971651093451636 -9.512541817190463 12.300000000000002
    vertex 1.8728670913548355 -9.415538691871014 12.300000000000002
  endloop
endfacet
facet normal -0.9700312531945448 -0.24298017990326093 -5.99962850692249e-17
  outer loop
    vertex 1.8971651093451636 -9.512541817190463 12.300000000000002
    vertex 1.872867091354838 -9.415538691871014 4.999999999999999
    vertex 1.8971651093451651 -9.51254181719047 4.999999999999999
  endloop
endfacet
facet normal 4.785998472923502e-17 -7.984956050149571e-17 -1.0
  outer loop
    vertex 2.354098014489164 -9.39808608276957 4.999999999999999
    vertex 1.872867091354838 -9.415538691871014 4.999999999999999
    vertex 2.3297999964988363 -9.301082957450111 4.999999999999999
  endloop
endfacet
facet normal 4.785998472923502e-17 -7.984956050149571e-17 -1.0
  outer loop
    vertex 1.872867091354838 -9.415538691871014 4.999999999999999
    vertex 2.354098014489164 -9.39808608276957 4.999999999999999
    vertex 1.8971651093451651 -9.51254181719047 4.999999999999999
  endloop
endfacet
facet normal 0.9700312531945448 0.24298017990326093 2.7023820388921746e-17
  outer loop
    vertex 2.3540980144891623 -9.39808608276957 12.300000000000002
    vertex 2.3297999964988363 -9.301082957450111 4.999999999999999
    vertex 2.3297999964988363 -9.301082957450111 12.300000000000002
  endloop
endfacet
facet normal 0.9700312531945448 0.24298017990326093 2.7023820388921746e-17
  outer loop
    vertex 2.3297999964988363 -9.301082957450111 4.999999999999999
    vertex 2.3540980144891623 -9.39808608276957 12.300000000000002
    vertex 2.354098014489164 -9.39808608276957 4.999999999999999
  endloop
endfacet
facet normal -0.24298017990326082 0.9700312531945448 -8.908559693997637e-17
  outer loop
    vertex 1.8728670913548355 -9.415538691871014 12.300000000000002
    vertex 2.3297999964988363 -9.301082957450111 4.999999999999999
    vertex 1.872867091354838 -9.415538691871014 4.999999999999999
  endloop
endfacet
facet normal -0.24298017990326082 0.9700312531945448 -8.908559693997637e-17
  outer loop
    vertex 2.3297999964988363 -9.301082957450111 4.999999999999999
    vertex 1.8728670913548355 -9.415538691871014 12.300000000000002
    vertex 2.3297999964988363 -9.301082957450111 12.300000000000002
  endloop
endfacet
facet normal -4.7859984729234753e-17 7.984956050149581e-17 1.0
  outer loop
    vertex 1.8728670913548355 -9.415538691871014 12.300000000000002
    vertex 2.3540980144891623 -9.39808608276957 12.300000000000002
    vertex 2.3297999964988363 -9.301082957450111 12.300000000000002
  endloop
endfacet
facet normal -4.7859984729234753e-17 7.984956050149581e-17 1.0
  outer loop
    vertex 2.3540980144891623 -9.39808608276957 12.300000000000002
    vertex 1.8728670913548355 -9.415538691871014 12.300000000000002
    vertex 1.8971651093451636 -9.512541817190463 12.300000000000002
  endloop
endfacet
facet normal 0.5956993044924341 0.8032075314806444 9.309420202442598e-17
  outer loop
    vertex 5.771394812928833 7.781825068341423 12.299999999999997
    vertex 6.149745458420234 7.501221105430346 4.999999999999999
    vertex 5.771394812928832 7.781825068341423 4.999999999999999
  endloop
endfacet
facet normal 0.5956993044924341 0.8032075314806444 9.309420202442598e-17
  outer loop
    vertex 6.149745458420234 7.501221105430346 4.999999999999999
    vertex 5.771394812928833 7.781825068341423 12.299999999999997
    vertex 6.149745458420232 7.501221105430341 12.299999999999997
  endloop
endfacet
facet normal 0.8032075314806444 -0.595699304492434 -3.297246468030316e-17
  outer loop
    vertex 6.090175527970991 7.42090035228228 4.999999999999999
    vertex 6.149745458420232 7.501221105430341 12.299999999999997
    vertex 6.09017552797099 7.420900352282278 12.299999999999997
  endloop
endfacet
facet normal 0.8032075314806444 -0.595699304492434 -3.297246468030316e-17
  outer loop
    vertex 6.149745458420232 7.501221105430341 12.299999999999997
    vertex 6.090175527970991 7.42090035228228 4.999999999999999
    vertex 6.149745458420234 7.501221105430346 4.999999999999999
  endloop
endfacet
facet normal 5.5456151398228605e-17 7.477396420319963e-17 -1.0
  outer loop
    vertex 5.771394812928832 7.781825068341423 4.999999999999999
    vertex 6.090175527970991 7.42090035228228 4.999999999999999
    vertex 5.711824882479587 7.701504315193355 4.999999999999999
  endloop
endfacet
facet normal 5.5456151398228605e-17 7.477396420319963e-17 -1.0
  outer loop
    vertex 6.090175527970991 7.42090035228228 4.999999999999999
    vertex 5.771394812928832 7.781825068341423 4.999999999999999
    vertex 6.149745458420234 7.501221105430346 4.999999999999999
  endloop
endfacet
facet normal -0.8032075314806444 0.595699304492434 -9.24446373305873e-33
  outer loop
    vertex 5.771394812928833 7.781825068341423 12.299999999999997
    vertex 5.711824882479587 7.701504315193355 4.999999999999999
    vertex 5.711824882479587 7.701504315193355 12.299999999999997
  endloop
endfacet
facet normal -0.8032075314806444 0.595699304492434 -9.24446373305873e-33
  outer loop
    vertex 5.711824882479587 7.701504315193355 4.999999999999999
    vertex 5.771394812928833 7.781825068341423 12.299999999999997
    vertex 5.771394812928832 7.781825068341423 4.999999999999999
  endloop
endfacet
facet normal -0.5956993044924341 -0.8032075314806444 -9.309420202442598e-17
  outer loop
    vertex 6.09017552797099 7.420900352282278 12.299999999999997
    vertex 5.711824882479587 7.701504315193355 4.999999999999999
    vertex 6.090175527970991 7.42090035228228 4.999999999999999
  endloop
endfacet
facet normal -0.5956993044924341 -0.8032075314806444 -9.309420202442598e-17
  outer loop
    vertex 5.711824882479587 7.701504315193355 4.999999999999999
    vertex 6.09017552797099 7.420900352282278 12.299999999999997
    vertex 5.711824882479587 7.701504315193355 12.299999999999997
  endloop
endfacet
facet normal -5.5456151398228833e-17 -7.477396420319947e-17 1.0
  outer loop
    vertex 6.09017552797099 7.420900352282278 12.299999999999997
    vertex 5.771394812928833 7.781825068341423 12.299999999999997
    vertex 5.711824882479587 7.701504315193355 12.299999999999997
  endloop
endfacet
facet normal -5.5456151398228833e-17 -7.477396420319947e-17 1.0
  outer loop
    vertex 5.771394812928833 7.781825068341423 12.299999999999997
    vertex 6.09017552797099 7.420900352282278 12.299999999999997
    vertex 6.149745458420232 7.501221105430341 12.299999999999997
  endloop
endfacet
facet normal 0.7409511253549594 0.6715589548470182 -1.1256067166316286e-32
  outer loop
    vertex -6.157331423455714 7.494995464817755 12.3
    vertex -6.090175527971013 7.420900352282259 4.999999999999999
    vertex -6.157331423455714 7.494995464817755 4.999999999999999
  endloop
endfacet
facet normal 0.7409511253549594 0.6715589548470182 -1.1256067166316286e-32
  outer loop
    vertex -6.090175527971013 7.420900352282259 4.999999999999999
    vertex -6.157331423455714 7.494995464817755 12.3
    vertex -6.090175527971013 7.420900352282259 12.3
  endloop
endfacet
facet normal 0.6715589548470183 -0.7409511253549593 -1.4091654586866493e-19
  outer loop
    vertex -6.090175527971013 7.420900352282259 4.999999999999999
    vertex -6.439200313680938 7.104562725836556 12.3
    vertex -6.439200313680938 7.104562725836556 4.999999999999998
  endloop
endfacet
facet normal 0.6715589548470183 -0.7409511253549593 -1.4091654586866493e-19
  outer loop
    vertex -6.439200313680938 7.104562725836556 12.3
    vertex -6.090175527971013 7.420900352282259 4.999999999999999
    vertex -6.090175527971013 7.420900352282259 12.3
  endloop
endfacet
facet normal 1.1088422024417981e-15 1.0051861743932817e-15 -1.0
  outer loop
    vertex -6.157331423455714 7.494995464817755 4.999999999999999
    vertex -6.439200313680938 7.104562725836556 4.999999999999998
    vertex -6.506356209165638 7.17865783837205 4.999999999999998
  endloop
endfacet
facet normal 1.1088422024417981e-15 1.0051861743932817e-15 -1.0
  outer loop
    vertex -6.439200313680938 7.104562725836556 4.999999999999998
    vertex -6.157331423455714 7.494995464817755 4.999999999999999
    vertex -6.090175527971013 7.420900352282259 4.999999999999999
  endloop
endfacet
facet normal 9.463376826422084e-20 -1.0441227324251339e-19 1.0
  outer loop
    vertex -6.439200313680938 7.104562725836556 12.3
    vertex -6.157331423455714 7.494995464817755 12.3
    vertex -6.506356209165638 7.17865783837205 12.3
  endloop
endfacet
facet normal 9.463376826422084e-20 -1.0441227324251339e-19 1.0
  outer loop
    vertex -6.157331423455714 7.494995464817755 12.3
    vertex -6.439200313680938 7.104562725836556 12.3
    vertex -6.090175527971013 7.420900352282259 12.3
  endloop
endfacet
facet normal -0.6715589548470183 0.7409511253549593 1.4091654586866493e-19
  outer loop
    vertex -6.157331423455714 7.494995464817755 12.3
    vertex -6.506356209165638 7.17865783837205 4.999999999999998
    vertex -6.506356209165638 7.17865783837205 12.3
  endloop
endfacet
facet normal -0.6715589548470183 0.7409511253549593 1.4091654586866493e-19
  outer loop
    vertex -6.506356209165638 7.17865783837205 4.999999999999998
    vertex -6.157331423455714 7.494995464817755 12.3
    vertex -6.157331423455714 7.494995464817755 4.999999999999999
  endloop
endfacet
facet normal -0.7409511253549594 -0.6715589548470182 1.1256067166316286e-32
  outer loop
    vertex -6.439200313680938 7.104562725836556 12.3
    vertex -6.506356209165638 7.17865783837205 4.999999999999998
    vertex -6.439200313680938 7.104562725836556 4.999999999999998
  endloop
endfacet
facet normal -0.7409511253549594 -0.6715589548470182 1.1256067166316286e-32
  outer loop
    vertex -6.506356209165638 7.17865783837205 4.999999999999998
    vertex -6.439200313680938 7.104562725836556 12.3
    vertex -6.506356209165638 7.17865783837205 12.3
  endloop
endfacet
facet normal 1.4340968651138198e-15 4.683172909280884e-16 -1.0
  outer loop
    vertex -3.7165164600479113 8.959642441420689 5.0
    vertex -4.099584812117227 8.667843824926278 4.999999999999999
    vertex -4.142340321460256 8.758242754238623 4.999999999999999
  endloop
endfacet
facet normal 1.4340968651138198e-15 4.683172909280884e-16 -1.0
  outer loop
    vertex -4.099584812117227 8.667843824926278 4.999999999999999
    vertex -3.7165164600479113 8.959642441420689 5.0
    vertex -3.6737609507048825 8.869243512108344 5.0
  endloop
endfacet
facet normal -0.9039892931234439 -0.4275550934302811 -4.151730161392274e-18
  outer loop
    vertex -4.099584812117228 8.66784382492628 12.299999999999997
    vertex -4.142340321460256 8.758242754238623 4.999999999999999
    vertex -4.099584812117227 8.667843824926278 4.999999999999999
  endloop
endfacet
facet normal -0.9039892931234439 -0.4275550934302811 -4.151730161392274e-18
  outer loop
    vertex -4.142340321460256 8.758242754238623 4.999999999999999
    vertex -4.099584812117228 8.66784382492628 12.299999999999997
    vertex -4.1423403214602565 8.758242754238625 12.299999999999997
  endloop
endfacet
facet normal -8.115064183377145e-17 1.7157861635856548e-16 1.0
  outer loop
    vertex -4.099584812117228 8.66784382492628 12.299999999999997
    vertex -3.7165164600479117 8.959642441420689 12.299999999999997
    vertex -4.1423403214602565 8.758242754238625 12.299999999999997
  endloop
endfacet
facet normal -8.115064183377145e-17 1.7157861635856548e-16 1.0
  outer loop
    vertex -3.7165164600479117 8.959642441420689 12.299999999999997
    vertex -4.099584812117228 8.66784382492628 12.299999999999997
    vertex -3.6737609507048834 8.869243512108344 12.299999999999997
  endloop
endfacet
facet normal 0.9039892931234439 0.4275550934302811 4.151730161392274e-18
  outer loop
    vertex -3.7165164600479113 8.959642441420689 5.0
    vertex -3.6737609507048834 8.869243512108344 12.299999999999997
    vertex -3.6737609507048825 8.869243512108344 5.0
  endloop
endfacet
facet normal 0.9039892931234439 0.4275550934302811 4.151730161392274e-18
  outer loop
    vertex -3.6737609507048834 8.869243512108344 12.299999999999997
    vertex -3.7165164600479113 8.959642441420689 5.0
    vertex -3.7165164600479117 8.959642441420689 12.299999999999997
  endloop
endfacet
facet normal 0.4275550934302811 -0.9039892931234439 1.898016023682436e-16
  outer loop
    vertex -3.6737609507048825 8.869243512108344 5.0
    vertex -4.099584812117228 8.66784382492628 12.299999999999997
    vertex -4.099584812117227 8.667843824926278 4.999999999999999
  endloop
endfacet
facet normal 0.4275550934302811 -0.9039892931234439 1.898016023682436e-16
  outer loop
    vertex -4.099584812117228 8.66784382492628 12.299999999999997
    vertex -3.6737609507048825 8.869243512108344 5.0
    vertex -3.6737609507048834 8.869243512108344 12.299999999999997
  endloop
endfacet
facet normal -0.4275550934302811 0.9039892931234439 -1.898016023682436e-16
  outer loop
    vertex -4.1423403214602565 8.758242754238625 12.299999999999997
    vertex -3.7165164600479113 8.959642441420689 5.0
    vertex -4.142340321460256 8.758242754238623 4.999999999999999
  endloop
endfacet
facet normal -0.4275550934302811 0.9039892931234439 -1.898016023682436e-16
  outer loop
    vertex -3.7165164600479113 8.959642441420689 5.0
    vertex -4.1423403214602565 8.758242754238625 12.299999999999997
    vertex -3.7165164600479117 8.959642441420689 12.299999999999997
  endloop
endfacet
facet normal 0.5141027441932208 -0.8577286100002726 8.908559693997637e-17
  outer loop
    vertex 4.980851729678198 -8.310049068924357 12.3
    vertex 4.576818947948902 -8.552216998744237 4.999999999999999
    vertex 4.980851729678199 -8.310049068924355 4.999999999999999
  endloop
endfacet
facet normal 0.5141027441932208 -0.8577286100002726 8.908559693997637e-17
  outer loop
    vertex 4.576818947948902 -8.552216998744237 4.999999999999999
    vertex 4.980851729678198 -8.310049068924357 12.3
    vertex 4.576818947948897 -8.552216998744235 12.3
  endloop
endfacet
facet normal -0.8577286100002726 -0.5141027441932208 -5.999628506922492e-17
  outer loop
    vertex 4.525408673529578 -8.466444137744212 4.999999999999999
    vertex 4.576818947948897 -8.552216998744235 12.3
    vertex 4.525408673529577 -8.466444137744212 12.3
  endloop
endfacet
facet normal -0.8577286100002726 -0.5141027441932208 -5.999628506922492e-17
  outer loop
    vertex 4.576818947948897 -8.552216998744235 12.3
    vertex 4.525408673529578 -8.466444137744212 4.999999999999999
    vertex 4.576818947948902 -8.552216998744237 4.999999999999999
  endloop
endfacet
facet normal 6.897825375402002e-17 -6.251824501384103e-17 -1.0
  outer loop
    vertex 4.980851729678199 -8.310049068924355 4.999999999999999
    vertex 4.525408673529578 -8.466444137744212 4.999999999999999
    vertex 4.929441455258875 -8.224276207924325 4.999999999999999
  endloop
endfacet
facet normal 6.897825375402002e-17 -6.251824501384103e-17 -1.0
  outer loop
    vertex 4.525408673529578 -8.466444137744212 4.999999999999999
    vertex 4.980851729678199 -8.310049068924355 4.999999999999999
    vertex 4.576818947948902 -8.552216998744237 4.999999999999999
  endloop
endfacet
facet normal 0.8577286100002726 0.5141027441932208 2.7023820388921737e-17
  outer loop
    vertex 4.980851729678198 -8.310049068924357 12.3
    vertex 4.929441455258875 -8.224276207924325 4.999999999999999
    vertex 4.929441455258874 -8.224276207924325 12.3
  endloop
endfacet
facet normal 0.8577286100002726 0.5141027441932208 2.7023820388921737e-17
  outer loop
    vertex 4.929441455258875 -8.224276207924325 4.999999999999999
    vertex 4.980851729678198 -8.310049068924357 12.3
    vertex 4.980851729678199 -8.310049068924355 4.999999999999999
  endloop
endfacet
facet normal -0.5141027441932208 0.8577286100002726 -8.908559693997637e-17
  outer loop
    vertex 4.525408673529577 -8.466444137744212 12.3
    vertex 4.929441455258875 -8.224276207924325 4.999999999999999
    vertex 4.525408673529578 -8.466444137744212 4.999999999999999
  endloop
endfacet
facet normal -0.5141027441932208 0.8577286100002726 -8.908559693997637e-17
  outer loop
    vertex 4.929441455258875 -8.224276207924325 4.999999999999999
    vertex 4.525408673529577 -8.466444137744212 12.3
    vertex 4.929441455258874 -8.224276207924325 12.3
  endloop
endfacet
facet normal -6.897825375401977e-17 6.251824501384118e-17 1.0
  outer loop
    vertex 4.525408673529577 -8.466444137744212 12.3
    vertex 4.980851729678198 -8.310049068924357 12.3
    vertex 4.929441455258874 -8.224276207924325 12.3
  endloop
endfacet
facet normal -6.897825375401977e-17 6.251824501384118e-17 1.0
  outer loop
    vertex 4.980851729678198 -8.310049068924357 12.3
    vertex 4.525408673529577 -8.466444137744212 12.3
    vertex 4.576818947948897 -8.552216998744235 12.3
  endloop
endfacet
facet normal -0.24298017990326115 -0.9700312531945448 8.600782784583821e-17
  outer loop
    vertex -2.3540980144891472 -9.398086082769574 12.299999999999999
    vertex -2.8110309196331436 -9.283630348348673 4.999999999999999
    vertex -2.354098014489146 -9.398086082769575 4.999999999999999
  endloop
endfacet
facet normal -0.24298017990326115 -0.9700312531945448 8.600782784583821e-17
  outer loop
    vertex -2.8110309196331436 -9.283630348348673 4.999999999999999
    vertex -2.3540980144891472 -9.398086082769574 12.299999999999999
    vertex -2.811030919633144 -9.283630348348666 12.299999999999999
  endloop
endfacet
facet normal -0.9700312531945446 0.24298017990326143 -6.859807344429894e-17
  outer loop
    vertex -2.786732901642819 -9.186627223029216 4.999999999999999
    vertex -2.811030919633144 -9.283630348348666 12.299999999999999
    vertex -2.786732901642818 -9.186627223029214 12.299999999999999
  endloop
endfacet
facet normal -0.9700312531945446 0.24298017990326143 -6.859807344429894e-17
  outer loop
    vertex -2.811030919633144 -9.283630348348666 12.299999999999999
    vertex -2.786732901642819 -9.186627223029216 4.999999999999999
    vertex -2.8110309196331436 -9.283630348348673 4.999999999999999
  endloop
endfacet
facet normal 1.3659756432086992e-17 -9.208659785647803e-17 -1.0
  outer loop
    vertex -2.354098014489146 -9.398086082769575 4.999999999999999
    vertex -2.786732901642819 -9.186627223029216 4.999999999999999
    vertex -2.32979999649882 -9.301082957450115 4.999999999999999
  endloop
endfacet
facet normal 1.3659756432086992e-17 -9.208659785647803e-17 -1.0
  outer loop
    vertex -2.786732901642819 -9.186627223029216 4.999999999999999
    vertex -2.354098014489146 -9.398086082769575 4.999999999999999
    vertex -2.8110309196331436 -9.283630348348673 4.999999999999999
  endloop
endfacet
facet normal 0.9700312531945446 -0.24298017990326143 3.562560876399577e-17
  outer loop
    vertex -2.3540980144891472 -9.398086082769574 12.299999999999999
    vertex -2.32979999649882 -9.301082957450115 4.999999999999999
    vertex -2.3297999964988194 -9.301082957450115 12.299999999999999
  endloop
endfacet
facet normal 0.9700312531945446 -0.24298017990326143 3.562560876399577e-17
  outer loop
    vertex -2.32979999649882 -9.301082957450115 4.999999999999999
    vertex -2.3540980144891472 -9.398086082769574 12.299999999999999
    vertex -2.354098014489146 -9.398086082769575 4.999999999999999
  endloop
endfacet
facet normal 0.24298017990326115 0.9700312531945448 -8.600782784583821e-17
  outer loop
    vertex -2.786732901642818 -9.186627223029214 12.299999999999999
    vertex -2.32979999649882 -9.301082957450115 4.999999999999999
    vertex -2.786732901642819 -9.186627223029216 4.999999999999999
  endloop
endfacet
facet normal 0.24298017990326115 0.9700312531945448 -8.600782784583821e-17
  outer loop
    vertex -2.32979999649882 -9.301082957450115 4.999999999999999
    vertex -2.786732901642818 -9.186627223029214 12.299999999999999
    vertex -2.3297999964988194 -9.301082957450115 12.299999999999999
  endloop
endfacet
facet normal -1.3659756432086727e-17 9.208659785647798e-17 1.0
  outer loop
    vertex -2.786732901642818 -9.186627223029214 12.299999999999999
    vertex -2.3540980144891472 -9.398086082769574 12.299999999999999
    vertex -2.3297999964988194 -9.301082957450115 12.299999999999999
  endloop
endfacet
facet normal -1.3659756432086727e-17 9.208659785647798e-17 1.0
  outer loop
    vertex -2.3540980144891472 -9.398086082769574 12.299999999999999
    vertex -2.786732901642818 -9.186627223029214 12.299999999999999
    vertex -2.811030919633144 -9.283630348348666 12.299999999999999
  endloop
endfacet
facet normal 1.5082904692242717e-15 3.18553599687178e-17 -1.0
  outer loop
    vertex -0.9556375946093385 9.652691027049565 5.0
    vertex -1.4069158192593125 9.484656033962048 4.999999999999999
    vertex -1.421588866704849 9.583573684958527 4.999999999999999
  endloop
endfacet
facet normal 1.5082904692242717e-15 3.18553599687178e-17 -1.0
  outer loop
    vertex -1.4069158192593125 9.484656033962048 4.999999999999999
    vertex -0.9556375946093385 9.652691027049565 5.0
    vertex -0.9409645471638027 9.553773376053083 5.0
  endloop
endfacet
facet normal -0.9891765099647816 -0.14673047445535775 -4.151730161392262e-18
  outer loop
    vertex -1.4069158192593132 9.484656033962052 12.299999999999997
    vertex -1.421588866704849 9.583573684958527 4.999999999999999
    vertex -1.4069158192593125 9.484656033962048 4.999999999999999
  endloop
endfacet
facet normal -0.9891765099647816 -0.14673047445535775 -4.151730161392262e-18
  outer loop
    vertex -1.421588866704849 9.583573684958527 4.999999999999999
    vertex -1.4069158192593132 9.484656033962052 12.299999999999997
    vertex -1.421588866704849 9.583573684958532 12.299999999999997
  endloop
endfacet
facet normal -2.7849679167879566e-17 1.877472866163424e-16 1.0
  outer loop
    vertex -1.4069158192593132 9.484656033962052 12.299999999999997
    vertex -0.955637594609339 9.652691027049565 12.299999999999997
    vertex -1.421588866704849 9.583573684958532 12.299999999999997
  endloop
endfacet
facet normal -2.7849679167879566e-17 1.877472866163424e-16 1.0
  outer loop
    vertex -0.955637594609339 9.652691027049565 12.299999999999997
    vertex -1.4069158192593132 9.484656033962052 12.299999999999997
    vertex -0.9409645471638024 9.553773376053085 12.299999999999997
  endloop
endfacet
facet normal 0.9891765099647816 0.14673047445535775 4.151730161392262e-18
  outer loop
    vertex -0.9556375946093385 9.652691027049565 5.0
    vertex -0.9409645471638024 9.553773376053085 12.299999999999997
    vertex -0.9409645471638027 9.553773376053083 5.0
  endloop
endfacet
facet normal 0.9891765099647816 0.14673047445535775 4.151730161392262e-18
  outer loop
    vertex -0.9409645471638024 9.553773376053085 12.299999999999997
    vertex -0.9556375946093385 9.652691027049565 5.0
    vertex -0.955637594609339 9.652691027049565 12.299999999999997
  endloop
endfacet
facet normal 0.1467304744553579 -0.9891765099647816 1.8980160236824354e-16
  outer loop
    vertex -0.9409645471638027 9.553773376053083 5.0
    vertex -1.4069158192593132 9.484656033962052 12.299999999999997
    vertex -1.4069158192593125 9.484656033962048 4.999999999999999
  endloop
endfacet
facet normal 0.1467304744553579 -0.9891765099647816 1.8980160236824354e-16
  outer loop
    vertex -1.4069158192593132 9.484656033962052 12.299999999999997
    vertex -0.9409645471638027 9.553773376053083 5.0
    vertex -0.9409645471638024 9.553773376053085 12.299999999999997
  endloop
endfacet
facet normal -0.1467304744553579 0.9891765099647816 -1.8980160236824354e-16
  outer loop
    vertex -1.421588866704849 9.583573684958532 12.299999999999997
    vertex -0.9556375946093385 9.652691027049565 5.0
    vertex -1.421588866704849 9.583573684958527 4.999999999999999
  endloop
endfacet
facet normal -0.1467304744553579 0.9891765099647816 -1.8980160236824354e-16
  outer loop
    vertex -0.9556375946093385 9.652691027049565 5.0
    vertex -1.421588866704849 9.583573684958532 12.299999999999997
    vertex -0.955637594609339 9.652691027049565 12.299999999999997
  endloop
endfacet
facet normal -0.7409511253549563 -0.6715589548470215 8.210175635288314e-17
  outer loop
    vertex -7.178657838372045 -6.506356209165655 12.299999999999995
    vertex -7.494995464817751 -6.157331423455731 4.999999999999999
    vertex -7.178657838372045 -6.506356209165655 4.999999999999999
  endloop
endfacet
facet normal -0.7409511253549563 -0.6715589548470215 8.210175635288314e-17
  outer loop
    vertex -7.494995464817751 -6.157331423455731 4.999999999999999
    vertex -7.178657838372045 -6.506356209165655 12.299999999999995
    vertex -7.494995464817746 -6.157331423455727 12.299999999999995
  endloop
endfacet
facet normal -0.6715589548470217 0.7409511253549561 -7.685676773203744e-17
  outer loop
    vertex -7.4209003522822545 -6.090175527971027 4.999999999999999
    vertex -7.494995464817746 -6.157331423455727 12.299999999999995
    vertex -7.4209003522822545 -6.090175527971025 12.299999999999995
  endloop
endfacet
facet normal -0.6715589548470217 0.7409511253549561 -7.685676773203744e-17
  outer loop
    vertex -7.494995464817746 -6.157331423455727 12.299999999999995
    vertex -7.4209003522822545 -6.090175527971027 4.999999999999999
    vertex -7.494995464817751 -6.157331423455731 4.999999999999999
  endloop
endfacet
facet normal -3.1362492071674525e-17 -8.765229341904752e-17 -1.0
  outer loop
    vertex -7.178657838372045 -6.506356209165655 4.999999999999999
    vertex -7.4209003522822545 -6.090175527971027 4.999999999999999
    vertex -7.104562725836548 -6.43920031368095 4.999999999999999
  endloop
endfacet
facet normal -3.1362492071674525e-17 -8.765229341904752e-17 -1.0
  outer loop
    vertex -7.4209003522822545 -6.090175527971027 4.999999999999999
    vertex -7.178657838372045 -6.506356209165655 4.999999999999999
    vertex -7.494995464817751 -6.157331423455731 4.999999999999999
  endloop
endfacet
facet normal 0.6715589548470217 -0.7409511253549561 4.388430305173428e-17
  outer loop
    vertex -7.178657838372045 -6.506356209165655 12.299999999999995
    vertex -7.104562725836548 -6.43920031368095 4.999999999999999
    vertex -7.104562725836546 -6.43920031368095 12.299999999999995
  endloop
endfacet
facet normal 0.6715589548470217 -0.7409511253549561 4.388430305173428e-17
  outer loop
    vertex -7.104562725836548 -6.43920031368095 4.999999999999999
    vertex -7.178657838372045 -6.506356209165655 12.299999999999995
    vertex -7.178657838372045 -6.506356209165655 4.999999999999999
  endloop
endfacet
facet normal 0.7409511253549563 0.6715589548470215 -8.210175635288314e-17
  outer loop
    vertex -7.4209003522822545 -6.090175527971025 12.299999999999995
    vertex -7.104562725836548 -6.43920031368095 4.999999999999999
    vertex -7.4209003522822545 -6.090175527971027 4.999999999999999
  endloop
endfacet
facet normal 0.7409511253549563 0.6715589548470215 -8.210175635288314e-17
  outer loop
    vertex -7.104562725836548 -6.43920031368095 4.999999999999999
    vertex -7.4209003522822545 -6.090175527971025 12.299999999999995
    vertex -7.104562725836546 -6.43920031368095 12.299999999999995
  endloop
endfacet
facet normal 3.136249207167471e-17 8.765229341904732e-17 1.0
  outer loop
    vertex -7.4209003522822545 -6.090175527971025 12.299999999999995
    vertex -7.178657838372045 -6.506356209165655 12.299999999999995
    vertex -7.104562725836546 -6.43920031368095 12.299999999999995
  endloop
endfacet
facet normal 3.136249207167471e-17 8.765229341904732e-17 1.0
  outer loop
    vertex -7.178657838372045 -6.506356209165655 12.299999999999995
    vertex -7.4209003522822545 -6.090175527971025 12.299999999999995
    vertex -7.494995464817746 -6.157331423455727 12.299999999999995
  endloop
endfacet
facet normal -0.9039892931234443 -0.4275550934302801 7.196279131234383e-17
  outer loop
    vertex -8.758242754238614 -4.142340321460274 12.3
    vertex -8.959642441420682 -3.7165164600479224 5.000000000000001
    vertex -8.758242754238612 -4.142340321460275 5.000000000000001
  endloop
endfacet
facet normal -0.9039892931234443 -0.4275550934302801 7.196279131234383e-17
  outer loop
    vertex -8.959642441420682 -3.7165164600479224 5.000000000000001
    vertex -8.758242754238614 -4.142340321460274 12.3
    vertex -8.959642441420677 -3.716516460047918 12.3
  endloop
endfacet
facet normal -0.4275550934302801 0.9039892931234443 -9.203080123917263e-17
  outer loop
    vertex -8.869243512108337 -3.6737609507048923 5.000000000000001
    vertex -8.959642441420677 -3.716516460047918 12.3
    vertex -8.869243512108337 -3.6737609507048896 12.3
  endloop
endfacet
facet normal -0.4275550934302801 0.9039892931234443 -9.203080123917263e-17
  outer loop
    vertex -8.959642441420677 -3.716516460047918 12.3
    vertex -8.869243512108337 -3.6737609507048923 5.000000000000001
    vertex -8.959642441420682 -3.7165164600479224 5.000000000000001
  endloop
endfacet
facet normal -3.9802900244371245e-17 -8.415616188195188e-17 -1.0
  outer loop
    vertex -8.758242754238612 -4.142340321460275 5.000000000000001
    vertex -8.869243512108337 -3.6737609507048923 5.000000000000001
    vertex -8.667843824926267 -4.099584812117246 5.000000000000001
  endloop
endfacet
facet normal -3.9802900244371245e-17 -8.415616188195188e-17 -1.0
  outer loop
    vertex -8.869243512108337 -3.6737609507048923 5.000000000000001
    vertex -8.758242754238612 -4.142340321460275 5.000000000000001
    vertex -8.959642441420682 -3.7165164600479224 5.000000000000001
  endloop
endfacet
facet normal 0.4275550934302801 -0.9039892931234443 5.905833655886945e-17
  outer loop
    vertex -8.758242754238614 -4.142340321460274 12.3
    vertex -8.667843824926267 -4.099584812117246 5.000000000000001
    vertex -8.667843824926267 -4.099584812117244 12.3
  endloop
endfacet
facet normal 0.4275550934302801 -0.9039892931234443 5.905833655886945e-17
  outer loop
    vertex -8.667843824926267 -4.099584812117246 5.000000000000001
    vertex -8.758242754238614 -4.142340321460274 12.3
    vertex -8.758242754238612 -4.142340321460275 5.000000000000001
  endloop
endfacet
facet normal 0.9039892931234443 0.4275550934302801 -7.196279131234383e-17
  outer loop
    vertex -8.869243512108337 -3.6737609507048896 12.3
    vertex -8.667843824926267 -4.099584812117246 5.000000000000001
    vertex -8.869243512108337 -3.6737609507048923 5.000000000000001
  endloop
endfacet
facet normal 0.9039892931234443 0.4275550934302801 -7.196279131234383e-17
  outer loop
    vertex -8.667843824926267 -4.099584812117246 5.000000000000001
    vertex -8.869243512108337 -3.6737609507048896 12.3
    vertex -8.667843824926267 -4.099584812117244 12.3
  endloop
endfacet
facet normal 3.980290024437137e-17 8.415616188195161e-17 1.0
  outer loop
    vertex -8.869243512108337 -3.6737609507048896 12.3
    vertex -8.758242754238614 -4.142340321460274 12.3
    vertex -8.667843824926267 -4.099584812117244 12.3
  endloop
endfacet
facet normal 3.980290024437137e-17 8.415616188195161e-17 1.0
  outer loop
    vertex -8.758242754238614 -4.142340321460274 12.3
    vertex -8.869243512108337 -3.6737609507048896 12.3
    vertex -8.959642441420677 -3.716516460047918 12.3
  endloop
endfacet
facet normal 1.289003989284601e-15 -8.186024795587008e-16 -1.0
  outer loop
    vertex 4.568164182872592 8.556843067056557 5.0
    vertex 4.099584812117219 8.667843824926276 4.999999999999999
    vertex 4.1423403214602486 8.758242754238621 4.999999999999999
  endloop
endfacet
facet normal 1.289003989284601e-15 -8.186024795587008e-16 -1.0
  outer loop
    vertex 4.099584812117219 8.667843824926276 4.999999999999999
    vertex 4.568164182872592 8.556843067056557 5.0
    vertex 4.525408673529565 8.466444137744212 5.0
  endloop
endfacet
facet normal -0.9039892931234439 0.42755509343028114 -2.2755540455494762e-17
  outer loop
    vertex 4.09958481211722 8.667843824926278 12.3
    vertex 4.1423403214602486 8.758242754238621 4.999999999999999
    vertex 4.099584812117219 8.667843824926276 4.999999999999999
  endloop
endfacet
facet normal -0.9039892931234439 0.42755509343028114 -2.2755540455494762e-17
  outer loop
    vertex 4.1423403214602486 8.758242754238621 4.999999999999999
    vertex 4.09958481211722 8.667843824926278 12.3
    vertex 4.142340321460248 8.758242754238623 12.3
  endloop
endfacet
facet normal 6.394223399544686e-17 1.7870657227204703e-16 1.0
  outer loop
    vertex 4.09958481211722 8.667843824926278 12.3
    vertex 4.568164182872594 8.556843067056557 12.3
    vertex 4.142340321460248 8.758242754238623 12.3
  endloop
endfacet
facet normal 6.394223399544686e-17 1.7870657227204703e-16 1.0
  outer loop
    vertex 4.568164182872594 8.556843067056557 12.3
    vertex 4.09958481211722 8.667843824926278 12.3
    vertex 4.525408673529565 8.466444137744212 12.3
  endloop
endfacet
facet normal 0.9039892931234439 -0.42755509343028114 2.2755540455494762e-17
  outer loop
    vertex 4.568164182872592 8.556843067056557 5.0
    vertex 4.525408673529565 8.466444137744212 12.3
    vertex 4.525408673529565 8.466444137744212 5.0
  endloop
endfacet
facet normal 0.9039892931234439 -0.42755509343028114 2.2755540455494762e-17
  outer loop
    vertex 4.525408673529565 8.466444137744212 12.3
    vertex 4.568164182872592 8.556843067056557 5.0
    vertex 4.568164182872594 8.556843067056557 12.3
  endloop
endfacet
facet normal -0.4275550934302812 -0.9039892931234438 1.8888765577478566e-16
  outer loop
    vertex 4.525408673529565 8.466444137744212 5.0
    vertex 4.09958481211722 8.667843824926278 12.3
    vertex 4.099584812117219 8.667843824926276 4.999999999999999
  endloop
endfacet
facet normal -0.4275550934302812 -0.9039892931234438 1.8888765577478566e-16
  outer loop
    vertex 4.09958481211722 8.667843824926278 12.3
    vertex 4.525408673529565 8.466444137744212 5.0
    vertex 4.525408673529565 8.466444137744212 12.3
  endloop
endfacet
facet normal 0.4275550934302812 0.9039892931234438 -1.8888765577478566e-16
  outer loop
    vertex 4.142340321460248 8.758242754238623 12.3
    vertex 4.568164182872592 8.556843067056557 5.0
    vertex 4.1423403214602486 8.758242754238621 4.999999999999999
  endloop
endfacet
facet normal 0.4275550934302812 0.9039892931234438 -1.8888765577478566e-16
  outer loop
    vertex 4.568164182872592 8.556843067056557 5.0
    vertex 4.142340321460248 8.758242754238623 12.3
    vertex 4.568164182872594 8.556843067056557 12.3
  endloop
endfacet
facet normal 0.8577286100002669 0.5141027441932303 -1.125606716631628e-32
  outer loop
    vertex -4.57681894794892 8.552216998744228 12.3
    vertex -4.525408673529597 8.466444137744201 5.0
    vertex -4.57681894794892 8.552216998744228 5.0
  endloop
endfacet
facet normal 0.8577286100002669 0.5141027441932303 -1.125606716631628e-32
  outer loop
    vertex -4.525408673529597 8.466444137744201 5.0
    vertex -4.57681894794892 8.552216998744228 12.3
    vertex -4.525408673529597 8.466444137744201 12.3
  endloop
endfacet
facet normal 0.5141027441932308 -0.8577286100002667 -1.4091654586866488e-19
  outer loop
    vertex -4.525408673529597 8.466444137744201 5.0
    vertex -4.929441455258888 8.224276207924316 12.3
    vertex -4.929441455258888 8.224276207924316 4.999999999999999
  endloop
endfacet
facet normal 0.5141027441932308 -0.8577286100002667 -1.4091654586866488e-19
  outer loop
    vertex -4.929441455258888 8.224276207924316 12.3
    vertex -4.525408673529597 8.466444137744201 5.0
    vertex -4.525408673529597 8.466444137744201 12.3
  endloop
endfacet
facet normal 1.2836382048933525e-15 7.695474215703354e-16 -1.0
  outer loop
    vertex -4.57681894794892 8.552216998744228 5.0
    vertex -4.929441455258888 8.224276207924316 4.999999999999999
    vertex -4.980851729678211 8.310049068924345 4.999999999999999
  endloop
endfacet
facet normal 1.2836382048933525e-15 7.695474215703354e-16 -1.0
  outer loop
    vertex -4.929441455258888 8.224276207924316 4.999999999999999
    vertex -4.57681894794892 8.552216998744228 5.0
    vertex -4.525408673529597 8.466444137744201 5.0
  endloop
endfacet
facet normal 7.244558293332155e-20 -1.2086815301396296e-19 1.0
  outer loop
    vertex -4.929441455258888 8.224276207924316 12.3
    vertex -4.57681894794892 8.552216998744228 12.3
    vertex -4.980851729678211 8.310049068924345 12.3
  endloop
endfacet
facet normal 7.244558293332155e-20 -1.2086815301396296e-19 1.0
  outer loop
    vertex -4.57681894794892 8.552216998744228 12.3
    vertex -4.929441455258888 8.224276207924316 12.3
    vertex -4.525408673529597 8.466444137744201 12.3
  endloop
endfacet
facet normal -0.5141027441932308 0.8577286100002667 1.4091654586866488e-19
  outer loop
    vertex -4.57681894794892 8.552216998744228 12.3
    vertex -4.980851729678211 8.310049068924345 4.999999999999999
    vertex -4.980851729678211 8.310049068924345 12.3
  endloop
endfacet
facet normal -0.5141027441932308 0.8577286100002667 1.4091654586866488e-19
  outer loop
    vertex -4.980851729678211 8.310049068924345 4.999999999999999
    vertex -4.57681894794892 8.552216998744228 12.3
    vertex -4.57681894794892 8.552216998744228 5.0
  endloop
endfacet
facet normal -0.8577286100002669 -0.5141027441932303 1.125606716631628e-32
  outer loop
    vertex -4.929441455258888 8.224276207924316 12.3
    vertex -4.980851729678211 8.310049068924345 4.999999999999999
    vertex -4.929441455258888 8.224276207924316 4.999999999999999
  endloop
endfacet
facet normal -0.8577286100002669 -0.5141027441932303 1.125606716631628e-32
  outer loop
    vertex -4.980851729678211 8.310049068924345 4.999999999999999
    vertex -4.929441455258888 8.224276207924316 12.3
    vertex -4.980851729678211 8.310049068924345 12.3
  endloop
endfacet
facet normal 0.14673047445536103 -0.9891765099647811 8.600782784583821e-17
  outer loop
    vertex 1.4215888667048457 -9.58357368495853 12.299999999999999
    vertex 0.9556375946093283 -9.652691027049569 4.999999999999999
    vertex 1.4215888667048462 -9.58357368495853 4.999999999999999
  endloop
endfacet
facet normal 0.14673047445536103 -0.9891765099647811 8.600782784583821e-17
  outer loop
    vertex 0.9556375946093283 -9.652691027049569 4.999999999999999
    vertex 1.4215888667048457 -9.58357368495853 12.299999999999999
    vertex 0.9556375946093261 -9.652691027049563 12.299999999999999
  endloop
endfacet
facet normal -0.989176509964781 -0.1467304744553611 -6.859807344429893e-17
  outer loop
    vertex 0.9409645471637897 -9.553773376053089 4.999999999999999
    vertex 0.9556375946093261 -9.652691027049563 12.299999999999999
    vertex 0.9409645471637889 -9.553773376053087 12.299999999999999
  endloop
endfacet
facet normal -0.989176509964781 -0.1467304744553611 -6.859807344429893e-17
  outer loop
    vertex 0.9556375946093261 -9.652691027049563 12.299999999999999
    vertex 0.9409645471637897 -9.553773376053089 4.999999999999999
    vertex 0.9556375946093283 -9.652691027049569 4.999999999999999
  endloop
endfacet
facet normal 4.785998472923501e-17 -7.984956050149575e-17 -1.0
  outer loop
    vertex 1.4215888667048462 -9.58357368495853 4.999999999999999
    vertex 0.9409645471637897 -9.553773376053089 4.999999999999999
    vertex 1.4069158192593094 -9.48465603396205 4.999999999999999
  endloop
endfacet
facet normal 4.785998472923501e-17 -7.984956050149575e-17 -1.0
  outer loop
    vertex 0.9409645471637897 -9.553773376053089 4.999999999999999
    vertex 1.4215888667048462 -9.58357368495853 4.999999999999999
    vertex 0.9556375946093283 -9.652691027049569 4.999999999999999
  endloop
endfacet
facet normal 0.989176509964781 0.1467304744553611 3.5625608763995755e-17
  outer loop
    vertex 1.4215888667048457 -9.58357368495853 12.299999999999999
    vertex 1.4069158192593094 -9.48465603396205 4.999999999999999
    vertex 1.4069158192593096 -9.48465603396205 12.299999999999999
  endloop
endfacet
facet normal 0.989176509964781 0.1467304744553611 3.5625608763995755e-17
  outer loop
    vertex 1.4069158192593094 -9.48465603396205 4.999999999999999
    vertex 1.4215888667048457 -9.58357368495853 12.299999999999999
    vertex 1.4215888667048462 -9.58357368495853 4.999999999999999
  endloop
endfacet
facet normal -0.14673047445536103 0.9891765099647811 -8.600782784583821e-17
  outer loop
    vertex 0.9409645471637889 -9.553773376053087 12.299999999999999
    vertex 1.4069158192593094 -9.48465603396205 4.999999999999999
    vertex 0.9409645471637897 -9.553773376053089 4.999999999999999
  endloop
endfacet
facet normal -0.14673047445536103 0.9891765099647811 -8.600782784583821e-17
  outer loop
    vertex 1.4069158192593094 -9.48465603396205 4.999999999999999
    vertex 0.9409645471637889 -9.553773376053087 12.299999999999999
    vertex 1.4069158192593096 -9.48465603396205 12.299999999999999
  endloop
endfacet
facet normal -4.785998472923473e-17 7.98495605014958e-17 1.0
  outer loop
    vertex 0.9409645471637889 -9.553773376053087 12.299999999999999
    vertex 1.4215888667048457 -9.58357368495853 12.299999999999999
    vertex 1.4069158192593096 -9.48465603396205 12.299999999999999
  endloop
endfacet
facet normal -4.785998472923473e-17 7.98495605014958e-17 1.0
  outer loop
    vertex 1.4215888667048457 -9.58357368495853 12.299999999999999
    vertex 0.9409645471637889 -9.553773376053087 12.299999999999999
    vertex 0.9556375946093261 -9.652691027049563 12.299999999999999
  endloop
endfacet
facet normal 1.4979052670689323e-15 1.795402862832149e-16 -1.0
  outer loop
    vertex -1.8971651093451787 9.512541817190462 5.0
    vertex -2.3297999964988416 9.301082957450108 4.999999999999999
    vertex -2.3540980144891686 9.398086082769561 4.999999999999999
  endloop
endfacet
facet normal 1.4979052670689323e-15 1.795402862832149e-16 -1.0
  outer loop
    vertex -2.3297999964988416 9.301082957450108 4.999999999999999
    vertex -1.8971651093451787 9.512541817190462 5.0
    vertex -1.8728670913548515 9.415538691871008 5.0
  endloop
endfacet
facet normal -0.9700312531945436 -0.24298017990326518 -4.151730161392263e-18
  outer loop
    vertex -2.354098014489168 9.398086082769563 12.299999999999997
    vertex -2.3297999964988416 9.301082957450108 4.999999999999999
    vertex -2.3297999964988416 9.301082957450108 12.299999999999997
  endloop
endfacet
facet normal -0.9700312531945436 -0.24298017990326518 -4.151730161392263e-18
  outer loop
    vertex -2.3297999964988416 9.301082957450108 4.999999999999999
    vertex -2.354098014489168 9.398086082769563 12.299999999999997
    vertex -2.3540980144891686 9.398086082769561 4.999999999999999
  endloop
endfacet
facet normal -4.611802748936382e-17 1.8411348620359988e-16 1.0
  outer loop
    vertex -2.3297999964988416 9.301082957450108 12.299999999999997
    vertex -1.8971651093451798 9.512541817190463 12.299999999999997
    vertex -2.354098014489168 9.398086082769563 12.299999999999997
  endloop
endfacet
facet normal -4.611802748936382e-17 1.8411348620359988e-16 1.0
  outer loop
    vertex -1.8971651093451798 9.512541817190463 12.299999999999997
    vertex -2.3297999964988416 9.301082957450108 12.299999999999997
    vertex -1.8728670913548529 9.41553869187101 12.299999999999997
  endloop
endfacet
facet normal 0.9700312531945436 0.24298017990326518 4.151730161392263e-18
  outer loop
    vertex -1.8971651093451787 9.512541817190462 5.0
    vertex -1.8728670913548529 9.41553869187101 12.299999999999997
    vertex -1.8728670913548515 9.415538691871008 5.0
  endloop
endfacet
facet normal 0.9700312531945436 0.24298017990326518 4.151730161392263e-18
  outer loop
    vertex -1.8728670913548529 9.41553869187101 12.299999999999997
    vertex -1.8971651093451787 9.512541817190462 5.0
    vertex -1.8971651093451798 9.512541817190463 12.299999999999997
  endloop
endfacet
facet normal 0.2429801799032651 -0.9700312531945439 1.8980160236824362e-16
  outer loop
    vertex -1.8728670913548515 9.415538691871008 5.0
    vertex -2.3297999964988416 9.301082957450108 12.299999999999997
    vertex -2.3297999964988416 9.301082957450108 4.999999999999999
  endloop
endfacet
facet normal 0.2429801799032651 -0.9700312531945439 1.8980160236824362e-16
  outer loop
    vertex -2.3297999964988416 9.301082957450108 12.299999999999997
    vertex -1.8728670913548515 9.415538691871008 5.0
    vertex -1.8728670913548529 9.41553869187101 12.299999999999997
  endloop
endfacet
facet normal -0.2429801799032651 0.9700312531945439 -1.8980160236824362e-16
  outer loop
    vertex -2.354098014489168 9.398086082769563 12.299999999999997
    vertex -1.8971651093451787 9.512541817190462 5.0
    vertex -2.3540980144891686 9.398086082769561 4.999999999999999
  endloop
endfacet
facet normal -0.2429801799032651 0.9700312531945439 -1.8980160236824362e-16
  outer loop
    vertex -1.8971651093451787 9.512541817190462 5.0
    vertex -2.354098014489168 9.398086082769563 12.299999999999997
    vertex -1.8971651093451798 9.512541817190463 12.299999999999997
  endloop
endfacet
facet normal 0.803207531480666 0.5956993044924049 -1.1256067166316283e-32
  outer loop
    vertex -5.393044167437429 8.06242903125247 12.3
    vertex -5.333474236988189 7.982108278104405 5.0
    vertex -5.393044167437429 8.06242903125247 5.0
  endloop
endfacet
facet normal 0.803207531480666 0.5956993044924049 -1.1256067166316283e-32
  outer loop
    vertex -5.333474236988189 7.982108278104405 5.0
    vertex -5.393044167437429 8.06242903125247 12.3
    vertex -5.333474236988189 7.982108278104405 12.3
  endloop
endfacet
facet normal 0.5956993044924046 -0.8032075314806665 -1.409165458686649e-19
  outer loop
    vertex -5.333474236988189 7.982108278104405 5.0
    vertex -5.711824882479599 7.701504315193344 12.3
    vertex -5.711824882479599 7.701504315193344 4.999999999999999
  endloop
endfacet
facet normal 0.5956993044924046 -0.8032075314806665 -1.409165458686649e-19
  outer loop
    vertex -5.711824882479599 7.701504315193344 12.3
    vertex -5.333474236988189 7.982108278104405 5.0
    vertex -5.333474236988189 7.982108278104405 12.3
  endloop
endfacet
facet normal 1.2020282984725095e-15 8.916603864581304e-16 -1.0
  outer loop
    vertex -5.393044167437429 8.06242903125247 5.0
    vertex -5.711824882479599 7.701504315193344 4.999999999999999
    vertex -5.771394812928839 7.7818250683414085 4.999999999999999
  endloop
endfacet
facet normal 1.2020282984725095e-15 8.916603864581304e-16 -1.0
  outer loop
    vertex -5.711824882479599 7.701504315193344 4.999999999999999
    vertex -5.393044167437429 8.06242903125247 5.0
    vertex -5.333474236988189 7.982108278104405 5.0
  endloop
endfacet
facet normal 8.394388836544475e-20 -1.1318523095194566e-19 1.0
  outer loop
    vertex -5.711824882479599 7.701504315193344 12.3
    vertex -5.393044167437429 8.06242903125247 12.3
    vertex -5.771394812928839 7.7818250683414085 12.3
  endloop
endfacet
facet normal 8.394388836544475e-20 -1.1318523095194566e-19 1.0
  outer loop
    vertex -5.393044167437429 8.06242903125247 12.3
    vertex -5.711824882479599 7.701504315193344 12.3
    vertex -5.333474236988189 7.982108278104405 12.3
  endloop
endfacet
facet normal -0.5956993044924046 0.8032075314806665 1.409165458686649e-19
  outer loop
    vertex -5.393044167437429 8.06242903125247 12.3
    vertex -5.771394812928839 7.7818250683414085 4.999999999999999
    vertex -5.771394812928839 7.7818250683414085 12.3
  endloop
endfacet
facet normal -0.5956993044924046 0.8032075314806665 1.409165458686649e-19
  outer loop
    vertex -5.771394812928839 7.7818250683414085 4.999999999999999
    vertex -5.393044167437429 8.06242903125247 12.3
    vertex -5.393044167437429 8.06242903125247 5.0
  endloop
endfacet
facet normal -0.803207531480666 -0.5956993044924049 1.1256067166316283e-32
  outer loop
    vertex -5.711824882479599 7.701504315193344 12.3
    vertex -5.771394812928839 7.7818250683414085 4.999999999999999
    vertex -5.711824882479599 7.701504315193344 4.999999999999999
  endloop
endfacet
facet normal -0.803207531480666 -0.5956993044924049 1.1256067166316283e-32
  outer loop
    vertex -5.771394812928839 7.7818250683414085 4.999999999999999
    vertex -5.711824882479599 7.701504315193344 12.3
    vertex -5.771394812928839 7.7818250683414085 12.3
  endloop
endfacet
facet normal -0.14673047445535858 -0.9891765099647816 8.600782784583822e-17
  outer loop
    vertex -1.4215888667048284 -9.583573684958534 12.300000000000002
    vertex -1.8875401388003465 -9.5144563428675 4.999999999999999
    vertex -1.421588866704827 -9.583573684958536 4.999999999999999
  endloop
endfacet
facet normal -0.14673047445535858 -0.9891765099647816 8.600782784583822e-17
  outer loop
    vertex -1.8875401388003465 -9.5144563428675 4.999999999999999
    vertex -1.4215888667048284 -9.583573684958534 12.300000000000002
    vertex -1.8875401388003472 -9.514456342867492 12.300000000000002
  endloop
endfacet
facet normal -0.9891765099647816 0.14673047445535842 -6.859807344429894e-17
  outer loop
    vertex -1.8728670913548113 -9.415538691871019 4.999999999999999
    vertex -1.8875401388003472 -9.514456342867492 12.300000000000002
    vertex -1.8728670913548124 -9.415538691871017 12.300000000000002
  endloop
endfacet
facet normal -0.9891765099647816 0.14673047445535842 -6.859807344429894e-17
  outer loop
    vertex -1.8875401388003472 -9.514456342867492 12.300000000000002
    vertex -1.8728670913548113 -9.415538691871019 4.999999999999999
    vertex -1.8875401388003465 -9.5144563428675 4.999999999999999
  endloop
endfacet
facet normal 2.2620045955845542e-17 -9.030428545490006e-17 -1.0
  outer loop
    vertex -1.421588866704827 -9.583573684958536 4.999999999999999
    vertex -1.8728670913548113 -9.415538691871019 4.999999999999999
    vertex -1.4069158192592919 -9.484656033962054 4.999999999999999
  endloop
endfacet
facet normal 2.2620045955845542e-17 -9.030428545490006e-17 -1.0
  outer loop
    vertex -1.8728670913548113 -9.415538691871019 4.999999999999999
    vertex -1.421588866704827 -9.583573684958536 4.999999999999999
    vertex -1.8875401388003465 -9.5144563428675 4.999999999999999
  endloop
endfacet
facet normal 0.9891765099647816 -0.14673047445535842 3.5625608763995774e-17
  outer loop
    vertex -1.4215888667048284 -9.583573684958534 12.300000000000002
    vertex -1.4069158192592919 -9.484656033962054 4.999999999999999
    vertex -1.4069158192592919 -9.484656033962054 12.300000000000002
  endloop
endfacet
facet normal 0.9891765099647816 -0.14673047445535842 3.5625608763995774e-17
  outer loop
    vertex -1.4069158192592919 -9.484656033962054 4.999999999999999
    vertex -1.4215888667048284 -9.583573684958534 12.300000000000002
    vertex -1.421588866704827 -9.583573684958536 4.999999999999999
  endloop
endfacet
facet normal 0.14673047445535858 0.9891765099647816 -8.600782784583822e-17
  outer loop
    vertex -1.8728670913548124 -9.415538691871017 12.300000000000002
    vertex -1.4069158192592919 -9.484656033962054 4.999999999999999
    vertex -1.8728670913548113 -9.415538691871019 4.999999999999999
  endloop
endfacet
facet normal 0.14673047445535858 0.9891765099647816 -8.600782784583822e-17
  outer loop
    vertex -1.4069158192592919 -9.484656033962054 4.999999999999999
    vertex -1.8728670913548124 -9.415538691871017 12.300000000000002
    vertex -1.4069158192592919 -9.484656033962054 12.300000000000002
  endloop
endfacet
facet normal -2.2620045955845265e-17 9.030428545490003e-17 1.0
  outer loop
    vertex -1.8728670913548124 -9.415538691871017 12.300000000000002
    vertex -1.4215888667048284 -9.583573684958534 12.300000000000002
    vertex -1.4069158192592919 -9.484656033962054 12.300000000000002
  endloop
endfacet
facet normal -2.2620045955845265e-17 9.030428545490003e-17 1.0
  outer loop
    vertex -1.4215888667048284 -9.583573684958534 12.300000000000002
    vertex -1.8728670913548124 -9.415538691871017 12.300000000000002
    vertex -1.8875401388003472 -9.514456342867492 12.300000000000002
  endloop
endfacet
facet normal -0.5956993044924315 -0.8032075314806463 -2.2785139317279682e-18
  outer loop
    vertex -7.701504315193362 5.711824882479578 12.300000000000002
    vertex -7.78182506834143 5.771394812928824 4.999999999999999
    vertex -7.701504315193365 5.71182488247958 4.999999999999999
  endloop
endfacet
facet normal -0.5956993044924315 -0.8032075314806463 -2.2785139317279682e-18
  outer loop
    vertex -7.78182506834143 5.771394812928824 4.999999999999999
    vertex -7.701504315193362 5.711824882479578 12.300000000000002
    vertex -7.781825068341427 5.771394812928822 12.300000000000002
  endloop
endfacet
facet normal 3.6195789090256367e-16 -2.6844626751535906e-16 1.0
  outer loop
    vertex -7.701504315193362 5.711824882479578 12.300000000000002
    vertex -7.501221105430355 6.14974545842022 12.300000000000002
    vertex -7.781825068341427 5.771394812928822 12.300000000000002
  endloop
endfacet
facet normal 3.6195789090256367e-16 -2.6844626751535906e-16 1.0
  outer loop
    vertex -7.501221105430355 6.14974545842022 12.300000000000002
    vertex -7.701504315193362 5.711824882479578 12.300000000000002
    vertex -7.42090035228229 6.0901755279709775 12.300000000000002
  endloop
endfacet
facet normal 5.29589310324657e-16 1.4705585098762079e-15 -1.0
  outer loop
    vertex -7.501221105430358 6.149745458420224 5.0
    vertex -7.701504315193365 5.71182488247958 4.999999999999999
    vertex -7.78182506834143 5.771394812928824 4.999999999999999
  endloop
endfacet
facet normal 5.29589310324657e-16 1.4705585098762079e-15 -1.0
  outer loop
    vertex -7.701504315193365 5.71182488247958 4.999999999999999
    vertex -7.501221105430358 6.149745458420224 5.0
    vertex -7.420900352282293 6.09017552797098 5.0
  endloop
endfacet
facet normal 0.5956993044924315 0.8032075314806463 7.050195722406103e-17
  outer loop
    vertex -7.501221105430355 6.14974545842022 12.300000000000002
    vertex -7.420900352282293 6.09017552797098 5.0
    vertex -7.501221105430358 6.149745458420224 5.0
  endloop
endfacet
facet normal 0.5956993044924315 0.8032075314806463 7.050195722406103e-17
  outer loop
    vertex -7.420900352282293 6.09017552797098 5.0
    vertex -7.501221105430355 6.14974545842022 12.300000000000002
    vertex -7.42090035228229 6.0901755279709775 12.300000000000002
  endloop
endfacet
facet normal 0.8032075314806464 -0.5956993044924316 -4.506405589042779e-16
  outer loop
    vertex -7.701504315193365 5.71182488247958 4.999999999999999
    vertex -7.42090035228229 6.0901755279709775 12.300000000000002
    vertex -7.701504315193362 5.711824882479578 12.300000000000002
  endloop
endfacet
facet normal 0.8032075314806464 -0.5956993044924316 -4.506405589042779e-16
  outer loop
    vertex -7.42090035228229 6.0901755279709775 12.300000000000002
    vertex -7.701504315193365 5.71182488247958 4.999999999999999
    vertex -7.420900352282293 6.09017552797098 5.0
  endloop
endfacet
facet normal -0.8032075314806464 0.5956993044924316 4.506405589042779e-16
  outer loop
    vertex -7.501221105430355 6.14974545842022 12.300000000000002
    vertex -7.78182506834143 5.771394812928824 4.999999999999999
    vertex -7.781825068341427 5.771394812928822 12.300000000000002
  endloop
endfacet
facet normal -0.8032075314806464 0.5956993044924316 4.506405589042779e-16
  outer loop
    vertex -7.78182506834143 5.771394812928824 4.999999999999999
    vertex -7.501221105430355 6.14974545842022 12.300000000000002
    vertex -7.501221105430358 6.149745458420224 5.0
  endloop
endfacet
facet normal -0.8032075314806407 -0.5956993044924389 7.740500006486469e-17
  outer loop
    vertex -7.781825068341405 -5.771394812928858 12.299999999999994
    vertex -8.062429031252483 -5.393044167437458 4.999999999999999
    vertex -7.781825068341403 -5.771394812928859 4.999999999999999
  endloop
endfacet
facet normal -0.8032075314806407 -0.5956993044924389 7.740500006486469e-17
  outer loop
    vertex -8.062429031252483 -5.393044167437458 4.999999999999999
    vertex -7.781825068341405 -5.771394812928858 12.299999999999994
    vertex -8.062429031252476 -5.393044167437451 12.299999999999994
  endloop
endfacet
facet normal -0.595699304492439 0.8032075314806408 -8.469283219178693e-17
  outer loop
    vertex -7.982108278104417 -5.333474236988213 4.999999999999999
    vertex -8.062429031252476 -5.393044167437451 12.299999999999994
    vertex -7.982108278104414 -5.333474236988208 12.299999999999994
  endloop
endfacet
facet normal -0.595699304492439 0.8032075314806408 -8.469283219178693e-17
  outer loop
    vertex -8.062429031252476 -5.393044167437451 12.299999999999994
    vertex -7.982108278104417 -5.333474236988213 4.999999999999999
    vertex -8.062429031252483 -5.393044167437458 4.999999999999999
  endloop
endfacet
facet normal -3.136249207167453e-17 -8.765229341904756e-17 -1.0
  outer loop
    vertex -7.781825068341403 -5.771394812928859 4.999999999999999
    vertex -7.982108278104417 -5.333474236988213 4.999999999999999
    vertex -7.701504315193337 -5.711824882479612 4.999999999999999
  endloop
endfacet
facet normal -3.136249207167453e-17 -8.765229341904756e-17 -1.0
  outer loop
    vertex -7.982108278104417 -5.333474236988213 4.999999999999999
    vertex -7.781825068341403 -5.771394812928859 4.999999999999999
    vertex -8.062429031252483 -5.393044167437458 4.999999999999999
  endloop
endfacet
facet normal 0.595699304492439 -0.8032075314806408 5.172036751148376e-17
  outer loop
    vertex -7.781825068341405 -5.771394812928858 12.299999999999994
    vertex -7.701504315193337 -5.711824882479612 4.999999999999999
    vertex -7.701504315193337 -5.711824882479612 12.299999999999994
  endloop
endfacet
facet normal 0.595699304492439 -0.8032075314806408 5.172036751148376e-17
  outer loop
    vertex -7.701504315193337 -5.711824882479612 4.999999999999999
    vertex -7.781825068341405 -5.771394812928858 12.299999999999994
    vertex -7.781825068341403 -5.771394812928859 4.999999999999999
  endloop
endfacet
facet normal 0.8032075314806407 0.5956993044924389 -7.740500006486469e-17
  outer loop
    vertex -7.982108278104414 -5.333474236988208 12.299999999999994
    vertex -7.701504315193337 -5.711824882479612 4.999999999999999
    vertex -7.982108278104417 -5.333474236988213 4.999999999999999
  endloop
endfacet
facet normal 0.8032075314806407 0.5956993044924389 -7.740500006486469e-17
  outer loop
    vertex -7.701504315193337 -5.711824882479612 4.999999999999999
    vertex -7.982108278104414 -5.333474236988208 12.299999999999994
    vertex -7.701504315193337 -5.711824882479612 12.299999999999994
  endloop
endfacet
facet normal 3.136249207167469e-17 8.765229341904732e-17 1.0
  outer loop
    vertex -7.982108278104414 -5.333474236988208 12.299999999999994
    vertex -7.781825068341405 -5.771394812928858 12.299999999999994
    vertex -7.701504315193337 -5.711824882479612 12.299999999999994
  endloop
endfacet
facet normal 3.136249207167469e-17 8.765229341904732e-17 1.0
  outer loop
    vertex -7.781825068341405 -5.771394812928858 12.299999999999994
    vertex -7.982108278104414 -5.333474236988208 12.299999999999994
    vertex -8.062429031252476 -5.393044167437451 12.299999999999994
  endloop
endfacet
facet normal -0.6715589548470143 -0.7409511253549628 8.210175635288314e-17
  outer loop
    vertex -6.5063562091656095 -7.178657838372084 12.300000000000002
    vertex -6.855380994875535 -6.862320211926382 4.999999999999999
    vertex -6.5063562091656095 -7.178657838372084 4.999999999999999
  endloop
endfacet
facet normal -0.6715589548470143 -0.7409511253549628 8.210175635288314e-17
  outer loop
    vertex -6.855380994875535 -6.862320211926382 4.999999999999999
    vertex -6.5063562091656095 -7.178657838372084 12.300000000000002
    vertex -6.855380994875532 -6.8623202119263755 12.300000000000002
  endloop
endfacet
facet normal -0.740951125354963 0.6715589548470142 -7.685676773203744e-17
  outer loop
    vertex -6.788225099390835 -6.788225099390884 4.999999999999999
    vertex -6.855380994875532 -6.8623202119263755 12.300000000000002
    vertex -6.788225099390833 -6.788225099390881 12.300000000000002
  endloop
endfacet
facet normal -0.740951125354963 0.6715589548470142 -7.685676773203744e-17
  outer loop
    vertex -6.855380994875532 -6.8623202119263755 12.300000000000002
    vertex -6.788225099390835 -6.788225099390884 4.999999999999999
    vertex -6.855380994875535 -6.862320211926382 4.999999999999999
  endloop
endfacet
facet normal -2.262004595584561e-17 -9.030428545490009e-17 -1.0
  outer loop
    vertex -6.5063562091656095 -7.178657838372084 4.999999999999999
    vertex -6.788225099390835 -6.788225099390884 4.999999999999999
    vertex -6.439200313680905 -7.104562725836587 4.999999999999999
  endloop
endfacet
facet normal -2.262004595584561e-17 -9.030428545490009e-17 -1.0
  outer loop
    vertex -6.788225099390835 -6.788225099390884 4.999999999999999
    vertex -6.5063562091656095 -7.178657838372084 4.999999999999999
    vertex -6.855380994875535 -6.862320211926382 4.999999999999999
  endloop
endfacet
facet normal 0.740951125354963 -0.6715589548470142 4.388430305173427e-17
  outer loop
    vertex -6.5063562091656095 -7.178657838372084 12.300000000000002
    vertex -6.439200313680905 -7.104562725836587 4.999999999999999
    vertex -6.439200313680905 -7.104562725836587 12.300000000000002
  endloop
endfacet
facet normal 0.740951125354963 -0.6715589548470142 4.388430305173427e-17
  outer loop
    vertex -6.439200313680905 -7.104562725836587 4.999999999999999
    vertex -6.5063562091656095 -7.178657838372084 12.300000000000002
    vertex -6.5063562091656095 -7.178657838372084 4.999999999999999
  endloop
endfacet
facet normal 0.6715589548470143 0.7409511253549628 -8.210175635288314e-17
  outer loop
    vertex -6.788225099390833 -6.788225099390881 12.300000000000002
    vertex -6.439200313680905 -7.104562725836587 4.999999999999999
    vertex -6.788225099390835 -6.788225099390884 4.999999999999999
  endloop
endfacet
facet normal 0.6715589548470143 0.7409511253549628 -8.210175635288314e-17
  outer loop
    vertex -6.439200313680905 -7.104562725836587 4.999999999999999
    vertex -6.788225099390833 -6.788225099390881 12.300000000000002
    vertex -6.439200313680905 -7.104562725836587 12.300000000000002
  endloop
endfacet
facet normal 2.262004595584582e-17 9.030428545489992e-17 1.0
  outer loop
    vertex -6.788225099390833 -6.788225099390881 12.300000000000002
    vertex -6.5063562091656095 -7.178657838372084 12.300000000000002
    vertex -6.439200313680905 -7.104562725836587 12.300000000000002
  endloop
endfacet
facet normal 2.262004595584582e-17 9.030428545489992e-17 1.0
  outer loop
    vertex -6.5063562091656095 -7.178657838372084 12.300000000000002
    vertex -6.788225099390833 -6.788225099390881 12.300000000000002
    vertex -6.855380994875532 -6.8623202119263755 12.300000000000002
  endloop
endfacet
facet normal 1.2025600086425407e-15 -9.410051697758743e-16 -1.0
  outer loop
    vertex 5.38488451140749 8.067881139104472 5.0
    vertex 4.9294414552588774 8.22427620792432 4.999999999999999
    vertex 4.980851729678199 8.310049068924346 4.999999999999999
  endloop
endfacet
facet normal 1.2025600086425407e-15 -9.410051697758743e-16 -1.0
  outer loop
    vertex 4.9294414552588774 8.22427620792432 4.999999999999999
    vertex 5.38488451140749 8.067881139104472 5.0
    vertex 5.333474236988168 7.982108278104443 5.0
  endloop
endfacet
facet normal -0.8577286100002752 0.5141027441932167 -2.275554045549476e-17
  outer loop
    vertex 4.9808517296782 8.31004906892435 12.300000000000002
    vertex 4.9294414552588774 8.22427620792432 4.999999999999999
    vertex 4.9294414552588774 8.224276207924321 12.300000000000002
  endloop
endfacet
facet normal -0.8577286100002752 0.5141027441932167 -2.275554045549476e-17
  outer loop
    vertex 4.9294414552588774 8.22427620792432 4.999999999999999
    vertex 4.9808517296782 8.31004906892435 12.300000000000002
    vertex 4.980851729678199 8.310049068924346 4.999999999999999
  endloop
endfacet
facet normal 8.115064183377161e-17 1.715786163585654e-16 1.0
  outer loop
    vertex 4.9294414552588774 8.224276207924321 12.300000000000002
    vertex 5.38488451140749 8.067881139104472 12.300000000000002
    vertex 4.9808517296782 8.31004906892435 12.300000000000002
  endloop
endfacet
facet normal 8.115064183377161e-17 1.715786163585654e-16 1.0
  outer loop
    vertex 5.38488451140749 8.067881139104472 12.300000000000002
    vertex 4.9294414552588774 8.224276207924321 12.300000000000002
    vertex 5.3334742369881685 7.982108278104445 12.300000000000002
  endloop
endfacet
facet normal 0.8577286100002752 -0.5141027441932167 2.275554045549476e-17
  outer loop
    vertex 5.38488451140749 8.067881139104472 5.0
    vertex 5.3334742369881685 7.982108278104445 12.300000000000002
    vertex 5.333474236988168 7.982108278104443 5.0
  endloop
endfacet
facet normal 0.8577286100002752 -0.5141027441932167 2.275554045549476e-17
  outer loop
    vertex 5.3334742369881685 7.982108278104445 12.300000000000002
    vertex 5.38488451140749 8.067881139104472 5.0
    vertex 5.38488451140749 8.067881139104472 12.300000000000002
  endloop
endfacet
facet normal -0.5141027441932166 -0.8577286100002752 1.888876557747856e-16
  outer loop
    vertex 5.333474236988168 7.982108278104443 5.0
    vertex 4.9294414552588774 8.224276207924321 12.300000000000002
    vertex 4.9294414552588774 8.22427620792432 4.999999999999999
  endloop
endfacet
facet normal -0.5141027441932166 -0.8577286100002752 1.888876557747856e-16
  outer loop
    vertex 4.9294414552588774 8.224276207924321 12.300000000000002
    vertex 5.333474236988168 7.982108278104443 5.0
    vertex 5.3334742369881685 7.982108278104445 12.300000000000002
  endloop
endfacet
facet normal 0.5141027441932166 0.8577286100002752 -1.888876557747856e-16
  outer loop
    vertex 4.9808517296782 8.31004906892435 12.300000000000002
    vertex 5.38488451140749 8.067881139104472 5.0
    vertex 4.980851729678199 8.310049068924346 4.999999999999999
  endloop
endfacet
facet normal 0.5141027441932166 0.8577286100002752 -1.888876557747856e-16
  outer loop
    vertex 5.38488451140749 8.067881139104472 5.0
    vertex 4.9808517296782 8.31004906892435 12.300000000000002
    vertex 5.38488451140749 8.067881139104472 12.300000000000002
  endloop
endfacet
facet normal 0.049067674327422484 -0.9987954562051722 8.600782784583821e-17
  outer loop
    vertex 0.4753890410146398 -9.676766233647065 12.299999999999999
    vertex 0.004906767432756008 -9.699879545620522 5.000000000000001
    vertex 0.4753890410146406 -9.676766233647063 5.000000000000001
  endloop
endfacet
facet normal 0.049067674327422484 -0.9987954562051722 8.600782784583821e-17
  outer loop
    vertex 0.004906767432756008 -9.699879545620522 5.000000000000001
    vertex 0.4753890410146398 -9.676766233647065 12.299999999999999
    vertex 0.004906767432753761 -9.699879545620515 12.299999999999999
  endloop
endfacet
facet normal -0.9987954562051722 -0.049067674327422484 -6.859807344429894e-17
  outer loop
    vertex 1.2866097076624782e-14 -9.600000000000001 5.000000000000001
    vertex 0.004906767432753761 -9.699879545620515 12.299999999999999
    vertex 1.1412051859061022e-14 -9.6 12.299999999999999
  endloop
endfacet
facet normal -0.9987954562051722 -0.049067674327422484 -6.859807344429894e-17
  outer loop
    vertex 0.004906767432753761 -9.699879545620515 12.299999999999999
    vertex 1.2866097076624782e-14 -9.600000000000001 5.000000000000001
    vertex 0.004906767432756008 -9.699879545620522 5.000000000000001
  endloop
endfacet
facet normal 3.980290024437084e-17 -8.415616188195193e-17 -1.0
  outer loop
    vertex 0.4753890410146406 -9.676766233647063 5.000000000000001
    vertex 1.2866097076624782e-14 -9.600000000000001 5.000000000000001
    vertex 0.47048227358189626 -9.576886688026542 5.000000000000001
  endloop
endfacet
facet normal 3.980290024437084e-17 -8.415616188195193e-17 -1.0
  outer loop
    vertex 1.2866097076624782e-14 -9.600000000000001 5.000000000000001
    vertex 0.4753890410146406 -9.676766233647063 5.000000000000001
    vertex 0.004906767432756008 -9.699879545620522 5.000000000000001
  endloop
endfacet
facet normal 0.9987954562051722 0.049067674327422484 3.562560876399577e-17
  outer loop
    vertex 0.47048227358189687 -9.576886688026542 12.299999999999999
    vertex 0.4753890410146406 -9.676766233647063 5.000000000000001
    vertex 0.47048227358189626 -9.576886688026542 5.000000000000001
  endloop
endfacet
facet normal 0.9987954562051722 0.049067674327422484 3.562560876399577e-17
  outer loop
    vertex 0.4753890410146406 -9.676766233647063 5.000000000000001
    vertex 0.47048227358189687 -9.576886688026542 12.299999999999999
    vertex 0.4753890410146398 -9.676766233647065 12.299999999999999
  endloop
endfacet
facet normal -0.049067674327422484 0.9987954562051722 -8.600782784583821e-17
  outer loop
    vertex 1.1412051859061022e-14 -9.6 12.299999999999999
    vertex 0.47048227358189626 -9.576886688026542 5.000000000000001
    vertex 1.2866097076624782e-14 -9.600000000000001 5.000000000000001
  endloop
endfacet
facet normal -0.049067674327422484 0.9987954562051722 -8.600782784583821e-17
  outer loop
    vertex 0.47048227358189626 -9.576886688026542 5.000000000000001
    vertex 1.1412051859061022e-14 -9.6 12.299999999999999
    vertex 0.47048227358189687 -9.576886688026542 12.299999999999999
  endloop
endfacet
facet normal -3.980290024437056e-17 8.415616188195193e-17 1.0
  outer loop
    vertex 1.1412051859061022e-14 -9.6 12.299999999999999
    vertex 0.4753890410146398 -9.676766233647065 12.299999999999999
    vertex 0.47048227358189687 -9.576886688026542 12.299999999999999
  endloop
endfacet
facet normal -3.980290024437056e-17 8.415616188195193e-17 1.0
  outer loop
    vertex 0.4753890410146398 -9.676766233647065 12.299999999999999
    vertex 1.1412051859061022e-14 -9.6 12.299999999999999
    vertex 0.004906767432753761 -9.699879545620515 12.299999999999999
  endloop
endfacet
facet normal -0.4275550934302834 -0.9039892931234428 8.210175635288313e-17
  outer loop
    vertex -4.14234032146023 -8.758242754238635 12.299999999999999
    vertex -4.56816418287258 -8.556843067056564 4.999999999999999
    vertex -4.142340321460226 -8.758242754238637 4.999999999999999
  endloop
endfacet
facet normal -0.4275550934302834 -0.9039892931234428 8.210175635288313e-17
  outer loop
    vertex -4.56816418287258 -8.556843067056564 4.999999999999999
    vertex -4.14234032146023 -8.758242754238635 12.299999999999999
    vertex -4.568164182872579 -8.556843067056558 12.299999999999999
  endloop
endfacet
facet normal -0.9039892931234428 0.4275550934302834 -7.685676773203742e-17
  outer loop
    vertex -4.525408673529553 -8.46644413774422 4.999999999999999
    vertex -4.568164182872579 -8.556843067056558 12.299999999999999
    vertex -4.525408673529552 -8.466444137744215 12.299999999999999
  endloop
endfacet
facet normal -0.9039892931234428 0.4275550934302834 -7.685676773203742e-17
  outer loop
    vertex -4.568164182872579 -8.556843067056558 12.299999999999999
    vertex -4.525408673529553 -8.46644413774422 4.999999999999999
    vertex -4.56816418287258 -8.556843067056564 4.999999999999999
  endloop
endfacet
facet normal 4.5679159867049944e-18 -9.29820659810431e-17 -1.0
  outer loop
    vertex -4.142340321460226 -8.758242754238637 4.999999999999999
    vertex -4.525408673529553 -8.46644413774422 4.999999999999999
    vertex -4.099584812117199 -8.667843824926289 4.999999999999999
  endloop
endfacet
facet normal 4.5679159867049944e-18 -9.29820659810431e-17 -1.0
  outer loop
    vertex -4.525408673529553 -8.46644413774422 4.999999999999999
    vertex -4.142340321460226 -8.758242754238637 4.999999999999999
    vertex -4.56816418287258 -8.556843067056564 4.999999999999999
  endloop
endfacet
facet normal 0.9039892931234428 -0.4275550934302834 4.3884303051734266e-17
  outer loop
    vertex -4.14234032146023 -8.758242754238635 12.299999999999999
    vertex -4.099584812117199 -8.667843824926289 4.999999999999999
    vertex -4.0995848121171985 -8.667843824926289 12.299999999999999
  endloop
endfacet
facet normal 0.9039892931234428 -0.4275550934302834 4.3884303051734266e-17
  outer loop
    vertex -4.099584812117199 -8.667843824926289 4.999999999999999
    vertex -4.14234032146023 -8.758242754238635 12.299999999999999
    vertex -4.142340321460226 -8.758242754238637 4.999999999999999
  endloop
endfacet
facet normal 0.4275550934302834 0.9039892931234428 -8.210175635288313e-17
  outer loop
    vertex -4.525408673529552 -8.466444137744215 12.299999999999999
    vertex -4.099584812117199 -8.667843824926289 4.999999999999999
    vertex -4.525408673529553 -8.46644413774422 4.999999999999999
  endloop
endfacet
facet normal 0.4275550934302834 0.9039892931234428 -8.210175635288313e-17
  outer loop
    vertex -4.099584812117199 -8.667843824926289 4.999999999999999
    vertex -4.525408673529552 -8.466444137744215 12.299999999999999
    vertex -4.0995848121171985 -8.667843824926289 12.299999999999999
  endloop
endfacet
facet normal -4.5679159867047356e-18 9.2982065981043e-17 1.0
  outer loop
    vertex -4.525408673529552 -8.466444137744215 12.299999999999999
    vertex -4.14234032146023 -8.758242754238635 12.299999999999999
    vertex -4.0995848121171985 -8.667843824926289 12.299999999999999
  endloop
endfacet
facet normal -4.5679159867047356e-18 9.2982065981043e-17 1.0
  outer loop
    vertex -4.14234032146023 -8.758242754238635 12.299999999999999
    vertex -4.525408673529552 -8.466444137744215 12.299999999999999
    vertex -4.568164182872579 -8.556843067056558 12.299999999999999
  endloop
endfacet
facet normal 1.5041500096455384e-15 -2.6300960517554707e-16 -1.0
  outer loop
    vertex 0.945871314596504 9.65365292167361 5.0
    vertex 0.4704822735818862 9.576886688026544 4.999999999999999
    vertex 0.4753890410146279 9.676766233647063 4.999999999999999
  endloop
endfacet
facet normal 1.5041500096455384e-15 -2.6300960517554707e-16 -1.0
  outer loop
    vertex 0.4704822735818862 9.576886688026544 4.999999999999999
    vertex 0.945871314596504 9.65365292167361 5.0
    vertex 0.9409645471637624 9.55377337605309 5.0
  endloop
endfacet
facet normal -0.9987954562051725 0.0490676743274162 -2.2755540455494765e-17
  outer loop
    vertex 0.47048227358188616 9.576886688026546 12.299999999999999
    vertex 0.4753890410146279 9.676766233647063 4.999999999999999
    vertex 0.4704822735818862 9.576886688026544 4.999999999999999
  endloop
endfacet
facet normal -0.9987954562051725 0.0490676743274162 -2.2755540455494765e-17
  outer loop
    vertex 0.4753890410146279 9.676766233647063 4.999999999999999
    vertex 0.47048227358188616 9.576886688026546 12.299999999999999
    vertex 0.4753890410146272 9.676766233647065 12.299999999999999
  endloop
endfacet
facet normal -9.313123211826298e-18 1.8957297802586262e-16 1.0
  outer loop
    vertex 0.47048227358188616 9.576886688026546 12.299999999999999
    vertex 0.9458713145965031 9.653652921673611 12.299999999999999
    vertex 0.4753890410146272 9.676766233647065 12.299999999999999
  endloop
endfacet
facet normal -9.313123211826298e-18 1.8957297802586262e-16 1.0
  outer loop
    vertex 0.9458713145965031 9.653652921673611 12.299999999999999
    vertex 0.47048227358188616 9.576886688026546 12.299999999999999
    vertex 0.9409645471637615 9.553773376053094 12.299999999999999
  endloop
endfacet
facet normal 0.9987954562051725 -0.0490676743274162 2.2755540455494765e-17
  outer loop
    vertex 0.945871314596504 9.65365292167361 5.0
    vertex 0.9409645471637615 9.553773376053094 12.299999999999999
    vertex 0.9409645471637624 9.55377337605309 5.0
  endloop
endfacet
facet normal 0.9987954562051725 -0.0490676743274162 2.2755540455494765e-17
  outer loop
    vertex 0.9409645471637615 9.553773376053094 12.299999999999999
    vertex 0.945871314596504 9.65365292167361 5.0
    vertex 0.9458713145965031 9.653652921673611 12.299999999999999
  endloop
endfacet
facet normal -0.0490676743274162 -0.9987954562051725 1.888876557747856e-16
  outer loop
    vertex 0.9409645471637624 9.55377337605309 5.0
    vertex 0.47048227358188616 9.576886688026546 12.299999999999999
    vertex 0.4704822735818862 9.576886688026544 4.999999999999999
  endloop
endfacet
facet normal -0.0490676743274162 -0.9987954562051725 1.888876557747856e-16
  outer loop
    vertex 0.47048227358188616 9.576886688026546 12.299999999999999
    vertex 0.9409645471637624 9.55377337605309 5.0
    vertex 0.9409645471637615 9.553773376053094 12.299999999999999
  endloop
endfacet
facet normal 0.0490676743274162 0.9987954562051725 -1.888876557747856e-16
  outer loop
    vertex 0.4753890410146272 9.676766233647065 12.299999999999999
    vertex 0.945871314596504 9.65365292167361 5.0
    vertex 0.4753890410146279 9.676766233647063 4.999999999999999
  endloop
endfacet
facet normal 0.0490676743274162 0.9987954562051725 -1.888876557747856e-16
  outer loop
    vertex 0.945871314596504 9.65365292167361 5.0
    vertex 0.4753890410146272 9.676766233647065 12.299999999999999
    vertex 0.9458713145965031 9.653652921673611 12.299999999999999
  endloop
endfacet
facet normal 0.6715589548470161 0.7409511253549613 0.0
  outer loop
    vertex -6.862320211926368 6.85538099487554 12.299999999999997
    vertex -6.788225099390872 6.788225099390838 5.0
    vertex -6.862320211926368 6.85538099487554 5.0
  endloop
endfacet
facet normal 0.6715589548470161 0.7409511253549613 0.0
  outer loop
    vertex -6.788225099390872 6.788225099390838 5.0
    vertex -6.862320211926368 6.85538099487554 12.299999999999997
    vertex -6.788225099390872 6.788225099390838 12.299999999999997
  endloop
endfacet
facet normal 0.7409511253549613 -0.6715589548470161 -1.4091654586866366e-19
  outer loop
    vertex -6.788225099390872 6.788225099390838 5.0
    vertex -7.104562725836574 6.4392003136809155 12.299999999999997
    vertex -7.104562725836574 6.4392003136809155 4.999999999999999
  endloop
endfacet
facet normal 0.7409511253549613 -0.6715589548470161 -1.4091654586866366e-19
  outer loop
    vertex -7.104562725836574 6.4392003136809155 12.299999999999997
    vertex -6.788225099390872 6.788225099390838 5.0
    vertex -6.788225099390872 6.788225099390838 12.299999999999997
  endloop
endfacet
facet normal 1.0049773498467934e-15 1.1090314699783297e-15 -1.0
  outer loop
    vertex -6.862320211926368 6.85538099487554 5.0
    vertex -7.104562725836574 6.4392003136809155 4.999999999999999
    vertex -7.178657838372071 6.506356209165617 4.999999999999999
  endloop
endfacet
facet normal 1.0049773498467934e-15 1.1090314699783297e-15 -1.0
  outer loop
    vertex -7.104562725836574 6.4392003136809155 4.999999999999999
    vertex -6.862320211926368 6.85538099487554 5.0
    vertex -6.788225099390872 6.788225099390838 5.0
  endloop
endfacet
facet normal 1.0441227324252033e-19 -9.463376826421133e-20 1.0
  outer loop
    vertex -7.104562725836574 6.4392003136809155 12.299999999999997
    vertex -6.862320211926368 6.85538099487554 12.299999999999997
    vertex -7.178657838372071 6.506356209165617 12.299999999999997
  endloop
endfacet
facet normal 1.0441227324252033e-19 -9.463376826421133e-20 1.0
  outer loop
    vertex -6.862320211926368 6.85538099487554 12.299999999999997
    vertex -7.104562725836574 6.4392003136809155 12.299999999999997
    vertex -6.788225099390872 6.788225099390838 12.299999999999997
  endloop
endfacet
facet normal -0.7409511253549613 0.6715589548470161 1.4091654586866366e-19
  outer loop
    vertex -6.862320211926368 6.85538099487554 12.299999999999997
    vertex -7.178657838372071 6.506356209165617 4.999999999999999
    vertex -7.178657838372071 6.506356209165617 12.299999999999997
  endloop
endfacet
facet normal -0.7409511253549613 0.6715589548470161 1.4091654586866366e-19
  outer loop
    vertex -7.178657838372071 6.506356209165617 4.999999999999999
    vertex -6.862320211926368 6.85538099487554 12.299999999999997
    vertex -6.862320211926368 6.85538099487554 5.0
  endloop
endfacet
facet normal -0.6715589548470161 -0.7409511253549613 0.0
  outer loop
    vertex -7.104562725836574 6.4392003136809155 12.299999999999997
    vertex -7.178657838372071 6.506356209165617 4.999999999999999
    vertex -7.104562725836574 6.4392003136809155 4.999999999999999
  endloop
endfacet
facet normal -0.6715589548470161 -0.7409511253549613 0.0
  outer loop
    vertex -7.178657838372071 6.506356209165617 4.999999999999999
    vertex -7.104562725836574 6.4392003136809155 12.299999999999997
    vertex -7.178657838372071 6.506356209165617 12.299999999999997
  endloop
endfacet
facet normal 0.9891765099647812 -0.146730474455361 -3.4570223238484506e-16
  outer loop
    vertex -9.484656033962056 1.4069158192592868 4.999999999999999
    vertex -9.415538691871014 1.8728670913548204 12.300000000000002
    vertex -9.484656033962052 1.4069158192592863 12.300000000000002
  endloop
endfacet
facet normal 0.9891765099647812 -0.146730474455361 -3.4570223238484506e-16
  outer loop
    vertex -9.415538691871014 1.8728670913548204 12.300000000000002
    vertex -9.484656033962056 1.4069158192592868 4.999999999999999
    vertex -9.415538691871015 1.872867091354821 5.0
  endloop
endfacet
facet normal -0.9891765099647812 0.146730474455361 3.4570223238484506e-16
  outer loop
    vertex -9.51445634286749 1.8875401388003568 12.300000000000002
    vertex -9.583573684958534 1.4215888667048227 4.999999999999999
    vertex -9.58357368495853 1.4215888667048224 12.300000000000002
  endloop
endfacet
facet normal -0.9891765099647812 0.146730474455361 3.4570223238484506e-16
  outer loop
    vertex -9.583573684958534 1.4215888667048227 4.999999999999999
    vertex -9.51445634286749 1.8875401388003568 12.300000000000002
    vertex -9.514456342867494 1.8875401388003574 5.0
  endloop
endfacet
facet normal -0.146730474455361 -0.9891765099647812 7.842704157159014e-18
  outer loop
    vertex -9.484656033962052 1.4069158192592863 12.300000000000002
    vertex -9.583573684958534 1.4215888667048227 4.999999999999999
    vertex -9.484656033962056 1.4069158192592868 4.999999999999999
  endloop
endfacet
facet normal -0.146730474455361 -0.9891765099647812 7.842704157159014e-18
  outer loop
    vertex -9.583573684958534 1.4215888667048227 4.999999999999999
    vertex -9.484656033962052 1.4069158192592863 12.300000000000002
    vertex -9.58357368495853 1.4215888667048224 12.300000000000002
  endloop
endfacet
facet normal 3.419605277174747e-16 -5.0725052578105794e-17 1.0
  outer loop
    vertex -9.484656033962052 1.4069158192592863 12.300000000000002
    vertex -9.51445634286749 1.8875401388003568 12.300000000000002
    vertex -9.58357368495853 1.4215888667048224 12.300000000000002
  endloop
endfacet
facet normal 3.419605277174747e-16 -5.0725052578105794e-17 1.0
  outer loop
    vertex -9.51445634286749 1.8875401388003568 12.300000000000002
    vertex -9.484656033962052 1.4069158192592863 12.300000000000002
    vertex -9.415538691871014 1.8728670913548204 12.300000000000002
  endloop
endfacet
facet normal 0.146730474455361 0.9891765099647812 3.416700372573842e-17
  outer loop
    vertex -9.51445634286749 1.8875401388003568 12.300000000000002
    vertex -9.415538691871015 1.872867091354821 5.0
    vertex -9.514456342867494 1.8875401388003574 5.0
  endloop
endfacet
facet normal 0.146730474455361 0.9891765099647812 3.416700372573842e-17
  outer loop
    vertex -9.415538691871015 1.872867091354821 5.0
    vertex -9.51445634286749 1.8875401388003568 12.300000000000002
    vertex -9.415538691871014 1.8728670913548204 12.300000000000002
  endloop
endfacet
facet normal -1.2235788113242129e-16 1.5311658426344195e-15 -1.0
  outer loop
    vertex -9.514456342867494 1.8875401388003574 5.0
    vertex -9.484656033962056 1.4069158192592868 4.999999999999999
    vertex -9.583573684958534 1.4215888667048227 4.999999999999999
  endloop
endfacet
facet normal -1.2235788113242129e-16 1.5311658426344195e-15 -1.0
  outer loop
    vertex -9.484656033962056 1.4069158192592868 4.999999999999999
    vertex -9.514456342867494 1.8875401388003574 5.0
    vertex -9.415538691871015 1.872867091354821 5.0
  endloop
endfacet
facet normal 0.9987954562051726 -0.04906767432741633 -1.697688722725943e-16
  outer loop
    vertex -9.55377337605309 0.9409645471637741 5.0
    vertex -9.576886688026544 0.4704822735818701 12.300000000000002
    vertex -9.576886688026546 0.4704822735818701 4.999999999999999
  endloop
endfacet
facet normal 0.9987954562051726 -0.04906767432741633 -1.697688722725943e-16
  outer loop
    vertex -9.576886688026544 0.4704822735818701 12.300000000000002
    vertex -9.55377337605309 0.9409645471637741 5.0
    vertex -9.55377337605309 0.9409645471637741 12.300000000000002
  endloop
endfacet
facet normal 0.04906767432741633 0.9987954562051726 -8.335493793969278e-18
  outer loop
    vertex -9.653652921673608 0.9458713145965156 12.300000000000002
    vertex -9.55377337605309 0.9409645471637741 5.0
    vertex -9.65365292167361 0.9458713145965156 5.0
  endloop
endfacet
facet normal 0.04906767432741633 0.9987954562051726 -8.335493793969278e-18
  outer loop
    vertex -9.55377337605309 0.9409645471637741 5.0
    vertex -9.653652921673608 0.9458713145965156 12.300000000000002
    vertex -9.55377337605309 0.9409645471637741 12.300000000000002
  endloop
endfacet
facet normal -0.9987954562051726 0.04906767432741633 1.697688722725943e-16
  outer loop
    vertex -9.653652921673608 0.9458713145965156 12.300000000000002
    vertex -9.676766233647063 0.4753890410146117 4.999999999999999
    vertex -9.676766233647063 0.4753890410146117 12.300000000000002
  endloop
endfacet
facet normal -0.9987954562051726 0.04906767432741633 1.697688722725943e-16
  outer loop
    vertex -9.676766233647063 0.4753890410146117 4.999999999999999
    vertex -9.653652921673608 0.9458713145965156 12.300000000000002
    vertex -9.65365292167361 0.9458713145965156 5.0
  endloop
endfacet
facet normal -9.612775108126319e-17 1.503167050169228e-15 -1.0
  outer loop
    vertex -9.65365292167361 0.9458713145965156 5.0
    vertex -9.576886688026546 0.4704822735818701 4.999999999999999
    vertex -9.676766233647063 0.4753890410146117 4.999999999999999
  endloop
endfacet
facet normal -9.612775108126319e-17 1.503167050169228e-15 -1.0
  outer loop
    vertex -9.576886688026546 0.4704822735818701 4.999999999999999
    vertex -9.65365292167361 0.9458713145965156 5.0
    vertex -9.55377337605309 0.9409645471637741 5.0
  endloop
endfacet
facet normal -0.04906767432741633 -0.9987954562051726 8.335493793969278e-18
  outer loop
    vertex -9.576886688026544 0.4704822735818701 12.300000000000002
    vertex -9.676766233647063 0.4753890410146117 4.999999999999999
    vertex -9.576886688026546 0.4704822735818701 4.999999999999999
  endloop
endfacet
facet normal -0.04906767432741633 -0.9987954562051726 8.335493793969278e-18
  outer loop
    vertex -9.676766233647063 0.4753890410146117 4.999999999999999
    vertex -9.576886688026544 0.4704822735818701 12.300000000000002
    vertex -9.676766233647063 0.4753890410146117 12.300000000000002
  endloop
endfacet
facet normal 1.695643782309435e-16 -8.330163735604394e-18 1.0
  outer loop
    vertex -9.576886688026544 0.4704822735818701 12.300000000000002
    vertex -9.653652921673608 0.9458713145965156 12.300000000000002
    vertex -9.676766233647063 0.4753890410146117 12.300000000000002
  endloop
endfacet
facet normal 1.695643782309435e-16 -8.330163735604394e-18 1.0
  outer loop
    vertex -9.653652921673608 0.9458713145965156 12.300000000000002
    vertex -9.576886688026544 0.4704822735818701 12.300000000000002
    vertex -9.55377337605309 0.9409645471637741 12.300000000000002
  endloop
endfacet
facet normal 0.9039892931234433 -0.4275550934302823 9.130542303644165e-17
  outer loop
    vertex 8.758242754238612 -4.142340321460278 12.299999999999997
    vertex 8.556843067056544 -4.568164182872627 5.0
    vertex 8.758242754238612 -4.142340321460275 5.0
  endloop
endfacet
facet normal 0.9039892931234433 -0.4275550934302823 9.130542303644165e-17
  outer loop
    vertex 8.556843067056544 -4.568164182872627 5.0
    vertex 8.758242754238612 -4.142340321460278 12.299999999999997
    vertex 8.556843067056537 -4.568164182872627 12.299999999999997
  endloop
endfacet
facet normal -0.427555093430282 -0.9039892931234434 -5.113424253108268e-17
  outer loop
    vertex 8.466444137744197 -4.525408673529601 5.0
    vertex 8.556843067056537 -4.568164182872627 12.299999999999997
    vertex 8.466444137744194 -4.5254086735296 12.299999999999997
  endloop
endfacet
facet normal -0.427555093430282 -0.9039892931234434 -5.113424253108268e-17
  outer loop
    vertex 8.556843067056537 -4.568164182872627 12.299999999999997
    vertex 8.466444137744197 -4.525408673529601 5.0
    vertex 8.556843067056544 -4.568164182872627 5.0
  endloop
endfacet
facet normal 9.030428545489992e-17 -2.2620045955845973e-17 -1.0
  outer loop
    vertex 8.758242754238612 -4.142340321460275 5.0
    vertex 8.466444137744197 -4.525408673529601 5.0
    vertex 8.667843824926265 -4.0995848121172465 5.0
  endloop
endfacet
facet normal 9.030428545489992e-17 -2.2620045955845973e-17 -1.0
  outer loop
    vertex 8.466444137744197 -4.525408673529601 5.0
    vertex 8.758242754238612 -4.142340321460275 5.0
    vertex 8.556843067056544 -4.568164182872627 5.0
  endloop
endfacet
facet normal 0.427555093430282 0.9039892931234434 1.8161777850779502e-17
  outer loop
    vertex 8.758242754238612 -4.142340321460278 12.299999999999997
    vertex 8.667843824926265 -4.0995848121172465 5.0
    vertex 8.667843824926265 -4.0995848121172465 12.299999999999997
  endloop
endfacet
facet normal 0.427555093430282 0.9039892931234434 1.8161777850779502e-17
  outer loop
    vertex 8.667843824926265 -4.0995848121172465 5.0
    vertex 8.758242754238612 -4.142340321460278 12.299999999999997
    vertex 8.758242754238612 -4.142340321460275 5.0
  endloop
endfacet
facet normal -0.9039892931234433 0.4275550934302823 -9.130542303644165e-17
  outer loop
    vertex 8.466444137744194 -4.5254086735296 12.299999999999997
    vertex 8.667843824926265 -4.0995848121172465 5.0
    vertex 8.466444137744197 -4.525408673529601 5.0
  endloop
endfacet
facet normal -0.9039892931234433 0.4275550934302823 -9.130542303644165e-17
  outer loop
    vertex 8.667843824926265 -4.0995848121172465 5.0
    vertex 8.466444137744194 -4.5254086735296 12.299999999999997
    vertex 8.667843824926265 -4.0995848121172465 12.299999999999997
  endloop
endfacet
facet normal -9.030428545489981e-17 2.2620045955846226e-17 1.0
  outer loop
    vertex 8.466444137744194 -4.5254086735296 12.299999999999997
    vertex 8.758242754238612 -4.142340321460278 12.299999999999997
    vertex 8.667843824926265 -4.0995848121172465 12.299999999999997
  endloop
endfacet
facet normal -9.030428545489981e-17 2.2620045955846226e-17 1.0
  outer loop
    vertex 8.758242754238612 -4.142340321460278 12.299999999999997
    vertex 8.466444137744194 -4.5254086735296 12.299999999999997
    vertex 8.556843067056537 -4.568164182872627 12.299999999999997
  endloop
endfacet
facet normal 0.9039892931234437 -0.42755509343028164 -1.888837246901371e-16
  outer loop
    vertex -8.667843824926287 4.0995848121172065 4.999999999999999
    vertex -8.466444137744215 4.5254086735295616 12.299999999999997
    vertex -8.667843824926287 4.099584812117206 12.299999999999997
  endloop
endfacet
facet normal 0.9039892931234437 -0.42755509343028164 -1.888837246901371e-16
  outer loop
    vertex -8.466444137744215 4.5254086735295616 12.299999999999997
    vertex -8.667843824926287 4.0995848121172065 4.999999999999999
    vertex -8.466444137744217 4.5254086735295616 5.0
  endloop
endfacet
facet normal -0.4275550934302816 -0.9039892931234436 -4.1517301613921605e-18
  outer loop
    vertex -8.667843824926287 4.099584812117206 12.299999999999997
    vertex -8.758242754238633 4.142340321460234 4.999999999999999
    vertex -8.667843824926287 4.0995848121172065 4.999999999999999
  endloop
endfacet
facet normal -0.4275550934302816 -0.9039892931234436 -4.1517301613921605e-18
  outer loop
    vertex -8.758242754238633 4.142340321460234 4.999999999999999
    vertex -8.667843824926287 4.099584812117206 12.299999999999997
    vertex -8.758242754238632 4.1423403214602335 12.299999999999997
  endloop
endfacet
facet normal -0.9039892931234437 0.42755509343028164 1.888837246901371e-16
  outer loop
    vertex -8.55684306705656 4.568164182872589 12.299999999999997
    vertex -8.758242754238633 4.142340321460234 4.999999999999999
    vertex -8.758242754238632 4.1423403214602335 12.299999999999997
  endloop
endfacet
facet normal -0.9039892931234437 0.42755509343028164 1.888837246901371e-16
  outer loop
    vertex -8.758242754238633 4.142340321460234 4.999999999999999
    vertex -8.55684306705656 4.568164182872589 12.299999999999997
    vertex -8.556843067056562 4.56816418287259 5.0
  endloop
endfacet
facet normal 1.7074886476516015e-16 -8.075819855735117e-17 1.0
  outer loop
    vertex -8.667843824926287 4.099584812117206 12.299999999999997
    vertex -8.55684306705656 4.568164182872589 12.299999999999997
    vertex -8.758242754238632 4.1423403214602335 12.299999999999997
  endloop
endfacet
facet normal 1.7074886476516015e-16 -8.075819855735117e-17 1.0
  outer loop
    vertex -8.55684306705656 4.568164182872589 12.299999999999997
    vertex -8.667843824926287 4.099584812117206 12.299999999999997
    vertex -8.466444137744215 4.5254086735295616 12.299999999999997
  endloop
endfacet
facet normal 0.4275550934302816 0.9039892931234436 4.1517301613921605e-18
  outer loop
    vertex -8.55684306705656 4.568164182872589 12.299999999999997
    vertex -8.466444137744217 4.5254086735295616 5.0
    vertex -8.556843067056562 4.56816418287259 5.0
  endloop
endfacet
facet normal 0.4275550934302816 0.9039892931234436 4.1517301613921605e-18
  outer loop
    vertex -8.466444137744217 4.5254086735295616 5.0
    vertex -8.55684306705656 4.568164182872589 12.299999999999997
    vertex -8.466444137744215 4.5254086735295616 12.299999999999997
  endloop
endfacet
facet normal 4.691470425214774e-16 1.433704421837363e-15 -1.0
  outer loop
    vertex -8.556843067056562 4.56816418287259 5.0
    vertex -8.667843824926287 4.0995848121172065 4.999999999999999
    vertex -8.758242754238633 4.142340321460234 4.999999999999999
  endloop
endfacet
facet normal 4.691470425214774e-16 1.433704421837363e-15 -1.0
  outer loop
    vertex -8.667843824926287 4.0995848121172065 4.999999999999999
    vertex -8.556843067056562 4.56816418287259 5.0
    vertex -8.466444137744217 4.5254086735295616 5.0
  endloop
endfacet
facet normal 0.7409511253549578 -0.67155895484702 9.130542303644167e-17
  outer loop
    vertex 7.178657838372052 -6.50635620916564 12.300000000000004
    vertex 6.862320211926346 -6.855380994875564 4.999999999999999
    vertex 7.178657838372052 -6.50635620916564 4.999999999999999
  endloop
endfacet
facet normal 0.7409511253549578 -0.67155895484702 9.130542303644167e-17
  outer loop
    vertex 6.862320211926346 -6.855380994875564 4.999999999999999
    vertex 7.178657838372052 -6.50635620916564 12.300000000000004
    vertex 6.8623202119263444 -6.8553809948755635 12.300000000000004
  endloop
endfacet
facet normal -0.67155895484702 -0.7409511253549577 -5.1134242531082665e-17
  outer loop
    vertex 6.788225099390852 -6.788225099390862 4.999999999999999
    vertex 6.8623202119263444 -6.8553809948755635 12.300000000000004
    vertex 6.788225099390849 -6.7882250993908615 12.300000000000004
  endloop
endfacet
facet normal -0.67155895484702 -0.7409511253549577 -5.1134242531082665e-17
  outer loop
    vertex 6.8623202119263444 -6.8553809948755635 12.300000000000004
    vertex 6.788225099390852 -6.788225099390862 4.999999999999999
    vertex 6.862320211926346 -6.855380994875564 4.999999999999999
  endloop
endfacet
facet normal 7.984956050149523e-17 -4.7859984729235856e-17 -1.0
  outer loop
    vertex 7.178657838372052 -6.50635620916564 4.999999999999999
    vertex 6.788225099390852 -6.788225099390862 4.999999999999999
    vertex 7.104562725836555 -6.439200313680938 4.999999999999999
  endloop
endfacet
facet normal 7.984956050149523e-17 -4.7859984729235856e-17 -1.0
  outer loop
    vertex 6.788225099390852 -6.788225099390862 4.999999999999999
    vertex 7.178657838372052 -6.50635620916564 4.999999999999999
    vertex 6.862320211926346 -6.855380994875564 4.999999999999999
  endloop
endfacet
facet normal 0.67155895484702 0.7409511253549577 1.8161777850779493e-17
  outer loop
    vertex 7.178657838372052 -6.50635620916564 12.300000000000004
    vertex 7.104562725836555 -6.439200313680938 4.999999999999999
    vertex 7.104562725836555 -6.4392003136809395 12.300000000000004
  endloop
endfacet
facet normal 0.67155895484702 0.7409511253549577 1.8161777850779493e-17
  outer loop
    vertex 7.104562725836555 -6.439200313680938 4.999999999999999
    vertex 7.178657838372052 -6.50635620916564 12.300000000000004
    vertex 7.178657838372052 -6.50635620916564 4.999999999999999
  endloop
endfacet
facet normal -0.7409511253549578 0.67155895484702 -9.130542303644167e-17
  outer loop
    vertex 6.788225099390849 -6.7882250993908615 12.300000000000004
    vertex 7.104562725836555 -6.439200313680938 4.999999999999999
    vertex 6.788225099390852 -6.788225099390862 4.999999999999999
  endloop
endfacet
facet normal -0.7409511253549578 0.67155895484702 -9.130542303644167e-17
  outer loop
    vertex 7.104562725836555 -6.439200313680938 4.999999999999999
    vertex 6.788225099390849 -6.7882250993908615 12.300000000000004
    vertex 7.104562725836555 -6.4392003136809395 12.300000000000004
  endloop
endfacet
facet normal -7.984956050149504e-17 4.785998472923608e-17 1.0
  outer loop
    vertex 6.788225099390849 -6.7882250993908615 12.300000000000004
    vertex 7.178657838372052 -6.50635620916564 12.300000000000004
    vertex 7.104562725836555 -6.4392003136809395 12.300000000000004
  endloop
endfacet
facet normal -7.984956050149504e-17 4.785998472923608e-17 1.0
  outer loop
    vertex 7.178657838372052 -6.50635620916564 12.300000000000004
    vertex 6.788225099390849 -6.7882250993908615 12.300000000000004
    vertex 6.8623202119263444 -6.8553809948755635 12.300000000000004
  endloop
endfacet
facet normal 0.9415440651830191 0.33688985339222466 9.264592799644469e-17
  outer loop
    vertex 9.122089774087083 3.2639359115130735 12.300000000000002
    vertex 9.28078162954751 2.82042188698207 4.999999999999999
    vertex 9.122089774087083 3.263935911513074 4.999999999999999
  endloop
endfacet
facet normal 0.9415440651830191 0.33688985339222466 9.264592799644469e-17
  outer loop
    vertex 9.28078162954751 2.82042188698207 4.999999999999999
    vertex 9.122089774087083 3.2639359115130735 12.300000000000002
    vertex 9.280781629547503 2.820421886982066 12.300000000000002
  endloop
endfacet
facet normal 0.3368898533922247 -0.9415440651830191 -4.209729214399924e-17
  outer loop
    vertex 9.186627223029207 2.7867329016428446 4.999999999999999
    vertex 9.280781629547503 2.820421886982066 12.300000000000002
    vertex 9.186627223029204 2.7867329016428433 12.300000000000002
  endloop
endfacet
facet normal 0.3368898533922247 -0.9415440651830191 -4.209729214399924e-17
  outer loop
    vertex 9.280781629547503 2.820421886982066 12.300000000000002
    vertex 9.186627223029207 2.7867329016428446 4.999999999999999
    vertex 9.28078162954751 2.82042188698207 4.999999999999999
  endloop
endfacet
facet normal 8.415616188195185e-17 3.9802900244371e-17 -1.0
  outer loop
    vertex 9.122089774087083 3.263935911513074 4.999999999999999
    vertex 9.186627223029207 2.7867329016428446 4.999999999999999
    vertex 9.027935367568778 3.2302469261738493 4.999999999999999
  endloop
endfacet
facet normal 8.415616188195185e-17 3.9802900244371e-17 -1.0
  outer loop
    vertex 9.186627223029207 2.7867329016428446 4.999999999999999
    vertex 9.122089774087083 3.263935911513074 4.999999999999999
    vertex 9.28078162954751 2.82042188698207 4.999999999999999
  endloop
endfacet
facet normal -0.3368898533922247 0.9415440651830191 9.124827463696076e-18
  outer loop
    vertex 9.122089774087083 3.2639359115130735 12.300000000000002
    vertex 9.027935367568778 3.2302469261738493 4.999999999999999
    vertex 9.027935367568778 3.2302469261738493 12.300000000000002
  endloop
endfacet
facet normal -0.3368898533922247 0.9415440651830191 9.124827463696076e-18
  outer loop
    vertex 9.027935367568778 3.2302469261738493 4.999999999999999
    vertex 9.122089774087083 3.2639359115130735 12.300000000000002
    vertex 9.122089774087083 3.263935911513074 4.999999999999999
  endloop
endfacet
facet normal -0.9415440651830191 -0.33688985339222466 -9.264592799644469e-17
  outer loop
    vertex 9.186627223029204 2.7867329016428433 12.300000000000002
    vertex 9.027935367568778 3.2302469261738493 4.999999999999999
    vertex 9.186627223029207 2.7867329016428446 4.999999999999999
  endloop
endfacet
facet normal -0.9415440651830191 -0.33688985339222466 -9.264592799644469e-17
  outer loop
    vertex 9.027935367568778 3.2302469261738493 4.999999999999999
    vertex 9.186627223029204 2.7867329016428433 12.300000000000002
    vertex 9.027935367568778 3.2302469261738493 12.300000000000002
  endloop
endfacet
facet normal -8.415616188195193e-17 -3.980290024437074e-17 1.0
  outer loop
    vertex 9.186627223029204 2.7867329016428433 12.300000000000002
    vertex 9.122089774087083 3.2639359115130735 12.300000000000002
    vertex 9.027935367568778 3.2302469261738493 12.300000000000002
  endloop
endfacet
facet normal -8.415616188195193e-17 -3.980290024437074e-17 1.0
  outer loop
    vertex 9.122089774087083 3.2639359115130735 12.300000000000002
    vertex 9.186627223029204 2.7867329016428433 12.300000000000002
    vertex 9.280781629547503 2.820421886982066 12.300000000000002
  endloop
endfacet
facet normal 0.9039892931234439 0.4275550934302809 9.309420202442595e-17
  outer loop
    vertex 8.758242754238626 4.142340321460252 12.3
    vertex 8.959642441420694 3.7165164600478997 4.999999999999999
    vertex 8.758242754238626 4.142340321460253 4.999999999999999
  endloop
endfacet
facet normal 0.9039892931234439 0.4275550934302809 9.309420202442595e-17
  outer loop
    vertex 8.959642441420694 3.7165164600478997 4.999999999999999
    vertex 8.758242754238626 4.142340321460252 12.3
    vertex 8.959642441420689 3.7165164600478957 12.3
  endloop
endfacet
facet normal 0.42755509343028136 -0.9039892931234438 -3.297246468030317e-17
  outer loop
    vertex 8.869243512108348 3.67376095070487 4.999999999999999
    vertex 8.959642441420689 3.7165164600478957 12.3
    vertex 8.869243512108348 3.673760950704869 12.3
  endloop
endfacet
facet normal 0.42755509343028136 -0.9039892931234438 -3.297246468030317e-17
  outer loop
    vertex 8.959642441420689 3.7165164600478957 12.3
    vertex 8.869243512108348 3.67376095070487 4.999999999999999
    vertex 8.959642441420694 3.7165164600478997 4.999999999999999
  endloop
endfacet
facet normal 8.415616188195183e-17 3.980290024437097e-17 -1.0
  outer loop
    vertex 8.758242754238626 4.142340321460253 4.999999999999999
    vertex 8.869243512108348 3.67376095070487 4.999999999999999
    vertex 8.667843824926278 4.099584812117222 4.999999999999999
  endloop
endfacet
facet normal 8.415616188195183e-17 3.980290024437097e-17 -1.0
  outer loop
    vertex 8.869243512108348 3.67376095070487 4.999999999999999
    vertex 8.758242754238626 4.142340321460253 4.999999999999999
    vertex 8.959642441420694 3.7165164600478997 4.999999999999999
  endloop
endfacet
facet normal -0.42755509343028136 0.9039892931234438 -7.876101732564891e-33
  outer loop
    vertex 8.758242754238626 4.142340321460252 12.3
    vertex 8.667843824926278 4.099584812117222 4.999999999999999
    vertex 8.667843824926278 4.099584812117222 12.3
  endloop
endfacet
facet normal -0.42755509343028136 0.9039892931234438 -7.876101732564891e-33
  outer loop
    vertex 8.667843824926278 4.099584812117222 4.999999999999999
    vertex 8.758242754238626 4.142340321460252 12.3
    vertex 8.758242754238626 4.142340321460253 4.999999999999999
  endloop
endfacet
facet normal -0.9039892931234439 -0.4275550934302809 -9.309420202442595e-17
  outer loop
    vertex 8.869243512108348 3.673760950704869 12.3
    vertex 8.667843824926278 4.099584812117222 4.999999999999999
    vertex 8.869243512108348 3.67376095070487 4.999999999999999
  endloop
endfacet
facet normal -0.9039892931234439 -0.4275550934302809 -9.309420202442595e-17
  outer loop
    vertex 8.667843824926278 4.099584812117222 4.999999999999999
    vertex 8.869243512108348 3.673760950704869 12.3
    vertex 8.667843824926278 4.099584812117222 12.3
  endloop
endfacet
facet normal -8.415616188195196e-17 -3.980290024437073e-17 1.0
  outer loop
    vertex 8.869243512108348 3.673760950704869 12.3
    vertex 8.758242754238626 4.142340321460252 12.3
    vertex 8.667843824926278 4.099584812117222 12.3
  endloop
endfacet
facet normal -8.415616188195196e-17 -3.980290024437073e-17 1.0
  outer loop
    vertex 8.758242754238626 4.142340321460252 12.3
    vertex 8.869243512108348 3.673760950704869 12.3
    vertex 8.959642441420689 3.7165164600478957 12.3
  endloop
endfacet
facet normal 0.7409511253549625 0.6715589548470147 9.309420202442594e-17
  outer loop
    vertex 7.17865783837206 6.506356209165631 12.299999999999997
    vertex 7.494995464817762 6.157331423455704 5.000000000000001
    vertex 7.178657838372059 6.506356209165631 5.000000000000001
  endloop
endfacet
facet normal 0.7409511253549625 0.6715589548470147 9.309420202442594e-17
  outer loop
    vertex 7.494995464817762 6.157331423455704 5.000000000000001
    vertex 7.17865783837206 6.506356209165631 12.299999999999997
    vertex 7.49499546481776 6.1573314234557 12.299999999999997
  endloop
endfacet
facet normal 0.6715589548470146 -0.7409511253549628 -3.297246468030316e-17
  outer loop
    vertex 7.420900352282266 6.0901755279710015 5.000000000000001
    vertex 7.49499546481776 6.1573314234557 12.299999999999997
    vertex 7.420900352282264 6.090175527971001 12.299999999999997
  endloop
endfacet
facet normal 0.6715589548470146 -0.7409511253549628 -3.297246468030316e-17
  outer loop
    vertex 7.49499546481776 6.1573314234557 12.299999999999997
    vertex 7.420900352282266 6.0901755279710015 5.000000000000001
    vertex 7.494995464817762 6.157331423455704 5.000000000000001
  endloop
endfacet
facet normal 6.897825375402056e-17 6.251824501384043e-17 -1.0
  outer loop
    vertex 7.178657838372059 6.506356209165631 5.000000000000001
    vertex 7.420900352282266 6.0901755279710015 5.000000000000001
    vertex 7.104562725836562 6.439200313680929 5.000000000000001
  endloop
endfacet
facet normal 6.897825375402056e-17 6.251824501384043e-17 -1.0
  outer loop
    vertex 7.420900352282266 6.0901755279710015 5.000000000000001
    vertex 7.178657838372059 6.506356209165631 5.000000000000001
    vertex 7.494995464817762 6.157331423455704 5.000000000000001
  endloop
endfacet
facet normal -0.6715589548470146 0.7409511253549628 -6.901697005121394e-33
  outer loop
    vertex 7.17865783837206 6.506356209165631 12.299999999999997
    vertex 7.104562725836562 6.439200313680929 5.000000000000001
    vertex 7.104562725836562 6.439200313680929 12.299999999999997
  endloop
endfacet
facet normal -0.6715589548470146 0.7409511253549628 -6.901697005121394e-33
  outer loop
    vertex 7.104562725836562 6.439200313680929 5.000000000000001
    vertex 7.17865783837206 6.506356209165631 12.299999999999997
    vertex 7.178657838372059 6.506356209165631 5.000000000000001
  endloop
endfacet
facet normal -0.7409511253549625 -0.6715589548470147 -9.309420202442594e-17
  outer loop
    vertex 7.420900352282264 6.090175527971001 12.299999999999997
    vertex 7.104562725836562 6.439200313680929 5.000000000000001
    vertex 7.420900352282266 6.0901755279710015 5.000000000000001
  endloop
endfacet
facet normal -0.7409511253549625 -0.6715589548470147 -9.309420202442594e-17
  outer loop
    vertex 7.104562725836562 6.439200313680929 5.000000000000001
    vertex 7.420900352282264 6.090175527971001 12.299999999999997
    vertex 7.104562725836562 6.439200313680929 12.299999999999997
  endloop
endfacet
facet normal -6.897825375402076e-17 -6.251824501384023e-17 1.0
  outer loop
    vertex 7.420900352282264 6.090175527971001 12.299999999999997
    vertex 7.17865783837206 6.506356209165631 12.299999999999997
    vertex 7.104562725836562 6.439200313680929 12.299999999999997
  endloop
endfacet
facet normal -6.897825375402076e-17 -6.251824501384023e-17 1.0
  outer loop
    vertex 7.17865783837206 6.506356209165631 12.299999999999997
    vertex 7.420900352282264 6.090175527971001 12.299999999999997
    vertex 7.49499546481776 6.1573314234557 12.299999999999997
  endloop
endfacet
facet normal 0.8577286100002744 -0.5141027441932178 -3.7840578873805215e-16
  outer loop
    vertex -8.224276207924332 4.929441455258867 4.999999999999999
    vertex -7.9821082781044455 5.333474236988164 12.299999999999995
    vertex -8.224276207924328 4.929441455258865 12.299999999999995
  endloop
endfacet
facet normal 0.8577286100002744 -0.5141027441932178 -3.7840578873805215e-16
  outer loop
    vertex -7.9821082781044455 5.333474236988164 12.299999999999995
    vertex -8.224276207924332 4.929441455258867 4.999999999999999
    vertex -7.982108278104448 5.333474236988165 5.0
  endloop
endfacet
facet normal -0.5141027441932178 -0.8577286100002744 2.896018572881738e-17
  outer loop
    vertex -8.224276207924328 4.929441455258865 12.299999999999995
    vertex -8.310049068924359 4.9808517296781885 4.999999999999999
    vertex -8.224276207924332 4.929441455258867 4.999999999999999
  endloop
endfacet
facet normal -0.5141027441932178 -0.8577286100002744 2.896018572881738e-17
  outer loop
    vertex -8.310049068924359 4.9808517296781885 4.999999999999999
    vertex -8.224276207924328 4.929441455258865 12.299999999999995
    vertex -8.310049068924355 4.980851729678187 12.299999999999995
  endloop
endfacet
facet normal -0.8577286100002744 0.5141027441932178 3.7840578873805215e-16
  outer loop
    vertex -8.067881139104472 5.384884511407486 12.299999999999995
    vertex -8.310049068924359 4.9808517296781885 4.999999999999999
    vertex -8.310049068924355 4.980851729678187 12.299999999999995
  endloop
endfacet
facet normal -0.8577286100002744 0.5141027441932178 3.7840578873805215e-16
  outer loop
    vertex -8.310049068924359 4.9808517296781885 4.999999999999999
    vertex -8.067881139104472 5.384884511407486 12.299999999999995
    vertex -8.067881139104475 5.3848845114074875 5.0
  endloop
endfacet
facet normal 0.5141027441932178 0.8577286100002744 -2.896018572881738e-17
  outer loop
    vertex -8.067881139104472 5.384884511407486 12.299999999999995
    vertex -7.982108278104448 5.333474236988165 5.0
    vertex -8.067881139104475 5.3848845114074875 5.0
  endloop
endfacet
facet normal 0.5141027441932178 0.8577286100002744 -2.896018572881738e-17
  outer loop
    vertex -7.982108278104448 5.333474236988165 5.0
    vertex -8.067881139104472 5.384884511407486 12.299999999999995
    vertex -7.9821082781044455 5.333474236988164 12.299999999999995
  endloop
endfacet
facet normal 4.448570822269479e-16 1.4782501048851157e-15 -1.0
  outer loop
    vertex -8.067881139104475 5.3848845114074875 5.0
    vertex -8.224276207924332 4.929441455258867 4.999999999999999
    vertex -8.310049068924359 4.9808517296781885 4.999999999999999
  endloop
endfacet
facet normal 4.448570822269479e-16 1.4782501048851157e-15 -1.0
  outer loop
    vertex -8.224276207924332 4.929441455258867 4.999999999999999
    vertex -8.067881139104475 5.3848845114074875 5.0
    vertex -7.982108278104448 5.333474236988165 5.0
  endloop
endfacet
facet normal 3.24569471190347e-16 -1.9453945440883166e-16 1.0
  outer loop
    vertex -8.224276207924328 4.929441455258865 12.299999999999995
    vertex -8.067881139104472 5.384884511407486 12.299999999999995
    vertex -8.310049068924355 4.980851729678187 12.299999999999995
  endloop
endfacet
facet normal 3.24569471190347e-16 -1.9453945440883166e-16 1.0
  outer loop
    vertex -8.067881139104472 5.384884511407486 12.299999999999995
    vertex -8.224276207924328 4.929441455258865 12.299999999999995
    vertex -7.9821082781044455 5.333474236988164 12.299999999999995
  endloop
endfacet
facet normal 0.9891765099647808 0.1467304744553632 9.130542303644168e-17
  outer loop
    vertex 9.583573684958532 1.4215888667048426 12.299999999999997
    vertex 9.65269102704957 0.9556375946093251 4.999999999999999
    vertex 9.58357368495853 1.4215888667048446 4.999999999999999
  endloop
endfacet
facet normal 0.9891765099647808 0.1467304744553632 9.130542303644168e-17
  outer loop
    vertex 9.65269102704957 0.9556375946093251 4.999999999999999
    vertex 9.583573684958532 1.4215888667048426 12.299999999999997
    vertex 9.652691027049565 0.9556375946093226 12.299999999999997
  endloop
endfacet
facet normal 0.14673047445536314 -0.9891765099647809 -5.1134242531082696e-17
  outer loop
    vertex 9.55377337605309 0.9409645471637874 4.999999999999999
    vertex 9.652691027049565 0.9556375946093226 12.299999999999997
    vertex 9.553773376053087 0.9409645471637867 12.299999999999997
  endloop
endfacet
facet normal 0.14673047445536314 -0.9891765099647809 -5.1134242531082696e-17
  outer loop
    vertex 9.652691027049565 0.9556375946093226 12.299999999999997
    vertex 9.55377337605309 0.9409645471637874 4.999999999999999
    vertex 9.65269102704957 0.9556375946093251 4.999999999999999
  endloop
endfacet
facet normal 8.765229341904742e-17 3.1362492071674586e-17 -1.0
  outer loop
    vertex 9.58357368495853 1.4215888667048446 4.999999999999999
    vertex 9.55377337605309 0.9409645471637874 4.999999999999999
    vertex 9.484656033962048 1.406915819259307 4.999999999999999
  endloop
endfacet
facet normal 8.765229341904742e-17 3.1362492071674586e-17 -1.0
  outer loop
    vertex 9.55377337605309 0.9409645471637874 4.999999999999999
    vertex 9.58357368495853 1.4215888667048446 4.999999999999999
    vertex 9.65269102704957 0.9556375946093251 4.999999999999999
  endloop
endfacet
facet normal -0.14673047445536314 0.9891765099647809 1.8161777850779515e-17
  outer loop
    vertex 9.583573684958532 1.4215888667048426 12.299999999999997
    vertex 9.484656033962048 1.406915819259307 4.999999999999999
    vertex 9.484656033962048 1.4069158192593054 12.299999999999997
  endloop
endfacet
facet normal -0.14673047445536314 0.9891765099647809 1.8161777850779515e-17
  outer loop
    vertex 9.484656033962048 1.406915819259307 4.999999999999999
    vertex 9.583573684958532 1.4215888667048426 12.299999999999997
    vertex 9.58357368495853 1.4215888667048446 4.999999999999999
  endloop
endfacet
facet normal -0.9891765099647808 -0.1467304744553632 -9.130542303644168e-17
  outer loop
    vertex 9.553773376053087 0.9409645471637867 12.299999999999997
    vertex 9.484656033962048 1.406915819259307 4.999999999999999
    vertex 9.55377337605309 0.9409645471637874 4.999999999999999
  endloop
endfacet
facet normal -0.9891765099647808 -0.1467304744553632 -9.130542303644168e-17
  outer loop
    vertex 9.484656033962048 1.406915819259307 4.999999999999999
    vertex 9.553773376053087 0.9409645471637867 12.299999999999997
    vertex 9.484656033962048 1.4069158192593054 12.299999999999997
  endloop
endfacet
facet normal -8.765229341904746e-17 -3.136249207167429e-17 1.0
  outer loop
    vertex 9.553773376053087 0.9409645471637867 12.299999999999997
    vertex 9.583573684958532 1.4215888667048426 12.299999999999997
    vertex 9.484656033962048 1.4069158192593054 12.299999999999997
  endloop
endfacet
facet normal -8.765229341904746e-17 -3.136249207167429e-17 1.0
  outer loop
    vertex 9.583573684958532 1.4215888667048426 12.299999999999997
    vertex 9.553773376053087 0.9409645471637867 12.299999999999997
    vertex 9.652691027049565 0.9556375946093226 12.299999999999997
  endloop
endfacet
facet normal 0.8032075314806439 -0.5956993044924345 9.130542303644165e-17
  outer loop
    vertex 7.781825068341403 -5.7713948129288495 12.300000000000008
    vertex 7.5012211054303295 -6.149745458420251 4.999999999999999
    vertex 7.781825068341403 -5.7713948129288495 4.999999999999999
  endloop
endfacet
facet normal 0.8032075314806439 -0.5956993044924345 9.130542303644165e-17
  outer loop
    vertex 7.5012211054303295 -6.149745458420251 4.999999999999999
    vertex 7.781825068341403 -5.7713948129288495 12.300000000000008
    vertex 7.501221105430329 -6.14974545842025 12.300000000000008
  endloop
endfacet
facet normal -0.5956993044924345 -0.8032075314806439 -5.113424253108266e-17
  outer loop
    vertex 7.420900352282264 -6.090175527971009 4.999999999999999
    vertex 7.501221105430329 -6.14974545842025 12.300000000000008
    vertex 7.420900352282263 -6.090175527971008 12.300000000000008
  endloop
endfacet
facet normal -0.5956993044924345 -0.8032075314806439 -5.113424253108266e-17
  outer loop
    vertex 7.501221105430329 -6.14974545842025 12.300000000000008
    vertex 7.420900352282264 -6.090175527971009 4.999999999999999
    vertex 7.5012211054303295 -6.149745458420251 4.999999999999999
  endloop
endfacet
facet normal 8.415616188195177e-17 -3.980290024437123e-17 -1.0
  outer loop
    vertex 7.781825068341403 -5.7713948129288495 4.999999999999999
    vertex 7.420900352282264 -6.090175527971009 4.999999999999999
    vertex 7.701504315193338 -5.711824882479607 4.999999999999999
  endloop
endfacet
facet normal 8.415616188195177e-17 -3.980290024437123e-17 -1.0
  outer loop
    vertex 7.420900352282264 -6.090175527971009 4.999999999999999
    vertex 7.781825068341403 -5.7713948129288495 4.999999999999999
    vertex 7.5012211054303295 -6.149745458420251 4.999999999999999
  endloop
endfacet
facet normal 0.5956993044924345 0.8032075314806439 1.8161777850779496e-17
  outer loop
    vertex 7.781825068341403 -5.7713948129288495 12.300000000000008
    vertex 7.701504315193338 -5.711824882479607 4.999999999999999
    vertex 7.701504315193338 -5.711824882479607 12.300000000000008
  endloop
endfacet
facet normal 0.5956993044924345 0.8032075314806439 1.8161777850779496e-17
  outer loop
    vertex 7.701504315193338 -5.711824882479607 4.999999999999999
    vertex 7.781825068341403 -5.7713948129288495 12.300000000000008
    vertex 7.781825068341403 -5.7713948129288495 4.999999999999999
  endloop
endfacet
facet normal -0.8032075314806439 0.5956993044924345 -9.130542303644165e-17
  outer loop
    vertex 7.420900352282263 -6.090175527971008 12.300000000000008
    vertex 7.701504315193338 -5.711824882479607 4.999999999999999
    vertex 7.420900352282264 -6.090175527971009 4.999999999999999
  endloop
endfacet
facet normal -0.8032075314806439 0.5956993044924345 -9.130542303644165e-17
  outer loop
    vertex 7.701504315193338 -5.711824882479607 4.999999999999999
    vertex 7.420900352282263 -6.090175527971008 12.300000000000008
    vertex 7.701504315193338 -5.711824882479607 12.300000000000008
  endloop
endfacet
facet normal -8.415616188195157e-17 3.9802900244371466e-17 1.0
  outer loop
    vertex 7.420900352282263 -6.090175527971008 12.300000000000008
    vertex 7.781825068341403 -5.7713948129288495 12.300000000000008
    vertex 7.701504315193338 -5.711824882479607 12.300000000000008
  endloop
endfacet
facet normal -8.415616188195157e-17 3.9802900244371466e-17 1.0
  outer loop
    vertex 7.781825068341403 -5.7713948129288495 12.300000000000008
    vertex 7.420900352282263 -6.090175527971008 12.300000000000008
    vertex 7.501221105430329 -6.14974545842025 12.300000000000008
  endloop
endfacet
facet normal 0.8032075314806465 0.595699304492431 9.309420202442597e-17
  outer loop
    vertex 7.7818250683414245 5.771394812928835 12.3
    vertex 8.062429031252497 5.393044167437434 4.999999999999999
    vertex 7.781825068341423 5.771394812928835 4.999999999999999
  endloop
endfacet
facet normal 0.8032075314806465 0.595699304492431 9.309420202442597e-17
  outer loop
    vertex 8.062429031252497 5.393044167437434 4.999999999999999
    vertex 7.7818250683414245 5.771394812928835 12.3
    vertex 8.062429031252496 5.393044167437429 12.3
  endloop
endfacet
facet normal 0.595699304492431 -0.8032075314806465 -3.297246468030316e-17
  outer loop
    vertex 7.982108278104433 5.333474236988189 4.999999999999999
    vertex 8.062429031252496 5.393044167437429 12.3
    vertex 7.982108278104431 5.333474236988186 12.3
  endloop
endfacet
facet normal 0.595699304492431 -0.8032075314806465 -3.297246468030316e-17
  outer loop
    vertex 8.062429031252496 5.393044167437429 12.3
    vertex 7.982108278104433 5.333474236988189 4.999999999999999
    vertex 8.062429031252497 5.393044167437434 4.999999999999999
  endloop
endfacet
facet normal 7.47739642031997e-17 5.545615139822848e-17 -1.0
  outer loop
    vertex 7.781825068341423 5.771394812928835 4.999999999999999
    vertex 7.982108278104433 5.333474236988189 4.999999999999999
    vertex 7.701504315193357 5.711824882479591 4.999999999999999
  endloop
endfacet
facet normal 7.47739642031997e-17 5.545615139822848e-17 -1.0
  outer loop
    vertex 7.982108278104433 5.333474236988189 4.999999999999999
    vertex 7.781825068341423 5.771394812928835 4.999999999999999
    vertex 8.062429031252497 5.393044167437434 4.999999999999999
  endloop
endfacet
facet normal -0.595699304492431 0.8032075314806465 -6.901697005121396e-33
  outer loop
    vertex 7.7818250683414245 5.771394812928835 12.3
    vertex 7.701504315193357 5.711824882479591 4.999999999999999
    vertex 7.701504315193357 5.711824882479591 12.3
  endloop
endfacet
facet normal -0.595699304492431 0.8032075314806465 -6.901697005121396e-33
  outer loop
    vertex 7.701504315193357 5.711824882479591 4.999999999999999
    vertex 7.7818250683414245 5.771394812928835 12.3
    vertex 7.781825068341423 5.771394812928835 4.999999999999999
  endloop
endfacet
facet normal -0.8032075314806465 -0.595699304492431 -9.309420202442597e-17
  outer loop
    vertex 7.982108278104431 5.333474236988186 12.3
    vertex 7.701504315193357 5.711824882479591 4.999999999999999
    vertex 7.982108278104433 5.333474236988189 4.999999999999999
  endloop
endfacet
facet normal -0.8032075314806465 -0.595699304492431 -9.309420202442597e-17
  outer loop
    vertex 7.701504315193357 5.711824882479591 4.999999999999999
    vertex 7.982108278104431 5.333474236988186 12.3
    vertex 7.701504315193357 5.711824882479591 12.3
  endloop
endfacet
facet normal -7.477396420319987e-17 -5.545615139822827e-17 1.0
  outer loop
    vertex 7.982108278104431 5.333474236988186 12.3
    vertex 7.7818250683414245 5.771394812928835 12.3
    vertex 7.701504315193357 5.711824882479591 12.3
  endloop
endfacet
facet normal -7.477396420319987e-17 -5.545615139822827e-17 1.0
  outer loop
    vertex 7.7818250683414245 5.771394812928835 12.3
    vertex 7.982108278104431 5.333474236988186 12.3
    vertex 8.062429031252496 5.393044167437429 12.3
  endloop
endfacet
facet normal 1.4730944183534097e-15 3.254961414940887e-16 -1.0
  outer loop
    vertex -2.820421886982083 9.280781629547501 5.0
    vertex -3.23024692617386 9.027935367568778 4.999999999999999
    vertex -3.263935911513081 9.122089774087081 4.999999999999999
  endloop
endfacet
facet normal 1.4730944183534097e-15 3.254961414940887e-16 -1.0
  outer loop
    vertex -3.23024692617386 9.027935367568778 4.999999999999999
    vertex -2.820421886982083 9.280781629547501 5.0
    vertex -2.786732901642861 9.186627223029198 5.0
  endloop
endfacet
facet normal -0.9415440651830215 -0.33688985339221855 -4.151730161392273e-18
  outer loop
    vertex -3.230246926173859 9.02793536756878 12.299999999999997
    vertex -3.263935911513081 9.122089774087081 4.999999999999999
    vertex -3.23024692617386 9.027935367568778 4.999999999999999
  endloop
endfacet
facet normal -0.9415440651830215 -0.33688985339221855 -4.151730161392273e-18
  outer loop
    vertex -3.263935911513081 9.122089774087081 4.999999999999999
    vertex -3.230246926173859 9.02793536756878 12.299999999999997
    vertex -3.263935911513082 9.122089774087081 12.299999999999997
  endloop
endfacet
facet normal -6.394223399544579e-17 1.7870657227204742e-16 1.0
  outer loop
    vertex -3.230246926173859 9.02793536756878 12.299999999999997
    vertex -2.820421886982084 9.280781629547503 12.299999999999997
    vertex -3.263935911513082 9.122089774087081 12.299999999999997
  endloop
endfacet
facet normal -6.394223399544579e-17 1.7870657227204742e-16 1.0
  outer loop
    vertex -2.820421886982084 9.280781629547503 12.299999999999997
    vertex -3.230246926173859 9.02793536756878 12.299999999999997
    vertex -2.786732901642862 9.1866272230292 12.299999999999997
  endloop
endfacet
facet normal 0.9415440651830215 0.33688985339221855 4.151730161392273e-18
  outer loop
    vertex -2.820421886982083 9.280781629547501 5.0
    vertex -2.786732901642862 9.1866272230292 12.299999999999997
    vertex -2.786732901642861 9.186627223029198 5.0
  endloop
endfacet
facet normal 0.9415440651830215 0.33688985339221855 4.151730161392273e-18
  outer loop
    vertex -2.786732901642862 9.1866272230292 12.299999999999997
    vertex -2.820421886982083 9.280781629547501 5.0
    vertex -2.820421886982084 9.280781629547503 12.299999999999997
  endloop
endfacet
facet normal 0.3368898533922186 -0.9415440651830213 1.8980160236824354e-16
  outer loop
    vertex -2.786732901642861 9.186627223029198 5.0
    vertex -3.230246926173859 9.02793536756878 12.299999999999997
    vertex -3.23024692617386 9.027935367568778 4.999999999999999
  endloop
endfacet
facet normal 0.3368898533922186 -0.9415440651830213 1.8980160236824354e-16
  outer loop
    vertex -3.230246926173859 9.02793536756878 12.299999999999997
    vertex -2.786732901642861 9.186627223029198 5.0
    vertex -2.786732901642862 9.1866272230292 12.299999999999997
  endloop
endfacet
facet normal -0.3368898533922186 0.9415440651830213 -1.8980160236824354e-16
  outer loop
    vertex -3.263935911513082 9.122089774087081 12.299999999999997
    vertex -2.820421886982083 9.280781629547501 5.0
    vertex -3.263935911513081 9.122089774087081 4.999999999999999
  endloop
endfacet
facet normal -0.3368898533922186 0.9415440651830213 -1.8980160236824354e-16
  outer loop
    vertex -2.820421886982083 9.280781629547501 5.0
    vertex -3.263935911513082 9.122089774087081 12.299999999999997
    vertex -2.820421886982084 9.280781629547503 12.299999999999997
  endloop
endfacet
facet normal 1.423937560411687e-15 -5.514010591031571e-16 -1.0
  outer loop
    vertex 2.811030919633149 9.283630348348664 5.0
    vertex 2.3297999964988327 9.301082957450111 4.999999999999999
    vertex 2.3540980144891592 9.398086082769565 4.999999999999999
  endloop
endfacet
facet normal 1.423937560411687e-15 -5.514010591031571e-16 -1.0
  outer loop
    vertex 2.3297999964988327 9.301082957450111 4.999999999999999
    vertex 2.811030919633149 9.283630348348664 5.0
    vertex 2.786732901642822 9.186627223029209 5.0
  endloop
endfacet
facet normal -0.9700312531945436 0.24298017990326531 -2.2755540455494756e-17
  outer loop
    vertex 2.3297999964988336 9.301082957450111 12.299999999999999
    vertex 2.3540980144891592 9.398086082769565 4.999999999999999
    vertex 2.3297999964988327 9.301082957450111 4.999999999999999
  endloop
endfacet
facet normal -0.9700312531945436 0.24298017990326531 -2.2755540455494756e-17
  outer loop
    vertex 2.3540980144891592 9.398086082769565 4.999999999999999
    vertex 2.3297999964988336 9.301082957450111 12.299999999999999
    vertex 2.3540980144891592 9.398086082769566 12.299999999999999
  endloop
endfacet
facet normal 2.784967916788166e-17 1.8774728661634211e-16 1.0
  outer loop
    vertex 2.3297999964988336 9.301082957450111 12.299999999999999
    vertex 2.811030919633149 9.283630348348666 12.299999999999999
    vertex 2.3540980144891592 9.398086082769566 12.299999999999999
  endloop
endfacet
facet normal 2.784967916788166e-17 1.8774728661634211e-16 1.0
  outer loop
    vertex 2.811030919633149 9.283630348348666 12.299999999999999
    vertex 2.3297999964988336 9.301082957450111 12.299999999999999
    vertex 2.7867329016428224 9.18662722302921 12.299999999999999
  endloop
endfacet
facet normal 0.9700312531945436 -0.24298017990326531 2.2755540455494756e-17
  outer loop
    vertex 2.811030919633149 9.283630348348664 5.0
    vertex 2.7867329016428224 9.18662722302921 12.299999999999999
    vertex 2.786732901642822 9.186627223029209 5.0
  endloop
endfacet
facet normal 0.9700312531945436 -0.24298017990326531 2.2755540455494756e-17
  outer loop
    vertex 2.7867329016428224 9.18662722302921 12.299999999999999
    vertex 2.811030919633149 9.283630348348664 5.0
    vertex 2.811030919633149 9.283630348348666 12.299999999999999
  endloop
endfacet
facet normal -0.24298017990326537 -0.9700312531945436 1.8888765577478556e-16
  outer loop
    vertex 2.786732901642822 9.186627223029209 5.0
    vertex 2.3297999964988336 9.301082957450111 12.299999999999999
    vertex 2.3297999964988327 9.301082957450111 4.999999999999999
  endloop
endfacet
facet normal -0.24298017990326537 -0.9700312531945436 1.8888765577478556e-16
  outer loop
    vertex 2.3297999964988336 9.301082957450111 12.299999999999999
    vertex 2.786732901642822 9.186627223029209 5.0
    vertex 2.7867329016428224 9.18662722302921 12.299999999999999
  endloop
endfacet
facet normal 0.24298017990326537 0.9700312531945436 -1.8888765577478556e-16
  outer loop
    vertex 2.3540980144891592 9.398086082769566 12.299999999999999
    vertex 2.811030919633149 9.283630348348664 5.0
    vertex 2.3540980144891592 9.398086082769565 4.999999999999999
  endloop
endfacet
facet normal 0.24298017990326537 0.9700312531945436 -1.8888765577478556e-16
  outer loop
    vertex 2.811030919633149 9.283630348348664 5.0
    vertex 2.3540980144891592 9.398086082769566 12.299999999999999
    vertex 2.811030919633149 9.283630348348666 12.299999999999999
  endloop
endfacet
facet normal 0.6715589548470194 0.7409511253549582 9.309420202442597e-17
  outer loop
    vertex 6.5063562091656255 7.178657838372066 12.299999999999999
    vertex 6.85538099487555 6.862320211926359 4.999999999999999
    vertex 6.506356209165624 7.178657838372066 4.999999999999999
  endloop
endfacet
facet normal 0.6715589548470194 0.7409511253549582 9.309420202442597e-17
  outer loop
    vertex 6.85538099487555 6.862320211926359 4.999999999999999
    vertex 6.5063562091656255 7.178657838372066 12.299999999999999
    vertex 6.855380994875547 6.862320211926353 12.299999999999999
  endloop
endfacet
facet normal 0.7409511253549583 -0.6715589548470193 -3.297246468030316e-17
  outer loop
    vertex 6.788225099390849 6.7882250993908615 4.999999999999999
    vertex 6.855380994875547 6.862320211926353 12.299999999999999
    vertex 6.788225099390847 6.788225099390859 12.299999999999999
  endloop
endfacet
facet normal 0.7409511253549583 -0.6715589548470193 -3.297246468030316e-17
  outer loop
    vertex 6.855380994875547 6.862320211926353 12.299999999999999
    vertex 6.788225099390849 6.7882250993908615 4.999999999999999
    vertex 6.85538099487555 6.862320211926359 4.999999999999999
  endloop
endfacet
facet normal 6.25182450138407e-17 6.897825375402031e-17 -1.0
  outer loop
    vertex 6.506356209165624 7.178657838372066 4.999999999999999
    vertex 6.788225099390849 6.7882250993908615 4.999999999999999
    vertex 6.439200313680923 7.104562725836566 4.999999999999999
  endloop
endfacet
facet normal 6.25182450138407e-17 6.897825375402031e-17 -1.0
  outer loop
    vertex 6.788225099390849 6.7882250993908615 4.999999999999999
    vertex 6.506356209165624 7.178657838372066 4.999999999999999
    vertex 6.85538099487555 6.862320211926359 4.999999999999999
  endloop
endfacet
facet normal -0.7409511253549583 0.6715589548470193 -6.901697005121395e-33
  outer loop
    vertex 6.5063562091656255 7.178657838372066 12.299999999999999
    vertex 6.439200313680923 7.104562725836566 4.999999999999999
    vertex 6.439200313680923 7.104562725836566 12.299999999999999
  endloop
endfacet
facet normal -0.7409511253549583 0.6715589548470193 -6.901697005121395e-33
  outer loop
    vertex 6.439200313680923 7.104562725836566 4.999999999999999
    vertex 6.5063562091656255 7.178657838372066 12.299999999999999
    vertex 6.506356209165624 7.178657838372066 4.999999999999999
  endloop
endfacet
facet normal -0.6715589548470194 -0.7409511253549582 -9.309420202442597e-17
  outer loop
    vertex 6.788225099390847 6.788225099390859 12.299999999999999
    vertex 6.439200313680923 7.104562725836566 4.999999999999999
    vertex 6.788225099390849 6.7882250993908615 4.999999999999999
  endloop
endfacet
facet normal -0.6715589548470194 -0.7409511253549582 -9.309420202442597e-17
  outer loop
    vertex 6.439200313680923 7.104562725836566 4.999999999999999
    vertex 6.788225099390847 6.788225099390859 12.299999999999999
    vertex 6.439200313680923 7.104562725836566 12.299999999999999
  endloop
endfacet
facet normal -6.25182450138409e-17 -6.897825375402012e-17 1.0
  outer loop
    vertex 6.788225099390847 6.788225099390859 12.299999999999999
    vertex 6.5063562091656255 7.178657838372066 12.299999999999999
    vertex 6.439200313680923 7.104562725836566 12.299999999999999
  endloop
endfacet
facet normal -6.25182450138409e-17 -6.897825375402012e-17 1.0
  outer loop
    vertex 6.5063562091656255 7.178657838372066 12.299999999999999
    vertex 6.788225099390847 6.788225099390859 12.299999999999999
    vertex 6.855380994875547 6.862320211926353 12.299999999999999
  endloop
endfacet
facet normal 0.5956993044924377 -0.8032075314806418 8.908559693997644e-17
  outer loop
    vertex 5.771394812928824 -7.781825068341429 12.300000000000002
    vertex 5.393044167437424 -8.062429031252506 4.999999999999999
    vertex 5.771394812928824 -7.781825068341429 4.999999999999999
  endloop
endfacet
facet normal 0.5956993044924377 -0.8032075314806418 8.908559693997644e-17
  outer loop
    vertex 5.393044167437424 -8.062429031252506 4.999999999999999
    vertex 5.771394812928824 -7.781825068341429 12.300000000000002
    vertex 5.393044167437423 -8.062429031252506 12.300000000000002
  endloop
endfacet
facet normal -0.8032075314806418 -0.5956993044924377 -5.999628506922494e-17
  outer loop
    vertex 5.333474236988179 -7.982108278104441 4.999999999999999
    vertex 5.393044167437423 -8.062429031252506 12.300000000000002
    vertex 5.333474236988178 -7.982108278104443 12.300000000000002
  endloop
endfacet
facet normal -0.8032075314806418 -0.5956993044924377 -5.999628506922494e-17
  outer loop
    vertex 5.393044167437423 -8.062429031252506 12.300000000000002
    vertex 5.333474236988179 -7.982108278104441 4.999999999999999
    vertex 5.393044167437424 -8.062429031252506 4.999999999999999
  endloop
endfacet
facet normal 7.477396420319975e-17 -5.545615139822851e-17 -1.0
  outer loop
    vertex 5.771394812928824 -7.781825068341429 4.999999999999999
    vertex 5.333474236988179 -7.982108278104441 4.999999999999999
    vertex 5.71182488247958 -7.701504315193364 4.999999999999999
  endloop
endfacet
facet normal 7.477396420319975e-17 -5.545615139822851e-17 -1.0
  outer loop
    vertex 5.333474236988179 -7.982108278104441 4.999999999999999
    vertex 5.771394812928824 -7.781825068341429 4.999999999999999
    vertex 5.393044167437424 -8.062429031252506 4.999999999999999
  endloop
endfacet
facet normal 0.8032075314806418 0.5956993044924377 2.7023820388921756e-17
  outer loop
    vertex 5.771394812928824 -7.781825068341429 12.300000000000002
    vertex 5.71182488247958 -7.701504315193364 4.999999999999999
    vertex 5.711824882479579 -7.701504315193365 12.300000000000002
  endloop
endfacet
facet normal 0.8032075314806418 0.5956993044924377 2.7023820388921756e-17
  outer loop
    vertex 5.71182488247958 -7.701504315193364 4.999999999999999
    vertex 5.771394812928824 -7.781825068341429 12.300000000000002
    vertex 5.771394812928824 -7.781825068341429 4.999999999999999
  endloop
endfacet
facet normal -0.5956993044924377 0.8032075314806418 -8.908559693997644e-17
  outer loop
    vertex 5.333474236988178 -7.982108278104443 12.300000000000002
    vertex 5.71182488247958 -7.701504315193364 4.999999999999999
    vertex 5.333474236988179 -7.982108278104441 4.999999999999999
  endloop
endfacet
facet normal -0.5956993044924377 0.8032075314806418 -8.908559693997644e-17
  outer loop
    vertex 5.71182488247958 -7.701504315193364 4.999999999999999
    vertex 5.333474236988178 -7.982108278104443 12.300000000000002
    vertex 5.711824882479579 -7.701504315193365 12.300000000000002
  endloop
endfacet
facet normal -7.477396420319949e-17 5.54561513982287e-17 1.0
  outer loop
    vertex 5.333474236988178 -7.982108278104443 12.300000000000002
    vertex 5.771394812928824 -7.781825068341429 12.300000000000002
    vertex 5.711824882479579 -7.701504315193365 12.300000000000002
  endloop
endfacet
facet normal -7.477396420319949e-17 5.54561513982287e-17 1.0
  outer loop
    vertex 5.771394812928824 -7.781825068341429 12.300000000000002
    vertex 5.333474236988178 -7.982108278104443 12.300000000000002
    vertex 5.393044167437423 -8.062429031252506 12.300000000000002
  endloop
endfacet
facet normal 0.9415440651830209 -0.33688985339221955 9.130542303644165e-17
  outer loop
    vertex 9.122089774087074 -3.2639359115131037 12.299999999999994
    vertex 8.963397918626645 -3.7074499360441076 4.999999999999999
    vertex 9.122089774087069 -3.2639359115131024 4.999999999999999
  endloop
endfacet
facet normal 0.9415440651830209 -0.33688985339221955 9.130542303644165e-17
  outer loop
    vertex 8.963397918626645 -3.7074499360441076 4.999999999999999
    vertex 9.122089774087074 -3.2639359115131037 12.299999999999994
    vertex 8.96339791862664 -3.707449936044108 12.299999999999994
  endloop
endfacet
facet normal -0.33688985339221966 -0.941544065183021 -5.1134242531082696e-17
  outer loop
    vertex 8.869243512108342 -3.6737609507048883 4.999999999999999
    vertex 8.96339791862664 -3.707449936044108 12.299999999999994
    vertex 8.869243512108339 -3.6737609507048874 12.299999999999994
  endloop
endfacet
facet normal -0.33688985339221966 -0.941544065183021 -5.1134242531082696e-17
  outer loop
    vertex 8.96339791862664 -3.707449936044108 12.299999999999994
    vertex 8.869243512108342 -3.6737609507048883 4.999999999999999
    vertex 8.963397918626645 -3.7074499360441076 4.999999999999999
  endloop
endfacet
facet normal 9.20865978564779e-17 -1.3659756432087454e-17 -1.0
  outer loop
    vertex 9.122089774087069 -3.2639359115131024 4.999999999999999
    vertex 8.869243512108342 -3.6737609507048883 4.999999999999999
    vertex 9.027935367568764 -3.2302469261738804 4.999999999999999
  endloop
endfacet
facet normal 9.20865978564779e-17 -1.3659756432087454e-17 -1.0
  outer loop
    vertex 8.869243512108342 -3.6737609507048883 4.999999999999999
    vertex 9.122089774087069 -3.2639359115131024 4.999999999999999
    vertex 8.963397918626645 -3.7074499360441076 4.999999999999999
  endloop
endfacet
facet normal 0.33688985339221966 0.941544065183021 1.8161777850779512e-17
  outer loop
    vertex 9.122089774087074 -3.2639359115131037 12.299999999999994
    vertex 9.027935367568764 -3.2302469261738804 4.999999999999999
    vertex 9.027935367568764 -3.230246926173881 12.299999999999994
  endloop
endfacet
facet normal 0.33688985339221966 0.941544065183021 1.8161777850779512e-17
  outer loop
    vertex 9.027935367568764 -3.2302469261738804 4.999999999999999
    vertex 9.122089774087074 -3.2639359115131037 12.299999999999994
    vertex 9.122089774087069 -3.2639359115131024 4.999999999999999
  endloop
endfacet
facet normal -0.9415440651830209 0.33688985339221955 -9.130542303644165e-17
  outer loop
    vertex 8.869243512108339 -3.6737609507048874 12.299999999999994
    vertex 9.027935367568764 -3.2302469261738804 4.999999999999999
    vertex 8.869243512108342 -3.6737609507048883 4.999999999999999
  endloop
endfacet
facet normal -0.9415440651830209 0.33688985339221955 -9.130542303644165e-17
  outer loop
    vertex 9.027935367568764 -3.2302469261738804 4.999999999999999
    vertex 8.869243512108339 -3.6737609507048874 12.299999999999994
    vertex 9.027935367568764 -3.230246926173881 12.299999999999994
  endloop
endfacet
facet normal -9.208659785647783e-17 1.36597564320877e-17 1.0
  outer loop
    vertex 8.869243512108339 -3.6737609507048874 12.299999999999994
    vertex 9.122089774087074 -3.2639359115131037 12.299999999999994
    vertex 9.027935367568764 -3.230246926173881 12.299999999999994
  endloop
endfacet
facet normal -9.208659785647783e-17 1.36597564320877e-17 1.0
  outer loop
    vertex 9.122089774087074 -3.2639359115131037 12.299999999999994
    vertex 8.869243512108339 -3.6737609507048874 12.299999999999994
    vertex 8.96339791862664 -3.707449936044108 12.299999999999994
  endloop
endfacet
facet normal 0.9987954562051724 0.04906767432741875 9.130542303644163e-17
  outer loop
    vertex 9.676766233647063 0.4753890410146327 12.300000000000002
    vertex 9.699879545620517 0.004906767432748562 4.999999999999999
    vertex 9.676766233647063 0.47538904101463425 4.999999999999999
  endloop
endfacet
facet normal 0.9987954562051724 0.04906767432741875 9.130542303644163e-17
  outer loop
    vertex 9.699879545620517 0.004906767432748562 4.999999999999999
    vertex 9.676766233647063 0.4753890410146327 12.300000000000002
    vertex 9.699879545620512 0.004906767432746491 12.300000000000002
  endloop
endfacet
facet normal 0.04906767432741897 -0.9987954562051723 -5.113424253108268e-17
  outer loop
    vertex 9.600000000000001 6.212738656863336e-15 4.999999999999999
    vertex 9.699879545620512 0.004906767432746491 12.300000000000002
    vertex 9.599999999999996 3.92151588979317e-15 12.300000000000002
  endloop
endfacet
facet normal 0.04906767432741897 -0.9987954562051723 -5.113424253108268e-17
  outer loop
    vertex 9.699879545620512 0.004906767432746491 12.300000000000002
    vertex 9.600000000000001 6.212738656863336e-15 4.999999999999999
    vertex 9.699879545620517 0.004906767432748562 4.999999999999999
  endloop
endfacet
facet normal 9.03042854549e-17 2.262004595584574e-17 -1.0
  outer loop
    vertex 9.676766233647063 0.47538904101463425 4.999999999999999
    vertex 9.600000000000001 6.212738656863336e-15 4.999999999999999
    vertex 9.576886688026542 0.4704822735818908 4.999999999999999
  endloop
endfacet
facet normal 9.03042854549e-17 2.262004595584574e-17 -1.0
  outer loop
    vertex 9.600000000000001 6.212738656863336e-15 4.999999999999999
    vertex 9.676766233647063 0.47538904101463425 4.999999999999999
    vertex 9.699879545620517 0.004906767432748562 4.999999999999999
  endloop
endfacet
facet normal -0.04906767432741897 0.9987954562051723 1.816177785077951e-17
  outer loop
    vertex 9.676766233647063 0.4753890410146327 12.300000000000002
    vertex 9.576886688026542 0.4704822735818908 4.999999999999999
    vertex 9.576886688026542 0.4704822735818901 12.300000000000002
  endloop
endfacet
facet normal -0.04906767432741897 0.9987954562051723 1.816177785077951e-17
  outer loop
    vertex 9.576886688026542 0.4704822735818908 4.999999999999999
    vertex 9.676766233647063 0.4753890410146327 12.300000000000002
    vertex 9.676766233647063 0.47538904101463425 4.999999999999999
  endloop
endfacet
facet normal -0.9987954562051724 -0.04906767432741875 -9.130542303644163e-17
  outer loop
    vertex 9.599999999999996 3.92151588979317e-15 12.300000000000002
    vertex 9.576886688026542 0.4704822735818908 4.999999999999999
    vertex 9.600000000000001 6.212738656863336e-15 4.999999999999999
  endloop
endfacet
facet normal -0.9987954562051724 -0.04906767432741875 -9.130542303644163e-17
  outer loop
    vertex 9.576886688026542 0.4704822735818908 4.999999999999999
    vertex 9.599999999999996 3.92151588979317e-15 12.300000000000002
    vertex 9.576886688026542 0.4704822735818901 12.300000000000002
  endloop
endfacet
facet normal -9.030428545490002e-17 -2.2620045955845462e-17 1.0
  outer loop
    vertex 9.599999999999996 3.92151588979317e-15 12.300000000000002
    vertex 9.676766233647063 0.4753890410146327 12.300000000000002
    vertex 9.576886688026542 0.4704822735818901 12.300000000000002
  endloop
endfacet
facet normal -9.030428545490002e-17 -2.2620045955845462e-17 1.0
  outer loop
    vertex 9.676766233647063 0.4753890410146327 12.300000000000002
    vertex 9.599999999999996 3.92151588979317e-15 12.300000000000002
    vertex 9.699879545620512 0.004906767432746491 12.300000000000002
  endloop
endfacet
facet normal 0.6715589548470186 -0.7409511253549591 8.90855969399764e-17
  outer loop
    vertex 6.506356209165618 -7.178657838372071 12.300000000000004
    vertex 6.157331423455694 -7.494995464817777 4.999999999999999
    vertex 6.506356209165618 -7.178657838372071 4.999999999999999
  endloop
endfacet
facet normal 0.6715589548470186 -0.7409511253549591 8.90855969399764e-17
  outer loop
    vertex 6.157331423455694 -7.494995464817777 4.999999999999999
    vertex 6.506356209165618 -7.178657838372071 12.300000000000004
    vertex 6.157331423455693 -7.494995464817775 12.300000000000004
  endloop
endfacet
facet normal -0.7409511253549591 -0.6715589548470186 -5.999628506922492e-17
  outer loop
    vertex 6.090175527970993 -7.42090035228228 4.999999999999999
    vertex 6.157331423455693 -7.494995464817775 12.300000000000004
    vertex 6.090175527970992 -7.4209003522822785 12.300000000000004
  endloop
endfacet
facet normal -0.7409511253549591 -0.6715589548470186 -5.999628506922492e-17
  outer loop
    vertex 6.157331423455693 -7.494995464817775 12.300000000000004
    vertex 6.090175527970993 -7.42090035228228 4.999999999999999
    vertex 6.157331423455694 -7.494995464817777 4.999999999999999
  endloop
endfacet
facet normal 7.984956050149527e-17 -4.785998472923589e-17 -1.0
  outer loop
    vertex 6.506356209165618 -7.178657838372071 4.999999999999999
    vertex 6.090175527970993 -7.42090035228228 4.999999999999999
    vertex 6.439200313680916 -7.104562725836575 4.999999999999999
  endloop
endfacet
facet normal 7.984956050149527e-17 -4.785998472923589e-17 -1.0
  outer loop
    vertex 6.090175527970993 -7.42090035228228 4.999999999999999
    vertex 6.506356209165618 -7.178657838372071 4.999999999999999
    vertex 6.157331423455694 -7.494995464817777 4.999999999999999
  endloop
endfacet
facet normal 0.7409511253549591 0.6715589548470186 2.7023820388921746e-17
  outer loop
    vertex 6.506356209165618 -7.178657838372071 12.300000000000004
    vertex 6.439200313680916 -7.104562725836575 4.999999999999999
    vertex 6.439200313680916 -7.104562725836575 12.300000000000004
  endloop
endfacet
facet normal 0.7409511253549591 0.6715589548470186 2.7023820388921746e-17
  outer loop
    vertex 6.439200313680916 -7.104562725836575 4.999999999999999
    vertex 6.506356209165618 -7.178657838372071 12.300000000000004
    vertex 6.506356209165618 -7.178657838372071 4.999999999999999
  endloop
endfacet
facet normal -0.6715589548470186 0.7409511253549591 -8.90855969399764e-17
  outer loop
    vertex 6.090175527970992 -7.4209003522822785 12.300000000000004
    vertex 6.439200313680916 -7.104562725836575 4.999999999999999
    vertex 6.090175527970993 -7.42090035228228 4.999999999999999
  endloop
endfacet
facet normal -0.6715589548470186 0.7409511253549591 -8.90855969399764e-17
  outer loop
    vertex 6.439200313680916 -7.104562725836575 4.999999999999999
    vertex 6.090175527970992 -7.4209003522822785 12.300000000000004
    vertex 6.439200313680916 -7.104562725836575 12.300000000000004
  endloop
endfacet
facet normal -7.984956050149504e-17 4.785998472923607e-17 1.0
  outer loop
    vertex 6.090175527970992 -7.4209003522822785 12.300000000000004
    vertex 6.506356209165618 -7.178657838372071 12.300000000000004
    vertex 6.439200313680916 -7.104562725836575 12.300000000000004
  endloop
endfacet
facet normal -7.984956050149504e-17 4.785998472923607e-17 1.0
  outer loop
    vertex 6.506356209165618 -7.178657838372071 12.300000000000004
    vertex 6.090175527970992 -7.4209003522822785 12.300000000000004
    vertex 6.157331423455693 -7.494995464817775 12.300000000000004
  endloop
endfacet
facet normal 0.9891765099647809 -0.14673047445536314 9.130542303644166e-17
  outer loop
    vertex 9.583573684958528 -1.4215888667048828 12.299999999999999
    vertex 9.514456342867488 -1.8875401388004 4.999999999999999
    vertex 9.583573684958527 -1.4215888667048808 4.999999999999999
  endloop
endfacet
facet normal 0.9891765099647809 -0.14673047445536314 9.130542303644166e-17
  outer loop
    vertex 9.514456342867488 -1.8875401388004 4.999999999999999
    vertex 9.583573684958528 -1.4215888667048828 12.299999999999999
    vertex 9.514456342867483 -1.8875401388004012 12.299999999999999
  endloop
endfacet
facet normal -0.1467304744553631 -0.9891765099647809 -5.113424253108269e-17
  outer loop
    vertex 9.41553869187101 -1.8728670913548642 4.999999999999999
    vertex 9.514456342867483 -1.8875401388004012 12.299999999999999
    vertex 9.415538691871006 -1.8728670913548653 12.299999999999999
  endloop
endfacet
facet normal -0.1467304744553631 -0.9891765099647809 -5.113424253108269e-17
  outer loop
    vertex 9.514456342867483 -1.8875401388004012 12.299999999999999
    vertex 9.41553869187101 -1.8728670913548642 4.999999999999999
    vertex 9.514456342867488 -1.8875401388004 4.999999999999999
  endloop
endfacet
facet normal 9.298206598104302e-17 4.567915986705102e-18 -1.0
  outer loop
    vertex 9.583573684958527 -1.4215888667048808 4.999999999999999
    vertex 9.41553869187101 -1.8728670913548642 4.999999999999999
    vertex 9.484656033962047 -1.4069158192593456 4.999999999999999
  endloop
endfacet
facet normal 9.298206598104302e-17 4.567915986705102e-18 -1.0
  outer loop
    vertex 9.41553869187101 -1.8728670913548642 4.999999999999999
    vertex 9.583573684958527 -1.4215888667048808 4.999999999999999
    vertex 9.514456342867488 -1.8875401388004 4.999999999999999
  endloop
endfacet
facet normal 0.1467304744553631 0.9891765099647809 1.8161777850779506e-17
  outer loop
    vertex 9.583573684958528 -1.4215888667048828 12.299999999999999
    vertex 9.484656033962047 -1.4069158192593456 4.999999999999999
    vertex 9.484656033962047 -1.4069158192593458 12.299999999999999
  endloop
endfacet
facet normal 0.1467304744553631 0.9891765099647809 1.8161777850779506e-17
  outer loop
    vertex 9.484656033962047 -1.4069158192593456 4.999999999999999
    vertex 9.583573684958528 -1.4215888667048828 12.299999999999999
    vertex 9.583573684958527 -1.4215888667048808 4.999999999999999
  endloop
endfacet
facet normal -0.9891765099647809 0.14673047445536314 -9.130542303644166e-17
  outer loop
    vertex 9.415538691871006 -1.8728670913548653 12.299999999999999
    vertex 9.484656033962047 -1.4069158192593456 4.999999999999999
    vertex 9.41553869187101 -1.8728670913548642 4.999999999999999
  endloop
endfacet
facet normal -0.9891765099647809 0.14673047445536314 -9.130542303644166e-17
  outer loop
    vertex 9.484656033962047 -1.4069158192593456 4.999999999999999
    vertex 9.415538691871006 -1.8728670913548653 12.299999999999999
    vertex 9.484656033962047 -1.4069158192593458 12.299999999999999
  endloop
endfacet
facet normal -9.298206598104301e-17 -4.567915986704837e-18 1.0
  outer loop
    vertex 9.415538691871006 -1.8728670913548653 12.299999999999999
    vertex 9.583573684958528 -1.4215888667048828 12.299999999999999
    vertex 9.484656033962047 -1.4069158192593458 12.299999999999999
  endloop
endfacet
facet normal -9.298206598104301e-17 -4.567915986704837e-18 1.0
  outer loop
    vertex 9.583573684958528 -1.4215888667048828 12.299999999999999
    vertex 9.415538691871006 -1.8728670913548653 12.299999999999999
    vertex 9.514456342867483 -1.8875401388004012 12.299999999999999
  endloop
endfacet
facet normal 0.857728610000265 0.5141027441932338 9.309420202442595e-17
  outer loop
    vertex 8.310049068924352 4.98085172967821 12.299999999999999
    vertex 8.552216998744239 4.576818947948918 4.999999999999999
    vertex 8.310049068924352 4.980851729678211 4.999999999999999
  endloop
endfacet
facet normal 0.857728610000265 0.5141027441932338 9.309420202442595e-17
  outer loop
    vertex 8.552216998744239 4.576818947948918 4.999999999999999
    vertex 8.310049068924352 4.98085172967821 12.299999999999999
    vertex 8.552216998744237 4.5768189479489125 12.299999999999999
  endloop
endfacet
facet normal 0.5141027441932337 -0.8577286100002649 -3.297246468030316e-17
  outer loop
    vertex 8.466444137744213 4.525408673529592 4.999999999999999
    vertex 8.552216998744237 4.5768189479489125 12.299999999999999
    vertex 8.466444137744212 4.525408673529589 12.299999999999999
  endloop
endfacet
facet normal 0.5141027441932337 -0.8577286100002649 -3.297246468030316e-17
  outer loop
    vertex 8.552216998744237 4.5768189479489125 12.299999999999999
    vertex 8.466444137744213 4.525408673529592 4.999999999999999
    vertex 8.552216998744239 4.576818947948918 4.999999999999999
  endloop
endfacet
facet normal 7.984956050149467e-17 4.785998472923674e-17 -1.0
  outer loop
    vertex 8.310049068924352 4.980851729678211 4.999999999999999
    vertex 8.466444137744213 4.525408673529592 4.999999999999999
    vertex 8.224276207924321 4.929441455258884 4.999999999999999
  endloop
endfacet
facet normal 7.984956050149467e-17 4.785998472923674e-17 -1.0
  outer loop
    vertex 8.466444137744213 4.525408673529592 4.999999999999999
    vertex 8.310049068924352 4.980851729678211 4.999999999999999
    vertex 8.552216998744239 4.576818947948918 4.999999999999999
  endloop
endfacet
facet normal -0.5141027441932337 0.8577286100002649 -7.876101732564893e-33
  outer loop
    vertex 8.310049068924352 4.98085172967821 12.299999999999999
    vertex 8.224276207924321 4.929441455258884 4.999999999999999
    vertex 8.224276207924321 4.929441455258884 12.299999999999999
  endloop
endfacet
facet normal -0.5141027441932337 0.8577286100002649 -7.876101732564893e-33
  outer loop
    vertex 8.224276207924321 4.929441455258884 4.999999999999999
    vertex 8.310049068924352 4.98085172967821 12.299999999999999
    vertex 8.310049068924352 4.980851729678211 4.999999999999999
  endloop
endfacet
facet normal -0.857728610000265 -0.5141027441932338 -9.309420202442595e-17
  outer loop
    vertex 8.466444137744212 4.525408673529589 12.299999999999999
    vertex 8.224276207924321 4.929441455258884 4.999999999999999
    vertex 8.466444137744213 4.525408673529592 4.999999999999999
  endloop
endfacet
facet normal -0.857728610000265 -0.5141027441932338 -9.309420202442595e-17
  outer loop
    vertex 8.224276207924321 4.929441455258884 4.999999999999999
    vertex 8.466444137744212 4.525408673529589 12.299999999999999
    vertex 8.224276207924321 4.929441455258884 12.299999999999999
  endloop
endfacet
facet normal -7.98495605014948e-17 -4.785998472923649e-17 1.0
  outer loop
    vertex 8.466444137744212 4.525408673529589 12.299999999999999
    vertex 8.310049068924352 4.98085172967821 12.299999999999999
    vertex 8.224276207924321 4.929441455258884 12.299999999999999
  endloop
endfacet
facet normal -7.98495605014948e-17 -4.785998472923649e-17 1.0
  outer loop
    vertex 8.310049068924352 4.98085172967821 12.299999999999999
    vertex 8.466444137744212 4.525408673529589 12.299999999999999
    vertex 8.552216998744237 4.5768189479489125 12.299999999999999
  endloop
endfacet
facet normal 0.8577286100002702 -0.5141027441932251 9.130542303644166e-17
  outer loop
    vertex 8.310049068924338 -4.980851729678223 12.30000000000001
    vertex 8.067881139104452 -5.3848845114075194 4.999999999999999
    vertex 8.310049068924338 -4.980851729678223 4.999999999999999
  endloop
endfacet
facet normal 0.8577286100002702 -0.5141027441932251 9.130542303644166e-17
  outer loop
    vertex 8.067881139104452 -5.3848845114075194 4.999999999999999
    vertex 8.310049068924338 -4.980851729678223 12.30000000000001
    vertex 8.06788113910445 -5.384884511407519 12.30000000000001
  endloop
endfacet
facet normal -0.514102744193225 -0.8577286100002701 -5.1134242531082665e-17
  outer loop
    vertex 7.982108278104426 -5.333474236988196 4.999999999999999
    vertex 8.06788113910445 -5.384884511407519 12.30000000000001
    vertex 7.982108278104424 -5.333474236988196 12.30000000000001
  endloop
endfacet
facet normal -0.514102744193225 -0.8577286100002701 -5.1134242531082665e-17
  outer loop
    vertex 8.06788113910445 -5.384884511407519 12.30000000000001
    vertex 7.982108278104426 -5.333474236988196 4.999999999999999
    vertex 8.067881139104452 -5.3848845114075194 4.999999999999999
  endloop
endfacet
facet normal 8.76522934190473e-17 -3.1362492071675055e-17 -1.0
  outer loop
    vertex 8.310049068924338 -4.980851729678223 4.999999999999999
    vertex 7.982108278104426 -5.333474236988196 4.999999999999999
    vertex 8.224276207924309 -4.929441455258901 4.999999999999999
  endloop
endfacet
facet normal 8.76522934190473e-17 -3.1362492071675055e-17 -1.0
  outer loop
    vertex 7.982108278104426 -5.333474236988196 4.999999999999999
    vertex 8.310049068924338 -4.980851729678223 4.999999999999999
    vertex 8.067881139104452 -5.3848845114075194 4.999999999999999
  endloop
endfacet
facet normal 0.514102744193225 0.8577286100002701 1.8161777850779502e-17
  outer loop
    vertex 8.310049068924338 -4.980851729678223 12.30000000000001
    vertex 8.224276207924309 -4.929441455258901 4.999999999999999
    vertex 8.224276207924309 -4.929441455258901 12.30000000000001
  endloop
endfacet
facet normal 0.514102744193225 0.8577286100002701 1.8161777850779502e-17
  outer loop
    vertex 8.224276207924309 -4.929441455258901 4.999999999999999
    vertex 8.310049068924338 -4.980851729678223 12.30000000000001
    vertex 8.310049068924338 -4.980851729678223 4.999999999999999
  endloop
endfacet
facet normal -0.8577286100002702 0.5141027441932251 -9.130542303644166e-17
  outer loop
    vertex 7.982108278104424 -5.333474236988196 12.30000000000001
    vertex 8.224276207924309 -4.929441455258901 4.999999999999999
    vertex 7.982108278104426 -5.333474236988196 4.999999999999999
  endloop
endfacet
facet normal -0.8577286100002702 0.5141027441932251 -9.130542303644166e-17
  outer loop
    vertex 8.224276207924309 -4.929441455258901 4.999999999999999
    vertex 7.982108278104424 -5.333474236988196 12.30000000000001
    vertex 8.224276207924309 -4.929441455258901 12.30000000000001
  endloop
endfacet
facet normal -8.765229341904715e-17 3.136249207167529e-17 1.0
  outer loop
    vertex 7.982108278104424 -5.333474236988196 12.30000000000001
    vertex 8.310049068924338 -4.980851729678223 12.30000000000001
    vertex 8.224276207924309 -4.929441455258901 12.30000000000001
  endloop
endfacet
facet normal -8.765229341904715e-17 3.136249207167529e-17 1.0
  outer loop
    vertex 8.310049068924338 -4.980851729678223 12.30000000000001
    vertex 7.982108278104424 -5.333474236988196 12.30000000000001
    vertex 8.06788113910445 -5.384884511407519 12.30000000000001
  endloop
endfacet
facet normal 0.33688985339222327 -0.9415440651830196 8.908559693997635e-17
  outer loop
    vertex 3.2639359115130686 -9.122089774087087 12.3
    vertex 2.8204218869820648 -9.28078162954751 4.999999999999999
    vertex 3.2639359115130713 -9.122089774087083 4.999999999999999
  endloop
endfacet
facet normal 0.33688985339222327 -0.9415440651830196 8.908559693997635e-17
  outer loop
    vertex 2.8204218869820648 -9.28078162954751 4.999999999999999
    vertex 3.2639359115130686 -9.122089774087087 12.3
    vertex 2.8204218869820616 -9.280781629547503 12.3
  endloop
endfacet
facet normal -0.9415440651830196 -0.33688985339222327 -5.999628506922489e-17
  outer loop
    vertex 2.786732901642841 -9.186627223029205 4.999999999999999
    vertex 2.8204218869820616 -9.280781629547503 12.3
    vertex 2.7867329016428384 -9.186627223029204 12.3
  endloop
endfacet
facet normal -0.9415440651830196 -0.33688985339222327 -5.999628506922489e-17
  outer loop
    vertex 2.8204218869820616 -9.280781629547503 12.3
    vertex 2.786732901642841 -9.186627223029205 4.999999999999999
    vertex 2.8204218869820648 -9.28078162954751 4.999999999999999
  endloop
endfacet
facet normal 5.5456151398228587e-17 -7.477396420319968e-17 -1.0
  outer loop
    vertex 3.2639359115130713 -9.122089774087083 4.999999999999999
    vertex 2.786732901642841 -9.186627223029205 4.999999999999999
    vertex 3.230246926173846 -9.02793536756878 4.999999999999999
  endloop
endfacet
facet normal 5.5456151398228587e-17 -7.477396420319968e-17 -1.0
  outer loop
    vertex 2.786732901642841 -9.186627223029205 4.999999999999999
    vertex 3.2639359115130713 -9.122089774087083 4.999999999999999
    vertex 2.8204218869820648 -9.28078162954751 4.999999999999999
  endloop
endfacet
facet normal 0.9415440651830196 0.33688985339222327 2.7023820388921728e-17
  outer loop
    vertex 3.2639359115130686 -9.122089774087087 12.3
    vertex 3.230246926173846 -9.02793536756878 4.999999999999999
    vertex 3.230246926173845 -9.02793536756878 12.3
  endloop
endfacet
facet normal 0.9415440651830196 0.33688985339222327 2.7023820388921728e-17
  outer loop
    vertex 3.230246926173846 -9.02793536756878 4.999999999999999
    vertex 3.2639359115130686 -9.122089774087087 12.3
    vertex 3.2639359115130713 -9.122089774087083 4.999999999999999
  endloop
endfacet
facet normal -0.33688985339222327 0.9415440651830196 -8.908559693997635e-17
  outer loop
    vertex 2.7867329016428384 -9.186627223029204 12.3
    vertex 3.230246926173846 -9.02793536756878 4.999999999999999
    vertex 2.786732901642841 -9.186627223029205 4.999999999999999
  endloop
endfacet
facet normal -0.33688985339222327 0.9415440651830196 -8.908559693997635e-17
  outer loop
    vertex 3.230246926173846 -9.02793536756878 4.999999999999999
    vertex 2.7867329016428384 -9.186627223029204 12.3
    vertex 3.230246926173845 -9.02793536756878 12.3
  endloop
endfacet
facet normal -5.5456151398228334e-17 7.47739642031998e-17 1.0
  outer loop
    vertex 2.7867329016428384 -9.186627223029204 12.3
    vertex 3.2639359115130686 -9.122089774087087 12.3
    vertex 3.230246926173845 -9.02793536756878 12.3
  endloop
endfacet
facet normal -5.5456151398228334e-17 7.47739642031998e-17 1.0
  outer loop
    vertex 3.2639359115130686 -9.122089774087087 12.3
    vertex 2.7867329016428384 -9.186627223029204 12.3
    vertex 2.8204218869820616 -9.280781629547503 12.3
  endloop
endfacet
facet normal 0.4275550934302806 -0.9039892931234441 8.908559693997641e-17
  outer loop
    vertex 4.142340321460242 -8.758242754238633 12.299999999999999
    vertex 3.716516460047892 -8.959642441420701 4.999999999999999
    vertex 4.142340321460245 -8.758242754238632 4.999999999999999
  endloop
endfacet
facet normal 0.4275550934302806 -0.9039892931234441 8.908559693997641e-17
  outer loop
    vertex 3.716516460047892 -8.959642441420701 4.999999999999999
    vertex 4.142340321460242 -8.758242754238633 12.299999999999999
    vertex 3.7165164600478877 -8.959642441420696 12.299999999999999
  endloop
endfacet
facet normal -0.903989293123444 -0.42755509343028064 -5.999628506922492e-17
  outer loop
    vertex 3.673760950704862 -8.869243512108355 4.999999999999999
    vertex 3.7165164600478877 -8.959642441420696 12.299999999999999
    vertex 3.67376095070486 -8.869243512108353 12.299999999999999
  endloop
endfacet
facet normal -0.903989293123444 -0.42755509343028064 -5.999628506922492e-17
  outer loop
    vertex 3.7165164600478877 -8.959642441420696 12.299999999999999
    vertex 3.673760950704862 -8.869243512108355 4.999999999999999
    vertex 3.716516460047892 -8.959642441420701 4.999999999999999
  endloop
endfacet
facet normal 6.25182450138403e-17 -6.897825375402067e-17 -1.0
  outer loop
    vertex 4.142340321460245 -8.758242754238632 4.999999999999999
    vertex 3.673760950704862 -8.869243512108355 4.999999999999999
    vertex 4.099584812117214 -8.667843824926285 4.999999999999999
  endloop
endfacet
facet normal 6.25182450138403e-17 -6.897825375402067e-17 -1.0
  outer loop
    vertex 3.673760950704862 -8.869243512108355 4.999999999999999
    vertex 4.142340321460245 -8.758242754238632 4.999999999999999
    vertex 3.716516460047892 -8.959642441420701 4.999999999999999
  endloop
endfacet
facet normal 0.903989293123444 0.42755509343028064 2.7023820388921746e-17
  outer loop
    vertex 4.142340321460242 -8.758242754238633 12.299999999999999
    vertex 4.099584812117214 -8.667843824926285 4.999999999999999
    vertex 4.099584812117214 -8.667843824926285 12.299999999999999
  endloop
endfacet
facet normal 0.903989293123444 0.42755509343028064 2.7023820388921746e-17
  outer loop
    vertex 4.099584812117214 -8.667843824926285 4.999999999999999
    vertex 4.142340321460242 -8.758242754238633 12.299999999999999
    vertex 4.142340321460245 -8.758242754238632 4.999999999999999
  endloop
endfacet
facet normal -0.4275550934302806 0.9039892931234441 -8.908559693997641e-17
  outer loop
    vertex 3.67376095070486 -8.869243512108353 12.299999999999999
    vertex 4.099584812117214 -8.667843824926285 4.999999999999999
    vertex 3.673760950704862 -8.869243512108355 4.999999999999999
  endloop
endfacet
facet normal -0.4275550934302806 0.9039892931234441 -8.908559693997641e-17
  outer loop
    vertex 4.099584812117214 -8.667843824926285 4.999999999999999
    vertex 3.67376095070486 -8.869243512108353 12.299999999999999
    vertex 4.099584812117214 -8.667843824926285 12.299999999999999
  endloop
endfacet
facet normal -6.251824501384005e-17 6.897825375402081e-17 1.0
  outer loop
    vertex 3.67376095070486 -8.869243512108353 12.299999999999999
    vertex 4.142340321460242 -8.758242754238633 12.299999999999999
    vertex 4.099584812117214 -8.667843824926285 12.299999999999999
  endloop
endfacet
facet normal -6.251824501384005e-17 6.897825375402081e-17 1.0
  outer loop
    vertex 4.142340321460242 -8.758242754238633 12.299999999999999
    vertex 3.67376095070486 -8.869243512108353 12.299999999999999
    vertex 3.7165164600478877 -8.959642441420696 12.299999999999999
  endloop
endfacet
facet normal -8.507633602625441e-17 -4.179532378898645e-18 1.0
  outer loop
    vertex -9.676766233647063 -0.47538904101463586 12.300000000000002
    vertex -9.6 -2.1061624666529608e-14 12.300000000000002
    vertex -9.699879545620517 -0.004906767432762838 12.300000000000002
  endloop
endfacet
facet normal -8.507633602625441e-17 -4.179532378898645e-18 1.0
  outer loop
    vertex -9.6 -2.1061624666529608e-14 12.300000000000002
    vertex -9.676766233647063 -0.47538904101463586 12.300000000000002
    vertex -9.576886688026544 -0.4704822735818941 12.300000000000002
  endloop
endfacet
facet normal -0.049067674327418036 0.9987954562051724 -2.846593590432253e-18
  outer loop
    vertex -9.699879545620517 -0.004906767432762838 12.300000000000002
    vertex -9.599999999999998 -2.0973500713949988e-14 4.999999999999999
    vertex -9.699879545620515 -0.004906767432762838 4.999999999999999
  endloop
endfacet
facet normal -0.049067674327418036 0.9987954562051724 -2.846593590432253e-18
  outer loop
    vertex -9.599999999999998 -2.0973500713949988e-14 4.999999999999999
    vertex -9.699879545620517 -0.004906767432762838 12.300000000000002
    vertex -9.6 -2.1061624666529608e-14 12.300000000000002
  endloop
endfacet
facet normal 0.049067674327418036 -0.9987954562051724 -1.0604554628839319e-17
  outer loop
    vertex -9.576886688026544 -0.4704822735818941 12.300000000000002
    vertex -9.676766233647063 -0.47538904101463575 5.0
    vertex -9.576886688026544 -0.470482273581894 5.0
  endloop
endfacet
facet normal 0.049067674327418036 -0.9987954562051724 -1.0604554628839319e-17
  outer loop
    vertex -9.676766233647063 -0.47538904101463575 5.0
    vertex -9.576886688026544 -0.4704822735818941 12.300000000000002
    vertex -9.676766233647063 -0.47538904101463586 12.300000000000002
  endloop
endfacet
facet normal -0.9987954562051724 -0.049067674327418036 -8.517893778721603e-17
  outer loop
    vertex -9.699879545620517 -0.004906767432762838 12.300000000000002
    vertex -9.676766233647063 -0.47538904101463575 5.0
    vertex -9.676766233647063 -0.47538904101463586 12.300000000000002
  endloop
endfacet
facet normal -0.9987954562051724 -0.049067674327418036 -8.517893778721603e-17
  outer loop
    vertex -9.676766233647063 -0.47538904101463575 5.0
    vertex -9.699879545620517 -0.004906767432762838 12.300000000000002
    vertex -9.699879545620515 -0.004906767432762838 4.999999999999999
  endloop
endfacet
facet normal 1.585129631759421e-16 -1.4906573540548233e-15 -1.0
  outer loop
    vertex -9.599999999999998 -2.0973500713949988e-14 4.999999999999999
    vertex -9.676766233647063 -0.47538904101463575 5.0
    vertex -9.699879545620515 -0.004906767432762838 4.999999999999999
  endloop
endfacet
facet normal 1.585129631759421e-16 -1.4906573540548233e-15 -1.0
  outer loop
    vertex -9.676766233647063 -0.47538904101463575 5.0
    vertex -9.599999999999998 -2.0973500713949988e-14 4.999999999999999
    vertex -9.576886688026544 -0.470482273581894 5.0
  endloop
endfacet
facet normal 0.9987954562051724 0.049067674327418036 8.517893778721603e-17
  outer loop
    vertex -9.576886688026544 -0.470482273581894 5.0
    vertex -9.6 -2.1061624666529608e-14 12.300000000000002
    vertex -9.576886688026544 -0.4704822735818941 12.300000000000002
  endloop
endfacet
facet normal 0.9987954562051724 0.049067674327418036 8.517893778721603e-17
  outer loop
    vertex -9.6 -2.1061624666529608e-14 12.300000000000002
    vertex -9.576886688026544 -0.470482273581894 5.0
    vertex -9.599999999999998 -2.0973500713949988e-14 4.999999999999999
  endloop
endfacet
facet normal 0.9700312531945444 -0.24298017990326276 -2.62021293206404e-16
  outer loop
    vertex -9.301082957450115 2.329799996498817 4.999999999999999
    vertex -9.186627223029209 2.7867329016428255 12.299999999999999
    vertex -9.301082957450111 2.3297999964988163 12.299999999999999
  endloop
endfacet
facet normal 0.9700312531945444 -0.24298017990326276 -2.62021293206404e-16
  outer loop
    vertex -9.186627223029209 2.7867329016428255 12.299999999999999
    vertex -9.301082957450115 2.329799996498817 4.999999999999999
    vertex -9.186627223029209 2.786732901642826 5.0
  endloop
endfacet
facet normal 1.0948492907413254e-16 1.515453220541286e-15 -1.0
  outer loop
    vertex -9.283630348348664 2.811030919633152 5.0
    vertex -9.301082957450115 2.329799996498817 4.999999999999999
    vertex -9.39808608276957 2.3540980144891432 4.999999999999999
  endloop
endfacet
facet normal 1.0948492907413254e-16 1.515453220541286e-15 -1.0
  outer loop
    vertex -9.301082957450115 2.329799996498817 4.999999999999999
    vertex -9.283630348348664 2.811030919633152 5.0
    vertex -9.186627223029209 2.786732901642826 5.0
  endloop
endfacet
facet normal -0.24298017990326276 -0.9700312531945443 1.6048891476170185e-19
  outer loop
    vertex -9.301082957450111 2.3297999964988163 12.299999999999999
    vertex -9.39808608276957 2.3540980144891432 4.999999999999999
    vertex -9.301082957450115 2.329799996498817 4.999999999999999
  endloop
endfacet
facet normal -0.24298017990326276 -0.9700312531945443 1.6048891476170185e-19
  outer loop
    vertex -9.39808608276957 2.3540980144891432 4.999999999999999
    vertex -9.301082957450111 2.3297999964988163 12.299999999999999
    vertex -9.398086082769566 2.3540980144891424 12.299999999999999
  endloop
endfacet
facet normal 0.24298017990326276 0.9700312531945443 -8.024445738085093e-20
  outer loop
    vertex -9.283630348348662 2.8110309196331515 12.299999999999999
    vertex -9.186627223029209 2.786732901642826 5.0
    vertex -9.283630348348664 2.811030919633152 5.0
  endloop
endfacet
facet normal 0.24298017990326276 0.9700312531945443 -8.024445738085093e-20
  outer loop
    vertex -9.186627223029209 2.786732901642826 5.0
    vertex -9.283630348348662 2.8110309196331515 12.299999999999999
    vertex -9.186627223029209 2.7867329016428255 12.299999999999999
  endloop
endfacet
facet normal 2.541688434126633e-16 -6.36659809617772e-17 1.0
  outer loop
    vertex -9.301082957450111 2.3297999964988163 12.299999999999999
    vertex -9.283630348348662 2.8110309196331515 12.299999999999999
    vertex -9.398086082769566 2.3540980144891424 12.299999999999999
  endloop
endfacet
facet normal 2.541688434126633e-16 -6.36659809617772e-17 1.0
  outer loop
    vertex -9.283630348348662 2.8110309196331515 12.299999999999999
    vertex -9.301082957450111 2.3297999964988163 12.299999999999999
    vertex -9.186627223029209 2.7867329016428255 12.299999999999999
  endloop
endfacet
facet normal -0.9700312531945444 0.24298017990326276 2.62021293206404e-16
  outer loop
    vertex -9.283630348348662 2.8110309196331515 12.299999999999999
    vertex -9.39808608276957 2.3540980144891432 4.999999999999999
    vertex -9.398086082769566 2.3540980144891424 12.299999999999999
  endloop
endfacet
facet normal -0.9700312531945444 0.24298017990326276 2.62021293206404e-16
  outer loop
    vertex -9.39808608276957 2.3540980144891432 4.999999999999999
    vertex -9.283630348348662 2.8110309196331515 12.299999999999999
    vertex -9.283630348348664 2.811030919633152 5.0
  endloop
endfacet
facet normal 1.4711276668445648e-15 -4.0917562461092175e-16 -1.0
  outer loop
    vertex 1.8875401388003492 9.514456342867495 5.0
    vertex 1.406915819259302 9.48465603396205 4.999999999999999
    vertex 1.421588866704839 9.58357368495853 4.999999999999999
  endloop
endfacet
facet normal 1.4711276668445648e-15 -4.0917562461092175e-16 -1.0
  outer loop
    vertex 1.406915819259302 9.48465603396205 4.999999999999999
    vertex 1.8875401388003492 9.514456342867495 5.0
    vertex 1.8728670913548124 9.415538691871015 5.0
  endloop
endfacet
facet normal -0.9891765099647816 0.1467304744553574 -2.2755540455494762e-17
  outer loop
    vertex 1.406915819259302 9.484656033962052 12.299999999999997
    vertex 1.421588866704839 9.58357368495853 4.999999999999999
    vertex 1.406915819259302 9.48465603396205 4.999999999999999
  endloop
endfacet
facet normal -0.9891765099647816 0.1467304744553574 -2.2755540455494762e-17
  outer loop
    vertex 1.421588866704839 9.58357368495853 4.999999999999999
    vertex 1.406915819259302 9.484656033962052 12.299999999999997
    vertex 1.421588866704838 9.583573684958534 12.299999999999997
  endloop
endfacet
facet normal 9.313123211827309e-18 1.8957297802586254e-16 1.0
  outer loop
    vertex 1.406915819259302 9.484656033962052 12.299999999999997
    vertex 1.8875401388003492 9.514456342867497 12.299999999999997
    vertex 1.421588866704838 9.583573684958534 12.299999999999997
  endloop
endfacet
facet normal 9.313123211827309e-18 1.8957297802586254e-16 1.0
  outer loop
    vertex 1.8875401388003492 9.514456342867497 12.299999999999997
    vertex 1.406915819259302 9.484656033962052 12.299999999999997
    vertex 1.872867091354813 9.415538691871017 12.299999999999997
  endloop
endfacet
facet normal 0.9891765099647816 -0.1467304744553574 2.2755540455494762e-17
  outer loop
    vertex 1.8875401388003492 9.514456342867495 5.0
    vertex 1.872867091354813 9.415538691871017 12.299999999999997
    vertex 1.8728670913548124 9.415538691871015 5.0
  endloop
endfacet
facet normal 0.9891765099647816 -0.1467304744553574 2.2755540455494762e-17
  outer loop
    vertex 1.872867091354813 9.415538691871017 12.299999999999997
    vertex 1.8875401388003492 9.514456342867495 5.0
    vertex 1.8875401388003492 9.514456342867497 12.299999999999997
  endloop
endfacet
facet normal -0.14673047445535728 -0.9891765099647816 1.888876557747856e-16
  outer loop
    vertex 1.8728670913548124 9.415538691871015 5.0
    vertex 1.406915819259302 9.484656033962052 12.299999999999997
    vertex 1.406915819259302 9.48465603396205 4.999999999999999
  endloop
endfacet
facet normal -0.14673047445535728 -0.9891765099647816 1.888876557747856e-16
  outer loop
    vertex 1.406915819259302 9.484656033962052 12.299999999999997
    vertex 1.8728670913548124 9.415538691871015 5.0
    vertex 1.872867091354813 9.415538691871017 12.299999999999997
  endloop
endfacet
facet normal 0.14673047445535728 0.9891765099647816 -1.888876557747856e-16
  outer loop
    vertex 1.421588866704838 9.583573684958534 12.299999999999997
    vertex 1.8875401388003492 9.514456342867495 5.0
    vertex 1.421588866704839 9.58357368495853 4.999999999999999
  endloop
endfacet
facet normal 0.14673047445535728 0.9891765099647816 -1.888876557747856e-16
  outer loop
    vertex 1.8875401388003492 9.514456342867495 5.0
    vertex 1.421588866704838 9.583573684958534 12.299999999999997
    vertex 1.8875401388003492 9.514456342867497 12.299999999999997
  endloop
endfacet
facet normal -0.9891765099647802 -0.14673047445536747 5.905833655887042e-17
  outer loop
    vertex -9.583573684958528 -1.4215888667048662 12.3
    vertex -9.652691027049569 -0.95563759460935 5.0
    vertex -9.583573684958527 -1.4215888667048673 4.999999999999999
  endloop
endfacet
facet normal -0.9891765099647802 -0.14673047445536747 5.905833655887042e-17
  outer loop
    vertex -9.652691027049569 -0.95563759460935 5.0
    vertex -9.583573684958528 -1.4215888667048662 12.3
    vertex -9.652691027049563 -0.9556375946093466 12.3
  endloop
endfacet
facet normal -0.14673047445536777 0.9891765099647802 -1.0493525599264626e-16
  outer loop
    vertex -9.55377337605309 -0.9409645471638121 5.0
    vertex -9.652691027049563 -0.9556375946093466 12.3
    vertex -9.553773376053087 -0.9409645471638087 12.3
  endloop
endfacet
facet normal -0.14673047445536777 0.9891765099647802 -1.0493525599264626e-16
  outer loop
    vertex -9.652691027049563 -0.9556375946093466 12.3
    vertex -9.55377337605309 -0.9409645471638121 5.0
    vertex -9.652691027049569 -0.95563759460935 5.0
  endloop
endfacet
facet normal -4.785998472923612e-17 -7.984956050149525e-17 -1.0
  outer loop
    vertex -9.583573684958527 -1.4215888667048673 4.999999999999999
    vertex -9.55377337605309 -0.9409645471638121 5.0
    vertex -9.484656033962045 -1.40691581925933 4.999999999999999
  endloop
endfacet
facet normal -4.785998472923612e-17 -7.984956050149525e-17 -1.0
  outer loop
    vertex -9.55377337605309 -0.9409645471638121 5.0
    vertex -9.583573684958527 -1.4215888667048673 4.999999999999999
    vertex -9.652691027049569 -0.95563759460935 5.0
  endloop
endfacet
facet normal 0.14673047445536777 -0.9891765099647802 7.196279131234305e-17
  outer loop
    vertex -9.583573684958528 -1.4215888667048662 12.3
    vertex -9.484656033962045 -1.40691581925933 4.999999999999999
    vertex -9.484656033962047 -1.4069158192593294 12.3
  endloop
endfacet
facet normal 0.14673047445536777 -0.9891765099647802 7.196279131234305e-17
  outer loop
    vertex -9.484656033962045 -1.40691581925933 4.999999999999999
    vertex -9.583573684958528 -1.4215888667048662 12.3
    vertex -9.583573684958527 -1.4215888667048673 4.999999999999999
  endloop
endfacet
facet normal 0.9891765099647802 0.14673047445536747 -5.905833655887042e-17
  outer loop
    vertex -9.55377337605309 -0.9409645471638121 5.0
    vertex -9.484656033962047 -1.4069158192593294 12.3
    vertex -9.484656033962045 -1.40691581925933 4.999999999999999
  endloop
endfacet
facet normal 0.9891765099647802 0.14673047445536747 -5.905833655887042e-17
  outer loop
    vertex -9.484656033962047 -1.4069158192593294 12.3
    vertex -9.55377337605309 -0.9409645471638121 5.0
    vertex -9.553773376053087 -0.9409645471638087 12.3
  endloop
endfacet
facet normal 4.7859984729236146e-17 7.984956050149499e-17 1.0
  outer loop
    vertex -9.553773376053087 -0.9409645471638087 12.3
    vertex -9.583573684958528 -1.4215888667048662 12.3
    vertex -9.484656033962047 -1.4069158192593294 12.3
  endloop
endfacet
facet normal 4.7859984729236146e-17 7.984956050149499e-17 1.0
  outer loop
    vertex -9.583573684958528 -1.4215888667048662 12.3
    vertex -9.553773376053087 -0.9409645471638087 12.3
    vertex -9.652691027049563 -0.9556375946093466 12.3
  endloop
endfacet
facet normal -0.5956993044924191 -0.8032075314806555 8.210175635288315e-17
  outer loop
    vertex -5.771394812928811 -7.781825068341442 12.299999999999995
    vertex -6.149745458420218 -7.501221105430373 4.999999999999999
    vertex -5.771394812928809 -7.781825068341442 4.999999999999999
  endloop
endfacet
facet normal -0.5956993044924191 -0.8032075314806555 8.210175635288315e-17
  outer loop
    vertex -6.149745458420218 -7.501221105430373 4.999999999999999
    vertex -5.771394812928811 -7.781825068341442 12.299999999999995
    vertex -6.149745458420215 -7.501221105430368 12.299999999999995
  endloop
endfacet
facet normal -0.8032075314806555 0.595699304492419 -7.685676773203742e-17
  outer loop
    vertex -6.090175527970975 -7.420900352282304 4.999999999999999
    vertex -6.149745458420215 -7.501221105430368 12.299999999999995
    vertex -6.090175527970974 -7.420900352282302 12.299999999999995
  endloop
endfacet
facet normal -0.8032075314806555 0.595699304492419 -7.685676773203742e-17
  outer loop
    vertex -6.149745458420215 -7.501221105430368 12.299999999999995
    vertex -6.090175527970975 -7.420900352282304 4.999999999999999
    vertex -6.149745458420218 -7.501221105430373 4.999999999999999
  endloop
endfacet
facet normal -1.3659756432085987e-17 -9.208659785647819e-17 -1.0
  outer loop
    vertex -5.771394812928809 -7.781825068341442 4.999999999999999
    vertex -6.090175527970975 -7.420900352282304 4.999999999999999
    vertex -5.711824882479567 -7.701504315193372 4.999999999999999
  endloop
endfacet
facet normal -1.3659756432085987e-17 -9.208659785647819e-17 -1.0
  outer loop
    vertex -6.090175527970975 -7.420900352282304 4.999999999999999
    vertex -5.771394812928809 -7.781825068341442 4.999999999999999
    vertex -6.149745458420218 -7.501221105430373 4.999999999999999
  endloop
endfacet
facet normal 0.8032075314806555 -0.595699304492419 4.388430305173425e-17
  outer loop
    vertex -5.771394812928811 -7.781825068341442 12.299999999999995
    vertex -5.711824882479567 -7.701504315193372 4.999999999999999
    vertex -5.711824882479567 -7.701504315193372 12.299999999999995
  endloop
endfacet
facet normal 0.8032075314806555 -0.595699304492419 4.388430305173425e-17
  outer loop
    vertex -5.711824882479567 -7.701504315193372 4.999999999999999
    vertex -5.771394812928811 -7.781825068341442 12.299999999999995
    vertex -5.771394812928809 -7.781825068341442 4.999999999999999
  endloop
endfacet
facet normal 0.5956993044924191 0.8032075314806555 -8.210175635288315e-17
  outer loop
    vertex -6.090175527970974 -7.420900352282302 12.299999999999995
    vertex -5.711824882479567 -7.701504315193372 4.999999999999999
    vertex -6.090175527970975 -7.420900352282304 4.999999999999999
  endloop
endfacet
facet normal 0.5956993044924191 0.8032075314806555 -8.210175635288315e-17
  outer loop
    vertex -5.711824882479567 -7.701504315193372 4.999999999999999
    vertex -6.090175527970974 -7.420900352282302 12.299999999999995
    vertex -5.711824882479567 -7.701504315193372 12.299999999999995
  endloop
endfacet
facet normal 1.3659756432086215e-17 9.208659785647801e-17 1.0
  outer loop
    vertex -6.090175527970974 -7.420900352282302 12.299999999999995
    vertex -5.771394812928811 -7.781825068341442 12.299999999999995
    vertex -5.711824882479567 -7.701504315193372 12.299999999999995
  endloop
endfacet
facet normal 1.3659756432086215e-17 9.208659785647801e-17 1.0
  outer loop
    vertex -5.771394812928811 -7.781825068341442 12.299999999999995
    vertex -6.090175527970974 -7.420900352282302 12.299999999999995
    vertex -6.149745458420215 -7.501221105430368 12.299999999999995
  endloop
endfacet
facet normal 0.9987954562051724 -0.04906767432741871 9.130542303644167e-17
  outer loop
    vertex 9.676766233647067 -0.4753890410146531 12.299999999999999
    vertex 9.65365292167361 -0.9458713145965366 4.999999999999999
    vertex 9.676766233647065 -0.4753890410146518 4.999999999999999
  endloop
endfacet
facet normal 0.9987954562051724 -0.04906767432741871 9.130542303644167e-17
  outer loop
    vertex 9.65365292167361 -0.9458713145965366 4.999999999999999
    vertex 9.676766233647067 -0.4753890410146531 12.299999999999999
    vertex 9.653652921673604 -0.9458713145965387 12.299999999999999
  endloop
endfacet
facet normal -0.0490676743274186 -0.9987954562051725 -5.113424253108269e-17
  outer loop
    vertex 9.55377337605309 -0.9409645471637954 4.999999999999999
    vertex 9.653652921673604 -0.9458713145965387 12.299999999999999
    vertex 9.553773376053089 -0.9409645471637978 12.299999999999999
  endloop
endfacet
facet normal -0.0490676743274186 -0.9987954562051725 -5.113424253108269e-17
  outer loop
    vertex 9.653652921673604 -0.9458713145965387 12.299999999999999
    vertex 9.55377337605309 -0.9409645471637954 4.999999999999999
    vertex 9.65365292167361 -0.9458713145965366 4.999999999999999
  endloop
endfacet
facet normal 9.208659785647795e-17 1.3659756432087124e-17 -1.0
  outer loop
    vertex 9.676766233647065 -0.4753890410146518 4.999999999999999
    vertex 9.55377337605309 -0.9409645471637954 4.999999999999999
    vertex 9.576886688026542 -0.4704822735819116 4.999999999999999
  endloop
endfacet
facet normal 9.208659785647795e-17 1.3659756432087124e-17 -1.0
  outer loop
    vertex 9.55377337605309 -0.9409645471637954 4.999999999999999
    vertex 9.676766233647065 -0.4753890410146518 4.999999999999999
    vertex 9.65365292167361 -0.9458713145965366 4.999999999999999
  endloop
endfacet
facet normal 0.0490676743274186 0.9987954562051725 1.8161777850779515e-17
  outer loop
    vertex 9.676766233647067 -0.4753890410146531 12.299999999999999
    vertex 9.576886688026542 -0.4704822735819116 4.999999999999999
    vertex 9.576886688026542 -0.4704822735819117 12.299999999999999
  endloop
endfacet
facet normal 0.0490676743274186 0.9987954562051725 1.8161777850779515e-17
  outer loop
    vertex 9.576886688026542 -0.4704822735819116 4.999999999999999
    vertex 9.676766233647067 -0.4753890410146531 12.299999999999999
    vertex 9.676766233647065 -0.4753890410146518 4.999999999999999
  endloop
endfacet
facet normal -0.9987954562051724 0.04906767432741871 -9.130542303644167e-17
  outer loop
    vertex 9.553773376053089 -0.9409645471637978 12.299999999999999
    vertex 9.576886688026542 -0.4704822735819116 4.999999999999999
    vertex 9.55377337605309 -0.9409645471637954 4.999999999999999
  endloop
endfacet
facet normal -0.9987954562051724 0.04906767432741871 -9.130542303644167e-17
  outer loop
    vertex 9.576886688026542 -0.4704822735819116 4.999999999999999
    vertex 9.553773376053089 -0.9409645471637978 12.299999999999999
    vertex 9.576886688026542 -0.4704822735819117 12.299999999999999
  endloop
endfacet
facet normal -9.208659785647794e-17 -1.3659756432086853e-17 1.0
  outer loop
    vertex 9.553773376053089 -0.9409645471637978 12.299999999999999
    vertex 9.676766233647067 -0.4753890410146531 12.299999999999999
    vertex 9.576886688026542 -0.4704822735819117 12.299999999999999
  endloop
endfacet
facet normal -9.208659785647794e-17 -1.3659756432086853e-17 1.0
  outer loop
    vertex 9.676766233647067 -0.4753890410146531 12.299999999999999
    vertex 9.553773376053089 -0.9409645471637978 12.299999999999999
    vertex 9.653652921673604 -0.9458713145965387 12.299999999999999
  endloop
endfacet
facet normal -0.9700312531945434 -0.24298017990326676 6.582754154062269e-17
  outer loop
    vertex -9.39808608276956 -2.3540980144891868 12.300000000000002
    vertex -9.512541817190462 -1.89716510934519 4.999999999999999
    vertex -9.398086082769558 -2.354098014489188 4.999999999999999
  endloop
endfacet
facet normal -0.9700312531945434 -0.24298017990326676 6.582754154062269e-17
  outer loop
    vertex -9.512541817190462 -1.89716510934519 4.999999999999999
    vertex -9.39808608276956 -2.3540980144891868 12.300000000000002
    vertex -9.512541817190458 -1.8971651093451867 12.300000000000002
  endloop
endfacet
facet normal -0.24298017990326715 0.9700312531945432 -9.880000622092462e-17
  outer loop
    vertex -9.415538691871006 -1.872867091354862 4.999999999999999
    vertex -9.512541817190458 -1.8971651093451867 12.300000000000002
    vertex -9.415538691871005 -1.87286709135486 12.300000000000002
  endloop
endfacet
facet normal -0.24298017990326715 0.9700312531945432 -9.880000622092462e-17
  outer loop
    vertex -9.512541817190458 -1.8971651093451867 12.300000000000002
    vertex -9.415538691871006 -1.872867091354862 4.999999999999999
    vertex -9.512541817190462 -1.89716510934519 4.999999999999999
  endloop
endfacet
facet normal -4.785998472923608e-17 -7.984956050149523e-17 -1.0
  outer loop
    vertex -9.398086082769558 -2.354098014489188 4.999999999999999
    vertex -9.415538691871006 -1.872867091354862 4.999999999999999
    vertex -9.3010829574501 -2.3297999964988594 4.999999999999999
  endloop
endfacet
facet normal -4.785998472923608e-17 -7.984956050149523e-17 -1.0
  outer loop
    vertex -9.415538691871006 -1.872867091354862 4.999999999999999
    vertex -9.398086082769558 -2.354098014489188 4.999999999999999
    vertex -9.512541817190462 -1.89716510934519 4.999999999999999
  endloop
endfacet
facet normal 0.24298017990326715 -0.9700312531945432 6.582754154062142e-17
  outer loop
    vertex -9.39808608276956 -2.3540980144891868 12.300000000000002
    vertex -9.3010829574501 -2.3297999964988594 4.999999999999999
    vertex -9.3010829574501 -2.32979999649886 12.300000000000002
  endloop
endfacet
facet normal 0.24298017990326715 -0.9700312531945432 6.582754154062142e-17
  outer loop
    vertex -9.3010829574501 -2.3297999964988594 4.999999999999999
    vertex -9.39808608276956 -2.3540980144891868 12.300000000000002
    vertex -9.398086082769558 -2.354098014489188 4.999999999999999
  endloop
endfacet
facet normal 0.9700312531945434 0.24298017990326676 -6.582754154062269e-17
  outer loop
    vertex -9.415538691871005 -1.87286709135486 12.300000000000002
    vertex -9.3010829574501 -2.3297999964988594 4.999999999999999
    vertex -9.415538691871006 -1.872867091354862 4.999999999999999
  endloop
endfacet
facet normal 0.9700312531945434 0.24298017990326676 -6.582754154062269e-17
  outer loop
    vertex -9.3010829574501 -2.3297999964988594 4.999999999999999
    vertex -9.415538691871005 -1.87286709135486 12.300000000000002
    vertex -9.3010829574501 -2.32979999649886 12.300000000000002
  endloop
endfacet
facet normal 4.785998472923615e-17 7.984956050149496e-17 1.0
  outer loop
    vertex -9.415538691871005 -1.87286709135486 12.300000000000002
    vertex -9.39808608276956 -2.3540980144891868 12.300000000000002
    vertex -9.3010829574501 -2.32979999649886 12.300000000000002
  endloop
endfacet
facet normal 4.785998472923615e-17 7.984956050149496e-17 1.0
  outer loop
    vertex -9.39808608276956 -2.3540980144891868 12.300000000000002
    vertex -9.415538691871005 -1.87286709135486 12.300000000000002
    vertex -9.512541817190458 -1.8971651093451867 12.300000000000002
  endloop
endfacet
facet normal 0.9700312531945436 0.24298017990326526 9.130542303644167e-17
  outer loop
    vertex 9.39808608276957 2.3540980144891646 12.3
    vertex 9.51254181719047 1.897165109345167 4.999999999999999
    vertex 9.398086082769566 2.3540980144891646 4.999999999999999
  endloop
endfacet
facet normal 0.9700312531945436 0.24298017990326526 9.130542303644167e-17
  outer loop
    vertex 9.51254181719047 1.897165109345167 4.999999999999999
    vertex 9.39808608276957 2.3540980144891646 12.3
    vertex 9.512541817190467 1.8971651093451642 12.3
  endloop
endfacet
facet normal 0.24298017990326543 -0.9700312531945436 -5.11342425310827e-17
  outer loop
    vertex 9.415538691871015 1.8728670913548384 4.999999999999999
    vertex 9.512541817190467 1.8971651093451642 12.3
    vertex 9.415538691871014 1.872867091354837 12.3
  endloop
endfacet
facet normal 0.24298017990326543 -0.9700312531945436 -5.11342425310827e-17
  outer loop
    vertex 9.512541817190467 1.8971651093451642 12.3
    vertex 9.415538691871015 1.8728670913548384 4.999999999999999
    vertex 9.51254181719047 1.897165109345167 4.999999999999999
  endloop
endfacet
facet normal 8.415616188195186e-17 3.980290024437098e-17 -1.0
  outer loop
    vertex 9.398086082769566 2.3540980144891646 4.999999999999999
    vertex 9.415538691871015 1.8728670913548384 4.999999999999999
    vertex 9.301082957450111 2.329799996498836 4.999999999999999
  endloop
endfacet
facet normal 8.415616188195186e-17 3.980290024437098e-17 -1.0
  outer loop
    vertex 9.415538691871015 1.8728670913548384 4.999999999999999
    vertex 9.398086082769566 2.3540980144891646 4.999999999999999
    vertex 9.51254181719047 1.897165109345167 4.999999999999999
  endloop
endfacet
facet normal -0.24298017990326543 0.9700312531945436 1.8161777850779524e-17
  outer loop
    vertex 9.39808608276957 2.3540980144891646 12.3
    vertex 9.301082957450111 2.329799996498836 4.999999999999999
    vertex 9.301082957450111 2.329799996498836 12.3
  endloop
endfacet
facet normal -0.24298017990326543 0.9700312531945436 1.8161777850779524e-17
  outer loop
    vertex 9.301082957450111 2.329799996498836 4.999999999999999
    vertex 9.39808608276957 2.3540980144891646 12.3
    vertex 9.398086082769566 2.3540980144891646 4.999999999999999
  endloop
endfacet
facet normal -0.9700312531945436 -0.24298017990326526 -9.130542303644167e-17
  outer loop
    vertex 9.415538691871014 1.872867091354837 12.3
    vertex 9.301082957450111 2.329799996498836 4.999999999999999
    vertex 9.415538691871015 1.8728670913548384 4.999999999999999
  endloop
endfacet
facet normal -0.9700312531945436 -0.24298017990326526 -9.130542303644167e-17
  outer loop
    vertex 9.301082957450111 2.329799996498836 4.999999999999999
    vertex 9.415538691871014 1.872867091354837 12.3
    vertex 9.301082957450111 2.329799996498836 12.3
  endloop
endfacet
facet normal -8.415616188195193e-17 -3.9802900244370715e-17 1.0
  outer loop
    vertex 9.415538691871014 1.872867091354837 12.3
    vertex 9.39808608276957 2.3540980144891646 12.3
    vertex 9.301082957450111 2.329799996498836 12.3
  endloop
endfacet
facet normal -8.415616188195193e-17 -3.9802900244370715e-17 1.0
  outer loop
    vertex 9.39808608276957 2.3540980144891646 12.3
    vertex 9.415538691871014 1.872867091354837 12.3
    vertex 9.512541817190467 1.8971651093451642 12.3
  endloop
endfacet
facet normal -0.9415440651830187 -0.3368898533922261 6.582754154062274e-17
  outer loop
    vertex -9.122089774087074 -3.263935911513096 12.3
    vertex -9.2807816295475 -2.8204218869820936 4.999999999999999
    vertex -9.122089774087074 -3.263935911513098 4.999999999999999
  endloop
endfacet
facet normal -0.9415440651830187 -0.3368898533922261 6.582754154062274e-17
  outer loop
    vertex -9.2807816295475 -2.8204218869820936 4.999999999999999
    vertex -9.122089774087074 -3.263935911513096 12.3
    vertex -9.280781629547496 -2.820421886982089 12.3
  endloop
endfacet
facet normal -0.3368898533922264 0.9415440651830185 -9.88000062209246e-17
  outer loop
    vertex -9.186627223029197 -2.786732901642869 4.999999999999999
    vertex -9.280781629547496 -2.820421886982089 12.3
    vertex -9.186627223029195 -2.786732901642867 12.3
  endloop
endfacet
facet normal -0.3368898533922264 0.9415440651830185 -9.88000062209246e-17
  outer loop
    vertex -9.280781629547496 -2.820421886982089 12.3
    vertex -9.186627223029197 -2.786732901642869 4.999999999999999
    vertex -9.2807816295475 -2.8204218869820936 4.999999999999999
  endloop
endfacet
facet normal -3.980290024437127e-17 -8.415616188195188e-17 -1.0
  outer loop
    vertex -9.122089774087074 -3.263935911513098 4.999999999999999
    vertex -9.186627223029197 -2.786732901642869 4.999999999999999
    vertex -9.027935367568768 -3.2302469261738733 4.999999999999999
  endloop
endfacet
facet normal -3.980290024437127e-17 -8.415616188195188e-17 -1.0
  outer loop
    vertex -9.186627223029197 -2.786732901642869 4.999999999999999
    vertex -9.122089774087074 -3.263935911513098 4.999999999999999
    vertex -9.2807816295475 -2.8204218869820936 4.999999999999999
  endloop
endfacet
facet normal 0.3368898533922264 -0.9415440651830185 6.582754154062142e-17
  outer loop
    vertex -9.122089774087074 -3.263935911513096 12.3
    vertex -9.027935367568768 -3.2302469261738733 4.999999999999999
    vertex -9.027935367568768 -3.230246926173872 12.3
  endloop
endfacet
facet normal 0.3368898533922264 -0.9415440651830185 6.582754154062142e-17
  outer loop
    vertex -9.027935367568768 -3.2302469261738733 4.999999999999999
    vertex -9.122089774087074 -3.263935911513096 12.3
    vertex -9.122089774087074 -3.263935911513098 4.999999999999999
  endloop
endfacet
facet normal 0.9415440651830187 0.3368898533922261 -6.582754154062274e-17
  outer loop
    vertex -9.186627223029195 -2.786732901642867 12.3
    vertex -9.027935367568768 -3.2302469261738733 4.999999999999999
    vertex -9.186627223029197 -2.786732901642869 4.999999999999999
  endloop
endfacet
facet normal 0.9415440651830187 0.3368898533922261 -6.582754154062274e-17
  outer loop
    vertex -9.027935367568768 -3.2302469261738733 4.999999999999999
    vertex -9.186627223029195 -2.786732901642867 12.3
    vertex -9.027935367568768 -3.230246926173872 12.3
  endloop
endfacet
facet normal 3.980290024437138e-17 8.415616188195161e-17 1.0
  outer loop
    vertex -9.186627223029195 -2.786732901642867 12.3
    vertex -9.122089774087074 -3.263935911513096 12.3
    vertex -9.027935367568768 -3.230246926173872 12.3
  endloop
endfacet
facet normal 3.980290024437138e-17 8.415616188195161e-17 1.0
  outer loop
    vertex -9.122089774087074 -3.263935911513096 12.3
    vertex -9.186627223029195 -2.786732901642867 12.3
    vertex -9.280781629547496 -2.820421886982089 12.3
  endloop
endfacet
facet normal 1.3630341568685952e-15 -6.883161999697445e-16 -1.0
  outer loop
    vertex 3.707449936044067 8.963397918626654 5.0
    vertex 3.230246926173848 9.027935367568775 4.999999999999999
    vertex 3.2639359115130704 9.122089774087078 4.999999999999999
  endloop
endfacet
facet normal 1.3630341568685952e-15 -6.883161999697445e-16 -1.0
  outer loop
    vertex 3.230246926173848 9.027935367568775 4.999999999999999
    vertex 3.707449936044067 8.963397918626654 5.0
    vertex 3.673760950704845 8.869243512108353 5.0
  endloop
endfacet
facet normal -0.9415440651830191 0.3368898533922246 -2.275554045549476e-17
  outer loop
    vertex 3.2302469261738493 9.027935367568778 12.299999999999999
    vertex 3.2639359115130704 9.122089774087078 4.999999999999999
    vertex 3.230246926173848 9.027935367568775 4.999999999999999
  endloop
endfacet
facet normal -0.9415440651830191 0.3368898533922246 -2.275554045549476e-17
  outer loop
    vertex 3.2639359115130704 9.122089774087078 4.999999999999999
    vertex 3.2302469261738493 9.027935367568778 12.299999999999999
    vertex 3.2639359115130704 9.12208977408708 12.299999999999999
  endloop
endfacet
facet normal 4.611802748936556e-17 1.8411348620359936e-16 1.0
  outer loop
    vertex 3.2302469261738493 9.027935367568778 12.299999999999999
    vertex 3.707449936044068 8.963397918626656 12.299999999999999
    vertex 3.2639359115130704 9.12208977408708 12.299999999999999
  endloop
endfacet
facet normal 4.611802748936556e-17 1.8411348620359936e-16 1.0
  outer loop
    vertex 3.707449936044068 8.963397918626656 12.299999999999999
    vertex 3.2302469261738493 9.027935367568778 12.299999999999999
    vertex 3.6737609507048448 8.869243512108355 12.299999999999999
  endloop
endfacet
facet normal 0.9415440651830191 -0.3368898533922246 2.275554045549476e-17
  outer loop
    vertex 3.707449936044067 8.963397918626654 5.0
    vertex 3.6737609507048448 8.869243512108355 12.299999999999999
    vertex 3.673760950704845 8.869243512108353 5.0
  endloop
endfacet
facet normal 0.9415440651830191 -0.3368898533922246 2.275554045549476e-17
  outer loop
    vertex 3.6737609507048448 8.869243512108355 12.299999999999999
    vertex 3.707449936044067 8.963397918626654 5.0
    vertex 3.707449936044068 8.963397918626656 12.299999999999999
  endloop
endfacet
facet normal -0.3368898533922246 -0.9415440651830191 1.8888765577478556e-16
  outer loop
    vertex 3.673760950704845 8.869243512108353 5.0
    vertex 3.2302469261738493 9.027935367568778 12.299999999999999
    vertex 3.230246926173848 9.027935367568775 4.999999999999999
  endloop
endfacet
facet normal -0.3368898533922246 -0.9415440651830191 1.8888765577478556e-16
  outer loop
    vertex 3.2302469261738493 9.027935367568778 12.299999999999999
    vertex 3.673760950704845 8.869243512108353 5.0
    vertex 3.6737609507048448 8.869243512108355 12.299999999999999
  endloop
endfacet
facet normal 0.3368898533922246 0.9415440651830191 -1.8888765577478556e-16
  outer loop
    vertex 3.2639359115130704 9.12208977408708 12.299999999999999
    vertex 3.707449936044067 8.963397918626654 5.0
    vertex 3.2639359115130704 9.122089774087078 4.999999999999999
  endloop
endfacet
facet normal 0.3368898533922246 0.9415440651830191 -1.8888765577478556e-16
  outer loop
    vertex 3.707449936044067 8.963397918626654 5.0
    vertex 3.2639359115130704 9.12208977408708 12.299999999999999
    vertex 3.707449936044068 8.963397918626656 12.299999999999999
  endloop
endfacet
facet normal 0.9700312531945451 -0.24298017990326015 9.130542303644165e-17
  outer loop
    vertex 9.398086082769556 -2.354098014489197 12.299999999999995
    vertex 9.283630348348655 -2.8110309196331933 4.999999999999999
    vertex 9.398086082769554 -2.354098014489195 4.999999999999999
  endloop
endfacet
facet normal 0.9700312531945451 -0.24298017990326015 9.130542303644165e-17
  outer loop
    vertex 9.283630348348655 -2.8110309196331933 4.999999999999999
    vertex 9.398086082769556 -2.354098014489197 12.299999999999995
    vertex 9.283630348348648 -2.8110309196331946 12.299999999999995
  endloop
endfacet
facet normal -0.2429801799032602 -0.970031253194545 -5.1134242531082665e-17
  outer loop
    vertex 9.186627223029198 -2.7867329016428686 4.999999999999999
    vertex 9.283630348348648 -2.8110309196331946 12.299999999999995
    vertex 9.186627223029195 -2.786732901642869 12.299999999999995
  endloop
endfacet
facet normal -0.2429801799032602 -0.970031253194545 -5.1134242531082665e-17
  outer loop
    vertex 9.283630348348648 -2.8110309196331946 12.299999999999995
    vertex 9.186627223029198 -2.7867329016428686 4.999999999999999
    vertex 9.283630348348655 -2.8110309196331933 4.999999999999999
  endloop
endfacet
facet normal 9.298206598104305e-17 -4.567915986705176e-18 -1.0
  outer loop
    vertex 9.398086082769554 -2.354098014489195 4.999999999999999
    vertex 9.186627223029198 -2.7867329016428686 4.999999999999999
    vertex 9.301082957450097 -2.3297999964988687 4.999999999999999
  endloop
endfacet
facet normal 9.298206598104305e-17 -4.567915986705176e-18 -1.0
  outer loop
    vertex 9.186627223029198 -2.7867329016428686 4.999999999999999
    vertex 9.398086082769554 -2.354098014489195 4.999999999999999
    vertex 9.283630348348655 -2.8110309196331933 4.999999999999999
  endloop
endfacet
facet normal 0.2429801799032602 0.970031253194545 1.8161777850779496e-17
  outer loop
    vertex 9.398086082769556 -2.354098014489197 12.299999999999995
    vertex 9.301082957450097 -2.3297999964988687 4.999999999999999
    vertex 9.301082957450095 -2.3297999964988705 12.299999999999995
  endloop
endfacet
facet normal 0.2429801799032602 0.970031253194545 1.8161777850779496e-17
  outer loop
    vertex 9.301082957450097 -2.3297999964988687 4.999999999999999
    vertex 9.398086082769556 -2.354098014489197 12.299999999999995
    vertex 9.398086082769554 -2.354098014489195 4.999999999999999
  endloop
endfacet
facet normal -0.9700312531945451 0.24298017990326015 -9.130542303644165e-17
  outer loop
    vertex 9.186627223029195 -2.786732901642869 12.299999999999995
    vertex 9.301082957450097 -2.3297999964988687 4.999999999999999
    vertex 9.186627223029198 -2.7867329016428686 4.999999999999999
  endloop
endfacet
facet normal -0.9700312531945451 0.24298017990326015 -9.130542303644165e-17
  outer loop
    vertex 9.301082957450097 -2.3297999964988687 4.999999999999999
    vertex 9.186627223029195 -2.786732901642869 12.299999999999995
    vertex 9.301082957450095 -2.3297999964988705 12.299999999999995
  endloop
endfacet
facet normal -9.298206598104297e-17 4.5679159867054536e-18 1.0
  outer loop
    vertex 9.186627223029195 -2.786732901642869 12.299999999999995
    vertex 9.398086082769556 -2.354098014489197 12.299999999999995
    vertex 9.301082957450095 -2.3297999964988705 12.299999999999995
  endloop
endfacet
facet normal -9.298206598104297e-17 4.5679159867054536e-18 1.0
  outer loop
    vertex 9.398086082769556 -2.354098014489197 12.299999999999995
    vertex 9.186627223029195 -2.786732901642869 12.299999999999995
    vertex 9.283630348348648 -2.8110309196331946 12.299999999999995
  endloop
endfacet
facet normal -0.9415440651830213 0.3368898533922191 9.467154822801495e-17
  outer loop
    vertex -8.963397918626661 3.707449936044068 12.3
    vertex -9.122089774087089 3.263935911513057 4.999999999999999
    vertex -9.122089774087087 3.2639359115130566 12.3
  endloop
endfacet
facet normal -0.9415440651830213 0.3368898533922191 9.467154822801495e-17
  outer loop
    vertex -9.122089774087089 3.263935911513057 4.999999999999999
    vertex -8.963397918626661 3.707449936044068 12.3
    vertex -8.963397918626661 3.707449936044068 4.999999999999999
  endloop
endfacet
facet normal 8.913743437577568e-17 -3.1893884002950205e-17 1.0
  outer loop
    vertex -9.027935367568784 3.2302469261738342 12.3
    vertex -8.963397918626661 3.707449936044068 12.3
    vertex -9.122089774087087 3.2639359115130566 12.3
  endloop
endfacet
facet normal 8.913743437577568e-17 -3.1893884002950205e-17 1.0
  outer loop
    vertex -8.963397918626661 3.707449936044068 12.3
    vertex -9.027935367568784 3.2302469261738342 12.3
    vertex -8.869243512108358 3.673760950704846 12.3
  endloop
endfacet
facet normal 0.33688985339221905 0.9415440651830211 0.0
  outer loop
    vertex -8.963397918626661 3.707449936044068 12.3
    vertex -8.869243512108358 3.673760950704846 4.999999999999999
    vertex -8.963397918626661 3.707449936044068 4.999999999999999
  endloop
endfacet
facet normal 0.33688985339221905 0.9415440651830211 0.0
  outer loop
    vertex -8.869243512108358 3.673760950704846 4.999999999999999
    vertex -8.963397918626661 3.707449936044068 12.3
    vertex -8.869243512108358 3.673760950704846 12.3
  endloop
endfacet
facet normal -8.913743437577557e-17 3.1893884002950495e-17 -1.0
  outer loop
    vertex -8.963397918626661 3.707449936044068 4.999999999999999
    vertex -9.027935367568785 3.230246926173835 4.999999999999999
    vertex -9.122089774087089 3.263935911513057 4.999999999999999
  endloop
endfacet
facet normal -8.913743437577557e-17 3.1893884002950495e-17 -1.0
  outer loop
    vertex -9.027935367568785 3.230246926173835 4.999999999999999
    vertex -8.963397918626661 3.707449936044068 4.999999999999999
    vertex -8.869243512108358 3.673760950704846 4.999999999999999
  endloop
endfacet
facet normal -0.33688985339221905 -0.9415440651830211 -2.274356975617309e-17
  outer loop
    vertex -9.027935367568784 3.2302469261738342 12.3
    vertex -9.122089774087089 3.263935911513057 4.999999999999999
    vertex -9.027935367568785 3.230246926173835 4.999999999999999
  endloop
endfacet
facet normal -0.33688985339221905 -0.9415440651830211 -2.274356975617309e-17
  outer loop
    vertex -9.122089774087089 3.263935911513057 4.999999999999999
    vertex -9.027935367568784 3.2302469261738342 12.3
    vertex -9.122089774087087 3.2639359115130566 12.3
  endloop
endfacet
facet normal 0.9415440651830213 -0.3368898533922191 -9.467154822801495e-17
  outer loop
    vertex -9.027935367568785 3.230246926173835 4.999999999999999
    vertex -8.869243512108358 3.673760950704846 12.3
    vertex -9.027935367568784 3.2302469261738342 12.3
  endloop
endfacet
facet normal 0.9415440651830213 -0.3368898533922191 -9.467154822801495e-17
  outer loop
    vertex -8.869243512108358 3.673760950704846 12.3
    vertex -9.027935367568785 3.230246926173835 4.999999999999999
    vertex -8.869243512108358 3.673760950704846 4.999999999999999
  endloop
endfacet
facet normal 1.5226865656015918e-15 -1.1431065946665258e-16 -1.0
  outer loop
    vertex -0.00490676743276134 9.699879545620517 5.0
    vertex -0.470482273581896 9.576886688026544 4.999999999999999
    vertex -0.4753890410146369 9.676766233647063 4.999999999999999
  endloop
endfacet
facet normal 1.5226865656015918e-15 -1.1431065946665258e-16 -1.0
  outer loop
    vertex -0.470482273581896 9.576886688026544 4.999999999999999
    vertex -0.00490676743276134 9.699879545620517 5.0
    vertex -1.8770401899459443e-14 9.6 5.0
  endloop
endfacet
facet normal -0.9987954562051724 -0.049067674327419805 -2.275554045549477e-17
  outer loop
    vertex -0.47048227358189626 9.576886688026546 12.3
    vertex -0.4753890410146369 9.676766233647063 4.999999999999999
    vertex -0.470482273581896 9.576886688026544 4.999999999999999
  endloop
endfacet
facet normal -0.9987954562051724 -0.049067674327419805 -2.275554045549477e-17
  outer loop
    vertex -0.4753890410146369 9.676766233647063 4.999999999999999
    vertex -0.47048227358189626 9.576886688026546 12.3
    vertex -0.4753890410146377 9.676766233647063 12.3
  endloop
endfacet
facet normal -2.7849679167879566e-17 1.8774728661634236e-16 1.0
  outer loop
    vertex -0.47048227358189626 9.576886688026546 12.3
    vertex -0.004906767432761604 9.699879545620519 12.3
    vertex -0.4753890410146377 9.676766233647063 12.3
  endloop
endfacet
facet normal -2.7849679167879566e-17 1.8774728661634236e-16 1.0
  outer loop
    vertex -0.004906767432761604 9.699879545620519 12.3
    vertex -0.47048227358189626 9.576886688026546 12.3
    vertex -2.0268509093313014e-14 9.600000000000001 12.3
  endloop
endfacet
facet normal 0.9987954562051724 0.049067674327419805 2.275554045549477e-17
  outer loop
    vertex -0.00490676743276134 9.699879545620517 5.0
    vertex -2.0268509093313014e-14 9.600000000000001 12.3
    vertex -1.8770401899459443e-14 9.6 5.0
  endloop
endfacet
facet normal 0.9987954562051724 0.049067674327419805 2.275554045549477e-17
  outer loop
    vertex -2.0268509093313014e-14 9.600000000000001 12.3
    vertex -0.00490676743276134 9.699879545620517 5.0
    vertex -0.004906767432761604 9.699879545620519 12.3
  endloop
endfacet
facet normal 0.049067674327419986 -0.9987954562051724 1.8888765577478566e-16
  outer loop
    vertex -1.8770401899459443e-14 9.6 5.0
    vertex -0.47048227358189626 9.576886688026546 12.3
    vertex -0.470482273581896 9.576886688026544 4.999999999999999
  endloop
endfacet
facet normal 0.049067674327419986 -0.9987954562051724 1.8888765577478566e-16
  outer loop
    vertex -0.47048227358189626 9.576886688026546 12.3
    vertex -1.8770401899459443e-14 9.6 5.0
    vertex -2.0268509093313014e-14 9.600000000000001 12.3
  endloop
endfacet
facet normal -0.049067674327419986 0.9987954562051724 -1.8888765577478566e-16
  outer loop
    vertex -0.4753890410146377 9.676766233647063 12.3
    vertex -0.00490676743276134 9.699879545620517 5.0
    vertex -0.4753890410146369 9.676766233647063 4.999999999999999
  endloop
endfacet
facet normal -0.049067674327419986 0.9987954562051724 -1.8888765577478566e-16
  outer loop
    vertex -0.00490676743276134 9.699879545620517 5.0
    vertex -0.4753890410146377 9.676766233647063 12.3
    vertex -0.004906767432761604 9.699879545620519 12.3
  endloop
endfacet
facet normal -0.8577286100002701 -0.5141027441932249 7.740500006486471e-17
  outer loop
    vertex -8.310049068924338 -4.980851729678227 12.300000000000004
    vertex -8.552216998744221 -4.576818947948933 4.999999999999998
    vertex -8.310049068924338 -4.9808517296782275 4.999999999999998
  endloop
endfacet
facet normal -0.8577286100002701 -0.5141027441932249 7.740500006486471e-17
  outer loop
    vertex -8.552216998744221 -4.576818947948933 4.999999999999998
    vertex -8.310049068924338 -4.980851729678227 12.300000000000004
    vertex -8.552216998744218 -4.576818947948928 12.300000000000004
  endloop
endfacet
facet normal -0.5141027441932251 0.8577286100002701 -8.469283219178695e-17
  outer loop
    vertex -8.466444137744192 -4.525408673529607 4.999999999999998
    vertex -8.552216998744218 -4.576818947948928 12.300000000000004
    vertex -8.46644413774419 -4.525408673529606 12.300000000000004
  endloop
endfacet
facet normal -0.5141027441932251 0.8577286100002701 -8.469283219178695e-17
  outer loop
    vertex -8.552216998744218 -4.576818947948928 12.300000000000004
    vertex -8.466444137744192 -4.525408673529607 4.999999999999998
    vertex -8.552216998744221 -4.576818947948933 4.999999999999998
  endloop
endfacet
facet normal -3.980290024437122e-17 -8.415616188195186e-17 -1.0
  outer loop
    vertex -8.310049068924338 -4.9808517296782275 4.999999999999998
    vertex -8.466444137744192 -4.525408673529607 4.999999999999998
    vertex -8.224276207924305 -4.929441455258904 4.999999999999998
  endloop
endfacet
facet normal -3.980290024437122e-17 -8.415616188195186e-17 -1.0
  outer loop
    vertex -8.466444137744192 -4.525408673529607 4.999999999999998
    vertex -8.310049068924338 -4.9808517296782275 4.999999999999998
    vertex -8.552216998744221 -4.576818947948933 4.999999999999998
  endloop
endfacet
facet normal 0.5141027441932251 -0.8577286100002701 5.172036751148377e-17
  outer loop
    vertex -8.310049068924338 -4.980851729678227 12.300000000000004
    vertex -8.224276207924305 -4.929441455258904 4.999999999999998
    vertex -8.224276207924305 -4.929441455258902 12.300000000000004
  endloop
endfacet
facet normal 0.5141027441932251 -0.8577286100002701 5.172036751148377e-17
  outer loop
    vertex -8.224276207924305 -4.929441455258904 4.999999999999998
    vertex -8.310049068924338 -4.980851729678227 12.300000000000004
    vertex -8.310049068924338 -4.9808517296782275 4.999999999999998
  endloop
endfacet
facet normal 0.8577286100002701 0.5141027441932249 -7.740500006486471e-17
  outer loop
    vertex -8.46644413774419 -4.525408673529606 12.300000000000004
    vertex -8.224276207924305 -4.929441455258904 4.999999999999998
    vertex -8.466444137744192 -4.525408673529607 4.999999999999998
  endloop
endfacet
facet normal 0.8577286100002701 0.5141027441932249 -7.740500006486471e-17
  outer loop
    vertex -8.224276207924305 -4.929441455258904 4.999999999999998
    vertex -8.46644413774419 -4.525408673529606 12.300000000000004
    vertex -8.224276207924305 -4.929441455258902 12.300000000000004
  endloop
endfacet
facet normal 3.980290024437137e-17 8.415616188195161e-17 1.0
  outer loop
    vertex -8.46644413774419 -4.525408673529606 12.300000000000004
    vertex -8.310049068924338 -4.980851729678227 12.300000000000004
    vertex -8.224276207924305 -4.929441455258902 12.300000000000004
  endloop
endfacet
facet normal 3.980290024437137e-17 8.415616188195161e-17 1.0
  outer loop
    vertex -8.310049068924338 -4.980851729678227 12.300000000000004
    vertex -8.46644413774419 -4.525408673529606 12.300000000000004
    vertex -8.552216998744218 -4.576818947948928 12.300000000000004
  endloop
endfacet
facet normal -0.33688985339221783 -0.9415440651830216 8.600782784583824e-17
  outer loop
    vertex -3.2639359115130535 -9.122089774087089 12.299999999999997
    vertex -3.7074499360440587 -8.963397918626665 4.999999999999999
    vertex -3.263935911513052 -9.122089774087089 4.999999999999999
  endloop
endfacet
facet normal -0.33688985339221783 -0.9415440651830216 8.600782784583824e-17
  outer loop
    vertex -3.7074499360440587 -8.963397918626665 4.999999999999999
    vertex -3.2639359115130535 -9.122089774087089 12.299999999999997
    vertex -3.7074499360440583 -8.963397918626658 12.299999999999997
  endloop
endfacet
facet normal -0.9415440651830216 0.3368898533922178 -6.859807344429893e-17
  outer loop
    vertex -3.6737609507048377 -8.869243512108364 4.999999999999999
    vertex -3.7074499360440583 -8.963397918626658 12.299999999999997
    vertex -3.673760950704838 -8.869243512108358 12.299999999999997
  endloop
endfacet
facet normal -0.9415440651830216 0.3368898533922178 -6.859807344429893e-17
  outer loop
    vertex -3.7074499360440583 -8.963397918626658 12.299999999999997
    vertex -3.6737609507048377 -8.869243512108364 4.999999999999999
    vertex -3.7074499360440587 -8.963397918626665 4.999999999999999
  endloop
endfacet
facet normal 4.5679159867049944e-18 -9.298206598104307e-17 -1.0
  outer loop
    vertex -3.263935911513052 -9.122089774087089 4.999999999999999
    vertex -3.6737609507048377 -8.869243512108364 4.999999999999999
    vertex -3.2302469261738302 -9.027935367568784 4.999999999999999
  endloop
endfacet
facet normal 4.5679159867049944e-18 -9.298206598104307e-17 -1.0
  outer loop
    vertex -3.6737609507048377 -8.869243512108364 4.999999999999999
    vertex -3.263935911513052 -9.122089774087089 4.999999999999999
    vertex -3.7074499360440587 -8.963397918626665 4.999999999999999
  endloop
endfacet
facet normal 0.9415440651830216 -0.3368898533922178 3.562560876399576e-17
  outer loop
    vertex -3.2639359115130535 -9.122089774087089 12.299999999999997
    vertex -3.2302469261738302 -9.027935367568784 4.999999999999999
    vertex -3.230246926173831 -9.027935367568784 12.299999999999997
  endloop
endfacet
facet normal 0.9415440651830216 -0.3368898533922178 3.562560876399576e-17
  outer loop
    vertex -3.2302469261738302 -9.027935367568784 4.999999999999999
    vertex -3.2639359115130535 -9.122089774087089 12.299999999999997
    vertex -3.263935911513052 -9.122089774087089 4.999999999999999
  endloop
endfacet
facet normal 0.33688985339221783 0.9415440651830216 -8.600782784583824e-17
  outer loop
    vertex -3.673760950704838 -8.869243512108358 12.299999999999997
    vertex -3.2302469261738302 -9.027935367568784 4.999999999999999
    vertex -3.6737609507048377 -8.869243512108364 4.999999999999999
  endloop
endfacet
facet normal 0.33688985339221783 0.9415440651830216 -8.600782784583824e-17
  outer loop
    vertex -3.2302469261738302 -9.027935367568784 4.999999999999999
    vertex -3.673760950704838 -8.869243512108358 12.299999999999997
    vertex -3.230246926173831 -9.027935367568784 12.299999999999997
  endloop
endfacet
facet normal -4.567915986704742e-18 9.298206598104298e-17 1.0
  outer loop
    vertex -3.673760950704838 -8.869243512108358 12.299999999999997
    vertex -3.2639359115130535 -9.122089774087089 12.299999999999997
    vertex -3.230246926173831 -9.027935367568784 12.299999999999997
  endloop
endfacet
facet normal -4.567915986704742e-18 9.298206598104298e-17 1.0
  outer loop
    vertex -3.2639359115130535 -9.122089774087089 12.299999999999997
    vertex -3.673760950704838 -8.869243512108358 12.299999999999997
    vertex -3.7074499360440583 -8.963397918626658 12.299999999999997
  endloop
endfacet
facet normal -0.04906767432741421 -0.9987954562051726 8.600782784583821e-17
  outer loop
    vertex -0.47538904101462237 -9.676766233647063 12.3
    vertex -0.9458713145965061 -9.65365292167361 4.999999999999999
    vertex -0.4753890410146207 -9.676766233647063 4.999999999999999
  endloop
endfacet
facet normal -0.04906767432741421 -0.9987954562051726 8.600782784583821e-17
  outer loop
    vertex -0.9458713145965061 -9.65365292167361 4.999999999999999
    vertex -0.47538904101462237 -9.676766233647063 12.3
    vertex -0.9458713145965072 -9.653652921673604 12.3
  endloop
endfacet
facet normal -0.9987954562051726 0.04906767432741421 -6.859807344429893e-17
  outer loop
    vertex -0.9409645471637661 -9.55377337605309 4.999999999999999
    vertex -0.9458713145965072 -9.653652921673604 12.3
    vertex -0.940964547163766 -9.553773376053089 12.3
  endloop
endfacet
facet normal -0.9987954562051726 0.04906767432741421 -6.859807344429893e-17
  outer loop
    vertex -0.9458713145965072 -9.653652921673604 12.3
    vertex -0.9409645471637661 -9.55377337605309 4.999999999999999
    vertex -0.9458713145965061 -9.65365292167361 4.999999999999999
  endloop
endfacet
facet normal 3.136249207167436e-17 -8.765229341904753e-17 -1.0
  outer loop
    vertex -0.4753890410146207 -9.676766233647063 4.999999999999999
    vertex -0.9409645471637661 -9.55377337605309 4.999999999999999
    vertex -0.47048227358188077 -9.576886688026542 4.999999999999999
  endloop
endfacet
facet normal 3.136249207167436e-17 -8.765229341904753e-17 -1.0
  outer loop
    vertex -0.9409645471637661 -9.55377337605309 4.999999999999999
    vertex -0.4753890410146207 -9.676766233647063 4.999999999999999
    vertex -0.9458713145965061 -9.65365292167361 4.999999999999999
  endloop
endfacet
facet normal 0.9987954562051726 -0.04906767432741421 3.562560876399576e-17
  outer loop
    vertex -0.47538904101462237 -9.676766233647063 12.3
    vertex -0.47048227358188077 -9.576886688026542 4.999999999999999
    vertex -0.4704822735818804 -9.576886688026542 12.3
  endloop
endfacet
facet normal 0.9987954562051726 -0.04906767432741421 3.562560876399576e-17
  outer loop
    vertex -0.47048227358188077 -9.576886688026542 4.999999999999999
    vertex -0.47538904101462237 -9.676766233647063 12.3
    vertex -0.4753890410146207 -9.676766233647063 4.999999999999999
  endloop
endfacet
facet normal 0.04906767432741421 0.9987954562051726 -8.600782784583821e-17
  outer loop
    vertex -0.940964547163766 -9.553773376053089 12.3
    vertex -0.47048227358188077 -9.576886688026542 4.999999999999999
    vertex -0.9409645471637661 -9.55377337605309 4.999999999999999
  endloop
endfacet
facet normal 0.04906767432741421 0.9987954562051726 -8.600782784583821e-17
  outer loop
    vertex -0.47048227358188077 -9.576886688026542 4.999999999999999
    vertex -0.940964547163766 -9.553773376053089 12.3
    vertex -0.4704822735818804 -9.576886688026542 12.3
  endloop
endfacet
facet normal -3.1362492071674075e-17 8.765229341904748e-17 1.0
  outer loop
    vertex -0.940964547163766 -9.553773376053089 12.3
    vertex -0.47538904101462237 -9.676766233647063 12.3
    vertex -0.4704822735818804 -9.576886688026542 12.3
  endloop
endfacet
facet normal -3.1362492071674075e-17 8.765229341904748e-17 1.0
  outer loop
    vertex -0.47538904101462237 -9.676766233647063 12.3
    vertex -0.940964547163766 -9.553773376053089 12.3
    vertex -0.9458713145965072 -9.653652921673604 12.3
  endloop
endfacet
facet normal -0.5141027441932158 -0.8577286100002756 8.210175635288311e-17
  outer loop
    vertex -4.9808517296781805 -8.310049068924364 12.299999999999999
    vertex -5.384884511407478 -8.067881139104482 4.999999999999999
    vertex -4.98085172967818 -8.310049068924364 4.999999999999999
  endloop
endfacet
facet normal -0.5141027441932158 -0.8577286100002756 8.210175635288311e-17
  outer loop
    vertex -5.384884511407478 -8.067881139104482 4.999999999999999
    vertex -4.9808517296781805 -8.310049068924364 12.299999999999999
    vertex -5.384884511407477 -8.067881139104477 12.299999999999999
  endloop
endfacet
facet normal -0.8577286100002757 0.5141027441932158 -7.685676773203743e-17
  outer loop
    vertex -5.333474236988157 -7.982108278104453 4.999999999999999
    vertex -5.384884511407477 -8.067881139104477 12.299999999999999
    vertex -5.333474236988156 -7.98210827810445 12.299999999999999
  endloop
endfacet
facet normal -0.8577286100002757 0.5141027441932158 -7.685676773203743e-17
  outer loop
    vertex -5.384884511407477 -8.067881139104477 12.299999999999999
    vertex -5.333474236988157 -7.982108278104453 4.999999999999999
    vertex -5.384884511407478 -8.067881139104482 4.999999999999999
  endloop
endfacet
facet normal -4.567915986705025e-18 -9.29820659810431e-17 -1.0
  outer loop
    vertex -4.98085172967818 -8.310049068924364 4.999999999999999
    vertex -5.333474236988157 -7.982108278104453 4.999999999999999
    vertex -4.929441455258857 -8.224276207924332 4.999999999999999
  endloop
endfacet
facet normal -4.567915986705025e-18 -9.29820659810431e-17 -1.0
  outer loop
    vertex -5.333474236988157 -7.982108278104453 4.999999999999999
    vertex -4.98085172967818 -8.310049068924364 4.999999999999999
    vertex -5.384884511407478 -8.067881139104482 4.999999999999999
  endloop
endfacet
facet normal 0.8577286100002757 -0.5141027441932158 4.388430305173426e-17
  outer loop
    vertex -4.9808517296781805 -8.310049068924364 12.299999999999999
    vertex -4.929441455258857 -8.224276207924332 4.999999999999999
    vertex -4.929441455258857 -8.224276207924332 12.299999999999999
  endloop
endfacet
facet normal 0.8577286100002757 -0.5141027441932158 4.388430305173426e-17
  outer loop
    vertex -4.929441455258857 -8.224276207924332 4.999999999999999
    vertex -4.9808517296781805 -8.310049068924364 12.299999999999999
    vertex -4.98085172967818 -8.310049068924364 4.999999999999999
  endloop
endfacet
facet normal 0.5141027441932158 0.8577286100002756 -8.210175635288311e-17
  outer loop
    vertex -5.333474236988156 -7.98210827810445 12.299999999999999
    vertex -4.929441455258857 -8.224276207924332 4.999999999999999
    vertex -5.333474236988157 -7.982108278104453 4.999999999999999
  endloop
endfacet
facet normal 0.5141027441932158 0.8577286100002756 -8.210175635288311e-17
  outer loop
    vertex -4.929441455258857 -8.224276207924332 4.999999999999999
    vertex -5.333474236988156 -7.98210827810445 12.299999999999999
    vertex -4.929441455258857 -8.224276207924332 12.299999999999999
  endloop
endfacet
facet normal 4.5679159867052656e-18 9.298206598104297e-17 1.0
  outer loop
    vertex -5.333474236988156 -7.98210827810445 12.299999999999999
    vertex -4.9808517296781805 -8.310049068924364 12.299999999999999
    vertex -4.929441455258857 -8.224276207924332 12.299999999999999
  endloop
endfacet
facet normal 4.5679159867052656e-18 9.298206598104297e-17 1.0
  outer loop
    vertex -4.9808517296781805 -8.310049068924364 12.299999999999999
    vertex -5.333474236988156 -7.98210827810445 12.299999999999999
    vertex -5.384884511407477 -8.067881139104477 12.299999999999999
  endloop
endfacet
facet normal 0.7409511253549576 -0.6715589548470201 3.53535718493942e-18
  outer loop
    vertex 8.116609760308725 -6.661129483718297 -5.0
    vertex 7.424621202458736 -7.424621202458764 5.0
    vertex 7.424621202458736 -7.424621202458764 -5.0
  endloop
endfacet
facet normal 0.7409511253549576 -0.6715589548470201 3.53535718493942e-18
  outer loop
    vertex 7.424621202458736 -7.424621202458764 5.0
    vertex 8.116609760308725 -6.661129483718297 -5.0
    vertex 8.116609760308725 -6.661129483718297 5.0
  endloop
endfacet
facet normal -0.14673047445536164 -0.989176509964781 -7.001064164209549e-19
  outer loop
    vertex -1.0291799734603757 -10.44943963005807 5.0
    vertex -2.0484483811693326 -10.298245444233922 -5.0
    vertex -1.0291799734603757 -10.44943963005807 -5.0
  endloop
endfacet
facet normal -0.14673047445536164 -0.989176509964781 -7.001064164209549e-19
  outer loop
    vertex -2.0484483811693326 -10.298245444233922 -5.0
    vertex -1.0291799734603757 -10.44943963005807 5.0
    vertex -2.0484483811693326 -10.298245444233922 5.0
  endloop
endfacet
facet normal 0.4275550934302821 -0.9039892931234433 4.313273754758446e-18
  outer loop
    vertex 4.949665736672966 -9.260173275657733 5.0
    vertex 4.018176039833437 -9.700735091368514 -5.0
    vertex 4.949665736672966 -9.260173275657733 -5.0
  endloop
endfacet
facet normal 0.4275550934302821 -0.9039892931234433 4.313273754758446e-18
  outer loop
    vertex 4.018176039833437 -9.700735091368514 -5.0
    vertex 4.949665736672966 -9.260173275657733 5.0
    vertex 4.018176039833437 -9.700735091368514 5.0
  endloop
endfacet
facet normal 0.9987954562051724 -0.04906767432741928 -2.978518565148449e-19
  outer loop
    vertex 10.5 0.0 -5.0
    vertex 10.449439630058064 -1.029179973460432 5.0
    vertex 10.449439630058064 -1.029179973460432 -5.0
  endloop
endfacet
facet normal 0.9987954562051724 -0.04906767432741928 -2.978518565148449e-19
  outer loop
    vertex 10.449439630058064 -1.029179973460432 5.0
    vertex 10.5 0.0 -5.0
    vertex 10.5 0.0 5.0
  endloop
endfacet
facet normal -0.5956993044924314 -0.8032075314806465 5.684611964633523e-18
  outer loop
    vertex -5.8334874467058 -8.730430929176743 5.0
    vertex -6.661129483718254 -8.116609760308759 -5.0
    vertex -5.8334874467058 -8.730430929176743 -5.0
  endloop
endfacet
facet normal -0.5956993044924314 -0.8032075314806465 5.684611964633523e-18
  outer loop
    vertex -6.661129483718254 -8.116609760308759 -5.0
    vertex -5.8334874467058 -8.730430929176743 5.0
    vertex -6.661129483718254 -8.116609760308759 5.0
  endloop
endfacet
facet normal 0.9987954562051726 0.04906767432741594 -2.9785185651484497e-19
  outer loop
    vertex 10.44943963005807 1.029179973460387 -5.0
    vertex 10.5 0.0 5.0
    vertex 10.5 0.0 -5.0
  endloop
endfacet
facet normal 0.9987954562051726 0.04906767432741594 -2.9785185651484497e-19
  outer loop
    vertex 10.5 0.0 5.0
    vertex 10.44943963005807 1.029179973460387 -5.0
    vertex 10.44943963005807 1.029179973460387 5.0
  endloop
endfacet
facet normal 0.9700312531945433 -0.2429801799032665 0.0
  outer loop
    vertex -7.177052517991562 2.177135079408485 -5.0
    vertex -7.355889603024226 1.4631774151209795 4.3
    vertex -7.355889603024226 1.4631774151209795 -5.0
  endloop
endfacet
facet normal 0.9700312531945433 -0.2429801799032665 0.0
  outer loop
    vertex -7.355889603024226 1.4631774151209795 4.3
    vertex -7.177052517991562 2.177135079408485 -5.0
    vertex -7.177052517991562 2.177135079408485 4.3
  endloop
endfacet
facet normal 0.9891765099647806 0.14673047445536533 7.001064164209723e-19
  outer loop
    vertex 10.298245444233919 2.0484483811693464 -5.0
    vertex 10.44943963005807 1.029179973460387 5.0
    vertex 10.44943963005807 1.029179973460387 -5.0
  endloop
endfacet
facet normal 0.9891765099647806 0.14673047445536533 7.001064164209723e-19
  outer loop
    vertex 10.44943963005807 1.029179973460387 5.0
    vertex 10.298245444233919 2.0484483811693464 -5.0
    vertex 10.298245444233919 2.0484483811693464 5.0
  endloop
endfacet
facet normal -0.9700312531945446 0.24298017990326135 0.0
  outer loop
    vertex -10.0478735251882 3.0479891111718365 5.0
    vertex -10.298245444233922 2.048448381169328 -5.0
    vertex -10.298245444233922 2.048448381169328 5.0
  endloop
endfacet
facet normal -0.9700312531945446 0.24298017990326135 0.0
  outer loop
    vertex -10.298245444233922 2.048448381169328 -5.0
    vertex -10.0478735251882 3.0479891111718365 5.0
    vertex -10.0478735251882 3.0479891111718365 -5.0
  endloop
endfacet
facet normal -0.9039892931234439 0.427555093430281 6.353300309535683e-18
  outer loop
    vertex -9.260173275657737 4.94966573667296 5.0
    vertex -9.700735091368518 4.018176039833426 -5.0
    vertex -9.700735091368518 4.018176039833426 5.0
  endloop
endfacet
facet normal -0.9039892931234439 0.427555093430281 6.353300309535683e-18
  outer loop
    vertex -9.700735091368518 4.018176039833426 -5.0
    vertex -9.260173275657737 4.94966573667296 5.0
    vertex -9.260173275657737 4.94966573667296 -5.0
  endloop
endfacet
facet normal 0.5956993044924332 -0.8032075314806449 -2.8423059823167715e-18
  outer loop
    vertex 6.661129483718264 -8.11660976030875 5.0
    vertex 5.8334874467058135 -8.730430929176734 -5.0
    vertex 6.661129483718264 -8.11660976030875 -5.0
  endloop
endfacet
facet normal 0.5956993044924332 -0.8032075314806449 -2.8423059823167715e-18
  outer loop
    vertex 5.8334874467058135 -8.730430929176734 -5.0
    vertex 6.661129483718264 -8.11660976030875 5.0
    vertex 5.8334874467058135 -8.730430929176734 5.0
  endloop
endfacet
facet normal -0.33688985339222066 0.9415440651830207 2.246230865893637e-18
  outer loop
    vertex -4.018176039833452 9.700735091368509 5.0
    vertex -3.0479891111718618 10.047873525188193 -5.0
    vertex -4.018176039833452 9.700735091368509 -5.0
  endloop
endfacet
facet normal -0.33688985339222066 0.9415440651830207 2.246230865893637e-18
  outer loop
    vertex -3.0479891111718618 10.047873525188193 -5.0
    vertex -4.018176039833452 9.700735091368509 5.0
    vertex -3.0479891111718618 10.047873525188193 5.0
  endloop
endfacet
facet normal -0.42755509343028203 -0.9039892931234434 -4.5788601115977764e-17
  outer loop
    vertex 3.5354755261949755 6.6144094826126665 4.3
    vertex 2.8701257427381703 6.929096493834653 -5.0
    vertex 3.5354755261949755 6.6144094826126665 -5.0
  endloop
endfacet
facet normal -0.42755509343028203 -0.9039892931234434 -4.5788601115977764e-17
  outer loop
    vertex 2.8701257427381703 6.929096493834653 -5.0
    vertex 3.5354755261949755 6.6144094826126665 4.3
    vertex 2.8701257427381703 6.929096493834653 4.3
  endloop
endfacet
facet normal -0.8032075314806432 -0.5956993044924357 0.0
  outer loop
    vertex -8.730430929176709 -5.833487446705847 5.0
    vertex -8.116609760308718 -6.661129483718302 -5.0
    vertex -8.116609760308718 -6.661129483718302 5.0
  endloop
endfacet
facet normal -0.8032075314806432 -0.5956993044924357 0.0
  outer loop
    vertex -8.116609760308718 -6.661129483718302 -5.0
    vertex -8.730430929176709 -5.833487446705847 5.0
    vertex -8.730430929176709 -5.833487446705847 -5.0
  endloop
endfacet
facet normal 0.9415440651830215 0.3368898533922181 0.0
  outer loop
    vertex 9.70073509136851 4.018176039833443 -5.0
    vertex 10.047873525188193 3.0479891111718533 5.0
    vertex 10.047873525188193 3.0479891111718533 -5.0
  endloop
endfacet
facet normal 0.9415440651830215 0.3368898533922181 0.0
  outer loop
    vertex 10.047873525188193 3.0479891111718533 5.0
    vertex 9.70073509136851 4.018176039833443 -5.0
    vertex 9.70073509136851 4.018176039833443 5.0
  endloop
endfacet
facet normal 0.6715589548470156 -0.7409511253549618 0.0
  outer loop
    vertex -4.757949631227324 5.797578400220542 4.3
    vertex -5.3033008588990915 5.303300858899123 -5.0
    vertex -4.757949631227324 5.797578400220542 -5.0
  endloop
endfacet
facet normal 0.6715589548470156 -0.7409511253549618 0.0
  outer loop
    vertex -5.3033008588990915 5.303300858899123 -5.0
    vertex -4.757949631227324 5.797578400220542 4.3
    vertex -5.3033008588990915 5.303300858899123 4.3
  endloop
endfacet
facet normal -0.7409511253549608 0.6715589548470166 -3.535357184939436e-18
  outer loop
    vertex -7.4246212024587575 7.424621202458742 5.0
    vertex -8.116609760308746 6.661129483718268 -5.0
    vertex -8.116609760308746 6.661129483718268 5.0
  endloop
endfacet
facet normal -0.7409511253549608 0.6715589548470166 -3.535357184939436e-18
  outer loop
    vertex -8.116609760308746 6.661129483718268 -5.0
    vertex -7.4246212024587575 7.424621202458742 5.0
    vertex -7.4246212024587575 7.424621202458742 -5.0
  endloop
endfacet
facet normal -0.7409511253549576 -0.6715589548470202 3.535357184939421e-18
  outer loop
    vertex -8.116609760308718 -6.661129483718302 5.0
    vertex -7.424621202458728 -7.424621202458771 -5.0
    vertex -7.424621202458728 -7.424621202458771 5.0
  endloop
endfacet
facet normal -0.7409511253549576 -0.6715589548470202 3.535357184939421e-18
  outer loop
    vertex -7.424621202458728 -7.424621202458771 -5.0
    vertex -8.116609760308718 -6.661129483718302 5.0
    vertex -8.116609760308718 -6.661129483718302 -5.0
  endloop
endfacet
facet normal -0.9891765099647812 0.14673047445536092 0.0
  outer loop
    vertex -10.298245444233922 2.048448381169328 5.0
    vertex -10.44943963005807 1.0291799734603657 -5.0
    vertex -10.44943963005807 1.0291799734603657 5.0
  endloop
endfacet
facet normal -0.9891765099647812 0.14673047445536092 0.0
  outer loop
    vertex -10.44943963005807 1.0291799734603657 -5.0
    vertex -10.298245444233922 2.048448381169328 5.0
    vertex -10.298245444233922 2.048448381169328 -5.0
  endloop
endfacet
facet normal -0.4275550934302826 0.9039892931234431 2.0400265547772426e-18
  outer loop
    vertex -4.949665736672984 9.260173275657724 5.0
    vertex -4.018176039833452 9.700735091368509 -5.0
    vertex -4.949665736672984 9.260173275657724 -5.0
  endloop
endfacet
facet normal -0.4275550934302826 0.9039892931234431 2.0400265547772426e-18
  outer loop
    vertex -4.018176039833452 9.700735091368509 -5.0
    vertex -4.949665736672984 9.260173275657724 5.0
    vertex -4.018176039833452 9.700735091368509 5.0
  endloop
endfacet
facet normal -0.9039892931234419 -0.4275550934302851 0.0
  outer loop
    vertex 6.614409482612652 3.535475526195001 4.3
    vertex 6.929096493834641 2.8701257427381957 -5.0
    vertex 6.929096493834641 2.8701257427381957 4.3
  endloop
endfacet
facet normal -0.9039892931234419 -0.4275550934302851 0.0
  outer loop
    vertex 6.929096493834641 2.8701257427381957 -5.0
    vertex 6.614409482612652 3.535475526195001 4.3
    vertex 6.614409482612652 3.535475526195001 -5.0
  endloop
endfacet
facet normal -0.14673047445536225 0.989176509964781 0.0
  outer loop
    vertex -2.0484483811693535 10.298245444233919 5.0
    vertex -1.0291799734603913 10.449439630058068 -5.0
    vertex -2.0484483811693535 10.298245444233919 -5.0
  endloop
endfacet
facet normal -0.14673047445536225 0.989176509964781 0.0
  outer loop
    vertex -1.0291799734603913 10.449439630058068 -5.0
    vertex -2.0484483811693535 10.298245444233919 5.0
    vertex -1.0291799734603913 10.449439630058068 5.0
  endloop
endfacet
facet normal 0.9700312531945425 -0.24298017990327003 0.0
  outer loop
    vertex 10.298245444233913 -2.048448381169387 -5.0
    vertex 10.04787352518818 -3.0479891111718915 5.0
    vertex 10.04787352518818 -3.0479891111718915 -5.0
  endloop
endfacet
facet normal 0.9700312531945425 -0.24298017990327003 0.0
  outer loop
    vertex 10.04787352518818 -3.0479891111718915 5.0
    vertex 10.298245444233913 -2.048448381169387 -5.0
    vertex 10.298245444233913 -2.048448381169387 5.0
  endloop
endfacet
facet normal -0.04906767432741616 -0.9987954562051726 6.373148197786662e-20
  outer loop
    vertex 7.049916206369744e-15 -10.5 5.0
    vertex -1.0291799734603757 -10.44943963005807 -5.0
    vertex 7.049916206369744e-15 -10.5 -5.0
  endloop
endfacet
facet normal -0.04906767432741616 -0.9987954562051726 6.373148197786662e-20
  outer loop
    vertex -1.0291799734603757 -10.44943963005807 -5.0
    vertex 7.049916206369744e-15 -10.5 5.0
    vertex -1.0291799734603757 -10.44943963005807 5.0
  endloop
endfacet
facet normal 0.9039892931234433 -0.42755509343028214 0.0
  outer loop
    vertex -6.614409482612654 3.535475526195001 -5.0
    vertex -6.929096493834643 2.87012574273819 4.3
    vertex -6.929096493834643 2.87012574273819 -5.0
  endloop
endfacet
facet normal 0.9039892931234433 -0.42755509343028214 0.0
  outer loop
    vertex -6.929096493834643 2.87012574273819 4.3
    vertex -6.614409482612654 3.535475526195001 -5.0
    vertex -6.614409482612654 3.535475526195001 4.3
  endloop
endfacet
facet normal 0.970031253194544 0.24298017990326426 -1.1593500507976937e-18
  outer loop
    vertex 10.047873525188193 3.0479891111718533 -5.0
    vertex 10.298245444233919 2.0484483811693464 5.0
    vertex 10.298245444233919 2.0484483811693464 -5.0
  endloop
endfacet
facet normal 0.970031253194544 0.24298017990326426 -1.1593500507976937e-18
  outer loop
    vertex 10.298245444233919 2.0484483811693464 5.0
    vertex 10.047873525188193 3.0479891111718533 -5.0
    vertex 10.047873525188193 3.0479891111718533 5.0
  endloop
endfacet
facet normal 0.9415440651830193 -0.33688985339222455 0.0
  outer loop
    vertex -6.929096493834643 2.87012574273819 -5.0
    vertex -7.177052517991562 2.177135079408485 4.3
    vertex -7.177052517991562 2.177135079408485 -5.0
  endloop
endfacet
facet normal 0.9415440651830193 -0.33688985339222455 0.0
  outer loop
    vertex -7.177052517991562 2.177135079408485 4.3
    vertex -6.929096493834643 2.87012574273819 -5.0
    vertex -6.929096493834643 2.87012574273819 4.3
  endloop
endfacet
facet normal 0.9415440651830199 -0.33688985339222277 -3.853659376313691e-18
  outer loop
    vertex 10.04787352518818 -3.0479891111718915 -5.0
    vertex 9.700735091368497 -4.018176039833474 5.0
    vertex 9.700735091368497 -4.018176039833474 -5.0
  endloop
endfacet
facet normal 0.9415440651830199 -0.33688985339222277 -3.853659376313691e-18
  outer loop
    vertex 9.700735091368497 -4.018176039833474 5.0
    vertex 10.04787352518818 -3.0479891111718915 -5.0
    vertex 10.04787352518818 -3.0479891111718915 5.0
  endloop
endfacet
facet normal -0.5956993044924341 0.8032075314806443 0.0
  outer loop
    vertex -6.6611294837182875 8.11660976030873 5.0
    vertex -5.833487446705832 8.730430929176718 -5.0
    vertex -6.6611294837182875 8.11660976030873 -5.0
  endloop
endfacet
facet normal -0.5956993044924341 0.8032075314806443 0.0
  outer loop
    vertex -5.833487446705832 8.730430929176718 -5.0
    vertex -6.6611294837182875 8.11660976030873 5.0
    vertex -5.833487446705832 8.730430929176718 5.0
  endloop
endfacet
facet normal -0.8577286100002729 0.5141027441932203 -4.499251325017983e-18
  outer loop
    vertex -8.730430929176734 5.83348744670581 5.0
    vertex -9.260173275657737 4.94966573667296 -5.0
    vertex -9.260173275657737 4.94966573667296 5.0
  endloop
endfacet
facet normal -0.8577286100002729 0.5141027441932203 -4.499251325017983e-18
  outer loop
    vertex -9.260173275657737 4.94966573667296 -5.0
    vertex -8.730430929176734 5.83348744670581 5.0
    vertex -8.730430929176734 5.83348744670581 -5.0
  endloop
endfacet
facet normal -0.8032075314806421 -0.5956993044924371 0.0
  outer loop
    vertex 5.797578400220516 4.757949631227354 4.3
    vertex 6.23602209226908 4.166776747647033 -5.0
    vertex 6.23602209226908 4.166776747647033 4.3
  endloop
endfacet
facet normal -0.8032075314806421 -0.5956993044924371 0.0
  outer loop
    vertex 6.23602209226908 4.166776747647033 -5.0
    vertex 5.797578400220516 4.757949631227354 4.3
    vertex 5.797578400220516 4.757949631227354 -5.0
  endloop
endfacet
facet normal -0.671558954847018 0.7409511253549594 -3.310962088980788e-19
  outer loop
    vertex -7.4246212024587575 7.424621202458742 5.0
    vertex -6.6611294837182875 8.11660976030873 -5.0
    vertex -7.4246212024587575 7.424621202458742 -5.0
  endloop
endfacet
facet normal -0.671558954847018 0.7409511253549594 -3.310962088980788e-19
  outer loop
    vertex -6.6611294837182875 8.11660976030873 -5.0
    vertex -7.4246212024587575 7.424621202458742 5.0
    vertex -6.6611294837182875 8.11660976030873 5.0
  endloop
endfacet
facet normal 0.3368898533922199 -0.9415440651830208 1.32493994050975e-16
  outer loop
    vertex -2.177135079408455 7.17705251799157 4.3
    vertex -2.8701257427381592 6.929096493834655 -5.0
    vertex -2.177135079408455 7.17705251799157 -5.0
  endloop
endfacet
facet normal 0.3368898533922199 -0.9415440651830208 1.32493994050975e-16
  outer loop
    vertex -2.8701257427381592 6.929096493834655 -5.0
    vertex -2.177135079408455 7.17705251799157 4.3
    vertex -2.8701257427381592 6.929096493834655 4.3
  endloop
endfacet
facet normal 0.4275550934302773 -0.9039892931234457 5.05951393546713e-19
  outer loop
    vertex -2.8701257427381592 6.929096493834655 4.3
    vertex -3.535475526194967 6.614409482612672 -5.0
    vertex -2.8701257427381592 6.929096493834655 -5.0
  endloop
endfacet
facet normal 0.4275550934302773 -0.9039892931234457 5.05951393546713e-19
  outer loop
    vertex -3.535475526194967 6.614409482612672 -5.0
    vertex -2.8701257427381592 6.929096493834655 4.3
    vertex -3.535475526194967 6.614409482612672 4.3
  endloop
endfacet
facet normal 0.4275550934302773 -0.9039892931234457 5.05951393546713e-19
  outer loop
    vertex -3.535475526194967 6.614409482612672 4.3
    vertex -2.8701257427381592 6.929096493834655 4.3
    vertex -3.16586168980529 6.789223807907046 4.3
  endloop
endfacet
facet normal -0.24298017990326393 0.970031253194544 0.0
  outer loop
    vertex -3.0479891111718618 10.047873525188193 5.0
    vertex -2.0484483811693535 10.298245444233919 -5.0
    vertex -3.0479891111718618 10.047873525188193 -5.0
  endloop
endfacet
facet normal -0.24298017990326393 0.970031253194544 0.0
  outer loop
    vertex -2.0484483811693535 10.298245444233919 -5.0
    vertex -3.0479891111718618 10.047873525188193 5.0
    vertex -2.0484483811693535 10.298245444233919 5.0
  endloop
endfacet
facet normal 0.9039892931234425 -0.427555093430284 0.0
  outer loop
    vertex 9.700735091368497 -4.018176039833474 -5.0
    vertex 9.260173275657714 -4.949665736673003 5.0
    vertex 9.260173275657714 -4.949665736673003 -5.0
  endloop
endfacet
facet normal 0.9039892931234425 -0.427555093430284 0.0
  outer loop
    vertex 9.260173275657714 -4.949665736673003 5.0
    vertex 9.700735091368497 -4.018176039833474 -5.0
    vertex 9.700735091368497 -4.018176039833474 5.0
  endloop
endfacet
facet normal 0.14673047445536025 -0.9891765099647812 -6.74264479248658e-17
  outer loop
    vertex -0.7351285524716961 7.463885450041477 4.3
    vertex -1.4631774151209527 7.35588960302423 -5.0
    vertex -0.7351285524716961 7.463885450041477 -5.0
  endloop
endfacet
facet normal 0.14673047445536025 -0.9891765099647812 -6.74264479248658e-17
  outer loop
    vertex -1.4631774151209527 7.35588960302423 -5.0
    vertex -0.7351285524716961 7.463885450041477 4.3
    vertex -1.4631774151209527 7.35588960302423 4.3
  endloop
endfacet
facet normal 0.14673047445536025 -0.9891765099647812 -6.74264479248658e-17
  outer loop
    vertex -1.4631774151209527 7.35588960302423 4.3
    vertex -0.7351285524716961 7.463885450041477 4.3
    vertex -1.3012283233573063 7.379912481481926 4.3
  endloop
endfacet
facet normal -0.5141027441932188 -0.8577286100002739 0.0
  outer loop
    vertex -4.949665736672953 -9.26017327565774 5.0
    vertex -5.8334874467058 -8.730430929176743 -5.0
    vertex -4.949665736672953 -9.26017327565774 -5.0
  endloop
endfacet
facet normal -0.5141027441932188 -0.8577286100002739 0.0
  outer loop
    vertex -5.8334874467058 -8.730430929176743 -5.0
    vertex -4.949665736672953 -9.26017327565774 5.0
    vertex -5.8334874467058 -8.730430929176743 5.0
  endloop
endfacet
facet normal 0.1467304744553608 -0.9891765099647812 -9.952289581271182e-16
  outer loop
    vertex 2.0484483811693495 -10.298245444233922 1.0500000000000005
    vertex 1.0291799734603897 -10.449439630058068 -5.0
    vertex 2.0484483811693477 -10.29824544423392 -5.0
  endloop
endfacet
facet normal 0.1467304744553608 -0.9891765099647812 -9.952289581271182e-16
  outer loop
    vertex 1.0291799734603897 -10.449439630058068 -5.0
    vertex 2.0484483811693495 -10.298245444233922 1.0500000000000005
    vertex 1.6754264851497123 -10.35357801555342 1.0994075518808515
  endloop
endfacet
facet normal 0.1467304744553608 -0.9891765099647812 -9.952289581271182e-16
  outer loop
    vertex 1.0291799734603897 -10.449439630058068 -5.0
    vertex 1.6754264851497123 -10.35357801555342 1.0994075518808515
    vertex 1.3278254148959854 -10.405139763578894 1.2442631645125641
  endloop
endfacet
facet normal 0.1467304744553608 -0.9891765099647812 -9.952289581271182e-16
  outer loop
    vertex 1.0291799734603897 -10.449439630058068 -5.0
    vertex 1.3278254148959854 -10.405139763578894 1.2442631645125641
    vertex 1.0291799734603897 -10.449439630058068 1.4748966050307333
  endloop
endfacet
facet normal -0.14673047445536014 -0.9891765099647812 3.966261642639196e-17
  outer loop
    vertex 1.4631774151209627 7.35588960302423 4.3
    vertex 0.7351285524717074 7.463885450041477 -5.0
    vertex 1.4631774151209627 7.35588960302423 -5.0
  endloop
endfacet
facet normal -0.14673047445536014 -0.9891765099647812 3.966261642639196e-17
  outer loop
    vertex 0.7351285524717074 7.463885450041477 -5.0
    vertex 1.4631774151209627 7.35588960302423 4.3
    vertex 0.7351285524717074 7.463885450041477 4.3
  endloop
endfacet
facet normal -0.14673047445536014 -0.9891765099647812 3.966261642639196e-17
  outer loop
    vertex 0.7351285524717074 7.463885450041477 4.3
    vertex 1.4631774151209627 7.35588960302423 4.3
    vertex 1.3012283233573079 7.379912481481932 4.3
  endloop
endfacet
facet normal 0.8577286100002706 -0.5141027441932243 2.0462732967980034e-18
  outer loop
    vertex 9.260173275657714 -4.949665736673003 -5.0
    vertex 8.73043092917671 -5.833487446705846 5.0
    vertex 8.73043092917671 -5.833487446705846 -5.0
  endloop
endfacet
facet normal 0.8577286100002706 -0.5141027441932243 2.0462732967980034e-18
  outer loop
    vertex 8.73043092917671 -5.833487446705846 5.0
    vertex 9.260173275657714 -4.949665736673003 -5.0
    vertex 9.260173275657714 -4.949665736673003 5.0
  endloop
endfacet
facet normal 0.1467304744553637 0.9891765099647808 -5.4205575782735356e-17
  outer loop
    vertex -1.4631774151209669 -7.355889603024227 4.3
    vertex -0.7351285524717088 -7.463885450041477 -5.0
    vertex -1.4631774151209669 -7.355889603024227 -5.0
  endloop
endfacet
facet normal 0.1467304744553637 0.9891765099647808 -5.4205575782735356e-17
  outer loop
    vertex -0.7351285524717088 -7.463885450041477 -5.0
    vertex -1.4631774151209669 -7.355889603024227 4.3
    vertex -0.7351285524717088 -7.463885450041477 4.3
  endloop
endfacet
facet normal 0.1467304744553637 0.9891765099647808 -5.4205575782735356e-17
  outer loop
    vertex -0.7351285524717088 -7.463885450041477 4.3
    vertex -1.4631774151209669 -7.355889603024227 4.3
    vertex -1.3012283233573063 -7.379912481481928 4.3
  endloop
endfacet
facet normal -0.941544065183021 0.33688985339221944 0.0
  outer loop
    vertex 7.177052517991565 -2.177135079408468 4.3
    vertex 6.92909649383465 -2.870125742738173 -5.0
    vertex 6.92909649383465 -2.870125742738173 4.3
  endloop
endfacet
facet normal -0.941544065183021 0.33688985339221944 0.0
  outer loop
    vertex 6.92909649383465 -2.870125742738173 -5.0
    vertex 7.177052517991565 -2.177135079408468 4.3
    vertex 7.177052517991565 -2.177135079408468 -5.0
  endloop
endfacet
facet normal -0.8577286100002705 0.5141027441932245 0.0
  outer loop
    vertex 6.614409482612664 -3.5354755261949826 4.3
    vertex 6.236022092269088 -4.166776747647016 -5.0
    vertex 6.236022092269088 -4.166776747647016 4.3
  endloop
endfacet
facet normal -0.8577286100002705 0.5141027441932245 0.0
  outer loop
    vertex 6.236022092269088 -4.166776747647016 -5.0
    vertex 6.614409482612664 -3.5354755261949826 4.3
    vertex 6.614409482612664 -3.5354755261949826 -5.0
  endloop
endfacet
facet normal -0.6715589548470164 -0.7409511253549609 0.0
  outer loop
    vertex 5.303300858899097 5.303300858899116 4.3
    vertex 4.757949631227331 5.7975784002205355 -5.0
    vertex 5.303300858899097 5.303300858899116 -5.0
  endloop
endfacet
facet normal -0.6715589548470164 -0.7409511253549609 0.0
  outer loop
    vertex 4.757949631227331 5.7975784002205355 -5.0
    vertex 5.303300858899097 5.303300858899116 4.3
    vertex 4.757949631227331 5.7975784002205355 4.3
  endloop
endfacet
facet normal -0.049067674327418286 0.9987954562051724 2.1423552317854613e-16
  outer loop
    vertex -2.8199664825478975e-15 -7.5 1.899100073050866
    vertex 0.7351285524717032 -7.463885450041477 -5.0
    vertex -2.8199664825478975e-15 -7.5 -5.0
  endloop
endfacet
facet normal -0.049067674327418286 0.9987954562051724 2.1423552317854613e-16
  outer loop
    vertex 0.7351285524717032 -7.463885450041477 -5.0
    vertex -2.8199664825478975e-15 -7.5 1.899100073050866
    vertex 0.05234786459998968 -7.497428314320045 1.775000000000001
  endloop
endfacet
facet normal -0.049067674327418286 0.9987954562051724 2.1423552317854613e-16
  outer loop
    vertex 0.7351285524717032 -7.463885450041477 -5.0
    vertex 0.05234786459998968 -7.497428314320045 1.775000000000001
    vertex 0.2870112939219066 -7.4859000392813595 1.4746951672795072
  endloop
endfacet
facet normal -0.049067674327418286 0.9987954562051724 2.1423552317854613e-16
  outer loop
    vertex 0.7351285524717032 -7.463885450041477 -5.0
    vertex 0.2870112939219066 -7.4859000392813595 1.4746951672795072
    vertex 0.5928306290921567 -7.470876098745851 1.2442631645125648
  endloop
endfacet
facet normal -0.049067674327418286 0.9987954562051724 2.1423552317854613e-16
  outer loop
    vertex 0.7351285524717032 -7.463885450041477 -5.0
    vertex 0.5928306290921567 -7.470876098745851 1.2442631645125648
    vertex 0.7351285524717032 -7.463885450041477 1.1863842658929582
  endloop
endfacet
facet normal -0.1467304744553617 0.989176509964781 -9.105931679344431e-16
  outer loop
    vertex 0.7351285524717032 -7.463885450041477 4.3
    vertex 0.943841203148392 -7.432925852891606 3.9005924481191494
    vertex 0.7351285524717032 -7.463885450041477 3.8136157341070427
  endloop
endfacet
facet normal -0.1467304744553617 0.989176509964781 -9.105931679344431e-16
  outer loop
    vertex 0.943841203148392 -7.432925852891606 3.9005924481191494
    vertex 0.7351285524717032 -7.463885450041477 4.3
    vertex 1.316863099168029 -7.377593281572105 3.9500000000000006
  endloop
endfacet
facet normal -0.1467304744553617 0.989176509964781 -9.105931679344431e-16
  outer loop
    vertex 1.316863099168029 -7.377593281572105 3.9500000000000006
    vertex 1.4631774151209611 -7.355889603024228 4.3
    vertex 1.4631774151209611 -7.355889603024228 3.930620354371972
  endloop
endfacet
facet normal -0.1467304744553617 0.989176509964781 -9.105931679344431e-16
  outer loop
    vertex 1.4631774151209611 -7.355889603024228 4.3
    vertex 1.316863099168029 -7.377593281572105 3.9500000000000006
    vertex 0.7351285524717032 -7.463885450041477 4.3
  endloop
endfacet
facet normal -0.1467304744553617 0.989176509964781 -9.105931679344431e-16
  outer loop
    vertex 1.4631774151209611 -7.355889603024228 4.3
    vertex 0.7351285524717032 -7.463885450041477 4.3
    vertex 1.3012283233573079 -7.379912481481929 4.3
  endloop
endfacet
facet normal 0.5141027441932194 -0.8577286100002736 0.0
  outer loop
    vertex 5.8334874467058135 -8.730430929176734 5.0
    vertex 4.949665736672966 -9.260173275657733 -5.0
    vertex 5.8334874467058135 -8.730430929176734 -5.0
  endloop
endfacet
facet normal 0.5141027441932194 -0.8577286100002736 0.0
  outer loop
    vertex 4.949665736672966 -9.260173275657733 -5.0
    vertex 5.8334874467058135 -8.730430929176734 5.0
    vertex 4.949665736672966 -9.260173275657733 5.0
  endloop
endfacet
facet normal -0.9891765099647808 -0.14673047445536408 0.0
  outer loop
    vertex 7.355889603024225 1.4631774151209922 4.3
    vertex 7.463885450041474 0.735128552471737 -5.0
    vertex 7.463885450041474 0.735128552471737 4.3
  endloop
endfacet
facet normal -0.9891765099647808 -0.14673047445536408 0.0
  outer loop
    vertex 7.463885450041474 0.735128552471737 -5.0
    vertex 7.355889603024225 1.4631774151209922 4.3
    vertex 7.355889603024225 1.4631774151209922 -5.0
  endloop
endfacet
facet normal 0.8577286100002732 0.5141027441932198 0.0
  outer loop
    vertex -6.614409482612668 -3.535475526194973 -5.0
    vertex -6.236022092269096 -4.166776747647009 4.3
    vertex -6.236022092269096 -4.166776747647009 -5.0
  endloop
endfacet
facet normal 0.8577286100002732 0.5141027441932198 0.0
  outer loop
    vertex -6.236022092269096 -4.166776747647009 4.3
    vertex -6.614409482612668 -3.535475526194973 -5.0
    vertex -6.614409482612668 -3.535475526194973 4.3
  endloop
endfacet
facet normal -0.7409511253549592 -0.6715589548470183 0.0
  outer loop
    vertex 5.303300858899097 5.303300858899116 4.3
    vertex 5.797578400220516 4.757949631227354 -5.0
    vertex 5.797578400220516 4.757949631227354 4.3
  endloop
endfacet
facet normal -0.7409511253549592 -0.6715589548470183 0.0
  outer loop
    vertex 5.797578400220516 4.757949631227354 -5.0
    vertex 5.303300858899097 5.303300858899116 4.3
    vertex 5.303300858899097 5.303300858899116 -5.0
  endloop
endfacet
facet normal -0.9891765099647812 0.14673047445536 0.0
  outer loop
    vertex 7.463885450041477 -0.7351285524717045 4.3
    vertex 7.35588960302423 -1.4631774151209611 -5.0
    vertex 7.35588960302423 -1.4631774151209611 4.3
  endloop
endfacet
facet normal -0.9891765099647812 0.14673047445536 0.0
  outer loop
    vertex 7.35588960302423 -1.4631774151209611 -5.0
    vertex 7.463885450041477 -0.7351285524717045 4.3
    vertex 7.463885450041477 -0.7351285524717045 -5.0
  endloop
endfacet
facet normal -0.42755509343028214 0.9039892931234433 -4.8065382386937124e-17
  outer loop
    vertex 2.870125742738173 -6.929096493834651 4.3
    vertex 3.535475526194984 -6.614409482612662 -5.0
    vertex 2.870125742738173 -6.929096493834651 -5.0
  endloop
endfacet
facet normal -0.42755509343028214 0.9039892931234433 -4.8065382386937124e-17
  outer loop
    vertex 3.535475526194984 -6.614409482612662 -5.0
    vertex 2.870125742738173 -6.929096493834651 4.3
    vertex 3.535475526194984 -6.614409482612662 4.3
  endloop
endfacet
facet normal -0.42755509343028214 0.9039892931234433 -4.8065382386937124e-17
  outer loop
    vertex 3.535475526194984 -6.614409482612662 4.3
    vertex 2.870125742738173 -6.929096493834651 4.3
    vertex 3.16586168980529 -6.789223807907045 4.3
  endloop
endfacet
facet normal 0.803207531480643 -0.595699304492436 0.0
  outer loop
    vertex -5.797578400220514 4.757949631227357 -5.0
    vertex -6.236022092269078 4.166776747647033 4.3
    vertex -6.236022092269078 4.166776747647033 -5.0
  endloop
endfacet
facet normal 0.803207531480643 -0.595699304492436 0.0
  outer loop
    vertex -6.236022092269078 4.166776747647033 4.3
    vertex -5.797578400220514 4.757949631227357 -5.0
    vertex -5.797578400220514 4.757949631227357 4.3
  endloop
endfacet
facet normal 0.8577286100002698 -0.5141027441932254 0.0
  outer loop
    vertex -6.236022092269078 4.166776747647033 -5.0
    vertex -6.614409482612654 3.535475526195001 4.3
    vertex -6.614409482612654 3.535475526195001 -5.0
  endloop
endfacet
facet normal 0.8577286100002698 -0.5141027441932254 0.0
  outer loop
    vertex -6.614409482612654 3.535475526195001 4.3
    vertex -6.236022092269078 4.166776747647033 -5.0
    vertex -6.236022092269078 4.166776747647033 4.3
  endloop
endfacet
facet normal -0.9987954562051724 -0.04906767432741981 0.0
  outer loop
    vertex 7.463885450041474 0.735128552471737 4.3
    vertex 7.5 0.0 -5.0
    vertex 7.5 0.0 4.3
  endloop
endfacet
facet normal -0.9987954562051724 -0.04906767432741981 0.0
  outer loop
    vertex 7.5 0.0 -5.0
    vertex 7.463885450041474 0.735128552471737 4.3
    vertex 7.463885450041474 0.735128552471737 -5.0
  endloop
endfacet
facet normal 0.049066679854931905 -0.9987752132524969 -0.00636665692833554
  outer loop
    vertex -0.6529681064648303 7.463459608928047 5.0
    vertex -0.7351285524716961 7.463885450041477 4.3
    vertex -0.653186788831045 7.467910990753697 4.3
  endloop
endfacet
facet normal 0.4617486132350294 -0.8870108331782242 4.645391180706106e-16
  outer loop
    vertex -3.166242836404459 6.790029674683174 5.000000000000001
    vertex -3.7459844060727456 6.488235315678718 5.5
    vertex -3.7459844060727443 6.488235315678718 4.3
  endloop
endfacet
facet normal 0.4617486132350294 -0.8870108331782242 4.645391180706106e-16
  outer loop
    vertex -3.7459844060727456 6.488235315678718 5.5
    vertex -3.166242836404459 6.790029674683174 5.000000000000001
    vertex -3.166242836404459 6.790029674683174 5.500000000000001
  endloop
endfacet
facet normal 0.1467071727135152 -0.9890194223811433 -0.017820988392256043
  outer loop
    vertex -0.6529681064648303 7.463459608928047 5.0
    vertex -1.3012283233573063 7.379912481481926 4.3
    vertex -0.7351285524716961 7.463885450041477 4.3
  endloop
endfacet
facet normal -0.33655617192779824 -0.9406114879643184 -0.044496874574036345
  outer loop
    vertex 3.166242836404459 6.790029674683174 5.0
    vertex 2.5621039244042048 7.0393084627242475 4.3
    vertex 2.8701257427381703 6.929096493834653 4.3
  endloop
endfacet
facet normal 0.2429014695489685 -0.969717023846104 -0.02545132126248247
  outer loop
    vertex -1.3009667313665412 7.378148971526538 5.0
    vertex -1.9390642138973617 7.236686165403556 4.3
    vertex -1.4631774151209527 7.35588960302423 4.3
  endloop
endfacet
facet normal -0.13052356446447244 -0.9914249015885545 -0.006345362843364304
  outer loop
    vertex 0.6529681064648303 7.463459608928044 5.0
    vertex 0.6531867888310464 7.467910990753697 4.3
    vertex 1.3009667313665412 7.378148971526535 5.0
  endloop
endfacet
facet normal 0.21643961393810135 -0.9762960071199337 3.942415934050845e-15
  outer loop
    vertex -1.3009667313665412 7.378148971526538 5.0
    vertex -1.9390642138973617 7.23668616540356 5.0
    vertex -1.9390642138973617 7.236686165403556 4.3
  endloop
endfacet
facet normal 0.21643961393810135 -0.9762960071199337 3.942415934050845e-15
  outer loop
    vertex -1.9390642138973617 7.23668616540356 5.0
    vertex -1.3009667313665412 7.378148971526538 5.0
    vertex -1.3009667313665412 7.378148971526538 5.5
  endloop
endfacet
facet normal 0.21643961393810135 -0.9762960071199337 3.942415934050845e-15
  outer loop
    vertex -1.9390642138973617 7.23668616540356 5.0
    vertex -1.3009667313665412 7.378148971526538 5.5
    vertex -1.9390642138973617 7.23668616540356 5.5
  endloop
endfacet
facet normal 0.13052576900467058 -0.9914416467338313 -0.0025465167285168193
  outer loop
    vertex -1.3009667313665412 7.378148971526538 5.0
    vertex -1.3012283233573063 7.379912481481926 4.3
    vertex -0.6529681064648303 7.463459608928047 5.0
  endloop
endfacet
facet normal 0.9987954562051724 -0.04906767432741997 0.0
  outer loop
    vertex -7.4638854500414755 0.7351285524717215 -5.0
    vertex -7.5 1.5509815654013436e-14 4.3
    vertex -7.5 1.5509815654013436e-14 -5.0
  endloop
endfacet
facet normal 0.9987954562051724 -0.04906767432741997 0.0
  outer loop
    vertex -7.5 1.5509815654013436e-14 4.3
    vertex -7.4638854500414755 0.7351285524717215 -5.0
    vertex -7.4638854500414755 0.7351285524717215 4.3
  endloop
endfacet
facet normal 0.24298017990326193 0.9700312531945444 2.4998575642743845e-16
  outer loop
    vertex -2.177135079408474 -7.177052517991566 4.3
    vertex -1.4631774151209669 -7.355889603024227 -5.0
    vertex -2.177135079408474 -7.177052517991566 -5.0
  endloop
endfacet
facet normal 0.24298017990326193 0.9700312531945444 2.4998575642743845e-16
  outer loop
    vertex -1.4631774151209669 -7.355889603024227 -5.0
    vertex -2.177135079408474 -7.177052517991566 4.3
    vertex -1.4631774151209669 -7.355889603024227 4.3
  endloop
endfacet
facet normal 0.24298017990326193 0.9700312531945444 2.4998575642743845e-16
  outer loop
    vertex -1.4631774151209669 -7.355889603024227 4.3
    vertex -2.177135079408474 -7.177052517991566 4.3
    vertex -1.9390642138973617 -7.23668616540356 4.3
  endloop
endfacet
facet normal 0.24298017990326193 0.9700312531945444 2.4998575642743845e-16
  outer loop
    vertex -1.4631774151209669 -7.355889603024227 4.3
    vertex -1.9390642138973617 -7.23668616540356 4.3
    vertex -1.9390642138973617 -7.23668616540356 5.0
  endloop
endfacet
facet normal 0.1467299985721434 -0.9891733018208231 -0.002546857653995423
  outer loop
    vertex -1.3009667313665412 7.378148971526538 5.0
    vertex -1.4631774151209527 7.35588960302423 4.3
    vertex -1.3012283233573063 7.379912481481926 4.3
  endloop
endfacet
facet normal 0.046343118941094885 -0.9988858123762574 -0.008913425841730212
  outer loop
    vertex 0.0 7.491968812145486 5.0
    vertex -0.653186788831045 7.467910990753697 4.3
    vertex 5.639932965095795e-15 7.5 4.3
  endloop
endfacet
facet normal 0.046343118941094885 -0.9988858123762574 -0.008913425841730212
  outer loop
    vertex -0.653186788831045 7.467910990753697 4.3
    vertex 0.0 7.491968812145486 5.0
    vertex -0.6529681064648303 7.463459608928047 5.0
  endloop
endfacet
facet normal 0.3368898533922228 0.9415440651830199 -2.6838838391627293e-17
  outer loop
    vertex -2.8701257427381788 -6.929096493834648 4.3
    vertex -2.177135079408474 -7.177052517991566 -5.0
    vertex -2.8701257427381788 -6.929096493834648 -5.0
  endloop
endfacet
facet normal 0.3368898533922228 0.9415440651830199 -2.6838838391627293e-17
  outer loop
    vertex -2.177135079408474 -7.177052517991566 -5.0
    vertex -2.8701257427381788 -6.929096493834648 4.3
    vertex -2.177135079408474 -7.177052517991566 4.3
  endloop
endfacet
facet normal 0.3368898533922228 0.9415440651830199 -2.6838838391627293e-17
  outer loop
    vertex -2.177135079408474 -7.177052517991566 4.3
    vertex -2.8701257427381788 -6.929096493834648 4.3
    vertex -2.5621039244042048 -7.0393084627242475 4.3
  endloop
endfacet
facet normal -0.8577286100002716 -0.5141027441932225 0.0
  outer loop
    vertex 6.23602209226908 4.166776747647033 4.3
    vertex 6.614409482612652 3.535475526195001 -5.0
    vertex 6.614409482612652 3.535475526195001 4.3
  endloop
endfacet
facet normal -0.8577286100002716 -0.5141027441932225 0.0
  outer loop
    vertex 6.614409482612652 3.535475526195001 -5.0
    vertex 6.23602209226908 4.166776747647033 4.3
    vertex 6.23602209226908 4.166776747647033 -5.0
  endloop
endfacet
facet normal -0.4275547467210472 -0.9039885600683564 0.0012735076917584657
  outer loop
    vertex 3.166242836404459 6.790029674683174 5.0
    vertex 2.8701257427381703 6.929096493834653 4.3
    vertex 3.5354755261949755 6.6144094826126665 4.3
  endloop
endfacet
facet normal -0.24260029206544861 -0.9685146559332001 -0.05589686513888007
  outer loop
    vertex 2.5624042469214414 7.040147807931278 5.0
    vertex 1.9390642138973644 7.23668616540356 4.3
    vertex 2.1771350794084654 7.177052517991568 4.3
  endloop
endfacet
facet normal -0.048900857503248074 -0.9953998217414917 -0.08238871896354429
  outer loop
    vertex 1.3009667313665412 7.378148971526535 5.0
    vertex 0.6531867888310464 7.467910990753697 4.3
    vertex 0.7351285524717074 7.463885450041477 4.3
  endloop
endfacet
facet normal 0.5132989692516032 -0.8563875925262395 -0.055896865138873646
  outer loop
    vertex -3.166242836404459 6.790029674683174 5.000000000000001
    vertex -3.7459844060727443 6.488235315678718 4.3
    vertex -3.535475526194967 6.614409482612672 4.3
  endloop
endfacet
facet normal -0.8032075314806459 0.5956993044924318 0.0
  outer loop
    vertex 6.236022092269088 -4.166776747647016 4.3
    vertex 5.7975784002205275 -4.7579496312273415 -5.0
    vertex 5.7975784002205275 -4.7579496312273415 4.3
  endloop
endfacet
facet normal -0.8032075314806459 0.5956993044924318 0.0
  outer loop
    vertex 5.7975784002205275 -4.7579496312273415 -5.0
    vertex 6.236022092269088 -4.166776747647016 4.3
    vertex 6.236022092269088 -4.166776747647016 -5.0
  endloop
endfacet
facet normal 0.8032075314806455 0.5956993044924327 0.0
  outer loop
    vertex -6.236022092269096 -4.166776747647009 -5.0
    vertex -5.797578400220534 -4.757949631227334 4.3
    vertex -5.797578400220534 -4.757949631227334 -5.0
  endloop
endfacet
facet normal 0.8032075314806455 0.5956993044924327 0.0
  outer loop
    vertex -5.797578400220534 -4.757949631227334 4.3
    vertex -6.236022092269096 -4.166776747647009 -5.0
    vertex -6.236022092269096 -4.166776747647009 4.3
  endloop
endfacet
facet normal -0.21643891549405236 -0.9762928566424267 -0.002540458369793003
  outer loop
    vertex 1.3009667313665412 7.378148971526535 5.0
    vertex 1.3012283233573079 7.379912481481932 4.3
    vertex 1.9390642138973644 7.236686165403556 5.0
  endloop
endfacet
facet normal -0.970031253194543 0.2429801799032678 0.0
  outer loop
    vertex 7.35588960302423 -1.4631774151209611 4.3
    vertex 7.177052517991565 -2.177135079408468 -5.0
    vertex 7.177052517991565 -2.177135079408468 4.3
  endloop
endfacet
facet normal -0.970031253194543 0.2429801799032678 0.0
  outer loop
    vertex 7.177052517991565 -2.177135079408468 -5.0
    vertex 7.35588960302423 -1.4631774151209611 4.3
    vertex 7.35588960302423 -1.4631774151209611 -5.0
  endloop
endfacet
facet normal -0.9700312531945425 -0.2429801799032696 0.0
  outer loop
    vertex 7.17705251799156 2.1771350794084934 4.3
    vertex 7.355889603024225 1.4631774151209922 -5.0
    vertex 7.355889603024225 1.4631774151209922 4.3
  endloop
endfacet
facet normal -0.9700312531945425 -0.2429801799032696 0.0
  outer loop
    vertex 7.355889603024225 1.4631774151209922 -5.0
    vertex 7.17705251799156 2.1771350794084934 4.3
    vertex 7.17705251799156 2.1771350794084934 -5.0
  endloop
endfacet
facet normal -0.14672999857215444 -0.9891733018208213 -0.002546857654007668
  outer loop
    vertex 1.3009667313665412 7.378148971526535 5.0
    vertex 0.7351285524717074 7.463885450041477 4.3
    vertex 1.3012283233573079 7.379912481481932 4.3
  endloop
endfacet
facet normal -0.9039892931234444 0.42755509343027975 0.0
  outer loop
    vertex 6.92909649383465 -2.870125742738173 4.3
    vertex 6.614409482612664 -3.5354755261949826 -5.0
    vertex 6.614409482612664 -3.5354755261949826 4.3
  endloop
endfacet
facet normal -0.9039892931234444 0.42755509343027975 0.0
  outer loop
    vertex 6.614409482612664 -3.5354755261949826 -5.0
    vertex 6.92909649383465 -2.870125742738173 4.3
    vertex 6.92909649383465 -2.870125742738173 -5.0
  endloop
endfacet
facet normal -0.740951125354959 0.6715589548470187 0.0
  outer loop
    vertex 5.7975784002205275 -4.7579496312273415 4.3
    vertex 5.303300858899106 -5.303300858899107 -5.0
    vertex 5.303300858899106 -5.303300858899107 4.3
  endloop
endfacet
facet normal -0.740951125354959 0.6715589548470187 0.0
  outer loop
    vertex 5.303300858899106 -5.303300858899107 -5.0
    vertex 5.7975784002205275 -4.7579496312273415 4.3
    vertex 5.7975784002205275 -4.7579496312273415 -5.0
  endloop
endfacet
facet normal -0.04634311894109737 -0.9988858123762572 -0.008913425841734964
  outer loop
    vertex 0.6529681064648303 7.463459608928044 5.0
    vertex 5.639932965095795e-15 7.5 4.3
    vertex 0.6531867888310464 7.467910990753697 4.3
  endloop
endfacet
facet normal -0.04634311894109737 -0.9988858123762572 -0.008913425841734964
  outer loop
    vertex 5.639932965095795e-15 7.5 4.3
    vertex 0.6529681064648303 7.463459608928044 5.0
    vertex 0.0 7.491968812145486 5.0
  endloop
endfacet
facet normal 0.04906767432741856 -0.9987954562051724 -4.94038053383867e-17
  outer loop
    vertex 5.639932965095795e-15 7.5 4.3
    vertex -0.7351285524716961 7.463885450041477 -5.0
    vertex 5.639932965095795e-15 7.5 -5.0
  endloop
endfacet
facet normal 0.04906767432741856 -0.9987954562051724 -4.94038053383867e-17
  outer loop
    vertex -0.7351285524716961 7.463885450041477 -5.0
    vertex 5.639932965095795e-15 7.5 4.3
    vertex -0.7351285524716961 7.463885450041477 4.3
  endloop
endfacet
facet normal 0.04906767432741856 -0.9987954562051724 -4.94038053383867e-17
  outer loop
    vertex -0.7351285524716961 7.463885450041477 4.3
    vertex 5.639932965095795e-15 7.5 4.3
    vertex -0.653186788831045 7.467910990753697 4.3
  endloop
endfacet
facet normal 0.04906767432741917 0.9987954562051724 3.4300545758641035e-17
  outer loop
    vertex -0.7351285524717088 -7.463885450041477 4.3
    vertex -2.8199664825478975e-15 -7.5 -5.0
    vertex -0.7351285524717088 -7.463885450041477 -5.0
  endloop
endfacet
facet normal 0.04906767432741917 0.9987954562051724 3.4300545758641035e-17
  outer loop
    vertex -2.8199664825478975e-15 -7.5 -5.0
    vertex -0.7351285524717088 -7.463885450041477 4.3
    vertex -0.09753911415045656 -7.495208210592486 2.1247123846013456
  endloop
endfacet
facet normal 0.04906767432741917 0.9987954562051724 3.4300545758641035e-17
  outer loop
    vertex -2.8199664825478975e-15 -7.5 -5.0
    vertex -0.09753911415045656 -7.495208210592486 2.1247123846013456
    vertex -2.8199664825478975e-15 -7.5 1.899100073050866
  endloop
endfacet
facet normal 0.04906767432741917 0.9987954562051724 3.4300545758641035e-17
  outer loop
    vertex -0.09753911415045656 -7.495208210592486 2.1247123846013456
    vertex -0.7351285524717088 -7.463885450041477 4.3
    vertex -0.1491076774956894 -7.492674809528198 2.500000000000001
  endloop
endfacet
facet normal 0.04906767432741917 0.9987954562051724 3.4300545758641035e-17
  outer loop
    vertex -0.1491076774956894 -7.492674809528198 2.500000000000001
    vertex -0.7351285524717088 -7.463885450041477 4.3
    vertex -0.09753911415045514 -7.495208210592485 2.875287615398655
  endloop
endfacet
facet normal 0.04906767432741917 0.9987954562051724 3.4300545758641035e-17
  outer loop
    vertex -0.09753911415045514 -7.495208210592485 2.875287615398655
    vertex -0.7351285524717088 -7.463885450041477 4.3
    vertex -2.8199664825478975e-15 -7.500000000000002 3.1008999269491344
  endloop
endfacet
facet normal 0.04906767432741917 0.9987954562051724 3.4300545758641035e-17
  outer loop
    vertex -2.8199664825478975e-15 -7.500000000000002 3.1008999269491344
    vertex -0.7351285524717088 -7.463885450041477 4.3
    vertex -2.8199664825478975e-15 -7.5 4.3
  endloop
endfacet
facet normal 0.04906767432741917 0.9987954562051724 3.4300545758641035e-17
  outer loop
    vertex -2.8199664825478975e-15 -7.5 4.3
    vertex -0.7351285524717088 -7.463885450041477 4.3
    vertex -0.653186788831045 -7.467910990753697 4.3
  endloop
endfacet
facet normal 0.382683122789932 -0.9238787851307424 0.0012719736984533046
  outer loop
    vertex -3.166242836404459 6.790029674683174 5.000000000000001
    vertex -3.16586168980529 6.789223807907046 4.3
    vertex -2.56240424692144 7.04014780793128 5.0
  endloop
endfacet
facet normal -0.2429801799032653 -0.9700312531945438 1.2159428031667033e-16
  outer loop
    vertex 2.1771350794084654 7.177052517991568 4.3
    vertex 1.4631774151209627 7.35588960302423 -5.0
    vertex 2.1771350794084654 7.177052517991568 -5.0
  endloop
endfacet
facet normal -0.2429801799032653 -0.9700312531945438 1.2159428031667033e-16
  outer loop
    vertex 1.4631774151209627 7.35588960302423 -5.0
    vertex 2.1771350794084654 7.177052517991568 4.3
    vertex 1.4631774151209627 7.35588960302423 4.3
  endloop
endfacet
facet normal -0.2429801799032653 -0.9700312531945438 1.2159428031667033e-16
  outer loop
    vertex 1.4631774151209627 7.35588960302423 4.3
    vertex 2.1771350794084654 7.177052517991568 4.3
    vertex 1.9390642138973644 7.23668616540356 4.3
  endloop
endfacet
facet normal -0.2429801799032653 -0.9700312531945438 1.2159428031667033e-16
  outer loop
    vertex 1.4631774151209627 7.35588960302423 4.3
    vertex 1.9390642138973644 7.23668616540356 4.3
    vertex 1.9390642138973644 7.236686165403556 5.0
  endloop
endfacet
facet normal -0.9987954562051724 0.049067674327418154 0.0
  outer loop
    vertex 7.5 0.0 4.3
    vertex 7.463885450041477 -0.7351285524717045 -5.0
    vertex 7.463885450041477 -0.7351285524717045 4.3
  endloop
endfacet
facet normal -0.9987954562051724 0.049067674327418154 0.0
  outer loop
    vertex 7.463885450041477 -0.7351285524717045 -5.0
    vertex 7.5 0.0 4.3
    vertex 7.5 0.0 -5.0
  endloop
endfacet
facet normal -0.3368898533922208 0.9415440651830207 1.0728335437480201e-16
  outer loop
    vertex 2.177135079408468 -7.177052517991568 1.3656682117060417
    vertex 2.870125742738173 -6.929096493834651 -5.0
    vertex 2.177135079408468 -7.177052517991568 -5.0
  endloop
endfacet
facet normal -0.3368898533922208 0.9415440651830207 1.0728335437480201e-16
  outer loop
    vertex 2.870125742738173 -6.929096493834651 -5.0
    vertex 2.177135079408468 -7.177052517991568 1.3656682117060417
    vertex 2.311563272155315 -7.128953341520773 1.4746951672795094
  endloop
endfacet
facet normal -0.3368898533922208 0.9415440651830207 1.0728335437480201e-16
  outer loop
    vertex 2.870125742738173 -6.929096493834651 -5.0
    vertex 2.311563272155315 -7.128953341520773 1.4746951672795094
    vertex 2.529574942570464 -7.050947518532897 1.7750000000000024
  endloop
endfacet
facet normal -0.3368898533922208 0.9415440651830207 1.0728335437480201e-16
  outer loop
    vertex 2.870125742738173 -6.929096493834651 -5.0
    vertex 2.529574942570464 -7.050947518532897 1.7750000000000024
    vertex 2.666622807882774 -7.001911008230209 2.124712384601347
  endloop
endfacet
facet normal -0.3368898533922208 0.9415440651830207 1.0728335437480201e-16
  outer loop
    vertex 2.870125742738173 -6.929096493834651 -5.0
    vertex 2.666622807882774 -7.001911008230209 2.124712384601347
    vertex 2.713367282553518 -6.985185567753177 2.5000000000000013
  endloop
endfacet
facet normal -0.3368898533922208 0.9415440651830207 1.0728335437480201e-16
  outer loop
    vertex 2.870125742738173 -6.929096493834651 -5.0
    vertex 2.713367282553518 -6.985185567753177 2.5000000000000013
    vertex 2.870125742738173 -6.929096493834651 4.3
  endloop
endfacet
facet normal -0.3368898533922208 0.9415440651830207 1.0728335437480201e-16
  outer loop
    vertex 2.870125742738173 -6.929096493834651 4.3
    vertex 2.713367282553518 -6.985185567753177 2.5000000000000013
    vertex 2.666622807882774 -7.001911008230209 2.875287615398656
  endloop
endfacet
facet normal -0.3368898533922208 0.9415440651830207 1.0728335437480201e-16
  outer loop
    vertex 2.870125742738173 -6.929096493834651 4.3
    vertex 2.666622807882774 -7.001911008230209 2.875287615398656
    vertex 2.529574942570464 -7.0509475185328965 3.2249999999999996
  endloop
endfacet
facet normal -0.3368898533922208 0.9415440651830207 1.0728335437480201e-16
  outer loop
    vertex 2.870125742738173 -6.929096493834651 4.3
    vertex 2.529574942570464 -7.0509475185328965 3.2249999999999996
    vertex 2.311563272155312 -7.1289533415207735 3.5253048327204914
  endloop
endfacet
facet normal -0.3368898533922208 0.9415440651830207 1.0728335437480201e-16
  outer loop
    vertex 2.870125742738173 -6.929096493834651 4.3
    vertex 2.311563272155312 -7.1289533415207735 3.5253048327204914
    vertex 2.177135079408468 -7.177052517991568 3.634331788293959
  endloop
endfacet
facet normal -0.3368898533922208 0.9415440651830207 1.0728335437480201e-16
  outer loop
    vertex 2.870125742738173 -6.929096493834651 4.3
    vertex 2.177135079408468 -7.177052517991568 3.634331788293959
    vertex 2.177135079408468 -7.177052517991568 4.3
  endloop
endfacet
facet normal -0.3368898533922208 0.9415440651830207 1.0728335437480201e-16
  outer loop
    vertex 2.870125742738173 -6.929096493834651 4.3
    vertex 2.177135079408468 -7.177052517991568 4.3
    vertex 2.5621039244042074 -7.039308462724249 4.3
  endloop
endfacet
facet normal 0.9987954562051726 0.04906767432741625 0.0
  outer loop
    vertex -7.5 1.5509815654013436e-14 -5.0
    vertex -7.463885450041478 -0.7351285524716891 4.3
    vertex -7.463885450041478 -0.7351285524716891 -5.0
  endloop
endfacet
facet normal 0.9987954562051726 0.04906767432741625 0.0
  outer loop
    vertex -7.463885450041478 -0.7351285524716891 4.3
    vertex -7.5 1.5509815654013436e-14 -5.0
    vertex -7.5 1.5509815654013436e-14 4.3
  endloop
endfacet
facet normal 0.2429801799032618 -0.9700312531945446 1.7899282257795534e-16
  outer loop
    vertex -1.4631774151209527 7.35588960302423 4.3
    vertex -2.177135079408455 7.17705251799157 -5.0
    vertex -1.4631774151209527 7.35588960302423 -5.0
  endloop
endfacet
facet normal 0.2429801799032618 -0.9700312531945446 1.7899282257795534e-16
  outer loop
    vertex -2.177135079408455 7.17705251799157 -5.0
    vertex -1.4631774151209527 7.35588960302423 4.3
    vertex -2.177135079408455 7.17705251799157 4.3
  endloop
endfacet
facet normal 0.2429801799032618 -0.9700312531945446 1.7899282257795534e-16
  outer loop
    vertex -2.177135079408455 7.17705251799157 4.3
    vertex -1.4631774151209527 7.35588960302423 4.3
    vertex -1.9390642138973617 7.236686165403556 4.3
  endloop
endfacet
facet normal 0.2429801799032618 -0.9700312531945446 1.7899282257795534e-16
  outer loop
    vertex -2.177135079408455 7.17705251799157 4.3
    vertex -1.9390642138973617 7.236686165403556 4.3
    vertex -1.9390642138973617 7.23668616540356 5.0
  endloop
endfacet
facet normal 0.9891765099647815 0.14673047445535947 0.0
  outer loop
    vertex -7.463885450041478 -0.7351285524716891 -5.0
    vertex -7.355889603024232 -1.4631774151209485 4.3
    vertex -7.355889603024232 -1.4631774151209485 -5.0
  endloop
endfacet
facet normal 0.9891765099647815 0.14673047445535947 0.0
  outer loop
    vertex -7.355889603024232 -1.4631774151209485 4.3
    vertex -7.463885450041478 -0.7351285524716891 -5.0
    vertex -7.463885450041478 -0.7351285524716891 4.3
  endloop
endfacet
facet normal -0.9415440651830195 -0.336889853392224 0.0
  outer loop
    vertex 6.929096493834641 2.8701257427381957 4.3
    vertex 7.17705251799156 2.1771350794084934 -5.0
    vertex 7.17705251799156 2.1771350794084934 4.3
  endloop
endfacet
facet normal -0.9415440651830195 -0.336889853392224 0.0
  outer loop
    vertex 7.17705251799156 2.1771350794084934 -5.0
    vertex 6.929096493834641 2.8701257427381957 4.3
    vertex 6.929096493834641 2.8701257427381957 -5.0
  endloop
endfacet
facet normal -0.46164661429477677 -0.8868148950370273 -0.021017741330508145
  outer loop
    vertex 3.166242836404459 6.790029674683174 5.0
    vertex 3.5354755261949755 6.6144094826126665 4.3
    vertex 3.7459844060727443 6.488235315678718 5.0
  endloop
endfacet
facet normal 0.7409511253549586 -0.6715589548470191 0.0
  outer loop
    vertex -5.3033008588990915 5.303300858899123 -5.0
    vertex -5.797578400220514 4.757949631227357 4.3
    vertex -5.797578400220514 4.757949631227357 -5.0
  endloop
endfacet
facet normal 0.7409511253549586 -0.6715589548470191 0.0
  outer loop
    vertex -5.797578400220514 4.757949631227357 4.3
    vertex -5.3033008588990915 5.303300858899123 -5.0
    vertex -5.3033008588990915 5.303300858899123 4.3
  endloop
endfacet
facet normal -0.6715589548470176 0.74095112535496 0.0
  outer loop
    vertex 4.75794963122734 -5.7975784002205275 4.3
    vertex 5.303300858899106 -5.303300858899107 -5.0
    vertex 4.75794963122734 -5.7975784002205275 -5.0
  endloop
endfacet
facet normal -0.6715589548470176 0.74095112535496 0.0
  outer loop
    vertex 5.303300858899106 -5.303300858899107 -5.0
    vertex 4.75794963122734 -5.7975784002205275 4.3
    vertex 5.303300858899106 -5.303300858899107 4.3
  endloop
endfacet
facet normal 0.6715589548470196 0.7409511253549581 0.0
  outer loop
    vertex -5.303300858899113 -5.3033008588991 4.3
    vertex -4.757949631227348 -5.797578400220522 -5.0
    vertex -5.303300858899113 -5.3033008588991 -5.0
  endloop
endfacet
facet normal 0.6715589548470196 0.7409511253549581 0.0
  outer loop
    vertex -4.757949631227348 -5.797578400220522 -5.0
    vertex -5.303300858899113 -5.3033008588991 4.3
    vertex -4.757949631227348 -5.797578400220522 4.3
  endloop
endfacet
facet normal -0.04906767432741782 -0.9987954562051724 1.1444172629018766e-16
  outer loop
    vertex 0.7351285524717074 7.463885450041477 4.3
    vertex 5.639932965095795e-15 7.5 -5.0
    vertex 0.7351285524717074 7.463885450041477 -5.0
  endloop
endfacet
facet normal -0.04906767432741782 -0.9987954562051724 1.1444172629018766e-16
  outer loop
    vertex 5.639932965095795e-15 7.5 -5.0
    vertex 0.7351285524717074 7.463885450041477 4.3
    vertex 5.639932965095795e-15 7.5 4.3
  endloop
endfacet
facet normal -0.04906767432741782 -0.9987954562051724 1.1444172629018766e-16
  outer loop
    vertex 5.639932965095795e-15 7.5 4.3
    vertex 0.7351285524717074 7.463885450041477 4.3
    vertex 0.6531867888310464 7.467910990753697 4.3
  endloop
endfacet
facet normal 0.42755509343028214 0.9039892931234433 3.819933021277631e-17
  outer loop
    vertex -3.5354755261949897 -6.614409482612659 4.3
    vertex -2.8701257427381788 -6.929096493834648 -5.0
    vertex -3.5354755261949897 -6.614409482612659 -5.0
  endloop
endfacet
facet normal 0.42755509343028214 0.9039892931234433 3.819933021277631e-17
  outer loop
    vertex -2.8701257427381788 -6.929096493834648 -5.0
    vertex -3.5354755261949897 -6.614409482612659 4.3
    vertex -2.8701257427381788 -6.929096493834648 4.3
  endloop
endfacet
facet normal 0.42755509343028214 0.9039892931234433 3.819933021277631e-17
  outer loop
    vertex -2.8701257427381788 -6.929096493834648 4.3
    vertex -3.5354755261949897 -6.614409482612659 4.3
    vertex -3.1658616898052885 -6.789223807907046 4.3
  endloop
endfacet
facet normal 0.903989293123444 0.4275550934302806 0.0
  outer loop
    vertex -6.929096493834655 -2.870125742738162 -5.0
    vertex -6.614409482612668 -3.535475526194973 4.3
    vertex -6.614409482612668 -3.535475526194973 -5.0
  endloop
endfacet
facet normal 0.903989293123444 0.4275550934302806 0.0
  outer loop
    vertex -6.614409482612668 -3.535475526194973 4.3
    vertex -6.929096493834655 -2.870125742738162 -5.0
    vertex -6.929096493834655 -2.870125742738162 4.3
  endloop
endfacet
facet normal 0.9415440651830213 0.3368898533922188 0.0
  outer loop
    vertex -7.17705251799157 -2.177135079408455 -5.0
    vertex -6.929096493834655 -2.870125742738162 4.3
    vertex -6.929096493834655 -2.870125742738162 -5.0
  endloop
endfacet
facet normal 0.9415440651830213 0.3368898533922188 0.0
  outer loop
    vertex -6.929096493834655 -2.870125742738162 4.3
    vertex -7.17705251799157 -2.177135079408455 -5.0
    vertex -7.17705251799157 -2.177135079408455 4.3
  endloop
endfacet
facet normal 0.4275547467210457 -0.9039885600683571 0.0012735076917576537
  outer loop
    vertex -3.166242836404459 6.790029674683174 5.000000000000001
    vertex -3.535475526194967 6.614409482612672 4.3
    vertex -3.16586168980529 6.789223807907046 4.3
  endloop
endfacet
facet normal -0.2429801799032627 0.9700312531945444 2.9538413394150843e-16
  outer loop
    vertex 2.02365854082951 -7.215496389600893 3.755736835487435
    vertex 2.177135079408468 -7.177052517991568 4.3
    vertex 2.177135079408468 -7.177052517991568 3.634331788293959
  endloop
endfacet
facet normal -0.2429801799032627 0.9700312531945444 2.9538413394150843e-16
  outer loop
    vertex 2.177135079408468 -7.177052517991568 4.3
    vertex 2.02365854082951 -7.215496389600893 3.755736835487435
    vertex 1.6844265981370148 -7.300469567725728 3.900592448119149
  endloop
endfacet
facet normal -0.2429801799032627 0.9700312531945444 2.9538413394150843e-16
  outer loop
    vertex 2.177135079408468 -7.177052517991568 4.3
    vertex 1.6844265981370148 -7.300469567725728 3.900592448119149
    vertex 1.4631774151209611 -7.355889603024228 3.930620354371972
  endloop
endfacet
facet normal -0.2429801799032627 0.9700312531945444 2.9538413394150843e-16
  outer loop
    vertex 2.177135079408468 -7.177052517991568 4.3
    vertex 1.4631774151209611 -7.355889603024228 3.930620354371972
    vertex 1.4631774151209611 -7.355889603024228 4.3
  endloop
endfacet
facet normal -0.2429801799032627 0.9700312531945444 2.9538413394150843e-16
  outer loop
    vertex 2.177135079408468 -7.177052517991568 4.3
    vertex 1.4631774151209611 -7.355889603024228 4.3
    vertex 1.939064213897363 -7.236686165403558 4.3
  endloop
endfacet
facet normal -0.2429801799032627 0.9700312531945444 2.9538413394150843e-16
  outer loop
    vertex 2.177135079408468 -7.177052517991568 4.3
    vertex 1.939064213897363 -7.236686165403558 4.3
    vertex 1.939064213897363 -7.236686165403556 5.0
  endloop
endfacet
facet normal 0.30063937445826905 -0.953506277417566 -0.021017741330509293
  outer loop
    vertex -2.56240424692144 7.04014780793128 5.0
    vertex -2.177135079408455 7.17705251799157 4.3
    vertex -1.9390642138973617 7.23668616540356 5.0
  endloop
endfacet
facet normal 0.4271316101811957 -0.9030939130218752 -0.04449687457402686
  outer loop
    vertex -2.56240424692144 7.04014780793128 5.0
    vertex -3.16586168980529 6.789223807907046 4.3
    vertex -2.8701257427381592 6.929096493834655 4.3
  endloop
endfacet
facet normal -0.38268312278992916 -0.9238787851307435 0.0012719736984521614
  outer loop
    vertex 2.5624042469214414 7.040147807931278 5.0
    vertex 2.5621039244042048 7.0393084627242475 4.3
    vertex 3.166242836404459 6.790029674683174 5.0
  endloop
endfacet
facet normal -0.30070579950427584 -0.9537169507482262 -3.849486366459494e-15
  outer loop
    vertex 2.5624042469214414 7.040147807931278 5.0
    vertex 1.9390642138973644 7.236686165403556 5.0
    vertex 1.9390642138973644 7.23668616540356 4.3
  endloop
endfacet
facet normal -0.30070579950427584 -0.9537169507482262 -3.849486366459494e-15
  outer loop
    vertex 1.9390642138973644 7.236686165403556 5.0
    vertex 2.5624042469214414 7.040147807931278 5.0
    vertex 2.5624042469214414 7.040147807931278 5.5
  endloop
endfacet
facet normal -0.30070579950427584 -0.9537169507482262 -3.849486366459494e-15
  outer loop
    vertex 1.9390642138973644 7.236686165403556 5.0
    vertex 2.5624042469214414 7.040147807931278 5.5
    vertex 1.9390642138973644 7.236686165403556 5.5
  endloop
endfacet
facet normal 0.7409511253549599 0.6715589548470176 0.0
  outer loop
    vertex -5.797578400220534 -4.757949631227334 -5.0
    vertex -5.303300858899113 -5.3033008588991 4.3
    vertex -5.303300858899113 -5.3033008588991 -5.0
  endloop
endfacet
facet normal 0.7409511253549599 0.6715589548470176 0.0
  outer loop
    vertex -5.303300858899113 -5.3033008588991 4.3
    vertex -5.797578400220534 -4.757949631227334 -5.0
    vertex -5.797578400220534 -4.757949631227334 4.3
  endloop
endfacet
facet normal 0.9891765099647808 -0.1467304744553635 0.0
  outer loop
    vertex -7.355889603024226 1.4631774151209795 -5.0
    vertex -7.4638854500414755 0.7351285524717215 4.3
    vertex -7.4638854500414755 0.7351285524717215 -5.0
  endloop
endfacet
facet normal 0.9891765099647808 -0.1467304744553635 0.0
  outer loop
    vertex -7.4638854500414755 0.7351285524717215 4.3
    vertex -7.355889603024226 1.4631774151209795 -5.0
    vertex -7.355889603024226 1.4631774151209795 4.3
  endloop
endfacet
facet normal 0.9700312531945444 0.24298017990326237 0.0
  outer loop
    vertex -7.355889603024232 -1.4631774151209485 -5.0
    vertex -7.17705251799157 -2.177135079408455 4.3
    vertex -7.17705251799157 -2.177135079408455 -5.0
  endloop
endfacet
facet normal 0.9700312531945444 0.24298017990326237 0.0
  outer loop
    vertex -7.17705251799157 -2.177135079408455 4.3
    vertex -7.355889603024232 -1.4631774151209485 -5.0
    vertex -7.355889603024232 -1.4631774151209485 4.3
  endloop
endfacet
facet normal -0.21643961393810052 -0.976296007119934 -8.001468248900931e-18
  outer loop
    vertex 1.9390642138973644 7.236686165403556 5.5
    vertex 1.3009667313665412 7.378148971526535 5.0
    vertex 1.9390642138973644 7.236686165403556 5.0
  endloop
endfacet
facet normal -0.21643961393810052 -0.976296007119934 -8.001468248900931e-18
  outer loop
    vertex 1.3009667313665412 7.378148971526535 5.0
    vertex 1.9390642138973644 7.236686165403556 5.5
    vertex 1.3009667313665412 7.378148971526535 5.5
  endloop
endfacet
facet normal -0.38268343236508695 -0.9238795325112881 -3.558271536225036e-18
  outer loop
    vertex 3.166242836404459 6.790029674683174 5.5
    vertex 2.5624042469214414 7.040147807931278 5.0
    vertex 3.166242836404459 6.790029674683174 5.0
  endloop
endfacet
facet normal -0.38268343236508695 -0.9238795325112881 -3.558271536225036e-18
  outer loop
    vertex 2.5624042469214414 7.040147807931278 5.0
    vertex 3.166242836404459 6.790029674683174 5.5
    vertex 2.5624042469214414 7.040147807931278 5.5
  endloop
endfacet
facet normal 0.043619387365333336 -0.999048221581858 -1.4170135238748622e-17
  outer loop
    vertex 0.0 7.491968812145486 5.5
    vertex -0.6529681064648303 7.463459608928047 5.0
    vertex 0.0 7.491968812145486 5.0
  endloop
endfacet
facet normal 0.043619387365333336 -0.999048221581858 -1.4170135238748622e-17
  outer loop
    vertex -0.6529681064648303 7.463459608928047 5.0
    vertex 0.0 7.491968812145486 5.5
    vertex -0.6529681064648303 7.463459608928047 5.5
  endloop
endfacet
facet normal 0.30070579950427534 -0.9537169507482264 -1.9373130929331497e-17
  outer loop
    vertex -1.9390642138973617 7.23668616540356 5.5
    vertex -2.56240424692144 7.04014780793128 5.0
    vertex -1.9390642138973617 7.23668616540356 5.0
  endloop
endfacet
facet normal 0.30070579950427534 -0.9537169507482264 -1.9373130929331497e-17
  outer loop
    vertex -2.56240424692144 7.04014780793128 5.0
    vertex -1.9390642138973617 7.23668616540356 5.5
    vertex -2.56240424692144 7.04014780793128 5.5
  endloop
endfacet
facet normal -0.04361938736533765 -0.9990482215818578 -5.296428146615175e-30
  outer loop
    vertex 0.6529681064648303 7.463459608928044 5.5
    vertex 0.0 7.491968812145486 5.0
    vertex 0.6529681064648303 7.463459608928044 5.0
  endloop
endfacet
facet normal -0.04361938736533765 -0.9990482215818578 -5.296428146615175e-30
  outer loop
    vertex 0.0 7.491968812145486 5.0
    vertex 0.6529681064648303 7.463459608928044 5.5
    vertex 0.0 7.491968812145486 5.5
  endloop
endfacet
facet normal 0.13052619222005266 -0.9914448613738103 -1.603088279439668e-17
  outer loop
    vertex -0.6529681064648303 7.463459608928047 5.5
    vertex -1.3009667313665412 7.378148971526538 5.0
    vertex -0.6529681064648303 7.463459608928047 5.0
  endloop
endfacet
facet normal 0.13052619222005266 -0.9914448613738103 -1.603088279439668e-17
  outer loop
    vertex -1.3009667313665412 7.378148971526538 5.0
    vertex -0.6529681064648303 7.463459608928047 5.5
    vertex -1.3009667313665412 7.378148971526538 5.5
  endloop
endfacet
facet normal -0.04361938736533549 0.9990482215818578 -1.4068867288856822e-17
  outer loop
    vertex 0.0 -7.491968812145484 5.5
    vertex 0.6529681064648303 -7.463459608928044 5.0
    vertex 0.0 -7.491968812145484 5.0
  endloop
endfacet
facet normal -0.04361938736533549 0.9990482215818578 -1.4068867288856822e-17
  outer loop
    vertex 0.6529681064648303 -7.463459608928044 5.0
    vertex 0.0 -7.491968812145484 5.5
    vertex 0.6529681064648303 -7.463459608928044 5.5
  endloop
endfacet
facet normal -0.30070579950427534 0.9537169507482264 -7.618087795523737e-18
  outer loop
    vertex 1.939064213897363 -7.236686165403556 5.5
    vertex 2.5624042469214414 -7.040147807931278 5.0
    vertex 1.939064213897363 -7.236686165403556 5.0
  endloop
endfacet
facet normal -0.30070579950427534 0.9537169507482264 -7.618087795523737e-18
  outer loop
    vertex 2.5624042469214414 -7.040147807931278 5.0
    vertex 1.939064213897363 -7.236686165403556 5.5
    vertex 2.5624042469214414 -7.040147807931278 5.5
  endloop
endfacet
facet normal -0.13052619222005266 0.9914448613738103 -1.2004500153583754e-17
  outer loop
    vertex 0.6529681064648303 -7.463459608928044 5.5
    vertex 1.3009667313665412 -7.378148971526535 5.0
    vertex 0.6529681064648303 -7.463459608928044 5.0
  endloop
endfacet
facet normal -0.13052619222005266 0.9914448613738103 -1.2004500153583754e-17
  outer loop
    vertex 1.3009667313665412 -7.378148971526535 5.0
    vertex 0.6529681064648303 -7.463459608928044 5.5
    vertex 1.3009667313665412 -7.378148971526535 5.5
  endloop
endfacet
facet normal 0.13052619222005266 0.9914448613738103 -1.7861487640705473e-17
  outer loop
    vertex -1.3009667313665412 -7.378148971526538 5.5
    vertex -0.6529681064648303 -7.463459608928047 5.0
    vertex -1.3009667313665412 -7.378148971526538 5.0
  endloop
endfacet
facet normal 0.13052619222005266 0.9914448613738103 -1.7861487640705473e-17
  outer loop
    vertex -0.6529681064648303 -7.463459608928047 5.0
    vertex -1.3009667313665412 -7.378148971526538 5.5
    vertex -0.6529681064648303 -7.463459608928047 5.5
  endloop
endfacet
facet normal 0.2164396139381014 0.9762960071199338 -1.9560876726356693e-17
  outer loop
    vertex -1.9390642138973617 -7.23668616540356 5.5
    vertex -1.3009667313665412 -7.378148971526538 5.0
    vertex -1.9390642138973617 -7.23668616540356 5.0
  endloop
endfacet
facet normal 0.2164396139381014 0.9762960071199338 -1.9560876726356693e-17
  outer loop
    vertex -1.3009667313665412 -7.378148971526538 5.0
    vertex -1.9390642138973617 -7.23668616540356 5.5
    vertex -1.3009667313665412 -7.378148971526538 5.5
  endloop
endfacet
facet normal -0.46174861323503014 -0.8870108331782237 0.0
  outer loop
    vertex 3.7459844060727443 6.488235315678718 5.5
    vertex 3.166242836404459 6.790029674683174 5.0
    vertex 3.7459844060727443 6.488235315678718 5.0
  endloop
endfacet
facet normal -0.46174861323503014 -0.8870108331782237 0.0
  outer loop
    vertex 3.166242836404459 6.790029674683174 5.0
    vertex 3.7459844060727443 6.488235315678718 5.5
    vertex 3.166242836404459 6.790029674683174 5.5
  endloop
endfacet
facet normal 0.38268343236508984 -0.9238795325112868 -2.0829194982206815e-17
  outer loop
    vertex -2.56240424692144 7.04014780793128 5.5
    vertex -3.166242836404459 6.790029674683174 5.000000000000001
    vertex -2.56240424692144 7.04014780793128 5.0
  endloop
endfacet
facet normal 0.38268343236508984 -0.9238795325112868 -2.0829194982206815e-17
  outer loop
    vertex -3.166242836404459 6.790029674683174 5.000000000000001
    vertex -2.56240424692144 7.04014780793128 5.5
    vertex -3.166242836404459 6.790029674683174 5.500000000000001
  endloop
endfacet
facet normal 0.04361938736533119 0.9990482215818581 -1.6026161849047206e-17
  outer loop
    vertex -0.6529681064648303 -7.463459608928047 5.5
    vertex 0.0 -7.491968812145484 5.0
    vertex -0.6529681064648303 -7.463459608928047 5.0
  endloop
endfacet
facet normal 0.04361938736533119 0.9990482215818581 -1.6026161849047206e-17
  outer loop
    vertex 0.0 -7.491968812145484 5.0
    vertex -0.6529681064648303 -7.463459608928047 5.5
    vertex 0.0 -7.491968812145484 5.5
  endloop
endfacet
facet normal 0.46174861323503347 0.887010833178222 1.6725984053413697e-18
  outer loop
    vertex -3.7459844060727443 -6.488235315678716 5.5
    vertex -3.166242836404459 -6.790029674683174 5.000000000000001
    vertex -3.7459844060727443 -6.488235315678716 5.0
  endloop
endfacet
facet normal 0.46174861323503347 0.887010833178222 1.6725984053413697e-18
  outer loop
    vertex -3.166242836404459 -6.790029674683174 5.000000000000001
    vertex -3.7459844060727443 -6.488235315678716 5.5
    vertex -3.166242836404459 -6.790029674683174 5.500000000000001
  endloop
endfacet
facet normal -0.3826834323650887 0.9238795325112872 -5.3294258193698986e-18
  outer loop
    vertex 2.5624042469214414 -7.040147807931278 5.5
    vertex 3.166242836404459 -6.790029674683173 5.0
    vertex 2.5624042469214414 -7.040147807931278 5.0
  endloop
endfacet
facet normal -0.3826834323650887 0.9238795325112872 -5.3294258193698986e-18
  outer loop
    vertex 3.166242836404459 -6.790029674683173 5.0
    vertex 2.5624042469214414 -7.040147807931278 5.5
    vertex 3.166242836404459 -6.790029674683173 5.5
  endloop
endfacet
facet normal 0.38268343236508984 0.9238795325112868 -2.250124426261701e-17
  outer loop
    vertex -3.166242836404459 -6.790029674683174 5.000000000000001
    vertex -2.56240424692144 -7.04014780793128 5.5
    vertex -2.56240424692144 -7.04014780793128 5.0
  endloop
endfacet
facet normal 0.38268343236508984 0.9238795325112868 -2.250124426261701e-17
  outer loop
    vertex -2.56240424692144 -7.04014780793128 5.5
    vertex -3.166242836404459 -6.790029674683174 5.000000000000001
    vertex -3.166242836404459 -6.790029674683174 5.500000000000001
  endloop
endfacet
facet normal -0.13052619222005266 -0.9914448613738103 -1.0140092436434766e-17
  outer loop
    vertex 1.3009667313665412 7.378148971526535 5.5
    vertex 0.6529681064648303 7.463459608928044 5.0
    vertex 1.3009667313665412 7.378148971526535 5.0
  endloop
endfacet
facet normal -0.13052619222005266 -0.9914448613738103 -1.0140092436434766e-17
  outer loop
    vertex 0.6529681064648303 7.463459608928044 5.0
    vertex 1.3009667313665412 7.378148971526535 5.5
    vertex 0.6529681064648303 7.463459608928044 5.5
  endloop
endfacet
facet normal -0.9987954562051726 0.04906767432741626 8.8483024106615e-17
  outer loop
    vertex -9.55377337605309 0.9409645471637613 12.299999999999999
    vertex -9.6 -4.229949723821846e-15 5.0
    vertex -9.6 -2.1149748619109232e-14 12.299999999999999
  endloop
endfacet
facet normal -0.9987954562051726 0.04906767432741626 8.8483024106615e-17
  outer loop
    vertex -9.6 -4.229949723821846e-15 5.0
    vertex -9.55377337605309 0.9409645471637613 12.299999999999999
    vertex -9.55377337605309 0.9409645471637741 5.0
  endloop
endfacet
facet normal -0.8577286100002726 0.5141027441932209 1.776723753527593e-16
  outer loop
    vertex 7.055370114786837 -3.7711738946079794 12.299999999999999
    vertex 6.651756898420358 -4.4445618641568165 8.5
    vertex 6.651756898420362 -4.4445618641568165 12.299999999999999
  endloop
endfacet
facet normal -0.8577286100002726 0.5141027441932209 1.776723753527593e-16
  outer loop
    vertex 6.651756898420358 -4.4445618641568165 8.5
    vertex 7.055370114786837 -3.7711738946079794 12.299999999999999
    vertex 7.055370114786837 -3.7711738946079825 8.5
  endloop
endfacet
facet normal -0.9415440651830213 0.33688985339221894 1.294411870478004e-16
  outer loop
    vertex -8.869243512108358 3.673760950704846 12.299999999999999
    vertex -9.186627223029209 2.786732901642826 5.0
    vertex -9.186627223029209 2.78673290164282 12.299999999999999
  endloop
endfacet
facet normal -0.9415440651830213 0.33688985339221894 1.294411870478004e-16
  outer loop
    vertex -9.186627223029209 2.786732901642826 5.0
    vertex -8.869243512108358 3.673760950704846 12.299999999999999
    vertex -8.869243512108358 3.673760950704846 4.999999999999999
  endloop
endfacet
facet normal -0.5956993044924346 -0.8032075314806442 3.532440171993289e-17
  outer loop
    vertex -5.333474236988158 -7.98210827810445 12.299999999999999
    vertex -6.090175527971016 -7.420900352282257 5.0
    vertex -5.333474236988205 -7.982108278104421 4.999999999999999
  endloop
endfacet
facet normal -0.5956993044924346 -0.8032075314806442 3.532440171993289e-17
  outer loop
    vertex -6.090175527971016 -7.420900352282257 5.0
    vertex -5.333474236988158 -7.98210827810445 12.299999999999999
    vertex -6.090175527970972 -7.4209003522822945 12.299999999999999
  endloop
endfacet
facet normal 0.8032075314806434 -0.5956993044924357 7.989127293130695e-17
  outer loop
    vertex 7.4209003522822705 -6.090175527971 5.0
    vertex 7.982108278104421 -5.3334742369882004 12.299999999999999
    vertex 7.420900352282259 -6.090175527971012 12.299999999999999
  endloop
endfacet
facet normal 0.8032075314806434 -0.5956993044924357 7.989127293130695e-17
  outer loop
    vertex 7.982108278104421 -5.3334742369882004 12.299999999999999
    vertex 7.4209003522822705 -6.090175527971 5.0
    vertex 7.982108278104431 -5.3334742369881845 5.0
  endloop
endfacet
facet normal 0.1467304744553613 -0.989176509964781 -2.6656252976066056e-16
  outer loop
    vertex 1.8728670913548324 -9.415538691871012 12.299999999999999
    vertex 0.9409645471637796 -9.553773376053087 5.0
    vertex 1.8728670913548282 -9.41553869187101 5.0
  endloop
endfacet
facet normal 0.1467304744553613 -0.989176509964781 -2.6656252976066056e-16
  outer loop
    vertex 0.9409645471637796 -9.553773376053087 5.0
    vertex 1.8728670913548324 -9.415538691871012 12.299999999999999
    vertex 0.9409645471637867 -9.553773376053089 12.299999999999999
  endloop
endfacet
facet normal 0.9039892931234437 0.4275550934302816 3.438260577744692e-16
  outer loop
    vertex 8.869243512108353 3.6737609507048683 4.999999999999999
    vertex 8.466444137744208 4.525408673529578 12.299999999999999
    vertex 8.86924351210835 3.673760950704863 12.299999999999999
  endloop
endfacet
facet normal 0.9039892931234437 0.4275550934302816 3.438260577744692e-16
  outer loop
    vertex 8.466444137744208 4.525408673529578 12.299999999999999
    vertex 8.869243512108353 3.6737609507048683 4.999999999999999
    vertex 8.466444137744205 4.525408673529587 4.999999999999999
  endloop
endfacet
facet normal -0.6715589548470176 -0.74095112535496 1.2665406783909292e-17
  outer loop
    vertex -6.090175527971016 -7.420900352282257 5.0
    vertex -6.788225099390835 -6.788225099390877 12.299999999999999
    vertex -6.788225099390871 -6.788225099390842 4.999999999999999
  endloop
endfacet
facet normal -0.6715589548470176 -0.74095112535496 1.2665406783909292e-17
  outer loop
    vertex -6.788225099390835 -6.788225099390877 12.299999999999999
    vertex -6.090175527971016 -7.420900352282257 5.0
    vertex -6.090175527970972 -7.4209003522822945 12.299999999999999
  endloop
endfacet
facet normal 7.21305485202545e-32 -9.007892099083166e-32 1.0
  outer loop
    vertex -7.982108278104417 -5.333474236988204 12.299999999999999
    vertex -7.999999999999998 1.6919798895287383e-14 12.299999999999999
    vertex -8.466444137744197 -4.525408673529601 12.299999999999999
  endloop
endfacet
facet normal 7.21305485202545e-32 -9.007892099083166e-32 1.0
  outer loop
    vertex -7.999999999999998 1.6919798895287383e-14 12.299999999999999
    vertex -7.982108278104417 -5.333474236988204 12.299999999999999
    vertex -7.9614778133775745 -0.784137122636469 12.299999999999999
  endloop
endfacet
facet normal 7.21305485202545e-32 -9.007892099083166e-32 1.0
  outer loop
    vertex -7.9614778133775745 -0.784137122636469 12.299999999999999
    vertex -7.982108278104417 -5.333474236988204 12.299999999999999
    vertex -7.4209003522822545 -6.090175527971019 12.299999999999999
  endloop
endfacet
facet normal 7.21305485202545e-32 -9.007892099083166e-32 1.0
  outer loop
    vertex -7.9614778133775745 -0.784137122636469 12.299999999999999
    vertex -7.4209003522822545 -6.090175527971019 12.299999999999999
    vertex -7.846282243225844 -1.5607225761290107 12.299999999999999
  endloop
endfacet
facet normal 7.21305485202545e-32 -9.007892099083166e-32 1.0
  outer loop
    vertex -7.846282243225844 -1.5607225761290107 12.299999999999999
    vertex -7.4209003522822545 -6.090175527971019 12.299999999999999
    vertex -7.655522685857673 -2.322277418035685 12.299999999999999
  endloop
endfacet
facet normal 7.21305485202545e-32 -9.007892099083166e-32 1.0
  outer loop
    vertex -7.655522685857673 -2.322277418035685 12.299999999999999
    vertex -7.4209003522822545 -6.090175527971019 12.299999999999999
    vertex -7.3910362600902975 -3.0614674589207045 12.299999999999999
  endloop
endfacet
facet normal 7.21305485202545e-32 -9.007892099083166e-32 1.0
  outer loop
    vertex -7.3910362600902975 -3.0614674589207045 12.299999999999999
    vertex -7.4209003522822545 -6.090175527971019 12.299999999999999
    vertex -6.788225099390835 -6.788225099390877 12.299999999999999
  endloop
endfacet
facet normal 7.21305485202545e-32 -9.007892099083166e-32 1.0
  outer loop
    vertex -7.3910362600902975 -3.0614674589207045 12.299999999999999
    vertex -6.788225099390835 -6.788225099390877 12.299999999999999
    vertex -7.055370114786844 -3.7711738946079683 12.299999999999999
  endloop
endfacet
facet normal 7.21305485202545e-32 -9.007892099083166e-32 1.0
  outer loop
    vertex -7.055370114786844 -3.7711738946079683 12.299999999999999
    vertex -6.788225099390835 -6.788225099390877 12.299999999999999
    vertex -6.651756898420367 -4.444561864156808 12.299999999999999
  endloop
endfacet
facet normal 7.21305485202545e-32 -9.007892099083166e-32 1.0
  outer loop
    vertex -6.651756898420367 -4.444561864156808 12.299999999999999
    vertex -6.788225099390835 -6.788225099390877 12.299999999999999
    vertex -6.090175527970972 -7.4209003522822945 12.299999999999999
  endloop
endfacet
facet normal 7.21305485202545e-32 -9.007892099083166e-32 1.0
  outer loop
    vertex -6.651756898420367 -4.444561864156808 12.299999999999999
    vertex -6.090175527970972 -7.4209003522822945 12.299999999999999
    vertex -6.1840836269019 -5.075146273309155 12.299999999999999
  endloop
endfacet
facet normal 7.21305485202545e-32 -9.007892099083166e-32 1.0
  outer loop
    vertex -6.1840836269019 -5.075146273309155 12.299999999999999
    vertex -6.090175527970972 -7.4209003522822945 12.299999999999999
    vertex -5.656854249492385 -5.656854249492372 12.299999999999999
  endloop
endfacet
facet normal 7.21305485202545e-32 -9.007892099083166e-32 1.0
  outer loop
    vertex -5.656854249492385 -5.656854249492372 12.299999999999999
    vertex -6.090175527970972 -7.4209003522822945 12.299999999999999
    vertex -5.333474236988158 -7.98210827810445 12.299999999999999
  endloop
endfacet
facet normal 7.21305485202545e-32 -9.007892099083166e-32 1.0
  outer loop
    vertex -5.656854249492385 -5.656854249492372 12.299999999999999
    vertex -5.333474236988158 -7.98210827810445 12.299999999999999
    vertex -5.075146273309169 -6.184083626901888 12.299999999999999
  endloop
endfacet
facet normal 7.21305485202545e-32 -9.007892099083166e-32 1.0
  outer loop
    vertex -5.075146273309169 -6.184083626901888 12.299999999999999
    vertex -5.333474236988158 -7.98210827810445 12.299999999999999
    vertex -4.525408673529555 -8.466444137744219 12.299999999999999
  endloop
endfacet
facet normal 7.21305485202545e-32 -9.007892099083166e-32 1.0
  outer loop
    vertex -5.075146273309169 -6.184083626901888 12.299999999999999
    vertex -4.525408673529555 -8.466444137744219 12.299999999999999
    vertex -4.444561864156824 -6.651756898420356 12.299999999999999
  endloop
endfacet
facet normal 7.21305485202545e-32 -9.007892099083166e-32 1.0
  outer loop
    vertex -4.444561864156824 -6.651756898420356 12.299999999999999
    vertex -4.525408673529555 -8.466444137744219 12.299999999999999
    vertex -3.673760950704843 -8.86924351210836 12.299999999999999
  endloop
endfacet
facet normal 7.21305485202545e-32 -9.007892099083166e-32 1.0
  outer loop
    vertex -4.444561864156824 -6.651756898420356 12.299999999999999
    vertex -3.673760950704843 -8.86924351210836 12.299999999999999
    vertex -3.7711738946079865 -7.055370114786835 12.299999999999999
  endloop
endfacet
facet normal 7.21305485202545e-32 -9.007892099083166e-32 1.0
  outer loop
    vertex -3.7711738946079865 -7.055370114786835 12.299999999999999
    vertex -3.673760950704843 -8.86924351210836 12.299999999999999
    vertex -3.0614674589207227 -7.3910362600902895 12.299999999999999
  endloop
endfacet
facet normal 7.21305485202545e-32 -9.007892099083166e-32 1.0
  outer loop
    vertex -3.0614674589207227 -7.3910362600902895 12.299999999999999
    vertex -3.673760950704843 -8.86924351210836 12.299999999999999
    vertex -2.7867329016428215 -9.186627223029209 12.299999999999999
  endloop
endfacet
facet normal 7.21305485202545e-32 -9.007892099083166e-32 1.0
  outer loop
    vertex -3.0614674589207227 -7.3910362600902895 12.299999999999999
    vertex -2.7867329016428215 -9.186627223029209 12.299999999999999
    vertex -2.322277418035703 -7.655522685857667 12.299999999999999
  endloop
endfacet
facet normal 7.21305485202545e-32 -9.007892099083166e-32 1.0
  outer loop
    vertex -2.322277418035703 -7.655522685857667 12.299999999999999
    vertex -2.7867329016428215 -9.186627223029209 12.299999999999999
    vertex -1.8728670913548169 -9.415538691871014 12.299999999999999
  endloop
endfacet
facet normal 7.21305485202545e-32 -9.007892099083166e-32 1.0
  outer loop
    vertex -2.322277418035703 -7.655522685857667 12.299999999999999
    vertex -1.8728670913548169 -9.415538691871014 12.299999999999999
    vertex -1.5607225761290304 -7.846282243225841 12.299999999999999
  endloop
endfacet
facet normal 7.21305485202545e-32 -9.007892099083166e-32 1.0
  outer loop
    vertex -1.5607225761290304 -7.846282243225841 12.299999999999999
    vertex -1.8728670913548169 -9.415538691871014 12.299999999999999
    vertex -0.9409645471637698 -9.55377337605309 12.299999999999999
  endloop
endfacet
facet normal 7.21305485202545e-32 -9.007892099083166e-32 1.0
  outer loop
    vertex -1.5607225761290304 -7.846282243225841 12.299999999999999
    vertex -0.9409645471637698 -9.55377337605309 12.299999999999999
    vertex -0.7841371226364887 -7.961477813377573 12.299999999999999
  endloop
endfacet
facet normal 7.21305485202545e-32 -9.007892099083166e-32 1.0
  outer loop
    vertex -0.7841371226364887 -7.961477813377573 12.299999999999999
    vertex -0.9409645471637698 -9.55377337605309 12.299999999999999
    vertex 8.459899447643692e-15 -9.6 12.299999999999999
  endloop
endfacet
facet normal 7.21305485202545e-32 -9.007892099083166e-32 1.0
  outer loop
    vertex -0.7841371226364887 -7.961477813377573 12.299999999999999
    vertex 8.459899447643692e-15 -9.6 12.299999999999999
    vertex -2.8199664825478975e-15 -7.999999999999998 12.299999999999999
  endloop
endfacet
facet normal 7.21305485202545e-32 -9.007892099083166e-32 1.0
  outer loop
    vertex -2.8199664825478975e-15 -7.999999999999998 12.299999999999999
    vertex 8.459899447643692e-15 -9.6 12.299999999999999
    vertex 0.784137122636483 -7.961477813377573 12.299999999999999
  endloop
endfacet
facet normal 7.21305485202545e-32 -9.007892099083166e-32 1.0
  outer loop
    vertex 0.784137122636483 -7.961477813377573 12.299999999999999
    vertex 8.459899447643692e-15 -9.6 12.299999999999999
    vertex 0.9409645471637867 -9.553773376053089 12.299999999999999
  endloop
endfacet
facet normal 7.21305485202545e-32 -9.007892099083166e-32 1.0
  outer loop
    vertex 0.784137122636483 -7.961477813377573 12.299999999999999
    vertex 0.9409645471637867 -9.553773376053089 12.299999999999999
    vertex 1.5607225761290247 -7.846282243225841 12.299999999999999
  endloop
endfacet
facet normal 7.21305485202545e-32 -9.007892099083166e-32 1.0
  outer loop
    vertex 1.5607225761290247 -7.846282243225841 12.299999999999999
    vertex 0.9409645471637867 -9.553773376053089 12.299999999999999
    vertex 1.8728670913548324 -9.415538691871012 12.299999999999999
  endloop
endfacet
facet normal 7.21305485202545e-32 -9.007892099083166e-32 1.0
  outer loop
    vertex 1.5607225761290247 -7.846282243225841 12.299999999999999
    vertex 1.8728670913548324 -9.415538691871012 12.299999999999999
    vertex 2.3222774180356973 -7.655522685857671 12.299999999999999
  endloop
endfacet
facet normal 7.21305485202545e-32 -9.007892099083166e-32 1.0
  outer loop
    vertex 2.3222774180356973 -7.655522685857671 12.299999999999999
    vertex 1.8728670913548324 -9.415538691871012 12.299999999999999
    vertex 2.786732901642837 -9.186627223029205 12.299999999999999
  endloop
endfacet
facet normal 7.21305485202545e-32 -9.007892099083166e-32 1.0
  outer loop
    vertex 2.3222774180356973 -7.655522685857671 12.299999999999999
    vertex 2.786732901642837 -9.186627223029205 12.299999999999999
    vertex 3.0614674589207187 -7.391036260090292 12.299999999999999
  endloop
endfacet
facet normal 7.21305485202545e-32 -9.007892099083166e-32 1.0
  outer loop
    vertex 3.0614674589207187 -7.391036260090292 12.299999999999999
    vertex 2.786732901642837 -9.186627223029205 12.299999999999999
    vertex 3.673760950704857 -8.869243512108355 12.299999999999999
  endloop
endfacet
facet normal 7.21305485202545e-32 -9.007892099083166e-32 1.0
  outer loop
    vertex 3.0614674589207187 -7.391036260090292 12.299999999999999
    vertex 3.673760950704857 -8.869243512108355 12.299999999999999
    vertex 3.7711738946079825 -7.055370114786839 12.299999999999999
  endloop
endfacet
facet normal 7.21305485202545e-32 -9.007892099083166e-32 1.0
  outer loop
    vertex 3.7711738946079825 -7.055370114786839 12.299999999999999
    vertex 3.673760950704857 -8.869243512108355 12.299999999999999
    vertex 4.52540867352957 -8.466444137744212 12.299999999999999
  endloop
endfacet
facet normal 7.21305485202545e-32 -9.007892099083166e-32 1.0
  outer loop
    vertex 3.7711738946079825 -7.055370114786839 12.299999999999999
    vertex 4.52540867352957 -8.466444137744212 12.299999999999999
    vertex 4.444561864156817 -6.65175689842036 12.299999999999999
  endloop
endfacet
facet normal 7.21305485202545e-32 -9.007892099083166e-32 1.0
  outer loop
    vertex 4.444561864156817 -6.65175689842036 12.299999999999999
    vertex 4.52540867352957 -8.466444137744212 12.299999999999999
    vertex 5.075146273309164 -6.184083626901894 12.299999999999999
  endloop
endfacet
facet normal 7.21305485202545e-32 -9.007892099083166e-32 1.0
  outer loop
    vertex 5.075146273309164 -6.184083626901894 12.299999999999999
    vertex 4.52540867352957 -8.466444137744212 12.299999999999999
    vertex 5.333474236988174 -7.98210827810444 12.299999999999999
  endloop
endfacet
facet normal 7.21305485202545e-32 -9.007892099083166e-32 1.0
  outer loop
    vertex 5.075146273309164 -6.184083626901894 12.299999999999999
    vertex 5.333474236988174 -7.98210827810444 12.299999999999999
    vertex 5.656854249492381 -5.65685424949238 12.299999999999999
  endloop
endfacet
facet normal 7.21305485202545e-32 -9.007892099083166e-32 1.0
  outer loop
    vertex 5.656854249492381 -5.65685424949238 12.299999999999999
    vertex 5.333474236988174 -7.98210827810444 12.299999999999999
    vertex 6.0901755279709855 -7.420900352282283 12.299999999999999
  endloop
endfacet
facet normal 7.21305485202545e-32 -9.007892099083166e-32 1.0
  outer loop
    vertex 5.656854249492381 -5.65685424949238 12.299999999999999
    vertex 6.0901755279709855 -7.420900352282283 12.299999999999999
    vertex 6.184083626901894 -5.075146273309162 12.299999999999999
  endloop
endfacet
facet normal 7.21305485202545e-32 -9.007892099083166e-32 1.0
  outer loop
    vertex 6.184083626901894 -5.075146273309162 12.299999999999999
    vertex 6.0901755279709855 -7.420900352282283 12.299999999999999
    vertex 6.788225099390845 -6.788225099390867 12.299999999999999
  endloop
endfacet
facet normal 7.21305485202545e-32 -9.007892099083166e-32 1.0
  outer loop
    vertex 6.184083626901894 -5.075146273309162 12.299999999999999
    vertex 6.788225099390845 -6.788225099390867 12.299999999999999
    vertex 6.651756898420362 -4.4445618641568165 12.299999999999999
  endloop
endfacet
facet normal 7.21305485202545e-32 -9.007892099083166e-32 1.0
  outer loop
    vertex 6.651756898420362 -4.4445618641568165 12.299999999999999
    vertex 6.788225099390845 -6.788225099390867 12.299999999999999
    vertex 7.055370114786837 -3.7711738946079794 12.299999999999999
  endloop
endfacet
facet normal 7.21305485202545e-32 -9.007892099083166e-32 1.0
  outer loop
    vertex 7.055370114786837 -3.7711738946079794 12.299999999999999
    vertex 6.788225099390845 -6.788225099390867 12.299999999999999
    vertex 7.420900352282259 -6.090175527971012 12.299999999999999
  endloop
endfacet
facet normal 7.21305485202545e-32 -9.007892099083166e-32 1.0
  outer loop
    vertex 7.055370114786837 -3.7711738946079794 12.299999999999999
    vertex 7.420900352282259 -6.090175527971012 12.299999999999999
    vertex 7.391036260090292 -3.0614674589207174 12.299999999999999
  endloop
endfacet
facet normal 7.21305485202545e-32 -9.007892099083166e-32 1.0
  outer loop
    vertex 7.391036260090292 -3.0614674589207174 12.299999999999999
    vertex 7.420900352282259 -6.090175527971012 12.299999999999999
    vertex 7.655522685857671 -2.3222774180356973 12.299999999999999
  endloop
endfacet
facet normal 7.21305485202545e-32 -9.007892099083166e-32 1.0
  outer loop
    vertex 7.655522685857671 -2.3222774180356973 12.299999999999999
    vertex 7.420900352282259 -6.090175527971012 12.299999999999999
    vertex 7.982108278104421 -5.3334742369882004 12.299999999999999
  endloop
endfacet
facet normal 7.21305485202545e-32 -9.007892099083166e-32 1.0
  outer loop
    vertex 7.655522685857671 -2.3222774180356973 12.299999999999999
    vertex 7.982108278104421 -5.3334742369882004 12.299999999999999
    vertex 7.846282243225841 -1.560722576129026 12.299999999999999
  endloop
endfacet
facet normal 7.21305485202545e-32 -9.007892099083166e-32 1.0
  outer loop
    vertex 7.846282243225841 -1.560722576129026 12.299999999999999
    vertex 7.982108278104421 -5.3334742369882004 12.299999999999999
    vertex 7.961477813377573 -0.7841371226364845 12.299999999999999
  endloop
endfacet
facet normal 7.21305485202545e-32 -9.007892099083166e-32 1.0
  outer loop
    vertex 7.961477813377573 -0.7841371226364845 12.299999999999999
    vertex 7.982108278104421 -5.3334742369882004 12.299999999999999
    vertex 7.9999999999999964 0.0 12.299999999999999
  endloop
endfacet
facet normal 7.21305485202545e-32 -9.007892099083166e-32 1.0
  outer loop
    vertex 7.9999999999999964 0.0 12.299999999999999
    vertex 7.982108278104421 -5.3334742369882004 12.299999999999999
    vertex 8.466444137744194 -4.5254086735296015 12.299999999999999
  endloop
endfacet
facet normal 7.21305485202545e-32 -9.007892099083166e-32 1.0
  outer loop
    vertex -9.553773376053089 -0.9409645471638036 12.299999999999999
    vertex -9.55377337605309 0.9409645471637613 12.299999999999999
    vertex -9.6 -2.1149748619109232e-14 12.299999999999999
  endloop
endfacet
facet normal 7.21305485202545e-32 -9.007892099083166e-32 1.0
  outer loop
    vertex -9.55377337605309 0.9409645471637613 12.299999999999999
    vertex -9.553773376053089 -0.9409645471638036 12.299999999999999
    vertex -9.415538691871014 1.8728670913548127 12.299999999999999
  endloop
endfacet
facet normal 7.21305485202545e-32 -9.007892099083166e-32 1.0
  outer loop
    vertex -9.415538691871014 1.8728670913548127 12.299999999999999
    vertex -9.553773376053089 -0.9409645471638036 12.299999999999999
    vertex -9.415538691871006 -1.872867091354855 12.299999999999999
  endloop
endfacet
facet normal 7.21305485202545e-32 -9.007892099083166e-32 1.0
  outer loop
    vertex -9.415538691871014 1.8728670913548127 12.299999999999999
    vertex -9.415538691871006 -1.872867091354855 12.299999999999999
    vertex -9.186627223029209 2.78673290164282 12.299999999999999
  endloop
endfacet
facet normal 7.21305485202545e-32 -9.007892099083166e-32 1.0
  outer loop
    vertex -9.186627223029209 2.78673290164282 12.299999999999999
    vertex -9.415538691871006 -1.872867091354855 12.299999999999999
    vertex -9.186627223029197 -2.7867329016428624 12.299999999999999
  endloop
endfacet
facet normal 7.21305485202545e-32 -9.007892099083166e-32 1.0
  outer loop
    vertex -9.186627223029209 2.78673290164282 12.299999999999999
    vertex -9.186627223029197 -2.7867329016428624 12.299999999999999
    vertex -8.869243512108358 3.673760950704846 12.299999999999999
  endloop
endfacet
facet normal 7.21305485202545e-32 -9.007892099083166e-32 1.0
  outer loop
    vertex -8.869243512108358 3.673760950704846 12.299999999999999
    vertex -9.186627223029197 -2.7867329016428624 12.299999999999999
    vertex -8.869243512108342 -3.6737609507048856 12.299999999999999
  endloop
endfacet
facet normal 7.21305485202545e-32 -9.007892099083166e-32 1.0
  outer loop
    vertex -8.869243512108358 3.673760950704846 12.299999999999999
    vertex -8.869243512108342 -3.6737609507048856 12.299999999999999
    vertex -8.466444137744213 4.5254086735295616 12.299999999999999
  endloop
endfacet
facet normal 7.21305485202545e-32 -9.007892099083166e-32 1.0
  outer loop
    vertex -8.466444137744213 4.5254086735295616 12.299999999999999
    vertex -8.869243512108342 -3.6737609507048856 12.299999999999999
    vertex -8.466444137744197 -4.525408673529601 12.299999999999999
  endloop
endfacet
facet normal 7.21305485202545e-32 -9.007892099083166e-32 1.0
  outer loop
    vertex -8.466444137744213 4.5254086735295616 12.299999999999999
    vertex -8.466444137744197 -4.525408673529601 12.299999999999999
    vertex -7.982108278104443 5.3334742369881685 12.299999999999999
  endloop
endfacet
facet normal 7.21305485202545e-32 -9.007892099083166e-32 1.0
  outer loop
    vertex -7.982108278104443 5.3334742369881685 12.299999999999999
    vertex -8.466444137744197 -4.525408673529601 12.299999999999999
    vertex -7.999999999999998 1.6919798895287383e-14 12.299999999999999
  endloop
endfacet
facet normal 7.21305485202545e-32 -9.007892099083166e-32 1.0
  outer loop
    vertex -7.982108278104443 5.3334742369881685 12.299999999999999
    vertex -7.999999999999998 1.6919798895287383e-14 12.299999999999999
    vertex -7.961477813377572 0.7841371226365028 12.299999999999999
  endloop
endfacet
facet normal 7.21305485202545e-32 -9.007892099083166e-32 1.0
  outer loop
    vertex -7.982108278104443 5.3334742369881685 12.299999999999999
    vertex -7.961477813377572 0.7841371226365028 12.299999999999999
    vertex -7.420900352282283 6.0901755279709855 12.299999999999999
  endloop
endfacet
facet normal 7.21305485202545e-32 -9.007892099083166e-32 1.0
  outer loop
    vertex -7.420900352282283 6.0901755279709855 12.299999999999999
    vertex -7.961477813377572 0.7841371226365028 12.299999999999999
    vertex -7.846282243225838 1.5607225761290444 12.299999999999999
  endloop
endfacet
facet normal 7.21305485202545e-32 -9.007892099083166e-32 1.0
  outer loop
    vertex -7.420900352282283 6.0901755279709855 12.299999999999999
    vertex -7.846282243225838 1.5607225761290444 12.299999999999999
    vertex -7.6555226858576635 2.3222774180357173 12.299999999999999
  endloop
endfacet
facet normal 7.21305485202545e-32 -9.007892099083166e-32 1.0
  outer loop
    vertex -7.420900352282283 6.0901755279709855 12.299999999999999
    vertex -7.6555226858576635 2.3222774180357173 12.299999999999999
    vertex -7.391036260090283 3.0614674589207356 12.299999999999999
  endloop
endfacet
facet normal 7.21305485202545e-32 -9.007892099083166e-32 1.0
  outer loop
    vertex -7.420900352282283 6.0901755279709855 12.299999999999999
    vertex -7.391036260090283 3.0614674589207356 12.299999999999999
    vertex -6.788225099390866 6.788225099390847 12.299999999999999
  endloop
endfacet
facet normal 7.21305485202545e-32 -9.007892099083166e-32 1.0
  outer loop
    vertex -6.788225099390866 6.788225099390847 12.299999999999999
    vertex -7.391036260090283 3.0614674589207356 12.299999999999999
    vertex -7.055370114786828 3.7711738946079993 12.299999999999999
  endloop
endfacet
facet normal 7.21305485202545e-32 -9.007892099083166e-32 1.0
  outer loop
    vertex -6.788225099390866 6.788225099390847 12.299999999999999
    vertex -7.055370114786828 3.7711738946079993 12.299999999999999
    vertex -6.651756898420348 4.444561864156834 12.299999999999999
  endloop
endfacet
facet normal 7.21305485202545e-32 -9.007892099083166e-32 1.0
  outer loop
    vertex -6.788225099390866 6.788225099390847 12.299999999999999
    vertex -6.651756898420348 4.444561864156834 12.299999999999999
    vertex -6.090175527971006 7.420900352282264 12.299999999999999
  endloop
endfacet
facet normal 7.21305485202545e-32 -9.007892099083166e-32 1.0
  outer loop
    vertex -6.090175527971006 7.420900352282264 12.299999999999999
    vertex -6.651756898420348 4.444561864156834 12.299999999999999
    vertex -6.184083626901879 5.075146273309181 12.299999999999999
  endloop
endfacet
facet normal 7.21305485202545e-32 -9.007892099083166e-32 1.0
  outer loop
    vertex -6.090175527971006 7.420900352282264 12.299999999999999
    vertex -6.184083626901879 5.075146273309181 12.299999999999999
    vertex -5.656854249492363 5.656854249492394 12.299999999999999
  endloop
endfacet
facet normal 7.21305485202545e-32 -9.007892099083166e-32 1.0
  outer loop
    vertex -6.090175527971006 7.420900352282264 12.299999999999999
    vertex -5.656854249492363 5.656854249492394 12.299999999999999
    vertex -5.333474236988191 7.982108278104426 12.299999999999999
  endloop
endfacet
facet normal 7.21305485202545e-32 -9.007892099083166e-32 1.0
  outer loop
    vertex -5.333474236988191 7.982108278104426 12.299999999999999
    vertex -5.656854249492363 5.656854249492394 12.299999999999999
    vertex -5.075146273309144 6.184083626901911 12.299999999999999
  endloop
endfacet
facet normal 7.21305485202545e-32 -9.007892099083166e-32 1.0
  outer loop
    vertex -5.333474236988191 7.982108278104426 12.299999999999999
    vertex -5.075146273309144 6.184083626901911 12.299999999999999
    vertex -4.525408673529586 8.466444137744205 12.299999999999999
  endloop
endfacet
facet normal 7.21305485202545e-32 -9.007892099083166e-32 1.0
  outer loop
    vertex -4.525408673529586 8.466444137744205 12.299999999999999
    vertex -5.075146273309144 6.184083626901911 12.299999999999999
    vertex -4.444561864156799 6.6517568984203725 12.299999999999999
  endloop
endfacet
facet normal 7.21305485202545e-32 -9.007892099083166e-32 1.0
  outer loop
    vertex -4.525408673529586 8.466444137744205 12.299999999999999
    vertex -4.444561864156799 6.6517568984203725 12.299999999999999
    vertex -3.67376095070487 8.86924351210835 12.299999999999999
  endloop
endfacet
facet normal 7.21305485202545e-32 -9.007892099083166e-32 1.0
  outer loop
    vertex -3.67376095070487 8.86924351210835 12.299999999999999
    vertex -4.444561864156799 6.6517568984203725 12.299999999999999
    vertex -3.7711738946079625 7.055370114786848 12.299999999999999
  endloop
endfacet
facet normal 7.21305485202545e-32 -9.007892099083166e-32 1.0
  outer loop
    vertex -3.67376095070487 8.86924351210835 12.299999999999999
    vertex -3.7711738946079625 7.055370114786848 12.299999999999999
    vertex -3.061467458920702 7.3910362600902975 12.299999999999999
  endloop
endfacet
facet normal 7.21305485202545e-32 -9.007892099083166e-32 1.0
  outer loop
    vertex -3.67376095070487 8.86924351210835 12.299999999999999
    vertex -3.061467458920702 7.3910362600902975 12.299999999999999
    vertex -2.786732901642847 9.186627223029202 12.299999999999999
  endloop
endfacet
facet normal 7.21305485202545e-32 -9.007892099083166e-32 1.0
  outer loop
    vertex -2.786732901642847 9.186627223029202 12.299999999999999
    vertex -3.061467458920702 7.3910362600902975 12.299999999999999
    vertex -2.322277418035685 7.655522685857673 12.299999999999999
  endloop
endfacet
facet normal 7.21305485202545e-32 -9.007892099083166e-32 1.0
  outer loop
    vertex -2.786732901642847 9.186627223029202 12.299999999999999
    vertex -2.322277418035685 7.655522685857673 12.299999999999999
    vertex -1.872867091354838 9.41553869187101 12.299999999999999
  endloop
endfacet
facet normal 7.21305485202545e-32 -9.007892099083166e-32 1.0
  outer loop
    vertex -1.872867091354838 9.41553869187101 12.299999999999999
    vertex -2.322277418035685 7.655522685857673 12.299999999999999
    vertex -1.5607225761290149 7.846282243225844 12.299999999999999
  endloop
endfacet
facet normal 7.21305485202545e-32 -9.007892099083166e-32 1.0
  outer loop
    vertex -1.872867091354838 9.41553869187101 12.299999999999999
    vertex -1.5607225761290149 7.846282243225844 12.299999999999999
    vertex -0.9409645471637882 9.55377337605309 12.299999999999999
  endloop
endfacet
facet normal 7.21305485202545e-32 -9.007892099083166e-32 1.0
  outer loop
    vertex -0.9409645471637882 9.55377337605309 12.299999999999999
    vertex -1.5607225761290149 7.846282243225844 12.299999999999999
    vertex -0.7841371226364761 7.961477813377575 12.299999999999999
  endloop
endfacet
facet normal 7.21305485202545e-32 -9.007892099083166e-32 1.0
  outer loop
    vertex -0.9409645471637882 9.55377337605309 12.299999999999999
    vertex -0.7841371226364761 7.961477813377575 12.299999999999999
    vertex -5.639932965095795e-15 9.6 12.299999999999999
  endloop
endfacet
facet normal 7.21305485202545e-32 -9.007892099083166e-32 1.0
  outer loop
    vertex -5.639932965095795e-15 9.6 12.299999999999999
    vertex -0.7841371226364761 7.961477813377575 12.299999999999999
    vertex 5.639932965095795e-15 7.9999999999999964 12.299999999999999
  endloop
endfacet
facet normal 7.21305485202545e-32 -9.007892099083166e-32 1.0
  outer loop
    vertex -5.639932965095795e-15 9.6 12.299999999999999
    vertex 5.639932965095795e-15 7.9999999999999964 12.299999999999999
    vertex 0.9409645471637783 9.55377337605309 12.299999999999999
  endloop
endfacet
facet normal 7.21305485202545e-32 -9.007892099083166e-32 1.0
  outer loop
    vertex 0.9409645471637783 9.55377337605309 12.299999999999999
    vertex 5.639932965095795e-15 7.9999999999999964 12.299999999999999
    vertex 0.7841371226364873 7.961477813377573 12.299999999999999
  endloop
endfacet
facet normal 7.21305485202545e-32 -9.007892099083166e-32 1.0
  outer loop
    vertex 0.9409645471637783 9.55377337605309 12.299999999999999
    vertex 0.7841371226364873 7.961477813377573 12.299999999999999
    vertex 1.560722576129026 7.846282243225841 12.299999999999999
  endloop
endfacet
facet normal 7.21305485202545e-32 -9.007892099083166e-32 1.0
  outer loop
    vertex 0.9409645471637783 9.55377337605309 12.299999999999999
    vertex 1.560722576129026 7.846282243225841 12.299999999999999
    vertex 1.8728670913548282 9.415538691871014 12.299999999999999
  endloop
endfacet
facet normal 7.21305485202545e-32 -9.007892099083166e-32 1.0
  outer loop
    vertex 1.8728670913548282 9.415538691871014 12.299999999999999
    vertex 1.560722576129026 7.846282243225841 12.299999999999999
    vertex 2.3222774180356973 7.655522685857671 12.299999999999999
  endloop
endfacet
facet normal 7.21305485202545e-32 -9.007892099083166e-32 1.0
  outer loop
    vertex 1.8728670913548282 9.415538691871014 12.299999999999999
    vertex 2.3222774180356973 7.655522685857671 12.299999999999999
    vertex 2.786732901642837 9.186627223029205 12.299999999999999
  endloop
endfacet
facet normal 7.21305485202545e-32 -9.007892099083166e-32 1.0
  outer loop
    vertex 2.786732901642837 9.186627223029205 12.299999999999999
    vertex 2.3222774180356973 7.655522685857671 12.299999999999999
    vertex 3.061467458920713 7.391036260090292 12.299999999999999
  endloop
endfacet
facet normal 7.21305485202545e-32 -9.007892099083166e-32 1.0
  outer loop
    vertex 2.786732901642837 9.186627223029205 12.299999999999999
    vertex 3.061467458920713 7.391036260090292 12.299999999999999
    vertex 3.67376095070486 8.86924351210835 12.299999999999999
  endloop
endfacet
facet normal 7.21305485202545e-32 -9.007892099083166e-32 1.0
  outer loop
    vertex 3.67376095070486 8.86924351210835 12.299999999999999
    vertex 3.061467458920713 7.391036260090292 12.299999999999999
    vertex 3.771173894607974 7.055370114786842 12.299999999999999
  endloop
endfacet
facet normal 7.21305485202545e-32 -9.007892099083166e-32 1.0
  outer loop
    vertex 3.67376095070486 8.86924351210835 12.299999999999999
    vertex 3.771173894607974 7.055370114786842 12.299999999999999
    vertex 4.525408673529578 8.466444137744205 12.299999999999999
  endloop
endfacet
facet normal 7.21305485202545e-32 -9.007892099083166e-32 1.0
  outer loop
    vertex 4.525408673529578 8.466444137744205 12.299999999999999
    vertex 3.771173894607974 7.055370114786842 12.299999999999999
    vertex 4.4445618641568085 6.651756898420367 12.299999999999999
  endloop
endfacet
facet normal 7.21305485202545e-32 -9.007892099083166e-32 1.0
  outer loop
    vertex 4.525408673529578 8.466444137744205 12.299999999999999
    vertex 4.4445618641568085 6.651756898420367 12.299999999999999
    vertex 5.075146273309152 6.184083626901902 12.299999999999999
  endloop
endfacet
facet normal 7.21305485202545e-32 -9.007892099083166e-32 1.0
  outer loop
    vertex 4.525408673529578 8.466444137744205 12.299999999999999
    vertex 5.075146273309152 6.184083626901902 12.299999999999999
    vertex 5.333474236988179 7.9821082781044375 12.299999999999999
  endloop
endfacet
facet normal 7.21305485202545e-32 -9.007892099083166e-32 1.0
  outer loop
    vertex 5.333474236988179 7.9821082781044375 12.299999999999999
    vertex 5.075146273309152 6.184083626901902 12.299999999999999
    vertex 5.656854249492366 5.656854249492389 12.299999999999999
  endloop
endfacet
facet normal 7.21305485202545e-32 -9.007892099083166e-32 1.0
  outer loop
    vertex 5.333474236988179 7.9821082781044375 12.299999999999999
    vertex 5.656854249492366 5.656854249492389 12.299999999999999
    vertex 6.090175527970994 7.420900352282276 12.299999999999999
  endloop
endfacet
facet normal 7.21305485202545e-32 -9.007892099083166e-32 1.0
  outer loop
    vertex 6.090175527970994 7.420900352282276 12.299999999999999
    vertex 5.656854249492366 5.656854249492389 12.299999999999999
    vertex 6.184083626901883 5.075146273309178 12.299999999999999
  endloop
endfacet
facet normal 7.21305485202545e-32 -9.007892099083166e-32 1.0
  outer loop
    vertex 6.090175527970994 7.420900352282276 12.299999999999999
    vertex 6.184083626901883 5.075146273309178 12.299999999999999
    vertex 6.788225099390853 6.788225099390859 12.299999999999999
  endloop
endfacet
facet normal 7.21305485202545e-32 -9.007892099083166e-32 1.0
  outer loop
    vertex 6.788225099390853 6.788225099390859 12.299999999999999
    vertex 6.184083626901883 5.075146273309178 12.299999999999999
    vertex 6.65175689842035 4.444561864156834 12.299999999999999
  endloop
endfacet
facet normal 7.21305485202545e-32 -9.007892099083166e-32 1.0
  outer loop
    vertex 6.788225099390853 6.788225099390859 12.299999999999999
    vertex 6.65175689842035 4.444561864156834 12.299999999999999
    vertex 7.055370114786825 3.771173894608002 12.299999999999999
  endloop
endfacet
facet normal 7.21305485202545e-32 -9.007892099083166e-32 1.0
  outer loop
    vertex 6.788225099390853 6.788225099390859 12.299999999999999
    vertex 7.055370114786825 3.771173894608002 12.299999999999999
    vertex 7.420900352282273 6.090175527970997 12.299999999999999
  endloop
endfacet
facet normal 7.21305485202545e-32 -9.007892099083166e-32 1.0
  outer loop
    vertex 7.420900352282273 6.090175527970997 12.299999999999999
    vertex 7.055370114786825 3.771173894608002 12.299999999999999
    vertex 7.391036260090281 3.0614674589207413 12.299999999999999
  endloop
endfacet
facet normal 7.21305485202545e-32 -9.007892099083166e-32 1.0
  outer loop
    vertex 7.420900352282273 6.090175527970997 12.299999999999999
    vertex 7.391036260090281 3.0614674589207413 12.299999999999999
    vertex 7.655522685857659 2.3222774180357257 12.299999999999999
  endloop
endfacet
facet normal 7.21305485202545e-32 -9.007892099083166e-32 1.0
  outer loop
    vertex 7.420900352282273 6.090175527970997 12.299999999999999
    vertex 7.655522685857659 2.3222774180357257 12.299999999999999
    vertex 7.982108278104431 5.333474236988183 12.299999999999999
  endloop
endfacet
facet normal 7.21305485202545e-32 -9.007892099083166e-32 1.0
  outer loop
    vertex 7.982108278104431 5.333474236988183 12.299999999999999
    vertex 7.655522685857659 2.3222774180357257 12.299999999999999
    vertex 7.8462822432258355 1.560722576129057 12.299999999999999
  endloop
endfacet
facet normal 7.21305485202545e-32 -9.007892099083166e-32 1.0
  outer loop
    vertex 7.982108278104431 5.333474236988183 12.299999999999999
    vertex 7.8462822432258355 1.560722576129057 12.299999999999999
    vertex 7.96147781337757 0.7841371226365197 12.299999999999999
  endloop
endfacet
facet normal 7.21305485202545e-32 -9.007892099083166e-32 1.0
  outer loop
    vertex 7.982108278104431 5.333474236988183 12.299999999999999
    vertex 7.96147781337757 0.7841371226365197 12.299999999999999
    vertex 7.9999999999999964 0.0 12.299999999999999
  endloop
endfacet
facet normal 7.21305485202545e-32 -9.007892099083166e-32 1.0
  outer loop
    vertex 7.982108278104431 5.333474236988183 12.299999999999999
    vertex 7.9999999999999964 0.0 12.299999999999999
    vertex 8.466444137744208 4.525408673529578 12.299999999999999
  endloop
endfacet
facet normal 7.21305485202545e-32 -9.007892099083166e-32 1.0
  outer loop
    vertex 8.466444137744208 4.525408673529578 12.299999999999999
    vertex 7.9999999999999964 0.0 12.299999999999999
    vertex 8.466444137744194 -4.5254086735296015 12.299999999999999
  endloop
endfacet
facet normal 7.21305485202545e-32 -9.007892099083166e-32 1.0
  outer loop
    vertex 8.466444137744208 4.525408673529578 12.299999999999999
    vertex 8.466444137744194 -4.5254086735296015 12.299999999999999
    vertex 8.869243512108339 -3.6737609507048896 12.299999999999999
  endloop
endfacet
facet normal 7.21305485202545e-32 -9.007892099083166e-32 1.0
  outer loop
    vertex 8.466444137744208 4.525408673529578 12.299999999999999
    vertex 8.869243512108339 -3.6737609507048896 12.299999999999999
    vertex 8.86924351210835 3.673760950704863 12.299999999999999
  endloop
endfacet
facet normal 7.21305485202545e-32 -9.007892099083166e-32 1.0
  outer loop
    vertex 8.86924351210835 3.673760950704863 12.299999999999999
    vertex 8.869243512108339 -3.6737609507048896 12.299999999999999
    vertex 9.186627223029195 -2.786732901642871 12.299999999999999
  endloop
endfacet
facet normal 7.21305485202545e-32 -9.007892099083166e-32 1.0
  outer loop
    vertex 8.86924351210835 3.673760950704863 12.299999999999999
    vertex 9.186627223029195 -2.786732901642871 12.299999999999999
    vertex 9.186627223029205 2.7867329016428397 12.299999999999999
  endloop
endfacet
facet normal 7.21305485202545e-32 -9.007892099083166e-32 1.0
  outer loop
    vertex 9.186627223029205 2.7867329016428397 12.299999999999999
    vertex 9.186627223029195 -2.786732901642871 12.299999999999999
    vertex 9.415538691871005 -1.8728670913548677 12.299999999999999
  endloop
endfacet
facet normal 7.21305485202545e-32 -9.007892099083166e-32 1.0
  outer loop
    vertex 9.186627223029205 2.7867329016428397 12.299999999999999
    vertex 9.415538691871005 -1.8728670913548677 12.299999999999999
    vertex 9.415538691871014 1.8728670913548324 12.299999999999999
  endloop
endfacet
facet normal 7.21305485202545e-32 -9.007892099083166e-32 1.0
  outer loop
    vertex 9.415538691871014 1.8728670913548324 12.299999999999999
    vertex 9.415538691871005 -1.8728670913548677 12.299999999999999
    vertex 9.553773376053083 -0.9409645471638219 12.299999999999999
  endloop
endfacet
facet normal 7.21305485202545e-32 -9.007892099083166e-32 1.0
  outer loop
    vertex 9.415538691871014 1.8728670913548324 12.299999999999999
    vertex 9.553773376053083 -0.9409645471638219 12.299999999999999
    vertex 9.55377337605309 0.9409645471637825 12.299999999999999
  endloop
endfacet
facet normal 7.21305485202545e-32 -9.007892099083166e-32 1.0
  outer loop
    vertex 9.55377337605309 0.9409645471637825 12.299999999999999
    vertex 9.553773376053083 -0.9409645471638219 12.299999999999999
    vertex 9.6 1.4099832412739487e-15 12.299999999999999
  endloop
endfacet
facet normal -0.5141027441932259 0.8577286100002698 2.3679953536137287e-17
  outer loop
    vertex -5.333474236988191 7.982108278104426 12.299999999999999
    vertex -4.525408673529596 8.4664441377442 5.0
    vertex -5.333474236988203 7.982108278104417 5.0
  endloop
endfacet
facet normal -0.5141027441932259 0.8577286100002698 2.3679953536137287e-17
  outer loop
    vertex -4.525408673529596 8.4664441377442 5.0
    vertex -5.333474236988191 7.982108278104426 12.299999999999999
    vertex -4.525408673529586 8.466444137744205 12.299999999999999
  endloop
endfacet
facet normal 0.5141027441932193 0.8577286100002736 -1.0986223654259717e-16
  outer loop
    vertex 4.525408673529578 8.466444137744205 12.299999999999999
    vertex 5.333474236988171 7.98210827810444 5.0
    vertex 4.52540867352957 8.466444137744212 5.0
  endloop
endfacet
facet normal 0.5141027441932193 0.8577286100002736 -1.0986223654259717e-16
  outer loop
    vertex 5.333474236988171 7.98210827810444 5.0
    vertex 4.525408673529578 8.466444137744205 12.299999999999999
    vertex 5.333474236988179 7.9821082781044375 12.299999999999999
  endloop
endfacet
facet normal -0.9039892931234431 0.4275550934302826 2.269939996239298e-17
  outer loop
    vertex 7.055370114786837 -3.7711738946079794 12.299999999999999
    vertex 7.391036260090292 -3.0614674589207187 8.5
    vertex 7.055370114786837 -3.7711738946079825 8.5
  endloop
endfacet
facet normal -0.9039892931234431 0.4275550934302826 2.269939996239298e-17
  outer loop
    vertex 7.391036260090292 -3.0614674589207187 8.5
    vertex 7.055370114786837 -3.7711738946079794 12.299999999999999
    vertex 7.391036260090292 -3.0614674589207174 12.299999999999999
  endloop
endfacet
facet normal 0.5141027441932199 -0.8577286100002732 -1.8253436517860845e-16
  outer loop
    vertex 5.333474236988174 -7.98210827810444 12.299999999999999
    vertex 4.525408673529573 -8.466444137744208 5.0
    vertex 5.333474236988183 -7.982108278104434 5.0
  endloop
endfacet
facet normal 0.5141027441932199 -0.8577286100002732 -1.8253436517860845e-16
  outer loop
    vertex 4.525408673529573 -8.466444137744208 5.0
    vertex 5.333474236988174 -7.98210827810444 12.299999999999999
    vertex 4.52540867352957 -8.466444137744212 12.299999999999999
  endloop
endfacet
facet normal -0.24298017990326523 0.9700312531945438 3.814118243956437e-17
  outer loop
    vertex -2.786732901642847 9.186627223029202 12.299999999999999
    vertex -1.8728670913548522 9.41553869187101 5.0
    vertex -2.7867329016428584 9.186627223029197 5.0
  endloop
endfacet
facet normal -0.24298017990326523 0.9700312531945438 3.814118243956437e-17
  outer loop
    vertex -1.8728670913548522 9.41553869187101 5.0
    vertex -2.786732901642847 9.186627223029202 12.299999999999999
    vertex -1.872867091354838 9.41553869187101 12.299999999999999
  endloop
endfacet
facet normal 0.8577286100002715 -0.514102744193223 5.201998900106817e-17
  outer loop
    vertex 7.982108278104431 -5.3334742369881845 5.0
    vertex 8.466444137744194 -4.5254086735296015 12.299999999999999
    vertex 7.982108278104421 -5.3334742369882004 12.299999999999999
  endloop
endfacet
facet normal 0.8577286100002715 -0.514102744193223 5.201998900106817e-17
  outer loop
    vertex 8.466444137744194 -4.5254086735296015 12.299999999999999
    vertex 7.982108278104431 -5.3334742369881845 5.0
    vertex 8.466444137744205 -4.525408673529582 5.0
  endloop
endfacet
facet normal -0.3368898533922214 0.9415440651830203 -1.703877470072731e-16
  outer loop
    vertex -3.67376095070487 8.86924351210835 12.299999999999999
    vertex -2.7867329016428584 9.186627223029197 5.0
    vertex -3.6737609507048825 8.869243512108342 5.0
  endloop
endfacet
facet normal -0.3368898533922214 0.9415440651830203 -1.703877470072731e-16
  outer loop
    vertex -2.7867329016428584 9.186627223029197 5.0
    vertex -3.67376095070487 8.86924351210835 12.299999999999999
    vertex -2.786732901642847 9.186627223029202 12.299999999999999
  endloop
endfacet
facet normal -0.970031253194544 -0.24298017990326448 -1.3056310394271493e-16
  outer loop
    vertex -9.415538691871006 -1.872867091354855 12.299999999999999
    vertex -9.186627223029205 -2.7867329016428326 5.0
    vertex -9.186627223029197 -2.7867329016428624 12.299999999999999
  endloop
endfacet
facet normal -0.970031253194544 -0.24298017990326448 -1.3056310394271493e-16
  outer loop
    vertex -9.186627223029205 -2.7867329016428326 5.0
    vertex -9.415538691871006 -1.872867091354855 12.299999999999999
    vertex -9.41553869187101 -1.8728670913548295 5.0
  endloop
endfacet
facet normal 0.14673047445536166 0.989176509964781 3.577191913663303e-17
  outer loop
    vertex 0.9409645471637783 9.55377337605309 12.299999999999999
    vertex 1.8728670913548155 9.415538691871015 5.0
    vertex 0.9409645471637655 9.553773376053092 5.0
  endloop
endfacet
facet normal 0.14673047445536166 0.989176509964781 3.577191913663303e-17
  outer loop
    vertex 1.8728670913548155 9.415538691871015 5.0
    vertex 0.9409645471637783 9.55377337605309 12.299999999999999
    vertex 1.8728670913548282 9.415538691871014 12.299999999999999
  endloop
endfacet
facet normal 0.9415440651830199 0.3368898533922228 5.155124490465238e-16
  outer loop
    vertex 9.186627223029209 2.7867329016428455 4.999999999999999
    vertex 8.86924351210835 3.673760950704863 12.299999999999999
    vertex 9.186627223029205 2.7867329016428397 12.299999999999999
  endloop
endfacet
facet normal 0.9415440651830199 0.3368898533922228 5.155124490465238e-16
  outer loop
    vertex 8.86924351210835 3.673760950704863 12.299999999999999
    vertex 9.186627223029209 2.7867329016428455 4.999999999999999
    vertex 8.869243512108353 3.6737609507048683 4.999999999999999
  endloop
endfacet
facet normal -0.5956993044924342 0.8032075314806443 2.2219133033508427e-16
  outer loop
    vertex -6.090175527971006 7.420900352282264 12.299999999999999
    vertex -5.333474236988203 7.982108278104417 5.0
    vertex -6.0901755279710175 7.420900352282259 5.0
  endloop
endfacet
facet normal -0.5956993044924342 0.8032075314806443 2.2219133033508427e-16
  outer loop
    vertex -5.333474236988203 7.982108278104417 5.0
    vertex -6.090175527971006 7.420900352282264 12.299999999999999
    vertex -5.333474236988191 7.982108278104426 12.299999999999999
  endloop
endfacet
facet normal 0.42755509343028164 -0.9039892931234434 -2.7427366924756213e-16
  outer loop
    vertex 4.52540867352957 -8.466444137744212 12.299999999999999
    vertex 3.67376095070486 -8.869243512108351 5.0
    vertex 4.525408673529573 -8.466444137744208 5.0
  endloop
endfacet
facet normal 0.42755509343028164 -0.9039892931234434 -2.7427366924756213e-16
  outer loop
    vertex 3.67376095070486 -8.869243512108351 5.0
    vertex 4.52540867352957 -8.466444137744212 12.299999999999999
    vertex 3.673760950704857 -8.869243512108355 12.299999999999999
  endloop
endfacet
facet normal -0.4275550934302825 -0.9039892931234433 -1.4383730813595105e-17
  outer loop
    vertex -3.673760950704843 -8.86924351210836 12.299999999999999
    vertex -4.525408673529606 -8.466444137744192 4.999999999999999
    vertex -3.673760950704894 -8.869243512108337 4.999999999999999
  endloop
endfacet
facet normal -0.4275550934302825 -0.9039892931234433 -1.4383730813595105e-17
  outer loop
    vertex -4.525408673529606 -8.466444137744192 4.999999999999999
    vertex -3.673760950704843 -8.86924351210836 12.299999999999999
    vertex -4.525408673529555 -8.466444137744219 12.299999999999999
  endloop
endfacet
facet normal -0.989176509964781 0.14673047445536114 -1.6093613145417156e-16
  outer loop
    vertex 7.846282243225841 -1.560722576129026 12.299999999999999
    vertex 7.961477813377573 -0.7841371226364845 8.5
    vertex 7.846282243225844 -1.5607225761290275 8.5
  endloop
endfacet
facet normal -0.989176509964781 0.14673047445536114 -1.6093613145417156e-16
  outer loop
    vertex 7.961477813377573 -0.7841371226364845 8.5
    vertex 7.846282243225841 -1.560722576129026 12.299999999999999
    vertex 7.961477813377573 -0.7841371226364845 12.299999999999999
  endloop
endfacet
facet normal -0.8032075314806449 -0.5956993044924332 1.9320537946653045e-16
  outer loop
    vertex -7.982108278104417 -5.333474236988204 12.299999999999999
    vertex -7.420900352282287 -6.090175527970983 4.999999999999999
    vertex -7.4209003522822545 -6.090175527971019 12.299999999999999
  endloop
endfacet
facet normal -0.8032075314806449 -0.5956993044924332 1.9320537946653045e-16
  outer loop
    vertex -7.420900352282287 -6.090175527970983 4.999999999999999
    vertex -7.982108278104417 -5.333474236988204 12.299999999999999
    vertex -7.982108278104443 -5.333474236988168 5.0
  endloop
endfacet
facet normal -0.9415440651830199 0.33688985339222227 7.869882129542493e-17
  outer loop
    vertex 7.391036260090292 -3.0614674589207174 12.299999999999999
    vertex 7.655522685857671 -2.3222774180356973 8.5
    vertex 7.391036260090292 -3.0614674589207187 8.5
  endloop
endfacet
facet normal -0.9415440651830199 0.33688985339222227 7.869882129542493e-17
  outer loop
    vertex 7.655522685857671 -2.3222774180356973 8.5
    vertex 7.391036260090292 -3.0614674589207174 12.299999999999999
    vertex 7.655522685857671 -2.3222774180356973 12.299999999999999
  endloop
endfacet
facet normal -1.245568128469699e-17 9.182425684092664e-18 1.0
  outer loop
    vertex -7.9614778133775745 -0.784137122636469 8.5
    vertex -7.961477813377572 0.7841371226365028 8.5
    vertex -7.999999999999998 1.6919798895287383e-14 8.5
  endloop
endfacet
facet normal -1.245568128469699e-17 9.182425684092664e-18 1.0
  outer loop
    vertex -7.961477813377572 0.7841371226365028 8.5
    vertex -7.9614778133775745 -0.784137122636469 8.5
    vertex -7.846282243225843 -1.5607225761290107 8.5
  endloop
endfacet
facet normal -1.245568128469699e-17 9.182425684092664e-18 1.0
  outer loop
    vertex -7.961477813377572 0.7841371226365028 8.5
    vertex -7.846282243225843 -1.5607225761290107 8.5
    vertex -7.846282243225838 1.5607225761290444 8.5
  endloop
endfacet
facet normal -1.245568128469699e-17 9.182425684092664e-18 1.0
  outer loop
    vertex -7.846282243225838 1.5607225761290444 8.5
    vertex -7.846282243225843 -1.5607225761290107 8.5
    vertex -7.655522685857674 -2.322277418035686 8.5
  endloop
endfacet
facet normal -1.245568128469699e-17 9.182425684092664e-18 1.0
  outer loop
    vertex -7.846282243225838 1.5607225761290444 8.5
    vertex -7.655522685857674 -2.322277418035686 8.5
    vertex -7.6555226858576635 2.3222774180357173 8.5
  endloop
endfacet
facet normal -1.245568128469699e-17 9.182425684092664e-18 1.0
  outer loop
    vertex -7.6555226858576635 2.3222774180357173 8.5
    vertex -7.655522685857674 -2.322277418035686 8.5
    vertex -7.391036260090299 -3.0614674589207045 8.5
  endloop
endfacet
facet normal -1.245568128469699e-17 9.182425684092664e-18 1.0
  outer loop
    vertex -7.6555226858576635 2.3222774180357173 8.5
    vertex -7.391036260090299 -3.0614674589207045 8.5
    vertex -7.391036260090283 3.0614674589207356 8.5
  endloop
endfacet
facet normal -1.245568128469699e-17 9.182425684092664e-18 1.0
  outer loop
    vertex -7.391036260090283 3.0614674589207356 8.5
    vertex -7.391036260090299 -3.0614674589207045 8.5
    vertex -7.055370114786844 -3.7711738946079683 8.5
  endloop
endfacet
facet normal -1.245568128469699e-17 9.182425684092664e-18 1.0
  outer loop
    vertex -7.391036260090283 3.0614674589207356 8.5
    vertex -7.055370114786844 -3.7711738946079683 8.5
    vertex -7.055370114786828 3.7711738946079993 8.5
  endloop
endfacet
facet normal -1.245568128469699e-17 9.182425684092664e-18 1.0
  outer loop
    vertex -7.055370114786828 3.7711738946079993 8.5
    vertex -7.055370114786844 -3.7711738946079683 8.5
    vertex -6.651756898420367 -4.444561864156807 8.5
  endloop
endfacet
facet normal -1.245568128469699e-17 9.182425684092664e-18 1.0
  outer loop
    vertex -7.055370114786828 3.7711738946079993 8.5
    vertex -6.651756898420367 -4.444561864156807 8.5
    vertex -6.651756898420348 4.444561864156834 8.5
  endloop
endfacet
facet normal -1.245568128469699e-17 9.182425684092664e-18 1.0
  outer loop
    vertex -6.651756898420348 4.444561864156834 8.5
    vertex -6.651756898420367 -4.444561864156807 8.5
    vertex -6.184083626901901 -5.075146273309155 8.5
  endloop
endfacet
facet normal -1.245568128469699e-17 9.182425684092664e-18 1.0
  outer loop
    vertex -6.651756898420348 4.444561864156834 8.5
    vertex -6.184083626901901 -5.075146273309155 8.5
    vertex -6.184083626901878 5.075146273309183 8.499999999999998
  endloop
endfacet
facet normal -1.245568128469699e-17 9.182425684092664e-18 1.0
  outer loop
    vertex -6.184083626901878 5.075146273309183 8.499999999999998
    vertex -6.184083626901901 -5.075146273309155 8.5
    vertex -5.656854249492385 -5.656854249492372 8.5
  endloop
endfacet
facet normal -1.245568128469699e-17 9.182425684092664e-18 1.0
  outer loop
    vertex -6.184083626901878 5.075146273309183 8.499999999999998
    vertex -5.656854249492385 -5.656854249492372 8.5
    vertex -5.656854249492365 5.656854249492394 8.5
  endloop
endfacet
facet normal -1.245568128469699e-17 9.182425684092664e-18 1.0
  outer loop
    vertex -5.656854249492365 5.656854249492394 8.5
    vertex -5.656854249492385 -5.656854249492372 8.5
    vertex -5.4 -5.639932965095795e-15 8.5
  endloop
endfacet
facet normal -1.245568128469699e-17 9.182425684092664e-18 1.0
  outer loop
    vertex -5.4 -5.639932965095795e-15 8.5
    vertex -5.656854249492385 -5.656854249492372 8.5
    vertex -5.373997524029862 -0.529292557779635 8.5
  endloop
endfacet
facet normal -1.245568128469699e-17 9.182425684092664e-18 1.0
  outer loop
    vertex -5.373997524029862 -0.529292557779635 8.5
    vertex -5.656854249492385 -5.656854249492372 8.5
    vertex -5.07514627330917 -6.184083626901889 8.499999999999998
  endloop
endfacet
facet normal -1.245568128469699e-17 9.182425684092664e-18 1.0
  outer loop
    vertex -5.373997524029862 -0.529292557779635 8.5
    vertex -5.07514627330917 -6.184083626901889 8.499999999999998
    vertex -5.296240514177444 -1.0534877388871011 8.5
  endloop
endfacet
facet normal -1.245568128469699e-17 9.182425684092664e-18 1.0
  outer loop
    vertex -5.296240514177444 -1.0534877388871011 8.5
    vertex -5.07514627330917 -6.184083626901889 8.499999999999998
    vertex -5.167477812953926 -1.567537257174106 8.5
  endloop
endfacet
facet normal -1.245568128469699e-17 9.182425684092664e-18 1.0
  outer loop
    vertex -5.167477812953926 -1.567537257174106 8.5
    vertex -5.07514627330917 -6.184083626901889 8.499999999999998
    vertex -4.988949475560945 -2.0664905347714932 8.5
  endloop
endfacet
facet normal -1.245568128469699e-17 9.182425684092664e-18 1.0
  outer loop
    vertex -4.988949475560945 -2.0664905347714932 8.5
    vertex -5.07514627330917 -6.184083626901889 8.499999999999998
    vertex -4.4445618641568245 -6.651756898420356 8.499999999999998
  endloop
endfacet
facet normal -1.245568128469699e-17 9.182425684092664e-18 1.0
  outer loop
    vertex -4.988949475560945 -2.0664905347714932 8.5
    vertex -4.4445618641568245 -6.651756898420356 8.499999999999998
    vertex -4.762374827481112 -2.5455423788603975 8.5
  endloop
endfacet
facet normal -1.245568128469699e-17 9.182425684092664e-18 1.0
  outer loop
    vertex -4.762374827481112 -2.5455423788603975 8.5
    vertex -4.4445618641568245 -6.651756898420356 8.499999999999998
    vertex -4.48993590643374 -3.0000792583058615 8.5
  endloop
endfacet
facet normal -1.245568128469699e-17 9.182425684092664e-18 1.0
  outer loop
    vertex -4.48993590643374 -3.0000792583058615 8.5
    vertex -4.4445618641568245 -6.651756898420356 8.499999999999998
    vertex -4.174256448158773 -3.4257237344836935 8.5
  endloop
endfacet
facet normal -1.245568128469699e-17 9.182425684092664e-18 1.0
  outer loop
    vertex -4.174256448158773 -3.4257237344836935 8.5
    vertex -4.4445618641568245 -6.651756898420356 8.499999999999998
    vertex -3.771173894607988 -7.055370114786835 8.5
  endloop
endfacet
facet normal -1.245568128469699e-17 9.182425684092664e-18 1.0
  outer loop
    vertex -4.174256448158773 -3.4257237344836935 8.5
    vertex -3.771173894607988 -7.055370114786835 8.5
    vertex -3.81837661840735 -3.818376618407365 8.5
  endloop
endfacet
facet normal -1.245568128469699e-17 9.182425684092664e-18 1.0
  outer loop
    vertex -3.81837661840735 -3.818376618407365 8.5
    vertex -3.771173894607988 -7.055370114786835 8.5
    vertex -3.4257237344836793 -4.174256448158788 8.5
  endloop
endfacet
facet normal -1.245568128469699e-17 9.182425684092664e-18 1.0
  outer loop
    vertex -3.4257237344836793 -4.174256448158788 8.5
    vertex -3.771173894607988 -7.055370114786835 8.5
    vertex -3.061467458920724 -7.3910362600902895 8.5
  endloop
endfacet
facet normal -1.245568128469699e-17 9.182425684092664e-18 1.0
  outer loop
    vertex -3.4257237344836793 -4.174256448158788 8.5
    vertex -3.061467458920724 -7.3910362600902895 8.5
    vertex -3.0000792583058433 -4.48993590643375 8.5
  endloop
endfacet
facet normal -1.245568128469699e-17 9.182425684092664e-18 1.0
  outer loop
    vertex -3.0000792583058433 -4.48993590643375 8.5
    vertex -3.061467458920724 -7.3910362600902895 8.5
    vertex -2.3222774180357044 -7.655522685857667 8.5
  endloop
endfacet
facet normal -1.245568128469699e-17 9.182425684092664e-18 1.0
  outer loop
    vertex -3.0000792583058433 -4.48993590643375 8.5
    vertex -2.3222774180357044 -7.655522685857667 8.5
    vertex -2.5455423788603766 -4.762374827481123 8.5
  endloop
endfacet
facet normal -1.245568128469699e-17 9.182425684092664e-18 1.0
  outer loop
    vertex -2.5455423788603766 -4.762374827481123 8.5
    vertex -2.3222774180357044 -7.655522685857667 8.5
    vertex -2.0664905347714737 -4.988949475560955 8.5
  endloop
endfacet
facet normal -1.245568128469699e-17 9.182425684092664e-18 1.0
  outer loop
    vertex -2.0664905347714737 -4.988949475560955 8.5
    vertex -2.3222774180357044 -7.655522685857667 8.5
    vertex -1.5607225761290304 -7.846282243225841 8.5
  endloop
endfacet
facet normal -1.245568128469699e-17 9.182425684092664e-18 1.0
  outer loop
    vertex -2.0664905347714737 -4.988949475560955 8.5
    vertex -1.5607225761290304 -7.846282243225841 8.5
    vertex -1.5675372571740849 -5.167477812953933 8.5
  endloop
endfacet
facet normal -1.245568128469699e-17 9.182425684092664e-18 1.0
  outer loop
    vertex -1.5675372571740849 -5.167477812953933 8.5
    vertex -1.5607225761290304 -7.846282243225841 8.5
    vertex -1.0534877388870787 -5.296240514177447 8.5
  endloop
endfacet
facet normal -1.245568128469699e-17 9.182425684092664e-18 1.0
  outer loop
    vertex -1.0534877388870787 -5.296240514177447 8.5
    vertex -1.5607225761290304 -7.846282243225841 8.5
    vertex -0.7841371226364887 -7.961477813377573 8.5
  endloop
endfacet
facet normal -1.245568128469699e-17 9.182425684092664e-18 1.0
  outer loop
    vertex -1.0534877388870787 -5.296240514177447 8.5
    vertex -0.7841371226364887 -7.961477813377573 8.5
    vertex -0.5292925577796125 -5.373997524029866 8.5
  endloop
endfacet
facet normal -1.245568128469699e-17 9.182425684092664e-18 1.0
  outer loop
    vertex -0.5292925577796125 -5.373997524029866 8.5
    vertex -0.7841371226364887 -7.961477813377573 8.5
    vertex -2.8199664825478975e-15 -7.999999999999998 8.5
  endloop
endfacet
facet normal -1.245568128469699e-17 9.182425684092664e-18 1.0
  outer loop
    vertex -0.5292925577796125 -5.373997524029866 8.5
    vertex -2.8199664825478975e-15 -7.999999999999998 8.5
    vertex 1.5509815654013436e-14 -5.4 8.5
  endloop
endfacet
facet normal -1.245568128469699e-17 9.182425684092664e-18 1.0
  outer loop
    vertex 1.5509815654013436e-14 -5.4 8.5
    vertex -2.8199664825478975e-15 -7.999999999999998 8.5
    vertex 0.784137122636483 -7.961477813377573 8.5
  endloop
endfacet
facet normal -1.245568128469699e-17 9.182425684092664e-18 1.0
  outer loop
    vertex 1.5509815654013436e-14 -5.4 8.5
    vertex 0.784137122636483 -7.961477813377573 8.5
    vertex 0.5292925577796436 -5.373997524029861 8.5
  endloop
endfacet
facet normal -1.245568128469699e-17 9.182425684092664e-18 1.0
  outer loop
    vertex 0.5292925577796436 -5.373997524029861 8.5
    vertex 0.784137122636483 -7.961477813377573 8.5
    vertex 1.0534877388871096 -5.296240514177441 8.5
  endloop
endfacet
facet normal -1.245568128469699e-17 9.182425684092664e-18 1.0
  outer loop
    vertex 1.0534877388871096 -5.296240514177441 8.5
    vertex 0.784137122636483 -7.961477813377573 8.5
    vertex 1.5607225761290247 -7.846282243225838 8.5
  endloop
endfacet
facet normal -1.245568128469699e-17 9.182425684092664e-18 1.0
  outer loop
    vertex 1.0534877388871096 -5.296240514177441 8.5
    vertex 1.5607225761290247 -7.846282243225838 8.5
    vertex 1.5675372571741144 -5.167477812953924 8.5
  endloop
endfacet
facet normal -1.245568128469699e-17 9.182425684092664e-18 1.0
  outer loop
    vertex 1.5675372571741144 -5.167477812953924 8.5
    vertex 1.5607225761290247 -7.846282243225838 8.5
    vertex 2.3222774180356973 -7.655522685857671 8.5
  endloop
endfacet
facet normal -1.245568128469699e-17 9.182425684092664e-18 1.0
  outer loop
    vertex 1.5675372571741144 -5.167477812953924 8.5
    vertex 2.3222774180356973 -7.655522685857671 8.5
    vertex 2.0664905347715004 -4.9889494755609425 8.5
  endloop
endfacet
facet normal -1.245568128469699e-17 9.182425684092664e-18 1.0
  outer loop
    vertex 2.0664905347715004 -4.9889494755609425 8.5
    vertex 2.3222774180356973 -7.655522685857671 8.5
    vertex 2.5455423788604032 -4.76237482748111 8.5
  endloop
endfacet
facet normal -1.245568128469699e-17 9.182425684092664e-18 1.0
  outer loop
    vertex 2.5455423788604032 -4.76237482748111 8.5
    vertex 2.3222774180356973 -7.655522685857671 8.5
    vertex 3.0614674589207187 -7.39103626009029 8.5
  endloop
endfacet
facet normal -1.245568128469699e-17 9.182425684092664e-18 1.0
  outer loop
    vertex 2.5455423788604032 -4.76237482748111 8.5
    vertex 3.0614674589207187 -7.39103626009029 8.5
    vertex 3.0000792583058673 -4.489935906433734 8.5
  endloop
endfacet
facet normal -1.245568128469699e-17 9.182425684092664e-18 1.0
  outer loop
    vertex 3.0000792583058673 -4.489935906433734 8.5
    vertex 3.0614674589207187 -7.39103626009029 8.5
    vertex 3.425723734483702 -4.174256448158766 8.5
  endloop
endfacet
facet normal -1.245568128469699e-17 9.182425684092664e-18 1.0
  outer loop
    vertex 3.425723734483702 -4.174256448158766 8.5
    vertex 3.0614674589207187 -7.39103626009029 8.5
    vertex 3.7711738946079825 -7.055370114786839 8.5
  endloop
endfacet
facet normal -1.245568128469699e-17 9.182425684092664e-18 1.0
  outer loop
    vertex 3.425723734483702 -4.174256448158766 8.5
    vertex 3.7711738946079825 -7.055370114786839 8.5
    vertex 3.818376618407372 -3.818376618407344 8.5
  endloop
endfacet
facet normal -1.245568128469699e-17 9.182425684092664e-18 1.0
  outer loop
    vertex 3.818376618407372 -3.818376618407344 8.5
    vertex 3.7711738946079825 -7.055370114786839 8.5
    vertex 4.44456186415682 -6.65175689842036 8.5
  endloop
endfacet
facet normal -1.245568128469699e-17 9.182425684092664e-18 1.0
  outer loop
    vertex 3.818376618407372 -3.818376618407344 8.5
    vertex 4.44456186415682 -6.65175689842036 8.5
    vertex 4.1742564481587925 -3.425723734483671 8.5
  endloop
endfacet
facet normal -1.245568128469699e-17 9.182425684092664e-18 1.0
  outer loop
    vertex 4.1742564481587925 -3.425723734483671 8.5
    vertex 4.44456186415682 -6.65175689842036 8.5
    vertex 4.489935906433756 -3.000079258305836 8.5
  endloop
endfacet
facet normal -1.245568128469699e-17 9.182425684092664e-18 1.0
  outer loop
    vertex 4.489935906433756 -3.000079258305836 8.5
    vertex 4.44456186415682 -6.65175689842036 8.5
    vertex 5.075146273309164 -6.184083626901893 8.5
  endloop
endfacet
facet normal -1.245568128469699e-17 9.182425684092664e-18 1.0
  outer loop
    vertex 4.489935906433756 -3.000079258305836 8.5
    vertex 5.075146273309164 -6.184083626901893 8.5
    vertex 4.762374827481125 -2.545542378860372 8.5
  endloop
endfacet
facet normal -1.245568128469699e-17 9.182425684092664e-18 1.0
  outer loop
    vertex 4.762374827481125 -2.545542378860372 8.5
    vertex 5.075146273309164 -6.184083626901893 8.5
    vertex 4.988949475560955 -2.0664905347714706 8.5
  endloop
endfacet
facet normal -1.245568128469699e-17 9.182425684092664e-18 1.0
  outer loop
    vertex 4.988949475560955 -2.0664905347714706 8.5
    vertex 5.075146273309164 -6.184083626901893 8.5
    vertex 5.1674778129539325 -1.5675372571740849 8.5
  endloop
endfacet
facet normal -1.245568128469699e-17 9.182425684092664e-18 1.0
  outer loop
    vertex 5.1674778129539325 -1.5675372571740849 8.5
    vertex 5.075146273309164 -6.184083626901893 8.5
    vertex 5.656854249492377 -5.656854249492381 8.5
  endloop
endfacet
facet normal -1.245568128469699e-17 9.182425684092664e-18 1.0
  outer loop
    vertex 5.1674778129539325 -1.5675372571740849 8.5
    vertex 5.656854249492377 -5.656854249492381 8.5
    vertex 5.296240514177447 -1.0534877388870814 8.5
  endloop
endfacet
facet normal -1.245568128469699e-17 9.182425684092664e-18 1.0
  outer loop
    vertex 5.296240514177447 -1.0534877388870814 8.5
    vertex 5.656854249492377 -5.656854249492381 8.5
    vertex 5.373997524029867 -0.5292925577796181 8.5
  endloop
endfacet
facet normal -1.245568128469699e-17 9.182425684092664e-18 1.0
  outer loop
    vertex 5.373997524029867 -0.5292925577796181 8.5
    vertex 5.656854249492377 -5.656854249492381 8.5
    vertex 5.400000000000001 8.459899447643692e-15 8.5
  endloop
endfacet
facet normal -1.245568128469699e-17 9.182425684092664e-18 1.0
  outer loop
    vertex 5.400000000000001 8.459899447643692e-15 8.5
    vertex 5.656854249492377 -5.656854249492381 8.5
    vertex 5.656854249492369 5.656854249492389 8.5
  endloop
endfacet
facet normal -1.245568128469699e-17 9.182425684092664e-18 1.0
  outer loop
    vertex 5.656854249492369 5.656854249492389 8.5
    vertex 5.656854249492377 -5.656854249492381 8.5
    vertex 6.18408362690188 5.075146273309178 8.5
  endloop
endfacet
facet normal -1.245568128469699e-17 9.182425684092664e-18 1.0
  outer loop
    vertex 6.18408362690188 5.075146273309178 8.5
    vertex 5.656854249492377 -5.656854249492381 8.5
    vertex 6.184083626901894 -5.075146273309165 8.5
  endloop
endfacet
facet normal -1.245568128469699e-17 9.182425684092664e-18 1.0
  outer loop
    vertex 6.18408362690188 5.075146273309178 8.5
    vertex 6.184083626901894 -5.075146273309165 8.5
    vertex 6.651756898420348 4.444561864156834 8.5
  endloop
endfacet
facet normal -1.245568128469699e-17 9.182425684092664e-18 1.0
  outer loop
    vertex 6.651756898420348 4.444561864156834 8.5
    vertex 6.184083626901894 -5.075146273309165 8.5
    vertex 6.651756898420358 -4.4445618641568165 8.5
  endloop
endfacet
facet normal -1.245568128469699e-17 9.182425684092664e-18 1.0
  outer loop
    vertex 6.651756898420348 4.444561864156834 8.5
    vertex 6.651756898420358 -4.4445618641568165 8.5
    vertex 7.055370114786828 3.771173894608005 8.5
  endloop
endfacet
facet normal -1.245568128469699e-17 9.182425684092664e-18 1.0
  outer loop
    vertex 7.055370114786828 3.771173894608005 8.5
    vertex 6.651756898420358 -4.4445618641568165 8.5
    vertex 7.055370114786837 -3.7711738946079825 8.5
  endloop
endfacet
facet normal -1.245568128469699e-17 9.182425684092664e-18 1.0
  outer loop
    vertex 7.055370114786828 3.771173894608005 8.5
    vertex 7.055370114786837 -3.7711738946079825 8.5
    vertex 7.391036260090283 3.061467458920744 8.5
  endloop
endfacet
facet normal -1.245568128469699e-17 9.182425684092664e-18 1.0
  outer loop
    vertex 7.391036260090283 3.061467458920744 8.5
    vertex 7.055370114786837 -3.7711738946079825 8.5
    vertex 7.391036260090292 -3.0614674589207187 8.5
  endloop
endfacet
facet normal -1.245568128469699e-17 9.182425684092664e-18 1.0
  outer loop
    vertex 7.391036260090283 3.061467458920744 8.5
    vertex 7.391036260090292 -3.0614674589207187 8.5
    vertex 7.655522685857659 2.3222774180357257 8.5
  endloop
endfacet
facet normal -1.245568128469699e-17 9.182425684092664e-18 1.0
  outer loop
    vertex 7.655522685857659 2.3222774180357257 8.5
    vertex 7.391036260090292 -3.0614674589207187 8.5
    vertex 7.655522685857671 -2.3222774180356973 8.5
  endloop
endfacet
facet normal -1.245568128469699e-17 9.182425684092664e-18 1.0
  outer loop
    vertex 7.655522685857659 2.3222774180357257 8.5
    vertex 7.655522685857671 -2.3222774180356973 8.5
    vertex 7.846282243225838 1.5607225761290586 8.5
  endloop
endfacet
facet normal -1.245568128469699e-17 9.182425684092664e-18 1.0
  outer loop
    vertex 7.846282243225838 1.5607225761290586 8.5
    vertex 7.655522685857671 -2.3222774180356973 8.5
    vertex 7.846282243225844 -1.5607225761290275 8.5
  endloop
endfacet
facet normal -1.245568128469699e-17 9.182425684092664e-18 1.0
  outer loop
    vertex 7.846282243225838 1.5607225761290586 8.5
    vertex 7.846282243225844 -1.5607225761290275 8.5
    vertex 7.96147781337757 0.7841371226365197 8.5
  endloop
endfacet
facet normal -1.245568128469699e-17 9.182425684092664e-18 1.0
  outer loop
    vertex 7.96147781337757 0.7841371226365197 8.5
    vertex 7.846282243225844 -1.5607225761290275 8.5
    vertex 7.961477813377573 -0.7841371226364845 8.5
  endloop
endfacet
facet normal -1.245568128469699e-17 9.182425684092664e-18 1.0
  outer loop
    vertex 7.96147781337757 0.7841371226365197 8.5
    vertex 7.961477813377573 -0.7841371226364845 8.5
    vertex 7.9999999999999964 0.0 8.5
  endloop
endfacet
facet normal -1.245568128469699e-17 9.182425684092664e-18 1.0
  outer loop
    vertex -5.656854249492365 5.656854249492394 8.5
    vertex -5.373997524029865 0.5292925577796209 8.5
    vertex -5.075146273309144 6.184083626901911 8.5
  endloop
endfacet
facet normal -1.245568128469699e-17 9.182425684092664e-18 1.0
  outer loop
    vertex -5.373997524029865 0.5292925577796209 8.5
    vertex -5.656854249492365 5.656854249492394 8.5
    vertex -5.4 -5.639932965095795e-15 8.5
  endloop
endfacet
facet normal -1.245568128469699e-17 9.182425684092664e-18 1.0
  outer loop
    vertex -5.075146273309144 6.184083626901911 8.5
    vertex -5.373997524029865 0.5292925577796209 8.5
    vertex -5.2962405141774465 1.0534877388870871 8.5
  endloop
endfacet
facet normal -1.245568128469699e-17 9.182425684092664e-18 1.0
  outer loop
    vertex -5.075146273309144 6.184083626901911 8.5
    vertex -5.2962405141774465 1.0534877388870871 8.5
    vertex -5.16747781295393 1.5675372571740933 8.5
  endloop
endfacet
facet normal -1.245568128469699e-17 9.182425684092664e-18 1.0
  outer loop
    vertex -5.075146273309144 6.184083626901911 8.5
    vertex -5.16747781295393 1.5675372571740933 8.5
    vertex -4.9889494755609505 2.066490534771482 8.5
  endloop
endfacet
facet normal -1.245568128469699e-17 9.182425684092664e-18 1.0
  outer loop
    vertex -5.075146273309144 6.184083626901911 8.5
    vertex -4.9889494755609505 2.066490534771482 8.5
    vertex -4.4445618641568005 6.65175689842037 8.5
  endloop
endfacet
facet normal -1.245568128469699e-17 9.182425684092664e-18 1.0
  outer loop
    vertex -4.4445618641568005 6.65175689842037 8.5
    vertex -4.9889494755609505 2.066490534771482 8.5
    vertex -4.762374827481119 2.5455423788603864 8.5
  endloop
endfacet
facet normal -1.245568128469699e-17 9.182425684092664e-18 1.0
  outer loop
    vertex -4.4445618641568005 6.65175689842037 8.5
    vertex -4.762374827481119 2.5455423788603864 8.5
    vertex -4.489935906433747 3.0000792583058504 8.5
  endloop
endfacet
facet normal -1.245568128469699e-17 9.182425684092664e-18 1.0
  outer loop
    vertex -4.4445618641568005 6.65175689842037 8.5
    vertex -4.489935906433747 3.0000792583058504 8.5
    vertex -4.174256448158783 3.4257237344836824 8.5
  endloop
endfacet
facet normal -1.245568128469699e-17 9.182425684092664e-18 1.0
  outer loop
    vertex -4.4445618641568005 6.65175689842037 8.5
    vertex -4.174256448158783 3.4257237344836824 8.5
    vertex -3.771173894607964 7.055370114786848 8.499999999999998
  endloop
endfacet
facet normal -1.245568128469699e-17 9.182425684092664e-18 1.0
  outer loop
    vertex -3.771173894607964 7.055370114786848 8.499999999999998
    vertex -4.174256448158783 3.4257237344836824 8.5
    vertex -3.8183766184073598 3.8183766184073553 8.5
  endloop
endfacet
facet normal -1.245568128469699e-17 9.182425684092664e-18 1.0
  outer loop
    vertex -3.771173894607964 7.055370114786848 8.499999999999998
    vertex -3.8183766184073598 3.8183766184073553 8.5
    vertex -3.425723734483691 4.174256448158776 8.5
  endloop
endfacet
facet normal -1.245568128469699e-17 9.182425684092664e-18 1.0
  outer loop
    vertex -3.771173894607964 7.055370114786848 8.499999999999998
    vertex -3.425723734483691 4.174256448158776 8.5
    vertex -3.061467458920703 7.3910362600902975 8.499999999999998
  endloop
endfacet
facet normal -1.245568128469699e-17 9.182425684092664e-18 1.0
  outer loop
    vertex -3.061467458920703 7.3910362600902975 8.499999999999998
    vertex -3.425723734483691 4.174256448158776 8.5
    vertex -3.0000792583058558 4.489935906433741 8.5
  endloop
endfacet
facet normal -1.245568128469699e-17 9.182425684092664e-18 1.0
  outer loop
    vertex -3.061467458920703 7.3910362600902975 8.499999999999998
    vertex -3.0000792583058558 4.489935906433741 8.5
    vertex -2.322277418035685 7.655522685857671 8.5
  endloop
endfacet
facet normal -1.245568128469699e-17 9.182425684092664e-18 1.0
  outer loop
    vertex -2.322277418035685 7.655522685857671 8.5
    vertex -3.0000792583058558 4.489935906433741 8.5
    vertex -2.545542378860392 4.762374827481117 8.5
  endloop
endfacet
facet normal -1.245568128469699e-17 9.182425684092664e-18 1.0
  outer loop
    vertex -2.322277418035685 7.655522685857671 8.5
    vertex -2.545542378860392 4.762374827481117 8.5
    vertex -2.0664905347714893 4.988949475560946 8.5
  endloop
endfacet
facet normal -1.245568128469699e-17 9.182425684092664e-18 1.0
  outer loop
    vertex -2.322277418035685 7.655522685857671 8.5
    vertex -2.0664905347714893 4.988949475560946 8.5
    vertex -1.5607225761290149 7.846282243225844 8.5
  endloop
endfacet
facet normal -1.245568128469699e-17 9.182425684092664e-18 1.0
  outer loop
    vertex -1.5607225761290149 7.846282243225844 8.5
    vertex -2.0664905347714893 4.988949475560946 8.5
    vertex -1.5675372571741004 5.167477812953927 8.5
  endloop
endfacet
facet normal -1.245568128469699e-17 9.182425684092664e-18 1.0
  outer loop
    vertex -1.5607225761290149 7.846282243225844 8.5
    vertex -1.5675372571741004 5.167477812953927 8.5
    vertex -1.053487738887097 5.296240514177445 8.5
  endloop
endfacet
facet normal -1.245568128469699e-17 9.182425684092664e-18 1.0
  outer loop
    vertex -1.5607225761290149 7.846282243225844 8.5
    vertex -1.053487738887097 5.296240514177445 8.5
    vertex -0.7841371226364761 7.961477813377575 8.5
  endloop
endfacet
facet normal -1.245568128469699e-17 9.182425684092664e-18 1.0
  outer loop
    vertex -0.7841371226364761 7.961477813377575 8.5
    vertex -1.053487738887097 5.296240514177445 8.5
    vertex -0.5292925577796322 5.373997524029864 8.5
  endloop
endfacet
facet normal -1.245568128469699e-17 9.182425684092664e-18 1.0
  outer loop
    vertex -0.7841371226364761 7.961477813377575 8.5
    vertex -0.5292925577796322 5.373997524029864 8.5
    vertex 5.639932965095795e-15 7.9999999999999964 8.5
  endloop
endfacet
facet normal -1.245568128469699e-17 9.182425684092664e-18 1.0
  outer loop
    vertex 5.639932965095795e-15 7.9999999999999964 8.5
    vertex -0.5292925577796322 5.373997524029864 8.5
    vertex -4.229949723821846e-15 5.400000000000001 8.5
  endloop
endfacet
facet normal -1.245568128469699e-17 9.182425684092664e-18 1.0
  outer loop
    vertex 5.639932965095795e-15 7.9999999999999964 8.5
    vertex -4.229949723821846e-15 5.400000000000001 8.5
    vertex 0.5292925577796463 5.373997524029861 8.5
  endloop
endfacet
facet normal -1.245568128469699e-17 9.182425684092664e-18 1.0
  outer loop
    vertex 5.639932965095795e-15 7.9999999999999964 8.5
    vertex 0.5292925577796463 5.373997524029861 8.5
    vertex 0.7841371226364873 7.961477813377573 8.5
  endloop
endfacet
facet normal -1.245568128469699e-17 9.182425684092664e-18 1.0
  outer loop
    vertex 0.7841371226364873 7.961477813377573 8.5
    vertex 0.5292925577796463 5.373997524029861 8.5
    vertex 1.0534877388871111 5.296240514177442 8.5
  endloop
endfacet
facet normal -1.245568128469699e-17 9.182425684092664e-18 1.0
  outer loop
    vertex 0.7841371226364873 7.961477813377573 8.5
    vertex 1.0534877388871111 5.296240514177442 8.5
    vertex 1.560722576129026 7.846282243225841 8.5
  endloop
endfacet
facet normal -1.245568128469699e-17 9.182425684092664e-18 1.0
  outer loop
    vertex 1.560722576129026 7.846282243225841 8.5
    vertex 1.0534877388871111 5.296240514177442 8.5
    vertex 1.5675372571741117 5.1674778129539245 8.5
  endloop
endfacet
facet normal -1.245568128469699e-17 9.182425684092664e-18 1.0
  outer loop
    vertex 1.560722576129026 7.846282243225841 8.5
    vertex 1.5675372571741117 5.1674778129539245 8.5
    vertex 2.3222774180356973 7.655522685857671 8.5
  endloop
endfacet
facet normal -1.245568128469699e-17 9.182425684092664e-18 1.0
  outer loop
    vertex 2.3222774180356973 7.655522685857671 8.5
    vertex 1.5675372571741117 5.1674778129539245 8.5
    vertex 2.0664905347714977 4.988949475560943 8.5
  endloop
endfacet
facet normal -1.245568128469699e-17 9.182425684092664e-18 1.0
  outer loop
    vertex 2.3222774180356973 7.655522685857671 8.5
    vertex 2.0664905347714977 4.988949475560943 8.5
    vertex 2.5455423788603975 4.762374827481113 8.5
  endloop
endfacet
facet normal -1.245568128469699e-17 9.182425684092664e-18 1.0
  outer loop
    vertex 2.3222774180356973 7.655522685857671 8.5
    vertex 2.5455423788603975 4.762374827481113 8.5
    vertex 3.061467458920713 7.391036260090295 8.5
  endloop
endfacet
facet normal -1.245568128469699e-17 9.182425684092664e-18 1.0
  outer loop
    vertex 3.061467458920713 7.391036260090295 8.5
    vertex 2.5455423788603975 4.762374827481113 8.5
    vertex 3.0000792583058615 4.489935906433739 8.499999999999998
  endloop
endfacet
facet normal -1.245568128469699e-17 9.182425684092664e-18 1.0
  outer loop
    vertex 3.061467458920713 7.391036260090295 8.5
    vertex 3.0000792583058615 4.489935906433739 8.499999999999998
    vertex 3.425723734483691 4.174256448158776 8.499999999999998
  endloop
endfacet
facet normal -1.245568128469699e-17 9.182425684092664e-18 1.0
  outer loop
    vertex 3.061467458920713 7.391036260090295 8.5
    vertex 3.425723734483691 4.174256448158776 8.499999999999998
    vertex 3.771173894607974 7.055370114786842 8.5
  endloop
endfacet
facet normal -1.245568128469699e-17 9.182425684092664e-18 1.0
  outer loop
    vertex 3.771173894607974 7.055370114786842 8.5
    vertex 3.425723734483691 4.174256448158776 8.499999999999998
    vertex 3.818376618407361 3.8183766184073527 8.5
  endloop
endfacet
facet normal -1.245568128469699e-17 9.182425684092664e-18 1.0
  outer loop
    vertex 3.771173894607974 7.055370114786842 8.5
    vertex 3.818376618407361 3.8183766184073527 8.5
    vertex 4.4445618641568085 6.651756898420367 8.499999999999998
  endloop
endfacet
facet normal -1.245568128469699e-17 9.182425684092664e-18 1.0
  outer loop
    vertex 4.4445618641568085 6.651756898420367 8.499999999999998
    vertex 3.818376618407361 3.8183766184073527 8.5
    vertex 4.174256448158781 3.4257237344836824 8.499999999999998
  endloop
endfacet
facet normal -1.245568128469699e-17 9.182425684092664e-18 1.0
  outer loop
    vertex 4.4445618641568085 6.651756898420367 8.499999999999998
    vertex 4.174256448158781 3.4257237344836824 8.499999999999998
    vertex 4.489935906433747 3.0000792583058504 8.499999999999998
  endloop
endfacet
facet normal -1.245568128469699e-17 9.182425684092664e-18 1.0
  outer loop
    vertex 4.4445618641568085 6.651756898420367 8.499999999999998
    vertex 4.489935906433747 3.0000792583058504 8.499999999999998
    vertex 5.075146273309152 6.184083626901902 8.5
  endloop
endfacet
facet normal -1.245568128469699e-17 9.182425684092664e-18 1.0
  outer loop
    vertex 5.075146273309152 6.184083626901902 8.5
    vertex 4.489935906433747 3.0000792583058504 8.499999999999998
    vertex 4.762374827481117 2.5455423788603864 8.5
  endloop
endfacet
facet normal -1.245568128469699e-17 9.182425684092664e-18 1.0
  outer loop
    vertex 5.075146273309152 6.184083626901902 8.5
    vertex 4.762374827481117 2.5455423788603864 8.5
    vertex 4.988949475560946 2.066490534771486 8.5
  endloop
endfacet
facet normal -1.245568128469699e-17 9.182425684092664e-18 1.0
  outer loop
    vertex 5.075146273309152 6.184083626901902 8.5
    vertex 4.988949475560946 2.066490534771486 8.5
    vertex 5.1674778129539245 1.567537257174099 8.5
  endloop
endfacet
facet normal -1.245568128469699e-17 9.182425684092664e-18 1.0
  outer loop
    vertex 5.075146273309152 6.184083626901902 8.5
    vertex 5.1674778129539245 1.567537257174099 8.5
    vertex 5.656854249492369 5.656854249492389 8.5
  endloop
endfacet
facet normal -1.245568128469699e-17 9.182425684092664e-18 1.0
  outer loop
    vertex 5.656854249492369 5.656854249492389 8.5
    vertex 5.1674778129539245 1.567537257174099 8.5
    vertex 5.296240514177442 1.053487738887097 8.5
  endloop
endfacet
facet normal -1.245568128469699e-17 9.182425684092664e-18 1.0
  outer loop
    vertex 5.656854249492369 5.656854249492389 8.5
    vertex 5.296240514177442 1.053487738887097 8.5
    vertex 5.373997524029864 0.5292925577796337 8.5
  endloop
endfacet
facet normal -1.245568128469699e-17 9.182425684092664e-18 1.0
  outer loop
    vertex 5.656854249492369 5.656854249492389 8.5
    vertex 5.373997524029864 0.5292925577796337 8.5
    vertex 5.400000000000001 8.459899447643692e-15 8.5
  endloop
endfacet
facet normal -0.7409511253549591 0.6715589548470184 1.0074266808130774e-16
  outer loop
    vertex -7.420900352282283 6.0901755279709855 12.299999999999999
    vertex -6.788225099390872 6.788225099390838 5.0
    vertex -7.420900352282293 6.09017552797098 5.0
  endloop
endfacet
facet normal -0.7409511253549591 0.6715589548470184 1.0074266808130774e-16
  outer loop
    vertex -6.788225099390872 6.788225099390838 5.0
    vertex -7.420900352282283 6.0901755279709855 12.299999999999999
    vertex -6.788225099390866 6.788225099390847 12.299999999999999
  endloop
endfacet
facet normal 0.989176509964781 -0.14673047445536197 -2.387781966986393e-16
  outer loop
    vertex 9.41553869187101 -1.8728670913548324 5.0
    vertex 9.553773376053083 -0.9409645471638219 12.299999999999999
    vertex 9.415538691871005 -1.8728670913548677 12.299999999999999
  endloop
endfacet
facet normal 0.989176509964781 -0.14673047445536197 -2.387781966986393e-16
  outer loop
    vertex 9.553773376053083 -0.9409645471638219 12.299999999999999
    vertex 9.41553869187101 -1.8728670913548324 5.0
    vertex 9.553773376053087 -0.9409645471637825 5.0
  endloop
endfacet
facet normal 0.9700312531945446 0.24298017990326168 2.0510805851374525e-16
  outer loop
    vertex 9.41553869187101 1.8728670913548366 5.0
    vertex 9.186627223029205 2.7867329016428397 12.299999999999999
    vertex 9.415538691871014 1.8728670913548324 12.299999999999999
  endloop
endfacet
facet normal 0.9700312531945446 0.24298017990326168 2.0510805851374525e-16
  outer loop
    vertex 9.186627223029205 2.7867329016428397 12.299999999999999
    vertex 9.41553869187101 1.8728670913548366 5.0
    vertex 9.186627223029209 2.7867329016428455 4.999999999999999
  endloop
endfacet
facet normal -0.14673047445536294 -0.9891765099647808 -2.509174722053822e-17
  outer loop
    vertex -0.9409645471637698 -9.55377337605309 12.299999999999999
    vertex -1.872867091354872 -9.415538691871005 5.0
    vertex -0.9409645471638262 -9.553773376053083 5.0
  endloop
endfacet
facet normal -0.14673047445536294 -0.9891765099647808 -2.509174722053822e-17
  outer loop
    vertex -1.872867091354872 -9.415538691871005 5.0
    vertex -0.9409645471637698 -9.55377337605309 12.299999999999999
    vertex -1.8728670913548169 -9.415538691871014 12.299999999999999
  endloop
endfacet
facet normal -0.6715589548470202 0.7409511253549576 4.9733625838624325e-17
  outer loop
    vertex -6.788225099390866 6.788225099390847 12.299999999999999
    vertex -6.0901755279710175 7.420900352282259 5.0
    vertex -6.788225099390872 6.788225099390838 5.0
  endloop
endfacet
facet normal -0.6715589548470202 0.7409511253549576 4.9733625838624325e-17
  outer loop
    vertex -6.0901755279710175 7.420900352282259 5.0
    vertex -6.788225099390866 6.788225099390847 12.299999999999999
    vertex -6.090175527971006 7.420900352282264 12.299999999999999
  endloop
endfacet
facet normal -0.7409511253549588 -0.6715589548470188 2.0432624414777953e-16
  outer loop
    vertex -7.4209003522822545 -6.090175527971019 12.299999999999999
    vertex -6.788225099390871 -6.788225099390842 4.999999999999999
    vertex -6.788225099390835 -6.788225099390877 12.299999999999999
  endloop
endfacet
facet normal -0.7409511253549588 -0.6715589548470188 2.0432624414777953e-16
  outer loop
    vertex -6.788225099390871 -6.788225099390842 4.999999999999999
    vertex -7.4209003522822545 -6.090175527971019 12.299999999999999
    vertex -7.420900352282287 -6.090175527970983 4.999999999999999
  endloop
endfacet
facet normal 0.5956993044924332 0.803207531480645 -4.707439273777918e-17
  outer loop
    vertex 5.333474236988171 7.98210827810444 5.0
    vertex 6.090175527970994 7.420900352282276 12.299999999999999
    vertex 6.090175527970989 7.420900352282281 4.999999999999999
  endloop
endfacet
facet normal 0.5956993044924332 0.803207531480645 -4.707439273777918e-17
  outer loop
    vertex 6.090175527970994 7.420900352282276 12.299999999999999
    vertex 5.333474236988171 7.98210827810444 5.0
    vertex 5.333474236988179 7.9821082781044375 12.299999999999999
  endloop
endfacet
facet normal -0.3368898533922208 -0.9415440651830205 -1.8861329646152425e-16
  outer loop
    vertex -2.7867329016428766 -9.186627223029191 5.0
    vertex -3.673760950704843 -8.86924351210836 12.299999999999999
    vertex -3.673760950704894 -8.869243512108337 4.999999999999999
  endloop
endfacet
facet normal -0.3368898533922208 -0.9415440651830205 -1.8861329646152425e-16
  outer loop
    vertex -3.673760950704843 -8.86924351210836 12.299999999999999
    vertex -2.7867329016428766 -9.186627223029191 5.0
    vertex -2.7867329016428215 -9.186627223029209 12.299999999999999
  endloop
endfacet
facet normal -0.9700312531945444 0.2429801799032621 3.0378949802049136e-16
  outer loop
    vertex -9.186627223029209 2.78673290164282 12.299999999999999
    vertex -9.415538691871015 1.872867091354821 5.0
    vertex -9.415538691871014 1.8728670913548127 12.299999999999999
  endloop
endfacet
facet normal -0.9700312531945444 0.2429801799032621 3.0378949802049136e-16
  outer loop
    vertex -9.415538691871015 1.872867091354821 5.0
    vertex -9.186627223029209 2.78673290164282 12.299999999999999
    vertex -9.186627223029209 2.786732901642826 5.0
  endloop
endfacet
facet normal -0.04906767432741916 0.9987954562051724 2.35578676119575e-16
  outer loop
    vertex -0.9409645471637882 9.55377337605309 12.299999999999999
    vertex -1.6919798895287383e-14 9.600000000000001 5.0
    vertex -0.9409645471637994 9.55377337605309 5.0
  endloop
endfacet
facet normal -0.04906767432741916 0.9987954562051724 2.35578676119575e-16
  outer loop
    vertex -1.6919798895287383e-14 9.600000000000001 5.0
    vertex -0.9409645471637882 9.55377337605309 12.299999999999999
    vertex -5.639932965095795e-15 9.6 12.299999999999999
  endloop
endfacet
facet normal 0.989176509964781 0.1467304744553615 -3.728820382074653e-17
  outer loop
    vertex 9.55377337605309 0.9409645471637839 5.0
    vertex 9.415538691871014 1.8728670913548324 12.299999999999999
    vertex 9.55377337605309 0.9409645471637825 12.299999999999999
  endloop
endfacet
facet normal 0.989176509964781 0.1467304744553615 -3.728820382074653e-17
  outer loop
    vertex 9.415538691871014 1.8728670913548324 12.299999999999999
    vertex 9.55377337605309 0.9409645471637839 5.0
    vertex 9.41553869187101 1.8728670913548366 5.0
  endloop
endfacet
facet normal 0.2429801799032621 -0.9700312531945444 -1.4984046668518754e-16
  outer loop
    vertex 2.786732901642837 -9.186627223029205 12.299999999999999
    vertex 1.8728670913548282 -9.41553869187101 5.0
    vertex 2.786732901642837 -9.186627223029205 5.0
  endloop
endfacet
facet normal 0.2429801799032621 -0.9700312531945444 -1.4984046668518754e-16
  outer loop
    vertex 1.8728670913548282 -9.41553869187101 5.0
    vertex 2.786732901642837 -9.186627223029205 12.299999999999999
    vertex 1.8728670913548324 -9.415538691871012 12.299999999999999
  endloop
endfacet
facet normal 0.7409511253549593 -0.6715589548470183 5.257453382378836e-17
  outer loop
    vertex 6.788225099390853 -6.788225099390859 5.0
    vertex 7.420900352282259 -6.090175527971012 12.299999999999999
    vertex 6.788225099390845 -6.788225099390867 12.299999999999999
  endloop
endfacet
facet normal 0.7409511253549593 -0.6715589548470183 5.257453382378836e-17
  outer loop
    vertex 7.420900352282259 -6.090175527971012 12.299999999999999
    vertex 6.788225099390853 -6.788225099390859 5.0
    vertex 7.4209003522822705 -6.090175527971 5.0
  endloop
endfacet
facet normal -0.9700312531945442 0.2429801799032629 -1.8561919068895524e-16
  outer loop
    vertex 7.846282243225841 -1.560722576129026 12.299999999999999
    vertex 7.655522685857671 -2.3222774180356973 8.5
    vertex 7.655522685857671 -2.3222774180356973 12.299999999999999
  endloop
endfacet
facet normal -0.9700312531945442 0.2429801799032629 -1.8561919068895524e-16
  outer loop
    vertex 7.655522685857671 -2.3222774180356973 8.5
    vertex 7.846282243225841 -1.560722576129026 12.299999999999999
    vertex 7.846282243225844 -1.5607225761290275 8.5
  endloop
endfacet
facet normal -0.14673047445536438 0.9891765099647806 1.3544036470404384e-16
  outer loop
    vertex -1.872867091354838 9.41553869187101 12.299999999999999
    vertex -0.9409645471637994 9.55377337605309 5.0
    vertex -1.8728670913548522 9.41553869187101 5.0
  endloop
endfacet
facet normal -0.14673047445536438 0.9891765099647806 1.3544036470404384e-16
  outer loop
    vertex -0.9409645471637994 9.55377337605309 5.0
    vertex -1.872867091354838 9.41553869187101 12.299999999999999
    vertex -0.9409645471637882 9.55377337605309 12.299999999999999
  endloop
endfacet
facet normal -0.8577286100002706 -0.5141027441932242 9.839237986128882e-17
  outer loop
    vertex -8.466444137744197 -4.525408673529601 12.299999999999999
    vertex -7.982108278104443 -5.333474236988168 5.0
    vertex -7.982108278104417 -5.333474236988204 12.299999999999999
  endloop
endfacet
facet normal -0.8577286100002706 -0.5141027441932242 9.839237986128882e-17
  outer loop
    vertex -7.982108278104443 -5.333474236988168 5.0
    vertex -8.466444137744197 -4.525408673529601 12.299999999999999
    vertex -8.466444137744215 -4.525408673529568 5.0
  endloop
endfacet
facet normal -0.9987954562051726 0.049067674327416516 0.0
  outer loop
    vertex 7.9999999999999964 0.0 12.299999999999999
    vertex 7.961477813377573 -0.7841371226364845 8.5
    vertex 7.961477813377573 -0.7841371226364845 12.299999999999999
  endloop
endfacet
facet normal -0.9987954562051726 0.049067674327416516 0.0
  outer loop
    vertex 7.961477813377573 -0.7841371226364845 8.5
    vertex 7.9999999999999964 0.0 12.299999999999999
    vertex 7.9999999999999964 0.0 8.5
  endloop
endfacet
facet normal -0.9987954562051724 -0.04906767432741925 -1.1199878276558705e-16
  outer loop
    vertex -9.6 -2.1149748619109232e-14 12.299999999999999
    vertex -9.553773376053089 -0.9409645471637825 5.0
    vertex -9.553773376053089 -0.9409645471638036 12.299999999999999
  endloop
endfacet
facet normal -0.9987954562051724 -0.04906767432741925 -1.1199878276558705e-16
  outer loop
    vertex -9.553773376053089 -0.9409645471637825 5.0
    vertex -9.6 -2.1149748619109232e-14 12.299999999999999
    vertex -9.6 -4.229949723821846e-15 5.0
  endloop
endfacet
facet normal -0.9039892931234439 0.4275550934302812 1.351020022677599e-16
  outer loop
    vertex -8.466444137744213 4.5254086735295616 12.299999999999999
    vertex -8.869243512108358 3.673760950704846 4.999999999999999
    vertex -8.869243512108358 3.673760950704846 12.299999999999999
  endloop
endfacet
facet normal -0.9039892931234439 0.4275550934302812 1.351020022677599e-16
  outer loop
    vertex -8.869243512108358 3.673760950704846 4.999999999999999
    vertex -8.466444137744213 4.5254086735295616 12.299999999999999
    vertex -8.466444137744217 4.5254086735295616 5.0
  endloop
endfacet
facet normal 0.9987954562051724 -0.04906767432742028 -2.027123370440458e-16
  outer loop
    vertex 9.553773376053087 -0.9409645471637825 5.0
    vertex 9.6 1.4099832412739487e-15 12.299999999999999
    vertex 9.553773376053083 -0.9409645471638219 12.299999999999999
  endloop
endfacet
facet normal 0.9987954562051724 -0.04906767432742028 -2.027123370440458e-16
  outer loop
    vertex 9.6 1.4099832412739487e-15 12.299999999999999
    vertex 9.553773376053087 -0.9409645471637825 5.0
    vertex 9.599999999999996 1.4099832412739487e-15 5.0
  endloop
endfacet
facet normal 0.671558954847018 0.7409511253549595 1.3434630684447538e-16
  outer loop
    vertex 6.090175527970994 7.420900352282276 12.299999999999999
    vertex 6.78822509939085 6.788225099390864 4.999999999999999
    vertex 6.090175527970989 7.420900352282281 4.999999999999999
  endloop
endfacet
facet normal 0.671558954847018 0.7409511253549595 1.3434630684447538e-16
  outer loop
    vertex 6.78822509939085 6.788225099390864 4.999999999999999
    vertex 6.090175527970994 7.420900352282276 12.299999999999999
    vertex 6.788225099390853 6.788225099390859 12.299999999999999
  endloop
endfacet
facet normal 0.049067674327413095 -0.9987954562051726 2.939706396665216e-16
  outer loop
    vertex 5.639932965095795e-15 7.9999999999999964 12.299999999999999
    vertex -0.7841371226364761 7.961477813377575 8.5
    vertex 5.639932965095795e-15 7.9999999999999964 8.5
  endloop
endfacet
facet normal 0.049067674327413095 -0.9987954562051726 2.939706396665216e-16
  outer loop
    vertex -0.7841371226364761 7.961477813377575 8.5
    vertex 5.639932965095795e-15 7.9999999999999964 12.299999999999999
    vertex -0.7841371226364761 7.961477813377575 12.299999999999999
  endloop
endfacet
facet normal -0.5956993044924337 0.8032075314806446 -7.530614170293514e-17
  outer loop
    vertex 4.444561864156817 -6.65175689842036 12.299999999999999
    vertex 5.075146273309164 -6.184083626901893 8.5
    vertex 4.44456186415682 -6.65175689842036 8.5
  endloop
endfacet
facet normal -0.5956993044924337 0.8032075314806446 -7.530614170293514e-17
  outer loop
    vertex 5.075146273309164 -6.184083626901893 8.5
    vertex 4.444561864156817 -6.65175689842036 12.299999999999999
    vertex 5.075146273309164 -6.184083626901894 12.299999999999999
  endloop
endfacet
facet normal 0.803207531480644 -0.5956993044924345 -7.758176183719856e-17
  outer loop
    vertex -6.184083626901878 5.075146273309183 8.499999999999998
    vertex -6.651756898420348 4.444561864156834 12.299999999999999
    vertex -6.651756898420348 4.444561864156834 8.5
  endloop
endfacet
facet normal 0.803207531480644 -0.5956993044924345 -7.758176183719856e-17
  outer loop
    vertex -6.651756898420348 4.444561864156834 12.299999999999999
    vertex -6.184083626901878 5.075146273309183 8.499999999999998
    vertex -6.184083626901879 5.075146273309181 12.299999999999999
  endloop
endfacet
facet normal -0.5141027441932204 -0.8577286100002729 1.7209426787395266e-16
  outer loop
    vertex -4.525408673529555 -8.466444137744219 12.299999999999999
    vertex -5.333474236988205 -7.982108278104421 4.999999999999999
    vertex -4.525408673529606 -8.466444137744192 4.999999999999999
  endloop
endfacet
facet normal -0.5141027441932204 -0.8577286100002729 1.7209426787395266e-16
  outer loop
    vertex -5.333474236988205 -7.982108278104421 4.999999999999999
    vertex -4.525408673529555 -8.466444137744219 12.299999999999999
    vertex -5.333474236988158 -7.98210827810445 12.299999999999999
  endloop
endfacet
facet normal 0.9987954562051726 0.049067674327416204 -1.6503140014267537e-16
  outer loop
    vertex 9.55377337605309 0.9409645471637839 5.0
    vertex 9.6 1.4099832412739487e-15 12.299999999999999
    vertex 9.599999999999996 1.4099832412739487e-15 5.0
  endloop
endfacet
facet normal 0.9987954562051726 0.049067674327416204 -1.6503140014267537e-16
  outer loop
    vertex 9.6 1.4099832412739487e-15 12.299999999999999
    vertex 9.55377337605309 0.9409645471637839 5.0
    vertex 9.55377337605309 0.9409645471637825 12.299999999999999
  endloop
endfacet
facet normal -0.9891765099647808 -0.14673047445536394 -2.3521813939328214e-16
  outer loop
    vertex -9.553773376053089 -0.9409645471638036 12.299999999999999
    vertex -9.41553869187101 -1.8728670913548295 5.0
    vertex -9.415538691871006 -1.872867091354855 12.299999999999999
  endloop
endfacet
facet normal -0.9891765099647808 -0.14673047445536394 -2.3521813939328214e-16
  outer loop
    vertex -9.41553869187101 -1.8728670913548295 5.0
    vertex -9.553773376053089 -0.9409645471638036 12.299999999999999
    vertex -9.553773376053089 -0.9409645471637825 5.0
  endloop
endfacet
facet normal 0.3712148894738979 0.09298448924206816 -0.9238795325112867
  outer loop
    vertex 0.7351285524717032 -7.463885450041477 3.8136157341070427
    vertex 1.3278254148959825 -10.405139763578894 3.7557368354874354
    vertex 0.5928306290921567 -7.470876098745851 3.7557368354874363
  endloop
endfacet
facet normal 0.3712148894738979 0.09298448924206816 -0.9238795325112867
  outer loop
    vertex 1.3278254148959825 -10.405139763578894 3.7557368354874354
    vertex 0.7351285524717032 -7.463885450041477 3.8136157341070427
    vertex 0.943841203148392 -7.432925852891606 3.9005924481191494
  endloop
endfacet
facet normal 0.3712148894738979 0.09298448924206816 -0.9238795325112867
  outer loop
    vertex 1.3278254148959825 -10.405139763578894 3.7557368354874354
    vertex 0.943841203148392 -7.432925852891606 3.9005924481191494
    vertex 1.675426485149711 -10.35357801555342 3.900592448119148
  endloop
endfacet
facet normal 0.24298017990326193 -0.9700312531945444 -7.502071012107641e-17
  outer loop
    vertex 3.0479891111718507 -10.047873525188194 5.0
    vertex 2.7517210397353917 -10.122084813804053 3.7557368354874354
    vertex 3.047989111171859 -10.047873525188194 3.5253048327204937
  endloop
endfacet
facet normal 0.24298017990326193 -0.9700312531945444 -7.502071012107641e-17
  outer loop
    vertex 2.7517210397353917 -10.122084813804053 3.7557368354874354
    vertex 3.0479891111718507 -10.047873525188194 5.0
    vertex 2.4124890970428954 -10.207057991928888 3.900592448119148
  endloop
endfacet
facet normal 0.24298017990326193 -0.9700312531945444 -7.502071012107641e-17
  outer loop
    vertex 2.4124890970428954 -10.207057991928888 3.900592448119148
    vertex 3.0479891111718507 -10.047873525188194 5.0
    vertex 2.0484483811693326 -10.298245444233922 3.9499999999999997
  endloop
endfacet
facet normal 0.24298017990326193 -0.9700312531945444 -7.502071012107641e-17
  outer loop
    vertex 2.0484483811693326 -10.298245444233922 3.9499999999999997
    vertex 3.0479891111718507 -10.047873525188194 5.0
    vertex 2.0484483811693477 -10.29824544423392 5.0
  endloop
endfacet
facet normal -0.12661448581392767 -0.03171527766771519 -0.9914448613738105
  outer loop
    vertex 1.4631774151209611 -7.355889603024228 3.930620354371972
    vertex 2.0484483811693326 -10.298245444233922 3.9499999999999997
    vertex 1.316863099168029 -7.377593281572105 3.9500000000000006
  endloop
endfacet
facet normal -0.12661448581392767 -0.03171527766771519 -0.9914448613738105
  outer loop
    vertex 2.0484483811693326 -10.298245444233922 3.9499999999999997
    vertex 1.4631774151209611 -7.355889603024228 3.930620354371972
    vertex 1.6844265981370148 -7.300469567725728 3.900592448119149
  endloop
endfacet
facet normal -0.12661448581392767 -0.03171527766771519 -0.9914448613738105
  outer loop
    vertex 2.0484483811693326 -10.298245444233922 3.9499999999999997
    vertex 1.6844265981370148 -7.300469567725728 3.900592448119149
    vertex 2.4124890970428954 -10.207057991928888 3.900592448119148
  endloop
endfacet
facet normal 0.04906767432741759 0.9987954562051724 2.6953407783212264e-16
  outer loop
    vertex -5.639932965095795e-15 9.6 12.299999999999999
    vertex 0.9409645471637655 9.553773376053092 5.0
    vertex -1.6919798895287383e-14 9.600000000000001 5.0
  endloop
endfacet
facet normal 0.04906767432741759 0.9987954562051724 2.6953407783212264e-16
  outer loop
    vertex 0.9409645471637655 9.553773376053092 5.0
    vertex -5.639932965095795e-15 9.6 12.299999999999999
    vertex 0.9409645471637783 9.55377337605309 12.299999999999999
  endloop
endfacet
facet normal -0.04906767432741819 0.9987954562051724 -3.3798596012606503e-16
  outer loop
    vertex -2.8199664825478975e-15 -7.5 4.3
    vertex 0.052347864599991085 -7.497428314320043 3.2249999999999996
    vertex -2.8199664825478975e-15 -7.500000000000002 3.1008999269491344
  endloop
endfacet
facet normal -0.04906767432741819 0.9987954562051724 -3.3798596012606503e-16
  outer loop
    vertex 0.052347864599991085 -7.497428314320043 3.2249999999999996
    vertex -2.8199664825478975e-15 -7.5 4.3
    vertex 0.28701129392190516 -7.4859000392813595 3.5253048327204937
  endloop
endfacet
facet normal -0.04906767432741819 0.9987954562051724 -3.3798596012606503e-16
  outer loop
    vertex 0.28701129392190516 -7.4859000392813595 3.5253048327204937
    vertex -2.8199664825478975e-15 -7.5 4.3
    vertex 0.5928306290921567 -7.470876098745851 3.7557368354874363
  endloop
endfacet
facet normal -0.04906767432741819 0.9987954562051724 -3.3798596012606503e-16
  outer loop
    vertex 0.5928306290921567 -7.470876098745851 3.7557368354874363
    vertex -2.8199664825478975e-15 -7.5 4.3
    vertex 0.7351285524717032 -7.463885450041477 3.8136157341070427
  endloop
endfacet
facet normal -0.04906767432741819 0.9987954562051724 -3.3798596012606503e-16
  outer loop
    vertex 0.7351285524717032 -7.463885450041477 3.8136157341070427
    vertex -2.8199664825478975e-15 -7.5 4.3
    vertex 0.7351285524717032 -7.463885450041477 4.3
  endloop
endfacet
facet normal -0.04906767432741819 0.9987954562051724 -3.3798596012606503e-16
  outer loop
    vertex 0.7351285524717032 -7.463885450041477 4.3
    vertex -2.8199664825478975e-15 -7.5 4.3
    vertex 0.6531867888310464 -7.467910990753697 4.3
  endloop
endfacet
facet normal -0.2429801799032598 0.970031253194545 2.709114786069528e-16
  outer loop
    vertex 1.5607225761290247 -7.846282243225841 12.299999999999999
    vertex 2.3222774180356973 -7.655522685857671 8.5
    vertex 1.5607225761290247 -7.846282243225838 8.5
  endloop
endfacet
facet normal -0.2429801799032598 0.970031253194545 2.709114786069528e-16
  outer loop
    vertex 2.3222774180356973 -7.655522685857671 8.5
    vertex 1.5607225761290247 -7.846282243225841 12.299999999999999
    vertex 2.3222774180356973 -7.655522685857671 12.299999999999999
  endloop
endfacet
facet normal -0.37121488947389825 -0.0929844892420676 -0.9238795325112865
  outer loop
    vertex 2.02365854082951 -7.215496389600893 3.755736835487435
    vertex 2.4124890970428954 -10.207057991928888 3.900592448119148
    vertex 1.6844265981370148 -7.300469567725728 3.900592448119149
  endloop
endfacet
facet normal -0.37121488947389825 -0.0929844892420676 -0.9238795325112865
  outer loop
    vertex 2.4124890970428954 -10.207057991928888 3.900592448119148
    vertex 2.02365854082951 -7.215496389600893 3.755736835487435
    vertex 2.7517210397353917 -10.122084813804053 3.7557368354874354
  endloop
endfacet
facet normal 0.8961920207227131 0.22448441501853533 -0.3826834323650896
  outer loop
    vertex -0.09753911415045514 -7.495208210592485 2.875287615398655
    vertex 0.7946739511074832 -10.460960172188235 3.224999999999999
    vertex 0.6471583525425377 -10.468207148837589 2.8752876153986544
  endloop
endfacet
facet normal 0.8961920207227131 0.22448441501853533 -0.3826834323650896
  outer loop
    vertex 0.7946739511074832 -10.460960172188235 3.224999999999999
    vertex -0.09753911415045514 -7.495208210592485 2.875287615398655
    vertex -2.8199664825478975e-15 -7.500000000000002 3.1008999269491344
  endloop
endfacet
facet normal 0.8961920207227131 0.22448441501853533 -0.3826834323650896
  outer loop
    vertex 0.052347864599991085 -7.497428314320043 3.2249999999999996
    vertex 0.7946739511074832 -10.460960172188235 3.224999999999999
    vertex -2.8199664825478975e-15 -7.500000000000002 3.1008999269491344
  endloop
endfacet
facet normal -0.14673047445536266 -0.9891765099647808 -5.34560420038087e-18
  outer loop
    vertex 1.560722576129026 7.846282243225841 12.299999999999999
    vertex 0.7841371226364873 7.961477813377573 8.5
    vertex 1.560722576129026 7.846282243225841 8.5
  endloop
endfacet
facet normal -0.14673047445536266 -0.9891765099647808 -5.34560420038087e-18
  outer loop
    vertex 0.7841371226364873 7.961477813377573 8.5
    vertex 1.560722576129026 7.846282243225841 12.299999999999999
    vertex 0.7841371226364873 7.961477813377573 12.299999999999999
  endloop
endfacet
facet normal 0.9700312531945433 -0.24298017990326667 -2.213030175090421e-17
  outer loop
    vertex -7.6555226858576635 2.3222774180357173 8.5
    vertex -7.846282243225838 1.5607225761290444 12.299999999999999
    vertex -7.846282243225838 1.5607225761290444 8.5
  endloop
endfacet
facet normal 0.9700312531945433 -0.24298017990326667 -2.213030175090421e-17
  outer loop
    vertex -7.846282243225838 1.5607225761290444 12.299999999999999
    vertex -7.6555226858576635 2.3222774180357173 8.5
    vertex -7.6555226858576635 2.3222774180357173 12.299999999999999
  endloop
endfacet
facet normal 0.9039892931234428 -0.4275550934302833 1.5576452756788775e-17
  outer loop
    vertex -7.055370114786828 3.7711738946079993 8.5
    vertex -7.391036260090283 3.0614674589207356 12.299999999999999
    vertex -7.391036260090283 3.0614674589207356 8.5
  endloop
endfacet
facet normal 0.9039892931234428 -0.4275550934302833 1.5576452756788775e-17
  outer loop
    vertex -7.391036260090283 3.0614674589207356 12.299999999999999
    vertex -7.055370114786828 3.7711738946079993 8.5
    vertex -7.055370114786828 3.7711738946079993 12.299999999999999
  endloop
endfacet
facet normal 0.12661448581392915 0.03171527766771618 0.9914448613738103
  outer loop
    vertex 1.6754264851497123 -10.35357801555342 1.0994075518808515
    vertex 1.316863099168029 -7.3775932815721035 1.0500000000000005
    vertex 0.9438412031483935 -7.4329258528916045 1.0994075518808517
  endloop
endfacet
facet normal 0.12661448581392915 0.03171527766771618 0.9914448613738103
  outer loop
    vertex 1.316863099168029 -7.3775932815721035 1.0500000000000005
    vertex 1.6754264851497123 -10.35357801555342 1.0994075518808515
    vertex 2.0484483811693495 -10.298245444233922 1.0500000000000005
  endloop
endfacet
facet normal 0.9617325013517284 0.2409014507807748 0.13052619222005157
  outer loop
    vertex 0.6471583525425363 -10.468207148837589 2.1247123846013456
    vertex -0.1491076774956894 -7.492674809528198 2.500000000000001
    vertex 0.5968435289957084 -10.470678957615151 2.4999999999999996
  endloop
endfacet
facet normal 0.9617325013517284 0.2409014507807748 0.13052619222005157
  outer loop
    vertex -0.1491076774956894 -7.492674809528198 2.500000000000001
    vertex 0.6471583525425363 -10.468207148837589 2.1247123846013456
    vertex -0.09753911415045656 -7.495208210592486 2.1247123846013456
  endloop
endfacet
facet normal -0.14673047445536205 0.989176509964781 1.533188638571254e-17
  outer loop
    vertex 0.7351285524717032 -7.463885450041477 1.1863842658929582
    vertex 1.4631774151209611 -7.355889603024228 -5.0
    vertex 0.7351285524717032 -7.463885450041477 -5.0
  endloop
endfacet
facet normal -0.14673047445536205 0.989176509964781 1.533188638571254e-17
  outer loop
    vertex 1.4631774151209611 -7.355889603024228 -5.0
    vertex 0.7351285524717032 -7.463885450041477 1.1863842658929582
    vertex 0.9438412031483935 -7.4329258528916045 1.0994075518808517
  endloop
endfacet
facet normal -0.14673047445536205 0.989176509964781 1.533188638571254e-17
  outer loop
    vertex 1.4631774151209611 -7.355889603024228 -5.0
    vertex 0.9438412031483935 -7.4329258528916045 1.0994075518808517
    vertex 1.316863099168029 -7.3775932815721035 1.0500000000000005
  endloop
endfacet
facet normal -0.14673047445536205 0.989176509964781 1.533188638571254e-17
  outer loop
    vertex 1.4631774151209611 -7.355889603024228 1.069379645628029
    vertex 1.4631774151209611 -7.355889603024228 -5.0
    vertex 1.316863099168029 -7.3775932815721035 1.0500000000000005
  endloop
endfacet
facet normal 0.7409511253549592 0.6715589548470183 -5.848683787376367e-17
  outer loop
    vertex -6.184083626901901 -5.075146273309155 8.5
    vertex -5.656854249492385 -5.656854249492372 12.299999999999999
    vertex -5.656854249492385 -5.656854249492372 8.5
  endloop
endfacet
facet normal 0.7409511253549592 0.6715589548470183 -5.848683787376367e-17
  outer loop
    vertex -5.656854249492385 -5.656854249492372 12.299999999999999
    vertex -6.184083626901901 -5.075146273309155 8.5
    vertex -6.1840836269019 -5.075146273309155 12.299999999999999
  endloop
endfacet
facet normal 0.7409511253549573 -0.6715589548470203 -2.6011258002090095e-16
  outer loop
    vertex -6.184083626901878 5.075146273309183 8.499999999999998
    vertex -5.656854249492363 5.656854249492394 12.299999999999999
    vertex -6.184083626901879 5.075146273309181 12.299999999999999
  endloop
endfacet
facet normal 0.7409511253549573 -0.6715589548470203 -2.6011258002090095e-16
  outer loop
    vertex -5.656854249492363 5.656854249492394 12.299999999999999
    vertex -6.184083626901878 5.075146273309183 8.499999999999998
    vertex -5.656854249492365 5.656854249492394 8.5
  endloop
endfacet
facet normal -0.24298017990326198 0.9700312531945444 -1.494841226492525e-16
  outer loop
    vertex 1.4631774151209611 -7.355889603024228 1.069379645628029
    vertex 2.177135079408468 -7.177052517991568 -5.0
    vertex 1.4631774151209611 -7.355889603024228 -5.0
  endloop
endfacet
facet normal -0.24298017990326198 0.9700312531945444 -1.494841226492525e-16
  outer loop
    vertex 2.177135079408468 -7.177052517991568 -5.0
    vertex 1.4631774151209611 -7.355889603024228 1.069379645628029
    vertex 1.6844265981370148 -7.3004695677257265 1.0994075518808533
  endloop
endfacet
facet normal -0.24298017990326198 0.9700312531945444 -1.494841226492525e-16
  outer loop
    vertex 2.177135079408468 -7.177052517991568 -5.0
    vertex 1.6844265981370148 -7.3004695677257265 1.0994075518808533
    vertex 2.02365854082951 -7.215496389600895 1.2442631645125675
  endloop
endfacet
facet normal -0.24298017990326198 0.9700312531945444 -1.494841226492525e-16
  outer loop
    vertex 2.177135079408468 -7.177052517991568 -5.0
    vertex 2.02365854082951 -7.215496389600895 1.2442631645125675
    vertex 2.177135079408468 -7.177052517991568 1.3656682117060417
  endloop
endfacet
facet normal -0.12661448581393042 -0.03171527766771671 0.9914448613738103
  outer loop
    vertex 2.0484483811693495 -10.298245444233922 1.0500000000000005
    vertex 1.4631774151209611 -7.355889603024228 1.069379645628029
    vertex 1.316863099168029 -7.3775932815721035 1.0500000000000005
  endloop
endfacet
facet normal -0.12661448581393042 -0.03171527766771671 0.9914448613738103
  outer loop
    vertex 1.4631774151209611 -7.355889603024228 1.069379645628029
    vertex 2.0484483811693495 -10.298245444233922 1.0500000000000005
    vertex 1.6844265981370148 -7.3004695677257265 1.0994075518808533
  endloop
endfacet
facet normal -0.12661448581393042 -0.03171527766771671 0.9914448613738103
  outer loop
    vertex 1.6844265981370148 -7.3004695677257265 1.0994075518808533
    vertex 2.0484483811693495 -10.298245444233922 1.0500000000000005
    vertex 2.412489097042898 -10.207057991928888 1.0994075518808517
  endloop
endfacet
facet normal -0.7723787412132089 -0.19420455849134832 0.6047443009926421
  outer loop
    vertex 3.260857820385492 -9.971707883142718 1.7742283390269473
    vertex 2.311563272155315 -7.128953341520773 1.4746951672795094
    vertex 3.0479891111718618 -10.047873525188193 1.4746951672795063
  endloop
endfacet
facet normal -0.7723787412132089 -0.19420455849134832 0.6047443009926421
  outer loop
    vertex 2.311563272155315 -7.128953341520773 1.4746951672795094
    vertex 3.260857820385492 -9.971707883142718 1.7742283390269473
    vertex 2.529574942570464 -7.050947518532897 1.7750000000000024
  endloop
endfacet
facet normal 0.5956993044924337 -0.8032075314806446 1.8961295272568177e-17
  outer loop
    vertex 6.0901755279709855 -7.420900352282283 12.299999999999999
    vertex 5.333474236988183 -7.982108278104434 5.0
    vertex 6.090175527970994 -7.420900352282276 4.999999999999999
  endloop
endfacet
facet normal 0.5956993044924337 -0.8032075314806446 1.8961295272568177e-17
  outer loop
    vertex 5.333474236988183 -7.982108278104434 5.0
    vertex 6.0901755279709855 -7.420900352282283 12.299999999999999
    vertex 5.333474236988174 -7.98210827810444 12.299999999999999
  endloop
endfacet
facet normal -0.3368898533922218 -0.9415440651830203 -5.003939960126684e-16
  outer loop
    vertex 3.061467458920713 7.391036260090292 12.299999999999999
    vertex 2.3222774180356973 7.655522685857671 8.5
    vertex 3.061467458920713 7.391036260090295 8.5
  endloop
endfacet
facet normal -0.3368898533922218 -0.9415440651830203 -5.003939960126684e-16
  outer loop
    vertex 2.3222774180356973 7.655522685857671 8.5
    vertex 3.061467458920713 7.391036260090292 12.299999999999999
    vertex 2.3222774180356973 7.655522685857671 12.299999999999999
  endloop
endfacet
facet normal -0.7725576650435976 -0.1942119774243047 -0.6045133265754576
  outer loop
    vertex 2.311563272155312 -7.1289533415207735 3.5253048327204914
    vertex 3.2603966335735755 -9.971872898422616 3.2260518247328096
    vertex 3.047989111171859 -10.047873525188194 3.5253048327204937
  endloop
endfacet
facet normal -0.7725576650435976 -0.1942119774243047 -0.6045133265754576
  outer loop
    vertex 3.2603966335735755 -9.971872898422616 3.2260518247328096
    vertex 2.311563272155312 -7.1289533415207735 3.5253048327204914
    vertex 2.529574942570464 -7.0509475185328965 3.2249999999999996
  endloop
endfacet
facet normal 0.14673047445536175 -0.989176509964781 1.448993188530291e-16
  outer loop
    vertex -0.7841371226364761 7.961477813377575 12.299999999999999
    vertex -1.5607225761290149 7.846282243225844 8.5
    vertex -0.7841371226364761 7.961477813377575 8.5
  endloop
endfacet
facet normal 0.14673047445536175 -0.989176509964781 1.448993188530291e-16
  outer loop
    vertex -1.5607225761290149 7.846282243225844 8.5
    vertex -0.7841371226364761 7.961477813377575 12.299999999999999
    vertex -1.5607225761290149 7.846282243225844 12.299999999999999
  endloop
endfacet
facet normal 0.242980179903265 -0.9700312531945438 4.2259467177766056e-16
  outer loop
    vertex -1.5607225761290149 7.846282243225844 12.299999999999999
    vertex -2.322277418035685 7.655522685857671 8.5
    vertex -1.5607225761290149 7.846282243225844 8.5
  endloop
endfacet
facet normal 0.242980179903265 -0.9700312531945438 4.2259467177766056e-16
  outer loop
    vertex -2.322277418035685 7.655522685857671 8.5
    vertex -1.5607225761290149 7.846282243225844 12.299999999999999
    vertex -2.322277418035685 7.655522685857673 12.299999999999999
  endloop
endfacet
facet normal -0.24298017990326604 -0.9700312531945435 -4.8106701439524686e-17
  outer loop
    vertex -1.8728670913548169 -9.415538691871014 12.299999999999999
    vertex -2.7867329016428766 -9.186627223029191 5.0
    vertex -1.872867091354872 -9.415538691871005 5.0
  endloop
endfacet
facet normal -0.24298017990326604 -0.9700312531945435 -4.8106701439524686e-17
  outer loop
    vertex -2.7867329016428766 -9.186627223029191 5.0
    vertex -1.8728670913548169 -9.415538691871014 12.299999999999999
    vertex -2.7867329016428215 -9.186627223029209 12.299999999999999
  endloop
endfacet
facet normal 0.8577286100002699 0.5141027441932252 5.078169447703688e-17
  outer loop
    vertex 8.466444137744205 4.525408673529587 4.999999999999999
    vertex 7.982108278104431 5.333474236988183 12.299999999999999
    vertex 8.466444137744208 4.525408673529578 12.299999999999999
  endloop
endfacet
facet normal 0.8577286100002699 0.5141027441932252 5.078169447703688e-17
  outer loop
    vertex 7.982108278104431 5.333474236988183 12.299999999999999
    vertex 8.466444137744205 4.525408673529587 4.999999999999999
    vertex 7.982108278104429 5.333474236988188 5.0
  endloop
endfacet
facet normal -0.3712148894738996 -0.09298448924206859 0.923879532511286
  outer loop
    vertex 2.412489097042898 -10.207057991928888 1.0994075518808517
    vertex 2.02365854082951 -7.215496389600895 1.2442631645125675
    vertex 1.6844265981370148 -7.3004695677257265 1.0994075518808533
  endloop
endfacet
facet normal -0.3712148894738996 -0.09298448924206859 0.923879532511286
  outer loop
    vertex 2.02365854082951 -7.215496389600895 1.2442631645125675
    vertex 2.412489097042898 -10.207057991928888 1.0994075518808517
    vertex 2.7517210397353917 -10.122084813804053 1.2442631645125652
  endloop
endfacet
facet normal -0.5872043200090004 -0.14762492398354046 -0.795863033682066
  outer loop
    vertex 2.177135079408468 -7.177052517991568 3.634331788293959
    vertex 2.7517210397353917 -10.122084813804053 3.7557368354874354
    vertex 2.02365854082951 -7.215496389600893 3.755736835487435
  endloop
endfacet
facet normal -0.5872043200090004 -0.14762492398354046 -0.795863033682066
  outer loop
    vertex 2.7517210397353917 -10.122084813804053 3.7557368354874354
    vertex 2.177135079408468 -7.177052517991568 3.634331788293959
    vertex 2.311563272155312 -7.1289533415207735 3.5253048327204914
  endloop
endfacet
facet normal -0.5872043200090004 -0.14762492398354046 -0.795863033682066
  outer loop
    vertex 2.7517210397353917 -10.122084813804053 3.7557368354874354
    vertex 2.311563272155312 -7.1289533415207735 3.5253048327204914
    vertex 3.047989111171859 -10.047873525188194 3.5253048327204937
  endloop
endfacet
facet normal -0.9617325013517284 -0.24090145078077452 0.13052619222005205
  outer loop
    vertex 3.444952564554835 -9.905837730414994 2.500000000000001
    vertex 2.666622807882774 -7.001911008230209 2.124712384601347
    vertex 3.3982080898840943 -9.922563170892026 2.1247123846013456
  endloop
endfacet
facet normal -0.9617325013517284 -0.24090145078077452 0.13052619222005205
  outer loop
    vertex 2.666622807882774 -7.001911008230209 2.124712384601347
    vertex 3.444952564554835 -9.905837730414994 2.500000000000001
    vertex 2.713367282553518 -6.985185567753177 2.5000000000000013
  endloop
endfacet
facet normal 0.12661448581393145 0.03171527766771681 -0.99144486137381
  outer loop
    vertex 1.316863099168029 -7.377593281572105 3.9500000000000006
    vertex 1.675426485149711 -10.35357801555342 3.900592448119148
    vertex 0.943841203148392 -7.432925852891606 3.9005924481191494
  endloop
endfacet
facet normal 0.12661448581393145 0.03171527766771681 -0.99144486137381
  outer loop
    vertex 1.675426485149711 -10.35357801555342 3.900592448119148
    vertex 1.316863099168029 -7.377593281572105 3.9500000000000006
    vertex 2.0484483811693326 -10.298245444233922 3.9499999999999997
  endloop
endfacet
facet normal 0.37121488947389736 0.09298448924206767 0.9238795325112868
  outer loop
    vertex 1.3278254148959854 -10.405139763578894 1.2442631645125641
    vertex 0.7351285524717032 -7.463885450041477 1.1863842658929582
    vertex 0.5928306290921567 -7.470876098745851 1.2442631645125648
  endloop
endfacet
facet normal 0.37121488947389736 0.09298448924206767 0.9238795325112868
  outer loop
    vertex 0.7351285524717032 -7.463885450041477 1.1863842658929582
    vertex 1.3278254148959854 -10.405139763578894 1.2442631645125641
    vertex 0.9438412031483935 -7.4329258528916045 1.0994075518808517
  endloop
endfacet
facet normal 0.37121488947389736 0.09298448924206767 0.9238795325112868
  outer loop
    vertex 0.9438412031483935 -7.4329258528916045 1.0994075518808517
    vertex 1.3278254148959854 -10.405139763578894 1.2442631645125641
    vertex 1.6754264851497123 -10.35357801555342 1.0994075518808515
  endloop
endfacet
facet normal -0.5872043200089981 -0.1476249239835405 0.7958630336820677
  outer loop
    vertex 2.7517210397353917 -10.122084813804053 1.2442631645125652
    vertex 2.177135079408468 -7.177052517991568 1.3656682117060417
    vertex 2.02365854082951 -7.215496389600895 1.2442631645125675
  endloop
endfacet
facet normal -0.5872043200089981 -0.1476249239835405 0.7958630336820677
  outer loop
    vertex 2.177135079408468 -7.177052517991568 1.3656682117060417
    vertex 2.7517210397353917 -10.122084813804053 1.2442631645125652
    vertex 2.311563272155315 -7.128953341520773 1.4746951672795094
  endloop
endfacet
facet normal -0.5872043200089981 -0.1476249239835405 0.7958630336820677
  outer loop
    vertex 2.311563272155315 -7.128953341520773 1.4746951672795094
    vertex 2.7517210397353917 -10.122084813804053 1.2442631645125652
    vertex 3.0479891111718618 -10.047873525188193 1.4746951672795063
  endloop
endfacet
facet normal 0.8577286100002736 0.5141027441932192 7.179645239194541e-17
  outer loop
    vertex -6.651756898420367 -4.444561864156807 8.5
    vertex -7.055370114786844 -3.7711738946079683 12.299999999999999
    vertex -6.651756898420367 -4.444561864156808 12.299999999999999
  endloop
endfacet
facet normal 0.8577286100002736 0.5141027441932192 7.179645239194541e-17
  outer loop
    vertex -7.055370114786844 -3.7711738946079683 12.299999999999999
    vertex -6.651756898420367 -4.444561864156807 8.5
    vertex -7.055370114786844 -3.7711738946079683 8.5
  endloop
endfacet
facet normal -0.8961920207227125 -0.22448441501853544 0.3826834323650907
  outer loop
    vertex 3.3982080898840943 -9.922563170892026 2.1247123846013456
    vertex 2.529574942570464 -7.050947518532897 1.7750000000000024
    vertex 3.260857820385492 -9.971707883142718 1.7742283390269473
  endloop
endfacet
facet normal -0.8961920207227125 -0.22448441501853544 0.3826834323650907
  outer loop
    vertex 2.529574942570464 -7.050947518532897 1.7750000000000024
    vertex 3.3982080898840943 -9.922563170892026 2.1247123846013456
    vertex 2.666622807882774 -7.001911008230209 2.124712384601347
  endloop
endfacet
facet normal 0.5905176118778303 0.1479169615387066 -0.7933533402912357
  outer loop
    vertex 0.5928306290921567 -7.470876098745851 3.7557368354874363
    vertex 1.0293336089080265 -10.449416840392223 3.5253048327204937
    vertex 0.28701129392190516 -7.4859000392813595 3.5253048327204937
  endloop
endfacet
facet normal 0.5905176118778303 0.1479169615387066 -0.7933533402912357
  outer loop
    vertex 1.0293336089080265 -10.449416840392223 3.5253048327204937
    vertex 0.5928306290921567 -7.470876098745851 3.7557368354874363
    vertex 1.3278254148959825 -10.405139763578894 3.7557368354874354
  endloop
endfacet
facet normal 0.8961920207227125 0.22448441501853525 0.38268343236509106
  outer loop
    vertex 0.05234786459998968 -7.497428314320045 1.775000000000001
    vertex -2.8199664825478975e-15 -7.5 1.899100073050866
    vertex 0.7946739511074832 -10.460960172188235 1.7750000000000004
  endloop
endfacet
facet normal 0.8961920207227125 0.22448441501853525 0.38268343236509106
  outer loop
    vertex 0.7946739511074832 -10.460960172188235 1.7750000000000004
    vertex -0.09753911415045656 -7.495208210592486 2.1247123846013456
    vertex 0.6471583525425363 -10.468207148837589 2.1247123846013456
  endloop
endfacet
facet normal 0.8961920207227125 0.22448441501853525 0.38268343236509106
  outer loop
    vertex -0.09753911415045656 -7.495208210592486 2.1247123846013456
    vertex 0.7946739511074832 -10.460960172188235 1.7750000000000004
    vertex -2.8199664825478975e-15 -7.5 1.899100073050866
  endloop
endfacet
facet normal 0.7695775349087842 0.19276913735081916 0.6087614290087209
  outer loop
    vertex 1.0291799734603897 -10.449439630058068 1.4748966050307333
    vertex 0.05234786459998968 -7.497428314320045 1.775000000000001
    vertex 0.7946739511074832 -10.460960172188235 1.7750000000000004
  endloop
endfacet
facet normal 0.7695775349087842 0.19276913735081916 0.6087614290087209
  outer loop
    vertex 0.05234786459998968 -7.497428314320045 1.775000000000001
    vertex 1.0291799734603897 -10.449439630058068 1.4748966050307333
    vertex 0.2870112939219066 -7.4859000392813595 1.4746951672795072
  endloop
endfacet
facet normal 0.33688985339222155 0.9415440651830203 -7.364031863361857e-17
  outer loop
    vertex -3.0614674589207227 -7.3910362600902895 12.299999999999999
    vertex -2.3222774180357044 -7.655522685857667 8.5
    vertex -3.061467458920724 -7.3910362600902895 8.5
  endloop
endfacet
facet normal 0.33688985339222155 0.9415440651830203 -7.364031863361857e-17
  outer loop
    vertex -2.3222774180357044 -7.655522685857667 8.5
    vertex -3.0614674589207227 -7.3910362600902895 12.299999999999999
    vertex -2.322277418035703 -7.655522685857667 12.299999999999999
  endloop
endfacet
facet normal 0.0490676743274182 0.9987954562051724 -1.191737739830728e-18
  outer loop
    vertex -0.7841371226364887 -7.961477813377573 12.299999999999999
    vertex -2.8199664825478975e-15 -7.999999999999998 8.5
    vertex -0.7841371226364887 -7.961477813377573 8.5
  endloop
endfacet
facet normal 0.0490676743274182 0.9987954562051724 -1.191737739830728e-18
  outer loop
    vertex -2.8199664825478975e-15 -7.999999999999998 8.5
    vertex -0.7841371226364887 -7.961477813377573 12.299999999999999
    vertex -2.8199664825478975e-15 -7.999999999999998 12.299999999999999
  endloop
endfacet
facet normal -0.9891765099647808 -0.14673047445536372 -1.5455943285981102e-16
  outer loop
    vertex 7.8462822432258355 1.560722576129057 12.299999999999999
    vertex 7.96147781337757 0.7841371226365197 8.5
    vertex 7.96147781337757 0.7841371226365197 12.299999999999999
  endloop
endfacet
facet normal -0.9891765099647808 -0.14673047445536372 -1.5455943285981102e-16
  outer loop
    vertex 7.96147781337757 0.7841371226365197 8.5
    vertex 7.8462822432258355 1.560722576129057 12.299999999999999
    vertex 7.846282243225838 1.5607225761290586 8.5
  endloop
endfacet
facet normal -0.9700312531945423 -0.2429801799032704 -4.712813356296496e-16
  outer loop
    vertex 7.655522685857659 2.3222774180357257 12.299999999999999
    vertex 7.846282243225838 1.5607225761290586 8.5
    vertex 7.8462822432258355 1.560722576129057 12.299999999999999
  endloop
endfacet
facet normal -0.9700312531945423 -0.2429801799032704 -4.712813356296496e-16
  outer loop
    vertex 7.846282243225838 1.5607225761290586 8.5
    vertex 7.655522685857659 2.3222774180357257 12.299999999999999
    vertex 7.655522685857659 2.3222774180357257 8.5
  endloop
endfacet
facet normal 0.14673047445536244 -0.989176509964781 5.4921640382817e-16
  outer loop
    vertex 1.3278254148959825 -10.405139763578894 3.7557368354874354
    vertex 1.0291799734603897 -10.449439630058068 5.0
    vertex 1.0293336089080265 -10.449416840392223 3.5253048327204937
  endloop
endfacet
facet normal 0.14673047445536244 -0.989176509964781 5.4921640382817e-16
  outer loop
    vertex 1.0291799734603897 -10.449439630058068 5.0
    vertex 1.3278254148959825 -10.405139763578894 3.7557368354874354
    vertex 1.675426485149711 -10.35357801555342 3.900592448119148
  endloop
endfacet
facet normal 0.14673047445536244 -0.989176509964781 5.4921640382817e-16
  outer loop
    vertex 1.0291799734603897 -10.449439630058068 5.0
    vertex 1.675426485149711 -10.35357801555342 3.900592448119148
    vertex 2.0484483811693326 -10.298245444233922 3.9499999999999997
  endloop
endfacet
facet normal 0.14673047445536244 -0.989176509964781 5.4921640382817e-16
  outer loop
    vertex 1.0291799734603897 -10.449439630058068 5.0
    vertex 2.0484483811693326 -10.298245444233922 3.9499999999999997
    vertex 2.0484483811693477 -10.29824544423392 5.0
  endloop
endfacet
facet normal -0.8960383231397763 -0.22438727023221744 -0.38310008669092166
  outer loop
    vertex 2.529574942570464 -7.0509475185328965 3.2249999999999996
    vertex 3.3982080898840943 -9.922563170892026 2.8752876153986575
    vertex 3.2603966335735755 -9.971872898422616 3.2260518247328096
  endloop
endfacet
facet normal -0.8960383231397763 -0.22438727023221744 -0.38310008669092166
  outer loop
    vertex 3.3982080898840943 -9.922563170892026 2.8752876153986575
    vertex 2.529574942570464 -7.0509475185328965 3.2249999999999996
    vertex 2.666622807882774 -7.001911008230209 2.875287615398656
  endloop
endfacet
facet normal -0.04906767432741578 -0.9987954562051726 1.4638945096334572e-16
  outer loop
    vertex 0.7841371226364873 7.961477813377573 12.299999999999999
    vertex 5.639932965095795e-15 7.9999999999999964 8.5
    vertex 0.7841371226364873 7.961477813377573 8.5
  endloop
endfacet
facet normal -0.04906767432741578 -0.9987954562051726 1.4638945096334572e-16
  outer loop
    vertex 5.639932965095795e-15 7.9999999999999964 8.5
    vertex 0.7841371226364873 7.961477813377573 12.299999999999999
    vertex 5.639932965095795e-15 7.9999999999999964 12.299999999999999
  endloop
endfacet
facet normal 0.04906767432742074 -0.9987954562051724 -5.415156756266417e-17
  outer loop
    vertex 0.9409645471637867 -9.553773376053089 12.299999999999999
    vertex -2.8199664825478975e-15 -9.600000000000001 5.0
    vertex 0.9409645471637796 -9.553773376053087 5.0
  endloop
endfacet
facet normal 0.04906767432742074 -0.9987954562051724 -5.415156756266417e-17
  outer loop
    vertex -2.8199664825478975e-15 -9.600000000000001 5.0
    vertex 0.9409645471637867 -9.553773376053089 12.299999999999999
    vertex 8.459899447643692e-15 -9.6 12.299999999999999
  endloop
endfacet
facet normal 0.8032075314806455 0.5956993044924326 -1.5067491741707966e-17
  outer loop
    vertex 7.982108278104429 5.333474236988188 5.0
    vertex 7.420900352282273 6.090175527970997 12.299999999999999
    vertex 7.982108278104431 5.333474236988183 12.299999999999999
  endloop
endfacet
facet normal 0.8032075314806455 0.5956993044924326 -1.5067491741707966e-17
  outer loop
    vertex 7.420900352282273 6.090175527970997 12.299999999999999
    vertex 7.982108278104429 5.333474236988188 5.0
    vertex 7.4209003522822705 6.090175527971002 5.000000000000001
  endloop
endfacet
facet normal 0.7695775349087867 0.19276913735081985 -0.6087614290087179
  outer loop
    vertex 0.052347864599991085 -7.497428314320043 3.2249999999999996
    vertex 1.0293336089080265 -10.449416840392223 3.5253048327204937
    vertex 0.7946739511074832 -10.460960172188235 3.224999999999999
  endloop
endfacet
facet normal 0.7695775349087867 0.19276913735081985 -0.6087614290087179
  outer loop
    vertex 1.0293336089080265 -10.449416840392223 3.5253048327204937
    vertex 0.052347864599991085 -7.497428314320043 3.2249999999999996
    vertex 0.28701129392190516 -7.4859000392813595 3.5253048327204937
  endloop
endfacet
facet normal 0.9987954562051726 0.049067674327416426 2.979344349576496e-19
  outer loop
    vertex -7.999999999999998 1.6919798895287383e-14 8.5
    vertex -7.9614778133775745 -0.784137122636469 12.299999999999999
    vertex -7.9614778133775745 -0.784137122636469 8.5
  endloop
endfacet
facet normal 0.9987954562051726 0.049067674327416426 2.979344349576496e-19
  outer loop
    vertex -7.9614778133775745 -0.784137122636469 12.299999999999999
    vertex -7.999999999999998 1.6919798895287383e-14 8.5
    vertex -7.999999999999998 1.6919798895287383e-14 12.299999999999999
  endloop
endfacet
facet normal 4.86923511991367e-19 6.104196959866859e-34 -1.0
  outer loop
    vertex -10.44943963005807 1.0291799734603657 -5.0
    vertex -10.649439630058065 -1.0291799734604095 -5.0
    vertex -10.649439630058069 1.0291799734603657 -5.0
  endloop
endfacet
facet normal 4.86923511991367e-19 6.104196959866859e-34 -1.0
  outer loop
    vertex -10.649439630058065 -1.0291799734604095 -5.0
    vertex -10.44943963005807 1.0291799734603657 -5.0
    vertex -10.449439630058066 -1.0291799734604095 -5.0
  endloop
endfacet
facet normal 4.86923511991367e-19 6.104196959866859e-34 -1.0
  outer loop
    vertex -10.449439630058066 -1.0291799734604095 -5.0
    vertex -10.44943963005807 1.0291799734603657 -5.0
    vertex -10.298245444233922 2.048448381169328 -5.0
  endloop
endfacet
facet normal 4.86923511991367e-19 6.104196959866859e-34 -1.0
  outer loop
    vertex -10.449439630058066 -1.0291799734604095 -5.0
    vertex -10.298245444233922 2.048448381169328 -5.0
    vertex -10.298245444233915 -2.0484483811693703 -5.0
  endloop
endfacet
facet normal 4.86923511991367e-19 6.104196959866859e-34 -1.0
  outer loop
    vertex -10.298245444233915 -2.0484483811693703 -5.0
    vertex -10.298245444233922 2.048448381169328 -5.0
    vertex -10.0478735251882 3.0479891111718365 -5.0
  endloop
endfacet
facet normal 4.86923511991367e-19 6.104196959866859e-34 -1.0
  outer loop
    vertex -10.298245444233915 -2.0484483811693703 -5.0
    vertex -10.0478735251882 3.0479891111718365 -5.0
    vertex -10.047873525188185 -3.047989111171879 -5.0
  endloop
endfacet
facet normal 4.86923511991367e-19 6.104196959866859e-34 -1.0
  outer loop
    vertex -10.047873525188185 -3.047989111171879 -5.0
    vertex -10.0478735251882 3.0479891111718365 -5.0
    vertex -9.700735091368518 4.018176039833426 -5.0
  endloop
endfacet
facet normal 4.86923511991367e-19 6.104196959866859e-34 -1.0
  outer loop
    vertex -10.047873525188185 -3.047989111171879 -5.0
    vertex -9.700735091368518 4.018176039833426 -5.0
    vertex -9.7007350913685 -4.0181760398334685 -5.0
  endloop
endfacet
facet normal 4.86923511991367e-19 6.104196959866859e-34 -1.0
  outer loop
    vertex -9.7007350913685 -4.0181760398334685 -5.0
    vertex -9.700735091368518 4.018176039833426 -5.0
    vertex -9.260173275657737 4.94966573667296 -5.0
  endloop
endfacet
facet normal 4.86923511991367e-19 6.104196959866859e-34 -1.0
  outer loop
    vertex -9.7007350913685 -4.0181760398334685 -5.0
    vertex -9.260173275657737 4.94966573667296 -5.0
    vertex -9.260173275657717 -4.949665736673 -5.0
  endloop
endfacet
facet normal 4.86923511991367e-19 6.104196959866859e-34 -1.0
  outer loop
    vertex -9.260173275657717 -4.949665736673 -5.0
    vertex -9.260173275657737 4.94966573667296 -5.0
    vertex -8.730430929176734 5.83348744670581 -5.0
  endloop
endfacet
facet normal 4.86923511991367e-19 6.104196959866859e-34 -1.0
  outer loop
    vertex -9.260173275657717 -4.949665736673 -5.0
    vertex -8.730430929176734 5.83348744670581 -5.0
    vertex -8.730430929176709 -5.833487446705847 -5.0
  endloop
endfacet
facet normal 4.86923511991367e-19 6.104196959866859e-34 -1.0
  outer loop
    vertex -8.730430929176709 -5.833487446705847 -5.0
    vertex -8.730430929176734 5.83348744670581 -5.0
    vertex -8.116609760308746 6.661129483718268 -5.0
  endloop
endfacet
facet normal 4.86923511991367e-19 6.104196959866859e-34 -1.0
  outer loop
    vertex -8.730430929176709 -5.833487446705847 -5.0
    vertex -8.116609760308746 6.661129483718268 -5.0
    vertex -8.116609760308718 -6.661129483718302 -5.0
  endloop
endfacet
facet normal 4.86923511991367e-19 6.104196959866859e-34 -1.0
  outer loop
    vertex -8.116609760308718 -6.661129483718302 -5.0
    vertex -8.116609760308746 6.661129483718268 -5.0
    vertex -7.4246212024587575 7.424621202458742 -5.0
  endloop
endfacet
facet normal 4.86923511991367e-19 6.104196959866859e-34 -1.0
  outer loop
    vertex -8.116609760308718 -6.661129483718302 -5.0
    vertex -7.4246212024587575 7.424621202458742 -5.0
    vertex -7.5 1.5509815654013436e-14 -5.0
  endloop
endfacet
facet normal 4.86923511991367e-19 6.104196959866859e-34 -1.0
  outer loop
    vertex -7.5 1.5509815654013436e-14 -5.0
    vertex -7.4246212024587575 7.424621202458742 -5.0
    vertex -7.4638854500414755 0.7351285524717215 -5.0
  endloop
endfacet
facet normal 4.86923511991367e-19 6.104196959866859e-34 -1.0
  outer loop
    vertex -7.4638854500414755 0.7351285524717215 -5.0
    vertex -7.4246212024587575 7.424621202458742 -5.0
    vertex -7.355889603024226 1.4631774151209795 -5.0
  endloop
endfacet
facet normal 4.86923511991367e-19 6.104196959866859e-34 -1.0
  outer loop
    vertex -7.355889603024226 1.4631774151209795 -5.0
    vertex -7.4246212024587575 7.424621202458742 -5.0
    vertex -6.6611294837182875 8.11660976030873 -5.0
  endloop
endfacet
facet normal 4.86923511991367e-19 6.104196959866859e-34 -1.0
  outer loop
    vertex -7.355889603024226 1.4631774151209795 -5.0
    vertex -6.6611294837182875 8.11660976030873 -5.0
    vertex -7.177052517991562 2.177135079408485 -5.0
  endloop
endfacet
facet normal 4.86923511991367e-19 6.104196959866859e-34 -1.0
  outer loop
    vertex -7.177052517991562 2.177135079408485 -5.0
    vertex -6.6611294837182875 8.11660976030873 -5.0
    vertex -6.929096493834643 2.87012574273819 -5.0
  endloop
endfacet
facet normal 4.86923511991367e-19 6.104196959866859e-34 -1.0
  outer loop
    vertex -6.929096493834643 2.87012574273819 -5.0
    vertex -6.6611294837182875 8.11660976030873 -5.0
    vertex -6.614409482612654 3.535475526195001 -5.0
  endloop
endfacet
facet normal 4.86923511991367e-19 6.104196959866859e-34 -1.0
  outer loop
    vertex -6.614409482612654 3.535475526195001 -5.0
    vertex -6.6611294837182875 8.11660976030873 -5.0
    vertex -5.833487446705832 8.730430929176718 -5.0
  endloop
endfacet
facet normal 4.86923511991367e-19 6.104196959866859e-34 -1.0
  outer loop
    vertex -6.614409482612654 3.535475526195001 -5.0
    vertex -5.833487446705832 8.730430929176718 -5.0
    vertex -6.236022092269078 4.166776747647033 -5.0
  endloop
endfacet
facet normal 4.86923511991367e-19 6.104196959866859e-34 -1.0
  outer loop
    vertex -6.236022092269078 4.166776747647033 -5.0
    vertex -5.833487446705832 8.730430929176718 -5.0
    vertex -5.797578400220514 4.757949631227357 -5.0
  endloop
endfacet
facet normal 4.86923511991367e-19 6.104196959866859e-34 -1.0
  outer loop
    vertex -5.797578400220514 4.757949631227357 -5.0
    vertex -5.833487446705832 8.730430929176718 -5.0
    vertex -4.949665736672984 9.260173275657724 -5.0
  endloop
endfacet
facet normal 4.86923511991367e-19 6.104196959866859e-34 -1.0
  outer loop
    vertex -5.797578400220514 4.757949631227357 -5.0
    vertex -4.949665736672984 9.260173275657724 -5.0
    vertex -5.3033008588990915 5.303300858899123 -5.0
  endloop
endfacet
facet normal 4.86923511991367e-19 6.104196959866859e-34 -1.0
  outer loop
    vertex -5.3033008588990915 5.303300858899123 -5.0
    vertex -4.949665736672984 9.260173275657724 -5.0
    vertex -4.757949631227324 5.797578400220542 -5.0
  endloop
endfacet
facet normal 4.86923511991367e-19 6.104196959866859e-34 -1.0
  outer loop
    vertex -4.757949631227324 5.797578400220542 -5.0
    vertex -4.949665736672984 9.260173275657724 -5.0
    vertex -4.018176039833452 9.700735091368509 -5.0
  endloop
endfacet
facet normal 4.86923511991367e-19 6.104196959866859e-34 -1.0
  outer loop
    vertex -4.757949631227324 5.797578400220542 -5.0
    vertex -4.018176039833452 9.700735091368509 -5.0
    vertex -4.166776747646999 6.236022092269102 -5.0
  endloop
endfacet
facet normal 4.86923511991367e-19 6.104196959866859e-34 -1.0
  outer loop
    vertex -4.166776747646999 6.236022092269102 -5.0
    vertex -4.018176039833452 9.700735091368509 -5.0
    vertex -3.535475526194967 6.614409482612672 -5.0
  endloop
endfacet
facet normal 4.86923511991367e-19 6.104196959866859e-34 -1.0
  outer loop
    vertex -3.535475526194967 6.614409482612672 -5.0
    vertex -4.018176039833452 9.700735091368509 -5.0
    vertex -3.0479891111718618 10.047873525188193 -5.0
  endloop
endfacet
facet normal 4.86923511991367e-19 6.104196959866859e-34 -1.0
  outer loop
    vertex -3.535475526194967 6.614409482612672 -5.0
    vertex -3.0479891111718618 10.047873525188193 -5.0
    vertex -2.8701257427381592 6.929096493834655 -5.0
  endloop
endfacet
facet normal 4.86923511991367e-19 6.104196959866859e-34 -1.0
  outer loop
    vertex -2.8701257427381592 6.929096493834655 -5.0
    vertex -3.0479891111718618 10.047873525188193 -5.0
    vertex -2.0484483811693535 10.298245444233919 -5.0
  endloop
endfacet
facet normal 4.86923511991367e-19 6.104196959866859e-34 -1.0
  outer loop
    vertex -2.8701257427381592 6.929096493834655 -5.0
    vertex -2.0484483811693535 10.298245444233919 -5.0
    vertex -2.177135079408455 7.17705251799157 -5.0
  endloop
endfacet
facet normal 4.86923511991367e-19 6.104196959866859e-34 -1.0
  outer loop
    vertex -2.177135079408455 7.17705251799157 -5.0
    vertex -2.0484483811693535 10.298245444233919 -5.0
    vertex -1.4631774151209527 7.35588960302423 -5.0
  endloop
endfacet
facet normal 4.86923511991367e-19 6.104196959866859e-34 -1.0
  outer loop
    vertex -1.4631774151209527 7.35588960302423 -5.0
    vertex -2.0484483811693535 10.298245444233919 -5.0
    vertex -1.0291799734603913 10.449439630058068 -5.0
  endloop
endfacet
facet normal 4.86923511991367e-19 6.104196959866859e-34 -1.0
  outer loop
    vertex -1.4631774151209527 7.35588960302423 -5.0
    vertex -1.0291799734603913 10.449439630058068 -5.0
    vertex -0.7351285524716961 7.463885450041477 -5.0
  endloop
endfacet
facet normal 4.86923511991367e-19 6.104196959866859e-34 -1.0
  outer loop
    vertex -0.7351285524716961 7.463885450041477 -5.0
    vertex -1.0291799734603913 10.449439630058068 -5.0
    vertex -4.229949723821846e-15 10.5 -5.0
  endloop
endfacet
facet normal 4.86923511991367e-19 6.104196959866859e-34 -1.0
  outer loop
    vertex -0.7351285524716961 7.463885450041477 -5.0
    vertex -4.229949723821846e-15 10.5 -5.0
    vertex 5.639932965095795e-15 7.5 -5.0
  endloop
endfacet
facet normal 4.86923511991367e-19 6.104196959866859e-34 -1.0
  outer loop
    vertex 5.639932965095795e-15 7.5 -5.0
    vertex -4.229949723821846e-15 10.5 -5.0
    vertex 1.0291799734603841 10.44943963005807 -5.0
  endloop
endfacet
facet normal 4.86923511991367e-19 6.104196959866859e-34 -1.0
  outer loop
    vertex 5.639932965095795e-15 7.5 -5.0
    vertex 1.0291799734603841 10.44943963005807 -5.0
    vertex 0.7351285524717074 7.463885450041477 -5.0
  endloop
endfacet
facet normal 4.86923511991367e-19 6.104196959866859e-34 -1.0
  outer loop
    vertex 0.7351285524717074 7.463885450041477 -5.0
    vertex 1.0291799734603841 10.44943963005807 -5.0
    vertex 1.4631774151209627 7.35588960302423 -5.0
  endloop
endfacet
facet normal 4.86923511991367e-19 6.104196959866859e-34 -1.0
  outer loop
    vertex 1.4631774151209627 7.35588960302423 -5.0
    vertex 1.0291799734603841 10.44943963005807 -5.0
    vertex 2.048448381169345 10.298245444233919 -5.0
  endloop
endfacet
facet normal 4.86923511991367e-19 6.104196959866859e-34 -1.0
  outer loop
    vertex 1.4631774151209627 7.35588960302423 -5.0
    vertex 2.048448381169345 10.298245444233919 -5.0
    vertex 2.1771350794084654 7.177052517991568 -5.0
  endloop
endfacet
facet normal 4.86923511991367e-19 6.104196959866859e-34 -1.0
  outer loop
    vertex 2.1771350794084654 7.177052517991568 -5.0
    vertex 2.048448381169345 10.298245444233919 -5.0
    vertex 3.0479891111718533 10.047873525188194 -5.0
  endloop
endfacet
facet normal 4.86923511991367e-19 6.104196959866859e-34 -1.0
  outer loop
    vertex 2.1771350794084654 7.177052517991568 -5.0
    vertex 3.0479891111718533 10.047873525188194 -5.0
    vertex 2.8701257427381703 6.929096493834653 -5.0
  endloop
endfacet
facet normal 4.86923511991367e-19 6.104196959866859e-34 -1.0
  outer loop
    vertex 2.8701257427381703 6.929096493834653 -5.0
    vertex 3.0479891111718533 10.047873525188194 -5.0
    vertex 3.5354755261949755 6.6144094826126665 -5.0
  endloop
endfacet
facet normal 4.86923511991367e-19 6.104196959866859e-34 -1.0
  outer loop
    vertex 3.5354755261949755 6.6144094826126665 -5.0
    vertex 3.0479891111718533 10.047873525188194 -5.0
    vertex 4.018176039833443 9.70073509136851 -5.0
  endloop
endfacet
facet normal 4.86923511991367e-19 6.104196959866859e-34 -1.0
  outer loop
    vertex 3.5354755261949755 6.6144094826126665 -5.0
    vertex 4.018176039833443 9.70073509136851 -5.0
    vertex 4.166776747647011 6.2360220922690965 -5.0
  endloop
endfacet
facet normal 4.86923511991367e-19 6.104196959866859e-34 -1.0
  outer loop
    vertex 4.166776747647011 6.2360220922690965 -5.0
    vertex 4.018176039833443 9.70073509136851 -5.0
    vertex 4.949665736672977 9.260173275657728 -5.0
  endloop
endfacet
facet normal 4.86923511991367e-19 6.104196959866859e-34 -1.0
  outer loop
    vertex 4.166776747647011 6.2360220922690965 -5.0
    vertex 4.949665736672977 9.260173275657728 -5.0
    vertex 4.757949631227331 5.7975784002205355 -5.0
  endloop
endfacet
facet normal 4.86923511991367e-19 6.104196959866859e-34 -1.0
  outer loop
    vertex 4.757949631227331 5.7975784002205355 -5.0
    vertex 4.949665736672977 9.260173275657728 -5.0
    vertex 5.303300858899097 5.303300858899116 -5.0
  endloop
endfacet
facet normal 4.86923511991367e-19 6.104196959866859e-34 -1.0
  outer loop
    vertex 5.303300858899097 5.303300858899116 -5.0
    vertex 4.949665736672977 9.260173275657728 -5.0
    vertex 5.833487446705824 8.730430929176723 -5.0
  endloop
endfacet
facet normal 4.86923511991367e-19 6.104196959866859e-34 -1.0
  outer loop
    vertex 5.303300858899097 5.303300858899116 -5.0
    vertex 5.833487446705824 8.730430929176723 -5.0
    vertex 5.797578400220516 4.757949631227354 -5.0
  endloop
endfacet
facet normal 4.86923511991367e-19 6.104196959866859e-34 -1.0
  outer loop
    vertex 5.797578400220516 4.757949631227354 -5.0
    vertex 5.833487446705824 8.730430929176723 -5.0
    vertex 6.23602209226908 4.166776747647033 -5.0
  endloop
endfacet
facet normal 4.86923511991367e-19 6.104196959866859e-34 -1.0
  outer loop
    vertex 6.23602209226908 4.166776747647033 -5.0
    vertex 5.833487446705824 8.730430929176723 -5.0
    vertex 6.661129483718279 8.116609760308737 -5.0
  endloop
endfacet
facet normal 4.86923511991367e-19 6.104196959866859e-34 -1.0
  outer loop
    vertex 6.23602209226908 4.166776747647033 -5.0
    vertex 6.661129483718279 8.116609760308737 -5.0
    vertex 6.614409482612652 3.535475526195001 -5.0
  endloop
endfacet
facet normal 4.86923511991367e-19 6.104196959866859e-34 -1.0
  outer loop
    vertex 6.614409482612652 3.535475526195001 -5.0
    vertex 6.661129483718279 8.116609760308737 -5.0
    vertex 6.929096493834641 2.8701257427381957 -5.0
  endloop
endfacet
facet normal 4.86923511991367e-19 6.104196959866859e-34 -1.0
  outer loop
    vertex 6.929096493834641 2.8701257427381957 -5.0
    vertex 6.661129483718279 8.116609760308737 -5.0
    vertex 7.424621202458748 7.424621202458748 -5.0
  endloop
endfacet
facet normal 4.86923511991367e-19 6.104196959866859e-34 -1.0
  outer loop
    vertex 6.929096493834641 2.8701257427381957 -5.0
    vertex 7.424621202458748 7.424621202458748 -5.0
    vertex 7.17705251799156 2.1771350794084934 -5.0
  endloop
endfacet
facet normal 4.86923511991367e-19 6.104196959866859e-34 -1.0
  outer loop
    vertex 7.17705251799156 2.1771350794084934 -5.0
    vertex 7.424621202458748 7.424621202458748 -5.0
    vertex 7.355889603024225 1.4631774151209922 -5.0
  endloop
endfacet
facet normal 4.86923511991367e-19 6.104196959866859e-34 -1.0
  outer loop
    vertex 7.355889603024225 1.4631774151209922 -5.0
    vertex 7.424621202458748 7.424621202458748 -5.0
    vertex 7.463885450041474 0.735128552471737 -5.0
  endloop
endfacet
facet normal 4.86923511991367e-19 6.104196959866859e-34 -1.0
  outer loop
    vertex 7.463885450041474 0.735128552471737 -5.0
    vertex 7.424621202458748 7.424621202458748 -5.0
    vertex 8.11660976030874 6.661129483718279 -5.0
  endloop
endfacet
facet normal 4.86923511991367e-19 6.104196959866859e-34 -1.0
  outer loop
    vertex 7.463885450041474 0.735128552471737 -5.0
    vertex 8.11660976030874 6.661129483718279 -5.0
    vertex 7.5 0.0 -5.0
  endloop
endfacet
facet normal 4.86923511991367e-19 6.104196959866859e-34 -1.0
  outer loop
    vertex 7.5 0.0 -5.0
    vertex 8.11660976030874 6.661129483718279 -5.0
    vertex 8.116609760308725 -6.661129483718297 -5.0
  endloop
endfacet
facet normal 4.86923511991367e-19 6.104196959866859e-34 -1.0
  outer loop
    vertex 8.116609760308725 -6.661129483718297 -5.0
    vertex 8.11660976030874 6.661129483718279 -5.0
    vertex 8.73043092917671 -5.833487446705846 -5.0
  endloop
endfacet
facet normal 4.86923511991367e-19 6.104196959866859e-34 -1.0
  outer loop
    vertex 8.73043092917671 -5.833487446705846 -5.0
    vertex 8.11660976030874 6.661129483718279 -5.0
    vertex 8.730430929176723 5.8334874467058215 -5.0
  endloop
endfacet
facet normal 4.86923511991367e-19 6.104196959866859e-34 -1.0
  outer loop
    vertex 8.73043092917671 -5.833487446705846 -5.0
    vertex 8.730430929176723 5.8334874467058215 -5.0
    vertex 9.260173275657714 -4.949665736673003 -5.0
  endloop
endfacet
facet normal 4.86923511991367e-19 6.104196959866859e-34 -1.0
  outer loop
    vertex 9.260173275657714 -4.949665736673003 -5.0
    vertex 8.730430929176723 5.8334874467058215 -5.0
    vertex 9.26017327565773 4.949665736672975 -5.0
  endloop
endfacet
facet normal 4.86923511991367e-19 6.104196959866859e-34 -1.0
  outer loop
    vertex 9.260173275657714 -4.949665736673003 -5.0
    vertex 9.26017327565773 4.949665736672975 -5.0
    vertex 9.700735091368497 -4.018176039833474 -5.0
  endloop
endfacet
facet normal 4.86923511991367e-19 6.104196959866859e-34 -1.0
  outer loop
    vertex 9.700735091368497 -4.018176039833474 -5.0
    vertex 9.26017327565773 4.949665736672975 -5.0
    vertex 9.70073509136851 4.018176039833443 -5.0
  endloop
endfacet
facet normal 4.86923511991367e-19 6.104196959866859e-34 -1.0
  outer loop
    vertex 9.700735091368497 -4.018176039833474 -5.0
    vertex 9.70073509136851 4.018176039833443 -5.0
    vertex 10.04787352518818 -3.0479891111718915 -5.0
  endloop
endfacet
facet normal 4.86923511991367e-19 6.104196959866859e-34 -1.0
  outer loop
    vertex 10.04787352518818 -3.0479891111718915 -5.0
    vertex 9.70073509136851 4.018176039833443 -5.0
    vertex 10.047873525188193 3.0479891111718533 -5.0
  endloop
endfacet
facet normal 4.86923511991367e-19 6.104196959866859e-34 -1.0
  outer loop
    vertex 10.04787352518818 -3.0479891111718915 -5.0
    vertex 10.047873525188193 3.0479891111718533 -5.0
    vertex 10.298245444233913 -2.048448381169387 -5.0
  endloop
endfacet
facet normal 4.86923511991367e-19 6.104196959866859e-34 -1.0
  outer loop
    vertex 10.298245444233913 -2.048448381169387 -5.0
    vertex 10.047873525188193 3.0479891111718533 -5.0
    vertex 10.298245444233919 2.0484483811693464 -5.0
  endloop
endfacet
facet normal 4.86923511991367e-19 6.104196959866859e-34 -1.0
  outer loop
    vertex 10.298245444233913 -2.048448381169387 -5.0
    vertex 10.298245444233919 2.0484483811693464 -5.0
    vertex 10.449439630058064 -1.029179973460432 -5.0
  endloop
endfacet
facet normal 4.86923511991367e-19 6.104196959866859e-34 -1.0
  outer loop
    vertex 10.449439630058064 -1.029179973460432 -5.0
    vertex 10.298245444233919 2.0484483811693464 -5.0
    vertex 10.44943963005807 1.029179973460387 -5.0
  endloop
endfacet
facet normal 4.86923511991367e-19 6.104196959866859e-34 -1.0
  outer loop
    vertex 10.449439630058064 -1.029179973460432 -5.0
    vertex 10.44943963005807 1.029179973460387 -5.0
    vertex 10.5 0.0 -5.0
  endloop
endfacet
facet normal 4.86923511991367e-19 6.104196959866859e-34 -1.0
  outer loop
    vertex -7.5 1.5509815654013436e-14 -5.0
    vertex -7.424621202458728 -7.424621202458771 -5.0
    vertex -8.116609760308718 -6.661129483718302 -5.0
  endloop
endfacet
facet normal 4.86923511991367e-19 6.104196959866859e-34 -1.0
  outer loop
    vertex -7.424621202458728 -7.424621202458771 -5.0
    vertex -7.5 1.5509815654013436e-14 -5.0
    vertex -7.463885450041478 -0.7351285524716891 -5.0
  endloop
endfacet
facet normal 4.86923511991367e-19 6.104196959866859e-34 -1.0
  outer loop
    vertex -7.424621202458728 -7.424621202458771 -5.0
    vertex -7.463885450041478 -0.7351285524716891 -5.0
    vertex -7.355889603024232 -1.4631774151209485 -5.0
  endloop
endfacet
facet normal 4.86923511991367e-19 6.104196959866859e-34 -1.0
  outer loop
    vertex -7.424621202458728 -7.424621202458771 -5.0
    vertex -7.355889603024232 -1.4631774151209485 -5.0
    vertex -6.661129483718254 -8.116609760308759 -5.0
  endloop
endfacet
facet normal 4.86923511991367e-19 6.104196959866859e-34 -1.0
  outer loop
    vertex -6.661129483718254 -8.116609760308759 -5.0
    vertex -7.355889603024232 -1.4631774151209485 -5.0
    vertex -7.17705251799157 -2.177135079408455 -5.0
  endloop
endfacet
facet normal 4.86923511991367e-19 6.104196959866859e-34 -1.0
  outer loop
    vertex -6.661129483718254 -8.116609760308759 -5.0
    vertex -7.17705251799157 -2.177135079408455 -5.0
    vertex -6.929096493834655 -2.870125742738162 -5.0
  endloop
endfacet
facet normal 4.86923511991367e-19 6.104196959866859e-34 -1.0
  outer loop
    vertex -6.661129483718254 -8.116609760308759 -5.0
    vertex -6.929096493834655 -2.870125742738162 -5.0
    vertex -6.614409482612668 -3.535475526194973 -5.0
  endloop
endfacet
facet normal 4.86923511991367e-19 6.104196959866859e-34 -1.0
  outer loop
    vertex -6.661129483718254 -8.116609760308759 -5.0
    vertex -6.614409482612668 -3.535475526194973 -5.0
    vertex -5.8334874467058 -8.730430929176743 -5.0
  endloop
endfacet
facet normal 4.86923511991367e-19 6.104196959866859e-34 -1.0
  outer loop
    vertex -5.8334874467058 -8.730430929176743 -5.0
    vertex -6.614409482612668 -3.535475526194973 -5.0
    vertex -6.236022092269096 -4.166776747647009 -5.0
  endloop
endfacet
facet normal 4.86923511991367e-19 6.104196959866859e-34 -1.0
  outer loop
    vertex -5.8334874467058 -8.730430929176743 -5.0
    vertex -6.236022092269096 -4.166776747647009 -5.0
    vertex -5.797578400220534 -4.757949631227334 -5.0
  endloop
endfacet
facet normal 4.86923511991367e-19 6.104196959866859e-34 -1.0
  outer loop
    vertex -5.8334874467058 -8.730430929176743 -5.0
    vertex -5.797578400220534 -4.757949631227334 -5.0
    vertex -4.949665736672953 -9.26017327565774 -5.0
  endloop
endfacet
facet normal 4.86923511991367e-19 6.104196959866859e-34 -1.0
  outer loop
    vertex -4.949665736672953 -9.26017327565774 -5.0
    vertex -5.797578400220534 -4.757949631227334 -5.0
    vertex -5.303300858899113 -5.3033008588991 -5.0
  endloop
endfacet
facet normal 4.86923511991367e-19 6.104196959866859e-34 -1.0
  outer loop
    vertex -4.949665736672953 -9.26017327565774 -5.0
    vertex -5.303300858899113 -5.3033008588991 -5.0
    vertex -4.757949631227348 -5.797578400220522 -5.0
  endloop
endfacet
facet normal 4.86923511991367e-19 6.104196959866859e-34 -1.0
  outer loop
    vertex -4.949665736672953 -9.26017327565774 -5.0
    vertex -4.757949631227348 -5.797578400220522 -5.0
    vertex -4.018176039833423 -9.70073509136852 -5.0
  endloop
endfacet
facet normal 4.86923511991367e-19 6.104196959866859e-34 -1.0
  outer loop
    vertex -4.018176039833423 -9.70073509136852 -5.0
    vertex -4.757949631227348 -5.797578400220522 -5.0
    vertex -4.166776747647023 -6.236022092269086 -5.0
  endloop
endfacet
facet normal 4.86923511991367e-19 6.104196959866859e-34 -1.0
  outer loop
    vertex -4.018176039833423 -9.70073509136852 -5.0
    vertex -4.166776747647023 -6.236022092269086 -5.0
    vertex -3.5354755261949897 -6.614409482612659 -5.0
  endloop
endfacet
facet normal 4.86923511991367e-19 6.104196959866859e-34 -1.0
  outer loop
    vertex -4.018176039833423 -9.70073509136852 -5.0
    vertex -3.5354755261949897 -6.614409482612659 -5.0
    vertex -3.047989111171838 -10.0478735251882 -5.0
  endloop
endfacet
facet normal 4.86923511991367e-19 6.104196959866859e-34 -1.0
  outer loop
    vertex -3.047989111171838 -10.0478735251882 -5.0
    vertex -3.5354755261949897 -6.614409482612659 -5.0
    vertex -2.8701257427381788 -6.929096493834648 -5.0
  endloop
endfacet
facet normal 4.86923511991367e-19 6.104196959866859e-34 -1.0
  outer loop
    vertex -3.047989111171838 -10.0478735251882 -5.0
    vertex -2.8701257427381788 -6.929096493834648 -5.0
    vertex -2.0484483811693326 -10.298245444233922 -5.0
  endloop
endfacet
facet normal 4.86923511991367e-19 6.104196959866859e-34 -1.0
  outer loop
    vertex -2.0484483811693326 -10.298245444233922 -5.0
    vertex -2.8701257427381788 -6.929096493834648 -5.0
    vertex -2.177135079408474 -7.177052517991566 -5.0
  endloop
endfacet
facet normal 4.86923511991367e-19 6.104196959866859e-34 -1.0
  outer loop
    vertex -2.0484483811693326 -10.298245444233922 -5.0
    vertex -2.177135079408474 -7.177052517991566 -5.0
    vertex -1.4631774151209669 -7.355889603024227 -5.0
  endloop
endfacet
facet normal 4.86923511991367e-19 6.104196959866859e-34 -1.0
  outer loop
    vertex -2.0484483811693326 -10.298245444233922 -5.0
    vertex -1.4631774151209669 -7.355889603024227 -5.0
    vertex -1.0291799734603757 -10.44943963005807 -5.0
  endloop
endfacet
facet normal 4.86923511991367e-19 6.104196959866859e-34 -1.0
  outer loop
    vertex -1.0291799734603757 -10.44943963005807 -5.0
    vertex -1.4631774151209669 -7.355889603024227 -5.0
    vertex -0.7351285524717088 -7.463885450041477 -5.0
  endloop
endfacet
facet normal 4.86923511991367e-19 6.104196959866859e-34 -1.0
  outer loop
    vertex -1.0291799734603757 -10.44943963005807 -5.0
    vertex -0.7351285524717088 -7.463885450041477 -5.0
    vertex 7.049916206369744e-15 -10.5 -5.0
  endloop
endfacet
facet normal 4.86923511991367e-19 6.104196959866859e-34 -1.0
  outer loop
    vertex 7.049916206369744e-15 -10.5 -5.0
    vertex -0.7351285524717088 -7.463885450041477 -5.0
    vertex -2.8199664825478975e-15 -7.5 -5.0
  endloop
endfacet
facet normal 4.86923511991367e-19 6.104196959866859e-34 -1.0
  outer loop
    vertex 7.049916206369744e-15 -10.5 -5.0
    vertex -2.8199664825478975e-15 -7.5 -5.0
    vertex 0.7351285524717032 -7.463885450041477 -5.0
  endloop
endfacet
facet normal 4.86923511991367e-19 6.104196959866859e-34 -1.0
  outer loop
    vertex 7.049916206369744e-15 -10.5 -5.0
    vertex 0.7351285524717032 -7.463885450041477 -5.0
    vertex 1.0291799734603897 -10.449439630058068 -5.0
  endloop
endfacet
facet normal 4.86923511991367e-19 6.104196959866859e-34 -1.0
  outer loop
    vertex 1.0291799734603897 -10.449439630058068 -5.0
    vertex 0.7351285524717032 -7.463885450041477 -5.0
    vertex 1.4631774151209611 -7.355889603024228 -5.0
  endloop
endfacet
facet normal 4.86923511991367e-19 6.104196959866859e-34 -1.0
  outer loop
    vertex 1.0291799734603897 -10.449439630058068 -5.0
    vertex 1.4631774151209611 -7.355889603024228 -5.0
    vertex 2.0484483811693477 -10.29824544423392 -5.0
  endloop
endfacet
facet normal 4.86923511991367e-19 6.104196959866859e-34 -1.0
  outer loop
    vertex 2.0484483811693477 -10.29824544423392 -5.0
    vertex 1.4631774151209611 -7.355889603024228 -5.0
    vertex 2.177135079408468 -7.177052517991568 -5.0
  endloop
endfacet
facet normal 4.86923511991367e-19 6.104196959866859e-34 -1.0
  outer loop
    vertex 2.0484483811693477 -10.29824544423392 -5.0
    vertex 2.177135079408468 -7.177052517991568 -5.0
    vertex 3.0479891111718507 -10.047873525188194 -5.0
  endloop
endfacet
facet normal 4.86923511991367e-19 6.104196959866859e-34 -1.0
  outer loop
    vertex 3.0479891111718507 -10.047873525188194 -5.0
    vertex 2.177135079408468 -7.177052517991568 -5.0
    vertex 2.870125742738173 -6.929096493834651 -5.0
  endloop
endfacet
facet normal 4.86923511991367e-19 6.104196959866859e-34 -1.0
  outer loop
    vertex 3.0479891111718507 -10.047873525188194 -5.0
    vertex 2.870125742738173 -6.929096493834651 -5.0
    vertex 3.535475526194984 -6.614409482612662 -5.0
  endloop
endfacet
facet normal 4.86923511991367e-19 6.104196959866859e-34 -1.0
  outer loop
    vertex 3.0479891111718507 -10.047873525188194 -5.0
    vertex 3.535475526194984 -6.614409482612662 -5.0
    vertex 4.018176039833437 -9.700735091368514 -5.0
  endloop
endfacet
facet normal 4.86923511991367e-19 6.104196959866859e-34 -1.0
  outer loop
    vertex 4.018176039833437 -9.700735091368514 -5.0
    vertex 3.535475526194984 -6.614409482612662 -5.0
    vertex 4.166776747647016 -6.236022092269089 -5.0
  endloop
endfacet
facet normal 4.86923511991367e-19 6.104196959866859e-34 -1.0
  outer loop
    vertex 4.018176039833437 -9.700735091368514 -5.0
    vertex 4.166776747647016 -6.236022092269089 -5.0
    vertex 4.949665736672966 -9.260173275657733 -5.0
  endloop
endfacet
facet normal 4.86923511991367e-19 6.104196959866859e-34 -1.0
  outer loop
    vertex 4.949665736672966 -9.260173275657733 -5.0
    vertex 4.166776747647016 -6.236022092269089 -5.0
    vertex 4.75794963122734 -5.7975784002205275 -5.0
  endloop
endfacet
facet normal 4.86923511991367e-19 6.104196959866859e-34 -1.0
  outer loop
    vertex 4.949665736672966 -9.260173275657733 -5.0
    vertex 4.75794963122734 -5.7975784002205275 -5.0
    vertex 5.303300858899106 -5.303300858899107 -5.0
  endloop
endfacet
facet normal 4.86923511991367e-19 6.104196959866859e-34 -1.0
  outer loop
    vertex 4.949665736672966 -9.260173275657733 -5.0
    vertex 5.303300858899106 -5.303300858899107 -5.0
    vertex 5.8334874467058135 -8.730430929176734 -5.0
  endloop
endfacet
facet normal 4.86923511991367e-19 6.104196959866859e-34 -1.0
  outer loop
    vertex 5.8334874467058135 -8.730430929176734 -5.0
    vertex 5.303300858899106 -5.303300858899107 -5.0
    vertex 5.7975784002205275 -4.7579496312273415 -5.0
  endloop
endfacet
facet normal 4.86923511991367e-19 6.104196959866859e-34 -1.0
  outer loop
    vertex 5.8334874467058135 -8.730430929176734 -5.0
    vertex 5.7975784002205275 -4.7579496312273415 -5.0
    vertex 6.236022092269088 -4.166776747647016 -5.0
  endloop
endfacet
facet normal 4.86923511991367e-19 6.104196959866859e-34 -1.0
  outer loop
    vertex 5.8334874467058135 -8.730430929176734 -5.0
    vertex 6.236022092269088 -4.166776747647016 -5.0
    vertex 6.661129483718264 -8.11660976030875 -5.0
  endloop
endfacet
facet normal 4.86923511991367e-19 6.104196959866859e-34 -1.0
  outer loop
    vertex 6.661129483718264 -8.11660976030875 -5.0
    vertex 6.236022092269088 -4.166776747647016 -5.0
    vertex 6.614409482612664 -3.5354755261949826 -5.0
  endloop
endfacet
facet normal 4.86923511991367e-19 6.104196959866859e-34 -1.0
  outer loop
    vertex 6.661129483718264 -8.11660976030875 -5.0
    vertex 6.614409482612664 -3.5354755261949826 -5.0
    vertex 6.92909649383465 -2.870125742738173 -5.0
  endloop
endfacet
facet normal 4.86923511991367e-19 6.104196959866859e-34 -1.0
  outer loop
    vertex 6.661129483718264 -8.11660976030875 -5.0
    vertex 6.92909649383465 -2.870125742738173 -5.0
    vertex 7.424621202458736 -7.424621202458764 -5.0
  endloop
endfacet
facet normal 4.86923511991367e-19 6.104196959866859e-34 -1.0
  outer loop
    vertex 7.424621202458736 -7.424621202458764 -5.0
    vertex 6.92909649383465 -2.870125742738173 -5.0
    vertex 7.177052517991565 -2.177135079408468 -5.0
  endloop
endfacet
facet normal 4.86923511991367e-19 6.104196959866859e-34 -1.0
  outer loop
    vertex 7.424621202458736 -7.424621202458764 -5.0
    vertex 7.177052517991565 -2.177135079408468 -5.0
    vertex 7.35588960302423 -1.4631774151209611 -5.0
  endloop
endfacet
facet normal 4.86923511991367e-19 6.104196959866859e-34 -1.0
  outer loop
    vertex 7.424621202458736 -7.424621202458764 -5.0
    vertex 7.35588960302423 -1.4631774151209611 -5.0
    vertex 7.463885450041477 -0.7351285524717045 -5.0
  endloop
endfacet
facet normal 4.86923511991367e-19 6.104196959866859e-34 -1.0
  outer loop
    vertex 7.424621202458736 -7.424621202458764 -5.0
    vertex 7.463885450041477 -0.7351285524717045 -5.0
    vertex 8.116609760308725 -6.661129483718297 -5.0
  endloop
endfacet
facet normal 4.86923511991367e-19 6.104196959866859e-34 -1.0
  outer loop
    vertex 8.116609760308725 -6.661129483718297 -5.0
    vertex 7.463885450041477 -0.7351285524717045 -5.0
    vertex 7.5 0.0 -5.0
  endloop
endfacet
facet normal -0.8577286100002702 -0.5141027441932247 -1.1237705591782862e-16
  outer loop
    vertex 6.65175689842035 4.444561864156834 12.299999999999999
    vertex 7.055370114786828 3.771173894608005 8.5
    vertex 7.055370114786825 3.771173894608002 12.299999999999999
  endloop
endfacet
facet normal -0.8577286100002702 -0.5141027441932247 -1.1237705591782862e-16
  outer loop
    vertex 7.055370114786828 3.771173894608005 8.5
    vertex 6.65175689842035 4.444561864156834 12.299999999999999
    vertex 6.651756898420348 4.444561864156834 8.5
  endloop
endfacet
facet normal 0.9617325013517282 0.24090145078077468 -0.130526192220054
  outer loop
    vertex -0.1491076774956894 -7.492674809528198 2.500000000000001
    vertex 0.6471583525425377 -10.468207148837589 2.8752876153986544
    vertex 0.5968435289957084 -10.470678957615151 2.4999999999999996
  endloop
endfacet
facet normal 0.9617325013517282 0.24090145078077468 -0.130526192220054
  outer loop
    vertex 0.6471583525425377 -10.468207148837589 2.8752876153986544
    vertex -0.1491076774956894 -7.492674809528198 2.500000000000001
    vertex -0.09753911415045514 -7.495208210592485 2.875287615398655
  endloop
endfacet
facet normal 0.9700312531945452 0.24298017990325935 -1.0327474150421614e-17
  outer loop
    vertex -7.846282243225843 -1.5607225761290107 8.5
    vertex -7.655522685857673 -2.322277418035685 12.299999999999999
    vertex -7.655522685857674 -2.322277418035686 8.5
  endloop
endfacet
facet normal 0.9700312531945452 0.24298017990325935 -1.0327474150421614e-17
  outer loop
    vertex -7.655522685857673 -2.322277418035685 12.299999999999999
    vertex -7.846282243225843 -1.5607225761290107 8.5
    vertex -7.846282243225844 -1.5607225761290107 12.299999999999999
  endloop
endfacet
facet normal -8.812395257962197e-16 1.0 0.0
  outer loop
    vertex -10.649439630058069 1.0291799734603657 5.0
    vertex -10.44943963005807 1.0291799734603657 -5.0
    vertex -10.649439630058069 1.0291799734603657 -5.0
  endloop
endfacet
facet normal -8.812395257962197e-16 1.0 0.0
  outer loop
    vertex -10.44943963005807 1.0291799734603657 -5.0
    vertex -10.649439630058069 1.0291799734603657 5.0
    vertex -10.44943963005807 1.0291799734603657 5.0
  endloop
endfacet
facet normal -0.74095112535496 0.6715589548470174 1.3269914831230102e-16
  outer loop
    vertex 5.656854249492381 -5.65685424949238 12.299999999999999
    vertex 6.184083626901894 -5.075146273309165 8.5
    vertex 5.656854249492377 -5.656854249492381 8.5
  endloop
endfacet
facet normal -0.74095112535496 0.6715589548470174 1.3269914831230102e-16
  outer loop
    vertex 6.184083626901894 -5.075146273309165 8.5
    vertex 5.656854249492381 -5.65685424949238 12.299999999999999
    vertex 6.184083626901894 -5.075146273309162 12.299999999999999
  endloop
endfacet
facet normal 0.42755509343027914 -0.9039892931234448 -2.2519328580064616e-16
  outer loop
    vertex -3.061467458920702 7.3910362600902975 12.299999999999999
    vertex -3.771173894607964 7.055370114786848 8.499999999999998
    vertex -3.061467458920703 7.3910362600902975 8.499999999999998
  endloop
endfacet
facet normal 0.42755509343027914 -0.9039892931234448 -2.2519328580064616e-16
  outer loop
    vertex -3.771173894607964 7.055370114786848 8.499999999999998
    vertex -3.061467458920702 7.3910362600902975 12.299999999999999
    vertex -3.7711738946079625 7.055370114786848 12.299999999999999
  endloop
endfacet
facet normal -0.9617325013517282 -0.2409014507807745 -0.13052619222005402
  outer loop
    vertex 2.666622807882774 -7.001911008230209 2.875287615398656
    vertex 3.444952564554835 -9.905837730414994 2.500000000000001
    vertex 3.3982080898840943 -9.922563170892026 2.8752876153986575
  endloop
endfacet
facet normal -0.9617325013517282 -0.2409014507807745 -0.13052619222005402
  outer loop
    vertex 3.444952564554835 -9.905837730414994 2.500000000000001
    vertex 2.666622807882774 -7.001911008230209 2.875287615398656
    vertex 2.713367282553518 -6.985185567753177 2.5000000000000013
  endloop
endfacet
facet normal 0.5905827554132758 0.14794447297709884 0.793299717587238
  outer loop
    vertex 1.0291799734603897 -10.449439630058068 1.4748966050307333
    vertex 0.5928306290921567 -7.470876098745851 1.2442631645125648
    vertex 0.2870112939219066 -7.4859000392813595 1.4746951672795072
  endloop
endfacet
facet normal 0.5905827554132758 0.14794447297709884 0.793299717587238
  outer loop
    vertex 0.5928306290921567 -7.470876098745851 1.2442631645125648
    vertex 1.0291799734603897 -10.449439630058068 1.4748966050307333
    vertex 1.3278254148959854 -10.405139763578894 1.2442631645125641
  endloop
endfacet
facet normal 0.5956993044924298 -0.8032075314806475 1.6122849109334064e-16
  outer loop
    vertex -4.444561864156799 6.6517568984203725 12.299999999999999
    vertex -5.075146273309144 6.184083626901911 8.5
    vertex -4.4445618641568005 6.65175689842037 8.5
  endloop
endfacet
facet normal 0.5956993044924298 -0.8032075314806475 1.6122849109334064e-16
  outer loop
    vertex -5.075146273309144 6.184083626901911 8.5
    vertex -4.444561864156799 6.6517568984203725 12.299999999999999
    vertex -5.075146273309144 6.184083626901911 12.299999999999999
  endloop
endfacet
facet normal -0.14673047445536389 0.9891765099647808 2.958950155792526e-16
  outer loop
    vertex 0.784137122636483 -7.961477813377573 12.299999999999999
    vertex 1.5607225761290247 -7.846282243225838 8.5
    vertex 0.784137122636483 -7.961477813377573 8.5
  endloop
endfacet
facet normal -0.14673047445536389 0.9891765099647808 2.958950155792526e-16
  outer loop
    vertex 1.5607225761290247 -7.846282243225838 8.5
    vertex 0.784137122636483 -7.961477813377573 12.299999999999999
    vertex 1.5607225761290247 -7.846282243225841 12.299999999999999
  endloop
endfacet
facet normal 0.2429801799032648 0.9700312531945438 -1.770424140072316e-17
  outer loop
    vertex -2.322277418035703 -7.655522685857667 12.299999999999999
    vertex -1.5607225761290304 -7.846282243225841 8.5
    vertex -2.3222774180357044 -7.655522685857667 8.5
  endloop
endfacet
facet normal 0.2429801799032648 0.9700312531945438 -1.770424140072316e-17
  outer loop
    vertex -1.5607225761290304 -7.846282243225841 8.5
    vertex -2.322277418035703 -7.655522685857667 12.299999999999999
    vertex -1.5607225761290304 -7.846282243225841 12.299999999999999
  endloop
endfacet
facet normal 0.9415440651830195 -0.33688985339222377 -2.7405257642977155e-17
  outer loop
    vertex -7.391036260090283 3.0614674589207356 8.5
    vertex -7.6555226858576635 2.3222774180357173 12.299999999999999
    vertex -7.6555226858576635 2.3222774180357173 8.5
  endloop
endfacet
facet normal 0.9415440651830195 -0.33688985339222377 -2.7405257642977155e-17
  outer loop
    vertex -7.6555226858576635 2.3222774180357173 12.299999999999999
    vertex -7.391036260090283 3.0614674589207356 8.5
    vertex -7.391036260090283 3.0614674589207356 12.299999999999999
  endloop
endfacet
facet normal 0.0 0.0 1.0
  outer loop
    vertex -9.7007350913685 -4.0181760398334685 5.0
    vertex -9.553773376053089 -0.9409645471637825 5.0
    vertex -9.6 -4.229949723821846e-15 5.0
  endloop
endfacet
facet normal 0.0 0.0 1.0
  outer loop
    vertex -9.553773376053089 -0.9409645471637825 5.0
    vertex -9.7007350913685 -4.0181760398334685 5.0
    vertex -9.260173275657717 -4.949665736673 5.0
  endloop
endfacet
facet normal 0.0 0.0 1.0
  outer loop
    vertex -9.553773376053089 -0.9409645471637825 5.0
    vertex -9.260173275657717 -4.949665736673 5.0
    vertex -9.41553869187101 -1.8728670913548295 5.0
  endloop
endfacet
facet normal 0.0 0.0 1.0
  outer loop
    vertex -9.41553869187101 -1.8728670913548295 5.0
    vertex -9.260173275657717 -4.949665736673 5.0
    vertex -9.186627223029205 -2.7867329016428326 5.0
  endloop
endfacet
facet normal 0.0 0.0 1.0
  outer loop
    vertex -9.186627223029205 -2.7867329016428326 5.0
    vertex -9.260173275657717 -4.949665736673 5.0
    vertex -8.730430929176709 -5.833487446705847 5.0
  endloop
endfacet
facet normal 0.0 0.0 1.0
  outer loop
    vertex -9.186627223029205 -2.7867329016428326 5.0
    vertex -8.730430929176709 -5.833487446705847 5.0
    vertex -8.869243512108357 -3.6737609507048545 5.0
  endloop
endfacet
facet normal 0.0 0.0 1.0
  outer loop
    vertex -8.869243512108357 -3.6737609507048545 5.0
    vertex -8.730430929176709 -5.833487446705847 5.0
    vertex -8.466444137744215 -4.525408673529568 5.0
  endloop
endfacet
facet normal 0.0 0.0 1.0
  outer loop
    vertex -8.466444137744215 -4.525408673529568 5.0
    vertex -8.730430929176709 -5.833487446705847 5.0
    vertex -8.116609760308718 -6.661129483718302 5.0
  endloop
endfacet
facet normal 0.0 0.0 1.0
  outer loop
    vertex -8.466444137744215 -4.525408673529568 5.0
    vertex -8.116609760308718 -6.661129483718302 5.0
    vertex -7.982108278104443 -5.333474236988168 5.0
  endloop
endfacet
facet normal 0.0 0.0 1.0
  outer loop
    vertex -7.982108278104443 -5.333474236988168 5.0
    vertex -8.116609760308718 -6.661129483718302 5.0
    vertex -7.424621202458728 -7.424621202458771 5.0
  endloop
endfacet
facet normal 0.0 0.0 1.0
  outer loop
    vertex -7.982108278104443 -5.333474236988168 5.0
    vertex -7.424621202458728 -7.424621202458771 5.0
    vertex -7.420900352282287 -6.090175527970983 4.999999999999999
  endloop
endfacet
facet normal 0.0 0.0 1.0
  outer loop
    vertex -7.420900352282287 -6.090175527970983 4.999999999999999
    vertex -7.424621202458728 -7.424621202458771 5.0
    vertex -6.661129483718254 -8.116609760308759 5.0
  endloop
endfacet
facet normal 0.0 0.0 1.0
  outer loop
    vertex -7.420900352282287 -6.090175527970983 4.999999999999999
    vertex -6.661129483718254 -8.116609760308759 5.0
    vertex -6.788225099390871 -6.788225099390842 4.999999999999999
  endloop
endfacet
facet normal 0.0 0.0 1.0
  outer loop
    vertex -6.788225099390871 -6.788225099390842 4.999999999999999
    vertex -6.661129483718254 -8.116609760308759 5.0
    vertex -6.090175527971016 -7.420900352282257 5.0
  endloop
endfacet
facet normal 0.0 0.0 1.0
  outer loop
    vertex -6.090175527971016 -7.420900352282257 5.0
    vertex -6.661129483718254 -8.116609760308759 5.0
    vertex -5.8334874467058 -8.730430929176743 5.0
  endloop
endfacet
facet normal 0.0 0.0 1.0
  outer loop
    vertex -6.090175527971016 -7.420900352282257 5.0
    vertex -5.8334874467058 -8.730430929176743 5.0
    vertex -5.333474236988205 -7.982108278104421 4.999999999999999
  endloop
endfacet
facet normal 0.0 0.0 1.0
  outer loop
    vertex -5.333474236988205 -7.982108278104421 4.999999999999999
    vertex -5.8334874467058 -8.730430929176743 5.0
    vertex -4.949665736672953 -9.26017327565774 5.0
  endloop
endfacet
facet normal 0.0 0.0 1.0
  outer loop
    vertex -5.333474236988205 -7.982108278104421 4.999999999999999
    vertex -4.949665736672953 -9.26017327565774 5.0
    vertex -4.525408673529606 -8.466444137744192 4.999999999999999
  endloop
endfacet
facet normal 0.0 0.0 1.0
  outer loop
    vertex -4.525408673529606 -8.466444137744192 4.999999999999999
    vertex -4.949665736672953 -9.26017327565774 5.0
    vertex -4.018176039833423 -9.70073509136852 5.0
  endloop
endfacet
facet normal 0.0 0.0 1.0
  outer loop
    vertex -4.525408673529606 -8.466444137744192 4.999999999999999
    vertex -4.018176039833423 -9.70073509136852 5.0
    vertex -3.673760950704894 -8.869243512108337 4.999999999999999
  endloop
endfacet
facet normal 0.0 0.0 1.0
  outer loop
    vertex -3.673760950704894 -8.869243512108337 4.999999999999999
    vertex -4.018176039833423 -9.70073509136852 5.0
    vertex -3.047989111171838 -10.0478735251882 5.0
  endloop
endfacet
facet normal 0.0 0.0 1.0
  outer loop
    vertex -3.673760950704894 -8.869243512108337 4.999999999999999
    vertex -3.047989111171838 -10.0478735251882 5.0
    vertex -2.7867329016428766 -9.186627223029191 5.0
  endloop
endfacet
facet normal 0.0 0.0 1.0
  outer loop
    vertex -2.7867329016428766 -9.186627223029191 5.0
    vertex -3.047989111171838 -10.0478735251882 5.0
    vertex -2.0484483811693326 -10.298245444233922 5.0
  endloop
endfacet
facet normal 0.0 0.0 1.0
  outer loop
    vertex -2.7867329016428766 -9.186627223029191 5.0
    vertex -2.0484483811693326 -10.298245444233922 5.0
    vertex -1.872867091354872 -9.415538691871005 5.0
  endloop
endfacet
facet normal 0.0 0.0 1.0
  outer loop
    vertex -1.872867091354872 -9.415538691871005 5.0
    vertex -2.0484483811693326 -10.298245444233922 5.0
    vertex -1.0291799734603757 -10.44943963005807 5.0
  endloop
endfacet
facet normal 0.0 0.0 1.0
  outer loop
    vertex -1.872867091354872 -9.415538691871005 5.0
    vertex -1.0291799734603757 -10.44943963005807 5.0
    vertex -0.9409645471638262 -9.553773376053083 5.0
  endloop
endfacet
facet normal 0.0 0.0 1.0
  outer loop
    vertex -0.9409645471638262 -9.553773376053083 5.0
    vertex -1.0291799734603757 -10.44943963005807 5.0
    vertex 7.049916206369744e-15 -10.5 5.0
  endloop
endfacet
facet normal 0.0 0.0 1.0
  outer loop
    vertex -0.9409645471638262 -9.553773376053083 5.0
    vertex 7.049916206369744e-15 -10.5 5.0
    vertex -2.8199664825478975e-15 -9.600000000000001 5.0
  endloop
endfacet
facet normal 0.0 0.0 1.0
  outer loop
    vertex -2.8199664825478975e-15 -9.600000000000001 5.0
    vertex 7.049916206369744e-15 -10.5 5.0
    vertex 0.9409645471637796 -9.553773376053087 5.0
  endloop
endfacet
facet normal 0.0 0.0 1.0
  outer loop
    vertex 0.9409645471637796 -9.553773376053087 5.0
    vertex 7.049916206369744e-15 -10.5 5.0
    vertex 1.0291799734603897 -10.449439630058068 5.0
  endloop
endfacet
facet normal 0.0 0.0 1.0
  outer loop
    vertex 0.9409645471637796 -9.553773376053087 5.0
    vertex 1.0291799734603897 -10.449439630058068 5.0
    vertex 1.8728670913548282 -9.41553869187101 5.0
  endloop
endfacet
facet normal 0.0 0.0 1.0
  outer loop
    vertex 1.8728670913548282 -9.41553869187101 5.0
    vertex 1.0291799734603897 -10.449439630058068 5.0
    vertex 2.0484483811693477 -10.29824544423392 5.0
  endloop
endfacet
facet normal 0.0 0.0 1.0
  outer loop
    vertex 1.8728670913548282 -9.41553869187101 5.0
    vertex 2.0484483811693477 -10.29824544423392 5.0
    vertex 2.786732901642837 -9.186627223029205 5.0
  endloop
endfacet
facet normal 0.0 0.0 1.0
  outer loop
    vertex 2.786732901642837 -9.186627223029205 5.0
    vertex 2.0484483811693477 -10.29824544423392 5.0
    vertex 3.0479891111718507 -10.047873525188194 5.0
  endloop
endfacet
facet normal 0.0 0.0 1.0
  outer loop
    vertex 2.786732901642837 -9.186627223029205 5.0
    vertex 3.0479891111718507 -10.047873525188194 5.0
    vertex 3.67376095070486 -8.869243512108351 5.0
  endloop
endfacet
facet normal 0.0 0.0 1.0
  outer loop
    vertex 3.67376095070486 -8.869243512108351 5.0
    vertex 3.0479891111718507 -10.047873525188194 5.0
    vertex 4.018176039833437 -9.700735091368514 5.0
  endloop
endfacet
facet normal 0.0 0.0 1.0
  outer loop
    vertex 3.67376095070486 -8.869243512108351 5.0
    vertex 4.018176039833437 -9.700735091368514 5.0
    vertex 4.525408673529573 -8.466444137744208 5.0
  endloop
endfacet
facet normal 0.0 0.0 1.0
  outer loop
    vertex 4.525408673529573 -8.466444137744208 5.0
    vertex 4.018176039833437 -9.700735091368514 5.0
    vertex 4.949665736672966 -9.260173275657733 5.0
  endloop
endfacet
facet normal 0.0 0.0 1.0
  outer loop
    vertex 4.525408673529573 -8.466444137744208 5.0
    vertex 4.949665736672966 -9.260173275657733 5.0
    vertex 5.333474236988183 -7.982108278104434 5.0
  endloop
endfacet
facet normal 0.0 0.0 1.0
  outer loop
    vertex 5.333474236988183 -7.982108278104434 5.0
    vertex 4.949665736672966 -9.260173275657733 5.0
    vertex 5.8334874467058135 -8.730430929176734 5.0
  endloop
endfacet
facet normal 0.0 0.0 1.0
  outer loop
    vertex 5.333474236988183 -7.982108278104434 5.0
    vertex 5.8334874467058135 -8.730430929176734 5.0
    vertex 6.090175527970994 -7.420900352282276 4.999999999999999
  endloop
endfacet
facet normal 0.0 0.0 1.0
  outer loop
    vertex 6.090175527970994 -7.420900352282276 4.999999999999999
    vertex 5.8334874467058135 -8.730430929176734 5.0
    vertex 6.661129483718264 -8.11660976030875 5.0
  endloop
endfacet
facet normal 0.0 0.0 1.0
  outer loop
    vertex 6.090175527970994 -7.420900352282276 4.999999999999999
    vertex 6.661129483718264 -8.11660976030875 5.0
    vertex 6.788225099390853 -6.788225099390859 5.0
  endloop
endfacet
facet normal 0.0 0.0 1.0
  outer loop
    vertex 6.788225099390853 -6.788225099390859 5.0
    vertex 6.661129483718264 -8.11660976030875 5.0
    vertex 7.424621202458736 -7.424621202458764 5.0
  endloop
endfacet
facet normal 0.0 0.0 1.0
  outer loop
    vertex 6.788225099390853 -6.788225099390859 5.0
    vertex 7.424621202458736 -7.424621202458764 5.0
    vertex 7.4209003522822705 -6.090175527971 5.0
  endloop
endfacet
facet normal 0.0 0.0 1.0
  outer loop
    vertex 7.4209003522822705 -6.090175527971 5.0
    vertex 7.424621202458736 -7.424621202458764 5.0
    vertex 7.982108278104431 -5.3334742369881845 5.0
  endloop
endfacet
facet normal 0.0 0.0 1.0
  outer loop
    vertex 7.982108278104431 -5.3334742369881845 5.0
    vertex 7.424621202458736 -7.424621202458764 5.0
    vertex 8.116609760308725 -6.661129483718297 5.0
  endloop
endfacet
facet normal 0.0 0.0 1.0
  outer loop
    vertex 7.982108278104431 -5.3334742369881845 5.0
    vertex 8.116609760308725 -6.661129483718297 5.0
    vertex 8.466444137744205 -4.525408673529582 5.0
  endloop
endfacet
facet normal 0.0 0.0 1.0
  outer loop
    vertex 8.466444137744205 -4.525408673529582 5.0
    vertex 8.116609760308725 -6.661129483718297 5.0
    vertex 8.73043092917671 -5.833487446705846 5.0
  endloop
endfacet
facet normal 0.0 0.0 1.0
  outer loop
    vertex 8.466444137744205 -4.525408673529582 5.0
    vertex 8.73043092917671 -5.833487446705846 5.0
    vertex 8.869243512108348 -3.673760950704863 5.0
  endloop
endfacet
facet normal 0.0 0.0 1.0
  outer loop
    vertex 8.869243512108348 -3.673760950704863 5.0
    vertex 8.73043092917671 -5.833487446705846 5.0
    vertex 9.260173275657714 -4.949665736673003 5.0
  endloop
endfacet
facet normal 0.0 0.0 1.0
  outer loop
    vertex 8.869243512108348 -3.673760950704863 5.0
    vertex 9.260173275657714 -4.949665736673003 5.0
    vertex 9.186627223029202 -2.7867329016428397 5.0
  endloop
endfacet
facet normal 0.0 0.0 1.0
  outer loop
    vertex 9.186627223029202 -2.7867329016428397 5.0
    vertex 9.260173275657714 -4.949665736673003 5.0
    vertex 9.41553869187101 -1.8728670913548324 5.0
  endloop
endfacet
facet normal 0.0 0.0 1.0
  outer loop
    vertex 9.41553869187101 -1.8728670913548324 5.0
    vertex 9.260173275657714 -4.949665736673003 5.0
    vertex 9.700735091368497 -4.018176039833474 5.0
  endloop
endfacet
facet normal 0.0 0.0 1.0
  outer loop
    vertex 9.41553869187101 -1.8728670913548324 5.0
    vertex 9.700735091368497 -4.018176039833474 5.0
    vertex 9.553773376053087 -0.9409645471637825 5.0
  endloop
endfacet
facet normal 0.0 0.0 1.0
  outer loop
    vertex 9.553773376053087 -0.9409645471637825 5.0
    vertex 9.700735091368497 -4.018176039833474 5.0
    vertex 9.599999999999996 1.4099832412739487e-15 5.0
  endloop
endfacet
facet normal 0.0 0.0 1.0
  outer loop
    vertex -10.449439630058066 -1.0291799734604095 5.0
    vertex -10.649439630058069 1.0291799734603657 5.0
    vertex -10.649439630058069 -1.0291799734604095 5.0
  endloop
endfacet
facet normal 0.0 0.0 1.0
  outer loop
    vertex -10.649439630058069 1.0291799734603657 5.0
    vertex -10.449439630058066 -1.0291799734604095 5.0
    vertex -10.44943963005807 1.0291799734603657 5.0
  endloop
endfacet
facet normal 0.0 0.0 1.0
  outer loop
    vertex -10.44943963005807 1.0291799734603657 5.0
    vertex -10.449439630058066 -1.0291799734604095 5.0
    vertex -10.298245444233922 2.048448381169328 5.0
  endloop
endfacet
facet normal 0.0 0.0 1.0
  outer loop
    vertex -10.298245444233922 2.048448381169328 5.0
    vertex -10.449439630058066 -1.0291799734604095 5.0
    vertex -10.298245444233915 -2.0484483811693703 5.0
  endloop
endfacet
facet normal 0.0 0.0 1.0
  outer loop
    vertex -10.298245444233922 2.048448381169328 5.0
    vertex -10.298245444233915 -2.0484483811693703 5.0
    vertex -10.0478735251882 3.0479891111718365 5.0
  endloop
endfacet
facet normal 0.0 0.0 1.0
  outer loop
    vertex -10.0478735251882 3.0479891111718365 5.0
    vertex -10.298245444233915 -2.0484483811693703 5.0
    vertex -10.047873525188185 -3.047989111171879 5.0
  endloop
endfacet
facet normal 0.0 0.0 1.0
  outer loop
    vertex -10.0478735251882 3.0479891111718365 5.0
    vertex -10.047873525188185 -3.047989111171879 5.0
    vertex -9.700735091368518 4.018176039833426 5.0
  endloop
endfacet
facet normal 0.0 0.0 1.0
  outer loop
    vertex -9.700735091368518 4.018176039833426 5.0
    vertex -10.047873525188185 -3.047989111171879 5.0
    vertex -9.7007350913685 -4.0181760398334685 5.0
  endloop
endfacet
facet normal 0.0 0.0 1.0
  outer loop
    vertex -9.700735091368518 4.018176039833426 5.0
    vertex -9.7007350913685 -4.0181760398334685 5.0
    vertex -9.6 -4.229949723821846e-15 5.0
  endloop
endfacet
facet normal 0.0 0.0 1.0
  outer loop
    vertex -9.700735091368518 4.018176039833426 5.0
    vertex -9.6 -4.229949723821846e-15 5.0
    vertex -9.55377337605309 0.9409645471637741 5.0
  endloop
endfacet
facet normal 0.0 0.0 1.0
  outer loop
    vertex -9.700735091368518 4.018176039833426 5.0
    vertex -9.55377337605309 0.9409645471637741 5.0
    vertex -9.260173275657737 4.94966573667296 5.0
  endloop
endfacet
facet normal 0.0 0.0 1.0
  outer loop
    vertex -9.260173275657737 4.94966573667296 5.0
    vertex -9.55377337605309 0.9409645471637741 5.0
    vertex -9.415538691871015 1.872867091354821 5.0
  endloop
endfacet
facet normal 0.0 0.0 1.0
  outer loop
    vertex -9.260173275657737 4.94966573667296 5.0
    vertex -9.415538691871015 1.872867091354821 5.0
    vertex -9.186627223029209 2.786732901642826 5.0
  endloop
endfacet
facet normal 0.0 0.0 1.0
  outer loop
    vertex -9.260173275657737 4.94966573667296 5.0
    vertex -9.186627223029209 2.786732901642826 5.0
    vertex -8.730430929176734 5.83348744670581 5.0
  endloop
endfacet
facet normal 0.0 0.0 1.0
  outer loop
    vertex -8.730430929176734 5.83348744670581 5.0
    vertex -9.186627223029209 2.786732901642826 5.0
    vertex -8.869243512108358 3.673760950704846 4.999999999999999
  endloop
endfacet
facet normal 0.0 0.0 1.0
  outer loop
    vertex -8.730430929176734 5.83348744670581 5.0
    vertex -8.869243512108358 3.673760950704846 4.999999999999999
    vertex -8.466444137744217 4.5254086735295616 5.0
  endloop
endfacet
facet normal 0.0 0.0 1.0
  outer loop
    vertex -8.730430929176734 5.83348744670581 5.0
    vertex -8.466444137744217 4.5254086735295616 5.0
    vertex -8.116609760308746 6.661129483718268 5.0
  endloop
endfacet
facet normal 0.0 0.0 1.0
  outer loop
    vertex -8.116609760308746 6.661129483718268 5.0
    vertex -8.466444137744217 4.5254086735295616 5.0
    vertex -7.982108278104448 5.333474236988165 5.0
  endloop
endfacet
facet normal 0.0 0.0 1.0
  outer loop
    vertex -8.116609760308746 6.661129483718268 5.0
    vertex -7.982108278104448 5.333474236988165 5.0
    vertex -7.4246212024587575 7.424621202458742 5.0
  endloop
endfacet
facet normal 0.0 0.0 1.0
  outer loop
    vertex -7.4246212024587575 7.424621202458742 5.0
    vertex -7.982108278104448 5.333474236988165 5.0
    vertex -7.420900352282293 6.09017552797098 5.0
  endloop
endfacet
facet normal 0.0 0.0 1.0
  outer loop
    vertex -7.4246212024587575 7.424621202458742 5.0
    vertex -7.420900352282293 6.09017552797098 5.0
    vertex -6.6611294837182875 8.11660976030873 5.0
  endloop
endfacet
facet normal 0.0 0.0 1.0
  outer loop
    vertex -6.6611294837182875 8.11660976030873 5.0
    vertex -7.420900352282293 6.09017552797098 5.0
    vertex -6.788225099390872 6.788225099390838 5.0
  endloop
endfacet
facet normal 0.0 0.0 1.0
  outer loop
    vertex -6.6611294837182875 8.11660976030873 5.0
    vertex -6.788225099390872 6.788225099390838 5.0
    vertex -6.0901755279710175 7.420900352282259 5.0
  endloop
endfacet
facet normal 0.0 0.0 1.0
  outer loop
    vertex -6.6611294837182875 8.11660976030873 5.0
    vertex -6.0901755279710175 7.420900352282259 5.0
    vertex -5.833487446705832 8.730430929176718 5.0
  endloop
endfacet
facet normal 0.0 0.0 1.0
  outer loop
    vertex -5.833487446705832 8.730430929176718 5.0
    vertex -6.0901755279710175 7.420900352282259 5.0
    vertex -5.333474236988203 7.982108278104417 5.0
  endloop
endfacet
facet normal 0.0 0.0 1.0
  outer loop
    vertex -5.833487446705832 8.730430929176718 5.0
    vertex -5.333474236988203 7.982108278104417 5.0
    vertex -4.949665736672984 9.260173275657724 5.0
  endloop
endfacet
facet normal 0.0 0.0 1.0
  outer loop
    vertex -4.949665736672984 9.260173275657724 5.0
    vertex -5.333474236988203 7.982108278104417 5.0
    vertex -4.525408673529596 8.4664441377442 5.0
  endloop
endfacet
facet normal 0.0 0.0 1.0
  outer loop
    vertex -4.949665736672984 9.260173275657724 5.0
    vertex -4.525408673529596 8.4664441377442 5.0
    vertex -4.018176039833452 9.700735091368509 5.0
  endloop
endfacet
facet normal 0.0 0.0 1.0
  outer loop
    vertex -4.018176039833452 9.700735091368509 5.0
    vertex -4.525408673529596 8.4664441377442 5.0
    vertex -3.6737609507048825 8.869243512108342 5.0
  endloop
endfacet
facet normal 0.0 0.0 1.0
  outer loop
    vertex -4.018176039833452 9.700735091368509 5.0
    vertex -3.6737609507048825 8.869243512108342 5.0
    vertex -3.0479891111718618 10.047873525188193 5.0
  endloop
endfacet
facet normal 0.0 0.0 1.0
  outer loop
    vertex -3.0479891111718618 10.047873525188193 5.0
    vertex -3.6737609507048825 8.869243512108342 5.0
    vertex -2.7867329016428584 9.186627223029197 5.0
  endloop
endfacet
facet normal 0.0 0.0 1.0
  outer loop
    vertex -3.0479891111718618 10.047873525188193 5.0
    vertex -2.7867329016428584 9.186627223029197 5.0
    vertex -2.0484483811693535 10.298245444233919 5.0
  endloop
endfacet
facet normal 0.0 0.0 1.0
  outer loop
    vertex -2.0484483811693535 10.298245444233919 5.0
    vertex -2.7867329016428584 9.186627223029197 5.0
    vertex -1.8728670913548522 9.41553869187101 5.0
  endloop
endfacet
facet normal 0.0 0.0 1.0
  outer loop
    vertex -2.0484483811693535 10.298245444233919 5.0
    vertex -1.8728670913548522 9.41553869187101 5.0
    vertex -1.0291799734603913 10.449439630058068 5.0
  endloop
endfacet
facet normal 0.0 0.0 1.0
  outer loop
    vertex -1.0291799734603913 10.449439630058068 5.0
    vertex -1.8728670913548522 9.41553869187101 5.0
    vertex -0.9409645471637994 9.55377337605309 5.0
  endloop
endfacet
facet normal 0.0 0.0 1.0
  outer loop
    vertex -1.0291799734603913 10.449439630058068 5.0
    vertex -0.9409645471637994 9.55377337605309 5.0
    vertex -4.229949723821846e-15 10.5 5.0
  endloop
endfacet
facet normal 0.0 0.0 1.0
  outer loop
    vertex -4.229949723821846e-15 10.5 5.0
    vertex -0.9409645471637994 9.55377337605309 5.0
    vertex -1.6919798895287383e-14 9.600000000000001 5.0
  endloop
endfacet
facet normal 0.0 0.0 1.0
  outer loop
    vertex -4.229949723821846e-15 10.5 5.0
    vertex -1.6919798895287383e-14 9.600000000000001 5.0
    vertex 0.9409645471637655 9.553773376053092 5.0
  endloop
endfacet
facet normal 0.0 0.0 1.0
  outer loop
    vertex -4.229949723821846e-15 10.5 5.0
    vertex 0.9409645471637655 9.553773376053092 5.0
    vertex 1.0291799734603841 10.44943963005807 5.0
  endloop
endfacet
facet normal 0.0 0.0 1.0
  outer loop
    vertex 1.0291799734603841 10.44943963005807 5.0
    vertex 0.9409645471637655 9.553773376053092 5.0
    vertex 1.8728670913548155 9.415538691871015 5.0
  endloop
endfacet
facet normal 0.0 0.0 1.0
  outer loop
    vertex 1.0291799734603841 10.44943963005807 5.0
    vertex 1.8728670913548155 9.415538691871015 5.0
    vertex 2.048448381169345 10.298245444233919 5.0
  endloop
endfacet
facet normal 0.0 0.0 1.0
  outer loop
    vertex 2.048448381169345 10.298245444233919 5.0
    vertex 1.8728670913548155 9.415538691871015 5.0
    vertex 2.786732901642826 9.186627223029209 5.0
  endloop
endfacet
facet normal 0.0 0.0 1.0
  outer loop
    vertex 2.048448381169345 10.298245444233919 5.0
    vertex 2.786732901642826 9.186627223029209 5.0
    vertex 3.0479891111718533 10.047873525188194 5.0
  endloop
endfacet
facet normal 0.0 0.0 1.0
  outer loop
    vertex 3.0479891111718533 10.047873525188194 5.0
    vertex 2.786732901642826 9.186627223029209 5.0
    vertex 3.6737609507048514 8.869243512108357 5.0
  endloop
endfacet
facet normal 0.0 0.0 1.0
  outer loop
    vertex 3.0479891111718533 10.047873525188194 5.0
    vertex 3.6737609507048514 8.869243512108357 5.0
    vertex 4.018176039833443 9.70073509136851 5.0
  endloop
endfacet
facet normal 0.0 0.0 1.0
  outer loop
    vertex 4.018176039833443 9.70073509136851 5.0
    vertex 3.6737609507048514 8.869243512108357 5.0
    vertex 4.52540867352957 8.466444137744212 5.0
  endloop
endfacet
facet normal 0.0 0.0 1.0
  outer loop
    vertex 4.018176039833443 9.70073509136851 5.0
    vertex 4.52540867352957 8.466444137744212 5.0
    vertex 4.949665736672977 9.260173275657728 5.0
  endloop
endfacet
facet normal 0.0 0.0 1.0
  outer loop
    vertex 4.949665736672977 9.260173275657728 5.0
    vertex 4.52540867352957 8.466444137744212 5.0
    vertex 5.333474236988171 7.98210827810444 5.0
  endloop
endfacet
facet normal 0.0 0.0 1.0
  outer loop
    vertex 4.949665736672977 9.260173275657728 5.0
    vertex 5.333474236988171 7.98210827810444 5.0
    vertex 5.833487446705824 8.730430929176723 5.0
  endloop
endfacet
facet normal 0.0 0.0 1.0
  outer loop
    vertex 5.833487446705824 8.730430929176723 5.0
    vertex 5.333474236988171 7.98210827810444 5.0
    vertex 6.090175527970989 7.420900352282281 4.999999999999999
  endloop
endfacet
facet normal 0.0 0.0 1.0
  outer loop
    vertex 5.833487446705824 8.730430929176723 5.0
    vertex 6.090175527970989 7.420900352282281 4.999999999999999
    vertex 6.661129483718279 8.116609760308737 5.0
  endloop
endfacet
facet normal 0.0 0.0 1.0
  outer loop
    vertex 6.661129483718279 8.116609760308737 5.0
    vertex 6.090175527970989 7.420900352282281 4.999999999999999
    vertex 6.78822509939085 6.788225099390864 4.999999999999999
  endloop
endfacet
facet normal 0.0 0.0 1.0
  outer loop
    vertex 6.661129483718279 8.116609760308737 5.0
    vertex 6.78822509939085 6.788225099390864 4.999999999999999
    vertex 7.424621202458748 7.424621202458748 5.0
  endloop
endfacet
facet normal 0.0 0.0 1.0
  outer loop
    vertex 7.424621202458748 7.424621202458748 5.0
    vertex 6.78822509939085 6.788225099390864 4.999999999999999
    vertex 7.4209003522822705 6.090175527971002 5.000000000000001
  endloop
endfacet
facet normal 0.0 0.0 1.0
  outer loop
    vertex 7.424621202458748 7.424621202458748 5.0
    vertex 7.4209003522822705 6.090175527971002 5.000000000000001
    vertex 7.982108278104429 5.333474236988188 5.0
  endloop
endfacet
facet normal 0.0 0.0 1.0
  outer loop
    vertex 7.424621202458748 7.424621202458748 5.0
    vertex 7.982108278104429 5.333474236988188 5.0
    vertex 8.11660976030874 6.661129483718279 5.0
  endloop
endfacet
facet normal 0.0 0.0 1.0
  outer loop
    vertex 8.11660976030874 6.661129483718279 5.0
    vertex 7.982108278104429 5.333474236988188 5.0
    vertex 8.466444137744205 4.525408673529587 4.999999999999999
  endloop
endfacet
facet normal 0.0 0.0 1.0
  outer loop
    vertex 8.11660976030874 6.661129483718279 5.0
    vertex 8.466444137744205 4.525408673529587 4.999999999999999
    vertex 8.730430929176723 5.8334874467058215 5.0
  endloop
endfacet
facet normal 0.0 0.0 1.0
  outer loop
    vertex 8.730430929176723 5.8334874467058215 5.0
    vertex 8.466444137744205 4.525408673529587 4.999999999999999
    vertex 8.869243512108353 3.6737609507048683 4.999999999999999
  endloop
endfacet
facet normal 0.0 0.0 1.0
  outer loop
    vertex 8.730430929176723 5.8334874467058215 5.0
    vertex 8.869243512108353 3.6737609507048683 4.999999999999999
    vertex 9.26017327565773 4.949665736672975 5.0
  endloop
endfacet
facet normal 0.0 0.0 1.0
  outer loop
    vertex 9.26017327565773 4.949665736672975 5.0
    vertex 8.869243512108353 3.6737609507048683 4.999999999999999
    vertex 9.186627223029209 2.7867329016428455 4.999999999999999
  endloop
endfacet
facet normal 0.0 0.0 1.0
  outer loop
    vertex 9.26017327565773 4.949665736672975 5.0
    vertex 9.186627223029209 2.7867329016428455 4.999999999999999
    vertex 9.41553869187101 1.8728670913548366 5.0
  endloop
endfacet
facet normal 0.0 0.0 1.0
  outer loop
    vertex 9.26017327565773 4.949665736672975 5.0
    vertex 9.41553869187101 1.8728670913548366 5.0
    vertex 9.70073509136851 4.018176039833443 5.0
  endloop
endfacet
facet normal 0.0 0.0 1.0
  outer loop
    vertex 9.70073509136851 4.018176039833443 5.0
    vertex 9.41553869187101 1.8728670913548366 5.0
    vertex 9.55377337605309 0.9409645471637839 5.0
  endloop
endfacet
facet normal 0.0 0.0 1.0
  outer loop
    vertex 9.70073509136851 4.018176039833443 5.0
    vertex 9.55377337605309 0.9409645471637839 5.0
    vertex 9.599999999999996 1.4099832412739487e-15 5.0
  endloop
endfacet
facet normal 0.0 0.0 1.0
  outer loop
    vertex 9.70073509136851 4.018176039833443 5.0
    vertex 9.599999999999996 1.4099832412739487e-15 5.0
    vertex 9.700735091368497 -4.018176039833474 5.0
  endloop
endfacet
facet normal 0.0 0.0 1.0
  outer loop
    vertex 9.70073509136851 4.018176039833443 5.0
    vertex 9.700735091368497 -4.018176039833474 5.0
    vertex 10.04787352518818 -3.0479891111718915 5.0
  endloop
endfacet
facet normal 0.0 0.0 1.0
  outer loop
    vertex 9.70073509136851 4.018176039833443 5.0
    vertex 10.04787352518818 -3.0479891111718915 5.0
    vertex 10.047873525188193 3.0479891111718533 5.0
  endloop
endfacet
facet normal 0.0 0.0 1.0
  outer loop
    vertex 10.047873525188193 3.0479891111718533 5.0
    vertex 10.04787352518818 -3.0479891111718915 5.0
    vertex 10.298245444233913 -2.048448381169387 5.0
  endloop
endfacet
facet normal 0.0 0.0 1.0
  outer loop
    vertex 10.047873525188193 3.0479891111718533 5.0
    vertex 10.298245444233913 -2.048448381169387 5.0
    vertex 10.298245444233919 2.0484483811693464 5.0
  endloop
endfacet
facet normal 0.0 0.0 1.0
  outer loop
    vertex 10.298245444233919 2.0484483811693464 5.0
    vertex 10.298245444233913 -2.048448381169387 5.0
    vertex 10.449439630058064 -1.029179973460432 5.0
  endloop
endfacet
facet normal 0.0 0.0 1.0
  outer loop
    vertex 10.298245444233919 2.0484483811693464 5.0
    vertex 10.449439630058064 -1.029179973460432 5.0
    vertex 10.44943963005807 1.029179973460387 5.0
  endloop
endfacet
facet normal 0.0 0.0 1.0
  outer loop
    vertex 10.44943963005807 1.029179973460387 5.0
    vertex 10.449439630058064 -1.029179973460432 5.0
    vertex 10.5 0.0 5.0
  endloop
endfacet
facet normal 0.336889853392216 -0.9415440651830222 2.228557035985127e-16
  outer loop
    vertex -2.322277418035685 7.655522685857671 8.5
    vertex -3.061467458920702 7.3910362600902975 12.299999999999999
    vertex -3.061467458920703 7.3910362600902975 8.499999999999998
  endloop
endfacet
facet normal 0.336889853392216 -0.9415440651830222 2.228557035985127e-16
  outer loop
    vertex -3.061467458920702 7.3910362600902975 12.299999999999999
    vertex -2.322277418035685 7.655522685857671 8.5
    vertex -2.322277418035685 7.655522685857673 12.299999999999999
  endloop
endfacet
facet normal -0.04634311894109601 0.9988858123762572 -0.00891342584173337
  outer loop
    vertex 0.0 -7.491968812145484 5.0
    vertex 0.6531867888310464 -7.467910990753697 4.3
    vertex -2.8199664825478975e-15 -7.5 4.3
  endloop
endfacet
facet normal -0.04634311894109601 0.9988858123762572 -0.00891342584173337
  outer loop
    vertex 0.6531867888310464 -7.467910990753697 4.3
    vertex 0.0 -7.491968812145484 5.0
    vertex 0.6529681064648303 -7.463459608928044 5.0
  endloop
endfacet
facet normal -0.9700312531945433 -0.24298017990326648 0.0
  outer loop
    vertex -10.298245444233915 -2.0484483811693703 5.0
    vertex -10.047873525188185 -3.047989111171879 -5.0
    vertex -10.047873525188185 -3.047989111171879 5.0
  endloop
endfacet
facet normal -0.9700312531945433 -0.24298017990326648 0.0
  outer loop
    vertex -10.047873525188185 -3.047989111171879 -5.0
    vertex -10.298245444233915 -2.0484483811693703 5.0
    vertex -10.298245444233915 -2.0484483811693703 -5.0
  endloop
endfacet
facet normal 0.1305235644644724 0.9914249015885545 -0.006345362843360063
  outer loop
    vertex -0.6529681064648303 -7.463459608928047 5.0
    vertex -0.653186788831045 -7.467910990753697 4.3
    vertex -1.3009667313665412 -7.378148971526538 5.0
  endloop
endfacet
facet normal -0.46174861323503225 0.8870108331782227 -2.7184140983391287e-15
  outer loop
    vertex 3.166242836404459 -6.790029674683173 5.0
    vertex 3.7459844060727443 -6.488235315678715 5.5
    vertex 3.745984406072747 -6.488235315678717 4.3
  endloop
endfacet
facet normal -0.46174861323503225 0.8870108331782227 -2.7184140983391287e-15
  outer loop
    vertex 3.7459844060727443 -6.488235315678715 5.5
    vertex 3.166242836404459 -6.790029674683173 5.0
    vertex 3.166242836404459 -6.790029674683173 5.5
  endloop
endfacet
facet normal 0.14672999857216232 0.9891733018208202 -0.00254685765399741
  outer loop
    vertex -1.3009667313665412 -7.378148971526538 5.0
    vertex -0.7351285524717088 -7.463885450041477 4.3
    vertex -1.3012283233573063 -7.379912481481928 4.3
  endloop
endfacet
facet normal -0.9415440651830215 0.3368898533922181 0.0
  outer loop
    vertex -9.700735091368518 4.018176039833426 5.0
    vertex -10.0478735251882 3.0479891111718365 -5.0
    vertex -10.0478735251882 3.0479891111718365 5.0
  endloop
endfacet
facet normal -0.9415440651830215 0.3368898533922181 0.0
  outer loop
    vertex -10.0478735251882 3.0479891111718365 -5.0
    vertex -9.700735091368518 4.018176039833426 5.0
    vertex -9.700735091368518 4.018176039833426 -5.0
  endloop
endfacet
facet normal -0.5141027441932241 0.8577286100002708 -4.0925465935960076e-18
  outer loop
    vertex -5.833487446705832 8.730430929176718 5.0
    vertex -4.949665736672984 9.260173275657724 -5.0
    vertex -5.833487446705832 8.730430929176718 -5.0
  endloop
endfacet
facet normal -0.5141027441932241 0.8577286100002708 -4.0925465935960076e-18
  outer loop
    vertex -4.949665736672984 9.260173275657724 -5.0
    vertex -5.833487446705832 8.730430929176718 5.0
    vertex -4.949665736672984 9.260173275657724 5.0
  endloop
endfacet
facet normal 0.42730284606158264 0.9034559608721655 -0.03434537104507256
  outer loop
    vertex -3.7459844060727443 -6.488235315678716 5.0
    vertex -3.1658616898052885 -6.789223807907046 4.3
    vertex -3.5354755261949897 -6.614409482612659 4.3
  endloop
endfacet
facet normal -0.42713161018120505 0.9030939130218705 -0.04449687457403766
  outer loop
    vertex 2.5624042469214414 -7.040147807931278 5.0
    vertex 3.16586168980529 -6.789223807907045 4.3
    vertex 2.870125742738173 -6.929096493834651 4.3
  endloop
endfacet
facet normal -0.04906767432741867 0.9987954562051724 0.0
  outer loop
    vertex -1.0291799734603913 10.449439630058068 5.0
    vertex -4.229949723821846e-15 10.5 -5.0
    vertex -1.0291799734603913 10.449439630058068 -5.0
  endloop
endfacet
facet normal -0.04906767432741867 0.9987954562051724 0.0
  outer loop
    vertex -4.229949723821846e-15 10.5 -5.0
    vertex -1.0291799734603913 10.449439630058068 5.0
    vertex -4.229949723821846e-15 10.5 5.0
  endloop
endfacet
facet normal 0.04890085750324963 0.9953998217414917 -0.082388718963541
  outer loop
    vertex -1.3009667313665412 -7.378148971526538 5.0
    vertex -0.653186788831045 -7.467910990753697 4.3
    vertex -0.7351285524717088 -7.463885450041477 4.3
  endloop
endfacet
facet normal -0.4275547467210467 0.9039885600683566 0.0012735076917575953
  outer loop
    vertex 3.166242836404459 -6.790029674683173 5.0
    vertex 3.535475526194984 -6.614409482612662 4.3
    vertex 3.16586168980529 -6.789223807907045 4.3
  endloop
endfacet
facet normal -0.2429014695489665 0.9697170238461045 -0.025451321262486924
  outer loop
    vertex 1.3009667313665412 -7.378148971526535 5.0
    vertex 1.939064213897363 -7.236686165403558 4.3
    vertex 1.4631774151209611 -7.355889603024228 4.3
  endloop
endfacet
facet normal -0.9415440651830197 -0.33688985339222305 0.0
  outer loop
    vertex -10.047873525188185 -3.047989111171879 5.0
    vertex -9.7007350913685 -4.0181760398334685 -5.0
    vertex -9.7007350913685 -4.0181760398334685 5.0
  endloop
endfacet
facet normal -0.9415440651830197 -0.33688985339222305 0.0
  outer loop
    vertex -9.7007350913685 -4.0181760398334685 -5.0
    vertex -10.047873525188185 -3.047989111171879 5.0
    vertex -10.047873525188185 -3.047989111171879 -5.0
  endloop
endfacet
facet normal 0.4617482393434181 0.8870101149391116 0.001272579646882527
  outer loop
    vertex -3.166242836404459 -6.790029674683174 5.000000000000001
    vertex -3.1658616898052885 -6.789223807907046 4.3
    vertex -3.7459844060727443 -6.488235315678716 5.0
  endloop
endfacet
facet normal 0.14673047445536513 0.9891765099647806 5.899667606284393e-19
  outer loop
    vertex 1.0291799734603841 10.44943963005807 5.0
    vertex 2.048448381169345 10.298245444233919 -5.0
    vertex 1.0291799734603841 10.44943963005807 -5.0
  endloop
endfacet
facet normal 0.14673047445536513 0.9891765099647806 5.899667606284393e-19
  outer loop
    vertex 2.048448381169345 10.298245444233919 -5.0
    vertex 1.0291799734603841 10.44943963005807 5.0
    vertex 2.048448381169345 10.298245444233919 5.0
  endloop
endfacet
facet normal -0.5132989692516025 0.8563875925262397 -0.05589686513887546
  outer loop
    vertex 3.166242836404459 -6.790029674683173 5.0
    vertex 3.745984406072747 -6.488235315678717 4.3
    vertex 3.535475526194984 -6.614409482612662 4.3
  endloop
endfacet
facet normal -0.3366910963656587 0.9409885765065732 -0.034345371045075214
  outer loop
    vertex 1.939064213897363 -7.236686165403556 5.0
    vertex 2.5621039244042074 -7.039308462724249 4.3
    vertex 2.177135079408468 -7.177052517991568 4.3
  endloop
endfacet
facet normal 0.42755509343028203 0.9039892931234433 2.04002655477724e-18
  outer loop
    vertex 4.018176039833443 9.70073509136851 5.0
    vertex 4.949665736672977 9.260173275657728 -5.0
    vertex 4.018176039833443 9.70073509136851 -5.0
  endloop
endfacet
facet normal 0.42755509343028203 0.9039892931234433 2.04002655477724e-18
  outer loop
    vertex 4.949665736672977 9.260173275657728 -5.0
    vertex 4.018176039833443 9.70073509136851 5.0
    vertex 4.949665736672977 9.260173275657728 5.0
  endloop
endfacet
facet normal -0.33688958020445364 0.9415433016743446 0.0012735076917530835
  outer loop
    vertex 2.5624042469214414 -7.040147807931278 5.0
    vertex 2.870125742738173 -6.929096493834651 4.3
    vertex 2.5621039244042074 -7.039308462724249 4.3
  endloop
endfacet
facet normal -0.1467071727135118 0.9890194223811435 -0.017820988392261105
  outer loop
    vertex 0.6529681064648303 -7.463459608928044 5.0
    vertex 1.3012283233573079 -7.379912481481929 4.3
    vertex 0.7351285524717032 -7.463885450041477 4.3
  endloop
endfacet
facet normal 8.812395257962102e-16 -1.0 3.7231335359270773e-31
  outer loop
    vertex -10.449439630058066 -1.0291799734604095 5.0
    vertex -10.649439630058065 -1.0291799734604095 -5.0
    vertex -10.449439630058066 -1.0291799734604095 -5.0
  endloop
endfacet
facet normal 8.812395257962102e-16 -1.0 3.7231335359270773e-31
  outer loop
    vertex -10.649439630058065 -1.0291799734604095 -5.0
    vertex -10.449439630058066 -1.0291799734604095 5.0
    vertex -10.649439630058069 -1.0291799734604095 5.0
  endloop
endfacet
facet normal 0.6715589548470166 -0.7409511253549608 6.408521952082687e-18
  outer loop
    vertex 7.424621202458736 -7.424621202458764 5.0
    vertex 6.661129483718264 -8.11660976030875 -5.0
    vertex 7.424621202458736 -7.424621202458764 -5.0
  endloop
endfacet
facet normal 0.6715589548470166 -0.7409511253549608 6.408521952082687e-18
  outer loop
    vertex 6.661129483718264 -8.11660976030875 -5.0
    vertex 7.424621202458736 -7.424621202458764 5.0
    vertex 6.661129483718264 -8.11660976030875 5.0
  endloop
endfacet
facet normal 0.9039892931234439 0.4275550934302809 0.0
  outer loop
    vertex 9.26017327565773 4.949665736672975 -5.0
    vertex 9.70073509136851 4.018176039833443 5.0
    vertex 9.70073509136851 4.018176039833443 -5.0
  endloop
endfacet
facet normal 0.9039892931234439 0.4275550934302809 0.0
  outer loop
    vertex 9.70073509136851 4.018176039833443 5.0
    vertex 9.26017327565773 4.949665736672975 -5.0
    vertex 9.26017327565773 4.949665736672975 5.0
  endloop
endfacet
facet normal 0.3368898533922206 0.9415440651830207 0.0
  outer loop
    vertex 3.0479891111718533 10.047873525188194 5.0
    vertex 4.018176039833443 9.70073509136851 -5.0
    vertex 3.0479891111718533 10.047873525188194 -5.0
  endloop
endfacet
facet normal 0.3368898533922206 0.9415440651830207 0.0
  outer loop
    vertex 4.018176039833443 9.70073509136851 -5.0
    vertex 3.0479891111718533 10.047873525188194 5.0
    vertex 4.018176039833443 9.70073509136851 5.0
  endloop
endfacet
facet normal 0.9891765099647803 -0.1467304744553659 0.0
  outer loop
    vertex 10.449439630058064 -1.029179973460432 -5.0
    vertex 10.298245444233913 -2.048448381169387 5.0
    vertex 10.298245444233913 -2.048448381169387 -5.0
  endloop
endfacet
facet normal 0.9891765099647803 -0.1467304744553659 0.0
  outer loop
    vertex 10.298245444233913 -2.048448381169387 5.0
    vertex 10.449439630058064 -1.029179973460432 -5.0
    vertex 10.449439630058064 -1.029179973460432 5.0
  endloop
endfacet
facet normal 0.0 0.0 -1.0
  outer loop
    vertex -5.3033008588990915 5.303300858899123 4.3
    vertex -5.4 -5.639932965095795e-15 4.3
    vertex -5.797578400220514 4.757949631227357 4.3
  endloop
endfacet
facet normal 0.0 0.0 -1.0
  outer loop
    vertex -5.4 -5.639932965095795e-15 4.3
    vertex -5.3033008588990915 5.303300858899123 4.3
    vertex -5.373997524029865 0.5292925577796224 4.3
  endloop
endfacet
facet normal 0.0 0.0 -1.0
  outer loop
    vertex -5.373997524029865 0.5292925577796224 4.3
    vertex -5.3033008588990915 5.303300858899123 4.3
    vertex -5.296240514177446 1.0534877388870871 4.3
  endloop
endfacet
facet normal 0.0 0.0 -1.0
  outer loop
    vertex -5.296240514177446 1.0534877388870871 4.3
    vertex -5.3033008588990915 5.303300858899123 4.3
    vertex -4.757949631227324 5.797578400220542 4.3
  endloop
endfacet
facet normal 0.0 0.0 -1.0
  outer loop
    vertex -5.296240514177446 1.0534877388870871 4.3
    vertex -4.757949631227324 5.797578400220542 4.3
    vertex -5.16747781295393 1.5675372571740933 4.3
  endloop
endfacet
facet normal 0.0 0.0 -1.0
  outer loop
    vertex -5.16747781295393 1.5675372571740933 4.3
    vertex -4.757949631227324 5.797578400220542 4.3
    vertex -4.9889494755609505 2.066490534771482 4.3
  endloop
endfacet
facet normal 0.0 0.0 -1.0
  outer loop
    vertex -4.9889494755609505 2.066490534771482 4.3
    vertex -4.757949631227324 5.797578400220542 4.3
    vertex -4.762374827481119 2.5455423788603864 4.3
  endloop
endfacet
facet normal 0.0 0.0 -1.0
  outer loop
    vertex -4.762374827481119 2.5455423788603864 4.3
    vertex -4.757949631227324 5.797578400220542 4.3
    vertex -4.489935906433746 3.0000792583058504 4.3
  endloop
endfacet
facet normal 0.0 0.0 -1.0
  outer loop
    vertex -4.489935906433746 3.0000792583058504 4.3
    vertex -4.757949631227324 5.797578400220542 4.3
    vertex -4.560821640170465 5.94377848247337 4.3
  endloop
endfacet
facet normal 0.0 0.0 -1.0
  outer loop
    vertex -4.489935906433746 3.0000792583058504 4.3
    vertex -4.560821640170465 5.94377848247337 4.3
    vertex -4.174256448158783 3.4257237344836824 4.3
  endloop
endfacet
facet normal 0.0 0.0 -1.0
  outer loop
    vertex -4.174256448158783 3.4257237344836824 4.3
    vertex -4.560821640170465 5.94377848247337 4.3
    vertex -3.8183766184073598 3.8183766184073553 4.3
  endloop
endfacet
facet normal 0.0 0.0 -1.0
  outer loop
    vertex -3.8183766184073598 3.8183766184073553 4.3
    vertex -4.560821640170465 5.94377848247337 4.3
    vertex -3.425723734483691 4.174256448158776 4.3
  endloop
endfacet
facet normal 0.0 0.0 -1.0
  outer loop
    vertex -3.425723734483691 4.174256448158776 4.3
    vertex -4.560821640170465 5.94377848247337 4.3
    vertex -3.2837915809227365 4.279520507380825 4.3
  endloop
endfacet
facet normal 0.0 0.0 -1.0
  outer loop
    vertex -7.4638854500414755 0.7351285524717215 4.3
    vertex -7.463885450041478 -0.7351285524716891 4.3
    vertex -7.5 1.5509815654013436e-14 4.3
  endloop
endfacet
facet normal 0.0 0.0 -1.0
  outer loop
    vertex -7.463885450041478 -0.7351285524716891 4.3
    vertex -7.4638854500414755 0.7351285524717215 4.3
    vertex -7.355889603024232 -1.4631774151209485 4.3
  endloop
endfacet
facet normal 0.0 0.0 -1.0
  outer loop
    vertex -7.355889603024232 -1.4631774151209485 4.3
    vertex -7.4638854500414755 0.7351285524717215 4.3
    vertex -7.355889603024226 1.4631774151209795 4.3
  endloop
endfacet
facet normal 0.0 0.0 -1.0
  outer loop
    vertex -7.355889603024232 -1.4631774151209485 4.3
    vertex -7.355889603024226 1.4631774151209795 4.3
    vertex -7.17705251799157 -2.177135079408455 4.3
  endloop
endfacet
facet normal 0.0 0.0 -1.0
  outer loop
    vertex -7.17705251799157 -2.177135079408455 4.3
    vertex -7.355889603024226 1.4631774151209795 4.3
    vertex -7.177052517991562 2.177135079408485 4.3
  endloop
endfacet
facet normal 0.0 0.0 -1.0
  outer loop
    vertex -7.17705251799157 -2.177135079408455 4.3
    vertex -7.177052517991562 2.177135079408485 4.3
    vertex -6.929096493834655 -2.870125742738162 4.3
  endloop
endfacet
facet normal 0.0 0.0 -1.0
  outer loop
    vertex -6.929096493834655 -2.870125742738162 4.3
    vertex -7.177052517991562 2.177135079408485 4.3
    vertex -6.929096493834643 2.87012574273819 4.3
  endloop
endfacet
facet normal 0.0 0.0 -1.0
  outer loop
    vertex -6.929096493834655 -2.870125742738162 4.3
    vertex -6.929096493834643 2.87012574273819 4.3
    vertex -6.614409482612668 -3.535475526194973 4.3
  endloop
endfacet
facet normal 0.0 0.0 -1.0
  outer loop
    vertex -6.614409482612668 -3.535475526194973 4.3
    vertex -6.929096493834643 2.87012574273819 4.3
    vertex -6.614409482612654 3.535475526195001 4.3
  endloop
endfacet
facet normal 0.0 0.0 -1.0
  outer loop
    vertex -6.614409482612668 -3.535475526194973 4.3
    vertex -6.614409482612654 3.535475526195001 4.3
    vertex -6.236022092269096 -4.166776747647009 4.3
  endloop
endfacet
facet normal 0.0 0.0 -1.0
  outer loop
    vertex -6.236022092269096 -4.166776747647009 4.3
    vertex -6.614409482612654 3.535475526195001 4.3
    vertex -6.236022092269078 4.166776747647033 4.3
  endloop
endfacet
facet normal 0.0 0.0 -1.0
  outer loop
    vertex -6.236022092269096 -4.166776747647009 4.3
    vertex -6.236022092269078 4.166776747647033 4.3
    vertex -5.797578400220534 -4.757949631227334 4.3
  endloop
endfacet
facet normal 0.0 0.0 -1.0
  outer loop
    vertex -5.797578400220534 -4.757949631227334 4.3
    vertex -6.236022092269078 4.166776747647033 4.3
    vertex -5.797578400220514 4.757949631227357 4.3
  endloop
endfacet
facet normal 0.0 0.0 -1.0
  outer loop
    vertex -5.797578400220534 -4.757949631227334 4.3
    vertex -5.797578400220514 4.757949631227357 4.3
    vertex -5.303300858899113 -5.3033008588991 4.3
  endloop
endfacet
facet normal 0.0 0.0 -1.0
  outer loop
    vertex -5.303300858899113 -5.3033008588991 4.3
    vertex -5.797578400220514 4.757949631227357 4.3
    vertex -5.4 -5.639932965095795e-15 4.3
  endloop
endfacet
facet normal 0.0 0.0 -1.0
  outer loop
    vertex -5.303300858899113 -5.3033008588991 4.3
    vertex -5.4 -5.639932965095795e-15 4.3
    vertex -5.373997524029862 -0.529292557779635 4.3
  endloop
endfacet
facet normal 0.0 0.0 -1.0
  outer loop
    vertex -5.303300858899113 -5.3033008588991 4.3
    vertex -5.373997524029862 -0.529292557779635 4.3
    vertex -5.296240514177444 -1.0534877388871011 4.3
  endloop
endfacet
facet normal 0.0 0.0 -1.0
  outer loop
    vertex -5.303300858899113 -5.3033008588991 4.3
    vertex -5.296240514177444 -1.0534877388871011 4.3
    vertex -4.757949631227348 -5.797578400220522 4.3
  endloop
endfacet
facet normal 0.0 0.0 -1.0
  outer loop
    vertex -4.757949631227348 -5.797578400220522 4.3
    vertex -5.296240514177444 -1.0534877388871011 4.3
    vertex -5.167477812953926 -1.567537257174106 4.3
  endloop
endfacet
facet normal 0.0 0.0 -1.0
  outer loop
    vertex -4.757949631227348 -5.797578400220522 4.3
    vertex -5.167477812953926 -1.567537257174106 4.3
    vertex -4.988949475560945 -2.0664905347714932 4.3
  endloop
endfacet
facet normal 0.0 0.0 -1.0
  outer loop
    vertex -4.757949631227348 -5.797578400220522 4.3
    vertex -4.988949475560945 -2.0664905347714932 4.3
    vertex -4.762374827481112 -2.5455423788603975 4.3
  endloop
endfacet
facet normal 0.0 0.0 -1.0
  outer loop
    vertex -4.757949631227348 -5.797578400220522 4.3
    vertex -4.762374827481112 -2.5455423788603975 4.3
    vertex -4.48993590643374 -3.0000792583058615 4.3
  endloop
endfacet
facet normal 0.0 0.0 -1.0
  outer loop
    vertex -4.757949631227348 -5.797578400220522 4.3
    vertex -4.48993590643374 -3.0000792583058615 4.3
    vertex -4.560821640170456 -5.943778482473376 4.3
  endloop
endfacet
facet normal 0.0 0.0 -1.0
  outer loop
    vertex -4.560821640170456 -5.943778482473376 4.3
    vertex -4.48993590643374 -3.0000792583058615 4.3
    vertex -4.174256448158773 -3.4257237344836935 4.3
  endloop
endfacet
facet normal 0.0 0.0 -1.0
  outer loop
    vertex -4.560821640170456 -5.943778482473376 4.3
    vertex -4.174256448158773 -3.4257237344836935 4.3
    vertex -3.81837661840735 -3.818376618407365 4.3
  endloop
endfacet
facet normal 0.0 0.0 -1.0
  outer loop
    vertex -4.560821640170456 -5.943778482473376 4.3
    vertex -3.81837661840735 -3.818376618407365 4.3
    vertex -3.4257237344836793 -4.174256448158788 4.3
  endloop
endfacet
facet normal 0.0 0.0 -1.0
  outer loop
    vertex -4.560821640170456 -5.943778482473376 4.3
    vertex -3.4257237344836793 -4.174256448158788 4.3
    vertex -3.2837915809227267 -4.279520507380831 4.3
  endloop
endfacet
facet normal -0.21643961393810096 0.9762960071199339 -1.981316725830673e-15
  outer loop
    vertex 1.3009667313665412 -7.378148971526535 5.0
    vertex 1.939064213897363 -7.236686165403556 5.0
    vertex 1.939064213897363 -7.236686165403558 4.3
  endloop
endfacet
facet normal -0.21643961393810096 0.9762960071199339 -1.981316725830673e-15
  outer loop
    vertex 1.939064213897363 -7.236686165403556 5.0
    vertex 1.3009667313665412 -7.378148971526535 5.0
    vertex 1.3009667313665412 -7.378148971526535 5.5
  endloop
endfacet
facet normal -0.21643961393810096 0.9762960071199339 -1.981316725830673e-15
  outer loop
    vertex 1.939064213897363 -7.236686165403556 5.0
    vertex 1.3009667313665412 -7.378148971526535 5.5
    vertex 1.939064213897363 -7.236686165403556 5.5
  endloop
endfacet
facet normal -0.33688985339221816 -0.9415440651830215 -1.6074285104200332e-18
  outer loop
    vertex -3.047989111171838 -10.0478735251882 5.0
    vertex -4.018176039833423 -9.70073509136852 -5.0
    vertex -3.047989111171838 -10.0478735251882 -5.0
  endloop
endfacet
facet normal -0.33688985339221816 -0.9415440651830215 -1.6074285104200332e-18
  outer loop
    vertex -4.018176039833423 -9.70073509136852 -5.0
    vertex -3.047989111171838 -10.0478735251882 5.0
    vertex -4.018176039833423 -9.70073509136852 5.0
  endloop
endfacet
facet normal 0.24298017990326437 -0.970031253194544 -2.50069033736925e-16
  outer loop
    vertex 3.0479891111718618 -10.047873525188193 1.4746951672795063
    vertex 2.0484483811693477 -10.29824544423392 -5.0
    vertex 3.0479891111718507 -10.047873525188194 -5.0
  endloop
endfacet
facet normal 0.24298017990326437 -0.970031253194544 -2.50069033736925e-16
  outer loop
    vertex 2.0484483811693477 -10.29824544423392 -5.0
    vertex 3.0479891111718618 -10.047873525188193 1.4746951672795063
    vertex 2.7517210397353917 -10.122084813804053 1.2442631645125652
  endloop
endfacet
facet normal 0.24298017990326437 -0.970031253194544 -2.50069033736925e-16
  outer loop
    vertex 2.0484483811693477 -10.29824544423392 -5.0
    vertex 2.7517210397353917 -10.122084813804053 1.2442631645125652
    vertex 2.412489097042898 -10.207057991928888 1.0994075518808517
  endloop
endfacet
facet normal 0.24298017990326437 -0.970031253194544 -2.50069033736925e-16
  outer loop
    vertex 2.0484483811693477 -10.29824544423392 -5.0
    vertex 2.412489097042898 -10.207057991928888 1.0994075518808517
    vertex 2.0484483811693495 -10.298245444233922 1.0500000000000005
  endloop
endfacet
facet normal -0.4275550934302805 -0.9039892931234442 2.332206452039855e-19
  outer loop
    vertex -4.018176039833423 -9.70073509136852 5.0
    vertex -4.949665736672953 -9.26017327565774 -5.0
    vertex -4.018176039833423 -9.70073509136852 -5.0
  endloop
endfacet
facet normal -0.4275550934302805 -0.9039892931234442 2.332206452039855e-19
  outer loop
    vertex -4.949665736672953 -9.26017327565774 -5.0
    vertex -4.018176039833423 -9.70073509136852 5.0
    vertex -4.949665736672953 -9.26017327565774 5.0
  endloop
endfacet
facet normal 0.21643891549405322 0.9762928566424265 -0.0025404583697827333
  outer loop
    vertex -1.3009667313665412 -7.378148971526538 5.0
    vertex -1.3012283233573063 -7.379912481481928 4.3
    vertex -1.9390642138973617 -7.23668616540356 5.0
  endloop
endfacet
facet normal 0.382683122789932 0.9238787851307424 0.001271973698455102
  outer loop
    vertex -3.166242836404459 -6.790029674683174 5.000000000000001
    vertex -2.56240424692144 -7.04014780793128 5.0
    vertex -2.5621039244042048 -7.0393084627242475 4.3
  endloop
endfacet
facet normal 0.049071229337165165 -0.99879528155225 5.488945747117866e-07
  outer loop
    vertex 1.0291799734603897 -10.449439630058068 1.4748966050307333
    vertex 7.049916206369744e-15 -10.5 -5.0
    vertex 1.0291799734603897 -10.449439630058068 -5.0
  endloop
endfacet
facet normal 0.049071229337165165 -0.99879528155225 5.488945747117866e-07
  outer loop
    vertex 7.049916206369744e-15 -10.5 -5.0
    vertex 1.0291799734603897 -10.449439630058068 1.4748966050307333
    vertex 0.7946739511074832 -10.460960172188235 1.7750000000000004
  endloop
endfacet
facet normal 0.049071229337165165 -0.99879528155225 5.488945747117866e-07
  outer loop
    vertex 7.049916206369744e-15 -10.5 -5.0
    vertex 0.7946739511074832 -10.460960172188235 1.7750000000000004
    vertex 0.6471583525425363 -10.468207148837589 2.1247123846013456
  endloop
endfacet
facet normal 0.049071229337165165 -0.99879528155225 5.488945747117866e-07
  outer loop
    vertex 7.049916206369744e-15 -10.5 -5.0
    vertex 0.6471583525425363 -10.468207148837589 2.1247123846013456
    vertex 7.049916206369744e-15 -10.5 5.0
  endloop
endfacet
facet normal 0.049071229337165165 -0.99879528155225 5.488945747117866e-07
  outer loop
    vertex 7.049916206369744e-15 -10.5 5.0
    vertex 0.6471583525425363 -10.468207148837589 2.1247123846013456
    vertex 0.5968435289957084 -10.470678957615151 2.4999999999999996
  endloop
endfacet
facet normal 0.049071229337165165 -0.99879528155225 5.488945747117866e-07
  outer loop
    vertex 7.049916206369744e-15 -10.5 5.0
    vertex 0.5968435289957084 -10.470678957615151 2.4999999999999996
    vertex 0.6471583525425377 -10.468207148837589 2.8752876153986544
  endloop
endfacet
facet normal 0.049071229337165165 -0.99879528155225 5.488945747117866e-07
  outer loop
    vertex 7.049916206369744e-15 -10.5 5.0
    vertex 0.6471583525425377 -10.468207148837589 2.8752876153986544
    vertex 0.7946739511074832 -10.460960172188235 3.224999999999999
  endloop
endfacet
facet normal 0.049071229337165165 -0.99879528155225 5.488945747117866e-07
  outer loop
    vertex 7.049916206369744e-15 -10.5 5.0
    vertex 0.7946739511074832 -10.460960172188235 3.224999999999999
    vertex 1.0293336089080265 -10.449416840392223 3.5253048327204937
  endloop
endfacet
facet normal 0.049071229337165165 -0.99879528155225 5.488945747117866e-07
  outer loop
    vertex 7.049916206369744e-15 -10.5 5.0
    vertex 1.0293336089080265 -10.449416840392223 3.5253048327204937
    vertex 1.0291799734603897 -10.449439630058068 5.0
  endloop
endfacet
facet normal 0.2426002920654429 0.9685146559332015 -0.05589686513888088
  outer loop
    vertex -2.56240424692144 -7.04014780793128 5.0
    vertex -1.9390642138973617 -7.23668616540356 4.3
    vertex -2.177135079408474 -7.177052517991566 4.3
  endloop
endfacet
facet normal -0.6715589548470167 -0.7409511253549607 0.0
  outer loop
    vertex -6.661129483718254 -8.116609760308759 5.0
    vertex -7.424621202458728 -7.424621202458771 -5.0
    vertex -6.661129483718254 -8.116609760308759 -5.0
  endloop
endfacet
facet normal -0.6715589548470167 -0.7409511253549607 0.0
  outer loop
    vertex -7.424621202458728 -7.424621202458771 -5.0
    vertex -6.661129483718254 -8.116609760308759 5.0
    vertex -7.424621202458728 -7.424621202458771 5.0
  endloop
endfacet
facet normal -0.9891765099647808 -0.1467304744553638 0.0
  outer loop
    vertex -10.449439630058066 -1.0291799734604095 5.0
    vertex -10.298245444233915 -2.0484483811693703 -5.0
    vertex -10.298245444233915 -2.0484483811693703 5.0
  endloop
endfacet
facet normal -0.9891765099647808 -0.1467304744553638 0.0
  outer loop
    vertex -10.298245444233915 -2.0484483811693703 -5.0
    vertex -10.449439630058066 -1.0291799734604095 5.0
    vertex -10.449439630058066 -1.0291799734604095 -5.0
  endloop
endfacet
facet normal -0.8577286100002698 -0.5141027441932254 -2.046273296798001e-18
  outer loop
    vertex -9.260173275657717 -4.949665736673 5.0
    vertex -8.730430929176709 -5.833487446705847 -5.0
    vertex -8.730430929176709 -5.833487446705847 5.0
  endloop
endfacet
facet normal -0.8577286100002698 -0.5141027441932254 -2.046273296798001e-18
  outer loop
    vertex -8.730430929176709 -5.833487446705847 -5.0
    vertex -9.260173275657717 -4.949665736673 5.0
    vertex -9.260173275657717 -4.949665736673 -5.0
  endloop
endfacet
facet normal 0.8032075314806476 0.5956993044924297 0.0
  outer loop
    vertex 8.11660976030874 6.661129483718279 -5.0
    vertex 8.730430929176723 5.8334874467058215 5.0
    vertex 8.730430929176723 5.8334874467058215 -5.0
  endloop
endfacet
facet normal 0.8032075314806476 0.5956993044924297 0.0
  outer loop
    vertex 8.730430929176723 5.8334874467058215 5.0
    vertex 8.11660976030874 6.661129483718279 -5.0
    vertex 8.11660976030874 6.661129483718279 5.0
  endloop
endfacet
facet normal 0.30070579950427534 0.9537169507482264 0.0
  outer loop
    vertex -2.56240424692144 -7.04014780793128 5.0
    vertex -1.9390642138973617 -7.23668616540356 5.0
    vertex -1.9390642138973617 -7.23668616540356 4.3
  endloop
endfacet
facet normal 0.30070579950427534 0.9537169507482264 0.0
  outer loop
    vertex -1.9390642138973617 -7.23668616540356 5.0
    vertex -2.56240424692144 -7.04014780793128 5.0
    vertex -2.56240424692144 -7.04014780793128 5.5
  endloop
endfacet
facet normal 0.30070579950427534 0.9537169507482264 0.0
  outer loop
    vertex -1.9390642138973617 -7.23668616540356 5.0
    vertex -2.56240424692144 -7.04014780793128 5.5
    vertex -1.9390642138973617 -7.23668616540356 5.5
  endloop
endfacet
facet normal 0.7409511253549561 0.6715589548470217 7.070714369878828e-18
  outer loop
    vertex 7.424621202458748 7.424621202458748 -5.0
    vertex 8.11660976030874 6.661129483718279 5.0
    vertex 8.11660976030874 6.661129483718279 -5.0
  endloop
endfacet
facet normal 0.7409511253549561 0.6715589548470217 7.070714369878828e-18
  outer loop
    vertex 8.11660976030874 6.661129483718279 5.0
    vertex 7.424621202458748 7.424621202458748 -5.0
    vertex 7.424621202458748 7.424621202458748 5.0
  endloop
endfacet
facet normal -0.38268312278993094 0.9238787851307428 0.0012719736984532712
  outer loop
    vertex 3.166242836404459 -6.790029674683173 5.0
    vertex 3.16586168980529 -6.789223807907045 4.3
    vertex 2.5624042469214414 -7.040147807931278 5.0
  endloop
endfacet
facet normal -0.13052576900467056 0.9914416467338311 -0.0025465167285250606
  outer loop
    vertex 1.3009667313665412 -7.378148971526535 5.0
    vertex 1.3012283233573079 -7.379912481481929 4.3
    vertex 0.6529681064648303 -7.463459608928044 5.0
  endloop
endfacet
facet normal 0.8032075314806442 -0.5956993044924345 5.684611964633554e-18
  outer loop
    vertex 8.73043092917671 -5.833487446705846 -5.0
    vertex 8.116609760308725 -6.661129483718297 5.0
    vertex 8.116609760308725 -6.661129483718297 -5.0
  endloop
endfacet
facet normal 0.8032075314806442 -0.5956993044924345 5.684611964633554e-18
  outer loop
    vertex 8.116609760308725 -6.661129483718297 5.0
    vertex 8.73043092917671 -5.833487446705846 -5.0
    vertex 8.73043092917671 -5.833487446705846 5.0
  endloop
endfacet
facet normal -1.0 -1.027504866228495e-15 -4.229949723821847e-16
  outer loop
    vertex -10.649439630058069 1.0291799734603657 5.0
    vertex -10.649439630058065 -1.0291799734604095 -5.0
    vertex -10.649439630058069 -1.0291799734604095 5.0
  endloop
endfacet
facet normal -1.0 -1.027504866228495e-15 -4.229949723821847e-16
  outer loop
    vertex -10.649439630058065 -1.0291799734604095 -5.0
    vertex -10.649439630058069 1.0291799734603657 5.0
    vertex -10.649439630058069 1.0291799734603657 -5.0
  endloop
endfacet
facet normal 0.04906767432741589 0.9987954562051726 2.9785185651484497e-19
  outer loop
    vertex -4.229949723821846e-15 10.5 5.0
    vertex 1.0291799734603841 10.44943963005807 -5.0
    vertex -4.229949723821846e-15 10.5 -5.0
  endloop
endfacet
facet normal 0.04906767432741589 0.9987954562051726 2.9785185651484497e-19
  outer loop
    vertex 1.0291799734603841 10.44943963005807 -5.0
    vertex -4.229949723821846e-15 10.5 5.0
    vertex 1.0291799734603841 10.44943963005807 5.0
  endloop
endfacet
facet normal 0.3365561719278018 0.9406114879643173 -0.04449687457403288
  outer loop
    vertex -3.166242836404459 -6.790029674683174 5.000000000000001
    vertex -2.5621039244042048 -7.0393084627242475 4.3
    vertex -2.8701257427381788 -6.929096493834648 4.3
  endloop
endfacet
facet normal 0.6715589548470202 0.7409511253549576 0.0
  outer loop
    vertex 6.661129483718279 8.116609760308737 5.0
    vertex 7.424621202458748 7.424621202458748 -5.0
    vertex 6.661129483718279 8.116609760308737 -5.0
  endloop
endfacet
facet normal 0.6715589548470202 0.7409511253549576 0.0
  outer loop
    vertex 7.424621202458748 7.424621202458748 -5.0
    vertex 6.661129483718279 8.116609760308737 5.0
    vertex 7.424621202458748 7.424621202458748 5.0
  endloop
endfacet
facet normal 0.5141027441932224 0.8577286100002716 -4.0925465935960114e-18
  outer loop
    vertex 4.949665736672977 9.260173275657728 5.0
    vertex 5.833487446705824 8.730430929176723 -5.0
    vertex 4.949665736672977 9.260173275657728 -5.0
  endloop
endfacet
facet normal 0.5141027441932224 0.8577286100002716 -4.0925465935960114e-18
  outer loop
    vertex 5.833487446705824 8.730430929176723 -5.0
    vertex 4.949665736672977 9.260173275657728 5.0
    vertex 5.833487446705824 8.730430929176723 5.0
  endloop
endfacet
facet normal -0.24298017990326193 -0.9700312531945444 0.0
  outer loop
    vertex -2.0484483811693326 -10.298245444233922 5.0
    vertex -3.047989111171838 -10.0478735251882 -5.0
    vertex -2.0484483811693326 -10.298245444233922 -5.0
  endloop
endfacet
facet normal -0.24298017990326193 -0.9700312531945444 0.0
  outer loop
    vertex -3.047989111171838 -10.0478735251882 -5.0
    vertex -2.0484483811693326 -10.298245444233922 5.0
    vertex -3.047989111171838 -10.0478735251882 5.0
  endloop
endfacet
facet normal 0.8577286100002705 0.5141027441932243 -2.452978028219993e-18
  outer loop
    vertex 8.730430929176723 5.8334874467058215 -5.0
    vertex 9.26017327565773 4.949665736672975 5.0
    vertex 9.26017327565773 4.949665736672975 -5.0
  endloop
endfacet
facet normal 0.8577286100002705 0.5141027441932243 -2.452978028219993e-18
  outer loop
    vertex 9.26017327565773 4.949665736672975 5.0
    vertex 8.730430929176723 5.8334874467058215 -5.0
    vertex 8.730430929176723 5.8334874467058215 5.0
  endloop
endfacet
facet normal 0.4275547467210458 0.9039885600683569 0.0012735076917585325
  outer loop
    vertex -3.166242836404459 -6.790029674683174 5.000000000000001
    vertex -2.8701257427381788 -6.929096493834648 4.3
    vertex -3.1658616898052885 -6.789223807907046 4.3
  endloop
endfacet
facet normal -0.3007055560138264 0.9537161784951842 0.0012725796468770752
  outer loop
    vertex 2.5624042469214414 -7.040147807931278 5.0
    vertex 2.5621039244042074 -7.039308462724249 4.3
    vertex 1.939064213897363 -7.236686165403556 5.0
  endloop
endfacet
facet normal 0.14638548928856046 0.98685080888224 -0.06853298136092843
  outer loop
    vertex -1.9390642138973617 -7.23668616540356 5.0
    vertex -1.3012283233573063 -7.379912481481928 4.3
    vertex -1.4631774151209669 -7.355889603024227 4.3
  endloop
endfacet
facet normal -0.9039892931234429 -0.427555093430283 2.0400265547772445e-18
  outer loop
    vertex -9.7007350913685 -4.0181760398334685 5.0
    vertex -9.260173275657717 -4.949665736673 -5.0
    vertex -9.260173275657717 -4.949665736673 5.0
  endloop
endfacet
facet normal -0.9039892931234429 -0.427555093430283 2.0400265547772445e-18
  outer loop
    vertex -9.260173275657717 -4.949665736673 -5.0
    vertex -9.7007350913685 -4.0181760398334685 5.0
    vertex -9.7007350913685 -4.0181760398334685 -5.0
  endloop
endfacet
facet normal 0.24298017990326135 0.9700312531945446 1.1570962116274011e-18
  outer loop
    vertex 2.048448381169345 10.298245444233919 5.0
    vertex 3.0479891111718533 10.047873525188194 -5.0
    vertex 2.048448381169345 10.298245444233919 -5.0
  endloop
endfacet
facet normal 0.24298017990326135 0.9700312531945446 1.1570962116274011e-18
  outer loop
    vertex 3.0479891111718533 10.047873525188194 -5.0
    vertex 2.048448381169345 10.298245444233919 5.0
    vertex 3.0479891111718533 10.047873525188194 5.0
  endloop
endfacet
facet normal -0.14672999857216237 0.9891733018208202 -0.002546857654003685
  outer loop
    vertex 1.3009667313665412 -7.378148971526535 5.0
    vertex 1.4631774151209611 -7.355889603024228 4.3
    vertex 1.3012283233573079 -7.379912481481929 4.3
  endloop
endfacet
facet normal -2.6568102980194978e-17 -1.920702859534527e-17 -1.0
  outer loop
    vertex 4.560821640170456 5.94377848247338 4.3
    vertex 3.425723734483691 4.174256448158776 4.3
    vertex 3.2837915809227125 4.279520507380842 4.3
  endloop
endfacet
facet normal -2.6568102980194978e-17 -1.920702859534527e-17 -1.0
  outer loop
    vertex 3.425723734483691 4.174256448158776 4.3
    vertex 4.560821640170456 5.94377848247338 4.3
    vertex 3.8183766184073638 3.8183766184073553 4.3
  endloop
endfacet
facet normal -2.6568102980194978e-17 -1.920702859534527e-17 -1.0
  outer loop
    vertex 3.8183766184073638 3.8183766184073553 4.3
    vertex 4.560821640170456 5.94377848247338 4.3
    vertex 4.174256448158781 3.4257237344836824 4.299999999999999
  endloop
endfacet
facet normal -2.6568102980194978e-17 -1.920702859534527e-17 -1.0
  outer loop
    vertex 4.174256448158781 3.4257237344836824 4.299999999999999
    vertex 4.560821640170456 5.94377848247338 4.3
    vertex 4.489935906433747 3.0000792583058504 4.3
  endloop
endfacet
facet normal -2.6568102980194978e-17 -1.920702859534527e-17 -1.0
  outer loop
    vertex 4.489935906433747 3.0000792583058504 4.3
    vertex 4.560821640170456 5.94377848247338 4.3
    vertex 4.7623748274811195 2.5455423788603864 4.3
  endloop
endfacet
facet normal -2.6568102980194978e-17 -1.920702859534527e-17 -1.0
  outer loop
    vertex 4.7623748274811195 2.5455423788603864 4.3
    vertex 4.560821640170456 5.94377848247338 4.3
    vertex 4.757949631227331 5.7975784002205355 4.3
  endloop
endfacet
facet normal -2.6568102980194978e-17 -1.920702859534527e-17 -1.0
  outer loop
    vertex 4.7623748274811195 2.5455423788603864 4.3
    vertex 4.757949631227331 5.7975784002205355 4.3
    vertex 5.303300858899097 5.303300858899116 4.3
  endloop
endfacet
facet normal -2.6568102980194978e-17 -1.920702859534527e-17 -1.0
  outer loop
    vertex 4.7623748274811195 2.5455423788603864 4.3
    vertex 5.303300858899097 5.303300858899116 4.3
    vertex 4.98894947556095 2.066490534771486 4.3
  endloop
endfacet
facet normal -2.6568102980194978e-17 -1.920702859534527e-17 -1.0
  outer loop
    vertex 4.98894947556095 2.066490534771486 4.3
    vertex 5.303300858899097 5.303300858899116 4.3
    vertex 5.1674778129539245 1.567537257174099 4.3
  endloop
endfacet
facet normal -2.6568102980194978e-17 -1.920702859534527e-17 -1.0
  outer loop
    vertex 5.1674778129539245 1.567537257174099 4.3
    vertex 5.303300858899097 5.303300858899116 4.3
    vertex 5.296240514177442 1.053487738887097 4.3
  endloop
endfacet
facet normal -2.6568102980194978e-17 -1.920702859534527e-17 -1.0
  outer loop
    vertex 5.296240514177442 1.053487738887097 4.3
    vertex 5.303300858899097 5.303300858899116 4.3
    vertex 5.373997524029861 0.5292925577796337 4.3
  endloop
endfacet
facet normal -2.6568102980194978e-17 -1.920702859534527e-17 -1.0
  outer loop
    vertex 5.373997524029861 0.5292925577796337 4.3
    vertex 5.303300858899097 5.303300858899116 4.3
    vertex 5.797578400220516 4.757949631227354 4.3
  endloop
endfacet
facet normal -2.6568102980194978e-17 -1.920702859534527e-17 -1.0
  outer loop
    vertex 5.373997524029861 0.5292925577796337 4.3
    vertex 5.797578400220516 4.757949631227354 4.3
    vertex 5.400000000000001 8.459899447643692e-15 4.3
  endloop
endfacet
facet normal -2.6568102980194978e-17 -1.920702859534527e-17 -1.0
  outer loop
    vertex 3.425723734483702 -4.174256448158767 4.3
    vertex 4.560821640170464 -5.943778482473366 4.3
    vertex 3.2837915809227267 -4.279520507380831 4.3
  endloop
endfacet
facet normal -2.6568102980194978e-17 -1.920702859534527e-17 -1.0
  outer loop
    vertex 4.560821640170464 -5.943778482473366 4.3
    vertex 3.425723734483702 -4.174256448158767 4.3
    vertex 3.818376618407372 -3.818376618407344 4.300000000000001
  endloop
endfacet
facet normal -2.6568102980194978e-17 -1.920702859534527e-17 -1.0
  outer loop
    vertex 4.560821640170464 -5.943778482473366 4.3
    vertex 3.818376618407372 -3.818376618407344 4.300000000000001
    vertex 4.1742564481587925 -3.425723734483671 4.300000000000001
  endloop
endfacet
facet normal -2.6568102980194978e-17 -1.920702859534527e-17 -1.0
  outer loop
    vertex 4.560821640170464 -5.943778482473366 4.3
    vertex 4.1742564481587925 -3.425723734483671 4.300000000000001
    vertex 4.489935906433756 -3.000079258305836 4.300000000000001
  endloop
endfacet
facet normal -2.6568102980194978e-17 -1.920702859534527e-17 -1.0
  outer loop
    vertex 4.560821640170464 -5.943778482473366 4.3
    vertex 4.489935906433756 -3.000079258305836 4.300000000000001
    vertex 4.762374827481125 -2.545542378860372 4.3
  endloop
endfacet
facet normal -2.6568102980194978e-17 -1.920702859534527e-17 -1.0
  outer loop
    vertex 4.560821640170464 -5.943778482473366 4.3
    vertex 4.762374827481125 -2.545542378860372 4.3
    vertex 4.75794963122734 -5.7975784002205275 4.3
  endloop
endfacet
facet normal -2.6568102980194978e-17 -1.920702859534527e-17 -1.0
  outer loop
    vertex 4.75794963122734 -5.7975784002205275 4.3
    vertex 4.762374827481125 -2.545542378860372 4.3
    vertex 5.303300858899106 -5.303300858899107 4.3
  endloop
endfacet
facet normal -2.6568102980194978e-17 -1.920702859534527e-17 -1.0
  outer loop
    vertex 5.303300858899106 -5.303300858899107 4.3
    vertex 4.762374827481125 -2.545542378860372 4.3
    vertex 4.988949475560955 -2.066490534771472 4.3
  endloop
endfacet
facet normal -2.6568102980194978e-17 -1.920702859534527e-17 -1.0
  outer loop
    vertex 5.303300858899106 -5.303300858899107 4.3
    vertex 4.988949475560955 -2.066490534771472 4.3
    vertex 5.1674778129539325 -1.5675372571740849 4.3
  endloop
endfacet
facet normal -2.6568102980194978e-17 -1.920702859534527e-17 -1.0
  outer loop
    vertex 5.303300858899106 -5.303300858899107 4.3
    vertex 5.1674778129539325 -1.5675372571740849 4.3
    vertex 5.296240514177447 -1.0534877388870814 4.3
  endloop
endfacet
facet normal -2.6568102980194978e-17 -1.920702859534527e-17 -1.0
  outer loop
    vertex 5.303300858899106 -5.303300858899107 4.3
    vertex 5.296240514177447 -1.0534877388870814 4.3
    vertex 5.373997524029867 -0.5292925577796181 4.3
  endloop
endfacet
facet normal -2.6568102980194978e-17 -1.920702859534527e-17 -1.0
  outer loop
    vertex 5.303300858899106 -5.303300858899107 4.3
    vertex 5.373997524029867 -0.5292925577796181 4.3
    vertex 5.7975784002205275 -4.7579496312273415 4.3
  endloop
endfacet
facet normal -2.6568102980194978e-17 -1.920702859534527e-17 -1.0
  outer loop
    vertex 5.7975784002205275 -4.7579496312273415 4.3
    vertex 5.373997524029867 -0.5292925577796181 4.3
    vertex 5.400000000000001 8.459899447643692e-15 4.3
  endloop
endfacet
facet normal -2.6568102980194978e-17 -1.920702859534527e-17 -1.0
  outer loop
    vertex 5.7975784002205275 -4.7579496312273415 4.3
    vertex 5.400000000000001 8.459899447643692e-15 4.3
    vertex 5.797578400220516 4.757949631227354 4.3
  endloop
endfacet
facet normal -2.6568102980194978e-17 -1.920702859534527e-17 -1.0
  outer loop
    vertex 5.7975784002205275 -4.7579496312273415 4.3
    vertex 5.797578400220516 4.757949631227354 4.3
    vertex 6.23602209226908 4.166776747647033 4.3
  endloop
endfacet
facet normal -2.6568102980194978e-17 -1.920702859534527e-17 -1.0
  outer loop
    vertex 5.7975784002205275 -4.7579496312273415 4.3
    vertex 6.23602209226908 4.166776747647033 4.3
    vertex 6.236022092269088 -4.166776747647016 4.3
  endloop
endfacet
facet normal -2.6568102980194978e-17 -1.920702859534527e-17 -1.0
  outer loop
    vertex 6.236022092269088 -4.166776747647016 4.3
    vertex 6.23602209226908 4.166776747647033 4.3
    vertex 6.614409482612652 3.535475526195001 4.3
  endloop
endfacet
facet normal -2.6568102980194978e-17 -1.920702859534527e-17 -1.0
  outer loop
    vertex 6.236022092269088 -4.166776747647016 4.3
    vertex 6.614409482612652 3.535475526195001 4.3
    vertex 6.614409482612664 -3.5354755261949826 4.3
  endloop
endfacet
facet normal -2.6568102980194978e-17 -1.920702859534527e-17 -1.0
  outer loop
    vertex 6.614409482612664 -3.5354755261949826 4.3
    vertex 6.614409482612652 3.535475526195001 4.3
    vertex 6.929096493834641 2.8701257427381957 4.3
  endloop
endfacet
facet normal -2.6568102980194978e-17 -1.920702859534527e-17 -1.0
  outer loop
    vertex 6.614409482612664 -3.5354755261949826 4.3
    vertex 6.929096493834641 2.8701257427381957 4.3
    vertex 6.92909649383465 -2.870125742738173 4.3
  endloop
endfacet
facet normal -2.6568102980194978e-17 -1.920702859534527e-17 -1.0
  outer loop
    vertex 6.92909649383465 -2.870125742738173 4.3
    vertex 6.929096493834641 2.8701257427381957 4.3
    vertex 7.17705251799156 2.1771350794084934 4.3
  endloop
endfacet
facet normal -2.6568102980194978e-17 -1.920702859534527e-17 -1.0
  outer loop
    vertex 6.92909649383465 -2.870125742738173 4.3
    vertex 7.17705251799156 2.1771350794084934 4.3
    vertex 7.177052517991565 -2.177135079408468 4.3
  endloop
endfacet
facet normal -2.6568102980194978e-17 -1.920702859534527e-17 -1.0
  outer loop
    vertex 7.177052517991565 -2.177135079408468 4.3
    vertex 7.17705251799156 2.1771350794084934 4.3
    vertex 7.355889603024225 1.4631774151209922 4.3
  endloop
endfacet
facet normal -2.6568102980194978e-17 -1.920702859534527e-17 -1.0
  outer loop
    vertex 7.177052517991565 -2.177135079408468 4.3
    vertex 7.355889603024225 1.4631774151209922 4.3
    vertex 7.35588960302423 -1.4631774151209611 4.3
  endloop
endfacet
facet normal -2.6568102980194978e-17 -1.920702859534527e-17 -1.0
  outer loop
    vertex 7.35588960302423 -1.4631774151209611 4.3
    vertex 7.355889603024225 1.4631774151209922 4.3
    vertex 7.463885450041474 0.735128552471737 4.3
  endloop
endfacet
facet normal -2.6568102980194978e-17 -1.920702859534527e-17 -1.0
  outer loop
    vertex 7.35588960302423 -1.4631774151209611 4.3
    vertex 7.463885450041474 0.735128552471737 4.3
    vertex 7.463885450041477 -0.7351285524717045 4.3
  endloop
endfacet
facet normal -2.6568102980194978e-17 -1.920702859534527e-17 -1.0
  outer loop
    vertex 7.463885450041477 -0.7351285524717045 4.3
    vertex 7.463885450041474 0.735128552471737 4.3
    vertex 7.5 0.0 4.3
  endloop
endfacet
facet normal -0.8032075314806457 0.5956993044924324 0.0
  outer loop
    vertex -8.116609760308746 6.661129483718268 5.0
    vertex -8.730430929176734 5.83348744670581 -5.0
    vertex -8.730430929176734 5.83348744670581 5.0
  endloop
endfacet
facet normal -0.8032075314806457 0.5956993044924324 0.0
  outer loop
    vertex -8.730430929176734 5.83348744670581 -5.0
    vertex -8.116609760308746 6.661129483718268 5.0
    vertex -8.116609760308746 6.661129483718268 -5.0
  endloop
endfacet
facet normal 0.5956993044924327 0.8032075314806453 0.0
  outer loop
    vertex 5.833487446705824 8.730430929176723 5.0
    vertex 6.661129483718279 8.116609760308737 -5.0
    vertex 5.833487446705824 8.730430929176723 -5.0
  endloop
endfacet
facet normal 0.5956993044924327 0.8032075314806453 0.0
  outer loop
    vertex 6.661129483718279 8.116609760308737 -5.0
    vertex 5.833487446705824 8.730430929176723 5.0
    vertex 6.661129483718279 8.116609760308737 5.0
  endloop
endfacet
facet normal -0.04906667985492854 0.9987752132524971 -0.006366656928339664
  outer loop
    vertex 0.6529681064648303 -7.463459608928044 5.0
    vertex 0.7351285524717032 -7.463885450041477 4.3
    vertex 0.6531867888310464 -7.467910990753697 4.3
  endloop
endfacet
facet normal 0.33688958020445214 0.9415433016743453 0.0012735076917594545
  outer loop
    vertex -2.56240424692144 -7.04014780793128 5.0
    vertex -2.177135079408474 -7.177052517991566 4.3
    vertex -2.5621039244042048 -7.0393084627242475 4.3
  endloop
endfacet
facet normal 0.33688958020444804 -0.9415433016743466 0.001273507691759846
  outer loop
    vertex -2.56240424692144 7.04014780793128 5.0
    vertex -2.8701257427381592 6.929096493834655 4.3
    vertex -2.177135079408455 7.17705251799157 4.3
  endloop
endfacet
facet normal 0.046343118941094094 0.9988858123762574 -0.008913425841731501
  outer loop
    vertex -0.6529681064648303 -7.463459608928047 5.0
    vertex -2.8199664825478975e-15 -7.5 4.3
    vertex -0.653186788831045 -7.467910990753697 4.3
  endloop
endfacet
facet normal 0.046343118941094094 0.9988858123762574 -0.008913425841731501
  outer loop
    vertex -2.8199664825478975e-15 -7.5 4.3
    vertex -0.6529681064648303 -7.463459608928047 5.0
    vertex 0.0 -7.491968812145484 5.0
  endloop
endfacet
facet normal 0.33688985339222005 -0.9415440651830207 1.792332588082414e-17
  outer loop
    vertex 4.018176039833437 -9.700735091368514 5.0
    vertex 3.0479891111718507 -10.047873525188194 -5.0
    vertex 4.018176039833437 -9.700735091368514 -5.0
  endloop
endfacet
facet normal 0.33688985339222005 -0.9415440651830207 1.792332588082414e-17
  outer loop
    vertex 3.0479891111718507 -10.047873525188194 -5.0
    vertex 4.018176039833437 -9.700735091368514 5.0
    vertex 3.3982080898840943 -9.922563170892026 2.1247123846013456
  endloop
endfacet
facet normal 0.33688985339222005 -0.9415440651830207 1.792332588082414e-17
  outer loop
    vertex 3.0479891111718507 -10.047873525188194 -5.0
    vertex 3.3982080898840943 -9.922563170892026 2.1247123846013456
    vertex 3.260857820385492 -9.971707883142718 1.7742283390269473
  endloop
endfacet
facet normal 0.33688985339222005 -0.9415440651830207 1.792332588082414e-17
  outer loop
    vertex 3.0479891111718507 -10.047873525188194 -5.0
    vertex 3.260857820385492 -9.971707883142718 1.7742283390269473
    vertex 3.0479891111718618 -10.047873525188193 1.4746951672795063
  endloop
endfacet
facet normal 0.33688985339222005 -0.9415440651830207 1.792332588082414e-17
  outer loop
    vertex 3.3982080898840943 -9.922563170892026 2.1247123846013456
    vertex 4.018176039833437 -9.700735091368514 5.0
    vertex 3.444952564554835 -9.905837730414994 2.500000000000001
  endloop
endfacet
facet normal 0.33688985339222005 -0.9415440651830207 1.792332588082414e-17
  outer loop
    vertex 3.444952564554835 -9.905837730414994 2.500000000000001
    vertex 4.018176039833437 -9.700735091368514 5.0
    vertex 3.3982080898840943 -9.922563170892026 2.8752876153986575
  endloop
endfacet
facet normal 0.33688985339222005 -0.9415440651830207 1.792332588082414e-17
  outer loop
    vertex 3.3982080898840943 -9.922563170892026 2.8752876153986575
    vertex 4.018176039833437 -9.700735091368514 5.0
    vertex 3.2603966335735755 -9.971872898422616 3.2260518247328096
  endloop
endfacet
facet normal 0.33688985339222005 -0.9415440651830207 1.792332588082414e-17
  outer loop
    vertex 3.2603966335735755 -9.971872898422616 3.2260518247328096
    vertex 4.018176039833437 -9.700735091368514 5.0
    vertex 3.047989111171859 -10.047873525188194 3.5253048327204937
  endloop
endfacet
facet normal 0.33688985339222005 -0.9415440651830207 1.792332588082414e-17
  outer loop
    vertex 3.047989111171859 -10.047873525188194 3.5253048327204937
    vertex 4.018176039833437 -9.700735091368514 5.0
    vertex 3.0479891111718507 -10.047873525188194 5.0
  endloop
endfacet
facet normal -0.14638548928857392 -0.9868508088822383 -0.06853298136092625
  outer loop
    vertex 1.9390642138973644 7.236686165403556 5.0
    vertex 1.3012283233573079 7.379912481481932 4.3
    vertex 1.4631774151209627 7.35588960302423 4.3
  endloop
endfacet
facet normal -0.04906767432741821 0.9987954562051724 8.938033048728955e-19
  outer loop
    vertex -2.8199664825478975e-15 -7.999999999999998 12.299999999999999
    vertex 0.784137122636483 -7.961477813377573 8.5
    vertex -2.8199664825478975e-15 -7.999999999999998 8.5
  endloop
endfacet
facet normal -0.04906767432741821 0.9987954562051724 8.938033048728955e-19
  outer loop
    vertex 0.784137122636483 -7.961477813377573 8.5
    vertex -2.8199664825478975e-15 -7.999999999999998 12.299999999999999
    vertex 0.784137122636483 -7.961477813377573 12.299999999999999
  endloop
endfacet
facet normal -0.049067674327419694 -0.9987954562051724 -1.4019740520780165e-16
  outer loop
    vertex 8.459899447643692e-15 -9.6 12.299999999999999
    vertex -0.9409645471638262 -9.553773376053083 5.0
    vertex -2.8199664825478975e-15 -9.600000000000001 5.0
  endloop
endfacet
facet normal -0.049067674327419694 -0.9987954562051724 -1.4019740520780165e-16
  outer loop
    vertex -0.9409645471638262 -9.553773376053083 5.0
    vertex 8.459899447643692e-15 -9.6 12.299999999999999
    vertex -0.9409645471637698 -9.55377337605309 12.299999999999999
  endloop
endfacet
facet normal 0.989176509964781 0.1467304744553613 1.5099569672622364e-16
  outer loop
    vertex -7.9614778133775745 -0.784137122636469 8.5
    vertex -7.846282243225844 -1.5607225761290107 12.299999999999999
    vertex -7.846282243225843 -1.5607225761290107 8.5
  endloop
endfacet
facet normal 0.989176509964781 0.1467304744553613 1.5099569672622364e-16
  outer loop
    vertex -7.846282243225844 -1.5607225761290107 12.299999999999999
    vertex -7.9614778133775745 -0.784137122636469 8.5
    vertex -7.9614778133775745 -0.784137122636469 12.299999999999999
  endloop
endfacet
facet normal 0.9039892931234437 -0.42755509343028164 -1.0689988068929428e-16
  outer loop
    vertex 8.466444137744205 -4.525408673529582 5.0
    vertex 8.869243512108339 -3.6737609507048896 12.299999999999999
    vertex 8.466444137744194 -4.5254086735296015 12.299999999999999
  endloop
endfacet
facet normal 0.9039892931234437 -0.42755509343028164 -1.0689988068929428e-16
  outer loop
    vertex 8.869243512108339 -3.6737609507048896 12.299999999999999
    vertex 8.466444137744205 -4.525408673529582 5.0
    vertex 8.869243512108348 -3.673760950704863 5.0
  endloop
endfacet
facet normal -0.9987954562051724 -0.04906767432741879 1.4728325426821849e-16
  outer loop
    vertex 7.96147781337757 0.7841371226365197 12.299999999999999
    vertex 7.9999999999999964 0.0 8.5
    vertex 7.9999999999999964 0.0 12.299999999999999
  endloop
endfacet
facet normal -0.9987954562051724 -0.04906767432741879 1.4728325426821849e-16
  outer loop
    vertex 7.9999999999999964 0.0 8.5
    vertex 7.96147781337757 0.7841371226365197 12.299999999999999
    vertex 7.96147781337757 0.7841371226365197 8.5
  endloop
endfacet
facet normal -0.671558954847018 -0.7409511253549595 -3.4757826227480165e-16
  outer loop
    vertex 5.656854249492366 5.656854249492389 12.299999999999999
    vertex 5.075146273309152 6.184083626901902 8.5
    vertex 5.656854249492369 5.656854249492389 8.5
  endloop
endfacet
facet normal -0.671558954847018 -0.7409511253549595 -3.4757826227480165e-16
  outer loop
    vertex 5.075146273309152 6.184083626901902 8.5
    vertex 5.656854249492366 5.656854249492389 12.299999999999999
    vertex 5.075146273309152 6.184083626901902 12.299999999999999
  endloop
endfacet
facet normal 0.9987954562051724 -0.049067674327420006 -1.4896721747883572e-18
  outer loop
    vertex -7.961477813377572 0.7841371226365028 8.5
    vertex -7.999999999999998 1.6919798895287383e-14 12.299999999999999
    vertex -7.999999999999998 1.6919798895287383e-14 8.5
  endloop
endfacet
facet normal 0.9987954562051724 -0.049067674327420006 -1.4896721747883572e-18
  outer loop
    vertex -7.999999999999998 1.6919798895287383e-14 12.299999999999999
    vertex -7.961477813377572 0.7841371226365028 8.5
    vertex -7.961477813377572 0.7841371226365028 12.299999999999999
  endloop
endfacet
facet normal 0.9415440651830195 -0.33688985339222405 -1.1932389608076542e-16
  outer loop
    vertex 8.869243512108348 -3.673760950704863 5.0
    vertex 9.186627223029195 -2.786732901642871 12.299999999999999
    vertex 8.869243512108339 -3.6737609507048896 12.299999999999999
  endloop
endfacet
facet normal 0.9415440651830195 -0.33688985339222405 -1.1932389608076542e-16
  outer loop
    vertex 9.186627223029195 -2.786732901642871 12.299999999999999
    vertex 8.869243512108348 -3.673760950704863 5.0
    vertex 9.186627223029202 -2.7867329016428397 5.0
  endloop
endfacet
facet normal -0.2429801799032615 -0.9700312531945446 -1.7234100963841288e-16
  outer loop
    vertex 2.3222774180356973 7.655522685857671 12.299999999999999
    vertex 1.560722576129026 7.846282243225841 8.5
    vertex 2.3222774180356973 7.655522685857671 8.5
  endloop
endfacet
facet normal -0.2429801799032615 -0.9700312531945446 -1.7234100963841288e-16
  outer loop
    vertex 1.560722576129026 7.846282243225841 8.5
    vertex 2.3222774180356973 7.655522685857671 12.299999999999999
    vertex 1.560722576129026 7.846282243225841 12.299999999999999
  endloop
endfacet
facet normal -0.8577286100002747 0.5141027441932177 3.3070671776552994e-16
  outer loop
    vertex -7.982108278104443 5.3334742369881685 12.299999999999999
    vertex -8.466444137744217 4.5254086735295616 5.0
    vertex -8.466444137744213 4.5254086735295616 12.299999999999999
  endloop
endfacet
facet normal -0.8577286100002747 0.5141027441932177 3.3070671776552994e-16
  outer loop
    vertex -8.466444137744217 4.5254086735295616 5.0
    vertex -7.982108278104443 5.3334742369881685 12.299999999999999
    vertex -7.982108278104448 5.333474236988165 5.0
  endloop
endfacet
facet normal -0.671558954847018 0.7409511253549595 1.467952059648945e-16
  outer loop
    vertex 5.075146273309164 -6.184083626901894 12.299999999999999
    vertex 5.656854249492377 -5.656854249492381 8.5
    vertex 5.075146273309164 -6.184083626901893 8.5
  endloop
endfacet
facet normal -0.671558954847018 0.7409511253549595 1.467952059648945e-16
  outer loop
    vertex 5.656854249492377 -5.656854249492381 8.5
    vertex 5.075146273309164 -6.184083626901894 12.299999999999999
    vertex 5.656854249492381 -5.65685424949238 12.299999999999999
  endloop
endfacet
facet normal 0.8577286100002701 -0.514102744193225 3.745901863927622e-17
  outer loop
    vertex -6.651756898420348 4.444561864156834 8.5
    vertex -7.055370114786828 3.7711738946079993 12.299999999999999
    vertex -7.055370114786828 3.7711738946079993 8.5
  endloop
endfacet
facet normal 0.8577286100002701 -0.514102744193225 3.745901863927622e-17
  outer loop
    vertex -7.055370114786828 3.7711738946079993 12.299999999999999
    vertex -6.651756898420348 4.444561864156834 8.5
    vertex -6.651756898420348 4.444561864156834 12.299999999999999
  endloop
endfacet
facet normal -0.5141027441932193 -0.8577286100002736 1.2604453870954395e-16
  outer loop
    vertex 4.4445618641568085 6.651756898420367 12.299999999999999
    vertex 3.771173894607974 7.055370114786842 8.5
    vertex 4.4445618641568085 6.651756898420367 8.499999999999998
  endloop
endfacet
facet normal -0.5141027441932193 -0.8577286100002736 1.2604453870954395e-16
  outer loop
    vertex 3.771173894607974 7.055370114786842 8.5
    vertex 4.4445618641568085 6.651756898420367 12.299999999999999
    vertex 3.771173894607974 7.055370114786842 12.299999999999999
  endloop
endfacet
facet normal 0.5141027441932228 0.8577286100002716 -7.386669244842013e-17
  outer loop
    vertex -4.444561864156824 -6.651756898420356 12.299999999999999
    vertex -3.771173894607988 -7.055370114786835 8.5
    vertex -4.4445618641568245 -6.651756898420356 8.499999999999998
  endloop
endfacet
facet normal 0.5141027441932228 0.8577286100002716 -7.386669244842013e-17
  outer loop
    vertex -3.771173894607988 -7.055370114786835 8.5
    vertex -4.444561864156824 -6.651756898420356 12.299999999999999
    vertex -3.7711738946079865 -7.055370114786835 12.299999999999999
  endloop
endfacet
facet normal -0.9039892931234422 -0.4275550934302847 -7.321766330708264e-16
  outer loop
    vertex 7.055370114786825 3.771173894608002 12.299999999999999
    vertex 7.391036260090283 3.061467458920744 8.5
    vertex 7.391036260090281 3.0614674589207413 12.299999999999999
  endloop
endfacet
facet normal -0.9039892931234422 -0.4275550934302847 -7.321766330708264e-16
  outer loop
    vertex 7.391036260090283 3.061467458920744 8.5
    vertex 7.055370114786825 3.771173894608002 12.299999999999999
    vertex 7.055370114786828 3.771173894608005 8.5
  endloop
endfacet
facet normal -0.94154406518302 -0.3368898533922222 -5.372141553294779e-16
  outer loop
    vertex 7.391036260090281 3.0614674589207413 12.299999999999999
    vertex 7.655522685857659 2.3222774180357257 8.5
    vertex 7.655522685857659 2.3222774180357257 12.299999999999999
  endloop
endfacet
facet normal -0.94154406518302 -0.3368898533922222 -5.372141553294779e-16
  outer loop
    vertex 7.655522685857659 2.3222774180357257 8.5
    vertex 7.391036260090281 3.0614674589207413 12.299999999999999
    vertex 7.391036260090283 3.061467458920744 8.5
  endloop
endfacet
facet normal 0.3368898533922211 0.9415440651830205 3.659965928643476e-17
  outer loop
    vertex 2.786732901642837 9.186627223029205 12.299999999999999
    vertex 3.6737609507048514 8.869243512108357 5.0
    vertex 2.786732901642826 9.186627223029209 5.0
  endloop
endfacet
facet normal 0.3368898533922211 0.9415440651830205 3.659965928643476e-17
  outer loop
    vertex 3.6737609507048514 8.869243512108357 5.0
    vertex 2.786732901642837 9.186627223029205 12.299999999999999
    vertex 3.67376095070486 8.86924351210835 12.299999999999999
  endloop
endfacet
facet normal -0.7409511253549572 -0.6715589548470206 -1.0699723027678005e-16
  outer loop
    vertex 5.656854249492366 5.656854249492389 12.299999999999999
    vertex 6.18408362690188 5.075146273309178 8.5
    vertex 6.184083626901883 5.075146273309178 12.299999999999999
  endloop
endfacet
facet normal -0.7409511253549572 -0.6715589548470206 -1.0699723027678005e-16
  outer loop
    vertex 6.18408362690188 5.075146273309178 8.5
    vertex 5.656854249492366 5.656854249492389 12.299999999999999
    vertex 5.656854249492369 5.656854249492389 8.5
  endloop
endfacet
facet normal -0.9891765099647812 0.1467304744553604 2.769494488999065e-16
  outer loop
    vertex -9.415538691871014 1.8728670913548127 12.299999999999999
    vertex -9.55377337605309 0.9409645471637741 5.0
    vertex -9.55377337605309 0.9409645471637613 12.299999999999999
  endloop
endfacet
facet normal -0.9891765099647812 0.1467304744553604 2.769494488999065e-16
  outer loop
    vertex -9.55377337605309 0.9409645471637741 5.0
    vertex -9.415538691871014 1.8728670913548127 12.299999999999999
    vertex -9.415538691871015 1.872867091354821 5.0
  endloop
endfacet
facet normal 0.6715589548470168 -0.7409511253549605 -1.4173909094151299e-16
  outer loop
    vertex -5.075146273309144 6.184083626901911 12.299999999999999
    vertex -5.656854249492365 5.656854249492394 8.5
    vertex -5.075146273309144 6.184083626901911 8.5
  endloop
endfacet
facet normal 0.6715589548470168 -0.7409511253549605 -1.4173909094151299e-16
  outer loop
    vertex -5.656854249492365 5.656854249492394 8.5
    vertex -5.075146273309144 6.184083626901911 12.299999999999999
    vertex -5.656854249492363 5.656854249492394 12.299999999999999
  endloop
endfacet
facet normal 0.5956993044924345 0.8032075314806442 -1.5256685822311754e-16
  outer loop
    vertex -5.075146273309169 -6.184083626901888 12.299999999999999
    vertex -4.4445618641568245 -6.651756898420356 8.499999999999998
    vertex -5.07514627330917 -6.184083626901889 8.499999999999998
  endloop
endfacet
facet normal 0.5956993044924345 0.8032075314806442 -1.5256685822311754e-16
  outer loop
    vertex -4.4445618641568245 -6.651756898420356 8.499999999999998
    vertex -5.075146273309169 -6.184083626901888 12.299999999999999
    vertex -4.444561864156824 -6.651756898420356 12.299999999999999
  endloop
endfacet
facet normal 0.9415440651830215 0.3368898533922185 -3.140931815319197e-16
  outer loop
    vertex -7.655522685857674 -2.322277418035686 8.5
    vertex -7.3910362600902975 -3.0614674589207045 12.299999999999999
    vertex -7.391036260090299 -3.0614674589207045 8.5
  endloop
endfacet
facet normal 0.9415440651830215 0.3368898533922185 -3.140931815319197e-16
  outer loop
    vertex -7.3910362600902975 -3.0614674589207045 12.299999999999999
    vertex -7.655522685857674 -2.322277418035686 8.5
    vertex -7.655522685857673 -2.322277418035685 12.299999999999999
  endloop
endfacet
facet normal 0.671558954847018 -0.7409511253549595 2.0012896875114086e-17
  outer loop
    vertex 6.788225099390853 -6.788225099390859 5.0
    vertex 6.0901755279709855 -7.420900352282283 12.299999999999999
    vertex 6.090175527970994 -7.420900352282276 4.999999999999999
  endloop
endfacet
facet normal 0.671558954847018 -0.7409511253549595 2.0012896875114086e-17
  outer loop
    vertex 6.0901755279709855 -7.420900352282283 12.299999999999999
    vertex 6.788225099390853 -6.788225099390859 5.0
    vertex 6.788225099390845 -6.788225099390867 12.299999999999999
  endloop
endfacet
facet normal -0.4275550934302818 0.9039892931234434 -1.2935605100099126e-16
  outer loop
    vertex -4.525408673529586 8.466444137744205 12.299999999999999
    vertex -3.6737609507048825 8.869243512108342 5.0
    vertex -4.525408673529596 8.4664441377442 5.0
  endloop
endfacet
facet normal -0.4275550934302818 0.9039892931234434 -1.2935605100099126e-16
  outer loop
    vertex -3.6737609507048825 8.869243512108342 5.0
    vertex -4.525408673529586 8.466444137744205 12.299999999999999
    vertex -3.67376095070487 8.86924351210835 12.299999999999999
  endloop
endfacet
facet normal -0.3368898533922218 0.9415440651830203 9.09722077343615e-17
  outer loop
    vertex 2.3222774180356973 -7.655522685857671 12.299999999999999
    vertex 3.0614674589207187 -7.39103626009029 8.5
    vertex 2.3222774180356973 -7.655522685857671 8.5
  endloop
endfacet
facet normal -0.3368898533922218 0.9415440651830203 9.09722077343615e-17
  outer loop
    vertex 3.0614674589207187 -7.39103626009029 8.5
    vertex 2.3222774180356973 -7.655522685857671 12.299999999999999
    vertex 3.0614674589207187 -7.391036260090292 12.299999999999999
  endloop
endfacet
facet normal 0.8032075314806457 0.5956993044924322 -1.5119651918514576e-17
  outer loop
    vertex -6.651756898420367 -4.444561864156807 8.5
    vertex -6.1840836269019 -5.075146273309155 12.299999999999999
    vertex -6.184083626901901 -5.075146273309155 8.5
  endloop
endfacet
facet normal 0.8032075314806457 0.5956993044924322 -1.5119651918514576e-17
  outer loop
    vertex -6.1840836269019 -5.075146273309155 12.299999999999999
    vertex -6.651756898420367 -4.444561864156807 8.5
    vertex -6.651756898420367 -4.444561864156808 12.299999999999999
  endloop
endfacet
facet normal 0.4275550934302812 0.9039892931234439 1.0434918327859979e-16
  outer loop
    vertex 3.67376095070486 8.86924351210835 12.299999999999999
    vertex 4.52540867352957 8.466444137744212 5.0
    vertex 3.6737609507048514 8.869243512108357 5.0
  endloop
endfacet
facet normal 0.4275550934302812 0.9039892931234439 1.0434918327859979e-16
  outer loop
    vertex 4.52540867352957 8.466444137744212 5.0
    vertex 3.67376095070486 8.86924351210835 12.299999999999999
    vertex 4.525408673529578 8.466444137744205 12.299999999999999
  endloop
endfacet
facet normal -0.5141027441932222 0.8577286100002717 -7.491803727855202e-17
  outer loop
    vertex 3.7711738946079825 -7.055370114786839 12.299999999999999
    vertex 4.44456186415682 -6.65175689842036 8.5
    vertex 3.7711738946079825 -7.055370114786839 8.5
  endloop
endfacet
facet normal -0.5141027441932222 0.8577286100002717 -7.491803727855202e-17
  outer loop
    vertex 4.44456186415682 -6.65175689842036 8.5
    vertex 3.7711738946079825 -7.055370114786839 12.299999999999999
    vertex 4.444561864156817 -6.65175689842036 12.299999999999999
  endloop
endfacet
facet normal 0.4275550934302817 0.9039892931234434 -7.78822637839435e-17
  outer loop
    vertex -3.7711738946079865 -7.055370114786835 12.299999999999999
    vertex -3.061467458920724 -7.3910362600902895 8.5
    vertex -3.771173894607988 -7.055370114786835 8.5
  endloop
endfacet
facet normal 0.4275550934302817 0.9039892931234434 -7.78822637839435e-17
  outer loop
    vertex -3.061467458920724 -7.3910362600902895 8.5
    vertex -3.7711738946079865 -7.055370114786835 12.299999999999999
    vertex -3.0614674589207227 -7.3910362600902895 12.299999999999999
  endloop
endfacet
facet normal -0.9039892931234437 -0.42755509343028136 1.3379038598380693e-16
  outer loop
    vertex -8.869243512108342 -3.6737609507048856 12.299999999999999
    vertex -8.466444137744215 -4.525408673529568 5.0
    vertex -8.466444137744197 -4.525408673529601 12.299999999999999
  endloop
endfacet
facet normal -0.9039892931234437 -0.42755509343028136 1.3379038598380693e-16
  outer loop
    vertex -8.466444137744215 -4.525408673529568 5.0
    vertex -8.869243512108342 -3.6737609507048856 12.299999999999999
    vertex -8.869243512108357 -3.6737609507048545 5.0
  endloop
endfacet
facet normal 0.9700312531945438 -0.24298017990326518 -5.801562311541377e-17
  outer loop
    vertex 9.186627223029202 -2.7867329016428397 5.0
    vertex 9.415538691871005 -1.8728670913548677 12.299999999999999
    vertex 9.186627223029195 -2.786732901642871 12.299999999999999
  endloop
endfacet
facet normal 0.9700312531945438 -0.24298017990326518 -5.801562311541377e-17
  outer loop
    vertex 9.415538691871005 -1.8728670913548677 12.299999999999999
    vertex 9.186627223029202 -2.7867329016428397 5.0
    vertex 9.41553869187101 -1.8728670913548324 5.0
  endloop
endfacet
facet normal -0.5956993044924332 -0.803207531480645 -8.815017348718629e-17
  outer loop
    vertex 5.075146273309152 6.184083626901902 8.5
    vertex 4.4445618641568085 6.651756898420367 12.299999999999999
    vertex 4.4445618641568085 6.651756898420367 8.499999999999998
  endloop
endfacet
facet normal -0.5956993044924332 -0.803207531480645 -8.815017348718629e-17
  outer loop
    vertex 4.4445618641568085 6.651756898420367 12.299999999999999
    vertex 5.075146273309152 6.184083626901902 8.5
    vertex 5.075146273309152 6.184083626901902 12.299999999999999
  endloop
endfacet
facet normal 0.9891765099647808 -0.14673047445536389 -1.3223850140369012e-17
  outer loop
    vertex -7.846282243225838 1.5607225761290444 8.5
    vertex -7.961477813377572 0.7841371226365028 12.299999999999999
    vertex -7.961477813377572 0.7841371226365028 8.5
  endloop
endfacet
facet normal 0.9891765099647808 -0.14673047445536389 -1.3223850140369012e-17
  outer loop
    vertex -7.961477813377572 0.7841371226365028 12.299999999999999
    vertex -7.846282243225838 1.5607225761290444 8.5
    vertex -7.846282243225838 1.5607225761290444 12.299999999999999
  endloop
endfacet
facet normal 0.1467304744553622 0.989176509964781 8.90934033396809e-19
  outer loop
    vertex -1.5607225761290304 -7.846282243225841 12.299999999999999
    vertex -0.7841371226364887 -7.961477813377573 8.5
    vertex -1.5607225761290304 -7.846282243225841 8.5
  endloop
endfacet
facet normal 0.1467304744553622 0.989176509964781 8.90934033396809e-19
  outer loop
    vertex -0.7841371226364887 -7.961477813377573 8.5
    vertex -1.5607225761290304 -7.846282243225841 12.299999999999999
    vertex -0.7841371226364887 -7.961477813377573 12.299999999999999
  endloop
endfacet
facet normal -0.42755509343028114 0.9039892931234439 1.0058166374633704e-16
  outer loop
    vertex 3.0614674589207187 -7.391036260090292 12.299999999999999
    vertex 3.7711738946079825 -7.055370114786839 8.5
    vertex 3.0614674589207187 -7.39103626009029 8.5
  endloop
endfacet
facet normal -0.42755509343028114 0.9039892931234439 1.0058166374633704e-16
  outer loop
    vertex 3.7711738946079825 -7.055370114786839 8.5
    vertex 3.0614674589207187 -7.391036260090292 12.299999999999999
    vertex 3.7711738946079825 -7.055370114786839 12.299999999999999
  endloop
endfacet
facet normal -0.8032075314806432 -0.5956993044924358 4.1210673136670334e-16
  outer loop
    vertex 6.184083626901883 5.075146273309178 12.299999999999999
    vertex 6.651756898420348 4.444561864156834 8.5
    vertex 6.65175689842035 4.444561864156834 12.299999999999999
  endloop
endfacet
facet normal -0.8032075314806432 -0.5956993044924358 4.1210673136670334e-16
  outer loop
    vertex 6.651756898420348 4.444561864156834 8.5
    vertex 6.184083626901883 5.075146273309178 12.299999999999999
    vertex 6.18408362690188 5.075146273309178 8.5
  endloop
endfacet
facet normal -0.9415440651830207 -0.3368898533922203 7.287678199247021e-17
  outer loop
    vertex -9.186627223029197 -2.7867329016428624 12.299999999999999
    vertex -8.869243512108357 -3.6737609507048545 5.0
    vertex -8.869243512108342 -3.6737609507048856 12.299999999999999
  endloop
endfacet
facet normal -0.9415440651830207 -0.3368898533922203 7.287678199247021e-17
  outer loop
    vertex -8.869243512108357 -3.6737609507048545 5.0
    vertex -9.186627223029197 -2.7867329016428624 12.299999999999999
    vertex -9.186627223029205 -2.7867329016428326 5.0
  endloop
endfacet
facet normal -0.8032075314806459 0.5956993044924318 4.2126465260443016e-16
  outer loop
    vertex -7.982108278104443 5.3334742369881685 12.299999999999999
    vertex -7.420900352282293 6.09017552797098 5.0
    vertex -7.982108278104448 5.333474236988165 5.0
  endloop
endfacet
facet normal -0.8032075314806459 0.5956993044924318 4.2126465260443016e-16
  outer loop
    vertex -7.420900352282293 6.09017552797098 5.0
    vertex -7.982108278104443 5.3334742369881685 12.299999999999999
    vertex -7.420900352282283 6.0901755279709855 12.299999999999999
  endloop
endfacet
facet normal 0.5141027441932207 -0.8577286100002727 1.3916201188335153e-16
  outer loop
    vertex -3.7711738946079625 7.055370114786848 12.299999999999999
    vertex -4.4445618641568005 6.65175689842037 8.5
    vertex -3.771173894607964 7.055370114786848 8.499999999999998
  endloop
endfacet
facet normal 0.5141027441932207 -0.8577286100002727 1.3916201188335153e-16
  outer loop
    vertex -4.4445618641568005 6.65175689842037 8.5
    vertex -3.7711738946079625 7.055370114786848 12.299999999999999
    vertex -4.444561864156799 6.6517568984203725 12.299999999999999
  endloop
endfacet
facet normal 0.9039892931234433 0.4275550934302823 -1.1615811650312559e-16
  outer loop
    vertex -7.391036260090299 -3.0614674589207045 8.5
    vertex -7.055370114786844 -3.7711738946079683 12.299999999999999
    vertex -7.055370114786844 -3.7711738946079683 8.5
  endloop
endfacet
facet normal 0.9039892931234433 0.4275550934302823 -1.1615811650312559e-16
  outer loop
    vertex -7.055370114786844 -3.7711738946079683 12.299999999999999
    vertex -7.391036260090299 -3.0614674589207045 8.5
    vertex -7.3910362600902975 -3.0614674589207045 12.299999999999999
  endloop
endfacet
facet normal 0.7409511253549592 0.6715589548470183 8.468092921404718e-17
  outer loop
    vertex 7.4209003522822705 6.090175527971002 5.000000000000001
    vertex 6.788225099390853 6.788225099390859 12.299999999999999
    vertex 7.420900352282273 6.090175527970997 12.299999999999999
  endloop
endfacet
facet normal 0.7409511253549592 0.6715589548470183 8.468092921404718e-17
  outer loop
    vertex 6.788225099390853 6.788225099390859 12.299999999999999
    vertex 7.4209003522822705 6.090175527971002 5.000000000000001
    vertex 6.78822509939085 6.788225099390864 4.999999999999999
  endloop
endfacet
facet normal 0.24298017990326284 0.9700312531945442 -1.0508793536239864e-16
  outer loop
    vertex 1.8728670913548282 9.415538691871014 12.299999999999999
    vertex 2.786732901642826 9.186627223029209 5.0
    vertex 1.8728670913548155 9.415538691871015 5.0
  endloop
endfacet
facet normal 0.24298017990326284 0.9700312531945442 -1.0508793536239864e-16
  outer loop
    vertex 2.786732901642826 9.186627223029209 5.0
    vertex 1.8728670913548282 9.415538691871014 12.299999999999999
    vertex 2.786732901642837 9.186627223029205 12.299999999999999
  endloop
endfacet
facet normal 0.6715589548470199 0.7409511253549578 -9.968462689373826e-17
  outer loop
    vertex -5.656854249492385 -5.656854249492372 8.5
    vertex -5.075146273309169 -6.184083626901888 12.299999999999999
    vertex -5.07514627330917 -6.184083626901889 8.499999999999998
  endloop
endfacet
facet normal 0.6715589548470199 0.7409511253549578 -9.968462689373826e-17
  outer loop
    vertex -5.075146273309169 -6.184083626901888 12.299999999999999
    vertex -5.656854249492385 -5.656854249492372 8.5
    vertex -5.656854249492385 -5.656854249492372 12.299999999999999
  endloop
endfacet
facet normal -0.4275550934302812 -0.9039892931234439 -1.9404038028706912e-16
  outer loop
    vertex 3.771173894607974 7.055370114786842 12.299999999999999
    vertex 3.061467458920713 7.391036260090295 8.5
    vertex 3.771173894607974 7.055370114786842 8.5
  endloop
endfacet
facet normal -0.4275550934302812 -0.9039892931234439 -1.9404038028706912e-16
  outer loop
    vertex 3.061467458920713 7.391036260090295 8.5
    vertex 3.771173894607974 7.055370114786842 12.299999999999999
    vertex 3.061467458920713 7.391036260090292 12.299999999999999
  endloop
endfacet
facet normal -0.8032075314806447 0.5956993044924335 2.2336955569500687e-16
  outer loop
    vertex 6.184083626901894 -5.075146273309162 12.299999999999999
    vertex 6.651756898420358 -4.4445618641568165 8.5
    vertex 6.184083626901894 -5.075146273309165 8.5
  endloop
endfacet
facet normal -0.8032075314806447 0.5956993044924335 2.2336955569500687e-16
  outer loop
    vertex 6.651756898420358 -4.4445618641568165 8.5
    vertex 6.184083626901894 -5.075146273309162 12.299999999999999
    vertex 6.651756898420362 -4.4445618641568165 12.299999999999999
  endloop
endfacet
facet normal 0.3368898533922206 -0.9415440651830207 -1.318760688795556e-16
  outer loop
    vertex 3.673760950704857 -8.869243512108355 12.299999999999999
    vertex 2.786732901642837 -9.186627223029205 5.0
    vertex 3.67376095070486 -8.869243512108351 5.0
  endloop
endfacet
facet normal 0.3368898533922206 -0.9415440651830207 -1.318760688795556e-16
  outer loop
    vertex 2.786732901642837 -9.186627223029205 5.0
    vertex 3.673760950704857 -8.869243512108355 12.299999999999999
    vertex 2.786732901642837 -9.186627223029205 12.299999999999999
  endloop
endfacet
facet normal 0.5956993044924316 -0.8032075314806462 1.151213881763306e-16
  outer loop
    vertex -4.166776747646999 6.236022092269102 5.499999999999999
    vertex -4.757949631227324 5.797578400220542 -5.0
    vertex -4.166776747646999 6.236022092269102 -5.0
  endloop
endfacet
facet normal 0.5956993044924316 -0.8032075314806462 1.151213881763306e-16
  outer loop
    vertex -4.757949631227324 5.797578400220542 -5.0
    vertex -4.166776747646999 6.236022092269102 5.499999999999999
    vertex -4.560821640170465 5.94377848247337 4.3
  endloop
endfacet
facet normal 0.5956993044924316 -0.8032075314806462 1.151213881763306e-16
  outer loop
    vertex -4.560821640170465 5.94377848247337 4.3
    vertex -4.166776747646999 6.236022092269102 5.499999999999999
    vertex -4.560821640170466 5.94377848247337 5.499999999999999
  endloop
endfacet
facet normal 0.5956993044924316 -0.8032075314806462 1.151213881763306e-16
  outer loop
    vertex -4.757949631227324 5.797578400220542 4.3
    vertex -4.757949631227324 5.797578400220542 -5.0
    vertex -4.560821640170465 5.94377848247337 4.3
  endloop
endfacet
facet normal 0.7933533402912339 0.6087614290087222 -3.5847371393001945e-16
  outer loop
    vertex -4.560821640170465 5.94377848247337 4.3
    vertex -3.283791580922735 4.279520507380825 5.5
    vertex -3.2837915809227365 4.279520507380825 4.3
  endloop
endfacet
facet normal 0.7933533402912339 0.6087614290087222 -3.5847371393001945e-16
  outer loop
    vertex -3.283791580922735 4.279520507380825 5.5
    vertex -4.560821640170465 5.94377848247337 4.3
    vertex -4.560821640170466 5.94377848247337 5.499999999999999
  endloop
endfacet
facet normal 0.5141027441932213 -0.8577286100002723 3.6930791751687655e-16
  outer loop
    vertex -3.535475526194967 6.614409482612672 4.3
    vertex -4.166776747646999 6.236022092269102 -5.0
    vertex -3.535475526194967 6.614409482612672 -5.0
  endloop
endfacet
facet normal 0.5141027441932213 -0.8577286100002723 3.6930791751687655e-16
  outer loop
    vertex -4.166776747646999 6.236022092269102 -5.0
    vertex -3.535475526194967 6.614409482612672 4.3
    vertex -3.7459844060727443 6.488235315678718 4.3
  endloop
endfacet
facet normal 0.5141027441932213 -0.8577286100002723 3.6930791751687655e-16
  outer loop
    vertex -4.166776747646999 6.236022092269102 -5.0
    vertex -3.7459844060727443 6.488235315678718 4.3
    vertex -4.166776747646999 6.236022092269102 5.499999999999999
  endloop
endfacet
facet normal 0.5141027441932213 -0.8577286100002723 3.6930791751687655e-16
  outer loop
    vertex -4.166776747646999 6.236022092269102 5.499999999999999
    vertex -3.7459844060727443 6.488235315678718 4.3
    vertex -3.7459844060727456 6.488235315678718 5.5
  endloop
endfacet
facet normal 0.7933533402912348 -0.6087614290087211 -9.983464379565846e-16
  outer loop
    vertex -4.560821640170456 -5.943778482473376 4.3
    vertex -3.2837915809227267 -4.279520507380831 5.500000000000001
    vertex -4.560821640170454 -5.943778482473378 5.5
  endloop
endfacet
facet normal 0.7933533402912348 -0.6087614290087211 -9.983464379565846e-16
  outer loop
    vertex -3.2837915809227267 -4.279520507380831 5.500000000000001
    vertex -4.560821640170456 -5.943778482473376 4.3
    vertex -3.2837915809227267 -4.279520507380831 4.3
  endloop
endfacet
facet normal 0.5956993044924342 0.8032075314806442 3.989355035813581e-17
  outer loop
    vertex -4.757949631227348 -5.797578400220522 4.3
    vertex -4.166776747647023 -6.236022092269086 -5.0
    vertex -4.757949631227348 -5.797578400220522 -5.0
  endloop
endfacet
facet normal 0.5956993044924342 0.8032075314806442 3.989355035813581e-17
  outer loop
    vertex -4.166776747647023 -6.236022092269086 -5.0
    vertex -4.757949631227348 -5.797578400220522 4.3
    vertex -4.560821640170456 -5.943778482473376 4.3
  endloop
endfacet
facet normal 0.5956993044924342 0.8032075314806442 3.989355035813581e-17
  outer loop
    vertex -4.166776747647023 -6.236022092269086 -5.0
    vertex -4.560821640170456 -5.943778482473376 4.3
    vertex -4.166776747647023 -6.236022092269086 5.5
  endloop
endfacet
facet normal 0.5956993044924342 0.8032075314806442 3.989355035813581e-17
  outer loop
    vertex -4.166776747647023 -6.236022092269086 5.5
    vertex -4.560821640170456 -5.943778482473376 4.3
    vertex -4.560821640170454 -5.943778482473378 5.5
  endloop
endfacet
facet normal 0.514102744193223 0.8577286100002715 1.2028620010970533e-16
  outer loop
    vertex -4.166776747647023 -6.236022092269086 5.5
    vertex -3.5354755261949897 -6.614409482612659 -5.0
    vertex -4.166776747647023 -6.236022092269086 -5.0
  endloop
endfacet
facet normal 0.514102744193223 0.8577286100002715 1.2028620010970533e-16
  outer loop
    vertex -3.5354755261949897 -6.614409482612659 -5.0
    vertex -4.166776747647023 -6.236022092269086 5.5
    vertex -3.5354755261949897 -6.614409482612659 4.3
  endloop
endfacet
facet normal 0.514102744193223 0.8577286100002715 1.2028620010970533e-16
  outer loop
    vertex -3.5354755261949897 -6.614409482612659 4.3
    vertex -4.166776747647023 -6.236022092269086 5.5
    vertex -3.7459844060727443 -6.488235315678716 5.0
  endloop
endfacet
facet normal 0.514102744193223 0.8577286100002715 1.2028620010970533e-16
  outer loop
    vertex -3.7459844060727443 -6.488235315678716 5.0
    vertex -4.166776747647023 -6.236022092269086 5.5
    vertex -3.7459844060727443 -6.488235315678716 5.5
  endloop
endfacet
facet normal 1.029429834341688e-16 -6.319966686977859e-17 -1.0
  outer loop
    vertex -4.166776747646999 6.236022092269102 5.499999999999999
    vertex -3.283791580922735 4.279520507380825 5.5
    vertex -4.560821640170466 5.94377848247337 5.499999999999999
  endloop
endfacet
facet normal 1.029429834341688e-16 -6.319966686977859e-17 -1.0
  outer loop
    vertex -3.283791580922735 4.279520507380825 5.5
    vertex -4.166776747646999 6.236022092269102 5.499999999999999
    vertex -3.7459844060727456 6.488235315678718 5.5
  endloop
endfacet
facet normal 1.029429834341688e-16 -6.319966686977859e-17 -1.0
  outer loop
    vertex -3.283791580922735 4.279520507380825 5.5
    vertex -3.7459844060727456 6.488235315678718 5.5
    vertex -3.166242836404459 6.790029674683174 5.500000000000001
  endloop
endfacet
facet normal 1.029429834341688e-16 -6.319966686977859e-17 -1.0
  outer loop
    vertex -3.283791580922735 4.279520507380825 5.5
    vertex -3.166242836404459 6.790029674683174 5.500000000000001
    vertex -3.000079258305857 4.489935906433741 5.5
  endloop
endfacet
facet normal 1.029429834341688e-16 -6.319966686977859e-17 -1.0
  outer loop
    vertex -3.000079258305857 4.489935906433741 5.5
    vertex -3.166242836404459 6.790029674683174 5.500000000000001
    vertex -2.56240424692144 7.04014780793128 5.5
  endloop
endfacet
facet normal 1.029429834341688e-16 -6.319966686977859e-17 -1.0
  outer loop
    vertex -3.000079258305857 4.489935906433741 5.5
    vertex -2.56240424692144 7.04014780793128 5.5
    vertex -2.545542378860392 4.762374827481117 5.5
  endloop
endfacet
facet normal 1.029429834341688e-16 -6.319966686977859e-17 -1.0
  outer loop
    vertex -2.545542378860392 4.762374827481117 5.5
    vertex -2.56240424692144 7.04014780793128 5.5
    vertex -1.9390642138973617 7.23668616540356 5.5
  endloop
endfacet
facet normal 1.029429834341688e-16 -6.319966686977859e-17 -1.0
  outer loop
    vertex -2.545542378860392 4.762374827481117 5.5
    vertex -1.9390642138973617 7.23668616540356 5.5
    vertex -2.0664905347714893 4.988949475560946 5.5
  endloop
endfacet
facet normal 1.029429834341688e-16 -6.319966686977859e-17 -1.0
  outer loop
    vertex -2.0664905347714893 4.988949475560946 5.5
    vertex -1.9390642138973617 7.23668616540356 5.5
    vertex -1.5675372571741004 5.167477812953927 5.5
  endloop
endfacet
facet normal 1.029429834341688e-16 -6.319966686977859e-17 -1.0
  outer loop
    vertex -1.5675372571741004 5.167477812953927 5.5
    vertex -1.9390642138973617 7.23668616540356 5.5
    vertex -1.3009667313665412 7.378148971526538 5.5
  endloop
endfacet
facet normal 1.029429834341688e-16 -6.319966686977859e-17 -1.0
  outer loop
    vertex -1.5675372571741004 5.167477812953927 5.5
    vertex -1.3009667313665412 7.378148971526538 5.5
    vertex -1.053487738887097 5.296240514177445 5.5
  endloop
endfacet
facet normal 1.029429834341688e-16 -6.319966686977859e-17 -1.0
  outer loop
    vertex -1.053487738887097 5.296240514177445 5.5
    vertex -1.3009667313665412 7.378148971526538 5.5
    vertex -0.6529681064648303 7.463459608928047 5.5
  endloop
endfacet
facet normal 1.029429834341688e-16 -6.319966686977859e-17 -1.0
  outer loop
    vertex -1.053487738887097 5.296240514177445 5.5
    vertex -0.6529681064648303 7.463459608928047 5.5
    vertex -0.5292925577796322 5.373997524029864 5.5
  endloop
endfacet
facet normal 1.029429834341688e-16 -6.319966686977859e-17 -1.0
  outer loop
    vertex -0.5292925577796322 5.373997524029864 5.5
    vertex -0.6529681064648303 7.463459608928047 5.5
    vertex 0.0 7.491968812145486 5.5
  endloop
endfacet
facet normal 1.029429834341688e-16 -6.319966686977859e-17 -1.0
  outer loop
    vertex -0.5292925577796322 5.373997524029864 5.5
    vertex 0.0 7.491968812145486 5.5
    vertex -4.229949723821846e-15 5.400000000000001 5.5
  endloop
endfacet
facet normal 1.029429834341688e-16 -6.319966686977859e-17 -1.0
  outer loop
    vertex -4.229949723821846e-15 5.400000000000001 5.5
    vertex 0.0 7.491968812145486 5.5
    vertex 0.5292925577796463 5.373997524029864 5.5
  endloop
endfacet
facet normal 1.029429834341688e-16 -6.319966686977859e-17 -1.0
  outer loop
    vertex 0.5292925577796463 5.373997524029864 5.5
    vertex 0.0 7.491968812145486 5.5
    vertex 0.6529681064648303 7.463459608928044 5.5
  endloop
endfacet
facet normal 1.029429834341688e-16 -6.319966686977859e-17 -1.0
  outer loop
    vertex 0.5292925577796463 5.373997524029864 5.5
    vertex 0.6529681064648303 7.463459608928044 5.5
    vertex 1.0534877388871111 5.296240514177442 5.5
  endloop
endfacet
facet normal 1.029429834341688e-16 -6.319966686977859e-17 -1.0
  outer loop
    vertex 1.0534877388871111 5.296240514177442 5.5
    vertex 0.6529681064648303 7.463459608928044 5.5
    vertex 1.3009667313665412 7.378148971526535 5.5
  endloop
endfacet
facet normal 1.029429834341688e-16 -6.319966686977859e-17 -1.0
  outer loop
    vertex 1.0534877388871111 5.296240514177442 5.5
    vertex 1.3009667313665412 7.378148971526535 5.5
    vertex 1.5675372571741117 5.1674778129539245 5.5
  endloop
endfacet
facet normal 1.029429834341688e-16 -6.319966686977859e-17 -1.0
  outer loop
    vertex 1.5675372571741117 5.1674778129539245 5.5
    vertex 1.3009667313665412 7.378148971526535 5.5
    vertex 1.9390642138973644 7.236686165403556 5.5
  endloop
endfacet
facet normal 1.029429834341688e-16 -6.319966686977859e-17 -1.0
  outer loop
    vertex 1.5675372571741117 5.1674778129539245 5.5
    vertex 1.9390642138973644 7.236686165403556 5.5
    vertex 2.0664905347715004 4.988949475560943 5.5
  endloop
endfacet
facet normal 1.029429834341688e-16 -6.319966686977859e-17 -1.0
  outer loop
    vertex 2.0664905347715004 4.988949475560943 5.5
    vertex 1.9390642138973644 7.236686165403556 5.5
    vertex 2.5624042469214414 7.040147807931278 5.5
  endloop
endfacet
facet normal 1.029429834341688e-16 -6.319966686977859e-17 -1.0
  outer loop
    vertex 2.0664905347715004 4.988949475560943 5.5
    vertex 2.5624042469214414 7.040147807931278 5.5
    vertex 2.5455423788603975 4.762374827481111 5.500000000000001
  endloop
endfacet
facet normal 1.029429834341688e-16 -6.319966686977859e-17 -1.0
  outer loop
    vertex 2.5455423788603975 4.762374827481111 5.500000000000001
    vertex 2.5624042469214414 7.040147807931278 5.5
    vertex 3.0000792583058615 4.489935906433739 5.500000000000001
  endloop
endfacet
facet normal 1.029429834341688e-16 -6.319966686977859e-17 -1.0
  outer loop
    vertex 3.0000792583058615 4.489935906433739 5.500000000000001
    vertex 2.5624042469214414 7.040147807931278 5.5
    vertex 3.166242836404459 6.790029674683174 5.5
  endloop
endfacet
facet normal 1.029429834341688e-16 -6.319966686977859e-17 -1.0
  outer loop
    vertex 3.0000792583058615 4.489935906433739 5.500000000000001
    vertex 3.166242836404459 6.790029674683174 5.5
    vertex 3.2837915809227125 4.279520507380842 5.500000000000001
  endloop
endfacet
facet normal 1.029429834341688e-16 -6.319966686977859e-17 -1.0
  outer loop
    vertex 3.2837915809227125 4.279520507380842 5.500000000000001
    vertex 3.166242836404459 6.790029674683174 5.5
    vertex 3.7459844060727443 6.488235315678718 5.5
  endloop
endfacet
facet normal 1.029429834341688e-16 -6.319966686977859e-17 -1.0
  outer loop
    vertex 3.2837915809227125 4.279520507380842 5.500000000000001
    vertex 3.7459844060727443 6.488235315678718 5.5
    vertex 4.560821640170456 5.943778482473378 5.500000000000001
  endloop
endfacet
facet normal 1.029429834341688e-16 -6.319966686977859e-17 -1.0
  outer loop
    vertex 4.560821640170456 5.943778482473378 5.500000000000001
    vertex 3.7459844060727443 6.488235315678718 5.5
    vertex 4.166776747647011 6.2360220922690965 5.500000000000001
  endloop
endfacet
facet normal -0.5956993044924344 -0.8032075314806442 7.066857492012603e-17
  outer loop
    vertex 4.757949631227331 5.7975784002205355 4.3
    vertex 4.166776747647011 6.2360220922690965 -5.0
    vertex 4.757949631227331 5.7975784002205355 -5.0
  endloop
endfacet
facet normal -0.5956993044924344 -0.8032075314806442 7.066857492012603e-17
  outer loop
    vertex 4.166776747647011 6.2360220922690965 -5.0
    vertex 4.757949631227331 5.7975784002205355 4.3
    vertex 4.560821640170456 5.94377848247338 4.3
  endloop
endfacet
facet normal -0.5956993044924344 -0.8032075314806442 7.066857492012603e-17
  outer loop
    vertex 4.166776747647011 6.2360220922690965 -5.0
    vertex 4.560821640170456 5.94377848247338 4.3
    vertex 4.166776747647011 6.2360220922690965 5.500000000000001
  endloop
endfacet
facet normal -0.5956993044924344 -0.8032075314806442 7.066857492012603e-17
  outer loop
    vertex 4.166776747647011 6.2360220922690965 5.500000000000001
    vertex 4.560821640170456 5.94377848247338 4.3
    vertex 4.560821640170456 5.943778482473378 5.500000000000001
  endloop
endfacet
facet normal -0.5141027441932193 -0.8577286100002736 3.5629076994520733e-16
  outer loop
    vertex 4.166776747647011 6.2360220922690965 5.500000000000001
    vertex 3.5354755261949755 6.6144094826126665 -5.0
    vertex 4.166776747647011 6.2360220922690965 -5.0
  endloop
endfacet
facet normal -0.5141027441932193 -0.8577286100002736 3.5629076994520733e-16
  outer loop
    vertex 3.5354755261949755 6.6144094826126665 -5.0
    vertex 4.166776747647011 6.2360220922690965 5.500000000000001
    vertex 3.5354755261949755 6.6144094826126665 4.3
  endloop
endfacet
facet normal -0.5141027441932193 -0.8577286100002736 3.5629076994520733e-16
  outer loop
    vertex 3.5354755261949755 6.6144094826126665 4.3
    vertex 4.166776747647011 6.2360220922690965 5.500000000000001
    vertex 3.7459844060727443 6.488235315678718 5.0
  endloop
endfacet
facet normal -0.5141027441932193 -0.8577286100002736 3.5629076994520733e-16
  outer loop
    vertex 3.7459844060727443 6.488235315678718 5.0
    vertex 4.166776747647011 6.2360220922690965 5.500000000000001
    vertex 3.7459844060727443 6.488235315678718 5.5
  endloop
endfacet
facet normal -0.7933533402912304 0.6087614290087271 7.043561142356953e-16
  outer loop
    vertex 4.560821640170456 5.943778482473378 5.500000000000001
    vertex 3.2837915809227125 4.279520507380842 4.3
    vertex 3.2837915809227125 4.279520507380842 5.500000000000001
  endloop
endfacet
facet normal -0.7933533402912304 0.6087614290087271 7.043561142356953e-16
  outer loop
    vertex 3.2837915809227125 4.279520507380842 4.3
    vertex 4.560821640170456 5.943778482473378 5.500000000000001
    vertex 4.560821640170456 5.94377848247338 4.3
  endloop
endfacet
facet normal -0.5956993044924338 0.8032075314806446 8.206673216530673e-17
  outer loop
    vertex 4.166776747647016 -6.236022092269089 5.499999999999997
    vertex 4.75794963122734 -5.7975784002205275 -5.0
    vertex 4.166776747647016 -6.236022092269089 -5.0
  endloop
endfacet
facet normal -0.5956993044924338 0.8032075314806446 8.206673216530673e-17
  outer loop
    vertex 4.75794963122734 -5.7975784002205275 -5.0
    vertex 4.166776747647016 -6.236022092269089 5.499999999999997
    vertex 4.560821640170464 -5.943778482473366 4.3
  endloop
endfacet
facet normal -0.5956993044924338 0.8032075314806446 8.206673216530673e-17
  outer loop
    vertex 4.560821640170464 -5.943778482473366 4.3
    vertex 4.166776747647016 -6.236022092269089 5.499999999999997
    vertex 4.560821640170467 -5.94377848247337 5.499999999999997
  endloop
endfacet
facet normal -0.5956993044924338 0.8032075314806446 8.206673216530673e-17
  outer loop
    vertex 4.75794963122734 -5.7975784002205275 4.3
    vertex 4.75794963122734 -5.7975784002205275 -5.0
    vertex 4.560821640170464 -5.943778482473366 4.3
  endloop
endfacet
facet normal -0.5141027441932235 0.8577286100002709 1.547677689015784e-16
  outer loop
    vertex 3.535475526194984 -6.614409482612662 4.3
    vertex 4.166776747647016 -6.236022092269089 -5.0
    vertex 3.535475526194984 -6.614409482612662 -5.0
  endloop
endfacet
facet normal -0.5141027441932235 0.8577286100002709 1.547677689015784e-16
  outer loop
    vertex 4.166776747647016 -6.236022092269089 -5.0
    vertex 3.535475526194984 -6.614409482612662 4.3
    vertex 3.745984406072747 -6.488235315678717 4.3
  endloop
endfacet
facet normal -0.5141027441932235 0.8577286100002709 1.547677689015784e-16
  outer loop
    vertex 4.166776747647016 -6.236022092269089 -5.0
    vertex 3.745984406072747 -6.488235315678717 4.3
    vertex 4.166776747647016 -6.236022092269089 5.499999999999997
  endloop
endfacet
facet normal -0.5141027441932235 0.8577286100002709 1.547677689015784e-16
  outer loop
    vertex 4.166776747647016 -6.236022092269089 5.499999999999997
    vertex 3.745984406072747 -6.488235315678717 4.3
    vertex 3.7459844060727443 -6.488235315678715 5.5
  endloop
endfacet
facet normal -1.836850182396938e-16 -5.3504268100409815e-17 -1.0
  outer loop
    vertex -3.2837915809227267 -4.279520507380831 5.500000000000001
    vertex -4.166776747647023 -6.236022092269086 5.5
    vertex -4.560821640170454 -5.943778482473378 5.5
  endloop
endfacet
facet normal -1.836850182396938e-16 -5.3504268100409815e-17 -1.0
  outer loop
    vertex -4.166776747647023 -6.236022092269086 5.5
    vertex -3.2837915809227267 -4.279520507380831 5.500000000000001
    vertex -3.7459844060727443 -6.488235315678716 5.5
  endloop
endfacet
facet normal -1.836850182396938e-16 -5.3504268100409815e-17 -1.0
  outer loop
    vertex -3.7459844060727443 -6.488235315678716 5.5
    vertex -3.2837915809227267 -4.279520507380831 5.500000000000001
    vertex -3.166242836404459 -6.790029674683174 5.500000000000001
  endloop
endfacet
facet normal -1.836850182396938e-16 -5.3504268100409815e-17 -1.0
  outer loop
    vertex -3.166242836404459 -6.790029674683174 5.500000000000001
    vertex -3.2837915809227267 -4.279520507380831 5.500000000000001
    vertex -3.0000792583058433 -4.48993590643375 5.500000000000001
  endloop
endfacet
facet normal -1.836850182396938e-16 -5.3504268100409815e-17 -1.0
  outer loop
    vertex -3.166242836404459 -6.790029674683174 5.500000000000001
    vertex -3.0000792583058433 -4.48993590643375 5.500000000000001
    vertex -2.56240424692144 -7.04014780793128 5.5
  endloop
endfacet
facet normal -1.836850182396938e-16 -5.3504268100409815e-17 -1.0
  outer loop
    vertex -2.56240424692144 -7.04014780793128 5.5
    vertex -3.0000792583058433 -4.48993590643375 5.500000000000001
    vertex -2.5455423788603766 -4.762374827481123 5.5
  endloop
endfacet
facet normal -1.836850182396938e-16 -5.3504268100409815e-17 -1.0
  outer loop
    vertex -2.56240424692144 -7.04014780793128 5.5
    vertex -2.5455423788603766 -4.762374827481123 5.5
    vertex -1.9390642138973617 -7.23668616540356 5.5
  endloop
endfacet
facet normal -1.836850182396938e-16 -5.3504268100409815e-17 -1.0
  outer loop
    vertex -1.9390642138973617 -7.23668616540356 5.5
    vertex -2.5455423788603766 -4.762374827481123 5.5
    vertex -2.066490534771472 -4.988949475560953 5.5
  endloop
endfacet
facet normal -1.836850182396938e-16 -5.3504268100409815e-17 -1.0
  outer loop
    vertex -1.9390642138973617 -7.23668616540356 5.5
    vertex -2.066490534771472 -4.988949475560953 5.5
    vertex -1.5675372571740835 -5.1674778129539325 5.5
  endloop
endfacet
facet normal -1.836850182396938e-16 -5.3504268100409815e-17 -1.0
  outer loop
    vertex -1.9390642138973617 -7.23668616540356 5.5
    vertex -1.5675372571740835 -5.1674778129539325 5.5
    vertex -1.3009667313665412 -7.378148971526538 5.5
  endloop
endfacet
facet normal -1.836850182396938e-16 -5.3504268100409815e-17 -1.0
  outer loop
    vertex -1.3009667313665412 -7.378148971526538 5.5
    vertex -1.5675372571740835 -5.1674778129539325 5.5
    vertex -1.0534877388870787 -5.296240514177447 5.5
  endloop
endfacet
facet normal -1.836850182396938e-16 -5.3504268100409815e-17 -1.0
  outer loop
    vertex -1.3009667313665412 -7.378148971526538 5.5
    vertex -1.0534877388870787 -5.296240514177447 5.5
    vertex -0.6529681064648303 -7.463459608928047 5.5
  endloop
endfacet
facet normal -1.836850182396938e-16 -5.3504268100409815e-17 -1.0
  outer loop
    vertex -0.6529681064648303 -7.463459608928047 5.5
    vertex -1.0534877388870787 -5.296240514177447 5.5
    vertex -0.5292925577796125 -5.373997524029866 5.5
  endloop
endfacet
facet normal -1.836850182396938e-16 -5.3504268100409815e-17 -1.0
  outer loop
    vertex -0.6529681064648303 -7.463459608928047 5.5
    vertex -0.5292925577796125 -5.373997524029866 5.5
    vertex 0.0 -7.491968812145484 5.5
  endloop
endfacet
facet normal -1.836850182396938e-16 -5.3504268100409815e-17 -1.0
  outer loop
    vertex 0.0 -7.491968812145484 5.5
    vertex -0.5292925577796125 -5.373997524029866 5.5
    vertex 1.5509815654013436e-14 -5.4 5.5
  endloop
endfacet
facet normal -1.836850182396938e-16 -5.3504268100409815e-17 -1.0
  outer loop
    vertex 0.0 -7.491968812145484 5.5
    vertex 1.5509815654013436e-14 -5.4 5.5
    vertex 0.6529681064648303 -7.463459608928044 5.5
  endloop
endfacet
facet normal -1.836850182396938e-16 -5.3504268100409815e-17 -1.0
  outer loop
    vertex 0.6529681064648303 -7.463459608928044 5.5
    vertex 1.5509815654013436e-14 -5.4 5.5
    vertex 0.5292925577796436 -5.373997524029862 5.5
  endloop
endfacet
facet normal -1.836850182396938e-16 -5.3504268100409815e-17 -1.0
  outer loop
    vertex 0.6529681064648303 -7.463459608928044 5.5
    vertex 0.5292925577796436 -5.373997524029862 5.5
    vertex 1.0534877388871096 -5.296240514177441 5.5
  endloop
endfacet
facet normal -1.836850182396938e-16 -5.3504268100409815e-17 -1.0
  outer loop
    vertex 0.6529681064648303 -7.463459608928044 5.5
    vertex 1.0534877388871096 -5.296240514177441 5.5
    vertex 1.3009667313665412 -7.378148971526535 5.5
  endloop
endfacet
facet normal -1.836850182396938e-16 -5.3504268100409815e-17 -1.0
  outer loop
    vertex 1.3009667313665412 -7.378148971526535 5.5
    vertex 1.0534877388871096 -5.296240514177441 5.5
    vertex 1.5675372571741144 -5.167477812953924 5.499999999999999
  endloop
endfacet
facet normal -1.836850182396938e-16 -5.3504268100409815e-17 -1.0
  outer loop
    vertex 1.3009667313665412 -7.378148971526535 5.5
    vertex 1.5675372571741144 -5.167477812953924 5.499999999999999
    vertex 1.939064213897363 -7.236686165403556 5.5
  endloop
endfacet
facet normal -1.836850182396938e-16 -5.3504268100409815e-17 -1.0
  outer loop
    vertex 1.939064213897363 -7.236686165403556 5.5
    vertex 1.5675372571741144 -5.167477812953924 5.499999999999999
    vertex 2.0664905347715004 -4.9889494755609425 5.499999999999999
  endloop
endfacet
facet normal -1.836850182396938e-16 -5.3504268100409815e-17 -1.0
  outer loop
    vertex 1.939064213897363 -7.236686165403556 5.5
    vertex 2.0664905347715004 -4.9889494755609425 5.499999999999999
    vertex 2.5624042469214414 -7.040147807931278 5.5
  endloop
endfacet
facet normal -1.836850182396938e-16 -5.3504268100409815e-17 -1.0
  outer loop
    vertex 2.5624042469214414 -7.040147807931278 5.5
    vertex 2.0664905347715004 -4.9889494755609425 5.499999999999999
    vertex 2.5455423788604032 -4.76237482748111 5.499999999999999
  endloop
endfacet
facet normal -1.836850182396938e-16 -5.3504268100409815e-17 -1.0
  outer loop
    vertex 2.5624042469214414 -7.040147807931278 5.5
    vertex 2.5455423788604032 -4.76237482748111 5.499999999999999
    vertex 3.0000792583058673 -4.489935906433734 5.499999999999999
  endloop
endfacet
facet normal -1.836850182396938e-16 -5.3504268100409815e-17 -1.0
  outer loop
    vertex 2.5624042469214414 -7.040147807931278 5.5
    vertex 3.0000792583058673 -4.489935906433734 5.499999999999999
    vertex 3.166242836404459 -6.790029674683173 5.5
  endloop
endfacet
facet normal -1.836850182396938e-16 -5.3504268100409815e-17 -1.0
  outer loop
    vertex 3.166242836404459 -6.790029674683173 5.5
    vertex 3.0000792583058673 -4.489935906433734 5.499999999999999
    vertex 3.2837915809227294 -4.27952050738083 5.499999999999999
  endloop
endfacet
facet normal -1.836850182396938e-16 -5.3504268100409815e-17 -1.0
  outer loop
    vertex 3.166242836404459 -6.790029674683173 5.5
    vertex 3.2837915809227294 -4.27952050738083 5.499999999999999
    vertex 3.7459844060727443 -6.488235315678715 5.5
  endloop
endfacet
facet normal -1.836850182396938e-16 -5.3504268100409815e-17 -1.0
  outer loop
    vertex 3.7459844060727443 -6.488235315678715 5.5
    vertex 3.2837915809227294 -4.27952050738083 5.499999999999999
    vertex 4.560821640170467 -5.94377848247337 5.499999999999997
  endloop
endfacet
facet normal -1.836850182396938e-16 -5.3504268100409815e-17 -1.0
  outer loop
    vertex 3.7459844060727443 -6.488235315678715 5.5
    vertex 4.560821640170467 -5.94377848247337 5.499999999999997
    vertex 4.166776747647016 -6.236022092269089 5.499999999999997
  endloop
endfacet
facet normal -0.7933533402912314 -0.6087614290087255 1.3003495964783072e-15
  outer loop
    vertex 3.2837915809227294 -4.27952050738083 5.499999999999999
    vertex 4.560821640170464 -5.943778482473366 4.3
    vertex 4.560821640170467 -5.94377848247337 5.499999999999997
  endloop
endfacet
facet normal -0.7933533402912314 -0.6087614290087255 1.3003495964783072e-15
  outer loop
    vertex 4.560821640170464 -5.943778482473366 4.3
    vertex 3.2837915809227294 -4.27952050738083 5.499999999999999
    vertex 3.2837915809227267 -4.279520507380831 4.3
  endloop
endfacet
facet normal -0.33688958020444865 -0.9415433016743464 0.001273507691756347
  outer loop
    vertex 2.5624042469214414 7.040147807931278 5.0
    vertex 2.1771350794084654 7.177052517991568 4.3
    vertex 2.5621039244042048 7.0393084627242475 4.3
  endloop
endfacet
facet normal -0.33688985339221944 -0.941544065183021 -1.0929843688897995e-16
  outer loop
    vertex 2.8701257427381703 6.929096493834653 4.3
    vertex 2.1771350794084654 7.177052517991568 -5.0
    vertex 2.8701257427381703 6.929096493834653 -5.0
  endloop
endfacet
facet normal -0.33688985339221944 -0.941544065183021 -1.0929843688897995e-16
  outer loop
    vertex 2.1771350794084654 7.177052517991568 -5.0
    vertex 2.8701257427381703 6.929096493834653 4.3
    vertex 2.1771350794084654 7.177052517991568 4.3
  endloop
endfacet
facet normal -0.33688985339221944 -0.941544065183021 -1.0929843688897995e-16
  outer loop
    vertex 2.1771350794084654 7.177052517991568 4.3
    vertex 2.8701257427381703 6.929096493834653 4.3
    vertex 2.5621039244042048 7.0393084627242475 4.3
  endloop
endfacet
facet normal 0.8577286100002719 0.514102744193222 -2.038586048395933e-18
  outer loop
    vertex -4.762374827481112 -2.5455423788603975 4.3
    vertex -4.48993590643374 -3.0000792583058615 8.5
    vertex -4.48993590643374 -3.0000792583058615 4.3
  endloop
endfacet
facet normal 0.8577286100002719 0.514102744193222 -2.038586048395933e-18
  outer loop
    vertex -4.48993590643374 -3.0000792583058615 8.5
    vertex -4.762374827481112 -2.5455423788603975 4.3
    vertex -4.762374827481112 -2.5455423788603975 8.5
  endloop
endfacet
facet normal 0.9039892931234429 0.4275550934302831 1.6953962184259932e-18
  outer loop
    vertex -4.988949475560945 -2.0664905347714932 4.3
    vertex -4.762374827481112 -2.5455423788603975 8.5
    vertex -4.762374827481112 -2.5455423788603975 4.3
  endloop
endfacet
facet normal 0.9039892931234429 0.4275550934302831 1.6953962184259932e-18
  outer loop
    vertex -4.762374827481112 -2.5455423788603975 8.5
    vertex -4.988949475560945 -2.0664905347714932 4.3
    vertex -4.988949475560945 -2.0664905347714932 8.5
  endloop
endfacet
facet normal 0.9700312531945444 -0.24298017990326226 8.655543923086024e-17
  outer loop
    vertex -5.16747781295393 1.5675372571740933 4.3
    vertex -5.2962405141774465 1.0534877388870871 8.5
    vertex -5.296240514177446 1.0534877388870871 4.3
  endloop
endfacet
facet normal 0.9700312531945444 -0.24298017990326226 8.655543923086024e-17
  outer loop
    vertex -5.2962405141774465 1.0534877388870871 8.5
    vertex -5.16747781295393 1.5675372571740933 4.3
    vertex -5.16747781295393 1.5675372571740933 8.5
  endloop
endfacet
facet normal 0.989176509964781 -0.1467304744553622 8.237059724583741e-17
  outer loop
    vertex -5.373997524029865 0.5292925577796224 4.3
    vertex -5.2962405141774465 1.0534877388870871 8.5
    vertex -5.373997524029865 0.5292925577796209 8.5
  endloop
endfacet
facet normal 0.989176509964781 -0.1467304744553622 8.237059724583741e-17
  outer loop
    vertex -5.2962405141774465 1.0534877388870871 8.5
    vertex -5.373997524029865 0.5292925577796224 4.3
    vertex -5.296240514177446 1.0534877388870871 4.3
  endloop
endfacet
facet normal 0.74095112535496 0.6715589548470176 -3.9797966782516046e-32
  outer loop
    vertex -4.174256448158773 -3.4257237344836935 4.3
    vertex -3.81837661840735 -3.818376618407365 8.5
    vertex -3.81837661840735 -3.818376618407365 4.3
  endloop
endfacet
facet normal 0.74095112535496 0.6715589548470176 -3.9797966782516046e-32
  outer loop
    vertex -3.81837661840735 -3.818376618407365 8.5
    vertex -4.174256448158773 -3.4257237344836935 4.3
    vertex -4.174256448158773 -3.4257237344836935 8.5
  endloop
endfacet
facet normal 0.6715589548470177 0.7409511253549599 0.0
  outer loop
    vertex -3.81837661840735 -3.818376618407365 8.5
    vertex -3.4257237344836793 -4.174256448158788 4.3
    vertex -3.81837661840735 -3.818376618407365 4.3
  endloop
endfacet
facet normal 0.6715589548470177 0.7409511253549599 0.0
  outer loop
    vertex -3.4257237344836793 -4.174256448158788 4.3
    vertex -3.81837661840735 -3.818376618407365 8.5
    vertex -3.4257237344836793 -4.174256448158788 8.5
  endloop
endfacet
facet normal 0.5956993044924285 0.8032075314806485 1.1406827554723738e-16
  outer loop
    vertex -3.4257237344836793 -4.174256448158788 8.5
    vertex -3.2837915809227267 -4.279520507380831 4.3
    vertex -3.4257237344836793 -4.174256448158788 4.3
  endloop
endfacet
facet normal 0.5956993044924285 0.8032075314806485 1.1406827554723738e-16
  outer loop
    vertex -3.2837915809227267 -4.279520507380831 4.3
    vertex -3.4257237344836793 -4.174256448158788 8.5
    vertex -3.2837915809227267 -4.279520507380831 5.500000000000001
  endloop
endfacet
facet normal 0.5956993044924285 0.8032075314806485 1.1406827554723738e-16
  outer loop
    vertex -3.2837915809227267 -4.279520507380831 5.500000000000001
    vertex -3.4257237344836793 -4.174256448158788 8.5
    vertex -3.0000792583058433 -4.48993590643375 5.500000000000001
  endloop
endfacet
facet normal 0.5956993044924285 0.8032075314806485 1.1406827554723738e-16
  outer loop
    vertex -3.0000792583058433 -4.48993590643375 5.500000000000001
    vertex -3.4257237344836793 -4.174256448158788 8.5
    vertex -3.0000792583058433 -4.48993590643375 8.5
  endloop
endfacet
facet normal 0.9700312531945438 0.2429801799032654 -9.634961306516009e-19
  outer loop
    vertex -5.296240514177444 -1.0534877388871011 4.3
    vertex -5.167477812953926 -1.567537257174106 8.5
    vertex -5.167477812953926 -1.567537257174106 4.3
  endloop
endfacet
facet normal 0.9700312531945438 0.2429801799032654 -9.634961306516009e-19
  outer loop
    vertex -5.167477812953926 -1.567537257174106 8.5
    vertex -5.296240514177444 -1.0534877388871011 4.3
    vertex -5.296240514177444 -1.0534877388871011 8.5
  endloop
endfacet
facet normal 0.9415440651830195 0.33688985339222377 -1.3358787960746918e-18
  outer loop
    vertex -5.167477812953926 -1.567537257174106 4.3
    vertex -4.988949475560945 -2.0664905347714932 8.5
    vertex -4.988949475560945 -2.0664905347714932 4.3
  endloop
endfacet
facet normal 0.9415440651830195 0.33688985339222377 -1.3358787960746918e-18
  outer loop
    vertex -4.988949475560945 -2.0664905347714932 8.5
    vertex -5.167477812953926 -1.567537257174106 4.3
    vertex -5.167477812953926 -1.567537257174106 8.5
  endloop
endfacet
facet normal -0.8032075314806446 -0.5956993044924337 -2.714398840778296e-16
  outer loop
    vertex 4.174256448158781 3.4257237344836824 8.499999999999998
    vertex 4.489935906433747 3.0000792583058504 4.3
    vertex 4.489935906433747 3.0000792583058504 8.499999999999998
  endloop
endfacet
facet normal -0.8032075314806446 -0.5956993044924337 -2.714398840778296e-16
  outer loop
    vertex 4.489935906433747 3.0000792583058504 4.3
    vertex 4.174256448158781 3.4257237344836824 8.499999999999998
    vertex 4.174256448158781 3.4257237344836824 4.299999999999999
  endloop
endfacet
facet normal -0.7409511253549625 -0.6715589548470146 -3.6607496153038843e-16
  outer loop
    vertex 3.818376618407361 3.8183766184073527 8.5
    vertex 4.174256448158781 3.4257237344836824 4.299999999999999
    vertex 4.174256448158781 3.4257237344836824 8.499999999999998
  endloop
endfacet
facet normal -0.7409511253549625 -0.6715589548470146 -3.6607496153038843e-16
  outer loop
    vertex 4.174256448158781 3.4257237344836824 4.299999999999999
    vertex 3.818376618407361 3.8183766184073527 8.5
    vertex 3.8183766184073638 3.8183766184073553 4.3
  endloop
endfacet
facet normal -0.9987954562051726 0.0490676743274158 8.391418851451729e-17
  outer loop
    vertex 5.400000000000001 8.459899447643692e-15 8.5
    vertex 5.373997524029867 -0.5292925577796181 4.3
    vertex 5.373997524029867 -0.5292925577796181 8.5
  endloop
endfacet
facet normal -0.9987954562051726 0.0490676743274158 8.391418851451729e-17
  outer loop
    vertex 5.373997524029867 -0.5292925577796181 4.3
    vertex 5.400000000000001 8.459899447643692e-15 8.5
    vertex 5.400000000000001 8.459899447643692e-15 4.3
  endloop
endfacet
facet normal -0.9987954562051724 -0.04906767432742051 1.6841208530976805e-16
  outer loop
    vertex 5.373997524029864 0.5292925577796337 8.5
    vertex 5.400000000000001 8.459899447643692e-15 4.3
    vertex 5.400000000000001 8.459899447643692e-15 8.5
  endloop
endfacet
facet normal -0.9987954562051724 -0.04906767432742051 1.6841208530976805e-16
  outer loop
    vertex 5.400000000000001 8.459899447643692e-15 4.3
    vertex 5.373997524029864 0.5292925577796337 8.5
    vertex 5.373997524029861 0.5292925577796337 4.3
  endloop
endfacet
facet normal -0.7409511253549618 0.6715589548470156 4.175311551777111e-32
  outer loop
    vertex 4.1742564481587925 -3.425723734483671 8.5
    vertex 3.818376618407372 -3.818376618407344 4.300000000000001
    vertex 3.818376618407372 -3.818376618407344 8.5
  endloop
endfacet
facet normal -0.7409511253549618 0.6715589548470156 4.175311551777111e-32
  outer loop
    vertex 3.818376618407372 -3.818376618407344 4.300000000000001
    vertex 4.1742564481587925 -3.425723734483671 8.5
    vertex 4.1742564481587925 -3.425723734483671 4.300000000000001
  endloop
endfacet
facet normal -0.6715589548470206 0.7409511253549572 -6.225072583902164e-17
  outer loop
    vertex 3.425723734483702 -4.174256448158766 8.5
    vertex 3.818376618407372 -3.818376618407344 4.300000000000001
    vertex 3.425723734483702 -4.174256448158767 4.3
  endloop
endfacet
facet normal -0.6715589548470206 0.7409511253549572 -6.225072583902164e-17
  outer loop
    vertex 3.818376618407372 -3.818376618407344 4.300000000000001
    vertex 3.425723734483702 -4.174256448158766 8.5
    vertex 3.818376618407372 -3.818376618407344 8.5
  endloop
endfacet
facet normal 0.8032075314806449 -0.5956993044924335 2.1171994290883155e-16
  outer loop
    vertex -4.174256448158783 3.4257237344836824 4.3
    vertex -4.489935906433747 3.0000792583058504 8.5
    vertex -4.489935906433746 3.0000792583058504 4.3
  endloop
endfacet
facet normal 0.8032075314806449 -0.5956993044924335 2.1171994290883155e-16
  outer loop
    vertex -4.489935906433747 3.0000792583058504 8.5
    vertex -4.174256448158783 3.4257237344836824 4.3
    vertex -4.174256448158783 3.4257237344836824 8.5
  endloop
endfacet
facet normal 0.8577286100002727 -0.5141027441932208 2.0774611960571705e-16
  outer loop
    vertex -4.489935906433746 3.0000792583058504 4.3
    vertex -4.762374827481119 2.5455423788603864 8.5
    vertex -4.762374827481119 2.5455423788603864 4.3
  endloop
endfacet
facet normal 0.8577286100002727 -0.5141027441932208 2.0774611960571705e-16
  outer loop
    vertex -4.762374827481119 2.5455423788603864 8.5
    vertex -4.489935906433746 3.0000792583058504 4.3
    vertex -4.489935906433747 3.0000792583058504 8.5
  endloop
endfacet
facet normal 0.9039892931234431 -0.42755509343028286 2.547021530234498e-32
  outer loop
    vertex -4.762374827481119 2.5455423788603864 4.3
    vertex -4.9889494755609505 2.066490534771482 8.5
    vertex -4.9889494755609505 2.066490534771482 4.3
  endloop
endfacet
facet normal 0.9039892931234431 -0.42755509343028286 2.547021530234498e-32
  outer loop
    vertex -4.9889494755609505 2.066490534771482 8.5
    vertex -4.762374827481119 2.5455423788603864 4.3
    vertex -4.762374827481119 2.5455423788603864 8.5
  endloop
endfacet
facet normal 0.9987954562051726 -0.04906767432741629 -1.1674165614667044e-18
  outer loop
    vertex -5.373997524029865 0.5292925577796224 4.3
    vertex -5.4 -5.639932965095795e-15 8.5
    vertex -5.4 -5.639932965095795e-15 4.3
  endloop
endfacet
facet normal 0.9987954562051726 -0.04906767432741629 -1.1674165614667044e-18
  outer loop
    vertex -5.4 -5.639932965095795e-15 8.5
    vertex -5.373997524029865 0.5292925577796224 4.3
    vertex -5.373997524029865 0.5292925577796209 8.5
  endloop
endfacet
facet normal 0.9987954562051724 0.049067674327420256 2.8141412189354057e-32
  outer loop
    vertex -5.4 -5.639932965095795e-15 4.3
    vertex -5.373997524029862 -0.529292557779635 8.5
    vertex -5.373997524029862 -0.529292557779635 4.3
  endloop
endfacet
facet normal 0.9987954562051724 0.049067674327420256 2.8141412189354057e-32
  outer loop
    vertex -5.373997524029862 -0.529292557779635 8.5
    vertex -5.4 -5.639932965095795e-15 4.3
    vertex -5.4 -5.639932965095795e-15 8.5
  endloop
endfacet
facet normal 0.6715589548470196 -0.7409511253549581 -2.0876557758885448e-32
  outer loop
    vertex -3.425723734483691 4.174256448158776 8.5
    vertex -3.8183766184073598 3.8183766184073553 4.3
    vertex -3.425723734483691 4.174256448158776 4.3
  endloop
endfacet
facet normal 0.6715589548470196 -0.7409511253549581 -2.0876557758885448e-32
  outer loop
    vertex -3.8183766184073598 3.8183766184073553 4.3
    vertex -3.425723734483691 4.174256448158776 8.5
    vertex -3.8183766184073598 3.8183766184073553 8.5
  endloop
endfacet
facet normal 0.7409511253549604 -0.671558954847017 1.8921409023630524e-32
  outer loop
    vertex -3.8183766184073598 3.8183766184073553 4.3
    vertex -4.174256448158783 3.4257237344836824 8.5
    vertex -4.174256448158783 3.4257237344836824 4.3
  endloop
endfacet
facet normal 0.7409511253549604 -0.671558954847017 1.8921409023630524e-32
  outer loop
    vertex -4.174256448158783 3.4257237344836824 8.5
    vertex -3.8183766184073598 3.8183766184073553 4.3
    vertex -3.8183766184073598 3.8183766184073553 8.5
  endloop
endfacet
facet normal 0.9415440651830213 -0.336889853392219 -5.305666834614146e-32
  outer loop
    vertex -4.9889494755609505 2.066490534771482 4.3
    vertex -5.16747781295393 1.5675372571740933 8.5
    vertex -5.16747781295393 1.5675372571740933 4.3
  endloop
endfacet
facet normal 0.9415440651830213 -0.336889853392219 -5.305666834614146e-32
  outer loop
    vertex -5.16747781295393 1.5675372571740933 8.5
    vertex -4.9889494755609505 2.066490534771482 4.3
    vertex -4.9889494755609505 2.066490534771482 8.5
  endloop
endfacet
facet normal -0.9891765099647803 -0.1467304744553668 8.549547088374635e-17
  outer loop
    vertex 5.296240514177442 1.053487738887097 8.5
    vertex 5.373997524029861 0.5292925577796337 4.3
    vertex 5.373997524029864 0.5292925577796337 8.5
  endloop
endfacet
facet normal -0.9891765099647803 -0.1467304744553668 8.549547088374635e-17
  outer loop
    vertex 5.373997524029861 0.5292925577796337 4.3
    vertex 5.296240514177442 1.053487738887097 8.5
    vertex 5.296240514177442 1.053487738887097 4.3
  endloop
endfacet
facet normal -0.9891765099647812 0.1467304744553608 0.0
  outer loop
    vertex 5.373997524029867 -0.5292925577796181 8.5
    vertex 5.296240514177447 -1.0534877388870814 4.3
    vertex 5.296240514177447 -1.0534877388870814 8.5
  endloop
endfacet
facet normal -0.9891765099647812 0.1467304744553608 0.0
  outer loop
    vertex 5.296240514177447 -1.0534877388870814 4.3
    vertex 5.373997524029867 -0.5292925577796181 8.5
    vertex 5.373997524029867 -0.5292925577796181 4.3
  endloop
endfacet
facet normal -0.8577286100002743 0.5141027441932181 -1.0245909186942994e-18
  outer loop
    vertex 4.762374827481125 -2.545542378860372 8.5
    vertex 4.489935906433756 -3.000079258305836 4.300000000000001
    vertex 4.489935906433756 -3.000079258305836 8.5
  endloop
endfacet
facet normal -0.8577286100002743 0.5141027441932181 -1.0245909186942994e-18
  outer loop
    vertex 4.489935906433756 -3.000079258305836 4.300000000000001
    vertex 4.762374827481125 -2.545542378860372 8.5
    vertex 4.762374827481125 -2.545542378860372 4.3
  endloop
endfacet
facet normal -0.9039892931234444 0.42755509343028003 -3.5506409740610734e-17
  outer loop
    vertex 4.988949475560955 -2.0664905347714706 8.5
    vertex 4.762374827481125 -2.545542378860372 4.3
    vertex 4.762374827481125 -2.545542378860372 8.5
  endloop
endfacet
facet normal -0.9039892931234444 0.42755509343028003 -3.5506409740610734e-17
  outer loop
    vertex 4.762374827481125 -2.545542378860372 4.3
    vertex 4.988949475560955 -2.0664905347714706 8.5
    vertex 4.988949475560955 -2.066490534771472 4.3
  endloop
endfacet
facet normal -0.9415440651830215 0.3368898533922182 -2.805345471756868e-17
  outer loop
    vertex 4.988949475560955 -2.0664905347714706 8.5
    vertex 5.1674778129539325 -1.5675372571740849 4.3
    vertex 4.988949475560955 -2.066490534771472 4.3
  endloop
endfacet
facet normal -0.9415440651830215 0.3368898533922182 -2.805345471756868e-17
  outer loop
    vertex 5.1674778129539325 -1.5675372571740849 4.3
    vertex 4.988949475560955 -2.0664905347714706 8.5
    vertex 5.1674778129539325 -1.5675372571740849 8.5
  endloop
endfacet
facet normal -0.595699304492437 0.8032075314806422 -8.488801901189832e-17
  outer loop
    vertex 3.0000792583058673 -4.489935906433734 8.5
    vertex 3.2837915809227294 -4.27952050738083 5.499999999999999
    vertex 3.0000792583058673 -4.489935906433734 5.499999999999999
  endloop
endfacet
facet normal -0.595699304492437 0.8032075314806422 -8.488801901189832e-17
  outer loop
    vertex 3.2837915809227294 -4.27952050738083 5.499999999999999
    vertex 3.425723734483702 -4.174256448158767 4.3
    vertex 3.2837915809227267 -4.279520507380831 4.3
  endloop
endfacet
facet normal -0.595699304492437 0.8032075314806422 -8.488801901189832e-17
  outer loop
    vertex 3.425723734483702 -4.174256448158767 4.3
    vertex 3.2837915809227294 -4.27952050738083 5.499999999999999
    vertex 3.425723734483702 -4.174256448158766 8.5
  endloop
endfacet
facet normal -0.595699304492437 0.8032075314806422 -8.488801901189832e-17
  outer loop
    vertex 3.425723734483702 -4.174256448158766 8.5
    vertex 3.2837915809227294 -4.27952050738083 5.499999999999999
    vertex 3.0000792583058673 -4.489935906433734 8.5
  endloop
endfacet
facet normal 0.8032075314806427 0.5956993044924364 -2.362143180315464e-18
  outer loop
    vertex -4.48993590643374 -3.0000792583058615 4.3
    vertex -4.174256448158773 -3.4257237344836935 8.5
    vertex -4.174256448158773 -3.4257237344836935 4.3
  endloop
endfacet
facet normal 0.8032075314806427 0.5956993044924364 -2.362143180315464e-18
  outer loop
    vertex -4.174256448158773 -3.4257237344836935 8.5
    vertex -4.48993590643374 -3.0000792583058615 4.3
    vertex -4.48993590643374 -3.0000792583058615 8.5
  endloop
endfacet
facet normal -0.8032075314806474 0.5956993044924301 0.0
  outer loop
    vertex 4.489935906433756 -3.000079258305836 8.5
    vertex 4.1742564481587925 -3.425723734483671 4.300000000000001
    vertex 4.1742564481587925 -3.425723734483671 8.5
  endloop
endfacet
facet normal -0.8032075314806474 0.5956993044924301 0.0
  outer loop
    vertex 4.1742564481587925 -3.425723734483671 4.300000000000001
    vertex 4.489935906433756 -3.000079258305836 8.5
    vertex 4.489935906433756 -3.000079258305836 4.300000000000001
  endloop
endfacet
facet normal 0.989176509964781 0.14673047445536153 9.806023481647023e-19
  outer loop
    vertex -5.373997524029862 -0.529292557779635 4.3
    vertex -5.296240514177444 -1.0534877388871011 8.5
    vertex -5.296240514177444 -1.0534877388871011 4.3
  endloop
endfacet
facet normal 0.989176509964781 0.14673047445536153 9.806023481647023e-19
  outer loop
    vertex -5.296240514177444 -1.0534877388871011 8.5
    vertex -5.373997524029862 -0.529292557779635 4.3
    vertex -5.373997524029862 -0.529292557779635 8.5
  endloop
endfacet
facet normal -0.9700312531945446 0.2429801799032613 -1.711512941418623e-33
  outer loop
    vertex 5.296240514177447 -1.0534877388870814 8.5
    vertex 5.1674778129539325 -1.5675372571740849 4.3
    vertex 5.1674778129539325 -1.5675372571740849 8.5
  endloop
endfacet
facet normal -0.9700312531945446 0.2429801799032613 -1.711512941418623e-33
  outer loop
    vertex 5.1674778129539325 -1.5675372571740849 4.3
    vertex 5.296240514177447 -1.0534877388870814 8.5
    vertex 5.296240514177447 -1.0534877388870814 4.3
  endloop
endfacet
facet normal -0.9700312531945438 -0.24298017990326534 -1.8730885621935747e-21
  outer loop
    vertex 5.1674778129539245 1.567537257174099 8.5
    vertex 5.296240514177442 1.053487738887097 4.3
    vertex 5.296240514177442 1.053487738887097 8.5
  endloop
endfacet
facet normal -0.9700312531945438 -0.24298017990326534 -1.8730885621935747e-21
  outer loop
    vertex 5.296240514177442 1.053487738887097 4.3
    vertex 5.1674778129539245 1.567537257174099 8.5
    vertex 5.1674778129539245 1.567537257174099 4.3
  endloop
endfacet
facet normal 0.5956993044924338 -0.8032075314806445 -2.122200475297454e-17
  outer loop
    vertex -3.0000792583058558 4.489935906433741 8.5
    vertex -3.283791580922735 4.279520507380825 5.5
    vertex -3.000079258305857 4.489935906433741 5.5
  endloop
endfacet
facet normal 0.5956993044924338 -0.8032075314806445 -2.122200475297454e-17
  outer loop
    vertex -3.283791580922735 4.279520507380825 5.5
    vertex -3.425723734483691 4.174256448158776 4.3
    vertex -3.2837915809227365 4.279520507380825 4.3
  endloop
endfacet
facet normal 0.5956993044924338 -0.8032075314806445 -2.122200475297454e-17
  outer loop
    vertex -3.425723734483691 4.174256448158776 4.3
    vertex -3.283791580922735 4.279520507380825 5.5
    vertex -3.425723734483691 4.174256448158776 8.5
  endloop
endfacet
facet normal 0.5956993044924338 -0.8032075314806445 -2.122200475297454e-17
  outer loop
    vertex -3.425723734483691 4.174256448158776 8.5
    vertex -3.283791580922735 4.279520507380825 5.5
    vertex -3.0000792583058558 4.489935906433741 8.5
  endloop
endfacet
facet normal -0.6715589548470153 -0.7409511253549619 -2.276288866534177e-16
  outer loop
    vertex 3.818376618407361 3.8183766184073527 8.5
    vertex 3.425723734483691 4.174256448158776 4.3
    vertex 3.8183766184073638 3.8183766184073553 4.3
  endloop
endfacet
facet normal -0.6715589548470153 -0.7409511253549619 -2.276288866534177e-16
  outer loop
    vertex 3.425723734483691 4.174256448158776 4.3
    vertex 3.818376618407361 3.8183766184073527 8.5
    vertex 3.425723734483691 4.174256448158776 8.499999999999998
  endloop
endfacet
facet normal -0.5956993044924357 -0.8032075314806434 -2.1222004752975075e-17
  outer loop
    vertex 3.425723734483691 4.174256448158776 8.499999999999998
    vertex 3.2837915809227125 4.279520507380842 4.3
    vertex 3.425723734483691 4.174256448158776 4.3
  endloop
endfacet
facet normal -0.5956993044924357 -0.8032075314806434 -2.1222004752975075e-17
  outer loop
    vertex 3.2837915809227125 4.279520507380842 4.3
    vertex 3.425723734483691 4.174256448158776 8.499999999999998
    vertex 3.2837915809227125 4.279520507380842 5.500000000000001
  endloop
endfacet
facet normal -0.5956993044924357 -0.8032075314806434 -2.1222004752975075e-17
  outer loop
    vertex 3.2837915809227125 4.279520507380842 5.500000000000001
    vertex 3.425723734483691 4.174256448158776 8.499999999999998
    vertex 3.0000792583058615 4.489935906433739 5.500000000000001
  endloop
endfacet
facet normal -0.5956993044924357 -0.8032075314806434 -2.1222004752975075e-17
  outer loop
    vertex 3.0000792583058615 4.489935906433739 5.500000000000001
    vertex 3.425723734483691 4.174256448158776 8.499999999999998
    vertex 3.0000792583058615 4.489935906433739 8.499999999999998
  endloop
endfacet
facet normal -0.9039892931234437 -0.42755509343028136 -1.5065070428623674e-16
  outer loop
    vertex 4.762374827481117 2.5455423788603864 8.5
    vertex 4.98894947556095 2.066490534771486 4.3
    vertex 4.988949475560946 2.066490534771486 8.5
  endloop
endfacet
facet normal -0.9039892931234437 -0.42755509343028136 -1.5065070428623674e-16
  outer loop
    vertex 4.98894947556095 2.066490534771486 4.3
    vertex 4.762374827481117 2.5455423788603864 8.5
    vertex 4.7623748274811195 2.5455423788603864 4.3
  endloop
endfacet
facet normal -0.8577286100002723 -0.5141027441932212 -2.1562604015668896e-16
  outer loop
    vertex 4.489935906433747 3.0000792583058504 8.499999999999998
    vertex 4.7623748274811195 2.5455423788603864 4.3
    vertex 4.762374827481117 2.5455423788603864 8.5
  endloop
endfacet
facet normal -0.8577286100002723 -0.5141027441932212 -2.1562604015668896e-16
  outer loop
    vertex 4.7623748274811195 2.5455423788603864 4.3
    vertex 4.489935906433747 3.0000792583058504 8.499999999999998
    vertex 4.489935906433747 3.0000792583058504 4.3
  endloop
endfacet
facet normal -0.941544065183022 -0.3368898533922167 -7.706827476107003e-17
  outer loop
    vertex 4.988949475560946 2.066490534771486 8.5
    vertex 5.1674778129539245 1.567537257174099 4.3
    vertex 5.1674778129539245 1.567537257174099 8.5
  endloop
endfacet
facet normal -0.941544065183022 -0.3368898533922167 -7.706827476107003e-17
  outer loop
    vertex 5.1674778129539245 1.567537257174099 4.3
    vertex 4.988949475560946 2.066490534771486 8.5
    vertex 4.98894947556095 2.066490534771486 4.3
  endloop
endfacet
facet normal -0.5141027441932255 0.8577286100002698 -2.796940058399288e-17
  outer loop
    vertex 2.5455423788604032 -4.76237482748111 8.5
    vertex 3.0000792583058673 -4.489935906433734 5.499999999999999
    vertex 2.5455423788604032 -4.76237482748111 5.499999999999999
  endloop
endfacet
facet normal -0.5141027441932255 0.8577286100002698 -2.796940058399288e-17
  outer loop
    vertex 3.0000792583058673 -4.489935906433734 5.499999999999999
    vertex 2.5455423788604032 -4.76237482748111 8.5
    vertex 3.0000792583058673 -4.489935906433734 8.5
  endloop
endfacet
facet normal 0.5141027441932223 -0.8577286100002717 -1.9874304542153976e-17
  outer loop
    vertex -2.545542378860392 4.762374827481117 8.5
    vertex -3.000079258305857 4.489935906433741 5.5
    vertex -2.545542378860392 4.762374827481117 5.5
  endloop
endfacet
facet normal 0.5141027441932223 -0.8577286100002717 -1.9874304542153976e-17
  outer loop
    vertex -3.000079258305857 4.489935906433741 5.5
    vertex -2.545542378860392 4.762374827481117 8.5
    vertex -3.0000792583058558 4.489935906433741 8.5
  endloop
endfacet
facet normal 0.5141027441932197 0.8577286100002733 -2.9977598784633363e-17
  outer loop
    vertex -3.0000792583058433 -4.48993590643375 5.500000000000001
    vertex -2.5455423788603766 -4.762374827481123 8.5
    vertex -2.5455423788603766 -4.762374827481123 5.5
  endloop
endfacet
facet normal 0.5141027441932197 0.8577286100002733 -2.9977598784633363e-17
  outer loop
    vertex -2.5455423788603766 -4.762374827481123 8.5
    vertex -3.0000792583058433 -4.48993590643375 5.500000000000001
    vertex -3.0000792583058433 -4.48993590643375 8.5
  endloop
endfacet
facet normal 0.4275550934302816 0.9039892931234437 2.340361469326672e-16
  outer loop
    vertex -2.5455423788603766 -4.762374827481123 8.5
    vertex -2.066490534771472 -4.988949475560953 5.5
    vertex -2.5455423788603766 -4.762374827481123 5.5
  endloop
endfacet
facet normal 0.4275550934302816 0.9039892931234437 2.340361469326672e-16
  outer loop
    vertex -2.066490534771472 -4.988949475560953 5.5
    vertex -2.5455423788603766 -4.762374827481123 8.5
    vertex -2.0664905347714737 -4.988949475560955 8.5
  endloop
endfacet
facet normal -0.33688985339222366 0.9415440651830195 2.0157687331811805e-17
  outer loop
    vertex 1.5675372571741144 -5.167477812953924 8.5
    vertex 2.0664905347715004 -4.9889494755609425 5.499999999999999
    vertex 1.5675372571741144 -5.167477812953924 5.499999999999999
  endloop
endfacet
facet normal -0.33688985339222366 0.9415440651830195 2.0157687331811805e-17
  outer loop
    vertex 2.0664905347715004 -4.9889494755609425 5.499999999999999
    vertex 1.5675372571741144 -5.167477812953924 8.5
    vertex 2.0664905347715004 -4.9889494755609425 8.5
  endloop
endfacet
facet normal -0.4275550934302841 0.9039892931234425 0.0
  outer loop
    vertex 2.0664905347715004 -4.9889494755609425 8.5
    vertex 2.5455423788604032 -4.76237482748111 5.499999999999999
    vertex 2.0664905347715004 -4.9889494755609425 5.499999999999999
  endloop
endfacet
facet normal -0.4275550934302841 0.9039892931234425 0.0
  outer loop
    vertex 2.5455423788604032 -4.76237482748111 5.499999999999999
    vertex 2.0664905347715004 -4.9889494755609425 8.5
    vertex 2.5455423788604032 -4.76237482748111 8.5
  endloop
endfacet
facet normal -0.5141027441932232 -0.8577286100002711 3.919038921187036e-16
  outer loop
    vertex 3.0000792583058615 4.489935906433739 8.499999999999998
    vertex 2.5455423788603975 4.762374827481111 5.500000000000001
    vertex 3.0000792583058615 4.489935906433739 5.500000000000001
  endloop
endfacet
facet normal -0.5141027441932232 -0.8577286100002711 3.919038921187036e-16
  outer loop
    vertex 2.5455423788603975 4.762374827481111 5.500000000000001
    vertex 3.0000792583058615 4.489935906433739 8.499999999999998
    vertex 2.5455423788603975 4.762374827481113 8.5
  endloop
endfacet
facet normal -0.42755509343028564 -0.9039892931234417 3.1578307570616143e-16
  outer loop
    vertex 2.5455423788603975 4.762374827481111 5.500000000000001
    vertex 2.0664905347714977 4.988949475560943 8.5
    vertex 2.0664905347715004 4.988949475560943 5.5
  endloop
endfacet
facet normal -0.42755509343028564 -0.9039892931234417 3.1578307570616143e-16
  outer loop
    vertex 2.0664905347714977 4.988949475560943 8.5
    vertex 2.5455423788603975 4.762374827481111 5.500000000000001
    vertex 2.5455423788603975 4.762374827481113 8.5
  endloop
endfacet
facet normal -0.33688985339222394 -0.9415440651830195 -5.7603093686742e-17
  outer loop
    vertex 2.0664905347714977 4.988949475560943 8.5
    vertex 1.5675372571741117 5.1674778129539245 5.5
    vertex 2.0664905347715004 4.988949475560943 5.5
  endloop
endfacet
facet normal -0.33688985339222394 -0.9415440651830195 -5.7603093686742e-17
  outer loop
    vertex 1.5675372571741117 5.1674778129539245 5.5
    vertex 2.0664905347714977 4.988949475560943 8.5
    vertex 1.5675372571741117 5.1674778129539245 8.5
  endloop
endfacet
facet normal 0.3368898533922188 -0.9415440651830213 1.430151145133461e-16
  outer loop
    vertex -1.5675372571741004 5.167477812953927 8.5
    vertex -2.0664905347714893 4.988949475560946 5.5
    vertex -1.5675372571741004 5.167477812953927 5.5
  endloop
endfacet
facet normal 0.3368898533922188 -0.9415440651830213 1.430151145133461e-16
  outer loop
    vertex -2.0664905347714893 4.988949475560946 5.5
    vertex -1.5675372571741004 5.167477812953927 8.5
    vertex -2.0664905347714893 4.988949475560946 8.5
  endloop
endfacet
facet normal 0.42755509343028253 -0.9039892931234431 1.3197146811285076e-16
  outer loop
    vertex -2.0664905347714893 4.988949475560946 8.5
    vertex -2.545542378860392 4.762374827481117 5.5
    vertex -2.0664905347714893 4.988949475560946 5.5
  endloop
endfacet
facet normal 0.42755509343028253 -0.9039892931234431 1.3197146811285076e-16
  outer loop
    vertex -2.545542378860392 4.762374827481117 5.5
    vertex -2.0664905347714893 4.988949475560946 8.5
    vertex -2.545542378860392 4.762374827481117 8.5
  endloop
endfacet
facet normal 0.14673047445536308 -0.9891765099647808 0.0
  outer loop
    vertex -0.5292925577796322 5.373997524029864 8.5
    vertex -1.053487738887097 5.296240514177445 5.5
    vertex -0.5292925577796322 5.373997524029864 5.5
  endloop
endfacet
facet normal 0.14673047445536308 -0.9891765099647808 0.0
  outer loop
    vertex -1.053487738887097 5.296240514177445 5.5
    vertex -0.5292925577796322 5.373997524029864 8.5
    vertex -1.053487738887097 5.296240514177445 8.5
  endloop
endfacet
facet normal 0.24298017990326576 -0.9700312531945435 -5.665357248231431e-18
  outer loop
    vertex -1.053487738887097 5.296240514177445 8.5
    vertex -1.5675372571741004 5.167477812953927 5.5
    vertex -1.053487738887097 5.296240514177445 5.5
  endloop
endfacet
facet normal 0.24298017990326576 -0.9700312531945435 -5.665357248231431e-18
  outer loop
    vertex -1.5675372571741004 5.167477812953927 5.5
    vertex -1.053487738887097 5.296240514177445 8.5
    vertex -1.5675372571741004 5.167477812953927 8.5
  endloop
endfacet
facet normal -0.1467304744553666 -0.9891765099647803 -1.0943745306888596e-16
  outer loop
    vertex 1.0534877388871111 5.296240514177442 8.5
    vertex 0.5292925577796463 5.373997524029864 5.5
    vertex 1.0534877388871111 5.296240514177442 5.5
  endloop
endfacet
facet normal -0.1467304744553666 -0.9891765099647803 -1.0943745306888596e-16
  outer loop
    vertex 0.5292925577796463 5.373997524029864 5.5
    vertex 1.0534877388871111 5.296240514177442 8.5
    vertex 0.5292925577796463 5.373997524029861 8.5
  endloop
endfacet
facet normal -0.049067674327418834 -0.9987954562051724 -1.1487983401581313e-16
  outer loop
    vertex 0.5292925577796463 5.373997524029861 8.5
    vertex -4.229949723821846e-15 5.400000000000001 5.5
    vertex 0.5292925577796463 5.373997524029864 5.5
  endloop
endfacet
facet normal -0.049067674327418834 -0.9987954562051724 -1.1487983401581313e-16
  outer loop
    vertex -4.229949723821846e-15 5.400000000000001 5.5
    vertex 0.5292925577796463 5.373997524029861 8.5
    vertex -4.229949723821846e-15 5.400000000000001 8.5
  endloop
endfacet
facet normal -0.14673047445536497 0.9891765099647806 -1.1856061757086957e-16
  outer loop
    vertex 0.5292925577796436 -5.373997524029861 8.5
    vertex 1.0534877388871096 -5.296240514177441 5.5
    vertex 0.5292925577796436 -5.373997524029862 5.5
  endloop
endfacet
facet normal -0.14673047445536497 0.9891765099647806 -1.1856061757086957e-16
  outer loop
    vertex 1.0534877388871096 -5.296240514177441 5.5
    vertex 0.5292925577796436 -5.373997524029861 8.5
    vertex 1.0534877388871096 -5.296240514177441 8.5
  endloop
endfacet
facet normal -0.04906767432742224 0.9987954562051722 -1.1793068262977963e-16
  outer loop
    vertex 1.5509815654013436e-14 -5.4 8.5
    vertex 0.5292925577796436 -5.373997524029862 5.5
    vertex 1.5509815654013436e-14 -5.4 5.5
  endloop
endfacet
facet normal -0.04906767432742224 0.9987954562051722 -1.1793068262977963e-16
  outer loop
    vertex 0.5292925577796436 -5.373997524029862 5.5
    vertex 1.5509815654013436e-14 -5.4 8.5
    vertex 0.5292925577796436 -5.373997524029861 8.5
  endloop
endfacet
facet normal -0.24298017990326604 -0.9700312531945435 0.0
  outer loop
    vertex 1.5675372571741117 5.1674778129539245 8.5
    vertex 1.0534877388871111 5.296240514177442 5.5
    vertex 1.5675372571741117 5.1674778129539245 5.5
  endloop
endfacet
facet normal -0.24298017990326604 -0.9700312531945435 0.0
  outer loop
    vertex 1.0534877388871111 5.296240514177442 5.5
    vertex 1.5675372571741117 5.1674778129539245 8.5
    vertex 1.0534877388871111 5.296240514177442 8.5
  endloop
endfacet
facet normal 0.3368898533922185 0.9415440651830215 3.992032586376409e-16
  outer loop
    vertex -2.0664905347714737 -4.988949475560955 8.5
    vertex -1.5675372571740835 -5.1674778129539325 5.5
    vertex -2.066490534771472 -4.988949475560953 5.5
  endloop
endfacet
facet normal 0.3368898533922185 0.9415440651830215 3.992032586376409e-16
  outer loop
    vertex -1.5675372571740835 -5.1674778129539325 5.5
    vertex -2.0664905347714737 -4.988949475560955 8.5
    vertex -1.5675372571740849 -5.167477812953933 8.5
  endloop
endfacet
facet normal 0.2429801799032598 0.9700312531945452 1.3763307990513853e-16
  outer loop
    vertex -1.5675372571740849 -5.167477812953933 8.5
    vertex -1.0534877388870787 -5.296240514177447 5.5
    vertex -1.5675372571740835 -5.1674778129539325 5.5
  endloop
endfacet
facet normal 0.2429801799032598 0.9700312531945452 1.3763307990513853e-16
  outer loop
    vertex -1.0534877388870787 -5.296240514177447 5.5
    vertex -1.5675372571740849 -5.167477812953933 8.5
    vertex -1.0534877388870787 -5.296240514177447 8.5
  endloop
endfacet
facet normal 0.14673047445536008 0.9891765099647812 0.0
  outer loop
    vertex -1.0534877388870787 -5.296240514177447 8.5
    vertex -0.5292925577796125 -5.373997524029866 5.5
    vertex -1.0534877388870787 -5.296240514177447 5.5
  endloop
endfacet
facet normal 0.14673047445536008 0.9891765099647812 0.0
  outer loop
    vertex -0.5292925577796125 -5.373997524029866 5.5
    vertex -1.0534877388870787 -5.296240514177447 8.5
    vertex -0.5292925577796125 -5.373997524029866 8.5
  endloop
endfacet
facet normal 0.04906767432741496 0.9987954562051726 0.0
  outer loop
    vertex -0.5292925577796125 -5.373997524029866 8.5
    vertex 1.5509815654013436e-14 -5.4 5.5
    vertex -0.5292925577796125 -5.373997524029866 5.5
  endloop
endfacet
facet normal 0.04906767432741496 0.9987954562051726 0.0
  outer loop
    vertex 1.5509815654013436e-14 -5.4 5.5
    vertex -0.5292925577796125 -5.373997524029866 8.5
    vertex 1.5509815654013436e-14 -5.4 8.5
  endloop
endfacet
facet normal 0.04906767432742032 -0.9987954562051724 0.0
  outer loop
    vertex -4.229949723821846e-15 5.400000000000001 8.5
    vertex -0.5292925577796322 5.373997524029864 5.5
    vertex -4.229949723821846e-15 5.400000000000001 5.5
  endloop
endfacet
facet normal 0.04906767432742032 -0.9987954562051724 0.0
  outer loop
    vertex -0.5292925577796322 5.373997524029864 5.5
    vertex -4.229949723821846e-15 5.400000000000001 8.5
    vertex -0.5292925577796322 5.373997524029864 8.5
  endloop
endfacet
facet normal -0.2429801799032654 0.9700312531945438 -1.895794923240828e-18
  outer loop
    vertex 1.0534877388871096 -5.296240514177441 5.5
    vertex 1.5675372571741144 -5.167477812953924 8.5
    vertex 1.5675372571741144 -5.167477812953924 5.499999999999999
  endloop
endfacet
facet normal -0.2429801799032654 0.9700312531945438 -1.895794923240828e-18
  outer loop
    vertex 1.5675372571741144 -5.167477812953924 8.5
    vertex 1.0534877388871096 -5.296240514177441 5.5
    vertex 1.0534877388871096 -5.296240514177441 8.5
  endloop
endfacet
endsolid PushPullBlackSelector
